child_key	parent_key	initial_descent_tiers	parent_link_position	child_link_position	parent_link_position_offset	child_link_position_offset	link_type
#character_skill_node_links_tables;3;db/character_skill_node_links_tables/skill_set_jan							
3k_main_skillset_song_jian_minister_metal_2A_historical	3k_main_skillset_song_jian_minister_metal_0A	0	1	3	0.0000	0.0000	SUBSET_REQUIRED
3k_main_skillset_song_jian_minister_metal_2A_romance	3k_main_skillset_song_jian_minister_metal_0A	0	1	3	0.0000	0.0000	SUBSET_REQUIRED
3k_main_skillset_song_jian_minister_metal_0A	3k_main_skillset_song_jian_minister_metal_0B	0	4	2	0.0000	0.0000	SUBSET_REQUIRED
3k_main_skillset_song_jian_minister_metal_2B	3k_main_skillset_song_jian_minister_metal_0B	0	1	3	0.0000	0.0000	SUBSET_REQUIRED
3k_main_skillset_song_jian_minister_metal_0B	3k_main_skillset_song_jian_minister_metal_0C	0	4	2	0.0000	0.0000	SUBSET_REQUIRED
3k_main_skillset_song_jian_minister_metal_0D	3k_main_skillset_song_jian_minister_metal_0C	0	2	4	0.0000	0.0000	SUBSET_REQUIRED
3k_main_skillset_song_jian_minister_metal_0E	3k_main_skillset_song_jian_minister_metal_0D	0	2	4	0.0000	0.0000	SUBSET_REQUIRED
3k_main_skillset_song_jian_minister_metal_2D	3k_main_skillset_song_jian_minister_metal_0D	0	1	3	0.0000	0.0000	SUBSET_REQUIRED
3k_main_skillset_song_jian_minister_metal_2E_historical	3k_main_skillset_song_jian_minister_metal_0E	0	1	3	0.0000	0.0000	SUBSET_REQUIRED
3k_main_skillset_song_jian_minister_metal_2E_romance	3k_main_skillset_song_jian_minister_metal_0E	0	1	3	0.0000	0.0000	SUBSET_REQUIRED
3k_main_skillset_song_jian_minister_metal_2A_historical	3k_main_skillset_song_jian_minister_metal_1A	0	3	1	0.0000	0.0000	SUBSET_REQUIRED
3k_main_skillset_song_jian_minister_metal_2A_romance	3k_main_skillset_song_jian_minister_metal_1A	0	3	1	0.0000	0.0000	SUBSET_REQUIRED
3k_main_skillset_song_jian_minister_metal_1A	3k_main_skillset_song_jian_minister_metal_1B	0	4	2	0.0000	0.0000	SUBSET_REQUIRED
3k_main_skillset_song_jian_minister_metal_2B	3k_main_skillset_song_jian_minister_metal_1B	0	3	1	0.0000	0.0000	SUBSET_REQUIRED
3k_main_skillset_song_jian_minister_metal_1B	3k_main_skillset_song_jian_minister_metal_1C	0	4	2	0.0000	0.0000	SUBSET_REQUIRED
3k_main_skillset_song_jian_minister_metal_1D	3k_main_skillset_song_jian_minister_metal_1C	0	2	4	0.0000	0.0000	SUBSET_REQUIRED
3k_main_skillset_song_jian_minister_metal_2C_historical	3k_main_skillset_song_jian_minister_metal_1C	0	3	1	0.0000	0.0000	SUBSET_REQUIRED
3k_main_skillset_song_jian_minister_metal_2C_romance	3k_main_skillset_song_jian_minister_metal_1C	0	3	1	0.0000	0.0000	SUBSET_REQUIRED
3k_main_skillset_song_jian_minister_metal_1E	3k_main_skillset_song_jian_minister_metal_1D	0	2	4	0.0000	0.0000	SUBSET_REQUIRED
3k_main_skillset_song_jian_minister_metal_2D	3k_main_skillset_song_jian_minister_metal_1D	0	3	1	0.0000	0.0000	SUBSET_REQUIRED
3k_main_skillset_song_jian_minister_metal_2E_historical	3k_main_skillset_song_jian_minister_metal_1E	0	3	1	0.0000	0.0000	SUBSET_REQUIRED
3k_main_skillset_song_jian_minister_metal_2E_romance	3k_main_skillset_song_jian_minister_metal_1E	0	3	1	0.0000	0.0000	SUBSET_REQUIRED
3k_main_skillset_song_jian_minister_metal_0C	3k_main_skillset_song_jian_minister_metal_2C_historical	0	3	1	0.0000	0.0000	SUBSET_REQUIRED
3k_main_skillset_song_jian_minister_metal_0C	3k_main_skillset_song_jian_minister_metal_2C_romance	0	3	1	0.0000	0.0000	SUBSET_REQUIRED
3k_main_skillset_man_chong_governor_fire_0B	3k_main_skillset_man_chong_governor_fire_0A	0	2	4	0.0000	0.0000	SUBSET_REQUIRED
3k_main_skillset_man_chong_governor_fire_2A_historical	3k_main_skillset_man_chong_governor_fire_0A	0	1	3	0.0000	0.0000	SUBSET_REQUIRED
3k_main_skillset_man_chong_governor_fire_2A_romance	3k_main_skillset_man_chong_governor_fire_0A	0	1	3	0.0000	0.0000	SUBSET_REQUIRED
3k_main_skillset_man_chong_governor_fire_0C	3k_main_skillset_man_chong_governor_fire_0B	0	2	4	0.0000	0.0000	SUBSET_REQUIRED
3k_main_skillset_man_chong_governor_fire_2B	3k_main_skillset_man_chong_governor_fire_0B	0	1	3	0.0000	0.0000	SUBSET_REQUIRED
3k_main_skillset_man_chong_governor_fire_0D	3k_main_skillset_man_chong_governor_fire_0C	0	2	4	0.0000	0.0000	SUBSET_REQUIRED
3k_main_skillset_man_chong_governor_fire_2C_historical	3k_main_skillset_man_chong_governor_fire_0C	0	1	3	0.0000	0.0000	SUBSET_REQUIRED
3k_main_skillset_man_chong_governor_fire_2C_romance	3k_main_skillset_man_chong_governor_fire_0C	0	1	3	0.0000	0.0000	SUBSET_REQUIRED
3k_main_skillset_man_chong_governor_fire_0E	3k_main_skillset_man_chong_governor_fire_0D	0	2	4	0.0000	0.0000	SUBSET_REQUIRED
3k_main_skillset_man_chong_governor_fire_2D	3k_main_skillset_man_chong_governor_fire_0D	0	1	3	0.0000	0.0000	SUBSET_REQUIRED
3k_main_skillset_man_chong_governor_fire_2E_historical	3k_main_skillset_man_chong_governor_fire_0E	0	1	3	0.0000	0.0000	SUBSET_REQUIRED
3k_main_skillset_man_chong_governor_fire_2E_romance	3k_main_skillset_man_chong_governor_fire_0E	0	1	3	0.0000	0.0000	SUBSET_REQUIRED
3k_main_skillset_man_chong_governor_fire_1B	3k_main_skillset_man_chong_governor_fire_1A	0	2	4	0.0000	0.0000	SUBSET_REQUIRED
3k_main_skillset_man_chong_governor_fire_1C	3k_main_skillset_man_chong_governor_fire_1B	0	2	4	0.0000	0.0000	SUBSET_REQUIRED
3k_main_skillset_man_chong_governor_fire_2B	3k_main_skillset_man_chong_governor_fire_1B	0	3	1	0.0000	0.0000	SUBSET_REQUIRED
3k_main_skillset_man_chong_governor_fire_1D	3k_main_skillset_man_chong_governor_fire_1C	0	2	4	0.0000	0.0000	SUBSET_REQUIRED
3k_main_skillset_man_chong_governor_fire_2C_historical	3k_main_skillset_man_chong_governor_fire_1C	0	3	1	0.0000	0.0000	SUBSET_REQUIRED
3k_main_skillset_man_chong_governor_fire_2C_romance	3k_main_skillset_man_chong_governor_fire_1C	0	3	1	0.0000	0.0000	SUBSET_REQUIRED
3k_main_skillset_man_chong_governor_fire_1E	3k_main_skillset_man_chong_governor_fire_1D	0	2	4	0.0000	0.0000	SUBSET_REQUIRED
3k_main_skillset_man_chong_governor_fire_2D	3k_main_skillset_man_chong_governor_fire_1D	0	3	1	0.0000	0.0000	SUBSET_REQUIRED
3k_main_skillset_man_chong_governor_fire_2E_historical	3k_main_skillset_man_chong_governor_fire_1E	0	3	1	0.0000	0.0000	SUBSET_REQUIRED
3k_main_skillset_man_chong_governor_fire_2E_romance	3k_main_skillset_man_chong_governor_fire_1E	0	3	1	0.0000	0.0000	SUBSET_REQUIRED
3k_main_skillset_man_chong_governor_fire_1A	3k_main_skillset_man_chong_governor_fire_2A_historical	0	1	3	0.0000	0.0000	SUBSET_REQUIRED
3k_main_skillset_man_chong_governor_fire_1A	3k_main_skillset_man_chong_governor_fire_2A_romance	0	1	3	0.0000	0.0000	SUBSET_REQUIRED
3k_main_skillset_bu_lianshi_envoy_water_strategist_0B	3k_main_skillset_bu_lianshi_envoy_water_strategist_0A	0	2	4	0.0000	0.0000	SUBSET_REQUIRED
3k_main_skillset_bu_lianshi_envoy_water_strategist_0C	3k_main_skillset_bu_lianshi_envoy_water_strategist_0B	0	2	4	0.0000	0.0000	SUBSET_REQUIRED
3k_main_skillset_bu_lianshi_envoy_water_strategist_2B	3k_main_skillset_bu_lianshi_envoy_water_strategist_0B	0	1	3	0.0000	0.0000	SUBSET_REQUIRED
3k_main_skillset_bu_lianshi_envoy_water_strategist_0D	3k_main_skillset_bu_lianshi_envoy_water_strategist_0C	0	2	4	0.0000	0.0000	SUBSET_REQUIRED
3k_main_skillset_bu_lianshi_envoy_water_strategist_2C_historical	3k_main_skillset_bu_lianshi_envoy_water_strategist_0C	0	1	3	0.0000	0.0000	SUBSET_REQUIRED
3k_main_skillset_bu_lianshi_envoy_water_strategist_2C_romance	3k_main_skillset_bu_lianshi_envoy_water_strategist_0C	0	1	3	0.0000	0.0000	SUBSET_REQUIRED
3k_main_skillset_bu_lianshi_envoy_water_strategist_0E	3k_main_skillset_bu_lianshi_envoy_water_strategist_0D	0	2	4	0.0000	0.0000	SUBSET_REQUIRED
3k_main_skillset_bu_lianshi_envoy_water_strategist_2D	3k_main_skillset_bu_lianshi_envoy_water_strategist_0D	0	1	3	0.0000	0.0000	SUBSET_REQUIRED
3k_main_skillset_bu_lianshi_envoy_water_strategist_2E_historical	3k_main_skillset_bu_lianshi_envoy_water_strategist_0E	0	1	3	0.0000	0.0000	SUBSET_REQUIRED
3k_main_skillset_bu_lianshi_envoy_water_strategist_2E_romance	3k_main_skillset_bu_lianshi_envoy_water_strategist_0E	0	1	3	0.0000	0.0000	SUBSET_REQUIRED
3k_main_skillset_bu_lianshi_envoy_water_strategist_1B	3k_main_skillset_bu_lianshi_envoy_water_strategist_1A	0	2	4	0.0000	0.0000	SUBSET_REQUIRED
3k_main_skillset_bu_lianshi_envoy_water_strategist_2A_historical	3k_main_skillset_bu_lianshi_envoy_water_strategist_1A	0	3	1	0.0000	0.0000	SUBSET_REQUIRED
3k_main_skillset_bu_lianshi_envoy_water_strategist_2A_romance	3k_main_skillset_bu_lianshi_envoy_water_strategist_1A	0	3	1	0.0000	0.0000	SUBSET_REQUIRED
3k_main_skillset_bu_lianshi_envoy_water_strategist_1C	3k_main_skillset_bu_lianshi_envoy_water_strategist_1B	0	2	4	0.0000	0.0000	SUBSET_REQUIRED
3k_main_skillset_bu_lianshi_envoy_water_strategist_2B	3k_main_skillset_bu_lianshi_envoy_water_strategist_1B	0	3	1	0.0000	0.0000	SUBSET_REQUIRED
3k_main_skillset_bu_lianshi_envoy_water_strategist_1D	3k_main_skillset_bu_lianshi_envoy_water_strategist_1C	0	2	4	0.0000	0.0000	SUBSET_REQUIRED
3k_main_skillset_bu_lianshi_envoy_water_strategist_2C_historical	3k_main_skillset_bu_lianshi_envoy_water_strategist_1C	0	3	1	0.0000	0.0000	SUBSET_REQUIRED
3k_main_skillset_bu_lianshi_envoy_water_strategist_2C_romance	3k_main_skillset_bu_lianshi_envoy_water_strategist_1C	0	3	1	0.0000	0.0000	SUBSET_REQUIRED
3k_main_skillset_bu_lianshi_envoy_water_strategist_1E	3k_main_skillset_bu_lianshi_envoy_water_strategist_1D	0	2	4	0.0000	0.0000	SUBSET_REQUIRED
3k_main_skillset_bu_lianshi_envoy_water_strategist_2D	3k_main_skillset_bu_lianshi_envoy_water_strategist_1D	0	3	1	0.0000	0.0000	SUBSET_REQUIRED
3k_main_skillset_bu_lianshi_envoy_water_strategist_2E_historical	3k_main_skillset_bu_lianshi_envoy_water_strategist_1E	0	3	1	0.0000	0.0000	SUBSET_REQUIRED
3k_main_skillset_bu_lianshi_envoy_water_strategist_2E_romance	3k_main_skillset_bu_lianshi_envoy_water_strategist_1E	0	3	1	0.0000	0.0000	SUBSET_REQUIRED
3k_main_skillset_bu_lianshi_envoy_water_strategist_0A	3k_main_skillset_bu_lianshi_envoy_water_strategist_2A_historical	0	3	1	0.0000	0.0000	SUBSET_REQUIRED
3k_main_skillset_bu_lianshi_envoy_water_strategist_0A	3k_main_skillset_bu_lianshi_envoy_water_strategist_2A_romance	0	3	1	0.0000	0.0000	SUBSET_REQUIRED
3k_main_skillset_cao_biao_agent_earth_2A_historical	3k_main_skillset_cao_biao_agent_earth_0A	0	1	3	0.0000	0.0000	SUBSET_REQUIRED
3k_main_skillset_cao_biao_agent_earth_2A_romance	3k_main_skillset_cao_biao_agent_earth_0A	0	1	3	0.0000	0.0000	SUBSET_REQUIRED
3k_main_skillset_cao_biao_agent_earth_0A	3k_main_skillset_cao_biao_agent_earth_0B	0	4	2	0.0000	0.0000	SUBSET_REQUIRED
3k_main_skillset_cao_biao_agent_earth_2B	3k_main_skillset_cao_biao_agent_earth_0B	0	1	3	0.0000	0.0000	SUBSET_REQUIRED
3k_main_skillset_cao_biao_agent_earth_0B	3k_main_skillset_cao_biao_agent_earth_0C	0	4	2	0.0000	0.0000	SUBSET_REQUIRED
3k_main_skillset_cao_biao_agent_earth_2C_historical	3k_main_skillset_cao_biao_agent_earth_0C	0	1	3	0.0000	0.0000	SUBSET_REQUIRED
3k_main_skillset_cao_biao_agent_earth_2C_romance	3k_main_skillset_cao_biao_agent_earth_0C	0	1	3	0.0000	0.0000	SUBSET_REQUIRED
3k_main_skillset_cao_biao_agent_earth_0C	3k_main_skillset_cao_biao_agent_earth_0D	0	4	2	0.0000	0.0000	SUBSET_REQUIRED
3k_main_skillset_cao_biao_agent_earth_2D	3k_main_skillset_cao_biao_agent_earth_0D	0	1	3	0.0000	0.0000	SUBSET_REQUIRED
3k_main_skillset_cao_biao_agent_earth_0D	3k_main_skillset_cao_biao_agent_earth_0E	0	4	2	0.0000	0.0000	SUBSET_REQUIRED
3k_main_skillset_cao_biao_agent_earth_2E_historical	3k_main_skillset_cao_biao_agent_earth_0E	0	1	3	0.0000	0.0000	SUBSET_REQUIRED
3k_main_skillset_cao_biao_agent_earth_2E_romance	3k_main_skillset_cao_biao_agent_earth_0E	0	1	3	0.0000	0.0000	SUBSET_REQUIRED
3k_main_skillset_cao_biao_agent_earth_2A_historical	3k_main_skillset_cao_biao_agent_earth_1A	0	3	1	0.0000	0.0000	SUBSET_REQUIRED
3k_main_skillset_cao_biao_agent_earth_2A_romance	3k_main_skillset_cao_biao_agent_earth_1A	0	3	1	0.0000	0.0000	SUBSET_REQUIRED
3k_main_skillset_cao_biao_agent_earth_1A	3k_main_skillset_cao_biao_agent_earth_1B	0	4	2	0.0000	0.0000	SUBSET_REQUIRED
3k_main_skillset_cao_biao_agent_earth_2B	3k_main_skillset_cao_biao_agent_earth_1B	0	3	1	0.0000	0.0000	SUBSET_REQUIRED
3k_main_skillset_cao_biao_agent_earth_1B	3k_main_skillset_cao_biao_agent_earth_1C	0	4	2	0.0000	0.0000	SUBSET_REQUIRED
3k_main_skillset_cao_biao_agent_earth_2C_historical	3k_main_skillset_cao_biao_agent_earth_1C	0	3	1	0.0000	0.0000	SUBSET_REQUIRED
3k_main_skillset_cao_biao_agent_earth_2C_romance	3k_main_skillset_cao_biao_agent_earth_1C	0	3	1	0.0000	0.0000	SUBSET_REQUIRED
3k_main_skillset_cao_biao_agent_earth_1C	3k_main_skillset_cao_biao_agent_earth_1D	0	4	2	0.0000	0.0000	SUBSET_REQUIRED
3k_main_skillset_cao_biao_agent_earth_2D	3k_main_skillset_cao_biao_agent_earth_1D	0	3	1	0.0000	0.0000	SUBSET_REQUIRED
3k_main_skillset_cao_biao_agent_earth_1D	3k_main_skillset_cao_biao_agent_earth_1E	0	4	2	0.0000	0.0000	SUBSET_REQUIRED
3k_main_skillset_cao_biao_agent_earth_1E	3k_main_skillset_cao_biao_agent_earth_2E_historical	0	1	3	0.0000	0.0000	SUBSET_REQUIRED
3k_main_skillset_cao_biao_agent_earth_1E	3k_main_skillset_cao_biao_agent_earth_2E_romance	0	1	3	0.0000	0.0000	SUBSET_REQUIRED
3k_main_skillset_cao_pi_minister_earth_0B	3k_main_skillset_cao_pi_minister_earth_0A	0	2	4	0.0000	0.0000	SUBSET_REQUIRED
3k_main_skillset_cao_pi_minister_earth_2A_historical	3k_main_skillset_cao_pi_minister_earth_0A	0	1	3	0.0000	0.0000	SUBSET_REQUIRED
3k_main_skillset_cao_pi_minister_earth_2A_romance	3k_main_skillset_cao_pi_minister_earth_0A	0	1	3	0.0000	0.0000	SUBSET_REQUIRED
3k_main_skillset_cao_pi_minister_earth_0C	3k_main_skillset_cao_pi_minister_earth_0B	0	2	4	0.0000	0.0000	SUBSET_REQUIRED
3k_main_skillset_cao_pi_minister_earth_2B	3k_main_skillset_cao_pi_minister_earth_0B	0	1	3	0.0000	0.0000	SUBSET_REQUIRED
3k_main_skillset_cao_pi_minister_earth_0D	3k_main_skillset_cao_pi_minister_earth_0C	0	2	4	0.0000	0.0000	SUBSET_REQUIRED
3k_main_skillset_cao_pi_minister_earth_2C_historical	3k_main_skillset_cao_pi_minister_earth_0C	0	1	3	0.0000	0.0000	SUBSET_REQUIRED
3k_main_skillset_cao_pi_minister_earth_2C_romance	3k_main_skillset_cao_pi_minister_earth_0C	0	1	3	0.0000	0.0000	SUBSET_REQUIRED
3k_main_skillset_cao_pi_minister_earth_0E	3k_main_skillset_cao_pi_minister_earth_0D	0	2	4	0.0000	0.0000	SUBSET_REQUIRED
3k_main_skillset_cao_pi_minister_earth_2D	3k_main_skillset_cao_pi_minister_earth_0D	0	1	3	0.0000	0.0000	SUBSET_REQUIRED
3k_main_skillset_cao_pi_minister_earth_2E_historical	3k_main_skillset_cao_pi_minister_earth_0E	0	1	3	0.0000	0.0000	SUBSET_REQUIRED
3k_main_skillset_cao_pi_minister_earth_2E_romance	3k_main_skillset_cao_pi_minister_earth_0E	0	1	3	0.0000	0.0000	SUBSET_REQUIRED
3k_main_skillset_cao_pi_minister_earth_1B	3k_main_skillset_cao_pi_minister_earth_1A	0	2	4	0.0000	0.0000	SUBSET_REQUIRED
3k_main_skillset_cao_pi_minister_earth_1C	3k_main_skillset_cao_pi_minister_earth_1B	0	2	4	0.0000	0.0000	SUBSET_REQUIRED
3k_main_skillset_cao_pi_minister_earth_2B	3k_main_skillset_cao_pi_minister_earth_1B	0	3	1	0.0000	0.0000	SUBSET_REQUIRED
3k_main_skillset_cao_pi_minister_earth_1D	3k_main_skillset_cao_pi_minister_earth_1C	0	2	4	0.0000	0.0000	SUBSET_REQUIRED
3k_main_skillset_cao_pi_minister_earth_2C_historical	3k_main_skillset_cao_pi_minister_earth_1C	0	3	1	0.0000	0.0000	SUBSET_REQUIRED
3k_main_skillset_cao_pi_minister_earth_2C_romance	3k_main_skillset_cao_pi_minister_earth_1C	0	3	1	0.0000	0.0000	SUBSET_REQUIRED
3k_main_skillset_cao_pi_minister_earth_1E	3k_main_skillset_cao_pi_minister_earth_1D	0	2	4	0.0000	0.0000	SUBSET_REQUIRED
3k_main_skillset_cao_pi_minister_earth_2D	3k_main_skillset_cao_pi_minister_earth_1D	0	3	1	0.0000	0.0000	SUBSET_REQUIRED
3k_main_skillset_cao_pi_minister_earth_2E_historical	3k_main_skillset_cao_pi_minister_earth_1E	0	3	1	0.0000	0.0000	SUBSET_REQUIRED
3k_main_skillset_cao_pi_minister_earth_2E_romance	3k_main_skillset_cao_pi_minister_earth_1E	0	3	1	0.0000	0.0000	SUBSET_REQUIRED
3k_main_skillset_cao_pi_minister_earth_1A	3k_main_skillset_cao_pi_minister_earth_2A_historical	0	1	3	0.0000	0.0000	SUBSET_REQUIRED
3k_main_skillset_cao_pi_minister_earth_1A	3k_main_skillset_cao_pi_minister_earth_2A_romance	0	1	3	0.0000	0.0000	SUBSET_REQUIRED
3k_main_skillset_cao_rui_minister_earth_0B	3k_main_skillset_cao_rui_minister_earth_0A	0	2	4	0.0000	0.0000	SUBSET_REQUIRED
3k_main_skillset_cao_rui_minister_earth_2A_historical	3k_main_skillset_cao_rui_minister_earth_0A	0	1	3	0.0000	0.0000	SUBSET_REQUIRED
3k_main_skillset_cao_rui_minister_earth_2A_romance	3k_main_skillset_cao_rui_minister_earth_0A	0	1	3	0.0000	0.0000	SUBSET_REQUIRED
3k_main_skillset_cao_rui_minister_earth_0C	3k_main_skillset_cao_rui_minister_earth_0B	0	2	4	0.0000	0.0000	SUBSET_REQUIRED
3k_main_skillset_cao_rui_minister_earth_2B	3k_main_skillset_cao_rui_minister_earth_0B	0	1	3	0.0000	0.0000	SUBSET_REQUIRED
3k_main_skillset_cao_rui_minister_earth_0D	3k_main_skillset_cao_rui_minister_earth_0C	0	2	4	0.0000	0.0000	SUBSET_REQUIRED
3k_main_skillset_cao_rui_minister_earth_2C_historical	3k_main_skillset_cao_rui_minister_earth_0C	0	1	3	0.0000	0.0000	SUBSET_REQUIRED
3k_main_skillset_cao_rui_minister_earth_2C_romance	3k_main_skillset_cao_rui_minister_earth_0C	0	1	3	0.0000	0.0000	SUBSET_REQUIRED
3k_main_skillset_cao_rui_minister_earth_0E	3k_main_skillset_cao_rui_minister_earth_0D	0	2	4	0.0000	0.0000	SUBSET_REQUIRED
3k_main_skillset_cao_rui_minister_earth_2D	3k_main_skillset_cao_rui_minister_earth_0D	0	1	3	0.0000	0.0000	SUBSET_REQUIRED
3k_main_skillset_cao_rui_minister_earth_2E_historical	3k_main_skillset_cao_rui_minister_earth_0E	0	1	3	0.0000	0.0000	SUBSET_REQUIRED
3k_main_skillset_cao_rui_minister_earth_2E_romance	3k_main_skillset_cao_rui_minister_earth_0E	0	1	3	0.0000	0.0000	SUBSET_REQUIRED
3k_main_skillset_cao_rui_minister_earth_1B	3k_main_skillset_cao_rui_minister_earth_1A	0	2	4	0.0000	0.0000	SUBSET_REQUIRED
3k_main_skillset_cao_rui_minister_earth_1C	3k_main_skillset_cao_rui_minister_earth_1B	0	2	4	0.0000	0.0000	SUBSET_REQUIRED
3k_main_skillset_cao_rui_minister_earth_2B	3k_main_skillset_cao_rui_minister_earth_1B	0	3	1	0.0000	0.0000	SUBSET_REQUIRED
3k_main_skillset_cao_rui_minister_earth_1D	3k_main_skillset_cao_rui_minister_earth_1C	0	2	4	0.0000	0.0000	SUBSET_REQUIRED
3k_main_skillset_cao_rui_minister_earth_2C_historical	3k_main_skillset_cao_rui_minister_earth_1C	0	3	1	0.0000	0.0000	SUBSET_REQUIRED
3k_main_skillset_cao_rui_minister_earth_2C_romance	3k_main_skillset_cao_rui_minister_earth_1C	0	3	1	0.0000	0.0000	SUBSET_REQUIRED
3k_main_skillset_cao_rui_minister_earth_1E	3k_main_skillset_cao_rui_minister_earth_1D	0	2	4	0.0000	0.0000	SUBSET_REQUIRED
3k_main_skillset_cao_rui_minister_earth_2D	3k_main_skillset_cao_rui_minister_earth_1D	0	3	1	0.0000	0.0000	SUBSET_REQUIRED
3k_main_skillset_cao_rui_minister_earth_2E_historical	3k_main_skillset_cao_rui_minister_earth_1E	0	3	1	0.0000	0.0000	SUBSET_REQUIRED
3k_main_skillset_cao_rui_minister_earth_2E_romance	3k_main_skillset_cao_rui_minister_earth_1E	0	3	1	0.0000	0.0000	SUBSET_REQUIRED
3k_main_skillset_cao_rui_minister_earth_1A	3k_main_skillset_cao_rui_minister_earth_2A_historical	0	1	3	0.0000	0.0000	SUBSET_REQUIRED
3k_main_skillset_cao_rui_minister_earth_1A	3k_main_skillset_cao_rui_minister_earth_2A_romance	0	1	3	0.0000	0.0000	SUBSET_REQUIRED
3k_main_skillset_cao_xiu_general_fire_2A_historical	3k_main_skillset_cao_xiu_general_fire_0A	0	1	3	0.0000	0.0000	SUBSET_REQUIRED
3k_main_skillset_cao_xiu_general_fire_2A_romance	3k_main_skillset_cao_xiu_general_fire_0A	0	1	3	0.0000	0.0000	SUBSET_REQUIRED
3k_main_skillset_cao_xiu_general_fire_0A	3k_main_skillset_cao_xiu_general_fire_0B	0	4	2	0.0000	0.0000	SUBSET_REQUIRED
3k_main_skillset_cao_xiu_general_fire_2B	3k_main_skillset_cao_xiu_general_fire_0B	0	1	3	0.0000	0.0000	SUBSET_REQUIRED
3k_main_skillset_cao_xiu_general_fire_0B	3k_main_skillset_cao_xiu_general_fire_0C	0	4	2	0.0000	0.0000	SUBSET_REQUIRED
3k_main_skillset_cao_xiu_general_fire_2C_historical	3k_main_skillset_cao_xiu_general_fire_0C	0	1	3	0.0000	0.0000	SUBSET_REQUIRED
3k_main_skillset_cao_xiu_general_fire_2C_romance	3k_main_skillset_cao_xiu_general_fire_0C	0	1	3	0.0000	0.0000	SUBSET_REQUIRED
3k_main_skillset_cao_xiu_general_fire_0C	3k_main_skillset_cao_xiu_general_fire_0D	0	4	2	0.0000	0.0000	SUBSET_REQUIRED
3k_main_skillset_cao_xiu_general_fire_2D	3k_main_skillset_cao_xiu_general_fire_0D	0	1	3	0.0000	0.0000	SUBSET_REQUIRED
3k_main_skillset_cao_xiu_general_fire_0D	3k_main_skillset_cao_xiu_general_fire_0E	0	4	2	0.0000	0.0000	SUBSET_REQUIRED
3k_main_skillset_cao_xiu_general_fire_2A_historical	3k_main_skillset_cao_xiu_general_fire_1A	0	3	1	0.0000	0.0000	SUBSET_REQUIRED
3k_main_skillset_cao_xiu_general_fire_2A_romance	3k_main_skillset_cao_xiu_general_fire_1A	0	3	1	0.0000	0.0000	SUBSET_REQUIRED
3k_main_skillset_cao_xiu_general_fire_1A	3k_main_skillset_cao_xiu_general_fire_1B	0	4	2	0.0000	0.0000	SUBSET_REQUIRED
3k_main_skillset_cao_xiu_general_fire_2B	3k_main_skillset_cao_xiu_general_fire_1B	0	3	1	0.0000	0.0000	SUBSET_REQUIRED
3k_main_skillset_cao_xiu_general_fire_1B	3k_main_skillset_cao_xiu_general_fire_1C	0	4	2	0.0000	0.0000	SUBSET_REQUIRED
3k_main_skillset_cao_xiu_general_fire_2C_historical	3k_main_skillset_cao_xiu_general_fire_1C	0	3	1	0.0000	0.0000	SUBSET_REQUIRED
3k_main_skillset_cao_xiu_general_fire_2C_romance	3k_main_skillset_cao_xiu_general_fire_1C	0	3	1	0.0000	0.0000	SUBSET_REQUIRED
3k_main_skillset_cao_xiu_general_fire_1C	3k_main_skillset_cao_xiu_general_fire_1D	0	4	2	0.0000	0.0000	SUBSET_REQUIRED
3k_main_skillset_cao_xiu_general_fire_2D	3k_main_skillset_cao_xiu_general_fire_1D	0	3	1	0.0000	0.0000	SUBSET_REQUIRED
3k_main_skillset_cao_xiu_general_fire_1D	3k_main_skillset_cao_xiu_general_fire_1E	0	4	2	0.0000	0.0000	SUBSET_REQUIRED
3k_main_skillset_cao_xiu_general_fire_2E_historical	3k_main_skillset_cao_xiu_general_fire_1E	0	3	1	0.0000	0.0000	SUBSET_REQUIRED
3k_main_skillset_cao_xiu_general_fire_2E_romance	3k_main_skillset_cao_xiu_general_fire_1E	0	3	1	0.0000	0.0000	SUBSET_REQUIRED
3k_main_skillset_cao_xiu_general_fire_0E	3k_main_skillset_cao_xiu_general_fire_2E_historical	0	3	1	0.0000	0.0000	SUBSET_REQUIRED
3k_main_skillset_cao_xiu_general_fire_0E	3k_main_skillset_cao_xiu_general_fire_2E_romance	0	3	1	0.0000	0.0000	SUBSET_REQUIRED
3k_main_skillset_cao_zhi_minister_water_strategist_2A_historical	3k_main_skillset_cao_zhi_minister_water_strategist_0A	0	1	3	0.0000	0.0000	SUBSET_REQUIRED
3k_main_skillset_cao_zhi_minister_water_strategist_2A_romance	3k_main_skillset_cao_zhi_minister_water_strategist_0A	0	1	3	0.0000	0.0000	SUBSET_REQUIRED
3k_main_skillset_cao_zhi_minister_water_strategist_0A	3k_main_skillset_cao_zhi_minister_water_strategist_0B	0	4	2	0.0000	0.0000	SUBSET_REQUIRED
3k_main_skillset_cao_zhi_minister_water_strategist_2B	3k_main_skillset_cao_zhi_minister_water_strategist_0B	0	1	3	0.0000	0.0000	SUBSET_REQUIRED
3k_main_skillset_cao_zhi_minister_water_strategist_0B	3k_main_skillset_cao_zhi_minister_water_strategist_0C	0	4	2	0.0000	0.0000	SUBSET_REQUIRED
3k_main_skillset_cao_zhi_minister_water_strategist_0D	3k_main_skillset_cao_zhi_minister_water_strategist_0C	0	2	4	0.0000	0.0000	SUBSET_REQUIRED
3k_main_skillset_cao_zhi_minister_water_strategist_2C_historical	3k_main_skillset_cao_zhi_minister_water_strategist_0C	0	1	3	0.0000	0.0000	SUBSET_REQUIRED
3k_main_skillset_cao_zhi_minister_water_strategist_2C_romance	3k_main_skillset_cao_zhi_minister_water_strategist_0C	0	1	3	0.0000	0.0000	SUBSET_REQUIRED
3k_main_skillset_cao_zhi_minister_water_strategist_0E	3k_main_skillset_cao_zhi_minister_water_strategist_0D	0	2	4	0.0000	0.0000	SUBSET_REQUIRED
3k_main_skillset_cao_zhi_minister_water_strategist_2D	3k_main_skillset_cao_zhi_minister_water_strategist_0D	0	1	3	0.0000	0.0000	SUBSET_REQUIRED
3k_main_skillset_cao_zhi_minister_water_strategist_2E_historical	3k_main_skillset_cao_zhi_minister_water_strategist_0E	0	1	3	0.0000	0.0000	SUBSET_REQUIRED
3k_main_skillset_cao_zhi_minister_water_strategist_2E_romance	3k_main_skillset_cao_zhi_minister_water_strategist_0E	0	1	3	0.0000	0.0000	SUBSET_REQUIRED
3k_main_skillset_cao_zhi_minister_water_strategist_2A_historical	3k_main_skillset_cao_zhi_minister_water_strategist_1A	0	3	1	0.0000	0.0000	SUBSET_REQUIRED
3k_main_skillset_cao_zhi_minister_water_strategist_2A_romance	3k_main_skillset_cao_zhi_minister_water_strategist_1A	0	3	1	0.0000	0.0000	SUBSET_REQUIRED
3k_main_skillset_cao_zhi_minister_water_strategist_1A	3k_main_skillset_cao_zhi_minister_water_strategist_1B	0	4	2	0.0000	0.0000	SUBSET_REQUIRED
3k_main_skillset_cao_zhi_minister_water_strategist_2B	3k_main_skillset_cao_zhi_minister_water_strategist_1B	0	3	1	0.0000	0.0000	SUBSET_REQUIRED
3k_main_skillset_cao_zhi_minister_water_strategist_1B	3k_main_skillset_cao_zhi_minister_water_strategist_1C	0	4	2	0.0000	0.0000	SUBSET_REQUIRED
3k_main_skillset_cao_zhi_minister_water_strategist_1D	3k_main_skillset_cao_zhi_minister_water_strategist_1C	0	2	4	0.0000	0.0000	SUBSET_REQUIRED
3k_main_skillset_cao_zhi_minister_water_strategist_1E	3k_main_skillset_cao_zhi_minister_water_strategist_1D	0	2	4	0.0000	0.0000	SUBSET_REQUIRED
3k_main_skillset_cao_zhi_minister_water_strategist_2D	3k_main_skillset_cao_zhi_minister_water_strategist_1D	0	3	1	0.0000	0.0000	SUBSET_REQUIRED
3k_main_skillset_cao_zhi_minister_water_strategist_2E_historical	3k_main_skillset_cao_zhi_minister_water_strategist_1E	0	3	1	0.0000	0.0000	SUBSET_REQUIRED
3k_main_skillset_cao_zhi_minister_water_strategist_2E_romance	3k_main_skillset_cao_zhi_minister_water_strategist_1E	0	3	1	0.0000	0.0000	SUBSET_REQUIRED
3k_main_skillset_cao_zhi_minister_water_strategist_1C	3k_main_skillset_cao_zhi_minister_water_strategist_2C_historical	0	1	3	0.0000	0.0000	SUBSET_REQUIRED
3k_main_skillset_cao_zhi_minister_water_strategist_1C	3k_main_skillset_cao_zhi_minister_water_strategist_2C_romance	0	1	3	0.0000	0.0000	SUBSET_REQUIRED
3k_main_skillset_deng_ai_general_metal_2A_historical	3k_main_skillset_deng_ai_general_metal_0A	0	1	3	0.0000	0.0000	SUBSET_REQUIRED
3k_main_skillset_deng_ai_general_metal_2A_romance	3k_main_skillset_deng_ai_general_metal_0A	0	1	3	0.0000	0.0000	SUBSET_REQUIRED
3k_main_skillset_deng_ai_general_metal_0A	3k_main_skillset_deng_ai_general_metal_0B	0	4	2	0.0000	0.0000	SUBSET_REQUIRED
3k_main_skillset_deng_ai_general_metal_2B	3k_main_skillset_deng_ai_general_metal_0B	0	1	3	0.0000	0.0000	SUBSET_REQUIRED
3k_main_skillset_deng_ai_general_metal_0B	3k_main_skillset_deng_ai_general_metal_0C	0	4	2	0.0000	0.0000	SUBSET_REQUIRED
3k_main_skillset_deng_ai_general_metal_2C_historical	3k_main_skillset_deng_ai_general_metal_0C	0	1	3	0.0000	0.0000	SUBSET_REQUIRED
3k_main_skillset_deng_ai_general_metal_2C_romance	3k_main_skillset_deng_ai_general_metal_0C	0	1	3	0.0000	0.0000	SUBSET_REQUIRED
3k_main_skillset_deng_ai_general_metal_0C	3k_main_skillset_deng_ai_general_metal_0D	0	4	2	0.0000	0.0000	SUBSET_REQUIRED
3k_main_skillset_deng_ai_general_metal_2D	3k_main_skillset_deng_ai_general_metal_0D	0	1	3	0.0000	0.0000	SUBSET_REQUIRED
3k_main_skillset_deng_ai_general_metal_0D	3k_main_skillset_deng_ai_general_metal_0E	0	4	2	0.0000	0.0000	SUBSET_REQUIRED
3k_main_skillset_deng_ai_general_metal_2E_historical	3k_main_skillset_deng_ai_general_metal_0E	0	1	3	0.0000	0.0000	SUBSET_REQUIRED
3k_main_skillset_deng_ai_general_metal_2E_romance	3k_main_skillset_deng_ai_general_metal_0E	0	1	3	0.0000	0.0000	SUBSET_REQUIRED
3k_main_skillset_deng_ai_general_metal_2A_historical	3k_main_skillset_deng_ai_general_metal_1A	0	3	1	0.0000	0.0000	SUBSET_REQUIRED
3k_main_skillset_deng_ai_general_metal_2A_romance	3k_main_skillset_deng_ai_general_metal_1A	0	3	1	0.0000	0.0000	SUBSET_REQUIRED
3k_main_skillset_deng_ai_general_metal_1A	3k_main_skillset_deng_ai_general_metal_1B	0	4	2	0.0000	0.0000	SUBSET_REQUIRED
3k_main_skillset_deng_ai_general_metal_2B	3k_main_skillset_deng_ai_general_metal_1B	0	3	1	0.0000	0.0000	SUBSET_REQUIRED
3k_main_skillset_deng_ai_general_metal_1B	3k_main_skillset_deng_ai_general_metal_1C	0	4	2	0.0000	0.0000	SUBSET_REQUIRED
3k_main_skillset_deng_ai_general_metal_2C_historical	3k_main_skillset_deng_ai_general_metal_1C	0	3	1	0.0000	0.0000	SUBSET_REQUIRED
3k_main_skillset_deng_ai_general_metal_2C_romance	3k_main_skillset_deng_ai_general_metal_1C	0	3	1	0.0000	0.0000	SUBSET_REQUIRED
3k_main_skillset_deng_ai_general_metal_1C	3k_main_skillset_deng_ai_general_metal_1D	0	4	2	0.0000	0.0000	SUBSET_REQUIRED
3k_main_skillset_deng_ai_general_metal_2D	3k_main_skillset_deng_ai_general_metal_1D	0	3	1	0.0000	0.0000	SUBSET_REQUIRED
3k_main_skillset_deng_ai_general_metal_1D	3k_main_skillset_deng_ai_general_metal_1E	0	4	2	0.0000	0.0000	SUBSET_REQUIRED
3k_main_skillset_deng_ai_general_metal_1E	3k_main_skillset_deng_ai_general_metal_2E_historical	0	1	3	0.0000	0.0000	SUBSET_REQUIRED
3k_main_skillset_deng_ai_general_metal_1E	3k_main_skillset_deng_ai_general_metal_2E_romance	0	1	3	0.0000	0.0000	SUBSET_REQUIRED
3k_main_skillset_gongsun_yuan_minister_fire_2A_historical	3k_main_skillset_gongsun_yuan_minister_fire_0A	0	1	3	0.0000	0.0000	SUBSET_REQUIRED
3k_main_skillset_gongsun_yuan_minister_fire_2A_romance	3k_main_skillset_gongsun_yuan_minister_fire_0A	0	1	3	0.0000	0.0000	SUBSET_REQUIRED
3k_main_skillset_gongsun_yuan_minister_fire_0A	3k_main_skillset_gongsun_yuan_minister_fire_0B	0	4	2	0.0000	0.0000	SUBSET_REQUIRED
3k_main_skillset_gongsun_yuan_minister_fire_2B	3k_main_skillset_gongsun_yuan_minister_fire_0B	0	1	3	0.0000	0.0000	SUBSET_REQUIRED
3k_main_skillset_gongsun_yuan_minister_fire_0B	3k_main_skillset_gongsun_yuan_minister_fire_0C	0	4	2	0.0000	0.0000	SUBSET_REQUIRED
3k_main_skillset_gongsun_yuan_minister_fire_2C_historical	3k_main_skillset_gongsun_yuan_minister_fire_0C	0	1	3	0.0000	0.0000	SUBSET_REQUIRED
3k_main_skillset_gongsun_yuan_minister_fire_2C_romance	3k_main_skillset_gongsun_yuan_minister_fire_0C	0	1	3	0.0000	0.0000	SUBSET_REQUIRED
3k_main_skillset_gongsun_yuan_minister_fire_0C	3k_main_skillset_gongsun_yuan_minister_fire_0D	0	4	2	0.0000	0.0000	SUBSET_REQUIRED
3k_main_skillset_gongsun_yuan_minister_fire_2D	3k_main_skillset_gongsun_yuan_minister_fire_0D	0	1	3	0.0000	0.0000	SUBSET_REQUIRED
3k_main_skillset_gongsun_yuan_minister_fire_0D	3k_main_skillset_gongsun_yuan_minister_fire_0E	0	4	2	0.0000	0.0000	SUBSET_REQUIRED
3k_main_skillset_gongsun_yuan_minister_fire_2E_historical	3k_main_skillset_gongsun_yuan_minister_fire_0E	0	1	3	0.0000	0.0000	SUBSET_REQUIRED
3k_main_skillset_gongsun_yuan_minister_fire_2E_romance	3k_main_skillset_gongsun_yuan_minister_fire_0E	0	1	3	0.0000	0.0000	SUBSET_REQUIRED
3k_main_skillset_gongsun_yuan_minister_fire_2A_historical	3k_main_skillset_gongsun_yuan_minister_fire_1A	0	3	1	0.0000	0.0000	SUBSET_REQUIRED
3k_main_skillset_gongsun_yuan_minister_fire_2A_romance	3k_main_skillset_gongsun_yuan_minister_fire_1A	0	3	1	0.0000	0.0000	SUBSET_REQUIRED
3k_main_skillset_gongsun_yuan_minister_fire_1A	3k_main_skillset_gongsun_yuan_minister_fire_1B	0	4	2	0.0000	0.0000	SUBSET_REQUIRED
3k_main_skillset_gongsun_yuan_minister_fire_2B	3k_main_skillset_gongsun_yuan_minister_fire_1B	0	3	1	0.0000	0.0000	SUBSET_REQUIRED
3k_main_skillset_gongsun_yuan_minister_fire_1B	3k_main_skillset_gongsun_yuan_minister_fire_1C	0	4	2	0.0000	0.0000	SUBSET_REQUIRED
3k_main_skillset_gongsun_yuan_minister_fire_2C_historical	3k_main_skillset_gongsun_yuan_minister_fire_1C	0	3	1	0.0000	0.0000	SUBSET_REQUIRED
3k_main_skillset_gongsun_yuan_minister_fire_2C_romance	3k_main_skillset_gongsun_yuan_minister_fire_1C	0	3	1	0.0000	0.0000	SUBSET_REQUIRED
3k_main_skillset_gongsun_yuan_minister_fire_1C	3k_main_skillset_gongsun_yuan_minister_fire_1D	0	4	2	0.0000	0.0000	SUBSET_REQUIRED
3k_main_skillset_gongsun_yuan_minister_fire_2D	3k_main_skillset_gongsun_yuan_minister_fire_1D	0	3	1	0.0000	0.0000	SUBSET_REQUIRED
3k_main_skillset_gongsun_yuan_minister_fire_1D	3k_main_skillset_gongsun_yuan_minister_fire_1E	0	4	2	0.0000	0.0000	SUBSET_REQUIRED
3k_main_skillset_gongsun_yuan_minister_fire_1E	3k_main_skillset_gongsun_yuan_minister_fire_2E_historical	0	1	3	0.0000	0.0000	SUBSET_REQUIRED
3k_main_skillset_gongsun_yuan_minister_fire_1E	3k_main_skillset_gongsun_yuan_minister_fire_2E_romance	0	1	3	0.0000	0.0000	SUBSET_REQUIRED
3k_main_skillset_guan_suo_general_wood_2A_historical	3k_main_skillset_guan_suo_general_wood_0A	0	1	3	0.0000	0.0000	SUBSET_REQUIRED
3k_main_skillset_guan_suo_general_wood_2A_romance	3k_main_skillset_guan_suo_general_wood_0A	0	1	3	0.0000	0.0000	SUBSET_REQUIRED
3k_main_skillset_guan_suo_general_wood_0A	3k_main_skillset_guan_suo_general_wood_0B	0	4	2	0.0000	0.0000	SUBSET_REQUIRED
3k_main_skillset_guan_suo_general_wood_2B	3k_main_skillset_guan_suo_general_wood_0B	0	1	3	0.0000	0.0000	SUBSET_REQUIRED
3k_main_skillset_guan_suo_general_wood_0B	3k_main_skillset_guan_suo_general_wood_0C	0	4	2	0.0000	0.0000	SUBSET_REQUIRED
3k_main_skillset_guan_suo_general_wood_2C_historical	3k_main_skillset_guan_suo_general_wood_0C	0	1	3	0.0000	0.0000	SUBSET_REQUIRED
3k_main_skillset_guan_suo_general_wood_2C_romance	3k_main_skillset_guan_suo_general_wood_0C	0	1	3	0.0000	0.0000	SUBSET_REQUIRED
3k_main_skillset_guan_suo_general_wood_0C	3k_main_skillset_guan_suo_general_wood_0D	0	4	2	0.0000	0.0000	SUBSET_REQUIRED
3k_main_skillset_guan_suo_general_wood_2D	3k_main_skillset_guan_suo_general_wood_0D	0	1	3	0.0000	0.0000	SUBSET_REQUIRED
3k_main_skillset_guan_suo_general_wood_0D	3k_main_skillset_guan_suo_general_wood_0E	0	4	2	0.0000	0.0000	SUBSET_REQUIRED
3k_main_skillset_guan_suo_general_wood_2E_historical	3k_main_skillset_guan_suo_general_wood_0E	0	1	3	0.0000	0.0000	SUBSET_REQUIRED
3k_main_skillset_guan_suo_general_wood_2E_romance	3k_main_skillset_guan_suo_general_wood_0E	0	1	3	0.0000	0.0000	SUBSET_REQUIRED
3k_main_skillset_guan_suo_general_wood_2A_historical	3k_main_skillset_guan_suo_general_wood_1A	0	3	1	0.0000	0.0000	SUBSET_REQUIRED
3k_main_skillset_guan_suo_general_wood_2A_romance	3k_main_skillset_guan_suo_general_wood_1A	0	3	1	0.0000	0.0000	SUBSET_REQUIRED
3k_main_skillset_guan_suo_general_wood_1A	3k_main_skillset_guan_suo_general_wood_1B	0	4	2	0.0000	0.0000	SUBSET_REQUIRED
3k_main_skillset_guan_suo_general_wood_2B	3k_main_skillset_guan_suo_general_wood_1B	0	3	1	0.0000	0.0000	SUBSET_REQUIRED
3k_main_skillset_guan_suo_general_wood_1B	3k_main_skillset_guan_suo_general_wood_1C	0	4	2	0.0000	0.0000	SUBSET_REQUIRED
3k_main_skillset_guan_suo_general_wood_2C_historical	3k_main_skillset_guan_suo_general_wood_1C	0	3	1	0.0000	0.0000	SUBSET_REQUIRED
3k_main_skillset_guan_suo_general_wood_2C_romance	3k_main_skillset_guan_suo_general_wood_1C	0	3	1	0.0000	0.0000	SUBSET_REQUIRED
3k_main_skillset_guan_suo_general_wood_1C	3k_main_skillset_guan_suo_general_wood_1D	0	4	2	0.0000	0.0000	SUBSET_REQUIRED
3k_main_skillset_guan_suo_general_wood_2D	3k_main_skillset_guan_suo_general_wood_1D	0	3	1	0.0000	0.0000	SUBSET_REQUIRED
3k_main_skillset_guan_suo_general_wood_1D	3k_main_skillset_guan_suo_general_wood_1E	0	4	2	0.0000	0.0000	SUBSET_REQUIRED
3k_main_skillset_guan_suo_general_wood_1E	3k_main_skillset_guan_suo_general_wood_2E_historical	0	1	3	0.0000	0.0000	SUBSET_REQUIRED
3k_main_skillset_guan_suo_general_wood_1E	3k_main_skillset_guan_suo_general_wood_2E_romance	0	1	3	0.0000	0.0000	SUBSET_REQUIRED
3k_main_skillset_guo_huai_general_earth_0B	3k_main_skillset_guo_huai_general_earth_0A	0	2	4	0.0000	0.0000	SUBSET_REQUIRED
3k_main_skillset_guo_huai_general_earth_0C	3k_main_skillset_guo_huai_general_earth_0B	0	2	4	0.0000	0.0000	SUBSET_REQUIRED
3k_main_skillset_guo_huai_general_earth_2B	3k_main_skillset_guo_huai_general_earth_0B	0	1	3	0.0000	0.0000	SUBSET_REQUIRED
3k_main_skillset_guo_huai_general_earth_0D	3k_main_skillset_guo_huai_general_earth_0C	0	2	4	0.0000	0.0000	SUBSET_REQUIRED
3k_main_skillset_guo_huai_general_earth_2C_historical	3k_main_skillset_guo_huai_general_earth_0C	0	1	3	0.0000	0.0000	SUBSET_REQUIRED
3k_main_skillset_guo_huai_general_earth_2C_romance	3k_main_skillset_guo_huai_general_earth_0C	0	1	3	0.0000	0.0000	SUBSET_REQUIRED
3k_main_skillset_guo_huai_general_earth_0E	3k_main_skillset_guo_huai_general_earth_0D	0	2	4	0.0000	0.0000	SUBSET_REQUIRED
3k_main_skillset_guo_huai_general_earth_2D	3k_main_skillset_guo_huai_general_earth_0D	0	1	3	0.0000	0.0000	SUBSET_REQUIRED
3k_main_skillset_guo_huai_general_earth_2E_historical	3k_main_skillset_guo_huai_general_earth_0E	0	1	3	0.0000	0.0000	SUBSET_REQUIRED
3k_main_skillset_guo_huai_general_earth_2E_romance	3k_main_skillset_guo_huai_general_earth_0E	0	1	3	0.0000	0.0000	SUBSET_REQUIRED
3k_main_skillset_guo_huai_general_earth_1B	3k_main_skillset_guo_huai_general_earth_1A	0	2	4	0.0000	0.0000	SUBSET_REQUIRED
3k_main_skillset_guo_huai_general_earth_2A_historical	3k_main_skillset_guo_huai_general_earth_1A	0	3	1	0.0000	0.0000	SUBSET_REQUIRED
3k_main_skillset_guo_huai_general_earth_2A_romance	3k_main_skillset_guo_huai_general_earth_1A	0	3	1	0.0000	0.0000	SUBSET_REQUIRED
3k_main_skillset_guo_huai_general_earth_1C	3k_main_skillset_guo_huai_general_earth_1B	0	2	4	0.0000	0.0000	SUBSET_REQUIRED
3k_main_skillset_guo_huai_general_earth_2B	3k_main_skillset_guo_huai_general_earth_1B	0	3	1	0.0000	0.0000	SUBSET_REQUIRED
3k_main_skillset_guo_huai_general_earth_1D	3k_main_skillset_guo_huai_general_earth_1C	0	2	4	0.0000	0.0000	SUBSET_REQUIRED
3k_main_skillset_guo_huai_general_earth_2C_historical	3k_main_skillset_guo_huai_general_earth_1C	0	3	1	0.0000	0.0000	SUBSET_REQUIRED
3k_main_skillset_guo_huai_general_earth_2C_romance	3k_main_skillset_guo_huai_general_earth_1C	0	3	1	0.0000	0.0000	SUBSET_REQUIRED
3k_main_skillset_guo_huai_general_earth_1E	3k_main_skillset_guo_huai_general_earth_1D	0	2	4	0.0000	0.0000	SUBSET_REQUIRED
3k_main_skillset_guo_huai_general_earth_2D	3k_main_skillset_guo_huai_general_earth_1D	0	3	1	0.0000	0.0000	SUBSET_REQUIRED
3k_main_skillset_guo_huai_general_earth_2E_historical	3k_main_skillset_guo_huai_general_earth_1E	0	3	1	0.0000	0.0000	SUBSET_REQUIRED
3k_main_skillset_guo_huai_general_earth_2E_romance	3k_main_skillset_guo_huai_general_earth_1E	0	3	1	0.0000	0.0000	SUBSET_REQUIRED
3k_main_skillset_guo_huai_general_earth_0A	3k_main_skillset_guo_huai_general_earth_2A_historical	0	3	1	0.0000	0.0000	SUBSET_REQUIRED
3k_main_skillset_guo_huai_general_earth_0A	3k_main_skillset_guo_huai_general_earth_2A_romance	0	3	1	0.0000	0.0000	SUBSET_REQUIRED
3k_main_skillset_huang_yueying_envoy_metal_2A_historical	3k_main_skillset_huang_yueying_envoy_metal_0A	0	1	3	0.0000	0.0000	SUBSET_REQUIRED
3k_main_skillset_huang_yueying_envoy_metal_2A_romance	3k_main_skillset_huang_yueying_envoy_metal_0A	0	1	3	0.0000	0.0000	SUBSET_REQUIRED
3k_main_skillset_huang_yueying_envoy_metal_0A	3k_main_skillset_huang_yueying_envoy_metal_0B	0	4	2	0.0000	0.0000	SUBSET_REQUIRED
3k_main_skillset_huang_yueying_envoy_metal_2B	3k_main_skillset_huang_yueying_envoy_metal_0B	0	1	3	0.0000	0.0000	SUBSET_REQUIRED
3k_main_skillset_huang_yueying_envoy_metal_0B	3k_main_skillset_huang_yueying_envoy_metal_0C	0	4	2	0.0000	0.0000	SUBSET_REQUIRED
3k_main_skillset_huang_yueying_envoy_metal_2C_historical	3k_main_skillset_huang_yueying_envoy_metal_0C	0	1	3	0.0000	0.0000	SUBSET_REQUIRED
3k_main_skillset_huang_yueying_envoy_metal_2C_romance	3k_main_skillset_huang_yueying_envoy_metal_0C	0	1	3	0.0000	0.0000	SUBSET_REQUIRED
3k_main_skillset_huang_yueying_envoy_metal_0C	3k_main_skillset_huang_yueying_envoy_metal_0D	0	4	2	0.0000	0.0000	SUBSET_REQUIRED
3k_main_skillset_huang_yueying_envoy_metal_2D	3k_main_skillset_huang_yueying_envoy_metal_0D	0	1	3	0.0000	0.0000	SUBSET_REQUIRED
3k_main_skillset_huang_yueying_envoy_metal_0D	3k_main_skillset_huang_yueying_envoy_metal_0E	0	4	2	0.0000	0.0000	SUBSET_REQUIRED
3k_main_skillset_huang_yueying_envoy_metal_2A_historical	3k_main_skillset_huang_yueying_envoy_metal_1A	0	3	1	0.0000	0.0000	SUBSET_REQUIRED
3k_main_skillset_huang_yueying_envoy_metal_2A_romance	3k_main_skillset_huang_yueying_envoy_metal_1A	0	3	1	0.0000	0.0000	SUBSET_REQUIRED
3k_main_skillset_huang_yueying_envoy_metal_1A	3k_main_skillset_huang_yueying_envoy_metal_1B	0	4	2	0.0000	0.0000	SUBSET_REQUIRED
3k_main_skillset_huang_yueying_envoy_metal_2B	3k_main_skillset_huang_yueying_envoy_metal_1B	0	3	1	0.0000	0.0000	SUBSET_REQUIRED
3k_main_skillset_huang_yueying_envoy_metal_1B	3k_main_skillset_huang_yueying_envoy_metal_1C	0	4	2	0.0000	0.0000	SUBSET_REQUIRED
3k_main_skillset_huang_yueying_envoy_metal_2C_historical	3k_main_skillset_huang_yueying_envoy_metal_1C	0	3	1	0.0000	0.0000	SUBSET_REQUIRED
3k_main_skillset_huang_yueying_envoy_metal_2C_romance	3k_main_skillset_huang_yueying_envoy_metal_1C	0	3	1	0.0000	0.0000	SUBSET_REQUIRED
3k_main_skillset_huang_yueying_envoy_metal_1C	3k_main_skillset_huang_yueying_envoy_metal_1D	0	4	2	0.0000	0.0000	SUBSET_REQUIRED
3k_main_skillset_huang_yueying_envoy_metal_2D	3k_main_skillset_huang_yueying_envoy_metal_1D	0	3	1	0.0000	0.0000	SUBSET_REQUIRED
3k_main_skillset_huang_yueying_envoy_metal_1D	3k_main_skillset_huang_yueying_envoy_metal_1E	0	4	2	0.0000	0.0000	SUBSET_REQUIRED
3k_main_skillset_huang_yueying_envoy_metal_2E_historical	3k_main_skillset_huang_yueying_envoy_metal_1E	0	3	1	0.0000	0.0000	SUBSET_REQUIRED
3k_main_skillset_huang_yueying_envoy_metal_2E_romance	3k_main_skillset_huang_yueying_envoy_metal_1E	0	3	1	0.0000	0.0000	SUBSET_REQUIRED
3k_main_skillset_huang_yueying_envoy_metal_0E	3k_main_skillset_huang_yueying_envoy_metal_2E_historical	0	3	1	0.0000	0.0000	SUBSET_REQUIRED
3k_main_skillset_huang_yueying_envoy_metal_0E	3k_main_skillset_huang_yueying_envoy_metal_2E_romance	0	3	1	0.0000	0.0000	SUBSET_REQUIRED
3k_main_skillset_jia_chong_minister_water_strategist_2A_historical	3k_main_skillset_jia_chong_minister_water_strategist_0A	0	1	3	0.0000	0.0000	SUBSET_REQUIRED
3k_main_skillset_jia_chong_minister_water_strategist_2A_romance	3k_main_skillset_jia_chong_minister_water_strategist_0A	0	1	3	0.0000	0.0000	SUBSET_REQUIRED
3k_main_skillset_jia_chong_minister_water_strategist_0A	3k_main_skillset_jia_chong_minister_water_strategist_0B	0	4	2	0.0000	0.0000	SUBSET_REQUIRED
3k_main_skillset_jia_chong_minister_water_strategist_2B	3k_main_skillset_jia_chong_minister_water_strategist_0B	0	1	3	0.0000	0.0000	SUBSET_REQUIRED
3k_main_skillset_jia_chong_minister_water_strategist_0B	3k_main_skillset_jia_chong_minister_water_strategist_0C	0	4	2	0.0000	0.0000	SUBSET_REQUIRED
3k_main_skillset_jia_chong_minister_water_strategist_0D	3k_main_skillset_jia_chong_minister_water_strategist_0C	0	2	4	0.0000	0.0000	SUBSET_REQUIRED
3k_main_skillset_jia_chong_minister_water_strategist_2C_historical	3k_main_skillset_jia_chong_minister_water_strategist_0C	0	1	3	0.0000	0.0000	SUBSET_REQUIRED
3k_main_skillset_jia_chong_minister_water_strategist_2C_romance	3k_main_skillset_jia_chong_minister_water_strategist_0C	0	1	3	0.0000	0.0000	SUBSET_REQUIRED
3k_main_skillset_jia_chong_minister_water_strategist_0E	3k_main_skillset_jia_chong_minister_water_strategist_0D	0	2	4	0.0000	0.0000	SUBSET_REQUIRED
3k_main_skillset_jia_chong_minister_water_strategist_2D	3k_main_skillset_jia_chong_minister_water_strategist_0D	0	1	3	0.0000	0.0000	SUBSET_REQUIRED
3k_main_skillset_jia_chong_minister_water_strategist_2E_historical	3k_main_skillset_jia_chong_minister_water_strategist_0E	0	1	3	0.0000	0.0000	SUBSET_REQUIRED
3k_main_skillset_jia_chong_minister_water_strategist_2E_romance	3k_main_skillset_jia_chong_minister_water_strategist_0E	0	1	3	0.0000	0.0000	SUBSET_REQUIRED
3k_main_skillset_jia_chong_minister_water_strategist_2A_historical	3k_main_skillset_jia_chong_minister_water_strategist_1A	0	3	1	0.0000	0.0000	SUBSET_REQUIRED
3k_main_skillset_jia_chong_minister_water_strategist_2A_romance	3k_main_skillset_jia_chong_minister_water_strategist_1A	0	3	1	0.0000	0.0000	SUBSET_REQUIRED
3k_main_skillset_jia_chong_minister_water_strategist_1A	3k_main_skillset_jia_chong_minister_water_strategist_1B	0	4	2	0.0000	0.0000	SUBSET_REQUIRED
3k_main_skillset_jia_chong_minister_water_strategist_2B	3k_main_skillset_jia_chong_minister_water_strategist_1B	0	3	1	0.0000	0.0000	SUBSET_REQUIRED
3k_main_skillset_jia_chong_minister_water_strategist_1B	3k_main_skillset_jia_chong_minister_water_strategist_1C	0	4	2	0.0000	0.0000	SUBSET_REQUIRED
3k_main_skillset_jia_chong_minister_water_strategist_1D	3k_main_skillset_jia_chong_minister_water_strategist_1C	0	2	4	0.0000	0.0000	SUBSET_REQUIRED
3k_main_skillset_jia_chong_minister_water_strategist_1E	3k_main_skillset_jia_chong_minister_water_strategist_1D	0	2	4	0.0000	0.0000	SUBSET_REQUIRED
3k_main_skillset_jia_chong_minister_water_strategist_2D	3k_main_skillset_jia_chong_minister_water_strategist_1D	0	3	1	0.0000	0.0000	SUBSET_REQUIRED
3k_main_skillset_jia_chong_minister_water_strategist_2E_historical	3k_main_skillset_jia_chong_minister_water_strategist_1E	0	3	1	0.0000	0.0000	SUBSET_REQUIRED
3k_main_skillset_jia_chong_minister_water_strategist_2E_romance	3k_main_skillset_jia_chong_minister_water_strategist_1E	0	3	1	0.0000	0.0000	SUBSET_REQUIRED
3k_main_skillset_jia_chong_minister_water_strategist_1C	3k_main_skillset_jia_chong_minister_water_strategist_2C_historical	0	1	3	0.0000	0.0000	SUBSET_REQUIRED
3k_main_skillset_jia_chong_minister_water_strategist_1C	3k_main_skillset_jia_chong_minister_water_strategist_2C_romance	0	1	3	0.0000	0.0000	SUBSET_REQUIRED
3k_main_skillset_liu_shan_minister_earth_0B	3k_main_skillset_liu_shan_minister_earth_0A	0	2	4	0.0000	0.0000	SUBSET_REQUIRED
3k_main_skillset_liu_shan_minister_earth_2A_historical	3k_main_skillset_liu_shan_minister_earth_0A	0	1	3	0.0000	0.0000	SUBSET_REQUIRED
3k_main_skillset_liu_shan_minister_earth_2A_romance	3k_main_skillset_liu_shan_minister_earth_0A	0	1	3	0.0000	0.0000	SUBSET_REQUIRED
3k_main_skillset_liu_shan_minister_earth_0C	3k_main_skillset_liu_shan_minister_earth_0B	0	2	4	0.0000	0.0000	SUBSET_REQUIRED
3k_main_skillset_liu_shan_minister_earth_2B	3k_main_skillset_liu_shan_minister_earth_0B	0	1	3	0.0000	0.0000	SUBSET_REQUIRED
3k_main_skillset_liu_shan_minister_earth_0D	3k_main_skillset_liu_shan_minister_earth_0C	0	2	4	0.0000	0.0000	SUBSET_REQUIRED
3k_main_skillset_liu_shan_minister_earth_2C_historical	3k_main_skillset_liu_shan_minister_earth_0C	0	1	3	0.0000	0.0000	SUBSET_REQUIRED
3k_main_skillset_liu_shan_minister_earth_2C_romance	3k_main_skillset_liu_shan_minister_earth_0C	0	1	3	0.0000	0.0000	SUBSET_REQUIRED
3k_main_skillset_liu_shan_minister_earth_0E	3k_main_skillset_liu_shan_minister_earth_0D	0	2	4	0.0000	0.0000	SUBSET_REQUIRED
3k_main_skillset_liu_shan_minister_earth_2D	3k_main_skillset_liu_shan_minister_earth_0D	0	1	3	0.0000	0.0000	SUBSET_REQUIRED
3k_main_skillset_liu_shan_minister_earth_2E_historical	3k_main_skillset_liu_shan_minister_earth_0E	0	1	3	0.0000	0.0000	SUBSET_REQUIRED
3k_main_skillset_liu_shan_minister_earth_2E_romance	3k_main_skillset_liu_shan_minister_earth_0E	0	1	3	0.0000	0.0000	SUBSET_REQUIRED
3k_main_skillset_liu_shan_minister_earth_1B	3k_main_skillset_liu_shan_minister_earth_1A	0	2	4	0.0000	0.0000	SUBSET_REQUIRED
3k_main_skillset_liu_shan_minister_earth_1C	3k_main_skillset_liu_shan_minister_earth_1B	0	2	4	0.0000	0.0000	SUBSET_REQUIRED
3k_main_skillset_liu_shan_minister_earth_2B	3k_main_skillset_liu_shan_minister_earth_1B	0	3	1	0.0000	0.0000	SUBSET_REQUIRED
3k_main_skillset_liu_shan_minister_earth_1D	3k_main_skillset_liu_shan_minister_earth_1C	0	2	4	0.0000	0.0000	SUBSET_REQUIRED
3k_main_skillset_liu_shan_minister_earth_2C_historical	3k_main_skillset_liu_shan_minister_earth_1C	0	3	1	0.0000	0.0000	SUBSET_REQUIRED
3k_main_skillset_liu_shan_minister_earth_2C_romance	3k_main_skillset_liu_shan_minister_earth_1C	0	3	1	0.0000	0.0000	SUBSET_REQUIRED
3k_main_skillset_liu_shan_minister_earth_1E	3k_main_skillset_liu_shan_minister_earth_1D	0	2	4	0.0000	0.0000	SUBSET_REQUIRED
3k_main_skillset_liu_shan_minister_earth_2D	3k_main_skillset_liu_shan_minister_earth_1D	0	3	1	0.0000	0.0000	SUBSET_REQUIRED
3k_main_skillset_liu_shan_minister_earth_2E_historical	3k_main_skillset_liu_shan_minister_earth_1E	0	3	1	0.0000	0.0000	SUBSET_REQUIRED
3k_main_skillset_liu_shan_minister_earth_2E_romance	3k_main_skillset_liu_shan_minister_earth_1E	0	3	1	0.0000	0.0000	SUBSET_REQUIRED
3k_main_skillset_liu_shan_minister_earth_1A	3k_main_skillset_liu_shan_minister_earth_2A_historical	0	1	3	0.0000	0.0000	SUBSET_REQUIRED
3k_main_skillset_liu_shan_minister_earth_1A	3k_main_skillset_liu_shan_minister_earth_2A_romance	0	1	3	0.0000	0.0000	SUBSET_REQUIRED
3k_main_skillset_lu_ji_minister_water_strategist_2A_historical	3k_main_skillset_lu_ji_minister_water_strategist_0A	0	1	3	0.0000	0.0000	SUBSET_REQUIRED
3k_main_skillset_lu_ji_minister_water_strategist_2A_romance	3k_main_skillset_lu_ji_minister_water_strategist_0A	0	1	3	0.0000	0.0000	SUBSET_REQUIRED
3k_main_skillset_lu_ji_minister_water_strategist_0A	3k_main_skillset_lu_ji_minister_water_strategist_0B	0	4	2	0.0000	0.0000	SUBSET_REQUIRED
3k_main_skillset_lu_ji_minister_water_strategist_2B	3k_main_skillset_lu_ji_minister_water_strategist_0B	0	1	3	0.0000	0.0000	SUBSET_REQUIRED
3k_main_skillset_lu_ji_minister_water_strategist_0B	3k_main_skillset_lu_ji_minister_water_strategist_0C	0	4	2	0.0000	0.0000	SUBSET_REQUIRED
3k_main_skillset_lu_ji_minister_water_strategist_0D	3k_main_skillset_lu_ji_minister_water_strategist_0C	0	2	4	0.0000	0.0000	SUBSET_REQUIRED
3k_main_skillset_lu_ji_minister_water_strategist_2C_historical	3k_main_skillset_lu_ji_minister_water_strategist_0C	0	1	3	0.0000	0.0000	SUBSET_REQUIRED
3k_main_skillset_lu_ji_minister_water_strategist_2C_romance	3k_main_skillset_lu_ji_minister_water_strategist_0C	0	1	3	0.0000	0.0000	SUBSET_REQUIRED
3k_main_skillset_lu_ji_minister_water_strategist_0E	3k_main_skillset_lu_ji_minister_water_strategist_0D	0	2	4	0.0000	0.0000	SUBSET_REQUIRED
3k_main_skillset_lu_ji_minister_water_strategist_2D	3k_main_skillset_lu_ji_minister_water_strategist_0D	0	1	3	0.0000	0.0000	SUBSET_REQUIRED
3k_main_skillset_lu_ji_minister_water_strategist_2E_historical	3k_main_skillset_lu_ji_minister_water_strategist_0E	0	1	3	0.0000	0.0000	SUBSET_REQUIRED
3k_main_skillset_lu_ji_minister_water_strategist_2E_romance	3k_main_skillset_lu_ji_minister_water_strategist_0E	0	1	3	0.0000	0.0000	SUBSET_REQUIRED
3k_main_skillset_lu_ji_minister_water_strategist_2A_historical	3k_main_skillset_lu_ji_minister_water_strategist_1A	0	3	1	0.0000	0.0000	SUBSET_REQUIRED
3k_main_skillset_lu_ji_minister_water_strategist_2A_romance	3k_main_skillset_lu_ji_minister_water_strategist_1A	0	3	1	0.0000	0.0000	SUBSET_REQUIRED
3k_main_skillset_lu_ji_minister_water_strategist_1A	3k_main_skillset_lu_ji_minister_water_strategist_1B	0	4	2	0.0000	0.0000	SUBSET_REQUIRED
3k_main_skillset_lu_ji_minister_water_strategist_2B	3k_main_skillset_lu_ji_minister_water_strategist_1B	0	3	1	0.0000	0.0000	SUBSET_REQUIRED
3k_main_skillset_lu_ji_minister_water_strategist_1B	3k_main_skillset_lu_ji_minister_water_strategist_1C	0	4	2	0.0000	0.0000	SUBSET_REQUIRED
3k_main_skillset_lu_ji_minister_water_strategist_1D	3k_main_skillset_lu_ji_minister_water_strategist_1C	0	2	4	0.0000	0.0000	SUBSET_REQUIRED
3k_main_skillset_lu_ji_minister_water_strategist_1E	3k_main_skillset_lu_ji_minister_water_strategist_1D	0	2	4	0.0000	0.0000	SUBSET_REQUIRED
3k_main_skillset_lu_ji_minister_water_strategist_2D	3k_main_skillset_lu_ji_minister_water_strategist_1D	0	3	1	0.0000	0.0000	SUBSET_REQUIRED
3k_main_skillset_lu_ji_minister_water_strategist_2E_historical	3k_main_skillset_lu_ji_minister_water_strategist_1E	0	3	1	0.0000	0.0000	SUBSET_REQUIRED
3k_main_skillset_lu_ji_minister_water_strategist_2E_romance	3k_main_skillset_lu_ji_minister_water_strategist_1E	0	3	1	0.0000	0.0000	SUBSET_REQUIRED
3k_main_skillset_lu_ji_minister_water_strategist_1C	3k_main_skillset_lu_ji_minister_water_strategist_2C_historical	0	1	3	0.0000	0.0000	SUBSET_REQUIRED
3k_main_skillset_lu_ji_minister_water_strategist_1C	3k_main_skillset_lu_ji_minister_water_strategist_2C_romance	0	1	3	0.0000	0.0000	SUBSET_REQUIRED
3k_main_skillset_lu_xun_minister_water_strategist_2A_historical	3k_main_skillset_lu_xun_minister_water_strategist_0A	0	1	3	0.0000	0.0000	SUBSET_REQUIRED
3k_main_skillset_lu_xun_minister_water_strategist_2A_romance	3k_main_skillset_lu_xun_minister_water_strategist_0A	0	1	3	0.0000	0.0000	SUBSET_REQUIRED
3k_main_skillset_lu_xun_minister_water_strategist_0A	3k_main_skillset_lu_xun_minister_water_strategist_0B	0	4	2	0.0000	0.0000	SUBSET_REQUIRED
3k_main_skillset_lu_xun_minister_water_strategist_2B	3k_main_skillset_lu_xun_minister_water_strategist_0B	0	1	3	0.0000	0.0000	SUBSET_REQUIRED
3k_main_skillset_lu_xun_minister_water_strategist_0B	3k_main_skillset_lu_xun_minister_water_strategist_0C	0	4	2	0.0000	0.0000	SUBSET_REQUIRED
3k_main_skillset_lu_xun_minister_water_strategist_0D	3k_main_skillset_lu_xun_minister_water_strategist_0C	0	2	4	0.0000	0.0000	SUBSET_REQUIRED
3k_main_skillset_lu_xun_minister_water_strategist_2C_historical	3k_main_skillset_lu_xun_minister_water_strategist_0C	0	1	3	0.0000	0.0000	SUBSET_REQUIRED
3k_main_skillset_lu_xun_minister_water_strategist_2C_romance	3k_main_skillset_lu_xun_minister_water_strategist_0C	0	1	3	0.0000	0.0000	SUBSET_REQUIRED
3k_main_skillset_lu_xun_minister_water_strategist_0E	3k_main_skillset_lu_xun_minister_water_strategist_0D	0	2	4	0.0000	0.0000	SUBSET_REQUIRED
3k_main_skillset_lu_xun_minister_water_strategist_2D	3k_main_skillset_lu_xun_minister_water_strategist_0D	0	1	3	0.0000	0.0000	SUBSET_REQUIRED
3k_main_skillset_lu_xun_minister_water_strategist_2E_historical	3k_main_skillset_lu_xun_minister_water_strategist_0E	0	1	3	0.0000	0.0000	SUBSET_REQUIRED
3k_main_skillset_lu_xun_minister_water_strategist_2E_romance	3k_main_skillset_lu_xun_minister_water_strategist_0E	0	1	3	0.0000	0.0000	SUBSET_REQUIRED
3k_main_skillset_lu_xun_minister_water_strategist_2A_historical	3k_main_skillset_lu_xun_minister_water_strategist_1A	0	3	1	0.0000	0.0000	SUBSET_REQUIRED
3k_main_skillset_lu_xun_minister_water_strategist_2A_romance	3k_main_skillset_lu_xun_minister_water_strategist_1A	0	3	1	0.0000	0.0000	SUBSET_REQUIRED
3k_main_skillset_lu_xun_minister_water_strategist_1A	3k_main_skillset_lu_xun_minister_water_strategist_1B	0	4	2	0.0000	0.0000	SUBSET_REQUIRED
3k_main_skillset_lu_xun_minister_water_strategist_2B	3k_main_skillset_lu_xun_minister_water_strategist_1B	0	3	1	0.0000	0.0000	SUBSET_REQUIRED
3k_main_skillset_lu_xun_minister_water_strategist_1B	3k_main_skillset_lu_xun_minister_water_strategist_1C	0	4	2	0.0000	0.0000	SUBSET_REQUIRED
3k_main_skillset_lu_xun_minister_water_strategist_1D	3k_main_skillset_lu_xun_minister_water_strategist_1C	0	2	4	0.0000	0.0000	SUBSET_REQUIRED
3k_main_skillset_lu_xun_minister_water_strategist_1E	3k_main_skillset_lu_xun_minister_water_strategist_1D	0	2	4	0.0000	0.0000	SUBSET_REQUIRED
3k_main_skillset_lu_xun_minister_water_strategist_2D	3k_main_skillset_lu_xun_minister_water_strategist_1D	0	3	1	0.0000	0.0000	SUBSET_REQUIRED
3k_main_skillset_lu_xun_minister_water_strategist_2E_historical	3k_main_skillset_lu_xun_minister_water_strategist_1E	0	3	1	0.0000	0.0000	SUBSET_REQUIRED
3k_main_skillset_lu_xun_minister_water_strategist_2E_romance	3k_main_skillset_lu_xun_minister_water_strategist_1E	0	3	1	0.0000	0.0000	SUBSET_REQUIRED
3k_main_skillset_lu_xun_minister_water_strategist_1C	3k_main_skillset_lu_xun_minister_water_strategist_2C_historical	0	1	3	0.0000	0.0000	SUBSET_REQUIRED
3k_main_skillset_lu_xun_minister_water_strategist_1C	3k_main_skillset_lu_xun_minister_water_strategist_2C_romance	0	1	3	0.0000	0.0000	SUBSET_REQUIRED
3k_main_skillset_ma_dai_general_fire_2A_historical	3k_main_skillset_ma_dai_general_fire_0A	0	1	3	0.0000	0.0000	SUBSET_REQUIRED
3k_main_skillset_ma_dai_general_fire_2A_romance	3k_main_skillset_ma_dai_general_fire_0A	0	1	3	0.0000	0.0000	SUBSET_REQUIRED
3k_main_skillset_ma_dai_general_fire_0A	3k_main_skillset_ma_dai_general_fire_0B	0	4	2	0.0000	0.0000	SUBSET_REQUIRED
3k_main_skillset_ma_dai_general_fire_2B	3k_main_skillset_ma_dai_general_fire_0B	0	1	3	0.0000	0.0000	SUBSET_REQUIRED
3k_main_skillset_ma_dai_general_fire_0B	3k_main_skillset_ma_dai_general_fire_0C	0	4	2	0.0000	0.0000	SUBSET_REQUIRED
3k_main_skillset_ma_dai_general_fire_2C_historical	3k_main_skillset_ma_dai_general_fire_0C	0	1	3	0.0000	0.0000	SUBSET_REQUIRED
3k_main_skillset_ma_dai_general_fire_2C_romance	3k_main_skillset_ma_dai_general_fire_0C	0	1	3	0.0000	0.0000	SUBSET_REQUIRED
3k_main_skillset_ma_dai_general_fire_0C	3k_main_skillset_ma_dai_general_fire_0D	0	4	2	0.0000	0.0000	SUBSET_REQUIRED
3k_main_skillset_ma_dai_general_fire_2D	3k_main_skillset_ma_dai_general_fire_0D	0	1	3	0.0000	0.0000	SUBSET_REQUIRED
3k_main_skillset_ma_dai_general_fire_0D	3k_main_skillset_ma_dai_general_fire_0E	0	4	2	0.0000	0.0000	SUBSET_REQUIRED
3k_main_skillset_ma_dai_general_fire_2A_historical	3k_main_skillset_ma_dai_general_fire_1A	0	3	1	0.0000	0.0000	SUBSET_REQUIRED
3k_main_skillset_ma_dai_general_fire_2A_romance	3k_main_skillset_ma_dai_general_fire_1A	0	3	1	0.0000	0.0000	SUBSET_REQUIRED
3k_main_skillset_ma_dai_general_fire_1A	3k_main_skillset_ma_dai_general_fire_1B	0	4	2	0.0000	0.0000	SUBSET_REQUIRED
3k_main_skillset_ma_dai_general_fire_2B	3k_main_skillset_ma_dai_general_fire_1B	0	3	1	0.0000	0.0000	SUBSET_REQUIRED
3k_main_skillset_ma_dai_general_fire_1B	3k_main_skillset_ma_dai_general_fire_1C	0	4	2	0.0000	0.0000	SUBSET_REQUIRED
3k_main_skillset_ma_dai_general_fire_2C_historical	3k_main_skillset_ma_dai_general_fire_1C	0	3	1	0.0000	0.0000	SUBSET_REQUIRED
3k_main_skillset_ma_dai_general_fire_2C_romance	3k_main_skillset_ma_dai_general_fire_1C	0	3	1	0.0000	0.0000	SUBSET_REQUIRED
3k_main_skillset_ma_dai_general_fire_1C	3k_main_skillset_ma_dai_general_fire_1D	0	4	2	0.0000	0.0000	SUBSET_REQUIRED
3k_main_skillset_ma_dai_general_fire_2D	3k_main_skillset_ma_dai_general_fire_1D	0	3	1	0.0000	0.0000	SUBSET_REQUIRED
3k_main_skillset_ma_dai_general_fire_1D	3k_main_skillset_ma_dai_general_fire_1E	0	4	2	0.0000	0.0000	SUBSET_REQUIRED
3k_main_skillset_ma_dai_general_fire_2E_historical	3k_main_skillset_ma_dai_general_fire_1E	0	3	1	0.0000	0.0000	SUBSET_REQUIRED
3k_main_skillset_ma_dai_general_fire_2E_romance	3k_main_skillset_ma_dai_general_fire_1E	0	3	1	0.0000	0.0000	SUBSET_REQUIRED
3k_main_skillset_ma_dai_general_fire_0E	3k_main_skillset_ma_dai_general_fire_2E_historical	0	3	1	0.0000	0.0000	SUBSET_REQUIRED
3k_main_skillset_ma_dai_general_fire_0E	3k_main_skillset_ma_dai_general_fire_2E_romance	0	3	1	0.0000	0.0000	SUBSET_REQUIRED
3k_main_skillset_ma_liang_minister_water_strategist_2A_historical	3k_main_skillset_ma_liang_minister_water_strategist_0A	0	1	3	0.0000	0.0000	SUBSET_REQUIRED
3k_main_skillset_ma_liang_minister_water_strategist_2A_romance	3k_main_skillset_ma_liang_minister_water_strategist_0A	0	1	3	0.0000	0.0000	SUBSET_REQUIRED
3k_main_skillset_ma_liang_minister_water_strategist_0A	3k_main_skillset_ma_liang_minister_water_strategist_0B	0	4	2	0.0000	0.0000	SUBSET_REQUIRED
3k_main_skillset_ma_liang_minister_water_strategist_2B	3k_main_skillset_ma_liang_minister_water_strategist_0B	0	1	3	0.0000	0.0000	SUBSET_REQUIRED
3k_main_skillset_ma_liang_minister_water_strategist_0B	3k_main_skillset_ma_liang_minister_water_strategist_0C	0	4	2	0.0000	0.0000	SUBSET_REQUIRED
3k_main_skillset_ma_liang_minister_water_strategist_0D	3k_main_skillset_ma_liang_minister_water_strategist_0C	0	2	4	0.0000	0.0000	SUBSET_REQUIRED
3k_main_skillset_ma_liang_minister_water_strategist_2C_historical	3k_main_skillset_ma_liang_minister_water_strategist_0C	0	1	3	0.0000	0.0000	SUBSET_REQUIRED
3k_main_skillset_ma_liang_minister_water_strategist_2C_romance	3k_main_skillset_ma_liang_minister_water_strategist_0C	0	1	3	0.0000	0.0000	SUBSET_REQUIRED
3k_main_skillset_ma_liang_minister_water_strategist_0E	3k_main_skillset_ma_liang_minister_water_strategist_0D	0	2	4	0.0000	0.0000	SUBSET_REQUIRED
3k_main_skillset_ma_liang_minister_water_strategist_2D	3k_main_skillset_ma_liang_minister_water_strategist_0D	0	1	3	0.0000	0.0000	SUBSET_REQUIRED
3k_main_skillset_ma_liang_minister_water_strategist_2E_historical	3k_main_skillset_ma_liang_minister_water_strategist_0E	0	1	3	0.0000	0.0000	SUBSET_REQUIRED
3k_main_skillset_ma_liang_minister_water_strategist_2E_romance	3k_main_skillset_ma_liang_minister_water_strategist_0E	0	1	3	0.0000	0.0000	SUBSET_REQUIRED
3k_main_skillset_ma_liang_minister_water_strategist_2A_historical	3k_main_skillset_ma_liang_minister_water_strategist_1A	0	3	1	0.0000	0.0000	SUBSET_REQUIRED
3k_main_skillset_ma_liang_minister_water_strategist_2A_romance	3k_main_skillset_ma_liang_minister_water_strategist_1A	0	3	1	0.0000	0.0000	SUBSET_REQUIRED
3k_main_skillset_ma_liang_minister_water_strategist_1A	3k_main_skillset_ma_liang_minister_water_strategist_1B	0	4	2	0.0000	0.0000	SUBSET_REQUIRED
3k_main_skillset_ma_liang_minister_water_strategist_2B	3k_main_skillset_ma_liang_minister_water_strategist_1B	0	3	1	0.0000	0.0000	SUBSET_REQUIRED
3k_main_skillset_ma_liang_minister_water_strategist_1B	3k_main_skillset_ma_liang_minister_water_strategist_1C	0	4	2	0.0000	0.0000	SUBSET_REQUIRED
3k_main_skillset_ma_liang_minister_water_strategist_1D	3k_main_skillset_ma_liang_minister_water_strategist_1C	0	2	4	0.0000	0.0000	SUBSET_REQUIRED
3k_main_skillset_ma_liang_minister_water_strategist_1E	3k_main_skillset_ma_liang_minister_water_strategist_1D	0	2	4	0.0000	0.0000	SUBSET_REQUIRED
3k_main_skillset_ma_liang_minister_water_strategist_2D	3k_main_skillset_ma_liang_minister_water_strategist_1D	0	3	1	0.0000	0.0000	SUBSET_REQUIRED
3k_main_skillset_ma_liang_minister_water_strategist_2E_historical	3k_main_skillset_ma_liang_minister_water_strategist_1E	0	3	1	0.0000	0.0000	SUBSET_REQUIRED
3k_main_skillset_ma_liang_minister_water_strategist_2E_romance	3k_main_skillset_ma_liang_minister_water_strategist_1E	0	3	1	0.0000	0.0000	SUBSET_REQUIRED
3k_main_skillset_ma_liang_minister_water_strategist_1C	3k_main_skillset_ma_liang_minister_water_strategist_2C_historical	0	1	3	0.0000	0.0000	SUBSET_REQUIRED
3k_main_skillset_ma_liang_minister_water_strategist_1C	3k_main_skillset_ma_liang_minister_water_strategist_2C_romance	0	1	3	0.0000	0.0000	SUBSET_REQUIRED
3k_main_skillset_ma_su_minister_water_strategist_2A_historical	3k_main_skillset_ma_su_minister_water_strategist_0A	0	1	3	0.0000	0.0000	SUBSET_REQUIRED
3k_main_skillset_ma_su_minister_water_strategist_2A_romance	3k_main_skillset_ma_su_minister_water_strategist_0A	0	1	3	0.0000	0.0000	SUBSET_REQUIRED
3k_main_skillset_ma_su_minister_water_strategist_0A	3k_main_skillset_ma_su_minister_water_strategist_0B	0	4	2	0.0000	0.0000	SUBSET_REQUIRED
3k_main_skillset_ma_su_minister_water_strategist_2B	3k_main_skillset_ma_su_minister_water_strategist_0B	0	1	3	0.0000	0.0000	SUBSET_REQUIRED
3k_main_skillset_ma_su_minister_water_strategist_0B	3k_main_skillset_ma_su_minister_water_strategist_0C	0	4	2	0.0000	0.0000	SUBSET_REQUIRED
3k_main_skillset_ma_su_minister_water_strategist_0D	3k_main_skillset_ma_su_minister_water_strategist_0C	0	2	4	0.0000	0.0000	SUBSET_REQUIRED
3k_main_skillset_ma_su_minister_water_strategist_2C_historical	3k_main_skillset_ma_su_minister_water_strategist_0C	0	1	3	0.0000	0.0000	SUBSET_REQUIRED
3k_main_skillset_ma_su_minister_water_strategist_2C_romance	3k_main_skillset_ma_su_minister_water_strategist_0C	0	1	3	0.0000	0.0000	SUBSET_REQUIRED
3k_main_skillset_ma_su_minister_water_strategist_0E	3k_main_skillset_ma_su_minister_water_strategist_0D	0	2	4	0.0000	0.0000	SUBSET_REQUIRED
3k_main_skillset_ma_su_minister_water_strategist_2D	3k_main_skillset_ma_su_minister_water_strategist_0D	0	1	3	0.0000	0.0000	SUBSET_REQUIRED
3k_main_skillset_ma_su_minister_water_strategist_2E_historical	3k_main_skillset_ma_su_minister_water_strategist_0E	0	1	3	0.0000	0.0000	SUBSET_REQUIRED
3k_main_skillset_ma_su_minister_water_strategist_2E_romance	3k_main_skillset_ma_su_minister_water_strategist_0E	0	1	3	0.0000	0.0000	SUBSET_REQUIRED
3k_main_skillset_ma_su_minister_water_strategist_2A_historical	3k_main_skillset_ma_su_minister_water_strategist_1A	0	3	1	0.0000	0.0000	SUBSET_REQUIRED
3k_main_skillset_ma_su_minister_water_strategist_2A_romance	3k_main_skillset_ma_su_minister_water_strategist_1A	0	3	1	0.0000	0.0000	SUBSET_REQUIRED
3k_main_skillset_ma_su_minister_water_strategist_1A	3k_main_skillset_ma_su_minister_water_strategist_1B	0	4	2	0.0000	0.0000	SUBSET_REQUIRED
3k_main_skillset_ma_su_minister_water_strategist_2B	3k_main_skillset_ma_su_minister_water_strategist_1B	0	3	1	0.0000	0.0000	SUBSET_REQUIRED
3k_main_skillset_ma_su_minister_water_strategist_1B	3k_main_skillset_ma_su_minister_water_strategist_1C	0	4	2	0.0000	0.0000	SUBSET_REQUIRED
3k_main_skillset_ma_su_minister_water_strategist_1D	3k_main_skillset_ma_su_minister_water_strategist_1C	0	2	4	0.0000	0.0000	SUBSET_REQUIRED
3k_main_skillset_ma_su_minister_water_strategist_1E	3k_main_skillset_ma_su_minister_water_strategist_1D	0	2	4	0.0000	0.0000	SUBSET_REQUIRED
3k_main_skillset_ma_su_minister_water_strategist_2D	3k_main_skillset_ma_su_minister_water_strategist_1D	0	3	1	0.0000	0.0000	SUBSET_REQUIRED
3k_main_skillset_ma_su_minister_water_strategist_2E_historical	3k_main_skillset_ma_su_minister_water_strategist_1E	0	3	1	0.0000	0.0000	SUBSET_REQUIRED
3k_main_skillset_ma_su_minister_water_strategist_2E_romance	3k_main_skillset_ma_su_minister_water_strategist_1E	0	3	1	0.0000	0.0000	SUBSET_REQUIRED
3k_main_skillset_ma_su_minister_water_strategist_1C	3k_main_skillset_ma_su_minister_water_strategist_2C_historical	0	1	3	0.0000	0.0000	SUBSET_REQUIRED
3k_main_skillset_ma_su_minister_water_strategist_1C	3k_main_skillset_ma_su_minister_water_strategist_2C_romance	0	1	3	0.0000	0.0000	SUBSET_REQUIRED
3k_main_skillset_ma_zhong_general_wood_2A_historical	3k_main_skillset_ma_zhong_general_wood_0A	0	1	3	0.0000	0.0000	SUBSET_REQUIRED
3k_main_skillset_ma_zhong_general_wood_2A_romance	3k_main_skillset_ma_zhong_general_wood_0A	0	1	3	0.0000	0.0000	SUBSET_REQUIRED
3k_main_skillset_ma_zhong_general_wood_0A	3k_main_skillset_ma_zhong_general_wood_0B	0	4	2	0.0000	0.0000	SUBSET_REQUIRED
3k_main_skillset_ma_zhong_general_wood_2B	3k_main_skillset_ma_zhong_general_wood_0B	0	1	3	0.0000	0.0000	SUBSET_REQUIRED
3k_main_skillset_ma_zhong_general_wood_0B	3k_main_skillset_ma_zhong_general_wood_0C	0	4	2	0.0000	0.0000	SUBSET_REQUIRED
3k_main_skillset_ma_zhong_general_wood_2C_historical	3k_main_skillset_ma_zhong_general_wood_0C	0	1	3	0.0000	0.0000	SUBSET_REQUIRED
3k_main_skillset_ma_zhong_general_wood_2C_romance	3k_main_skillset_ma_zhong_general_wood_0C	0	1	3	0.0000	0.0000	SUBSET_REQUIRED
3k_main_skillset_ma_zhong_general_wood_0C	3k_main_skillset_ma_zhong_general_wood_0D	0	4	2	0.0000	0.0000	SUBSET_REQUIRED
3k_main_skillset_ma_zhong_general_wood_2D	3k_main_skillset_ma_zhong_general_wood_0D	0	1	3	0.0000	0.0000	SUBSET_REQUIRED
3k_main_skillset_ma_zhong_general_wood_0D	3k_main_skillset_ma_zhong_general_wood_0E	0	4	2	0.0000	0.0000	SUBSET_REQUIRED
3k_main_skillset_ma_zhong_general_wood_2E_historical	3k_main_skillset_ma_zhong_general_wood_0E	0	1	3	0.0000	0.0000	SUBSET_REQUIRED
3k_main_skillset_ma_zhong_general_wood_2E_romance	3k_main_skillset_ma_zhong_general_wood_0E	0	1	3	0.0000	0.0000	SUBSET_REQUIRED
3k_main_skillset_ma_zhong_general_wood_2A_historical	3k_main_skillset_ma_zhong_general_wood_1A	0	3	1	0.0000	0.0000	SUBSET_REQUIRED
3k_main_skillset_ma_zhong_general_wood_2A_romance	3k_main_skillset_ma_zhong_general_wood_1A	0	3	1	0.0000	0.0000	SUBSET_REQUIRED
3k_main_skillset_ma_zhong_general_wood_1A	3k_main_skillset_ma_zhong_general_wood_1B	0	4	2	0.0000	0.0000	SUBSET_REQUIRED
3k_main_skillset_ma_zhong_general_wood_2B	3k_main_skillset_ma_zhong_general_wood_1B	0	3	1	0.0000	0.0000	SUBSET_REQUIRED
3k_main_skillset_ma_zhong_general_wood_1B	3k_main_skillset_ma_zhong_general_wood_1C	0	4	2	0.0000	0.0000	SUBSET_REQUIRED
3k_main_skillset_ma_zhong_general_wood_2C_historical	3k_main_skillset_ma_zhong_general_wood_1C	0	3	1	0.0000	0.0000	SUBSET_REQUIRED
3k_main_skillset_ma_zhong_general_wood_2C_romance	3k_main_skillset_ma_zhong_general_wood_1C	0	3	1	0.0000	0.0000	SUBSET_REQUIRED
3k_main_skillset_ma_zhong_general_wood_1C	3k_main_skillset_ma_zhong_general_wood_1D	0	4	2	0.0000	0.0000	SUBSET_REQUIRED
3k_main_skillset_ma_zhong_general_wood_2D	3k_main_skillset_ma_zhong_general_wood_1D	0	3	1	0.0000	0.0000	SUBSET_REQUIRED
3k_main_skillset_ma_zhong_general_wood_1D	3k_main_skillset_ma_zhong_general_wood_1E	0	4	2	0.0000	0.0000	SUBSET_REQUIRED
3k_main_skillset_ma_zhong_general_wood_1E	3k_main_skillset_ma_zhong_general_wood_2E_historical	0	1	3	0.0000	0.0000	SUBSET_REQUIRED
3k_main_skillset_ma_zhong_general_wood_1E	3k_main_skillset_ma_zhong_general_wood_2E_romance	0	1	3	0.0000	0.0000	SUBSET_REQUIRED
3k_main_skillset_qian_zhao_general_metal_2A_historical	3k_main_skillset_qian_zhao_general_metal_0A	0	1	3	0.0000	0.0000	SUBSET_REQUIRED
3k_main_skillset_qian_zhao_general_metal_2A_romance	3k_main_skillset_qian_zhao_general_metal_0A	0	1	3	0.0000	0.0000	SUBSET_REQUIRED
3k_main_skillset_qian_zhao_general_metal_0A	3k_main_skillset_qian_zhao_general_metal_0B	0	4	2	0.0000	0.0000	SUBSET_REQUIRED
3k_main_skillset_qian_zhao_general_metal_2B	3k_main_skillset_qian_zhao_general_metal_0B	0	1	3	0.0000	0.0000	SUBSET_REQUIRED
3k_main_skillset_qian_zhao_general_metal_0B	3k_main_skillset_qian_zhao_general_metal_0C	0	4	2	0.0000	0.0000	SUBSET_REQUIRED
3k_main_skillset_qian_zhao_general_metal_2C_historical	3k_main_skillset_qian_zhao_general_metal_0C	0	1	3	0.0000	0.0000	SUBSET_REQUIRED
3k_main_skillset_qian_zhao_general_metal_2C_romance	3k_main_skillset_qian_zhao_general_metal_0C	0	1	3	0.0000	0.0000	SUBSET_REQUIRED
3k_main_skillset_qian_zhao_general_metal_0C	3k_main_skillset_qian_zhao_general_metal_0D	0	4	2	0.0000	0.0000	SUBSET_REQUIRED
3k_main_skillset_qian_zhao_general_metal_2D	3k_main_skillset_qian_zhao_general_metal_0D	0	1	3	0.0000	0.0000	SUBSET_REQUIRED
3k_main_skillset_qian_zhao_general_metal_0D	3k_main_skillset_qian_zhao_general_metal_0E	0	4	2	0.0000	0.0000	SUBSET_REQUIRED
3k_main_skillset_qian_zhao_general_metal_2E_historical	3k_main_skillset_qian_zhao_general_metal_0E	0	1	3	0.0000	0.0000	SUBSET_REQUIRED
3k_main_skillset_qian_zhao_general_metal_2E_romance	3k_main_skillset_qian_zhao_general_metal_0E	0	1	3	0.0000	0.0000	SUBSET_REQUIRED
3k_main_skillset_qian_zhao_general_metal_2A_historical	3k_main_skillset_qian_zhao_general_metal_1A	0	3	1	0.0000	0.0000	SUBSET_REQUIRED
3k_main_skillset_qian_zhao_general_metal_2A_romance	3k_main_skillset_qian_zhao_general_metal_1A	0	3	1	0.0000	0.0000	SUBSET_REQUIRED
3k_main_skillset_qian_zhao_general_metal_1A	3k_main_skillset_qian_zhao_general_metal_1B	0	4	2	0.0000	0.0000	SUBSET_REQUIRED
3k_main_skillset_qian_zhao_general_metal_2B	3k_main_skillset_qian_zhao_general_metal_1B	0	3	1	0.0000	0.0000	SUBSET_REQUIRED
3k_main_skillset_qian_zhao_general_metal_1B	3k_main_skillset_qian_zhao_general_metal_1C	0	4	2	0.0000	0.0000	SUBSET_REQUIRED
3k_main_skillset_qian_zhao_general_metal_2C_historical	3k_main_skillset_qian_zhao_general_metal_1C	0	3	1	0.0000	0.0000	SUBSET_REQUIRED
3k_main_skillset_qian_zhao_general_metal_2C_romance	3k_main_skillset_qian_zhao_general_metal_1C	0	3	1	0.0000	0.0000	SUBSET_REQUIRED
3k_main_skillset_qian_zhao_general_metal_1C	3k_main_skillset_qian_zhao_general_metal_1D	0	4	2	0.0000	0.0000	SUBSET_REQUIRED
3k_main_skillset_qian_zhao_general_metal_2D	3k_main_skillset_qian_zhao_general_metal_1D	0	3	1	0.0000	0.0000	SUBSET_REQUIRED
3k_main_skillset_qian_zhao_general_metal_1D	3k_main_skillset_qian_zhao_general_metal_1E	0	4	2	0.0000	0.0000	SUBSET_REQUIRED
3k_main_skillset_qian_zhao_general_metal_1E	3k_main_skillset_qian_zhao_general_metal_2E_historical	0	1	3	0.0000	0.0000	SUBSET_REQUIRED
3k_main_skillset_qian_zhao_general_metal_1E	3k_main_skillset_qian_zhao_general_metal_2E_romance	0	1	3	0.0000	0.0000	SUBSET_REQUIRED
3k_main_skillset_sima_shi_minister_earth_0B	3k_main_skillset_sima_shi_minister_earth_0A	0	2	4	0.0000	0.0000	SUBSET_REQUIRED
3k_main_skillset_sima_shi_minister_earth_2A_historical	3k_main_skillset_sima_shi_minister_earth_0A	0	1	3	0.0000	0.0000	SUBSET_REQUIRED
3k_main_skillset_sima_shi_minister_earth_2A_romance	3k_main_skillset_sima_shi_minister_earth_0A	0	1	3	0.0000	0.0000	SUBSET_REQUIRED
3k_main_skillset_sima_shi_minister_earth_0C	3k_main_skillset_sima_shi_minister_earth_0B	0	2	4	0.0000	0.0000	SUBSET_REQUIRED
3k_main_skillset_sima_shi_minister_earth_2B	3k_main_skillset_sima_shi_minister_earth_0B	0	1	3	0.0000	0.0000	SUBSET_REQUIRED
3k_main_skillset_sima_shi_minister_earth_0D	3k_main_skillset_sima_shi_minister_earth_0C	0	2	4	0.0000	0.0000	SUBSET_REQUIRED
3k_main_skillset_sima_shi_minister_earth_2C_historical	3k_main_skillset_sima_shi_minister_earth_0C	0	1	3	0.0000	0.0000	SUBSET_REQUIRED
3k_main_skillset_sima_shi_minister_earth_2C_romance	3k_main_skillset_sima_shi_minister_earth_0C	0	1	3	0.0000	0.0000	SUBSET_REQUIRED
3k_main_skillset_sima_shi_minister_earth_0E	3k_main_skillset_sima_shi_minister_earth_0D	0	2	4	0.0000	0.0000	SUBSET_REQUIRED
3k_main_skillset_sima_shi_minister_earth_2D	3k_main_skillset_sima_shi_minister_earth_0D	0	1	3	0.0000	0.0000	SUBSET_REQUIRED
3k_main_skillset_sima_shi_minister_earth_2E_historical	3k_main_skillset_sima_shi_minister_earth_0E	0	1	3	0.0000	0.0000	SUBSET_REQUIRED
3k_main_skillset_sima_shi_minister_earth_2E_romance	3k_main_skillset_sima_shi_minister_earth_0E	0	1	3	0.0000	0.0000	SUBSET_REQUIRED
3k_main_skillset_sima_shi_minister_earth_1B	3k_main_skillset_sima_shi_minister_earth_1A	0	2	4	0.0000	0.0000	SUBSET_REQUIRED
3k_main_skillset_sima_shi_minister_earth_1C	3k_main_skillset_sima_shi_minister_earth_1B	0	2	4	0.0000	0.0000	SUBSET_REQUIRED
3k_main_skillset_sima_shi_minister_earth_2B	3k_main_skillset_sima_shi_minister_earth_1B	0	3	1	0.0000	0.0000	SUBSET_REQUIRED
3k_main_skillset_sima_shi_minister_earth_1D	3k_main_skillset_sima_shi_minister_earth_1C	0	2	4	0.0000	0.0000	SUBSET_REQUIRED
3k_main_skillset_sima_shi_minister_earth_2C_historical	3k_main_skillset_sima_shi_minister_earth_1C	0	3	1	0.0000	0.0000	SUBSET_REQUIRED
3k_main_skillset_sima_shi_minister_earth_2C_romance	3k_main_skillset_sima_shi_minister_earth_1C	0	3	1	0.0000	0.0000	SUBSET_REQUIRED
3k_main_skillset_sima_shi_minister_earth_1E	3k_main_skillset_sima_shi_minister_earth_1D	0	2	4	0.0000	0.0000	SUBSET_REQUIRED
3k_main_skillset_sima_shi_minister_earth_2D	3k_main_skillset_sima_shi_minister_earth_1D	0	3	1	0.0000	0.0000	SUBSET_REQUIRED
3k_main_skillset_sima_shi_minister_earth_2E_historical	3k_main_skillset_sima_shi_minister_earth_1E	0	3	1	0.0000	0.0000	SUBSET_REQUIRED
3k_main_skillset_sima_shi_minister_earth_2E_romance	3k_main_skillset_sima_shi_minister_earth_1E	0	3	1	0.0000	0.0000	SUBSET_REQUIRED
3k_main_skillset_sima_shi_minister_earth_1A	3k_main_skillset_sima_shi_minister_earth_2A_historical	0	1	3	0.0000	0.0000	SUBSET_REQUIRED
3k_main_skillset_sima_shi_minister_earth_1A	3k_main_skillset_sima_shi_minister_earth_2A_romance	0	1	3	0.0000	0.0000	SUBSET_REQUIRED
3k_main_skillset_sima_zhao_minister_earth_0B	3k_main_skillset_sima_zhao_minister_earth_0A	0	2	4	0.0000	0.0000	SUBSET_REQUIRED
3k_main_skillset_sima_zhao_minister_earth_2A_historical	3k_main_skillset_sima_zhao_minister_earth_0A	0	1	3	0.0000	0.0000	SUBSET_REQUIRED
3k_main_skillset_sima_zhao_minister_earth_2A_romance	3k_main_skillset_sima_zhao_minister_earth_0A	0	1	3	0.0000	0.0000	SUBSET_REQUIRED
3k_main_skillset_sima_zhao_minister_earth_0C	3k_main_skillset_sima_zhao_minister_earth_0B	0	2	4	0.0000	0.0000	SUBSET_REQUIRED
3k_main_skillset_sima_zhao_minister_earth_2B	3k_main_skillset_sima_zhao_minister_earth_0B	0	1	3	0.0000	0.0000	SUBSET_REQUIRED
3k_main_skillset_sima_zhao_minister_earth_0D	3k_main_skillset_sima_zhao_minister_earth_0C	0	2	4	0.0000	0.0000	SUBSET_REQUIRED
3k_main_skillset_sima_zhao_minister_earth_2C_historical	3k_main_skillset_sima_zhao_minister_earth_0C	0	1	3	0.0000	0.0000	SUBSET_REQUIRED
3k_main_skillset_sima_zhao_minister_earth_2C_romance	3k_main_skillset_sima_zhao_minister_earth_0C	0	1	3	0.0000	0.0000	SUBSET_REQUIRED
3k_main_skillset_sima_zhao_minister_earth_0E	3k_main_skillset_sima_zhao_minister_earth_0D	0	2	4	0.0000	0.0000	SUBSET_REQUIRED
3k_main_skillset_sima_zhao_minister_earth_2D	3k_main_skillset_sima_zhao_minister_earth_0D	0	1	3	0.0000	0.0000	SUBSET_REQUIRED
3k_main_skillset_sima_zhao_minister_earth_2E_historical	3k_main_skillset_sima_zhao_minister_earth_0E	0	1	3	0.0000	0.0000	SUBSET_REQUIRED
3k_main_skillset_sima_zhao_minister_earth_2E_romance	3k_main_skillset_sima_zhao_minister_earth_0E	0	1	3	0.0000	0.0000	SUBSET_REQUIRED
3k_main_skillset_sima_zhao_minister_earth_1B	3k_main_skillset_sima_zhao_minister_earth_1A	0	2	4	0.0000	0.0000	SUBSET_REQUIRED
3k_main_skillset_sima_zhao_minister_earth_1C	3k_main_skillset_sima_zhao_minister_earth_1B	0	2	4	0.0000	0.0000	SUBSET_REQUIRED
3k_main_skillset_sima_zhao_minister_earth_2B	3k_main_skillset_sima_zhao_minister_earth_1B	0	3	1	0.0000	0.0000	SUBSET_REQUIRED
3k_main_skillset_sima_zhao_minister_earth_1D	3k_main_skillset_sima_zhao_minister_earth_1C	0	2	4	0.0000	0.0000	SUBSET_REQUIRED
3k_main_skillset_sima_zhao_minister_earth_2C_historical	3k_main_skillset_sima_zhao_minister_earth_1C	0	3	1	0.0000	0.0000	SUBSET_REQUIRED
3k_main_skillset_sima_zhao_minister_earth_2C_romance	3k_main_skillset_sima_zhao_minister_earth_1C	0	3	1	0.0000	0.0000	SUBSET_REQUIRED
3k_main_skillset_sima_zhao_minister_earth_1E	3k_main_skillset_sima_zhao_minister_earth_1D	0	2	4	0.0000	0.0000	SUBSET_REQUIRED
3k_main_skillset_sima_zhao_minister_earth_2D	3k_main_skillset_sima_zhao_minister_earth_1D	0	3	1	0.0000	0.0000	SUBSET_REQUIRED
3k_main_skillset_sima_zhao_minister_earth_2E_historical	3k_main_skillset_sima_zhao_minister_earth_1E	0	3	1	0.0000	0.0000	SUBSET_REQUIRED
3k_main_skillset_sima_zhao_minister_earth_2E_romance	3k_main_skillset_sima_zhao_minister_earth_1E	0	3	1	0.0000	0.0000	SUBSET_REQUIRED
3k_main_skillset_sima_zhao_minister_earth_1A	3k_main_skillset_sima_zhao_minister_earth_2A_historical	0	1	3	0.0000	0.0000	SUBSET_REQUIRED
3k_main_skillset_sima_zhao_minister_earth_1A	3k_main_skillset_sima_zhao_minister_earth_2A_romance	0	1	3	0.0000	0.0000	SUBSET_REQUIRED
3k_main_skillset_wang_ping_general_fire_2A_historical	3k_main_skillset_wang_ping_general_fire_0A	0	1	3	0.0000	0.0000	SUBSET_REQUIRED
3k_main_skillset_wang_ping_general_fire_2A_romance	3k_main_skillset_wang_ping_general_fire_0A	0	1	3	0.0000	0.0000	SUBSET_REQUIRED
3k_main_skillset_wang_ping_general_fire_0A	3k_main_skillset_wang_ping_general_fire_0B	0	4	2	0.0000	0.0000	SUBSET_REQUIRED
3k_main_skillset_wang_ping_general_fire_2B	3k_main_skillset_wang_ping_general_fire_0B	0	1	3	0.0000	0.0000	SUBSET_REQUIRED
3k_main_skillset_wang_ping_general_fire_0B	3k_main_skillset_wang_ping_general_fire_0C	0	4	2	0.0000	0.0000	SUBSET_REQUIRED
3k_main_skillset_wang_ping_general_fire_2C_historical	3k_main_skillset_wang_ping_general_fire_0C	0	1	3	0.0000	0.0000	SUBSET_REQUIRED
3k_main_skillset_wang_ping_general_fire_2C_romance	3k_main_skillset_wang_ping_general_fire_0C	0	1	3	0.0000	0.0000	SUBSET_REQUIRED
3k_main_skillset_wang_ping_general_fire_0C	3k_main_skillset_wang_ping_general_fire_0D	0	4	2	0.0000	0.0000	SUBSET_REQUIRED
3k_main_skillset_wang_ping_general_fire_2D	3k_main_skillset_wang_ping_general_fire_0D	0	1	3	0.0000	0.0000	SUBSET_REQUIRED
3k_main_skillset_wang_ping_general_fire_0D	3k_main_skillset_wang_ping_general_fire_0E	0	4	2	0.0000	0.0000	SUBSET_REQUIRED
3k_main_skillset_wang_ping_general_fire_2A_historical	3k_main_skillset_wang_ping_general_fire_1A	0	3	1	0.0000	0.0000	SUBSET_REQUIRED
3k_main_skillset_wang_ping_general_fire_2A_romance	3k_main_skillset_wang_ping_general_fire_1A	0	3	1	0.0000	0.0000	SUBSET_REQUIRED
3k_main_skillset_wang_ping_general_fire_1A	3k_main_skillset_wang_ping_general_fire_1B	0	4	2	0.0000	0.0000	SUBSET_REQUIRED
3k_main_skillset_wang_ping_general_fire_2B	3k_main_skillset_wang_ping_general_fire_1B	0	3	1	0.0000	0.0000	SUBSET_REQUIRED
3k_main_skillset_wang_ping_general_fire_1B	3k_main_skillset_wang_ping_general_fire_1C	0	4	2	0.0000	0.0000	SUBSET_REQUIRED
3k_main_skillset_wang_ping_general_fire_2C_historical	3k_main_skillset_wang_ping_general_fire_1C	0	3	1	0.0000	0.0000	SUBSET_REQUIRED
3k_main_skillset_wang_ping_general_fire_2C_romance	3k_main_skillset_wang_ping_general_fire_1C	0	3	1	0.0000	0.0000	SUBSET_REQUIRED
3k_main_skillset_wang_ping_general_fire_1C	3k_main_skillset_wang_ping_general_fire_1D	0	4	2	0.0000	0.0000	SUBSET_REQUIRED
3k_main_skillset_wang_ping_general_fire_2D	3k_main_skillset_wang_ping_general_fire_1D	0	3	1	0.0000	0.0000	SUBSET_REQUIRED
3k_main_skillset_wang_ping_general_fire_1D	3k_main_skillset_wang_ping_general_fire_1E	0	4	2	0.0000	0.0000	SUBSET_REQUIRED
3k_main_skillset_wang_ping_general_fire_2E_historical	3k_main_skillset_wang_ping_general_fire_1E	0	3	1	0.0000	0.0000	SUBSET_REQUIRED
3k_main_skillset_wang_ping_general_fire_2E_romance	3k_main_skillset_wang_ping_general_fire_1E	0	3	1	0.0000	0.0000	SUBSET_REQUIRED
3k_main_skillset_wang_ping_general_fire_0E	3k_main_skillset_wang_ping_general_fire_2E_historical	0	3	1	0.0000	0.0000	SUBSET_REQUIRED
3k_main_skillset_wang_ping_general_fire_0E	3k_main_skillset_wang_ping_general_fire_2E_romance	0	3	1	0.0000	0.0000	SUBSET_REQUIRED
3k_main_skillset_wang_yuanji_envoy_earth_2A_historical	3k_main_skillset_wang_yuanji_envoy_earth_0A	0	1	3	0.0000	0.0000	SUBSET_REQUIRED
3k_main_skillset_wang_yuanji_envoy_earth_2A_romance	3k_main_skillset_wang_yuanji_envoy_earth_0A	0	1	3	0.0000	0.0000	SUBSET_REQUIRED
3k_main_skillset_wang_yuanji_envoy_earth_0A	3k_main_skillset_wang_yuanji_envoy_earth_0B	0	4	2	0.0000	0.0000	SUBSET_REQUIRED
3k_main_skillset_wang_yuanji_envoy_earth_2B	3k_main_skillset_wang_yuanji_envoy_earth_0B	0	1	3	0.0000	0.0000	SUBSET_REQUIRED
3k_main_skillset_wang_yuanji_envoy_earth_0B	3k_main_skillset_wang_yuanji_envoy_earth_0C	0	4	2	0.0000	0.0000	SUBSET_REQUIRED
3k_main_skillset_wang_yuanji_envoy_earth_0D	3k_main_skillset_wang_yuanji_envoy_earth_0C	0	2	4	0.0000	0.0000	SUBSET_REQUIRED
3k_main_skillset_wang_yuanji_envoy_earth_2C_historical	3k_main_skillset_wang_yuanji_envoy_earth_0C	0	1	3	0.0000	0.0000	SUBSET_REQUIRED
3k_main_skillset_wang_yuanji_envoy_earth_2C_romance	3k_main_skillset_wang_yuanji_envoy_earth_0C	0	1	3	0.0000	0.0000	SUBSET_REQUIRED
3k_main_skillset_wang_yuanji_envoy_earth_0E	3k_main_skillset_wang_yuanji_envoy_earth_0D	0	2	4	0.0000	0.0000	SUBSET_REQUIRED
3k_main_skillset_wang_yuanji_envoy_earth_2D	3k_main_skillset_wang_yuanji_envoy_earth_0D	0	1	3	0.0000	0.0000	SUBSET_REQUIRED
3k_main_skillset_wang_yuanji_envoy_earth_2E_historical	3k_main_skillset_wang_yuanji_envoy_earth_0E	0	1	3	0.0000	0.0000	SUBSET_REQUIRED
3k_main_skillset_wang_yuanji_envoy_earth_2E_romance	3k_main_skillset_wang_yuanji_envoy_earth_0E	0	1	3	0.0000	0.0000	SUBSET_REQUIRED
3k_main_skillset_wang_yuanji_envoy_earth_2A_historical	3k_main_skillset_wang_yuanji_envoy_earth_1A	0	3	1	0.0000	0.0000	SUBSET_REQUIRED
3k_main_skillset_wang_yuanji_envoy_earth_2A_romance	3k_main_skillset_wang_yuanji_envoy_earth_1A	0	3	1	0.0000	0.0000	SUBSET_REQUIRED
3k_main_skillset_wang_yuanji_envoy_earth_1A	3k_main_skillset_wang_yuanji_envoy_earth_1B	0	4	2	0.0000	0.0000	SUBSET_REQUIRED
3k_main_skillset_wang_yuanji_envoy_earth_2B	3k_main_skillset_wang_yuanji_envoy_earth_1B	0	3	1	0.0000	0.0000	SUBSET_REQUIRED
3k_main_skillset_wang_yuanji_envoy_earth_1B	3k_main_skillset_wang_yuanji_envoy_earth_1C	0	4	2	0.0000	0.0000	SUBSET_REQUIRED
3k_main_skillset_wang_yuanji_envoy_earth_1D	3k_main_skillset_wang_yuanji_envoy_earth_1C	0	2	4	0.0000	0.0000	SUBSET_REQUIRED
3k_main_skillset_wang_yuanji_envoy_earth_1E	3k_main_skillset_wang_yuanji_envoy_earth_1D	0	2	4	0.0000	0.0000	SUBSET_REQUIRED
3k_main_skillset_wang_yuanji_envoy_earth_2D	3k_main_skillset_wang_yuanji_envoy_earth_1D	0	3	1	0.0000	0.0000	SUBSET_REQUIRED
3k_main_skillset_wang_yuanji_envoy_earth_2E_historical	3k_main_skillset_wang_yuanji_envoy_earth_1E	0	3	1	0.0000	0.0000	SUBSET_REQUIRED
3k_main_skillset_wang_yuanji_envoy_earth_2E_romance	3k_main_skillset_wang_yuanji_envoy_earth_1E	0	3	1	0.0000	0.0000	SUBSET_REQUIRED
3k_main_skillset_wang_yuanji_envoy_earth_1C	3k_main_skillset_wang_yuanji_envoy_earth_2C_historical	0	1	3	0.0000	0.0000	SUBSET_REQUIRED
3k_main_skillset_wang_yuanji_envoy_earth_1C	3k_main_skillset_wang_yuanji_envoy_earth_2C_romance	0	1	3	0.0000	0.0000	SUBSET_REQUIRED
3k_main_skillset_wu_jing_minister_fire_2A_historical	3k_main_skillset_wu_jing_minister_fire_0A	0	1	3	0.0000	0.0000	SUBSET_REQUIRED
3k_main_skillset_wu_jing_minister_fire_2A_romance	3k_main_skillset_wu_jing_minister_fire_0A	0	1	3	0.0000	0.0000	SUBSET_REQUIRED
3k_main_skillset_wu_jing_minister_fire_0A	3k_main_skillset_wu_jing_minister_fire_0B	0	4	2	0.0000	0.0000	SUBSET_REQUIRED
3k_main_skillset_wu_jing_minister_fire_2B	3k_main_skillset_wu_jing_minister_fire_0B	0	1	3	0.0000	0.0000	SUBSET_REQUIRED
3k_main_skillset_wu_jing_minister_fire_0B	3k_main_skillset_wu_jing_minister_fire_0C	0	4	2	0.0000	0.0000	SUBSET_REQUIRED
3k_main_skillset_wu_jing_minister_fire_2C_historical	3k_main_skillset_wu_jing_minister_fire_0C	0	1	3	0.0000	0.0000	SUBSET_REQUIRED
3k_main_skillset_wu_jing_minister_fire_2C_romance	3k_main_skillset_wu_jing_minister_fire_0C	0	1	3	0.0000	0.0000	SUBSET_REQUIRED
3k_main_skillset_wu_jing_minister_fire_0C	3k_main_skillset_wu_jing_minister_fire_0D	0	4	2	0.0000	0.0000	SUBSET_REQUIRED
3k_main_skillset_wu_jing_minister_fire_2D	3k_main_skillset_wu_jing_minister_fire_0D	0	1	3	0.0000	0.0000	SUBSET_REQUIRED
3k_main_skillset_wu_jing_minister_fire_0D	3k_main_skillset_wu_jing_minister_fire_0E	0	4	2	0.0000	0.0000	SUBSET_REQUIRED
3k_main_skillset_wu_jing_minister_fire_2E_historical	3k_main_skillset_wu_jing_minister_fire_0E	0	1	3	0.0000	0.0000	SUBSET_REQUIRED
3k_main_skillset_wu_jing_minister_fire_2E_romance	3k_main_skillset_wu_jing_minister_fire_0E	0	1	3	0.0000	0.0000	SUBSET_REQUIRED
3k_main_skillset_wu_jing_minister_fire_2A_historical	3k_main_skillset_wu_jing_minister_fire_1A	0	3	1	0.0000	0.0000	SUBSET_REQUIRED
3k_main_skillset_wu_jing_minister_fire_2A_romance	3k_main_skillset_wu_jing_minister_fire_1A	0	3	1	0.0000	0.0000	SUBSET_REQUIRED
3k_main_skillset_wu_jing_minister_fire_1A	3k_main_skillset_wu_jing_minister_fire_1B	0	4	2	0.0000	0.0000	SUBSET_REQUIRED
3k_main_skillset_wu_jing_minister_fire_2B	3k_main_skillset_wu_jing_minister_fire_1B	0	3	1	0.0000	0.0000	SUBSET_REQUIRED
3k_main_skillset_wu_jing_minister_fire_1B	3k_main_skillset_wu_jing_minister_fire_1C	0	4	2	0.0000	0.0000	SUBSET_REQUIRED
3k_main_skillset_wu_jing_minister_fire_2C_historical	3k_main_skillset_wu_jing_minister_fire_1C	0	3	1	0.0000	0.0000	SUBSET_REQUIRED
3k_main_skillset_wu_jing_minister_fire_2C_romance	3k_main_skillset_wu_jing_minister_fire_1C	0	3	1	0.0000	0.0000	SUBSET_REQUIRED
3k_main_skillset_wu_jing_minister_fire_1C	3k_main_skillset_wu_jing_minister_fire_1D	0	4	2	0.0000	0.0000	SUBSET_REQUIRED
3k_main_skillset_wu_jing_minister_fire_2D	3k_main_skillset_wu_jing_minister_fire_1D	0	3	1	0.0000	0.0000	SUBSET_REQUIRED
3k_main_skillset_wu_jing_minister_fire_1D	3k_main_skillset_wu_jing_minister_fire_1E	0	4	2	0.0000	0.0000	SUBSET_REQUIRED
3k_main_skillset_wu_jing_minister_fire_1E	3k_main_skillset_wu_jing_minister_fire_2E_historical	0	1	3	0.0000	0.0000	SUBSET_REQUIRED
3k_main_skillset_wu_jing_minister_fire_1E	3k_main_skillset_wu_jing_minister_fire_2E_romance	0	1	3	0.0000	0.0000	SUBSET_REQUIRED
3k_main_skillset_xiahou_ba_general_fire_2A_historical	3k_main_skillset_xiahou_ba_general_fire_0A	0	1	3	0.0000	0.0000	SUBSET_REQUIRED
3k_main_skillset_xiahou_ba_general_fire_2A_romance	3k_main_skillset_xiahou_ba_general_fire_0A	0	1	3	0.0000	0.0000	SUBSET_REQUIRED
3k_main_skillset_xiahou_ba_general_fire_0A	3k_main_skillset_xiahou_ba_general_fire_0B	0	4	2	0.0000	0.0000	SUBSET_REQUIRED
3k_main_skillset_xiahou_ba_general_fire_2B	3k_main_skillset_xiahou_ba_general_fire_0B	0	1	3	0.0000	0.0000	SUBSET_REQUIRED
3k_main_skillset_xiahou_ba_general_fire_0B	3k_main_skillset_xiahou_ba_general_fire_0C	0	4	2	0.0000	0.0000	SUBSET_REQUIRED
3k_main_skillset_xiahou_ba_general_fire_2C_historical	3k_main_skillset_xiahou_ba_general_fire_0C	0	1	3	0.0000	0.0000	SUBSET_REQUIRED
3k_main_skillset_xiahou_ba_general_fire_2C_romance	3k_main_skillset_xiahou_ba_general_fire_0C	0	1	3	0.0000	0.0000	SUBSET_REQUIRED
3k_main_skillset_xiahou_ba_general_fire_0C	3k_main_skillset_xiahou_ba_general_fire_0D	0	4	2	0.0000	0.0000	SUBSET_REQUIRED
3k_main_skillset_xiahou_ba_general_fire_2D	3k_main_skillset_xiahou_ba_general_fire_0D	0	1	3	0.0000	0.0000	SUBSET_REQUIRED
3k_main_skillset_xiahou_ba_general_fire_0D	3k_main_skillset_xiahou_ba_general_fire_0E	0	4	2	0.0000	0.0000	SUBSET_REQUIRED
3k_main_skillset_xiahou_ba_general_fire_2A_historical	3k_main_skillset_xiahou_ba_general_fire_1A	0	3	1	0.0000	0.0000	SUBSET_REQUIRED
3k_main_skillset_xiahou_ba_general_fire_2A_romance	3k_main_skillset_xiahou_ba_general_fire_1A	0	3	1	0.0000	0.0000	SUBSET_REQUIRED
3k_main_skillset_xiahou_ba_general_fire_1A	3k_main_skillset_xiahou_ba_general_fire_1B	0	4	2	0.0000	0.0000	SUBSET_REQUIRED
3k_main_skillset_xiahou_ba_general_fire_2B	3k_main_skillset_xiahou_ba_general_fire_1B	0	3	1	0.0000	0.0000	SUBSET_REQUIRED
3k_main_skillset_xiahou_ba_general_fire_1B	3k_main_skillset_xiahou_ba_general_fire_1C	0	4	2	0.0000	0.0000	SUBSET_REQUIRED
3k_main_skillset_xiahou_ba_general_fire_2C_historical	3k_main_skillset_xiahou_ba_general_fire_1C	0	3	1	0.0000	0.0000	SUBSET_REQUIRED
3k_main_skillset_xiahou_ba_general_fire_2C_romance	3k_main_skillset_xiahou_ba_general_fire_1C	0	3	1	0.0000	0.0000	SUBSET_REQUIRED
3k_main_skillset_xiahou_ba_general_fire_1C	3k_main_skillset_xiahou_ba_general_fire_1D	0	4	2	0.0000	0.0000	SUBSET_REQUIRED
3k_main_skillset_xiahou_ba_general_fire_2D	3k_main_skillset_xiahou_ba_general_fire_1D	0	3	1	0.0000	0.0000	SUBSET_REQUIRED
3k_main_skillset_xiahou_ba_general_fire_1D	3k_main_skillset_xiahou_ba_general_fire_1E	0	4	2	0.0000	0.0000	SUBSET_REQUIRED
3k_main_skillset_xiahou_ba_general_fire_2E_historical	3k_main_skillset_xiahou_ba_general_fire_1E	0	3	1	0.0000	0.0000	SUBSET_REQUIRED
3k_main_skillset_xiahou_ba_general_fire_2E_romance	3k_main_skillset_xiahou_ba_general_fire_1E	0	3	1	0.0000	0.0000	SUBSET_REQUIRED
3k_main_skillset_xiahou_ba_general_fire_0E	3k_main_skillset_xiahou_ba_general_fire_2E_historical	0	3	1	0.0000	0.0000	SUBSET_REQUIRED
3k_main_skillset_xiahou_ba_general_fire_0E	3k_main_skillset_xiahou_ba_general_fire_2E_romance	0	3	1	0.0000	0.0000	SUBSET_REQUIRED
3k_main_skillset_xin_xianying_governor_water_strategist_2A_historical	3k_main_skillset_xin_xianying_governor_water_strategist_0A	0	1	3	0.0000	0.0000	SUBSET_REQUIRED
3k_main_skillset_xin_xianying_governor_water_strategist_2A_romance	3k_main_skillset_xin_xianying_governor_water_strategist_0A	0	1	3	0.0000	0.0000	SUBSET_REQUIRED
3k_main_skillset_xin_xianying_governor_water_strategist_0A	3k_main_skillset_xin_xianying_governor_water_strategist_0B	0	4	2	0.0000	0.0000	SUBSET_REQUIRED
3k_main_skillset_xin_xianying_governor_water_strategist_2B	3k_main_skillset_xin_xianying_governor_water_strategist_0B	0	1	3	0.0000	0.0000	SUBSET_REQUIRED
3k_main_skillset_xin_xianying_governor_water_strategist_0B	3k_main_skillset_xin_xianying_governor_water_strategist_0C	0	4	2	0.0000	0.0000	SUBSET_REQUIRED
3k_main_skillset_xin_xianying_governor_water_strategist_0D	3k_main_skillset_xin_xianying_governor_water_strategist_0C	0	2	4	0.0000	0.0000	SUBSET_REQUIRED
3k_main_skillset_xin_xianying_governor_water_strategist_0E	3k_main_skillset_xin_xianying_governor_water_strategist_0D	0	2	4	0.0000	0.0000	SUBSET_REQUIRED
3k_main_skillset_xin_xianying_governor_water_strategist_2D	3k_main_skillset_xin_xianying_governor_water_strategist_0D	0	1	3	0.0000	0.0000	SUBSET_REQUIRED
3k_main_skillset_xin_xianying_governor_water_strategist_2E_historical	3k_main_skillset_xin_xianying_governor_water_strategist_0E	0	1	3	0.0000	0.0000	SUBSET_REQUIRED
3k_main_skillset_xin_xianying_governor_water_strategist_2E_romance	3k_main_skillset_xin_xianying_governor_water_strategist_0E	0	1	3	0.0000	0.0000	SUBSET_REQUIRED
3k_main_skillset_xin_xianying_governor_water_strategist_2A_historical	3k_main_skillset_xin_xianying_governor_water_strategist_1A	0	3	1	0.0000	0.0000	SUBSET_REQUIRED
3k_main_skillset_xin_xianying_governor_water_strategist_2A_romance	3k_main_skillset_xin_xianying_governor_water_strategist_1A	0	3	1	0.0000	0.0000	SUBSET_REQUIRED
3k_main_skillset_xin_xianying_governor_water_strategist_1A	3k_main_skillset_xin_xianying_governor_water_strategist_1B	0	4	2	0.0000	0.0000	SUBSET_REQUIRED
3k_main_skillset_xin_xianying_governor_water_strategist_2B	3k_main_skillset_xin_xianying_governor_water_strategist_1B	0	3	1	0.0000	0.0000	SUBSET_REQUIRED
3k_main_skillset_xin_xianying_governor_water_strategist_1B	3k_main_skillset_xin_xianying_governor_water_strategist_1C	0	4	2	0.0000	0.0000	SUBSET_REQUIRED
3k_main_skillset_xin_xianying_governor_water_strategist_1D	3k_main_skillset_xin_xianying_governor_water_strategist_1C	0	2	4	0.0000	0.0000	SUBSET_REQUIRED
3k_main_skillset_xin_xianying_governor_water_strategist_2C_historical	3k_main_skillset_xin_xianying_governor_water_strategist_1C	0	3	1	0.0000	0.0000	SUBSET_REQUIRED
3k_main_skillset_xin_xianying_governor_water_strategist_2C_romance	3k_main_skillset_xin_xianying_governor_water_strategist_1C	0	3	1	0.0000	0.0000	SUBSET_REQUIRED
3k_main_skillset_xin_xianying_governor_water_strategist_1E	3k_main_skillset_xin_xianying_governor_water_strategist_1D	0	2	4	0.0000	0.0000	SUBSET_REQUIRED
3k_main_skillset_xin_xianying_governor_water_strategist_2D	3k_main_skillset_xin_xianying_governor_water_strategist_1D	0	3	1	0.0000	0.0000	SUBSET_REQUIRED
3k_main_skillset_xin_xianying_governor_water_strategist_2E_historical	3k_main_skillset_xin_xianying_governor_water_strategist_1E	0	3	1	0.0000	0.0000	SUBSET_REQUIRED
3k_main_skillset_xin_xianying_governor_water_strategist_2E_romance	3k_main_skillset_xin_xianying_governor_water_strategist_1E	0	3	1	0.0000	0.0000	SUBSET_REQUIRED
3k_main_skillset_xin_xianying_governor_water_strategist_0C	3k_main_skillset_xin_xianying_governor_water_strategist_2C_historical	0	3	1	0.0000	0.0000	SUBSET_REQUIRED
3k_main_skillset_xin_xianying_governor_water_strategist_0C	3k_main_skillset_xin_xianying_governor_water_strategist_2C_romance	0	3	1	0.0000	0.0000	SUBSET_REQUIRED
3k_main_skillset_xu_shu_general_water_strategist_2A_historical	3k_main_skillset_xu_shu_general_water_strategist_0A	0	1	3	0.0000	0.0000	SUBSET_REQUIRED
3k_main_skillset_xu_shu_general_water_strategist_2A_romance	3k_main_skillset_xu_shu_general_water_strategist_0A	0	1	3	0.0000	0.0000	SUBSET_REQUIRED
3k_main_skillset_xu_shu_general_water_strategist_0A	3k_main_skillset_xu_shu_general_water_strategist_0B	0	4	2	0.0000	0.0000	SUBSET_REQUIRED
3k_main_skillset_xu_shu_general_water_strategist_2B	3k_main_skillset_xu_shu_general_water_strategist_0B	0	1	3	0.0000	0.0000	SUBSET_REQUIRED
3k_main_skillset_xu_shu_general_water_strategist_0B	3k_main_skillset_xu_shu_general_water_strategist_0C	0	4	2	0.0000	0.0000	SUBSET_REQUIRED
3k_main_skillset_xu_shu_general_water_strategist_2C_historical	3k_main_skillset_xu_shu_general_water_strategist_0C	0	1	3	0.0000	0.0000	SUBSET_REQUIRED
3k_main_skillset_xu_shu_general_water_strategist_2C_romance	3k_main_skillset_xu_shu_general_water_strategist_0C	0	1	3	0.0000	0.0000	SUBSET_REQUIRED
3k_main_skillset_xu_shu_general_water_strategist_0C	3k_main_skillset_xu_shu_general_water_strategist_0D	0	4	2	0.0000	0.0000	SUBSET_REQUIRED
3k_main_skillset_xu_shu_general_water_strategist_2D	3k_main_skillset_xu_shu_general_water_strategist_0D	0	1	3	0.0000	0.0000	SUBSET_REQUIRED
3k_main_skillset_xu_shu_general_water_strategist_0D	3k_main_skillset_xu_shu_general_water_strategist_0E	0	4	2	0.0000	0.0000	SUBSET_REQUIRED
3k_main_skillset_xu_shu_general_water_strategist_2E_historical	3k_main_skillset_xu_shu_general_water_strategist_0E	0	1	3	0.0000	0.0000	SUBSET_REQUIRED
3k_main_skillset_xu_shu_general_water_strategist_2E_romance	3k_main_skillset_xu_shu_general_water_strategist_0E	0	1	3	0.0000	0.0000	SUBSET_REQUIRED
3k_main_skillset_xu_shu_general_water_strategist_2A_historical	3k_main_skillset_xu_shu_general_water_strategist_1A	0	3	1	0.0000	0.0000	SUBSET_REQUIRED
3k_main_skillset_xu_shu_general_water_strategist_2A_romance	3k_main_skillset_xu_shu_general_water_strategist_1A	0	3	1	0.0000	0.0000	SUBSET_REQUIRED
3k_main_skillset_xu_shu_general_water_strategist_1A	3k_main_skillset_xu_shu_general_water_strategist_1B	0	4	2	0.0000	0.0000	SUBSET_REQUIRED
3k_main_skillset_xu_shu_general_water_strategist_2B	3k_main_skillset_xu_shu_general_water_strategist_1B	0	3	1	0.0000	0.0000	SUBSET_REQUIRED
3k_main_skillset_xu_shu_general_water_strategist_1B	3k_main_skillset_xu_shu_general_water_strategist_1C	0	4	2	0.0000	0.0000	SUBSET_REQUIRED
3k_main_skillset_xu_shu_general_water_strategist_2C_historical	3k_main_skillset_xu_shu_general_water_strategist_1C	0	3	1	0.0000	0.0000	SUBSET_REQUIRED
3k_main_skillset_xu_shu_general_water_strategist_2C_romance	3k_main_skillset_xu_shu_general_water_strategist_1C	0	3	1	0.0000	0.0000	SUBSET_REQUIRED
3k_main_skillset_xu_shu_general_water_strategist_1C	3k_main_skillset_xu_shu_general_water_strategist_1D	0	4	2	0.0000	0.0000	SUBSET_REQUIRED
3k_main_skillset_xu_shu_general_water_strategist_2D	3k_main_skillset_xu_shu_general_water_strategist_1D	0	3	1	0.0000	0.0000	SUBSET_REQUIRED
3k_main_skillset_xu_shu_general_water_strategist_1D	3k_main_skillset_xu_shu_general_water_strategist_1E	0	4	2	0.0000	0.0000	SUBSET_REQUIRED
3k_main_skillset_xu_shu_general_water_strategist_1E	3k_main_skillset_xu_shu_general_water_strategist_2E_historical	0	1	3	0.0000	0.0000	SUBSET_REQUIRED
3k_main_skillset_xu_shu_general_water_strategist_1E	3k_main_skillset_xu_shu_general_water_strategist_2E_romance	0	1	3	0.0000	0.0000	SUBSET_REQUIRED
3k_main_skillset_zhang_chunhua_envoy_water_strategist_0B	3k_main_skillset_zhang_chunhua_envoy_water_strategist_0A	0	2	4	0.0000	0.0000	SUBSET_REQUIRED
3k_main_skillset_zhang_chunhua_envoy_water_strategist_0C	3k_main_skillset_zhang_chunhua_envoy_water_strategist_0B	0	2	4	0.0000	0.0000	SUBSET_REQUIRED
3k_main_skillset_zhang_chunhua_envoy_water_strategist_2B	3k_main_skillset_zhang_chunhua_envoy_water_strategist_0B	0	1	3	0.0000	0.0000	SUBSET_REQUIRED
3k_main_skillset_zhang_chunhua_envoy_water_strategist_0D	3k_main_skillset_zhang_chunhua_envoy_water_strategist_0C	0	2	4	0.0000	0.0000	SUBSET_REQUIRED
3k_main_skillset_zhang_chunhua_envoy_water_strategist_2C_historical	3k_main_skillset_zhang_chunhua_envoy_water_strategist_0C	0	1	3	0.0000	0.0000	SUBSET_REQUIRED
3k_main_skillset_zhang_chunhua_envoy_water_strategist_2C_romance	3k_main_skillset_zhang_chunhua_envoy_water_strategist_0C	0	1	3	0.0000	0.0000	SUBSET_REQUIRED
3k_main_skillset_zhang_chunhua_envoy_water_strategist_0E	3k_main_skillset_zhang_chunhua_envoy_water_strategist_0D	0	2	4	0.0000	0.0000	SUBSET_REQUIRED
3k_main_skillset_zhang_chunhua_envoy_water_strategist_2D	3k_main_skillset_zhang_chunhua_envoy_water_strategist_0D	0	1	3	0.0000	0.0000	SUBSET_REQUIRED
3k_main_skillset_zhang_chunhua_envoy_water_strategist_2E_historical	3k_main_skillset_zhang_chunhua_envoy_water_strategist_0E	0	1	3	0.0000	0.0000	SUBSET_REQUIRED
3k_main_skillset_zhang_chunhua_envoy_water_strategist_2E_romance	3k_main_skillset_zhang_chunhua_envoy_water_strategist_0E	0	1	3	0.0000	0.0000	SUBSET_REQUIRED
3k_main_skillset_zhang_chunhua_envoy_water_strategist_1B	3k_main_skillset_zhang_chunhua_envoy_water_strategist_1A	0	2	4	0.0000	0.0000	SUBSET_REQUIRED
3k_main_skillset_zhang_chunhua_envoy_water_strategist_2A_historical	3k_main_skillset_zhang_chunhua_envoy_water_strategist_1A	0	3	1	0.0000	0.0000	SUBSET_REQUIRED
3k_main_skillset_zhang_chunhua_envoy_water_strategist_2A_romance	3k_main_skillset_zhang_chunhua_envoy_water_strategist_1A	0	3	1	0.0000	0.0000	SUBSET_REQUIRED
3k_main_skillset_zhang_chunhua_envoy_water_strategist_1C	3k_main_skillset_zhang_chunhua_envoy_water_strategist_1B	0	2	4	0.0000	0.0000	SUBSET_REQUIRED
3k_main_skillset_zhang_chunhua_envoy_water_strategist_2B	3k_main_skillset_zhang_chunhua_envoy_water_strategist_1B	0	3	1	0.0000	0.0000	SUBSET_REQUIRED
3k_main_skillset_zhang_chunhua_envoy_water_strategist_1D	3k_main_skillset_zhang_chunhua_envoy_water_strategist_1C	0	2	4	0.0000	0.0000	SUBSET_REQUIRED
3k_main_skillset_zhang_chunhua_envoy_water_strategist_2C_historical	3k_main_skillset_zhang_chunhua_envoy_water_strategist_1C	0	3	1	0.0000	0.0000	SUBSET_REQUIRED
3k_main_skillset_zhang_chunhua_envoy_water_strategist_2C_romance	3k_main_skillset_zhang_chunhua_envoy_water_strategist_1C	0	3	1	0.0000	0.0000	SUBSET_REQUIRED
3k_main_skillset_zhang_chunhua_envoy_water_strategist_1E	3k_main_skillset_zhang_chunhua_envoy_water_strategist_1D	0	2	4	0.0000	0.0000	SUBSET_REQUIRED
3k_main_skillset_zhang_chunhua_envoy_water_strategist_2D	3k_main_skillset_zhang_chunhua_envoy_water_strategist_1D	0	3	1	0.0000	0.0000	SUBSET_REQUIRED
3k_main_skillset_zhang_chunhua_envoy_water_strategist_2E_historical	3k_main_skillset_zhang_chunhua_envoy_water_strategist_1E	0	3	1	0.0000	0.0000	SUBSET_REQUIRED
3k_main_skillset_zhang_chunhua_envoy_water_strategist_2E_romance	3k_main_skillset_zhang_chunhua_envoy_water_strategist_1E	0	3	1	0.0000	0.0000	SUBSET_REQUIRED
3k_main_skillset_zhang_chunhua_envoy_water_strategist_0A	3k_main_skillset_zhang_chunhua_envoy_water_strategist_2A_historical	0	3	1	0.0000	0.0000	SUBSET_REQUIRED
3k_main_skillset_zhang_chunhua_envoy_water_strategist_0A	3k_main_skillset_zhang_chunhua_envoy_water_strategist_2A_romance	0	3	1	0.0000	0.0000	SUBSET_REQUIRED
3k_main_skillset_zhang_ni_general_wood_2A_historical	3k_main_skillset_zhang_ni_general_wood_0A	0	1	3	0.0000	0.0000	SUBSET_REQUIRED
3k_main_skillset_zhang_ni_general_wood_2A_romance	3k_main_skillset_zhang_ni_general_wood_0A	0	1	3	0.0000	0.0000	SUBSET_REQUIRED
3k_main_skillset_zhang_ni_general_wood_0A	3k_main_skillset_zhang_ni_general_wood_0B	0	4	2	0.0000	0.0000	SUBSET_REQUIRED
3k_main_skillset_zhang_ni_general_wood_2B	3k_main_skillset_zhang_ni_general_wood_0B	0	1	3	0.0000	0.0000	SUBSET_REQUIRED
3k_main_skillset_zhang_ni_general_wood_0B	3k_main_skillset_zhang_ni_general_wood_0C	0	4	2	0.0000	0.0000	SUBSET_REQUIRED
3k_main_skillset_zhang_ni_general_wood_2C_historical	3k_main_skillset_zhang_ni_general_wood_0C	0	1	3	0.0000	0.0000	SUBSET_REQUIRED
3k_main_skillset_zhang_ni_general_wood_2C_romance	3k_main_skillset_zhang_ni_general_wood_0C	0	1	3	0.0000	0.0000	SUBSET_REQUIRED
3k_main_skillset_zhang_ni_general_wood_0C	3k_main_skillset_zhang_ni_general_wood_0D	0	4	2	0.0000	0.0000	SUBSET_REQUIRED
3k_main_skillset_zhang_ni_general_wood_2D	3k_main_skillset_zhang_ni_general_wood_0D	0	1	3	0.0000	0.0000	SUBSET_REQUIRED
3k_main_skillset_zhang_ni_general_wood_0D	3k_main_skillset_zhang_ni_general_wood_0E	0	4	2	0.0000	0.0000	SUBSET_REQUIRED
3k_main_skillset_zhang_ni_general_wood_2E_historical	3k_main_skillset_zhang_ni_general_wood_0E	0	1	3	0.0000	0.0000	SUBSET_REQUIRED
3k_main_skillset_zhang_ni_general_wood_2E_romance	3k_main_skillset_zhang_ni_general_wood_0E	0	1	3	0.0000	0.0000	SUBSET_REQUIRED
3k_main_skillset_zhang_ni_general_wood_2A_historical	3k_main_skillset_zhang_ni_general_wood_1A	0	3	1	0.0000	0.0000	SUBSET_REQUIRED
3k_main_skillset_zhang_ni_general_wood_2A_romance	3k_main_skillset_zhang_ni_general_wood_1A	0	3	1	0.0000	0.0000	SUBSET_REQUIRED
3k_main_skillset_zhang_ni_general_wood_1A	3k_main_skillset_zhang_ni_general_wood_1B	0	4	2	0.0000	0.0000	SUBSET_REQUIRED
3k_main_skillset_zhang_ni_general_wood_2B	3k_main_skillset_zhang_ni_general_wood_1B	0	3	1	0.0000	0.0000	SUBSET_REQUIRED
3k_main_skillset_zhang_ni_general_wood_1B	3k_main_skillset_zhang_ni_general_wood_1C	0	4	2	0.0000	0.0000	SUBSET_REQUIRED
3k_main_skillset_zhang_ni_general_wood_2C_historical	3k_main_skillset_zhang_ni_general_wood_1C	0	3	1	0.0000	0.0000	SUBSET_REQUIRED
3k_main_skillset_zhang_ni_general_wood_2C_romance	3k_main_skillset_zhang_ni_general_wood_1C	0	3	1	0.0000	0.0000	SUBSET_REQUIRED
3k_main_skillset_zhang_ni_general_wood_1C	3k_main_skillset_zhang_ni_general_wood_1D	0	4	2	0.0000	0.0000	SUBSET_REQUIRED
3k_main_skillset_zhang_ni_general_wood_2D	3k_main_skillset_zhang_ni_general_wood_1D	0	3	1	0.0000	0.0000	SUBSET_REQUIRED
3k_main_skillset_zhang_ni_general_wood_1D	3k_main_skillset_zhang_ni_general_wood_1E	0	4	2	0.0000	0.0000	SUBSET_REQUIRED
3k_main_skillset_zhang_ni_general_wood_1E	3k_main_skillset_zhang_ni_general_wood_2E_historical	0	1	3	0.0000	0.0000	SUBSET_REQUIRED
3k_main_skillset_zhang_ni_general_wood_1E	3k_main_skillset_zhang_ni_general_wood_2E_romance	0	1	3	0.0000	0.0000	SUBSET_REQUIRED
3k_main_skillset_zhang_yi_general_metal_2A_historical	3k_main_skillset_zhang_yi_general_metal_0A	0	1	3	0.0000	0.0000	SUBSET_REQUIRED
3k_main_skillset_zhang_yi_general_metal_2A_romance	3k_main_skillset_zhang_yi_general_metal_0A	0	1	3	0.0000	0.0000	SUBSET_REQUIRED
3k_main_skillset_zhang_yi_general_metal_0A	3k_main_skillset_zhang_yi_general_metal_0B	0	4	2	0.0000	0.0000	SUBSET_REQUIRED
3k_main_skillset_zhang_yi_general_metal_2B	3k_main_skillset_zhang_yi_general_metal_0B	0	1	3	0.0000	0.0000	SUBSET_REQUIRED
3k_main_skillset_zhang_yi_general_metal_0B	3k_main_skillset_zhang_yi_general_metal_0C	0	4	2	0.0000	0.0000	SUBSET_REQUIRED
3k_main_skillset_zhang_yi_general_metal_2C_historical	3k_main_skillset_zhang_yi_general_metal_0C	0	1	3	0.0000	0.0000	SUBSET_REQUIRED
3k_main_skillset_zhang_yi_general_metal_2C_romance	3k_main_skillset_zhang_yi_general_metal_0C	0	1	3	0.0000	0.0000	SUBSET_REQUIRED
3k_main_skillset_zhang_yi_general_metal_0C	3k_main_skillset_zhang_yi_general_metal_0D	0	4	2	0.0000	0.0000	SUBSET_REQUIRED
3k_main_skillset_zhang_yi_general_metal_2D	3k_main_skillset_zhang_yi_general_metal_0D	0	1	3	0.0000	0.0000	SUBSET_REQUIRED
3k_main_skillset_zhang_yi_general_metal_0D	3k_main_skillset_zhang_yi_general_metal_0E	0	4	2	0.0000	0.0000	SUBSET_REQUIRED
3k_main_skillset_zhang_yi_general_metal_2E_historical	3k_main_skillset_zhang_yi_general_metal_0E	0	1	3	0.0000	0.0000	SUBSET_REQUIRED
3k_main_skillset_zhang_yi_general_metal_2E_romance	3k_main_skillset_zhang_yi_general_metal_0E	0	1	3	0.0000	0.0000	SUBSET_REQUIRED
3k_main_skillset_zhang_yi_general_metal_2A_historical	3k_main_skillset_zhang_yi_general_metal_1A	0	3	1	0.0000	0.0000	SUBSET_REQUIRED
3k_main_skillset_zhang_yi_general_metal_2A_romance	3k_main_skillset_zhang_yi_general_metal_1A	0	3	1	0.0000	0.0000	SUBSET_REQUIRED
3k_main_skillset_zhang_yi_general_metal_1A	3k_main_skillset_zhang_yi_general_metal_1B	0	4	2	0.0000	0.0000	SUBSET_REQUIRED
3k_main_skillset_zhang_yi_general_metal_2B	3k_main_skillset_zhang_yi_general_metal_1B	0	3	1	0.0000	0.0000	SUBSET_REQUIRED
3k_main_skillset_zhang_yi_general_metal_1B	3k_main_skillset_zhang_yi_general_metal_1C	0	4	2	0.0000	0.0000	SUBSET_REQUIRED
3k_main_skillset_zhang_yi_general_metal_2C_historical	3k_main_skillset_zhang_yi_general_metal_1C	0	3	1	0.0000	0.0000	SUBSET_REQUIRED
3k_main_skillset_zhang_yi_general_metal_2C_romance	3k_main_skillset_zhang_yi_general_metal_1C	0	3	1	0.0000	0.0000	SUBSET_REQUIRED
3k_main_skillset_zhang_yi_general_metal_1C	3k_main_skillset_zhang_yi_general_metal_1D	0	4	2	0.0000	0.0000	SUBSET_REQUIRED
3k_main_skillset_zhang_yi_general_metal_2D	3k_main_skillset_zhang_yi_general_metal_1D	0	3	1	0.0000	0.0000	SUBSET_REQUIRED
3k_main_skillset_zhang_yi_general_metal_1D	3k_main_skillset_zhang_yi_general_metal_1E	0	4	2	0.0000	0.0000	SUBSET_REQUIRED
3k_main_skillset_zhang_yi_general_metal_1E	3k_main_skillset_zhang_yi_general_metal_2E_historical	0	1	3	0.0000	0.0000	SUBSET_REQUIRED
3k_main_skillset_zhang_yi_general_metal_1E	3k_main_skillset_zhang_yi_general_metal_2E_romance	0	1	3	0.0000	0.0000	SUBSET_REQUIRED
3k_main_skillset_zhong_hui_general_earth_0B	3k_main_skillset_zhong_hui_general_earth_0A	0	2	4	0.0000	0.0000	SUBSET_REQUIRED
3k_main_skillset_zhong_hui_general_earth_0C	3k_main_skillset_zhong_hui_general_earth_0B	0	2	4	0.0000	0.0000	SUBSET_REQUIRED
3k_main_skillset_zhong_hui_general_earth_2B	3k_main_skillset_zhong_hui_general_earth_0B	0	1	3	0.0000	0.0000	SUBSET_REQUIRED
3k_main_skillset_zhong_hui_general_earth_0D	3k_main_skillset_zhong_hui_general_earth_0C	0	2	4	0.0000	0.0000	SUBSET_REQUIRED
3k_main_skillset_zhong_hui_general_earth_2C_historical	3k_main_skillset_zhong_hui_general_earth_0C	0	1	3	0.0000	0.0000	SUBSET_REQUIRED
3k_main_skillset_zhong_hui_general_earth_2C_romance	3k_main_skillset_zhong_hui_general_earth_0C	0	1	3	0.0000	0.0000	SUBSET_REQUIRED
3k_main_skillset_zhong_hui_general_earth_0E	3k_main_skillset_zhong_hui_general_earth_0D	0	2	4	0.0000	0.0000	SUBSET_REQUIRED
3k_main_skillset_zhong_hui_general_earth_2D	3k_main_skillset_zhong_hui_general_earth_0D	0	1	3	0.0000	0.0000	SUBSET_REQUIRED
3k_main_skillset_zhong_hui_general_earth_2E_historical	3k_main_skillset_zhong_hui_general_earth_0E	0	1	3	0.0000	0.0000	SUBSET_REQUIRED
3k_main_skillset_zhong_hui_general_earth_2E_romance	3k_main_skillset_zhong_hui_general_earth_0E	0	1	3	0.0000	0.0000	SUBSET_REQUIRED
3k_main_skillset_zhong_hui_general_earth_1B	3k_main_skillset_zhong_hui_general_earth_1A	0	2	4	0.0000	0.0000	SUBSET_REQUIRED
3k_main_skillset_zhong_hui_general_earth_2A_historical	3k_main_skillset_zhong_hui_general_earth_1A	0	3	1	0.0000	0.0000	SUBSET_REQUIRED
3k_main_skillset_zhong_hui_general_earth_2A_romance	3k_main_skillset_zhong_hui_general_earth_1A	0	3	1	0.0000	0.0000	SUBSET_REQUIRED
3k_main_skillset_zhong_hui_general_earth_1C	3k_main_skillset_zhong_hui_general_earth_1B	0	2	4	0.0000	0.0000	SUBSET_REQUIRED
3k_main_skillset_zhong_hui_general_earth_2B	3k_main_skillset_zhong_hui_general_earth_1B	0	3	1	0.0000	0.0000	SUBSET_REQUIRED
3k_main_skillset_zhong_hui_general_earth_1D	3k_main_skillset_zhong_hui_general_earth_1C	0	2	4	0.0000	0.0000	SUBSET_REQUIRED
3k_main_skillset_zhong_hui_general_earth_2C_historical	3k_main_skillset_zhong_hui_general_earth_1C	0	3	1	0.0000	0.0000	SUBSET_REQUIRED
3k_main_skillset_zhong_hui_general_earth_2C_romance	3k_main_skillset_zhong_hui_general_earth_1C	0	3	1	0.0000	0.0000	SUBSET_REQUIRED
3k_main_skillset_zhong_hui_general_earth_1E	3k_main_skillset_zhong_hui_general_earth_1D	0	2	4	0.0000	0.0000	SUBSET_REQUIRED
3k_main_skillset_zhong_hui_general_earth_2D	3k_main_skillset_zhong_hui_general_earth_1D	0	3	1	0.0000	0.0000	SUBSET_REQUIRED
3k_main_skillset_zhong_hui_general_earth_2E_historical	3k_main_skillset_zhong_hui_general_earth_1E	0	3	1	0.0000	0.0000	SUBSET_REQUIRED
3k_main_skillset_zhong_hui_general_earth_2E_romance	3k_main_skillset_zhong_hui_general_earth_1E	0	3	1	0.0000	0.0000	SUBSET_REQUIRED
3k_main_skillset_zhong_hui_general_earth_0A	3k_main_skillset_zhong_hui_general_earth_2A_historical	0	3	1	0.0000	0.0000	SUBSET_REQUIRED
3k_main_skillset_zhong_hui_general_earth_0A	3k_main_skillset_zhong_hui_general_earth_2A_romance	0	3	1	0.0000	0.0000	SUBSET_REQUIRED
3k_main_skillset_zhong_yao_governor_water_strategist_2A_historical	3k_main_skillset_zhong_yao_governor_water_strategist_0A	0	1	3	0.0000	0.0000	SUBSET_REQUIRED
3k_main_skillset_zhong_yao_governor_water_strategist_2A_romance	3k_main_skillset_zhong_yao_governor_water_strategist_0A	0	1	3	0.0000	0.0000	SUBSET_REQUIRED
3k_main_skillset_zhong_yao_governor_water_strategist_0A	3k_main_skillset_zhong_yao_governor_water_strategist_0B	0	4	2	0.0000	0.0000	SUBSET_REQUIRED
3k_main_skillset_zhong_yao_governor_water_strategist_2B	3k_main_skillset_zhong_yao_governor_water_strategist_0B	0	1	3	0.0000	0.0000	SUBSET_REQUIRED
3k_main_skillset_zhong_yao_governor_water_strategist_0B	3k_main_skillset_zhong_yao_governor_water_strategist_0C	0	4	2	0.0000	0.0000	SUBSET_REQUIRED
3k_main_skillset_zhong_yao_governor_water_strategist_0D	3k_main_skillset_zhong_yao_governor_water_strategist_0C	0	2	4	0.0000	0.0000	SUBSET_REQUIRED
3k_main_skillset_zhong_yao_governor_water_strategist_0E	3k_main_skillset_zhong_yao_governor_water_strategist_0D	0	2	4	0.0000	0.0000	SUBSET_REQUIRED
3k_main_skillset_zhong_yao_governor_water_strategist_2D	3k_main_skillset_zhong_yao_governor_water_strategist_0D	0	1	3	0.0000	0.0000	SUBSET_REQUIRED
3k_main_skillset_zhong_yao_governor_water_strategist_2E_historical	3k_main_skillset_zhong_yao_governor_water_strategist_0E	0	1	3	0.0000	0.0000	SUBSET_REQUIRED
3k_main_skillset_zhong_yao_governor_water_strategist_2E_romance	3k_main_skillset_zhong_yao_governor_water_strategist_0E	0	1	3	0.0000	0.0000	SUBSET_REQUIRED
3k_main_skillset_zhong_yao_governor_water_strategist_2A_historical	3k_main_skillset_zhong_yao_governor_water_strategist_1A	0	3	1	0.0000	0.0000	SUBSET_REQUIRED
3k_main_skillset_zhong_yao_governor_water_strategist_2A_romance	3k_main_skillset_zhong_yao_governor_water_strategist_1A	0	3	1	0.0000	0.0000	SUBSET_REQUIRED
3k_main_skillset_zhong_yao_governor_water_strategist_1A	3k_main_skillset_zhong_yao_governor_water_strategist_1B	0	4	2	0.0000	0.0000	SUBSET_REQUIRED
3k_main_skillset_zhong_yao_governor_water_strategist_2B	3k_main_skillset_zhong_yao_governor_water_strategist_1B	0	3	1	0.0000	0.0000	SUBSET_REQUIRED
3k_main_skillset_zhong_yao_governor_water_strategist_1B	3k_main_skillset_zhong_yao_governor_water_strategist_1C	0	4	2	0.0000	0.0000	SUBSET_REQUIRED
3k_main_skillset_zhong_yao_governor_water_strategist_1D	3k_main_skillset_zhong_yao_governor_water_strategist_1C	0	2	4	0.0000	0.0000	SUBSET_REQUIRED
3k_main_skillset_zhong_yao_governor_water_strategist_2C_historical	3k_main_skillset_zhong_yao_governor_water_strategist_1C	0	3	1	0.0000	0.0000	SUBSET_REQUIRED
3k_main_skillset_zhong_yao_governor_water_strategist_2C_romance	3k_main_skillset_zhong_yao_governor_water_strategist_1C	0	3	1	0.0000	0.0000	SUBSET_REQUIRED
3k_main_skillset_zhong_yao_governor_water_strategist_1E	3k_main_skillset_zhong_yao_governor_water_strategist_1D	0	2	4	0.0000	0.0000	SUBSET_REQUIRED
3k_main_skillset_zhong_yao_governor_water_strategist_2D	3k_main_skillset_zhong_yao_governor_water_strategist_1D	0	3	1	0.0000	0.0000	SUBSET_REQUIRED
3k_main_skillset_zhong_yao_governor_water_strategist_2E_historical	3k_main_skillset_zhong_yao_governor_water_strategist_1E	0	3	1	0.0000	0.0000	SUBSET_REQUIRED
3k_main_skillset_zhong_yao_governor_water_strategist_2E_romance	3k_main_skillset_zhong_yao_governor_water_strategist_1E	0	3	1	0.0000	0.0000	SUBSET_REQUIRED
3k_main_skillset_zhong_yao_governor_water_strategist_0C	3k_main_skillset_zhong_yao_governor_water_strategist_2C_historical	0	3	1	0.0000	0.0000	SUBSET_REQUIRED
3k_main_skillset_zhong_yao_governor_water_strategist_0C	3k_main_skillset_zhong_yao_governor_water_strategist_2C_romance	0	3	1	0.0000	0.0000	SUBSET_REQUIRED
3k_main_skillset_zhu_huan_general_earth_0B	3k_main_skillset_zhu_huan_general_earth_0A	0	2	4	0.0000	0.0000	SUBSET_REQUIRED
3k_main_skillset_zhu_huan_general_earth_0C	3k_main_skillset_zhu_huan_general_earth_0B	0	2	4	0.0000	0.0000	SUBSET_REQUIRED
3k_main_skillset_zhu_huan_general_earth_2B	3k_main_skillset_zhu_huan_general_earth_0B	0	1	3	0.0000	0.0000	SUBSET_REQUIRED
3k_main_skillset_zhu_huan_general_earth_0D	3k_main_skillset_zhu_huan_general_earth_0C	0	2	4	0.0000	0.0000	SUBSET_REQUIRED
3k_main_skillset_zhu_huan_general_earth_2C_historical	3k_main_skillset_zhu_huan_general_earth_0C	0	1	3	0.0000	0.0000	SUBSET_REQUIRED
3k_main_skillset_zhu_huan_general_earth_2C_romance	3k_main_skillset_zhu_huan_general_earth_0C	0	1	3	0.0000	0.0000	SUBSET_REQUIRED
3k_main_skillset_zhu_huan_general_earth_0E	3k_main_skillset_zhu_huan_general_earth_0D	0	2	4	0.0000	0.0000	SUBSET_REQUIRED
3k_main_skillset_zhu_huan_general_earth_2D	3k_main_skillset_zhu_huan_general_earth_0D	0	1	3	0.0000	0.0000	SUBSET_REQUIRED
3k_main_skillset_zhu_huan_general_earth_2E_historical	3k_main_skillset_zhu_huan_general_earth_0E	0	1	3	0.0000	0.0000	SUBSET_REQUIRED
3k_main_skillset_zhu_huan_general_earth_2E_romance	3k_main_skillset_zhu_huan_general_earth_0E	0	1	3	0.0000	0.0000	SUBSET_REQUIRED
3k_main_skillset_zhu_huan_general_earth_1B	3k_main_skillset_zhu_huan_general_earth_1A	0	2	4	0.0000	0.0000	SUBSET_REQUIRED
3k_main_skillset_zhu_huan_general_earth_2A_historical	3k_main_skillset_zhu_huan_general_earth_1A	0	3	1	0.0000	0.0000	SUBSET_REQUIRED
3k_main_skillset_zhu_huan_general_earth_2A_romance	3k_main_skillset_zhu_huan_general_earth_1A	0	3	1	0.0000	0.0000	SUBSET_REQUIRED
3k_main_skillset_zhu_huan_general_earth_1C	3k_main_skillset_zhu_huan_general_earth_1B	0	2	4	0.0000	0.0000	SUBSET_REQUIRED
3k_main_skillset_zhu_huan_general_earth_2B	3k_main_skillset_zhu_huan_general_earth_1B	0	3	1	0.0000	0.0000	SUBSET_REQUIRED
3k_main_skillset_zhu_huan_general_earth_1D	3k_main_skillset_zhu_huan_general_earth_1C	0	2	4	0.0000	0.0000	SUBSET_REQUIRED
3k_main_skillset_zhu_huan_general_earth_2C_historical	3k_main_skillset_zhu_huan_general_earth_1C	0	3	1	0.0000	0.0000	SUBSET_REQUIRED
3k_main_skillset_zhu_huan_general_earth_2C_romance	3k_main_skillset_zhu_huan_general_earth_1C	0	3	1	0.0000	0.0000	SUBSET_REQUIRED
3k_main_skillset_zhu_huan_general_earth_1E	3k_main_skillset_zhu_huan_general_earth_1D	0	2	4	0.0000	0.0000	SUBSET_REQUIRED
3k_main_skillset_zhu_huan_general_earth_2D	3k_main_skillset_zhu_huan_general_earth_1D	0	3	1	0.0000	0.0000	SUBSET_REQUIRED
3k_main_skillset_zhu_huan_general_earth_2E_historical	3k_main_skillset_zhu_huan_general_earth_1E	0	3	1	0.0000	0.0000	SUBSET_REQUIRED
3k_main_skillset_zhu_huan_general_earth_2E_romance	3k_main_skillset_zhu_huan_general_earth_1E	0	3	1	0.0000	0.0000	SUBSET_REQUIRED
3k_main_skillset_zhu_huan_general_earth_0A	3k_main_skillset_zhu_huan_general_earth_2A_historical	0	3	1	0.0000	0.0000	SUBSET_REQUIRED
3k_main_skillset_zhu_huan_general_earth_0A	3k_main_skillset_zhu_huan_general_earth_2A_romance	0	3	1	0.0000	0.0000	SUBSET_REQUIRED
3k_main_skillset_zhu_ran_general_fire_2A_historical	3k_main_skillset_zhu_ran_general_fire_0A	0	1	3	0.0000	0.0000	SUBSET_REQUIRED
3k_main_skillset_zhu_ran_general_fire_2A_romance	3k_main_skillset_zhu_ran_general_fire_0A	0	1	3	0.0000	0.0000	SUBSET_REQUIRED
3k_main_skillset_zhu_ran_general_fire_0A	3k_main_skillset_zhu_ran_general_fire_0B	0	4	2	0.0000	0.0000	SUBSET_REQUIRED
3k_main_skillset_zhu_ran_general_fire_2B	3k_main_skillset_zhu_ran_general_fire_0B	0	1	3	0.0000	0.0000	SUBSET_REQUIRED
3k_main_skillset_zhu_ran_general_fire_0B	3k_main_skillset_zhu_ran_general_fire_0C	0	4	2	0.0000	0.0000	SUBSET_REQUIRED
3k_main_skillset_zhu_ran_general_fire_2C_historical	3k_main_skillset_zhu_ran_general_fire_0C	0	1	3	0.0000	0.0000	SUBSET_REQUIRED
3k_main_skillset_zhu_ran_general_fire_2C_romance	3k_main_skillset_zhu_ran_general_fire_0C	0	1	3	0.0000	0.0000	SUBSET_REQUIRED
3k_main_skillset_zhu_ran_general_fire_0C	3k_main_skillset_zhu_ran_general_fire_0D	0	4	2	0.0000	0.0000	SUBSET_REQUIRED
3k_main_skillset_zhu_ran_general_fire_2D	3k_main_skillset_zhu_ran_general_fire_0D	0	1	3	0.0000	0.0000	SUBSET_REQUIRED
3k_main_skillset_zhu_ran_general_fire_0D	3k_main_skillset_zhu_ran_general_fire_0E	0	4	2	0.0000	0.0000	SUBSET_REQUIRED
3k_main_skillset_zhu_ran_general_fire_2A_historical	3k_main_skillset_zhu_ran_general_fire_1A	0	3	1	0.0000	0.0000	SUBSET_REQUIRED
3k_main_skillset_zhu_ran_general_fire_2A_romance	3k_main_skillset_zhu_ran_general_fire_1A	0	3	1	0.0000	0.0000	SUBSET_REQUIRED
3k_main_skillset_zhu_ran_general_fire_1A	3k_main_skillset_zhu_ran_general_fire_1B	0	4	2	0.0000	0.0000	SUBSET_REQUIRED
3k_main_skillset_zhu_ran_general_fire_2B	3k_main_skillset_zhu_ran_general_fire_1B	0	3	1	0.0000	0.0000	SUBSET_REQUIRED
3k_main_skillset_zhu_ran_general_fire_1B	3k_main_skillset_zhu_ran_general_fire_1C	0	4	2	0.0000	0.0000	SUBSET_REQUIRED
3k_main_skillset_zhu_ran_general_fire_2C_historical	3k_main_skillset_zhu_ran_general_fire_1C	0	3	1	0.0000	0.0000	SUBSET_REQUIRED
3k_main_skillset_zhu_ran_general_fire_2C_romance	3k_main_skillset_zhu_ran_general_fire_1C	0	3	1	0.0000	0.0000	SUBSET_REQUIRED
3k_main_skillset_zhu_ran_general_fire_1C	3k_main_skillset_zhu_ran_general_fire_1D	0	4	2	0.0000	0.0000	SUBSET_REQUIRED
3k_main_skillset_zhu_ran_general_fire_2D	3k_main_skillset_zhu_ran_general_fire_1D	0	3	1	0.0000	0.0000	SUBSET_REQUIRED
3k_main_skillset_zhu_ran_general_fire_1D	3k_main_skillset_zhu_ran_general_fire_1E	0	4	2	0.0000	0.0000	SUBSET_REQUIRED
3k_main_skillset_zhu_ran_general_fire_2E_historical	3k_main_skillset_zhu_ran_general_fire_1E	0	3	1	0.0000	0.0000	SUBSET_REQUIRED
3k_main_skillset_zhu_ran_general_fire_2E_romance	3k_main_skillset_zhu_ran_general_fire_1E	0	3	1	0.0000	0.0000	SUBSET_REQUIRED
3k_main_skillset_zhu_ran_general_fire_0E	3k_main_skillset_zhu_ran_general_fire_2E_historical	0	3	1	0.0000	0.0000	SUBSET_REQUIRED
3k_main_skillset_zhu_ran_general_fire_0E	3k_main_skillset_zhu_ran_general_fire_2E_romance	0	3	1	0.0000	0.0000	SUBSET_REQUIRED
3k_main_skillset_zhuge_dan_general_fire_2A_historical	3k_main_skillset_zhuge_dan_general_fire_0A	0	1	3	0.0000	0.0000	SUBSET_REQUIRED
3k_main_skillset_zhuge_dan_general_fire_2A_romance	3k_main_skillset_zhuge_dan_general_fire_0A	0	1	3	0.0000	0.0000	SUBSET_REQUIRED
3k_main_skillset_zhuge_dan_general_fire_0A	3k_main_skillset_zhuge_dan_general_fire_0B	0	4	2	0.0000	0.0000	SUBSET_REQUIRED
3k_main_skillset_zhuge_dan_general_fire_2B	3k_main_skillset_zhuge_dan_general_fire_0B	0	1	3	0.0000	0.0000	SUBSET_REQUIRED
3k_main_skillset_zhuge_dan_general_fire_0B	3k_main_skillset_zhuge_dan_general_fire_0C	0	4	2	0.0000	0.0000	SUBSET_REQUIRED
3k_main_skillset_zhuge_dan_general_fire_2C_historical	3k_main_skillset_zhuge_dan_general_fire_0C	0	1	3	0.0000	0.0000	SUBSET_REQUIRED
3k_main_skillset_zhuge_dan_general_fire_2C_romance	3k_main_skillset_zhuge_dan_general_fire_0C	0	1	3	0.0000	0.0000	SUBSET_REQUIRED
3k_main_skillset_zhuge_dan_general_fire_0C	3k_main_skillset_zhuge_dan_general_fire_0D	0	4	2	0.0000	0.0000	SUBSET_REQUIRED
3k_main_skillset_zhuge_dan_general_fire_2D	3k_main_skillset_zhuge_dan_general_fire_0D	0	1	3	0.0000	0.0000	SUBSET_REQUIRED
3k_main_skillset_zhuge_dan_general_fire_0D	3k_main_skillset_zhuge_dan_general_fire_0E	0	4	2	0.0000	0.0000	SUBSET_REQUIRED
3k_main_skillset_zhuge_dan_general_fire_2A_historical	3k_main_skillset_zhuge_dan_general_fire_1A	0	3	1	0.0000	0.0000	SUBSET_REQUIRED
3k_main_skillset_zhuge_dan_general_fire_2A_romance	3k_main_skillset_zhuge_dan_general_fire_1A	0	3	1	0.0000	0.0000	SUBSET_REQUIRED
3k_main_skillset_zhuge_dan_general_fire_1A	3k_main_skillset_zhuge_dan_general_fire_1B	0	4	2	0.0000	0.0000	SUBSET_REQUIRED
3k_main_skillset_zhuge_dan_general_fire_2B	3k_main_skillset_zhuge_dan_general_fire_1B	0	3	1	0.0000	0.0000	SUBSET_REQUIRED
3k_main_skillset_zhuge_dan_general_fire_1B	3k_main_skillset_zhuge_dan_general_fire_1C	0	4	2	0.0000	0.0000	SUBSET_REQUIRED
3k_main_skillset_zhuge_dan_general_fire_2C_historical	3k_main_skillset_zhuge_dan_general_fire_1C	0	3	1	0.0000	0.0000	SUBSET_REQUIRED
3k_main_skillset_zhuge_dan_general_fire_2C_romance	3k_main_skillset_zhuge_dan_general_fire_1C	0	3	1	0.0000	0.0000	SUBSET_REQUIRED
3k_main_skillset_zhuge_dan_general_fire_1C	3k_main_skillset_zhuge_dan_general_fire_1D	0	4	2	0.0000	0.0000	SUBSET_REQUIRED
3k_main_skillset_zhuge_dan_general_fire_2D	3k_main_skillset_zhuge_dan_general_fire_1D	0	3	1	0.0000	0.0000	SUBSET_REQUIRED
3k_main_skillset_zhuge_dan_general_fire_1D	3k_main_skillset_zhuge_dan_general_fire_1E	0	4	2	0.0000	0.0000	SUBSET_REQUIRED
3k_main_skillset_zhuge_dan_general_fire_2E_historical	3k_main_skillset_zhuge_dan_general_fire_1E	0	3	1	0.0000	0.0000	SUBSET_REQUIRED
3k_main_skillset_zhuge_dan_general_fire_2E_romance	3k_main_skillset_zhuge_dan_general_fire_1E	0	3	1	0.0000	0.0000	SUBSET_REQUIRED
3k_main_skillset_zhuge_dan_general_fire_0E	3k_main_skillset_zhuge_dan_general_fire_2E_historical	0	3	1	0.0000	0.0000	SUBSET_REQUIRED
3k_main_skillset_zhuge_dan_general_fire_0E	3k_main_skillset_zhuge_dan_general_fire_2E_romance	0	3	1	0.0000	0.0000	SUBSET_REQUIRED
3k_main_skillset_zhuge_jin_minister_water_strategist_2A_historical	3k_main_skillset_zhuge_jin_minister_water_strategist_0A	0	1	3	0.0000	0.0000	SUBSET_REQUIRED
3k_main_skillset_zhuge_jin_minister_water_strategist_2A_romance	3k_main_skillset_zhuge_jin_minister_water_strategist_0A	0	1	3	0.0000	0.0000	SUBSET_REQUIRED
3k_main_skillset_zhuge_jin_minister_water_strategist_0A	3k_main_skillset_zhuge_jin_minister_water_strategist_0B	0	4	2	0.0000	0.0000	SUBSET_REQUIRED
3k_main_skillset_zhuge_jin_minister_water_strategist_2B	3k_main_skillset_zhuge_jin_minister_water_strategist_0B	0	1	3	0.0000	0.0000	SUBSET_REQUIRED
3k_main_skillset_zhuge_jin_minister_water_strategist_0B	3k_main_skillset_zhuge_jin_minister_water_strategist_0C	0	4	2	0.0000	0.0000	SUBSET_REQUIRED
3k_main_skillset_zhuge_jin_minister_water_strategist_0D	3k_main_skillset_zhuge_jin_minister_water_strategist_0C	0	2	4	0.0000	0.0000	SUBSET_REQUIRED
3k_main_skillset_zhuge_jin_minister_water_strategist_2C_historical	3k_main_skillset_zhuge_jin_minister_water_strategist_0C	0	1	3	0.0000	0.0000	SUBSET_REQUIRED
3k_main_skillset_zhuge_jin_minister_water_strategist_2C_romance	3k_main_skillset_zhuge_jin_minister_water_strategist_0C	0	1	3	0.0000	0.0000	SUBSET_REQUIRED
3k_main_skillset_zhuge_jin_minister_water_strategist_0E	3k_main_skillset_zhuge_jin_minister_water_strategist_0D	0	2	4	0.0000	0.0000	SUBSET_REQUIRED
3k_main_skillset_zhuge_jin_minister_water_strategist_2D	3k_main_skillset_zhuge_jin_minister_water_strategist_0D	0	1	3	0.0000	0.0000	SUBSET_REQUIRED
3k_main_skillset_zhuge_jin_minister_water_strategist_2E_historical	3k_main_skillset_zhuge_jin_minister_water_strategist_0E	0	1	3	0.0000	0.0000	SUBSET_REQUIRED
3k_main_skillset_zhuge_jin_minister_water_strategist_2E_romance	3k_main_skillset_zhuge_jin_minister_water_strategist_0E	0	1	3	0.0000	0.0000	SUBSET_REQUIRED
3k_main_skillset_zhuge_jin_minister_water_strategist_2A_historical	3k_main_skillset_zhuge_jin_minister_water_strategist_1A	0	3	1	0.0000	0.0000	SUBSET_REQUIRED
3k_main_skillset_zhuge_jin_minister_water_strategist_2A_romance	3k_main_skillset_zhuge_jin_minister_water_strategist_1A	0	3	1	0.0000	0.0000	SUBSET_REQUIRED
3k_main_skillset_zhuge_jin_minister_water_strategist_1A	3k_main_skillset_zhuge_jin_minister_water_strategist_1B	0	4	2	0.0000	0.0000	SUBSET_REQUIRED
3k_main_skillset_zhuge_jin_minister_water_strategist_2B	3k_main_skillset_zhuge_jin_minister_water_strategist_1B	0	3	1	0.0000	0.0000	SUBSET_REQUIRED
3k_main_skillset_zhuge_jin_minister_water_strategist_1B	3k_main_skillset_zhuge_jin_minister_water_strategist_1C	0	4	2	0.0000	0.0000	SUBSET_REQUIRED
3k_main_skillset_zhuge_jin_minister_water_strategist_1D	3k_main_skillset_zhuge_jin_minister_water_strategist_1C	0	2	4	0.0000	0.0000	SUBSET_REQUIRED
3k_main_skillset_zhuge_jin_minister_water_strategist_1E	3k_main_skillset_zhuge_jin_minister_water_strategist_1D	0	2	4	0.0000	0.0000	SUBSET_REQUIRED
3k_main_skillset_zhuge_jin_minister_water_strategist_2D	3k_main_skillset_zhuge_jin_minister_water_strategist_1D	0	3	1	0.0000	0.0000	SUBSET_REQUIRED
3k_main_skillset_zhuge_jin_minister_water_strategist_2E_historical	3k_main_skillset_zhuge_jin_minister_water_strategist_1E	0	3	1	0.0000	0.0000	SUBSET_REQUIRED
3k_main_skillset_zhuge_jin_minister_water_strategist_2E_romance	3k_main_skillset_zhuge_jin_minister_water_strategist_1E	0	3	1	0.0000	0.0000	SUBSET_REQUIRED
3k_main_skillset_zhuge_jin_minister_water_strategist_1C	3k_main_skillset_zhuge_jin_minister_water_strategist_2C_historical	0	1	3	0.0000	0.0000	SUBSET_REQUIRED
3k_main_skillset_zhuge_jin_minister_water_strategist_1C	3k_main_skillset_zhuge_jin_minister_water_strategist_2C_romance	0	1	3	0.0000	0.0000	SUBSET_REQUIRED
3k_main_skillset_zhuge_ke_minister_earth_0B	3k_main_skillset_zhuge_ke_minister_earth_0A	0	2	4	0.0000	0.0000	SUBSET_REQUIRED
3k_main_skillset_zhuge_ke_minister_earth_2A_historical	3k_main_skillset_zhuge_ke_minister_earth_0A	0	1	3	0.0000	0.0000	SUBSET_REQUIRED
3k_main_skillset_zhuge_ke_minister_earth_2A_romance	3k_main_skillset_zhuge_ke_minister_earth_0A	0	1	3	0.0000	0.0000	SUBSET_REQUIRED
3k_main_skillset_zhuge_ke_minister_earth_0C	3k_main_skillset_zhuge_ke_minister_earth_0B	0	2	4	0.0000	0.0000	SUBSET_REQUIRED
3k_main_skillset_zhuge_ke_minister_earth_2B	3k_main_skillset_zhuge_ke_minister_earth_0B	0	1	3	0.0000	0.0000	SUBSET_REQUIRED
3k_main_skillset_zhuge_ke_minister_earth_0D	3k_main_skillset_zhuge_ke_minister_earth_0C	0	2	4	0.0000	0.0000	SUBSET_REQUIRED
3k_main_skillset_zhuge_ke_minister_earth_2C_historical	3k_main_skillset_zhuge_ke_minister_earth_0C	0	1	3	0.0000	0.0000	SUBSET_REQUIRED
3k_main_skillset_zhuge_ke_minister_earth_2C_romance	3k_main_skillset_zhuge_ke_minister_earth_0C	0	1	3	0.0000	0.0000	SUBSET_REQUIRED
3k_main_skillset_zhuge_ke_minister_earth_0E	3k_main_skillset_zhuge_ke_minister_earth_0D	0	2	4	0.0000	0.0000	SUBSET_REQUIRED
3k_main_skillset_zhuge_ke_minister_earth_2D	3k_main_skillset_zhuge_ke_minister_earth_0D	0	1	3	0.0000	0.0000	SUBSET_REQUIRED
3k_main_skillset_zhuge_ke_minister_earth_2E_historical	3k_main_skillset_zhuge_ke_minister_earth_0E	0	1	3	0.0000	0.0000	SUBSET_REQUIRED
3k_main_skillset_zhuge_ke_minister_earth_2E_romance	3k_main_skillset_zhuge_ke_minister_earth_0E	0	1	3	0.0000	0.0000	SUBSET_REQUIRED
3k_main_skillset_zhuge_ke_minister_earth_1B	3k_main_skillset_zhuge_ke_minister_earth_1A	0	2	4	0.0000	0.0000	SUBSET_REQUIRED
3k_main_skillset_zhuge_ke_minister_earth_1C	3k_main_skillset_zhuge_ke_minister_earth_1B	0	2	4	0.0000	0.0000	SUBSET_REQUIRED
3k_main_skillset_zhuge_ke_minister_earth_2B	3k_main_skillset_zhuge_ke_minister_earth_1B	0	3	1	0.0000	0.0000	SUBSET_REQUIRED
3k_main_skillset_zhuge_ke_minister_earth_1D	3k_main_skillset_zhuge_ke_minister_earth_1C	0	2	4	0.0000	0.0000	SUBSET_REQUIRED
3k_main_skillset_zhuge_ke_minister_earth_2C_historical	3k_main_skillset_zhuge_ke_minister_earth_1C	0	3	1	0.0000	0.0000	SUBSET_REQUIRED
3k_main_skillset_zhuge_ke_minister_earth_2C_romance	3k_main_skillset_zhuge_ke_minister_earth_1C	0	3	1	0.0000	0.0000	SUBSET_REQUIRED
3k_main_skillset_zhuge_ke_minister_earth_1E	3k_main_skillset_zhuge_ke_minister_earth_1D	0	2	4	0.0000	0.0000	SUBSET_REQUIRED
3k_main_skillset_zhuge_ke_minister_earth_2D	3k_main_skillset_zhuge_ke_minister_earth_1D	0	3	1	0.0000	0.0000	SUBSET_REQUIRED
3k_main_skillset_zhuge_ke_minister_earth_2E_historical	3k_main_skillset_zhuge_ke_minister_earth_1E	0	3	1	0.0000	0.0000	SUBSET_REQUIRED
3k_main_skillset_zhuge_ke_minister_earth_2E_romance	3k_main_skillset_zhuge_ke_minister_earth_1E	0	3	1	0.0000	0.0000	SUBSET_REQUIRED
3k_main_skillset_zhuge_ke_minister_earth_1A	3k_main_skillset_zhuge_ke_minister_earth_2A_historical	0	1	3	0.0000	0.0000	SUBSET_REQUIRED
3k_main_skillset_zhuge_ke_minister_earth_1A	3k_main_skillset_zhuge_ke_minister_earth_2A_romance	0	1	3	0.0000	0.0000	SUBSET_REQUIRED
