auto_id	ceo_threshold	ceo_node	points_threshold_to_activate_node	can_downgrade_to_previous_node
#ceo_threshold_nodes_tables;0;ceo_db/ceo_threshold_nodes_tables/armor				
1000322	3k_main_ancilliary_armour_li_li_armour_unique	3k_main_ancilliary_armour_li_li_armour_unique	1	false
100322471	3k_dlc06_ancillary_armour_nanman_king_shamoke_unique	3k_dlc06_ancillary_armour_nanman_king_shamoke_unique	1	true
100696875	ep_threshold_ancillary_sima_liang_armour_unique	ep_ancillary_sima_liang_armour_unique	1	false
1007086613	3k_main_threshold_ancillary_medium_armour_wood_refined	3k_main_ancillary_medium_armour_wood_and_fire_refined	1	false
1008503066	3k_main_ancilliary_armour_yan_gang_armour_unique	3k_main_ancilliary_armour_yan_gang_armour_unique	1	false
101141	3k_main_ancilliary_armour_gao_dai_ironic_armour_unique	3k_main_ancilliary_armour_gao_dai_ironic_armour_unique	1	false
101192566	3k_ironic_ancilliary_armour_liu_dan_armour_unique	3k_ironic_ancilliary_armour_liu_dan_armour_unique	1	true
1015226374	3k_main_ancilliary_armour_li_su_armour_unique	3k_main_ancilliary_armour_li_su_armour_unique	1	false
1016199639	3k_main_ancilliary_armour_ma_midi_armour_unique	3k_main_ancilliary_armour_ma_midi_armour_unique	1	false
1017588827	3k_main_ancilliary_armour_liang_xing_armour_unique	3k_main_ancilliary_armour_liang_xing_armour_unique	1	true
1017691926	3k_main_ancilliary_armour_yuan_xi_armour_unique	3k_main_ancilliary_armour_yuan_xi_armour_unique	1	false
1017999939	3k_main_threshold_ancillary_strategist_light_armour_water_unique	3k_main_ancillary_strategist_light_armour_water_unique	1	false
1022329207	3k_main_threshold_ancilliary_armour_fan_liyan_armour_unique	3k_main_ancilliary_armour_fan_liyan_armour_unique	1	false
1024784569	3k_main_threshold_ancilliary_armour_gurudun_armour_unique	3k_main_ancilliary_armour_gurudun_armour_unique	1	false
1027720858	3k_dlc07_threshold_ancillary_armour_yuan_shang_armour_unique	3k_dlc07_ancillary_armour_yuan_shang_armour_unique	1	false
1029051430	3k_main_ancilliary_armour_wang_yu_armour_unique	3k_main_ancilliary_armour_wang_yu_armour_unique	1	false
1032523813	3k_main_ancilliary_armour_Liu_Feng_armour_unique	3k_main_ancilliary_armour_Liu_Feng_armour_unique	1	false
1034855934	3k_main_ancilliary_armour_zhou_ang_armour_unique	3k_main_ancilliary_armour_zhou_ang_armour_unique	1	false
1034871582	3k_main_ancilliary_armour_cai_yan_m_armour_unique	3k_main_ancilliary_armour_cai_yan_m_armour_unique	1	false
1035465235	3k_main_threshold_ancillary_strategist_light_armour_water_extraordinary	3k_main_ancillary_strategist_light_armour_water_extraordinary	1	false
1036617521	3k_main_threshold_ancilliary_cao_de_armour_unique	3k_main_ancilliary_armour_cao_de_armour_unique	1	false
1040724157	ep_threshold_ancillary_armour_medium_armour_metal_extraordinary	ep_ancillary_armour_medium_armour_metal_extraordinary	1	false
10494413	3k_main_ancilliary_armour_zhang_song_unique_armour_unique	3k_main_ancilliary_armour_zhang_song_unique_armour_unique	1	false
1050511925	3k_main_threshold_ancilliary_armour_han_hao_armour_unique	3k_main_threshold_ancilliary_armour_han_hao_armour_unique	1	false
1057155381	3k_ytr_ceo_threshold_ancillary_armour_healer_yellow_turban_unique	3k_ytr_ancillary_armour_healer_yellow_turban_unique	1	false
1059666143	3k_mtu_threshold_ancillary_lady_ma_lanlis_armour_unique	3k_mtu_ancillary_lady_ma_lanlis_armour_unique	1	false
1060790651	ep_dyn_ceo_threshold_ancillary_armour_dong_zhuos_armour_unique	ep_dyn_ancillary_armour_dong_zhuos_armour_unique	1	true
1063631940	ep_threshold_ancillary_armour_light_armour_earth_unique	ep_ancillary_armour_light_armour_earth_unique	1	false
1069186	3k_main_ancilliary_armour_zhao_fan_armour_unique	3k_main_ancilliary_armour_zhao_fan_armour_unique	1	false
1070368261	3k_dlc04_ceo_threshold_ancillary_armour_emperor_ling_armour_unique	3k_dlc04_ancillary_armour_emperor_ling_armour_unique	1	true
1074257065	3k_main_ancilliary_armour_zhu_hao_armour_unique	3k_main_ancilliary_armour_zhu_hao_armour_unique	1	false
1081320929	3k_main_ancilliary_armour_lady_zhang_shangxiu_armour_unique	3k_main_ancilliary_armour_lady_zhang_shangxiu_armour_unique	1	false
1083638612	3k_main_threshold_ancilliary_armour_gongsun_yue_armour_unique	3k_main_ancilliary_armour_gongsun_yue_armour_unique	1	false
1085924796	3k_dlc04_threshold_ancillary_diao_chans_armour_unique	3k_dlc04_ancillary_armour_diao_chans_armour_unique_01	1	true
1086053702	3k_dlc07_threshold_ancillary_armour_cao_pi_armour_unique	3k_dlc07_ancillary_armour_cao_pi_armour_unique	1	false
1086598969	3k_dlc07_threshold_ancillary_armour_liu_yan_armour_unique	3k_dlc07_ancillary_armour_liu_yan_armour_unique	1	false
1086914843	3k_ironic_ancilliary_armour_wu_yi_armour_unique	3k_ironic_ancilliary_armour_wu_yi_armour_unique	1	true
1087290572	3k_main_ancilliary_armour_yang_biao_armour_unique	3k_main_ancilliary_armour_yang_biao_armour_unique	1	true
1088589940	3k_main_ancilliary_armour_xiahou_jie_armour_unique	3k_main_ancilliary_armour_xiahou_jie_armour_unique	1	false
1089443242	3k_main_ancilliary_armour_gao_lan_armour_unique	3k_main_ancilliary_armour_gao_lan_armour_unique	1	false
1099843195	3k_main_threshold_ancilliary_armour_gongsun_fan_armour_unique	3k_main_ancilliary_armour_gongsun_fan_armour_unique	1	false
11059084	3k_main_ancilliary_armour_xu_jing_armour_unique	3k_main_ancilliary_armour_xu_jing_armour_unique	1	false
1106695650	3k_main_threshold_ancillary_gao_gan_armour_unique	3k_main_ancillary_armour_gao_gans_armour_unique	1	false
1107219376	3k_main_ancilliary_armour_chen_lan_armour_unique	3k_main_ancilliary_armour_chen_lan_armour_unique	1	false
1108315777	3k_main_ancilliary_armour_han_xian_ytr_armour_unique	3k_main_ancilliary_armour_han_xian_ytr_armour_unique	1	false
11112165	3k_main_ancilliary_armour_nangong_xinyu_unique_armour_unique	3k_main_ancilliary_armour_nangong_xinyu_unique_armour_unique	1	false
1114007625	3k_dlc04_ceo_threshold_ancillary_armour_empress_hes_armour_unique	3k_dlc04_ancillary_armour_empress_hes_armour_unique	1	false
1114211545	3k_main_ancilliary_armour_Li_Yan_armour_unique	3k_main_ancilliary_armour_Li_Yan_armour_unique	1	false
1114275091	3k_main_threshold_ancilliary_armour_cai_mao_armour_unique	3k_main_ancilliary_armour_cai_mao_armour_unique	1	false
1115000636	3k_ironic_ancilliary_armour_yu_minxiang_armour_unique	3k_ironic_ancilliary_armour_yu_minxiang_armour_unique	1	true
1120927869	ep_dyn_ceo_threshold_ancillary_armour_cao_caos_armour_unique	ep_dyn_ancillary_armour_cao_caos_armour_unique	1	true
1121863193	3k_main_threshold_ancilliary_armour_xianyu_yin_armour_unique	3k_main_ancilliary_armour_xianyu_yin_armour_unique	1	false
112212526	ep_dyn_ceo_threshold_ancillary_armour_dian_weis_armour_unique	ep_dyn_ancillary_armour_dian_weis_armour_unique	1	true
1123600809	3k_main_ancilliary_armour_zhuge_xuan_armour_unique	3k_main_ancilliary_armour_zhuge_xuan_armour_unique	1	false
1124895557	3k_main_ancilliary_armour_zhang_gong_armour_unique	3k_main_ancilliary_armour_zhang_gong_armour_unique	1	true
1127029882	3k_main_ancilliary_armour_zhang_meng_armour_unique	3k_main_ancilliary_armour_zhang_meng_armour_unique	1	true
112895750	3k_dlc07_threshold_ancillary_armour_yan_liang_armour_unique	3k_dlc07_ancillary_armour_yan_liang_armour_unique	1	false
1130063098	3k_main_ancilliary_armour_huang_hua_armour_unique	3k_main_ancilliary_armour_huang_hua_armour_unique	1	true
1134041452	3k_main_ancilliary_armour_lady_lu_yang_armour_unique	3k_main_ancilliary_armour_lady_lu_yang_armour_unique	1	false
1136612966	3k_main_ancilliary_armour_zhang_xiu_armour_unique	3k_main_ancilliary_armour_zhang_xiu_armour_unique	1	false
1142832246	3k_main_ancilliary_armour_Guan_Suo_armour_unique	3k_main_ancilliary_armour_Guan_Suo_armour_unique	1	false
1142867635	3k_main_ancilliary_armour_wang_hong_armour_unique	3k_main_ancilliary_armour_wang_hong_armour_unique	1	false
1144897317	3k_main_ancilliary_armour_zhang_xian_armour_unique	3k_main_ancilliary_armour_zhang_xian_armour_unique	1	false
1150163931	3k_main_threshold_ancilliary_armour_huchuquan_armour_unique	3k_main_ancilliary_armour_huchuquan_armour_unique	1	false
1154871347	3k_ironic_ancilliary_armour_liu_fan_armour_unique	3k_ironic_ancilliary_armour_liu_fan_armour_unique	1	true
1155074640	3k_main_threshold_ancillary_medium_armour_wood_extraordinary	3k_main_ancillary_medium_armour_wood_extraordinary	1	false
1157010010	3k_main_threshold_ancilliary_armour_tian_chou_armour_unique	3k_main_ancilliary_armour_tian_chou_armour_unique	1	false
1157601116	3k_main_ancilliary_armour_zhang_miao_armour_unique	3k_main_ancilliary_armour_zhang_miao_armour_unique	1	false
1157953182	3k_main_threshold_ancilliary_armour_ju_shou_armour_unique	3k_main_ancilliary_armour_ju_shou_armour_unique	1	false
1160135559	3k_dlc07_threshold_ancillary_armour_liu_yan_armour_unique	3k_dlc07_ancillary_armour_liu_yan_armour_unique	1	false
1162100161	3k_main_threshold_ancilliary_zuozhi_zhulan_armour_unique	3k_main_threshold_ancilliary_zuozhi_zhulan_armour_unique	1	false
1162600669	3k_mtu_threshold_ancillary_lady_bian_huilans_armour_unique	3k_mtu_ancillary_lady_bian_huilans_armour_unique	1	false
1163242628	3k_ironic_ancilliary_armour_zhao_wei_armour_unique	3k_ironic_ancilliary_armour_zhao_wei_armour_unique	1	true
1168877913	3k_main_ancilliary_armour_xun_chen_armour_unique	3k_main_ancilliary_armour_xun_chen_armour_unique	1	false
1171054863	3k_main_ancilliary_armour_nanlou_armour_unique	3k_main_ancilliary_armour_nanlou_armour_unique	1	true
1174899839	3k_ytr_ceo_threshold_ancillary_armour_veteran_medium_yellow_turban_exceptional	3k_ytr_ancillary_armour_veteran_medium_yellow_turban_exceptional	1	false
1175037082	3k_main_ancilliary_armour_ma_ai_armour_unique	3k_main_ancilliary_armour_ma_ai_armour_unique	1	true
1183109286	ep_threshold_ancillary_armour_medium_armour_fire_unique	ep_ancillary_armour_medium_armour_fire_unique	1	false
1183799524	3k_main_threshold_ancilliary_armour_liu_bao_armour_unique	3k_main_ancilliary_armour_liu_bao_armour_unique	1	false
1184809420	ep_dyn_ceo_threshold_ancillary_armour_zhao_yuns_armour_unique	ep_dyn_ancillary_armour_zhao_yuns_armour_unique	1	true
1185641277	3k_main_ancilliary_armour_li_ying_armour_unique	3k_main_ancilliary_armour_li_ying_armour_unique	1	false
1186623047	3k_mtu_threshold_ancillary_zhao_yuns_armour_unique	3k_mtu_ancillary_armour_zhao_yuns_armour_unique	1	false
1190137096	3k_main_ancilliary_armour_agui_armour_unique	3k_main_ancilliary_armour_agui_armour_unique	1	false
1193887215	3k_main_ancilliary_armour_sun_qian_armour_unique	3k_main_ancilliary_armour_sun_qian_armour_unique	1	false
1205978719	3k_main_threshold_ancillary_lady_suns_armour_unique	3k_main_ancillary_lady_suns_armour_unique	1	false
1220369325	3k_dlc04_ancillary_armour_non_deployable_armour_red_common	3k_dlc04_ancillary_armour_non_deployable_armour_red_common	1	true
1226165059	3k_dlc06_ancillary_armour_nanman_king_wutugu_unique	3k_dlc06_ancillary_armour_nanman_king_wutugu_unique	1	true
1231926668	3k_mtu_threshold_ancillary_lady_trieus_armour_unique	3k_mtu_ancillary_lady_trieus_armour_unique	1	false
1232271432	3k_dlc07_threshold_ancillary_armour_yuan_tan_armour_unique	3k_dlc07_ancillary_armour_yuan_tan_armour_unique	1	false
1233017601	3k_main_threshold_ancillary_ze_rong_armour_unique	3k_main_ancillary_armour_ze_rongs_armour_unique	1	false
1235404316	3k_main_threshold_ancilliary_armour_lian_zhi_armour_unique	3k_main_ancilliary_armour_lian_zhi_armour_unique	1	false
1235537185	3k_main_ancilliary_armour_xin_pi_armour_unique	3k_main_ancilliary_armour_xin_pi_armour_unique	1	false
1240211202	3k_main_ancilliary_armour_Li_Dian_armour_unique	3k_main_ancilliary_armour_Li_Dian_armour_unique	1	false
1240904649	3k_main_threshold_ancillary_heavy_armour_wood_refined	3k_main_ancillary_heavy_armour_wood_and_fire_refined	1	false
1248866690	3k_main_threshold_ancilliary_armour_wang_lanlan_armour_unique	3k_main_ancilliary_armour_wang_lanlan_armour_unique	1	false
1252458664	3k_main_ancilliary_armour_yan_xing_armour_unique	3k_main_ancilliary_armour_yan_xing_armour_unique	1	true
1261915446	3k_main_threshold_ancilliary_armour_sui_gu_armour_unique	3k_main_ancilliary_armour_sui_gu_armour_unique	1	false
1263332403	3k_dlc05_ceo_threshold_ancilliary_xu_shu_armour_unique	3k_dlc05_ancilliary_armour_xu_shu_armour_unique	1	false
1264303268	3k_dlc05_threshold_ancillary_yan_baihus_armour_unique	3k_dlc05_ancillary_yan_baihus_armour_unique	1	false
1266083307	ep_dyn_ceo_threshold_ancillary_armour_huang_zhongs_armour_unique	ep_dyn_ancillary_armour_huang_zhongs_armour_unique	1	true
1267100943	3k_dlc06_ancilliary_armour_wei_yan_armour_unique	3k_dlc06_ancilliary_armour_wei_yan_armour_unique	1	true
126798610	3k_main_ancilliary_armour_liu_shang_armour_unique	3k_main_ancilliary_armour_liu_shang_armour_unique	1	false
1275833479	3k_dlc06_ancillary_armour_nanman_dailaidongzhu_unique	3k_dlc06_ancillary_armour_nanman_dailaidongzhu_unique	1	true
1278372491	3k_main_threshold_ancillary_ma_tengs_armour_unique	3k_main_ancillary_ma_tengs_armour_unique	1	false
1287619451	3k_main_ancilliary_armour_guo_si_armour_unique	3k_main_ancilliary_armour_guo_si_armour_unique	1	false
1288385051	3k_main_ancilliary_armour_chen_ying_z_armour_unique	3k_main_ancilliary_armour_chen_ying_z_armour_unique	1	false
1291246456	3k_main_ancilliary_armour_zang_ba_armour_unique	3k_main_ancilliary_armour_zang_ba_armour_unique	1	false
1300281960	3k_main_ancilliary_armour_cai_xun_armour_unique	3k_main_ancilliary_armour_cai_xun_armour_unique	1	false
1303250357	ep_dyn_ceo_threshold_ancillary_armour_zhuge_liangs_armour_unique	ep_dyn_ancillary_armour_zhuge_liangs_armour_unique	1	true
1315175822	3k_main_threshold_ancillary_medium_armour_earth_unique	3k_main_ancillary_medium_armour_earth_unique	1	false
1321546289	3k_main_ancilliary_armour_huo_nu_armour_unique	3k_main_ancilliary_armour_huo_nu_armour_unique	1	false
1322480061	3k_dlc05_ceo_threshold_ancilliary_chen_gong_armour_unique	3k_dlc05_ancilliary_armour_chen_gong_armour_unique	1	false
1325398934	3k_ironic_ancilliary_armour_chen_chao_armour_unique	3k_ironic_ancilliary_armour_chen_chao_armour_unique	1	true
1327048252	3k_main_threshold_ancillary_light_armour_earth_refined	3k_main_ancillary_light_armour_earth_metal_and_water_refined	1	false
134473847	3k_main_ancilliary_armour_dou_mao_armour_unique	3k_main_ancilliary_armour_dou_mao_armour_unique	1	false
1352891044	ep_threshold_ancillary_sima_yong_armour_unique	ep_ancillary_sima_yong_armour_unique	1	false
1354132973	3k_main_ancilliary_armour_tuoba_jiefan_armour_unique	3k_main_ancilliary_armour_tuoba_jiefan_armour_unique	1	false
1356144460	3k_main_ancilliary_armour_liu_ye_armour_unique	3k_main_ancilliary_armour_liu_ye_armour_unique	1	false
1356887990	3k_main_threshold_ancilliary_armour_wang_fangyue_armour_unique	3k_main_ancilliary_armour_wang_fangyue_armour_unique	1	false
1357308205	3k_main_ancilliary_armour_tian_feng_armour_unique	3k_main_ancilliary_armour_tian_feng_armour_unique	1	true
1359917844	ep_dyn_ceo_threshold_ancillary_armour_sun_quans_armour_unique	ep_dyn_ancillary_armour_sun_quans_armour_unique	1	true
1373464018	3k_main_ancilliary_armour_handan_shang_armour_unique	3k_main_ancilliary_armour_handan_shang_armour_unique	1	true
1377015145	ep_threshold_ancillary_armour_light_armour_metal_unique	ep_ancillary_armour_light_armour_metal_unique	1	false
13879659	3k_main_ancilliary_armour_liu_ba_unique_ironic_armour_unique	3k_main_ancilliary_armour_liu_ba_unique_ironic_armour_unique	1	false
1391080980	3k_main_ancilliary_armour_Chen_Dao_armour_unique	3k_main_ancilliary_armour_Chen_Dao_armour_unique	1	false
1392134958	3k_main_threshold_ancillary_xu_chus_armour_unique	3k_main_ancillary_xu_chus_armour_unique	1	false
13936124	3k_main_ancilliary_armour_liu_du_unique_ironic_armour_unique	3k_main_ancilliary_armour_liu_du_unique_ironic_armour_unique	1	false
1397505086	3k_main_threshold_ancillary_taishi_cis_armour_unique	3k_main_ancillary_taishi_cis_armour_unique	1	false
1397639317	3k_main_threshold_ancilliary_qiujiliu_armour_unique	3k_main_threshold_ancilliary_qiujiliu_armour_unique	1	false
1398339807	3k_main_ancilliary_armour_wang_feng_armour_unique	3k_main_ancilliary_armour_wang_feng_armour_unique	1	false
1399078038	3k_mtu_threshold_ancillary_jian_yongs_armour_unique	3k_mtu_ancillary_armour_jian_yongs_armour_unique	1	false
140224	3k_main_ancilliary_armour_zhu_min_ironic_armour_unique	3k_main_ancilliary_armour_zhu_min_ironic_armour_unique	1	false
1406168209	3k_main_ancilliary_armour_cai_zhong_armour_unique	3k_main_ancilliary_armour_cai_zhong_armour_unique	1	false
141464411	3k_dlc06_ancillary_armour_nanman_medium_refined	3k_dlc06_ancillary_armour_nanman_medium_refined	1	true
1426360933	3k_main_threshold_ancilliary_guo_yuan_armour_unique	3k_main_threshold_ancilliary_guo_yuan_armour_unique	1	false
1431801119	3k_dlc06_ancillary_armour_nanman_tu_an_unique	3k_dlc06_ancillary_armour_nanman_tu_an_unique	1	true
1434835056	3k_dlc07_threshold_ancillary_armour_lady_zhen_armour_unique	3k_dlc07_ancillary_armour_lady_zhen_armour_unique	1	false
1436044082	3k_dlc07_threshold_ancillary_armour_fa_zheng_armour_unique	3k_dlc07_ancillary_armour_fa_zheng_armour_unique	1	false
1437712545	3k_main_ancilliary_armour_chen_su_armour_unique	3k_main_ancilliary_armour_chen_su_armour_unique	1	false
1441161016	3k_main_ancilliary_armour_huang_ang_armour_unique	3k_main_ancilliary_armour_huang_ang_armour_unique	1	true
1443346649	3k_main_ancilliary_armour_tuoba_liwei_armour_unique	3k_main_ancilliary_armour_tuoba_liwei_armour_unique	1	false
1451747871	3k_main_ancilliary_armour_lady_yang_di_armour_unique	3k_main_ancilliary_armour_lady_yang_di_armour_unique	1	false
1455824763	3k_main_ancilliary_armour_tao_shang_armour_unique	3k_main_ancilliary_armour_tao_shang_armour_unique	1	false
14561345	3k_main_ancilliary_armour_han_lian_armour_unique	3k_main_ancilliary_armour_han_lian_armour_unique	1	false
1470083053	ep_threshold_ancillary_armour_medium_armour_fire_extraordinary	ep_ancillary_armour_medium_armour_fire_extraordinary	1	false
1482293502	3k_main_ancilliary_armour_mi_fang_armour_unique	3k_main_ancilliary_armour_mi_fang_armour_unique	1	false
1485908898	3k_main_threshold_ancillary_gongsun_zans_armour_unique	3k_main_ancillary_gongsun_zans_armour_unique	1	false
1487201586	3k_main_threshold_ancillary_heavy_armour_wood_common	3k_main_ancillary_heavy_armour_wood_and_fire_common	1	false
1487534094	3k_main_threshold_ancillary_yuan_shaos_armour_unique	3k_main_ancillary_yuan_shaos_armour_unique	1	false
1487687536	3k_main_threshold_ancillary_light_armour_earth_extraordinary	3k_main_ancillary_light_armour_earth_extraordinary	1	false
1490072153	3k_main_ancilliary_armour_wei_kang_armour_unique	3k_main_ancilliary_armour_wei_kang_armour_unique	1	true
1494401390	3k_main_threshold_ancillary_heavy_armour_fire_unique	3k_main_ancillary_heavy_armour_fire_unique	1	false
1499187925	3k_main_threshold_ancillary_zhang_lus_armour_unique	3k_main_ancillary_zhang_lus_armour_unique	1	false
1504717971	3k_main_threshold_ancilliary_xia_zhao_armour_unique	3k_main_threshold_ancilliary_xia_zhao_armour_unique	1	false
1508512185	3k_dlc07_threshold_ancillary_armour_cao_ren_armour_unique	3k_dlc07_ancillary_armour_cao_ren_armour_unique	1	false
1509010056	3k_main_ancilliary_armour_lou_gui_armour_unique	3k_main_ancilliary_armour_lou_gui_armour_unique	1	false
1509183409	3k_main_threshold_ancilliary_deng_sheng_armour_unique	3k_main_threshold_ancilliary_deng_sheng_armour_unique	1	false
1511863497	3k_ytr_ceo_threshold_ancillary_armour_scholar_medium_yellow_turban_unique	3k_ytr_ancillary_armour_scholar_medium_yellow_turban_unique	1	false
15201436	3k_ironic_ancilliary_armour_zhu_gui_armour_unique	3k_ironic_ancilliary_armour_zhu_gui_armour_unique	1	true
152040	3k_main_ancilliary_armour_tong_zhi_armour_unique	3k_main_ancilliary_armour_tong_zhi_armour_unique	1	false
1521640239	3k_dlc06_ancillary_armour_nanman_ahuinan_unique	3k_dlc06_ancillary_armour_nanman_ahuinan_unique	1	true
1522096157	3k_main_threshold_ancilliary_cao_zhi_armour_unique	3k_main_ancilliary_armour_cao_zhi_armour_unique	1	false
1525055067	3k_mtu_threshold_ancillary_huang_zus_armour_unique	3k_mtu_ancillary_huang_zus_armour_unique	1	false
1534415757	3k_dlc05_ceo_threshold_ancilliary_zhang_hong_armour_unique	3k_dlc05_ancilliary_armour_zhang_hong_armour_unique	1	false
1535293283	3k_main_ancilliary_armour_shi_huang_sg_armour_unique	3k_main_ancilliary_armour_shi_huang_sg_armour_unique	1	false
1535805013	ep_threshold_ancillary_sima_yue_armour_unique	ep_ancillary_sima_yue_armour_unique	1	false
1536617356	3k_ytr_ceo_threshold_ancillary_armour_scholar_medium_yellow_turban_common	3k_ytr_ancillary_armour_scholar_medium_yellow_turban_common	1	false
1537893607	3k_mtu_threshold_ancillary_lady_lu_zhengs_armour_unique	3k_mtu_ancillary_lady_lu_zhengs_armour_unique	1	false
153975307	3k_main_ancilliary_armour_cai_he_armour_unique	3k_main_ancilliary_armour_cai_he_armour_unique	1	false
1541475754	3k_mtu_threshold_ancillary_lady_gongsun_jintings_armour_unique	3k_mtu_ancillary_lady_gongsun_jintings_armour_unique	1	false
1546369844	3k_main_ancilliary_armour_xue_li_armour_unique	3k_main_ancilliary_armour_xue_li_armour_unique	1	false
1548899292	3k_main_threshold_ancilliary_armour_han_fu_armour_unique	3k_main_ancilliary_armour_han_fu_armour_unique	1	false
1559149858	ep_dyn_ceo_threshold_ancillary_armour_tao_qians_armour_unique	ep_dyn_ancillary_armour_tao_qians_armour_unique	1	true
1561647843	3k_main_ancilliary_armour_lady_liu_armour_unique	3k_main_ancilliary_armour_lady_liu_armour_unique	1	false
157041855	3k_main_ancilliary_armour_Bao_Sanniang_armour_unique	3k_main_ancilliary_armour_Bao_Sanniang_armour_unique	1	false
1573763167	3k_main_ancilliary_armour_yuan_yao_armour_unique	3k_main_ancilliary_armour_yuan_yao_armour_unique	1	false
1574855780	3k_main_ancilliary_armour_zhang_ying_armour_unique	3k_main_ancilliary_armour_zhang_ying_armour_unique	1	false
1576039498	3k_main_ancilliary_armour_Jia_Chong_armour_unique	3k_main_ancilliary_armour_Jia_Chong_armour_unique	1	false
1577629104	3k_main_ancilliary_armour_li_damu_armour_unique	3k_main_ancilliary_armour_li_damu_armour_unique	1	true
158081031	3k_ironic_ancilliary_armour_zhang_fu_armour_unique	3k_ironic_ancilliary_armour_zhang_fu_armour_unique	1	true
1580927063	3k_ironic_ancilliary_armour_lady_wu_xian_armour_unique	3k_ironic_ancilliary_armour_lady_wu_xian_armour_unique	1	true
1582234696	3k_main_ancilliary_armour_Jiang_Wei_armour_unique	3k_main_ancilliary_armour_Jiang_Wei_armour_unique	1	false
158241	3k_main_ancilliary_armour_wang_su_ironic_armour_unique	3k_main_ancilliary_armour_wang_su_ironic_armour_unique	1	false
1586091660	ep_dyn_ceo_threshold_ancillary_armour_lady_suns_armour_unique	ep_dyn_ancillary_armour_lady_suns_armour_unique	1	true
1586875118	3k_main_ancilliary_armour_zhang_cheng_armour_unique	3k_main_ancilliary_armour_zhang_cheng_armour_unique	1	false
158823075	3k_ironic_ancilliary_armour_lady_yang_armour_unique	3k_ironic_ancilliary_armour_lady_yang_armour_unique	1	false
159031	3k_main_ancilliary_armour_zheng_mao_armour_unique	3k_main_ancilliary_armour_zheng_mao_armour_unique	1	false
1592886254	3k_main_ancilliary_armour_lady_zhang_zhumeng_armour_unique	3k_main_ancilliary_armour_lady_zhang_zhumeng_armour_unique	1	false
15932434	3k_main_ancilliary_armour_wang_shi_unique_armour_unique	3k_main_ancilliary_armour_wang_shi_unique_armour_unique	1	false
1597460718	3k_main_ancilliary_armour_mike_armour_unique	3k_main_ancilliary_armour_mike_armour_unique	1	false
1599645808	3k_main_threshold_ancillary_archer_light_armour_water_unique	3k_main_ancillary_archer_light_armour_water_unique	1	false
1601866779	3k_main_ancilliary_armour_yin_li_armour_unique	3k_main_ancilliary_armour_yin_li_armour_unique	1	false
1603244484	3k_dlc04_ceo_threshold_ancillary_armour_zhang_liangs_armour_unique	3k_dlc04_ancillary_armour_zhang_liangs_armour_unique	1	false
1605872438	3k_main_ancilliary_armour_zhou_xin_armour_unique	3k_main_ancilliary_armour_zhou_xin_armour_unique	1	false
1606356130	3k_main_ancilliary_armour_xu_rong_armour_unique	3k_main_ancilliary_armour_xu_rong_armour_unique	1	false
1608206956	3k_main_ancilliary_armour_lai_gong_armour_unique	3k_main_ancilliary_armour_lai_gong_armour_unique	1	false
1610674588	3k_main_ancilliary_armour_yang_feng_armour_unique	3k_main_ancilliary_armour_yang_feng_armour_unique	1	true
1614442916	3k_main_ancilliary_armour_zhang_yun_armour_unique	3k_main_ancilliary_armour_zhang_yun_armour_unique	1	false
1615091630	3k_main_ancilliary_armour_liao_hua_ytr_armour_unique	3k_main_ancilliary_armour_liao_hua_ytr_armour_unique	1	false
1615706492	ep_threshold_ancillary_sima_ying_armour_unique	ep_ancillary_sima_ying_armour_unique	1	false
1616845660	3k_main_ancilliary_armour_huang_anbao_armour_unique	3k_main_ancilliary_armour_huang_anbao_armour_unique	1	false
1618460378	3k_mtu_threshold_ancillary_chunyu_qiongs_armour_unique	3k_mtu_ancillary_chunyu_qiongs_armour_unique	1	false
1626070135	3k_main_ancilliary_armour_han_anyue_armour_unique	3k_main_ancilliary_armour_han_anyue_armour_unique	1	true
1627696636	3k_main_threshold_ancillary_gan_nings_armour_unique	3k_main_ancillary_gan_nings_armour_unique	1	false
1628065299	3k_main_ancilliary_armour_gongsun_kang_armour_unique	3k_main_ancilliary_armour_gongsun_kang_armour_unique	1	false
1628270148	ep_threshold_ancillary_armour_heavy_armour_fire_extraordinary	ep_ancillary_armour_heavy_armour_fire_extraordinary	1	false
1629443521	3k_main_ancilliary_armour_cui_jun_armour_unique	3k_main_ancilliary_armour_cui_jun_armour_unique	1	true
1629728905	3k_mtu_threshold_ancillary_lady_feis_armour_unique	3k_mtu_ancillary_lady_feis_armour_unique	1	false
1632459129	3k_main_ancilliary_armour_pang_ji`_armour_unique	3k_main_ancilliary_armour_pang_ji`_armour_unique	1	false
1633130344	3k_main_ancilliary_armour_wang_dang_armour_unique	3k_main_ancilliary_armour_wang_dang_armour_unique	1	true
1634968192	ep_dyn_ceo_threshold_ancillary_armour_zhang_feis_armour_unique	ep_dyn_ancillary_armour_zhang_feis_armour_unique	1	true
1637835598	3k_main_ancilliary_armour_cheng_yin_armour_unique	3k_main_ancilliary_armour_cheng_yin_armour_unique	1	true
1643856189	3k_main_ancilliary_armour_Guan_Ping_armour_unique	3k_main_ancilliary_armour_Guan_Ping_armour_unique	1	false
1648417625	3k_main_ancilliary_armour_gongsun_xu_armour_unique	3k_main_ancilliary_armour_gongsun_xu_armour_unique	1	false
1651000214	3k_cp01_threshold_ancillary_huang_gais_armour_unique	3k_cp01_ceo_node_huang_gais_armour_unique_01	1	true
1652275746	3k_main_threshold_ancilliary_armour_wei_you_armour_unique	3k_main_ancilliary_armour_wei_you_armour_unique	1	false
1653287282	3k_main_threshold_ancillary_heavy_armour_fire_extraordinary	3k_main_ancillary_heavy_armour_fire_extraordinary	1	false
165528948	3k_main_threshold_ancillary_gong_dus_armour_unique	3k_main_ancillary_gong_dus_armour_unique	1	true
1656294775	3k_dlc06_ancillary_armour_nanman_dongtuna_unique	3k_dlc06_ancillary_armour_nanman_dongtuna_unique	1	true
1657263	ep_dyn_ceo_threshold_ancillary_armour_zhou_yus_armour_unique	ep_dyn_ancillary_armour_zhou_yus_armour_unique	1	true
1662151864	3k_main_threshold_ancillary_sun_jians_armour_unique	3k_main_ancillary_sun_jians_armour_unique	1	false
1665425977	3k_main_ancilliary_armour_yang_feng_nw_armour_unique	3k_main_ancilliary_armour_yang_feng_nw_armour_unique	1	false
1665605439	3k_main_ancilliary_armour_ma_wan_armour_unique	3k_main_ancilliary_armour_ma_wan_armour_unique	1	true
1669561920	3k_main_threshold_ancillary_zhang_yans_armour_unique	3k_main_ancillary_zhang_yans_armour_unique	1	false
1669773190	3k_ytr_ceo_threshold_ancillary_armour_veteran_medium_yellow_turban_common	3k_ytr_ancillary_armour_veteran_medium_yellow_turban_common	1	false
1672159150	3k_ironic_ancilliary_armour_ma_tie_armour_unique	3k_ironic_ancilliary_armour_ma_tie_armour_unique	1	false
1674027333	ep_dyn_ceo_threshold_ancillary_armour_lu_bus_armour_unique	ep_dyn_ancillary_armour_lu_bus_armour_unique	1	true
1676195350	3k_main_ancilliary_armour_chen_ji_armour_unique	3k_main_ancilliary_armour_chen_ji_armour_unique	1	false
1676468011	3k_main_ancilliary_armour_tong_yurui_armour_unique	3k_main_ancilliary_armour_tong_yurui_armour_unique	1	false
1681846530	3k_main_ancilliary_armour_Deng_Ai_armour_unique	3k_main_ancilliary_armour_Deng_Ai_armour_unique	1	false
1684643927	3k_main_threshold_ancillary_liu_biaos_armour_unique	3k_main_ancillary_liu_biaos_armour_unique	1	false
168892162	3k_main_ancilliary_armour_lady_xiahou_armour_unique	3k_main_ancilliary_armour_lady_xiahou_armour_unique	1	false
1692376814	3k_main_ancilliary_armour_kuai_liang_armour_unique	3k_main_ancilliary_armour_kuai_liang_armour_unique	1	false
169408386	3k_dlc05_ceo_threshold_ancilliary_liu_yao_armour_unique	3k_dlc05_ancilliary_armour_liu_yao_armour_unique	1	false
1694563823	3k_main_ancilliary_armour_cang_qinting_armour_unique	3k_main_ancilliary_armour_cang_qinting_armour_unique	1	false
1695598759	ep_threshold_ancillary_armour_heavy_armour_fire_unique	ep_ancillary_armour_heavy_armour_fire_unique	1	false
169971	3k_main_ancilliary_armour_liu_ai_armour_unique	3k_main_ancilliary_armour_liu_ai_armour_unique	1	false
17043388	3k_main_ancilliary_armour_zhang_yi_unique_armour_unique	3k_main_ancilliary_armour_zhang_yi_unique_armour_unique	1	false
1705558120	3k_dlc04_ceo_threshold_ancillary_armour_lu_zhis_armour_unique	3k_dlc04_ancillary_armour_lu_zhis_armour_unique	1	false
1709822947	ep_threshold_ancillary_armour_strategist_light_armour_water_unique	ep_ancillary_armour_strategist_light_armour_water_unique	1	false
1713124997	3k_mtu_threshold_ancillary_lady_shis_armour_unique	3k_mtu_ancillary_lady_shis_armour_unique	1	false
1715248667	3k_ironic_ancilliary_armour_yan_yan_armour_unique	3k_ironic_ancilliary_armour_yan_yan_armour_unique	1	true
1715970069	3k_main_ancilliary_armour_Wang_Yi_armour_unique	3k_main_ancilliary_armour_Wang_Yi_armour_unique	1	false
1719254242	ep_threshold_ancillary_armour_medium_armour_wood_extraordinary	ep_ancillary_armour_medium_armour_wood_extraordinary	1	false
1721590625	ep_dyn_ceo_threshold_ancillary_armour_yue_jins_armour_unique	ep_dyn_ancillary_armour_yue_jins_armour_unique	1	true
1722757008	3k_dlc04_ceo_threshold_ancillary_armour_prince_liu_chongs_armour_unique	3k_dlc04_ancillary_armour_prince_liu_chongs_armour_unique	1	false
1724540871	3k_main_ancilliary_armour_sun_shao_armour_unique	3k_main_ancilliary_armour_sun_shao_armour_unique	1	false
1725122788	3k_dlc05_ceo_threshold_ancilliary_ji_ling_armour_unique	3k_dlc05_ancilliary_armour_ji_ling_armour_unique	1	false
1731114835	3k_main_threshold_ancillary_light_armour_metal_unique	3k_main_ancillary_light_armour_metal_unique	1	false
1731252443	3k_main_threshold_ancilliary_armour_leipan_armour_unique	3k_main_ancilliary_armour_leipan_armour_unique	1	false
173693618	ep_threshold_ancillary_armour_medium_armour_metal_unique	ep_ancillary_armour_medium_armour_metal_unique	1	false
1739359736	3k_ironic_ancilliary_armour_huang_quan_armour_unique	3k_ironic_ancilliary_armour_huang_quan_armour_unique	1	true
1741939286	3k_main_ancilliary_armour_tao_ying_armour_unique	3k_main_ancilliary_armour_tao_ying_armour_unique	1	false
174198624	3k_dlc06_ancillary_armour_nanman_lady_zhurong_unique	3k_dlc06_ancillary_armour_nanman_lady_zhurong_unique	1	true
17424768	3k_main_ancilliary_armour_lady_huang_xie_armour_unique	3k_main_ancilliary_armour_lady_huang_xie_armour_unique	1	false
1742920576	3k_main_ancilliary_armour_quan_rou_armour_unique	3k_main_ancilliary_armour_quan_rou_armour_unique	1	false
1746994581	3k_ytr_ceo_threshold_ancillary_armour_healer_yellow_turban_common	3k_ytr_ancillary_armour_healer_yellow_turban_common	1	false
1749315897	3k_main_ancilliary_armour_kuai_yue_armour_unique	3k_main_ancilliary_armour_kuai_yue_armour_unique	1	false
17558773	3k_main_ancilliary_armour_gogukcheon_armour_unique	3k_main_ancilliary_armour_gogukcheon_armour_unique	1	false
17609717	3k_main_ancilliary_armour_cheng_bing_unique_ironic_armour_unique	3k_main_ancilliary_armour_cheng_bing_unique_ironic_armour_unique	1	false
1762239550	3k_ytr_ceo_threshold_ancillary_armour_scholar_medium_yellow_turban_exceptional	3k_ytr_ancillary_armour_scholar_medium_yellow_turban_exceptional	1	false
177404	3k_main_ancilliary_armour_xie_mi_ironic_armour_unique	3k_main_ancilliary_armour_xie_mi_ironic_armour_unique	1	false
1775253915	3k_main_ancilliary_armour_Fulohan_armour_unique	3k_main_ancilliary_armour_Fulohan_armour_unique	1	false
1777700451	3k_main_threshold_ancilliary_cao_shuang_armour_unique	3k_main_ancilliary_armour_cao_shuang_armour_unique	1	false
1777765122	3k_main_ancilliary_armour_chen_deng_armour_unique	3k_main_ancilliary_armour_chen_deng_armour_unique	1	false
1783532952	3k_main_ancilliary_armour_guan_hai_ytr_armour_unique	3k_main_ancilliary_armour_guan_hai_ytr_armour_unique	1	false
1783580107	3k_main_threshold_ancilliary_cao_biao_armour_unique	3k_main_ancilliary_armour_cao_biao_armour_unique	1	false
1789254296	3k_main_ancilliary_armour_nie_tingping_armour_unique	3k_main_ancilliary_armour_nie_tingping_armour_unique	1	false
179340444	3k_main_ancilliary_armour_yang_qianwan_armour_unique	3k_main_ancilliary_armour_yang_qianwan_armour_unique	1	false
1793819209	3k_mtu_threshold_ancillary_wu_anguos_armour_unique	3k_mtu_ancillary_wu_anguos_armour_unique	1	false
179958	3k_main_ancilliary_armour_liu_gui_unique_armour_unique	3k_main_ancilliary_armour_liu_gui_unique_armour_unique	1	false
1804081690	3k_main_threshold_ancillary_sun_quans_armour_unique	3k_main_ancillary_sun_quans_armour_unique	1	false
1805083001	3k_main_threshold_ancilliary_armour_han_tong_armour_unique	3k_main_ancilliary_armour_han_tong_armour_unique	1	false
1806080518	3k_main_threshold_ancillary_liu_beis_armour_unique	3k_main_ancillary_liu_beis_armour_unique	1	false
1811830884	3k_dlc07_threshold_ancillary_armour_lady_zhen_armour_unique	3k_dlc07_ancillary_armour_lady_zhen_armour_unique	1	false
1812672818	3k_mtu_threshold_ancillary_lady_diao_chans_armour_unique	3k_mtu_ancillary_lady_diao_chans_armour_unique	1	false
181993811	3k_mtu_threshold_ancillary_lady_xiao_qiaos_armour_unique	3k_mtu_ancillary_lady_xiao_qiaos_armour_unique	1	false
1820295556	3k_main_ancilliary_armour_huanglong_armour_unique	3k_main_ancilliary_armour_huanglong_armour_unique	1	true
1820624949	3k_main_ancilliary_armour_zhang_hu_armour_unique	3k_main_ancilliary_armour_zhang_hu_armour_unique	1	false
1820801860	3k_main_ancilliary_armour_huang_she_armour_unique	3k_main_ancilliary_armour_huang_she_armour_unique	1	false
1824879861	3k_main_ancilliary_armour_yang_qiu_armour_unique	3k_main_ancilliary_armour_yang_qiu_armour_unique	1	true
182797	3k_main_ancilliary_armour_ling_cao_ironic_armour_unique	3k_main_ancilliary_armour_ling_cao_ironic_armour_unique	1	false
1832036212	3k_main_ancilliary_armour_Suli_armour_unique	3k_main_ancilliary_armour_Suli_armour_unique	1	false
1832370808	3k_main_ancilliary_armour_Kuitou_armour_unique	3k_main_ancilliary_armour_Kuitou_armour_unique	1	false
1842589216	3k_main_ancilliary_armour_huche_er_armour_unique	3k_main_ancilliary_armour_huche_er_armour_unique	1	false
1845967409	3k_main_ancilliary_armour_li_kan_armour_unique	3k_main_ancilliary_armour_li_kan_armour_unique	1	true
1849580197	3k_ironic_ancilliary_armour_liu_mao_armour_unique	3k_ironic_ancilliary_armour_liu_mao_armour_unique	1	true
184975038	3k_ironic_ancilliary_armour_liu_xun_armour_unique	3k_ironic_ancilliary_armour_liu_xun_armour_unique	1	true
1850191829	3k_main_ancilliary_armour_chen_wen_armour_unique	3k_main_ancilliary_armour_chen_wen_armour_unique	1	false
1857466931	3k_mtu_threshold_ancillary_luo_juns_armour_unique	3k_mtu_ancillary_luo_juns_armour_unique	1	false
1858919264	3k_main_ancilliary_armour_Zhong_Hui_armour_unique	3k_main_ancilliary_armour_Zhong_Hui_armour_unique	1	false
1858972068	3k_main_threshold_ancillary_xiahou_yuans_armour_unique	3k_main_ancillary_xiahou_yuans_armour_unique	1	false
1860062796	3k_ironic_ancilliary_armour_yang_song_armour_unique	3k_ironic_ancilliary_armour_yang_song_armour_unique	1	true
1861420137	3k_dlc05_ceo_threshold_ancilliary_zhou_tai_armour_unique	3k_dlc05_ancilliary_armour_zhou_tai_armour_unique	1	false
1861626872	3k_main_ancilliary_armour_gan_ji_armour_unique	3k_main_ancilliary_armour_gan_ji_armour_unique	1	false
1862334745	3k_main_ancilliary_armour_lu_xun_armour_unique	3k_main_ancilliary_armour_lu_xun_armour_unique	1	false
1864664676	3k_main_threshold_ancilliary_armour_liu_he_armour_unique	3k_main_ancilliary_armour_liu_he_armour_unique	1	false
1864926878	ep_threshold_ancillary_armour_medium_armour_wood_unique	ep_ancillary_armour_medium_armour_wood_unique	1	false
1867607958	3k_main_threshold_ancilliary_cao_rui_armour_unique	3k_main_ancilliary_armour_cao_rui_armour_unique	1	false
1867851596	3k_main_ancilliary_armour_hu_mao_armour_unique	3k_main_ancilliary_armour_hu_mao_armour_unique	1	false
1874393607	3k_main_ancilliary_armour_wei_huang_armour_unique	3k_main_ancilliary_armour_wei_huang_armour_unique	1	false
1874818352	ep_threshold_ancillary_sima_jiong_armour_unique	ep_ancillary_sima_jiong_armour_unique	1	false
1875067299	3k_main_threshold_ancillary_medium_armour_fire_unique	3k_main_ancillary_medium_armour_fire_unique	1	false
1877344104	3k_dlc05_ceo_threshold_ancilliary_wang_lang_armour_unique	3k_dlc05_ancilliary_armour_wang_lang_armour_unique	1	false
1880215974	ep_dyn_ceo_threshold_ancillary_armour_zheng_jiangs_armour_unique	ep_dyn_ancillary_armour_zheng_jiangs_armour_unique	1	true
1881648791	3k_main_ancilliary_armour_yang_hong_armour_unique	3k_main_ancilliary_armour_yang_hong_armour_unique	1	false
1883185744	3k_main_ancilliary_armour_zhang_heng_armour_unique	3k_main_ancilliary_armour_zhang_heng_armour_unique	1	true
188367564	3k_main_ancilliary_armour_Zhang_Chunhua_armour_unique	3k_main_ancilliary_armour_Zhang_Chunhua_armour_unique	1	false
1884559933	3k_main_ancilliary_armour_huang_wan_armour_unique	3k_main_ancilliary_armour_huang_wan_armour_unique	1	false
1890271241	3k_main_ancilliary_armour_sun_guan_armour_unique	3k_main_ancilliary_armour_sun_guan_armour_unique	1	false
1892093928	3k_mtu_threshold_ancillary_lady_wang_litings_armour_unique	3k_mtu_ancillary_lady_wang_litings_armour_unique	1	false
1894585930	3k_main_ancilliary_armour_lady_zhang_xiangyang_armour_unique	3k_main_ancilliary_armour_lady_zhang_xiangyang_armour_unique	1	false
1896424466	3k_main_ancilliary_armour_mi_zhu_armour_unique	3k_main_ancilliary_armour_mi_zhu_armour_unique	1	false
1902356946	3k_main_ancilliary_armour_zao_zhi_armour_unique	3k_main_ancilliary_armour_zao_zhi_armour_unique	1	false
1905849385	3k_dlc05_ceo_threshold_ancilliary_cheng_pu_armour_unique	3k_dlc05_ancilliary_armour_cheng_pu_armour_unique	1	false
19152561	3k_main_ancilliary_armour_shi_hui_unique_armour_unique	3k_main_ancilliary_armour_shi_hui_unique_armour_unique	1	false
191762	3k_main_ancilliary_armour_lu_fan_ironic_armour_unique	3k_main_ancilliary_armour_lu_fan_ironic_armour_unique	1	false
1923158429	3k_mtu_threshold_ancillary_lady_zhang_xingcais_armour_unique	3k_mtu_ancillary_lady_zhang_xingcais_armour_unique	1	false
1923912660	ep_dyn_ceo_threshold_ancillary_armour_yuan_shaos_armour_unique	ep_dyn_ancillary_armour_yuan_shaos_armour_unique	1	true
1925547888	3k_dlc07_threshold_ancillary_armour_yu_jin_armour_unique	3k_dlc07_ancillary_armour_yu_jin_armour_unique	1	false
1928769414	3k_main_threshold_ancilliary_armour_qubei_armour_unique	3k_main_ancilliary_armour_qubei_armour_unique	1	false
1929848788	3k_main_ancilliary_armour_cheng_yu_armour_unique	3k_main_ancilliary_armour_cheng_yu_armour_unique	1	false
1932340525	3k_mtu_threshold_ancillary_lady_dong_bais_armour_unique	3k_mtu_ancillary_lady_dong_bais_armour_unique	1	false
1933127661	3k_ytr_threshold_ancillary_armour_zhang_kais_armour_unique	3k_ytr_ancillary_armour_zhang_kais_armour_unique	1	false
1935679313	3k_main_ancilliary_armour_yalu_armour_unique	3k_main_ancilliary_armour_yalu_armour_unique	1	false
1938450402	3k_main_ancilliary_armour_guo_tu_armour_unique	3k_main_ancilliary_armour_guo_tu_armour_unique	1	false
1947951634	3k_main_threshold_ancilliary_cao_ang_armour_unique	3k_main_ancilliary_armour_cao_ang_armour_unique	1	false
1953049444	3k_ironic_ancilliary_armour_yang_ren_armour_unique	3k_ironic_ancilliary_armour_yang_ren_armour_unique	1	true
1962482295	ep_dyn_ceo_threshold_ancillary_armour_zhang_liaos_armour_unique	ep_dyn_ancillary_armour_zhang_liaos_armour_unique	1	true
1963253304	3k_main_threshold_ancilliary_armour_jia_long_armour_unique	3k_main_ancilliary_armour_jia_long_armour_unique	1	false
1964178816	3k_main_ancilliary_armour_liu_cong_armour_unique	3k_main_ancilliary_armour_liu_cong_armour_unique	1	false
1969458073	3k_ironic_ancilliary_armour_zhang_ren_armour_unique	3k_ironic_ancilliary_armour_zhang_ren_armour_unique	1	true
1973386657	3k_main_ancilliary_armour_zhao_ang_armour_unique	3k_main_ancilliary_armour_zhao_ang_armour_unique	1	true
1978743672	3k_ironic_ancilliary_armour_peng_yang_armour_unique	3k_ironic_ancilliary_armour_peng_yang_armour_unique	1	true
1981634612	3k_mtu_threshold_ancillary_yan_xiangs_armour_unique	3k_mtu_ancillary_yan_xiangs_armour_unique	1	false
1981645163	3k_ironic_ancilliary_armour_zhang_wei_armour_unique	3k_ironic_ancilliary_armour_zhang_wei_armour_unique	1	true
1981886872	3k_main_ancilliary_armour_deng_yuan_armour_unique	3k_main_ancilliary_armour_deng_yuan_armour_unique	1	true
1984890497	3k_main_ancilliary_armour_lu_jun_armour_unique	3k_main_ancilliary_armour_lu_jun_armour_unique	1	false
1985444004	3k_main_threshold_ancilliary_armour_xianyu_fu_armour_unique	3k_main_ancilliary_armour_xianyu_fu_armour_unique	1	false
1988066780	3k_main_threshold_ancilliary_armour_geng_wu_armour_unique	3k_main_ancilliary_armour_geng_wu_armour_unique	1	false
1991857483	ep_threshold_ancillary_sima_ai_armour_unique	ep_ancillary_sima_ai_armour_unique	1	false
1993165186	3k_main_threshold_ancillary_liu_zhangs_armour_unique	3k_main_ancillary_liu_zhangs_armour_unique	1	false
1996739916	3k_main_threshold_ancilliary_armour_gujin_armour_unique	3k_main_ancilliary_armour_gujin_armour_unique	1	false
1997880257	3k_main_ancilliary_armour_lu_xun_armour_unique	3k_main_ancilliary_armour_lu_xun_armour_unique	1	false
1998367687	3k_main_ancilliary_armour_gongsun_gong_armour_unique	3k_main_ancilliary_armour_gongsun_gong_armour_unique	1	false
1999532957	3k_main_ancilliary_armour_hu_zhen_armour_unique	3k_main_ancilliary_armour_hu_zhen_armour_unique	1	false
200702816	3k_main_ancilliary_armour_ji_ben_armour_unique	3k_main_ancilliary_armour_ji_ben_armour_unique	1	false
200707268	3k_main_threshold_ancilliary_armour_sheng_xian_armour_unique	3k_main_ancilliary_armour_sheng_xian_armour_unique	1	false
2013918701	3k_main_ancilliary_armour_guo_da_armour_unique	3k_main_ancilliary_armour_guo_da_armour_unique	1	false
20165053	3k_main_ancilliary_armour_zhang_ni_unique_armour_unique	3k_main_ancilliary_armour_zhang_ni_unique_armour_unique	1	false
2016919173	3k_main_threshold_ancillary_medium_armour_wood_unique	3k_main_ancillary_medium_armour_wood_unique	1	false
2023901415	3k_dlc07_threshold_ancillary_armour_wen_chou_armour_unique	3k_dlc07_ancillary_armour_wen_chou_armour_unique	1	false
2026305336	ep_dyn_ceo_threshold_ancillary_armour_ma_tengs_armour_unique	ep_dyn_ancillary_armour_ma_tengs_armour_unique	1	true
2032138567	3k_dlc06_ancillary_armour_nanman_yang_feng_unique	3k_dlc06_ancillary_armour_nanman_yang_feng_unique	1	true
2032598231	3k_main_threshold_ancillary_cao_caos_armour_unique	3k_main_ancillary_cao_caos_armour_unique	1	false
2034760142	3k_main_ancilliary_armour_qu_yi_armour_unique	3k_main_ancilliary_armour_qu_yi_armour_unique	1	false
2038536712	3k_main_threshold_ancillary_sima_yis_armour_unique	3k_main_ancillary_sima_yis_armour_unique	1	false
2039503703	3k_dlc05_ceo_threshold_ancilliary_xiao_qiao_armour_unique	3k_dlc05_ancilliary_armour_xiao_qiao_armour_unique	1	false
2044300313	3k_main_threshold_ancillary_yuan_shus_armour_unique	3k_main_ancillary_yuan_shus_armour_unique	1	false
2047415157	3k_dlc06_ancillary_armour_nanman_medium_common	3k_dlc06_ancillary_armour_nanman_medium_common	1	true
2049080999	3k_main_ancilliary_armour_Chenglugui_armour_unique	3k_main_ancilliary_armour_Chenglugui_armour_unique	1	false
2049749882	3k_main_ancilliary_armour_Man_Chong_armour_unique	3k_main_ancilliary_armour_Man_Chong_armour_unique	1	false
2052153607	3k_dlc04_ceo_threshold_ancillary_armour_huangfu_songs_armour_unique	3k_dlc04_ancillary_armour_huangfu_songs_armour_unique	1	false
2052385263	3k_dlc05_ceo_threshold_ancilliary_yan_yu_armour_unique	3k_dlc05_ancilliary_armour_yan_yu_armour_unique	1	false
2053335089	3k_main_ancilliary_armour_su_ze_armour_unique	3k_main_ancilliary_armour_su_ze_armour_unique	1	true
2054585185	3k_mtu_threshold_ancillary_lady_dong_peishans_armour_unique	3k_mtu_ancillary_lady_dong_peishans_armour_unique	1	false
2057798061	3k_main_threshold_ancillary_zhuge_liangs_armour_unique	3k_main_ancillary_zhuge_liangs_armour_unique	1	false
2061381209	3k_dlc07_threshold_ancillary_armour_yan_liang_armour_unique	3k_dlc07_ancillary_armour_yan_liang_armour_unique	1	false
2063749058	3k_ytr_ceo_threshold_ancillary_armour_healer_yellow_turban_refined	3k_ytr_ancillary_armour_healer_yellow_turban_refined	1	false
2073522132	3k_main_ancilliary_armour_du_ji_armour_unique	3k_main_ancilliary_armour_du_ji_armour_unique	1	true
2079585284	3k_main_ancilliary_armour_zhang_fang_armour_unique	3k_main_ancilliary_armour_zhang_fang_armour_unique	1	true
2084530093	3k_main_threshold_ancillary_xiahou_duns_armour_unique	3k_main_ancillary_xiahou_duns_armour_unique	1	false
2090578528	3k_ironic_ancilliary_armour_bi_jieyan_armour_unique	3k_ironic_ancilliary_armour_bi_jieyan_armour_unique	1	true
20951296	3k_main_ancilliary_armour_linghu_na_unique_armour_unique	3k_main_ancilliary_armour_linghu_na_unique_armour_unique	1	false
2098770923	3k_main_ancilliary_armour_huang_yueying_armour_unique	3k_main_ancilliary_armour_huang_yueying_armour_unique	1	false
2100245891	3k_ironic_ancilliary_armour_lady_liu_mengan_armour_unique	3k_ironic_ancilliary_armour_lady_liu_mengan_armour_unique	1	true
210151787	ep_threshold_ancillary_armour_medium_armour_earth_extraordinary	ep_ancillary_armour_medium_armour_earth_extraordinary	1	false
2103269948	3k_dlc04_threshold_ancillary_xun_yus_armour_unique	3k_dlc04_ancillary_armour_xun_yus_armour_unique_01	1	true
2103730036	3k_main_ancilliary_armour_hao_meng_armour_unique	3k_main_ancilliary_armour_hao_meng_armour_unique	1	false
2107761238	3k_main_ancilliary_armour_zhao_bo_ytr_armour_unique	3k_main_ancilliary_armour_zhao_bo_ytr_armour_unique	1	false
2110618694	3k_main_ancilliary_armour_liu_pingming_armour_unique	3k_main_ancilliary_armour_liu_pingming_armour_unique	1	false
211182	3k_main_ancilliary_armour_qian_zhao_ironic_armour_unique	3k_main_ancilliary_armour_qian_zhao_ironic_armour_unique	1	false
2112676183	3k_main_ancilliary_armour_zong_cheng_armour_unique	3k_main_ancilliary_armour_zong_cheng_armour_unique	1	false
211375	3k_main_ancilliary_armour_wan_bing_ironic_armour_unique	3k_main_ancilliary_armour_wan_bing_ironic_armour_unique	1	false
2118146923	3k_main_ancilliary_armour_han_xin_armour_unique	3k_main_ancilliary_armour_han_xin_armour_unique	1	true
2121117562	3k_dlc06_ancillary_armour_nanman_king_meng_huo_unique	3k_dlc06_ancillary_armour_nanman_king_meng_huo_unique	1	true
2122003508	3k_dlc04_ceo_threshold_ancillary_armour_he_jins_armour_unique	3k_dlc04_ancillary_armour_he_jins_armour_unique	1	false
212233	3k_main_ancilliary_armour_sun_kuang_armour_unique	3k_main_ancilliary_armour_sun_kuang_armour_unique	1	false
2123817318	3k_main_ancilliary_armour_lu_ji_armour_unique	3k_main_ancilliary_armour_lu_ji_armour_unique	1	false
2124808240	3k_ironic_ancilliary_armour_fu_gan_armour_unique	3k_ironic_ancilliary_armour_fu_gan_armour_unique	1	false
2128574175	3k_main_threshold_ancillary_medium_armour_metal_extraordinary	3k_main_ancillary_medium_armour_metal_extraordinary	1	false
2130282975	ep_dyn_ceo_threshold_ancillary_armour_xiahou_duns_armour_unique	ep_dyn_ancillary_armour_xiahou_duns_armour_unique	1	true
2130960756	3k_dlc06_ancillary_armour_nanman_king_duosi_unique	3k_dlc06_ancillary_armour_nanman_king_duosi_unique	1	true
2132991900	3k_mtu_threshold_ancillary_lady_ma_yunlus_armour_unique	3k_mtu_ancillary_lady_ma_yunlus_armour_unique	1	false
2135395756	3k_main_ancilliary_armour_chogo_armour_unique	3k_main_ancilliary_armour_chogo_armour_unique	1	false
2136392551	3k_main_ancilliary_armour_su_fei_armour_unique	3k_main_ancilliary_armour_su_fei_armour_unique	1	false
2138622042	3k_main_threshold_ancilliary_cao_xi_armour_unique	3k_main_ancilliary_armour_cao_xi_armour_unique	1	false
221125519	3k_ytr_threshold_ancillary_armour_pei_yuanshaos_armour_unique	3k_ytr_ancillary_armour_pei_yuanshaos_armour_unique	1	false
222824	3k_main_ancilliary_armour_chen_bai_ironic_armour_unique	3k_main_ancilliary_armour_chen_bai_ironic_armour_unique	1	false
22336080	3k_main_ancilliary_armour_wang_fu_unique_armour_unique	3k_main_ancilliary_armour_wang_fu_unique_armour_unique	1	false
22348781	3k_main_ancilliary_armour_lu_shang_armour_unique	3k_main_ancilliary_armour_lu_shang_armour_unique	1	false
224629	3k_main_ancilliary_armour_chang_xi_ironic_armour_unique	3k_main_ancilliary_armour_chang_xi_ironic_armour_unique	1	false
227931265	3k_main_ancilliary_armour_lady_ze_deng_armour_unique	3k_main_ancilliary_armour_lady_ze_deng_armour_unique	1	false
22892606	3k_main_ancilliary_armour_tong_jie_unique_armour_unique	3k_main_ancilliary_armour_tong_jie_unique_armour_unique	1	false
23322938	3k_ironic_ancilliary_armour_ren_qi_armour_unique	3k_ironic_ancilliary_armour_ren_qi_armour_unique	1	true
23427184	3k_main_ancilliary_armour_ni_xiaode_unique_armour_unique	3k_main_ancilliary_armour_ni_xiaode_unique_armour_unique	1	false
234797	3k_main_ancilliary_armour_wu_huan_ytr_armour_unique	3k_main_ancilliary_armour_wu_huan_ytr_armour_unique	1	false
248162620	3k_main_ancilliary_armour_Liu_Shan_armour_unique	3k_main_ancilliary_armour_Liu_Shan_armour_unique	1	false
250588273	3k_main_ancilliary_armour_xu_he_ytr_armour_unique	3k_main_ancilliary_armour_xu_he_ytr_armour_unique	1	false
251998513	3k_main_threshold_ancillary_zhou_yus_armour_unique	3k_main_ancillary_zhou_yus_armour_unique	1	false
254038	3k_main_ancilliary_armour_teng_ling_armour_unique	3k_main_ancilliary_armour_teng_ling_armour_unique	1	false
259981326	3k_main_ancilliary_armour_lady_gan_armour_unique	3k_main_ancilliary_armour_lady_gan_armour_unique	1	false
261789730	3k_mtu_threshold_ancillary_lady_zhang_jinglans_armour_unique	3k_mtu_ancillary_lady_zhang_jinglans_armour_unique	1	false
262570435	3k_main_ancilliary_armour_zhu_jun_armour_unique	3k_main_ancilliary_armour_zhu_jun_armour_unique	1	false
26323004	3k_main_ancilliary_armour_shi_kuang_unique_armour_unique	3k_main_ancilliary_armour_shi_kuang_unique_armour_unique	1	false
264660368	3k_cp01_threshold_ancillary_pang_tongs_armour_unique	3k_cp01_ceo_node_pang_tongs_armour_unique_01	1	true
266242	3k_main_ancilliary_armour_zhuge_dan_ironic_fire_armour_unique	3k_main_ancilliary_armour_zhuge_dan_ironic_fire_armour_unique	1	false
267432	3k_main_ancilliary_armour_shi_huan_armour_unique	3k_main_ancilliary_armour_shi_huan_armour_unique	1	false
276102	3k_main_ancilliary_armour_qu_chuntao_armour_unique	3k_main_ancilliary_armour_qu_chuntao_armour_unique	1	false
278219875	3k_main_threshold_ancillary_lu_su_armour_unique	3k_main_ancillary_armour_lu_sus_armour_unique	1	false
280160008	3k_cp01_threshold_ancillary_jia_xus_armour_unique	3k_cp01_ceo_node_jia_xus_armour_unique_01	1	true
283497929	3k_main_ancilliary_armour_Mi_Heng_armour_unique	3k_main_ancilliary_armour_Mi_Heng_armour_unique	1	false
283675	3k_main_ancilliary_armour_yang_kui_armour_unique	3k_main_ancilliary_armour_yang_kui_armour_unique	1	false
28500009	3k_main_ancilliary_armour_nangong_zixiao_unique_armour_unique	3k_main_ancilliary_armour_nangong_zixiao_unique_armour_unique	1	false
286300	3k_main_ancilliary_armour_gu_yong_ironic_armour_unique	3k_main_ancilliary_armour_gu_yong_ironic_armour_unique	1	false
289172	3k_main_ancilliary_armour_jiang_gan_armour_unique	3k_main_ancilliary_armour_jiang_gan_armour_unique	1	false
293511552	3k_main_ancilliary_armour_zhang_jin_armour_unique	3k_main_ancilliary_armour_zhang_jin_armour_unique	1	false
294990483	3k_main_threshold_ancillary_kong_rongs_armour_unique	3k_main_ancillary_kong_rongs_armour_unique	1	false
295243538	3k_main_ancilliary_armour_chen_gui_armour_unique	3k_main_ancilliary_armour_chen_gui_armour_unique	1	false
295299254	3k_main_threshold_ancillary_guan_yus_armour_unique	3k_main_ancillary_guan_yus_armour_unique	1	false
296072	3k_main_ancilliary_armour_jiang_qin_armour_unique	3k_main_ancilliary_armour_jiang_qin_armour_unique	1	false
29740377	3k_main_threshold_ancillary_xu_huangs_armour_unique	3k_main_ancillary_xu_huangs_armour_unique	1	false
29943459	3k_main_ancilliary_armour_dong_zhao_unique_armour_unique	3k_main_ancilliary_armour_dong_zhao_unique_armour_unique	1	false
302425	3k_main_ancilliary_armour_yu_fan_ironic_armour_unique	3k_main_ancilliary_armour_yu_fan_ironic_armour_unique	1	false
305722922	3k_main_threshold_ancilliary_song_jian_armour_unique	3k_main_threshold_ancilliary_song_jian_armour_unique	1	false
305956313	3k_main_ancilliary_armour_liu_qi_armour_unique	3k_main_ancilliary_armour_liu_qi_armour_unique	1	false
30742088	3k_main_threshold_ancillary_medium_armour_fire_extraordinary	3k_main_ancillary_medium_armour_fire_extraordinary	1	false
309753564	3k_main_ancilliary_armour_chen_yu_armour_unique	3k_main_ancilliary_armour_chen_yu_armour_unique	1	false
311016445	3k_dlc06_ancillary_armour_nanman_king_mulu_unique	3k_dlc06_ancillary_armour_nanman_king_mulu_unique	1	true
311817100	3k_main_threshold_ancillary_zhang_liaos_armour_unique	3k_main_ancillary_zhang_liaos_armour_unique	1	false
312725083	3k_main_threshold_ancillary_armour_cao_zhens_armour_unique	3k_main_ancillary_armour_cao_zhens_armour_unique	1	false
319284	3k_main_ancilliary_armour_wang_ping_armour_unique	3k_main_ancilliary_armour_wang_ping_armour_unique	1	false
321437	3k_main_ancilliary_armour_cai_huizhen_armour_unique	3k_main_ancilliary_armour_cai_huizhen_armour_unique	1	false
322584769	3k_main_threshold_ancillary_huang_shaos_armour_unique	3k_main_ancillary_huang_shaos_armour_unique	1	true
32325620	3k_main_threshold_ancillary_sun_ces_armour_unique	3k_main_ancillary_sun_ces_armour_unique	1	false
325094480	3k_main_threshold_ancilliary_armour_guan_chun_armour_unique	3k_main_ancilliary_armour_guan_chun_armour_unique	1	false
325859	3k_main_ancilliary_armour_cai_yang_armour_unique	3k_main_ancilliary_armour_cai_yang_armour_unique	1	false
32615384	3k_main_ancilliary_armour_liu_pi_unique_armour_unique	3k_main_ancilliary_armour_liu_pi_unique_armour_unique	1	false
326214	3k_main_ancilliary_armour_zhou_bo_ironic_armour_unique	3k_main_ancilliary_armour_zhou_bo_ironic_armour_unique	1	false
32708265	3k_main_ancilliary_armour_hua_ji_unique_armour_unique	3k_main_ancilliary_armour_hua_ji_unique_armour_unique	1	false
328609	3k_main_ancilliary_armour_zhu_zhi_armour_unique	3k_main_ancilliary_armour_zhu_zhi_armour_unique	1	false
329121981	3k_main_threshold_ancillary_shi_xies_armour_unique	3k_main_ancillary_shi_xies_armour_unique	1	false
332116258	ep_dyn_ceo_threshold_ancillary_armour_liu_biaos_armour_unique	ep_dyn_ancillary_armour_liu_biaos_armour_unique	1	true
33224333	3k_main_ancilliary_armour_xue_zong_unique_ironic_armour_unique	3k_main_ancilliary_armour_xue_zong_unique_ironic_armour_unique	1	false
333474557	3k_main_ancilliary_armour_liu_xun_armour_unique	3k_main_ancilliary_armour_liu_xun_armour_unique	1	false
33591623	3k_main_ancilliary_armour_yan_xia_unique_armour_unique	3k_main_ancilliary_armour_yan_xia_unique_armour_unique	1	false
336034699	3k_dlc06_ancillary_armour_nanman_mangyachang_unique	3k_dlc06_ancillary_armour_nanman_mangyachang_unique	1	true
341991	3k_main_ancilliary_armour_tong_yin_armour_unique	3k_main_ancilliary_armour_tong_yin_armour_unique	1	false
342848705	3k_main_threshold_ancilliary_armour_wang_baolan_armour_unique	3k_main_ancilliary_armour_wang_baolan_armour_unique	1	false
344707732	3k_main_ancilliary_armour_jueji_armour_unique	3k_main_ancilliary_armour_jueji_armour_unique	1	false
34975477	3k_main_threshold_ancilliary_armour_liu_yu_armour_unique	3k_main_ancilliary_armour_liu_yu_armour_unique	1	false
356089426	3k_main_ancilliary_armour_liu_dai_armour_unique	3k_main_ancilliary_armour_liu_dai_armour_unique	1	false
356434669	3k_ironic_ancilliary_armour_lei_tong_armour_unique	3k_ironic_ancilliary_armour_lei_tong_armour_unique	1	true
360387337	3k_main_ancilliary_armour_Mohuba_armour_unique	3k_main_ancilliary_armour_Mohuba_armour_unique	1	false
36273860	3k_mtu_threshold_ancillary_lady_wu_minyus_armour_unique	3k_mtu_ancillary_lady_wu_minyus_armour_unique	1	false
363210418	ep_dyn_ceo_threshold_ancillary_armour_guan_yus_armour_unique	ep_dyn_ancillary_armour_guan_yus_armour_unique	1	true
364080955	3k_main_threshold_ancilliary_armour_wangdong_armour_unique	3k_main_ancilliary_armour_wangdong_armour_unique	1	false
364352392	3k_dlc04_ancillary_armour_non_deployable_armour_yellow_common	3k_dlc04_ancillary_armour_non_deployable_armour_yellow_common	1	true
365413386	3k_main_threshold_ancilliary_armour_supuyan_armour_unique	3k_main_ancilliary_armour_supuyan_armour_unique	1	false
369212889	3k_dlc05_ceo_threshold_ancilliary_gao_shun_armour_unique	3k_dlc05_ancilliary_armour_gao_shun_armour_unique	1	false
369639594	3k_ytr_ceo_threshold_ancillary_armour_veteran_medium_yellow_turban_refined	3k_ytr_ancillary_armour_veteran_medium_yellow_turban_refined	1	false
371538188	3k_main_threshold_ancillary_zhang_feis_armour_unique	3k_main_ancillary_zhang_feis_armour_unique	1	false
372043274	3k_dlc06_ancilliary_armour_li_ru_armour_unique	3k_dlc06_ancilliary_armour_li_ru_armour_unique	1	true
372225603	3k_main_ancilliary_armour_niu_fu_armour_unique	3k_main_ancilliary_armour_niu_fu_armour_unique	1	false
374029318	3k_dlc05_ceo_threshold_ancilliary_zhang_zhao_armour_unique	3k_dlc05_ancilliary_armour_zhang_zhao_armour_unique	1	false
374524480	3k_ironic_ancilliary_armour_wu_kuang_armour_unique	3k_ironic_ancilliary_armour_wu_kuang_armour_unique	1	true
37460247	3k_main_ancilliary_armour_huan_zhi_unique_armour_unique	3k_main_ancilliary_armour_huan_zhi_unique_armour_unique	1	false
376599793	3k_ironic_ancilliary_armour_wu_ban_armour_unique	3k_ironic_ancilliary_armour_wu_ban_armour_unique	1	true
378093390	3k_main_ancilliary_armour_congqian_armour_unique	3k_main_ancilliary_armour_congqian_armour_unique	1	false
380966	3k_main_ancilliary_armour_jin_xuan_unique_armour_unique	3k_main_ancilliary_armour_jin_xuan_unique_armour_unique	1	false
383848221	3k_main_threshold_ancillary_dong_zhuos_armour_unique	3k_main_ancillary_dong_zhuos_armour_unique	1	false
390784	3k_main_ancilliary_armour_sun_yi_armour_unique	3k_main_ancilliary_armour_sun_yi_armour_unique	1	false
391265757	3k_main_ancilliary_armour_chen_heng_armour_unique	3k_main_ancilliary_armour_chen_heng_armour_unique	1	false
392474553	3k_main_ancilliary_armour_zuo_ci_armour_unique	3k_main_ancilliary_armour_zuo_ci_armour_unique	1	false
39467738	ep_threshold_ancillary_armour_strategist_light_armour_water_extraordinary	ep_ancillary_armour_strategist_light_armour_water_extraordinary	1	false
395312361	ep_threshold_ancillary_sima_wei_armour_unique	ep_ancillary_sima_wei_armour_unique	1	false
39713486	3k_ironic_ancilliary_armour_zhang_guang_armour_unique	3k_ironic_ancilliary_armour_zhang_guang_armour_unique	1	true
398423482	3k_main_ancilliary_armour_dong_li_armour_unique	3k_main_ancilliary_armour_dong_li_armour_unique	1	false
402977437	3k_main_ancilliary_armour_Pan_Feng_armour_unique	3k_main_ancilliary_armour_Pan_Feng_armour_unique	1	false
408719	3k_main_ancilliary_armour_dong_xi_ironic_armour_unique	3k_main_ancilliary_armour_dong_xi_ironic_armour_unique	1	false
417455034	3k_main_ancilliary_armour_zhou_yu_renming_armour_unique	3k_main_ancilliary_armour_zhou_yu_renming_armour_unique	1	false
418566	3k_main_ancilliary_armour_sun_lang_armour_unique	3k_main_ancilliary_armour_sun_lang_armour_unique	1	false
41945661	3k_main_ancilliary_armour_xing_daorong_unique_ironic_armour_unique	3k_main_ancilliary_armour_xing_daorong_unique_ironic_armour_unique	1	false
419567591	3k_main_threshold_ancillary_lu_bus_armour_unique	3k_main_ancillary_lu_bus_armour_unique	1	false
421541738	3k_main_ancilliary_armour_lu_kang_armour_unique	3k_main_ancilliary_armour_lu_kang_armour_unique	1	false
42399197	3k_main_ancilliary_armour_fu_rong_unique_ironic_armour_unique	3k_main_ancilliary_armour_fu_rong_unique_ironic_armour_unique	1	false
424139	3k_main_ancilliary_armour_ding_feng_armour_unique	3k_main_ancilliary_armour_ding_feng_armour_unique	1	false
42553641	3k_main_threshold_ancillary_ma_chaos_armour_unique	3k_main_ancillary_ma_chaos_armour_unique	1	false
426403	3k_main_ancilliary_armour_wei_gu_ironic_armour_unique	3k_main_ancilliary_armour_wei_gu_ironic_armour_unique	1	false
427648463	3k_main_ancilliary_armour_liu_pan_armour_unique	3k_main_ancilliary_armour_liu_pan_armour_unique	1	false
429607815	3k_main_ancilliary_armour_Kebineng_armour_unique	3k_main_ancilliary_armour_Kebineng_armour_unique	1	false
430414802	3k_main_threshold_ancillary_archer_light_armour_water_extraordinary	3k_main_ancillary_archer_light_armour_water_extraordinary	1	false
43053107	3k_main_ancilliary_armour_wang_xian_unique_armour_unique	3k_main_ancilliary_armour_wang_xian_unique_armour_unique	1	false
430907130	3k_main_ancilliary_armour_zheng_yan_armour_unique	3k_main_ancilliary_armour_zheng_yan_armour_unique	1	false
430998	3k_main_ancilliary_armour_fan_yufeng_armour_unique	3k_main_ancilliary_armour_fan_yufeng_armour_unique	1	false
43116764	3k_main_ancilliary_armour_li_hui_van_unique_armour_unique	3k_main_ancilliary_armour_li_hui_van_unique_armour_unique	1	false
432605060	3k_main_threshold_ancillary_dian_weis_armour_unique	3k_main_ancillary_dian_weis_armour_unique	1	false
434930	3k_main_ancilliary_armour_zhu_ran_armour_unique	3k_main_ancilliary_armour_zhu_ran_armour_unique	1	false
438637989	3k_main_ancilliary_armour_hua_tuo_armour_unique	3k_main_ancilliary_armour_hua_tuo_armour_unique	1	false
438811425	3k_main_threshold_ancillary_zhang_yang_armour_unique	3k_main_ancillary_armour_zhang_yangs_armour_unique	1	false
44477597	3k_main_threshold_ancillary_armour_cao_hongs_armour_unique	3k_main_ancillary_armour_cao_hongs_armour_unique	1	false
445652021	3k_main_ancilliary_armour_liu_ji_armour_unique	3k_main_ancilliary_armour_liu_ji_armour_unique	1	false
446483673	3k_dlc06_ancillary_armour_nanman_meng_jie_unique	3k_dlc06_ancillary_armour_nanman_meng_jie_unique	1	true
44702054	3k_main_ancilliary_armour_deng_zhi_unique_ironic_armour_unique	3k_main_ancilliary_armour_deng_zhi_unique_ironic_armour_unique	1	false
447380699	3k_main_ancilliary_armour_qiang_duan_armour_unique	3k_main_ancilliary_armour_qiang_duan_armour_unique	1	false
450631695	ep_dyn_ceo_threshold_ancillary_armour_yuan_shus_armour_unique	ep_dyn_ancillary_armour_yuan_shus_armour_unique	1	true
451997638	3k_main_ancilliary_armour_yuan_yin_armour_unique	3k_main_ancilliary_armour_yuan_yin_armour_unique	1	false
455813408	3k_mtu_threshold_ancillary_ma_dais_armour_unique	3k_mtu_ancillary_ma_dais_armour_unique	1	false
456770939	3k_dlc05_ceo_threshold_ancilliary_lady_bian_armour_unique	3k_dlc05_ancilliary_armour_lady_bian_armour_unique	1	false
457768	3k_main_ancilliary_armour_wang_sheng_armour_unique	3k_main_ancilliary_armour_wang_sheng_armour_unique	1	false
459692047	3k_dlc05_ceo_threshold_ancilliary_li_jue_armour_unique	3k_dlc05_ancilliary_armour_li_jue_armour_unique	1	false
461199097	3k_main_ancilliary_armour_beolhyu_armour_unique	3k_main_ancilliary_armour_beolhyu_armour_unique	1	false
4615092	3k_main_ancilliary_armour_gao_pei_unique_armour_unique	3k_main_ancilliary_armour_gao_pei_unique_armour_unique	1	false
46178507	3k_main_ancilliary_armour_shi_wei_unique_armour_unique	3k_main_ancilliary_armour_shi_wei_unique_armour_unique	1	false
463300034	3k_ironic_ancilliary_armour_pang_xi_armour_unique	3k_ironic_ancilliary_armour_pang_xi_armour_unique	1	true
464478620	ep_dyn_ceo_threshold_ancillary_armour_sima_yis_armour_unique	ep_dyn_ancillary_armour_sima_yis_armour_unique	1	true
465131	3k_main_ancilliary_armour_liu_xun_zitai_armour_unique	3k_main_ancilliary_armour_liu_xun_zitai_armour_unique	1	false
46513969	3k_main_ancilliary_armour_zhuge_ke_armour_unique	3k_main_ancilliary_armour_zhuge_ke_armour_unique	1	false
46514481	3k_main_threshold_ancillary_armour_cao_xius_armour_unique	3k_main_ancillary_armour_cao_xius_armour_unique	1	false
46517048	3k_main_ancilliary_armour_deng_xian_unique_ironic_armour_unique	3k_main_ancilliary_armour_deng_xian_unique_ironic_armour_unique	1	false
466294779	3k_ironic_ancilliary_armour_ma_xiu_armour_unique	3k_ironic_ancilliary_armour_ma_xiu_armour_unique	1	false
467853826	ep_dyn_ceo_threshold_ancillary_armour_gan_nings_armour_unique	ep_dyn_ancillary_armour_gan_nings_armour_unique	1	true
468623446	3k_main_ancilliary_armour_ying_shao_armour_unique	3k_main_ancilliary_armour_ying_shao_armour_unique	1	false
468712650	3k_main_threshold_ancillary_light_armour_earth_common	3k_main_ancillary_light_armour_earth_metal_and_water_common	1	false
46893697	3k_main_ancilliary_armour_zhu_fu_unique_armour_unique	3k_main_ancilliary_armour_zhu_fu_unique_armour_unique	1	false
471864569	3k_main_ancilliary_armour_Guo_Huai_armour_unique	3k_main_ancilliary_armour_Guo_Huai_armour_unique	1	false
471955514	3k_main_ancilliary_armour_qin_yilu_armour_unique	3k_main_ancilliary_armour_qin_yilu_armour_unique	1	false
473458300	3k_main_ancilliary_armour_lei_xu_armour_unique	3k_main_ancilliary_armour_lei_xu_armour_unique	1	false
473460	3k_main_ancilliary_armour_meng_da_armour_unique	3k_main_ancilliary_armour_meng_da_armour_unique	1	false
475500645	3k_main_ancilliary_armour_chen_jiu_armour_unique	3k_main_ancilliary_armour_chen_jiu_armour_unique	1	false
475952988	ep_dyn_ceo_threshold_ancillary_armour_zhang_yans_armour_unique	ep_dyn_ancillary_armour_zhang_yans_armour_unique	1	true
47812980	3k_main_ancilliary_armour_ganwiego_armour_unique	3k_main_ancilliary_armour_ganwiego_armour_unique	1	false
478238	3k_main_ancilliary_armour_zhou_cang_armour_unique	3k_main_ancilliary_armour_zhou_cang_armour_unique	1	false
479750800	3k_mtu_threshold_ancillary_lady_dong_lis_armour_unique	3k_mtu_ancillary_lady_dong_lis_armour_unique	1	false
4800248	ep_dyn_ceo_threshold_ancillary_armour_gongsun_zans_armour_unique	ep_dyn_ancillary_armour_gongsun_zans_armour_unique	1	true
48267227	3k_main_threshold_ancilliary_cao_jie_armour_unique	3k_main_ancilliary_armour_cao_jie_armour_unique	1	false
484862	3k_main_ancilliary_armour_ouhou_cai_armour_unique	3k_main_ancilliary_armour_ouhou_cai_armour_unique	1	false
489012	3k_main_ancilliary_armour_ke_wu_armour_unique	3k_main_ancilliary_armour_ke_wu_armour_unique	1	false
490965	3k_main_ancilliary_armour_han_xuan_ironic_armour_unique	3k_main_ancilliary_armour_han_xuan_ironic_armour_unique	1	false
493200	3k_main_ancilliary_armour_yang_xiu_armour_unique	3k_main_ancilliary_armour_yang_xiu_armour_unique	1	false
494038573	3k_dlc07_threshold_ancillary_armour_emperor_xian_armour_unique	3k_dlc07_ancillary_armour_emperor_xian_armour_unique	1	false
49417005	3k_main_ancilliary_armour_yu_du_armour_unique	3k_main_ancilliary_armour_yu_du_armour_unique	1	true
494422549	3k_main_ancilliary_armour_zhang_ji_dong_armour_unique	3k_main_ancilliary_armour_zhang_ji_dong_armour_unique	1	false
49545530	3k_main_ancilliary_armour_Cao_Xing_armour_unique	3k_main_ancilliary_armour_Cao_Xing_armour_unique	1	false
495962541	3k_main_ancilliary_armour_hou_xuan_armour_unique	3k_main_ancilliary_armour_hou_xuan_armour_unique	1	true
496198833	3k_mtu_threshold_ancillary_lady_zou_yuans_armour_unique	3k_mtu_ancillary_lady_zou_yuans_armour_unique	1	false
503423	3k_main_ancilliary_armour_zheng_tai_armour_unique	3k_main_ancilliary_armour_zheng_tai_armour_unique	1	false
506760	3k_main_ancilliary_armour_mao_jie_armour_unique	3k_main_ancilliary_armour_mao_jie_armour_unique	1	false
507858773	3k_main_ancilliary_armour_liang_mao_armour_unique	3k_main_ancilliary_armour_liang_mao_armour_unique	1	false
512667	3k_main_ancilliary_armour_pan_zhang_ironic_armour_unique	3k_main_ancilliary_armour_pan_zhang_ironic_armour_unique	1	false
513005554	ep_dyn_ceo_threshold_ancillary_armour_xu_chus_armour_unique	ep_dyn_ancillary_armour_xu_chus_armour_unique	1	true
51487239	3k_main_threshold_ancilliary_cao_song_armour_unique	3k_main_ancilliary_armour_cao_song_armour_unique	1	false
51775578	3k_mtu_threshold_ancillary_guan_xuos_armour_unique	3k_mtu_ancillary_guan_xuos_armour_unique	1	false
51914006	3k_main_threshold_ancilliary_yufuluo_armour_unique	3k_main_threshold_ancilliary_yufuluo_armour_unique	1	false
521727696	3k_main_ancilliary_armour_yue_jiu_armour_unique	3k_main_ancilliary_armour_yue_jiu_armour_unique	1	false
52268114	3k_main_ancilliary_armour_hua_xiong_armour_unique	3k_main_ancilliary_armour_hua_xiong_armour_unique	1	false
523765	3k_main_ancilliary_armour_lu_dai_armour_unique	3k_main_ancilliary_armour_lu_dai_armour_unique	1	false
524247	3k_main_ancilliary_armour_ke_ren_armour_unique	3k_main_ancilliary_armour_ke_ren_armour_unique	1	false
525708	3k_main_ancilliary_armour_sun_shao_sun_armour_unique	3k_main_ancilliary_armour_sun_shao_sun_armour_unique	1	false
534317	3k_main_ancilliary_armour_zu_lang_armour_unique	3k_main_ancilliary_armour_zu_lang_armour_unique	1	false
536600659	3k_main_ancilliary_armour_Jia_Kui_armour_unique	3k_main_ancilliary_armour_Jia_Kui_armour_unique	1	false
538757	3k_main_ancilliary_armour_rong_fang_ironic_armour_unique	3k_main_ancilliary_armour_rong_fang_ironic_armour_unique	1	false
538964	3k_main_ancilliary_armour_zhuang_zhen_ironic_armour_unique	3k_main_ancilliary_armour_zhuang_zhen_ironic_armour_unique	1	false
541493	3k_main_ancilliary_armour_ling_tong_ironic_armour_unique	3k_main_ancilliary_armour_ling_tong_ironic_armour_unique	1	false
542846306	3k_dlc07_threshold_ancillary_armour_yuan_shang_armour_unique	3k_dlc07_ancillary_armour_yuan_shang_armour_unique	1	false
54285948	3k_main_ancilliary_armour_sheng_dao_unique_armour_unique	3k_main_ancilliary_armour_sheng_dao_unique_armour_unique	1	false
542983608	3k_main_ancilliary_armour_Song_Xian_armour_unique	3k_main_ancilliary_armour_Song_Xian_armour_unique	1	false
54450346	3k_main_ancilliary_armour_shi_fen_unique_armour_unique	3k_main_ancilliary_armour_shi_fen_unique_armour_unique	1	false
545166349	3k_main_ancilliary_armour_Xin_Xianying_armour_unique	3k_main_ancilliary_armour_Xin_Xianying_armour_unique	1	false
546737784	3k_ytr_threshold_ancillary_armour_he_mans_armour_unique	3k_ytr_ancillary_armour_he_mans_armour_unique	1	false
554875418	ep_dyn_ceo_threshold_ancillary_armour_sun_jians_armour_unique	ep_dyn_ancillary_armour_sun_jians_armour_unique	1	true
556106	3k_main_ancilliary_armour_zhu_lian_ironic_armour_unique	3k_main_ancilliary_armour_zhu_lian_ironic_armour_unique	1	false
558560279	3k_main_threshold_ancilliary_armour_kong_zhou_armour_unique	3k_main_ancilliary_armour_kong_zhou_armour_unique	1	false
562098381	3k_main_threshold_ancillary_light_armour_earth_unique	3k_main_ancillary_light_armour_earth_unique	1	false
56404672	3k_main_ancilliary_armour_fei_zhan_unique_armour_unique	3k_main_ancilliary_armour_fei_zhan_unique_armour_unique	1	false
564417	3k_main_ancilliary_armour_han_dang_armour_unique	3k_main_ancilliary_armour_han_dang_armour_unique	1	false
566224611	3k_main_threshold_ancillary_heavy_armour_wood_unique	3k_main_ancillary_heavy_armour_wood_unique	1	false
566498477	ep_dyn_ceo_threshold_ancillary_armour_xu_huangs_armour_unique	ep_dyn_ancillary_armour_xu_huangs_armour_unique	1	true
56673458	3k_main_ancilliary_armour_chang_xi_armour_unique	3k_main_ancilliary_armour_chang_xi_armour_unique	1	false
570529	3k_main_ancilliary_armour_wu_jing_ironic_armour_unique	3k_main_ancilliary_armour_wu_jing_ironic_armour_unique	1	false
570680583	3k_dlc04_ceo_threshold_ancillary_armour_zhang_jues_armour_unique	3k_dlc04_ancillary_armour_zhang_jues_armour_unique	1	false
575946139	ep_dyn_ceo_threshold_ancillary_armour_xiahou_yuans_armour_unique	ep_dyn_ancillary_armour_xiahou_yuans_armour_unique	1	true
576088724	3k_main_ancilliary_armour_mei_cheng_armour_unique	3k_main_ancilliary_armour_mei_cheng_armour_unique	1	false
577467774	3k_ironic_ancilliary_armour_yang_bo_armour_unique	3k_ironic_ancilliary_armour_yang_bo_armour_unique	1	true
578972	3k_main_ancilliary_armour_kan_ze_ironic_armour_unique	3k_main_ancilliary_armour_kan_ze_ironic_armour_unique	1	false
579618393	3k_main_ancilliary_armour_cheng_yi_armour_unique	3k_main_ancilliary_armour_cheng_yi_armour_unique	1	true
584148	3k_main_ancilliary_armour_pan_lin_armour_unique	3k_main_ancilliary_armour_pan_lin_armour_unique	1	false
585973	3k_main_ancilliary_armour_wang_song_armour_unique	3k_main_ancilliary_armour_wang_song_armour_unique	1	false
586314312	3k_main_threshold_ancilliary_armour_wuyan_armour_unique	3k_main_ancilliary_armour_wuyan_armour_unique	1	false
591889918	3k_main_ancilliary_armour_cai_zan_armour_unique	3k_main_ancilliary_armour_cai_zan_armour_unique	1	false
5924315	3k_main_ancilliary_armour_ma_liang_unique_ironic_armour_unique	3k_main_ancilliary_armour_ma_liang_unique_ironic_armour_unique	1	false
593777632	3k_ironic_ancilliary_armour_lady_liu_zhang_armour_unique	3k_ironic_ancilliary_armour_lady_liu_zhang_armour_unique	1	true
595805590	3k_main_threshold_ancilliary_armour_xin_ping_armour_unique	3k_main_ancilliary_armour_xin_ping_armour_unique	1	false
596535273	3k_mtu_threshold_ancillary_hua_xins_armour_unique	3k_mtu_ancillary_hua_xins_armour_unique	1	false
605443785	3k_dlc07_threshold_ancillary_armour_yu_jin_armour_unique	3k_dlc07_ancillary_armour_yu_jin_armour_unique	1	false
606725	3k_main_ancilliary_armour_sun_fu_armour_unique	3k_main_ancilliary_armour_sun_fu_armour_unique	1	false
60728013	3k_main_ancilliary_armour_ling_tong_fix_armour_unique	3k_main_ancilliary_armour_ling_tong_fix_armour_unique	1	false
607637	3k_main_ancilliary_armour_bu_zhi_ironic_armour_unique	3k_main_ancilliary_armour_bu_zhi_ironic_armour_unique	1	false
608027778	3k_main_ancilliary_armour_wang_xiu_armour_unique	3k_main_ancilliary_armour_wang_xiu_armour_unique	1	false
609114412	3k_main_ancilliary_armour_sima_ju_ytr_armour_unique	3k_main_ancilliary_armour_sima_ju_ytr_armour_unique	1	false
610829575	3k_main_ancilliary_armour_han_chong_armour_unique	3k_main_ancilliary_armour_han_chong_armour_unique	1	true
613584	3k_main_ancilliary_armour_sun_jiao_armour_unique	3k_main_ancilliary_armour_sun_jiao_armour_unique	1	false
614172	3k_main_ancilliary_armour_zhuge_jin_ironic_armour_unique	3k_main_ancilliary_armour_zhuge_jin_ironic_armour_unique	1	false
615966	3k_main_ancilliary_armour_sun_he_armour_unique	3k_main_ancilliary_armour_sun_he_armour_unique	1	false
621111987	3k_dlc06_ancillary_armour_nanman_xi_ni_unique	3k_dlc06_ancillary_armour_nanman_xi_ni_unique	1	true
622428	3k_main_ancilliary_armour_kang_qinmeng_ironic_armour_unique	3k_main_ancilliary_armour_kang_qinmeng_ironic_armour_unique	1	false
62374304	3k_main_ancilliary_armour_yuan_yi_unique_armour_unique	3k_main_ancilliary_armour_yuan_yi_unique_armour_unique	1	false
626290	3k_main_ancilliary_armour_huanglong_luo_ironic_armour_unique	3k_main_ancilliary_armour_huanglong_luo_ironic_armour_unique	1	false
628153754	3k_mtu_threshold_ancillary_lady_da_qiaos_armour_unique	3k_mtu_ancillary_lady_da_qiaos_armour_unique	1	false
630793615	3k_ytr_ceo_threshold_ancillary_armour_veteran_medium_yellow_turban_unique	3k_ytr_ancillary_armour_veteran_medium_yellow_turban_unique	1	false
631853667	3k_main_ancilliary_armour_Wang_Yuanji_armour_unique	3k_main_ancilliary_armour_Wang_Yuanji_armour_unique	1	false
635736029	3k_main_ancilliary_armour_Wei_Xu_armour_unique	3k_main_ancilliary_armour_Wei_Xu_armour_unique	1	false
637963778	3k_main_ancilliary_armour_cui_lie_armour_unique	3k_main_ancilliary_armour_cui_lie_armour_unique	1	false
646410945	3k_main_ancilliary_armour_wu_ju_armour_unique	3k_main_ancilliary_armour_wu_ju_armour_unique	1	false
64931161	3k_main_ancilliary_armour_pan_jun_unique_armour_unique	3k_main_ancilliary_armour_pan_jun_unique_armour_unique	1	false
650898628	3k_main_ancilliary_armour_Hou_Cheng_armour_unique	3k_main_ancilliary_armour_Hou_Cheng_armour_unique	1	false
65161181	3k_main_ancilliary_armour_ying_xun_armour_unique	3k_main_ancilliary_armour_ying_xun_armour_unique	1	false
651688737	3k_cp01_threshold_ancillary_guo_jias_armour_unique	3k_cp01_ceo_node_guo_jias_armour_unique_01	1	true
65346038	3k_main_ancilliary_armour_wang_lei_unique_armour_unique	3k_main_ancilliary_armour_wang_lei_unique_armour_unique	1	false
65525647	3k_main_threshold_ancillary_strategist_light_armour_water_common	3k_main_ancillary_strategist_light_armour_water_common	1	false
655338972	3k_mtu_threshold_ancillary_lady_gao_zhulans_armour_unique	3k_mtu_ancillary_lady_gao_zhulans_armour_unique	1	false
656704031	3k_mtu_threshold_ancillary_zhang_baos_armour_unique	3k_mtu_ancillary_zhang_baos_armour_unique	1	false
65778809	3k_main_ancilliary_armour_su_dai_unique_armour_unique	3k_main_ancilliary_armour_su_dai_unique_armour_unique	1	false
66123113	3k_main_ancilliary_armour_ma_su_unique_ironic_armour_unique	3k_main_ancilliary_armour_ma_su_unique_ironic_armour_unique	1	false
664833326	3k_main_ancilliary_armour_miao_wanwan_armour_unique	3k_main_ancilliary_armour_miao_wanwan_armour_unique	1	true
665946965	3k_dlc06_ancillary_armour_nanman_meng_you_unique	3k_dlc06_ancillary_armour_nanman_meng_you_unique	1	true
66655320	3k_main_ancilliary_armour_wang_fu_stra_unique_armour_unique	3k_main_ancilliary_armour_wang_fu_stra_unique_armour_unique	1	false
669105	3k_main_ancilliary_armour_jiang_gong_armour_unique	3k_main_ancilliary_armour_jiang_gong_armour_unique	1	false
671021421	3k_main_ancilliary_armour_liu_shuo_armour_unique	3k_main_ancilliary_armour_liu_shuo_armour_unique	1	false
679250920	3k_main_threshold_ancillary_armour_cao_chuns_armour_unique	3k_main_ancillary_armour_cao_chuns_armour_unique	1	false
679488903	3k_main_threshold_ancilliary_armour_gongsun_du_armour_unique	3k_main_ancilliary_armour_gongsun_du_armour_unique	1	false
679667	3k_main_ancilliary_armour_bian_rang_ironic_armour_unique	3k_main_ancilliary_armour_bian_rang_ironic_armour_unique	1	false
683149	3k_main_ancilliary_armour_qu_pan_armour_unique	3k_main_ancilliary_armour_qu_pan_armour_unique	1	false
683221004	3k_main_threshold_ancilliary_armour_zhang_yanyan_armour_unique	3k_main_ancilliary_armour_zhang_yanyan_armour_unique	1	false
68368917	3k_main_ancilliary_armour_lady_liu_huimin_armour_unique	3k_main_ancilliary_armour_lady_liu_huimin_armour_unique	1	false
684601238	ep_dyn_ceo_threshold_ancillary_armour_ma_chaos_armour_unique	ep_dyn_ancillary_armour_ma_chaos_armour_unique	1	true
684836	3k_main_ancilliary_armour_xu_kun_ironic_armour_unique	3k_main_ancilliary_armour_xu_kun_ironic_armour_unique	1	false
685480708	3k_main_ancilliary_armour_li_tong_armour_unique	3k_main_ancilliary_armour_li_tong_armour_unique	1	false
686432650	3k_main_threshold_ancillary_medium_armour_wood_common	3k_main_ancillary_medium_armour_wood_and_fire_common	1	false
690185	3k_main_ancilliary_armour_zu_cui_armour_unique	3k_main_ancilliary_armour_zu_cui_armour_unique	1	false
69106515	3k_main_ancilliary_armour_xi_zhicai_unique_armour_unique	3k_main_ancilliary_armour_xi_zhicai_unique_armour_unique	1	false
691220003	3k_main_ancilliary_armour_li_xian_armour_unique	3k_main_ancilliary_armour_li_xian_armour_unique	1	false
693842267	3k_main_threshold_ancillary_medium_armour_earth_common	3k_main_ancillary_medium_armour_earth_and_metal_common	1	false
696454390	3k_ytr_ceo_threshold_ancillary_armour_scholar_medium_yellow_turban_refined	3k_ytr_ancillary_armour_scholar_medium_yellow_turban_refined	1	false
702882447	3k_main_threshold_ancilliary_armour_zhang_lu_armour_unique	3k_main_ancilliary_armour_zhang_lu_armour_unique	1	false
703201	3k_main_ancilliary_armour_li_shu_armour_unique	3k_main_ancilliary_armour_li_shu_armour_unique	1	false
703578	3k_main_ancilliary_armour_chen_zhen_armour_unique	3k_main_ancilliary_armour_chen_zhen_armour_unique	1	false
70495492	3k_main_ancilliary_armour_lu_meng_unique_ironic_armour_unique	3k_main_ancilliary_armour_lu_meng_unique_ironic_armour_unique	1	false
704972792	3k_main_ancilliary_armour_Sima_Zhao_armour_unique	3k_main_ancilliary_armour_Sima_Zhao_armour_unique	1	false
705065042	ep_threshold_ancillary_armour_light_armour_earth_extraordinary	ep_ancillary_armour_light_armour_earth_extraordinary	1	false
711335582	3k_mtu_threshold_ancillary_lady_guan_yinpings_armour_unique	3k_mtu_ancillary_lady_guan_yinpings_armour_unique	1	false
716648427	3k_dlc07_threshold_ancillary_armour_zhang_he_armour_unique	3k_dlc07_ancillary_armour_zhang_he_armour_unique	1	false
717307	3k_main_ancilliary_armour_xu_sheng_ironic_armour_unique	3k_main_ancilliary_armour_xu_sheng_ironic_armour_unique	1	false
71917260	3k_main_ancilliary_armour_wu_chen_unique_armour_unique	3k_main_ancilliary_armour_wu_chen_unique_armour_unique	1	false
719610	3k_main_ancilliary_armour_pang_degong_ironic_water_armour_unique	3k_main_ancilliary_armour_pang_degong_ironic_water_armour_unique	1	false
726143	3k_main_ancilliary_armour_zhu_huan_ironic_armour_unique	3k_main_ancilliary_armour_zhu_huan_ironic_armour_unique	1	false
726638289	3k_main_threshold_ancillary_medium_armour_earth_refined	3k_main_ancillary_medium_armour_earth_and_metal_refined	1	false
72749069	3k_main_ancilliary_armour_wang_xiang_unique_ironic_armour_unique	3k_main_ancilliary_armour_wang_xiang_unique_ironic_armour_unique	1	false
727548474	ep_threshold_ancillary_armour_heavy_armour_wood_extraordinary	ep_ancillary_armour_heavy_armour_wood_extraordinary	1	false
7369659	3k_main_ancilliary_armour_yan_rou_armour_unique	3k_main_ancilliary_armour_yan_rou_armour_unique	1	false
73862580	3k_ironic_ancilliary_armour_yang_ang_armour_unique	3k_ironic_ancilliary_armour_yang_ang_armour_unique	1	true
741270652	3k_main_ancilliary_armour_Sima_Shi_armour_unique	3k_main_ancilliary_armour_Sima_Shi_armour_unique	1	false
743437880	3k_main_threshold_ancillary_tao_qians_armour_unique	3k_main_ancillary_tao_qians_armour_unique	1	false
744520	3k_main_ancilliary_armour_wen_qin_ironic_armour_unique	3k_main_ancilliary_armour_wen_qin_ironic_armour_unique	1	false
745427574	3k_main_threshold_ancilliary_armour_gu_ruilan_armour_unique	3k_main_ancilliary_armour_gu_ruilan_armour_unique	1	false
74822718	3k_main_ancilliary_armour_yong_kai_unique_armour_unique	3k_main_ancilliary_armour_yong_kai_unique_armour_unique	1	false
750272407	3k_main_threshold_ancilliary_armour_tadun_armour_unique	3k_main_ancilliary_armour_tadun_armour_unique	1	false
756446	3k_main_ancilliary_armour_xu_shao_ironic_armour_unique	3k_main_ancilliary_armour_xu_shao_ironic_armour_unique	1	false
759123568	3k_main_ancilliary_armour_zhao_e_armour_unique	3k_main_ancilliary_armour_zhao_e_armour_unique	1	true
76085799	3k_main_threshold_ancillary_zheng_jiangs_armour_unique	3k_main_ancillary_zheng_jiangs_armour_unique	1	false
762384	3k_main_ancilliary_armour_xu_zhao_ironic_armour_unique	3k_main_ancilliary_armour_xu_zhao_ironic_armour_unique	1	false
76754771	3k_main_ancilliary_armour_Guan_Xing_armour_unique	3k_main_ancilliary_armour_Guan_Xing_armour_unique	1	false
767857025	3k_main_threshold_ancillary_light_armour_metal_extraordinary	3k_main_ancillary_light_armour_metal_extraordinary	1	false
767935413	3k_mtu_threshold_ancillary_lady_cai_yans_armour_unique	3k_mtu_ancillary_armour_lady_cai_yans_armour_unique	1	false
76982011	3k_main_ancilliary_armour_chen_wu_unique_armour_unique	3k_main_ancilliary_armour_chen_wu_unique_armour_unique	1	false
779071	3k_main_ancilliary_armour_hou_yin_armour_unique	3k_main_ancilliary_armour_hou_yin_armour_unique	1	false
779496619	ep_dyn_ceo_threshold_ancillary_armour_kong_rongs_armour_unique	ep_dyn_ancillary_armour_kong_rongs_armour_unique	1	true
779548508	3k_dlc07_threshold_ancillary_armour_fa_zheng_armour_unique	3k_dlc07_ancillary_armour_fa_zheng_armour_unique	1	false
77981927	3k_main_ancilliary_armour_wen_pin_armour_unique	3k_main_ancilliary_armour_wen_pin_armour_unique	1	false
78191554	3k_main_ancilliary_armour_huan_lin_unique_armour_unique	3k_main_ancilliary_armour_huan_lin_unique_armour_unique	1	false
783534913	3k_dlc06_ancillary_armour_nanman_jinhuansanjie_unique	3k_dlc06_ancillary_armour_nanman_jinhuansanjie_unique	1	true
783688743	3k_main_threshold_ancillary_medium_armour_metal_unique	3k_main_ancillary_medium_armour_metal_unique	1	false
784863441	3k_main_threshold_ancilliary_armour_zhang_chao_armour_unique	3k_main_ancilliary_armour_zhang_chao_armour_unique	1	false
786173434	3k_dlc07_threshold_ancillary_armour_zhang_he_armour_unique	3k_dlc07_ancillary_armour_zhang_he_armour_unique	1	false
78719923	3k_main_ancilliary_armour_liu_he_pirate_unique_armour_unique	3k_main_ancilliary_armour_liu_he_pirate_unique_armour_unique	1	false
791814622	3k_main_ancilliary_armour_guan_jing_armour_unique	3k_main_ancilliary_armour_guan_jing_armour_unique	1	false
793944990	ep_threshold_ancillary_sima_lun_armour_unique	ep_ancillary_sima_lun_armour_unique	1	false
798093	3k_main_ancilliary_armour_zhu_ling_ironic_armour_unique	3k_main_ancilliary_armour_zhu_ling_ironic_armour_unique	1	false
799704	3k_main_ancilliary_armour_he_qi_ironic_armour_unique	3k_main_ancilliary_armour_he_qi_ironic_armour_unique	1	false
800202934	3k_main_ancilliary_armour_lady_cai_armour_unique	3k_main_ancilliary_armour_lady_cai_armour_unique	1	false
805741252	3k_main_ancilliary_armour_Luo_Tong_armour_unique	3k_main_ancilliary_armour_Luo_Tong_armour_unique	1	false
80592212	3k_mtu_threshold_ancillary_lu_juns_armour_unique	3k_mtu_ancillary_lu_juns_armour_unique	1	false
80628048	3k_main_ancilliary_armour_jiang_wan_unique_armour_unique	3k_main_ancilliary_armour_jiang_wan_unique_armour_unique	1	false
8087847	3k_main_ancilliary_armour_shi_wu_unique_armour_unique	3k_main_ancilliary_armour_shi_wu_unique_armour_unique	1	false
811728	3k_main_ancilliary_armour_lu_qian_armour_unique	3k_main_ancilliary_armour_lu_qian_armour_unique	1	false
814130419	ep_dyn_ceo_threshold_ancillary_armour_liu_zhangs_armour_unique	ep_dyn_ancillary_armour_liu_zhangs_armour_unique	1	true
81572784	3k_main_ancilliary_armour_leng_bao_unique_armour_unique	3k_main_ancilliary_armour_leng_bao_unique_armour_unique	1	false
816261	3k_main_ancilliary_armour_gan_mei_ironic_armour_unique	3k_main_ancilliary_armour_gan_mei_ironic_armour_unique	1	false
81984398	3k_main_ancilliary_armour_fei_yi_title_armour_unique	3k_main_ancilliary_armour_fei_yi_title_armour_unique	1	false
828802354	ep_dyn_ceo_threshold_ancillary_armour_liu_beis_armour_unique	ep_dyn_ancillary_armour_liu_beis_armour_unique	1	true
828871	3k_main_ancilliary_armour_pan_juan_armour_unique	3k_main_ancilliary_armour_pan_juan_armour_unique	1	false
834821682	3k_ironic_ancilliary_armour_wang_yun_armour_unique	3k_ironic_ancilliary_armour_wang_yun_armour_unique	1	true
836597686	3k_main_threshold_ancillary_wang_kuang_armour_unique	3k_main_ancillary_armour_wang_kuangs_armour_unique	1	false
83832794	3k_main_ancilliary_armour_cao_qinghe_unique_armour_unique	3k_main_ancilliary_armour_cao_qinghe_unique_armour_unique	1	false
838489504	3k_main_ancilliary_armour_lady_yan_armour_unique	3k_main_ancilliary_armour_lady_yan_armour_unique	1	false
84033359	3k_main_ancilliary_armour_lai_xun_unique_armour_unique	3k_main_ancilliary_armour_lai_xun_unique_armour_unique	1	false
84091774	3k_main_ancilliary_armour_yan_lan_unique_armour_unique	3k_main_ancilliary_armour_yan_lan_unique_armour_unique	1	false
841486	3k_main_ancilliary_armour_zu_mao_armour_unique	3k_main_ancilliary_armour_zu_mao_armour_unique	1	false
84159326	3k_mtu_threshold_ancillary_shen_peis_armour_unique	3k_mtu_ancillary_shen_peis_armour_unique	1	false
841954052	3k_dlc04_ancillary_armour_non_deployable_armour_red_refined	3k_dlc04_ancillary_armour_non_deployable_armour_red_refined	1	true
842495277	3k_main_ancilliary_armour_huo_jun_armour_unique	3k_main_ancilliary_armour_huo_jun_armour_unique	1	false
843445616	3k_ytr_ceo_threshold_ancillary_armour_healer_yellow_turban_exceptional	3k_ytr_ancillary_armour_healer_yellow_turban_exceptional	1	false
846466065	3k_main_ancilliary_armour_pang_yu_armour_unique	3k_main_ancilliary_armour_pang_yu_armour_unique	1	true
853299200	3k_main_threshold_ancillary_medium_armour_earth_extraordinary	3k_main_ancillary_medium_armour_earth_extraordinary	1	false
860562	3k_main_ancilliary_armour_zu_ting_armour_unique	3k_main_ancilliary_armour_zu_ting_armour_unique	1	false
862240876	3k_main_ancilliary_armour_ze_yue_armour_unique	3k_main_ancilliary_armour_ze_yue_armour_unique	1	false
862522402	3k_main_ancilliary_armour_huang_chengyan_armour_unique	3k_main_ancilliary_armour_huang_chengyan_armour_unique	1	false
862527	3k_main_ancilliary_armour_you_tu_armour_unique	3k_main_ancilliary_armour_you_tu_armour_unique	1	false
86647006	3k_main_ancilliary_armour_zhang_min_unique_armour_unique	3k_main_ancilliary_armour_zhang_min_unique_armour_unique	1	false
867055739	3k_mtu_threshold_ancillary_lady_lu_jis_armour_unique	3k_mtu_ancillary_lady_lu_jis_armour_unique	1	false
867496034	3k_main_ancilliary_armour_Budugen_armour_unique	3k_main_ancilliary_armour_Budugen_armour_unique	1	false
870366	3k_main_ancilliary_armour_sun_shi_ironic_armour_unique	3k_main_ancilliary_armour_sun_shi_ironic_armour_unique	1	false
871411	3k_main_ancilliary_armour_sima_hui_ironic_water_armour_unique	3k_main_ancilliary_armour_sima_hui_ironic_water_armour_unique	1	false
876432498	3k_main_threshold_ancilliary_cao_zhang_armour_unique	3k_main_ancilliary_armour_cao_zhang_armour_unique	1	false
87844335	3k_main_ancilliary_armour_han_ji_unique_ironic_armour_unique	3k_main_ancilliary_armour_han_ji_unique_ironic_armour_unique	1	false
879030	3k_main_ancilliary_armour_sun_jing_armour_unique	3k_main_ancilliary_armour_sun_jing_armour_unique	1	false
884994710	3k_main_ancilliary_armour_xu_you_armour_unique	3k_main_ancilliary_armour_xu_you_armour_unique	1	false
88719682	3k_main_ancilliary_armour_dong_he_unique_ironic_armour_unique	3k_main_ancilliary_armour_dong_he_unique_ironic_armour_unique	1	false
888030	3k_main_ancilliary_armour_dang_lianhua_armour_unique	3k_main_ancilliary_armour_dang_lianhua_armour_unique	1	false
88808509	ep_dyn_ceo_threshold_ancillary_armour_han_suis_armour_unique	ep_dyn_ancillary_armour_han_suis_armour_unique	1	true
888919212	3k_main_ancilliary_armour_gongsun_yuan_armour_unique	3k_main_ancilliary_armour_gongsun_yuan_armour_unique	1	false
891371461	ep_dyn_ceo_threshold_ancillary_armour_sun_ces_armour_unique	ep_dyn_ancillary_armour_sun_ces_armour_unique	1	true
89183747	3k_main_ancilliary_armour_yuan_huan_unique_armour_unique	3k_main_ancilliary_armour_yuan_huan_unique_armour_unique	1	false
892995981	3k_dlc06_ancillary_armour_nanman_medium_unique	3k_dlc06_ancillary_armour_nanman_medium_unique	1	true
893003719	3k_main_ancilliary_armour_shi_yi_w_armour_unique	3k_main_ancilliary_armour_shi_yi_w_armour_unique	1	false
896071	3k_main_ancilliary_armour_guo_xian_armour_unique	3k_main_ancilliary_armour_guo_xian_armour_unique	1	false
89688377	3k_main_ancilliary_armour_xiang_chong_unique_ironic_armour_unique	3k_main_ancilliary_armour_xiang_chong_unique_ironic_armour_unique	1	false
898407248	3k_main_ancilliary_armour_ze_bu_armour_unique	3k_main_ancilliary_armour_ze_bu_armour_unique	1	false
902466447	3k_dlc04_ceo_threshold_ancillary_armour_zhang_baos_armour_unique	3k_dlc04_ancillary_armour_zhang_baos_armour_unique	1	false
9028609	3k_main_ancilliary_armour_shi_xin_unique_armour_unique	3k_main_ancilliary_armour_shi_xin_unique_armour_unique	1	false
903717	3k_main_ancilliary_armour_sun_ben_armour_unique	3k_main_ancilliary_armour_sun_ben_armour_unique	1	false
904936	3k_main_ancilliary_armour_que_xuan_ironic_armour_unique	3k_main_ancilliary_armour_que_xuan_ironic_armour_unique	1	false
906495433	3k_main_ancilliary_armour_bao_xin_armour_unique	3k_main_ancilliary_armour_bao_xin_armour_unique	1	false
908965506	3k_main_ancilliary_armour_lu_gong_armour_unique	3k_main_ancilliary_armour_lu_gong_armour_unique	1	false
909920	3k_main_ancilliary_armour_kuang_gan_ironic_armour_unique	3k_main_ancilliary_armour_kuang_gan_ironic_armour_unique	1	false
913707835	3k_main_threshold_ancilliary_armour_yang_chou_armour_unique	3k_main_ancilliary_armour_yang_chou_armour_unique	1	false
915251294	ep_threshold_ancillary_armour_light_armour_metal_extraordinary	ep_ancillary_armour_light_armour_metal_extraordinary	1	false
918180021	3k_main_ancilliary_armour_lu_ju_armour_unique	3k_main_ancilliary_armour_lu_ju_armour_unique	1	false
920320281	3k_main_threshold_ancillary_zhao_yuns_armour_unique	3k_main_ancillary_zhao_yuns_armour_unique	1	false
921280734	3k_mtu_threshold_ancillary_gao_shuns_armour_unique	3k_mtu_ancillary_gao_shuns_armour_unique	1	false
921764984	3k_main_ancilliary_armour_tian_yu_armour_unique	3k_main_ancilliary_armour_tian_yu_armour_unique	1	false
922148697	ep_dyn_ceo_threshold_ancillary_armour_taishi_cis_armour_unique	ep_dyn_ancillary_armour_taishi_cis_armour_unique	1	true
923423859	3k_main_ancilliary_armour_jue_jiejie_armour_unique	3k_main_ancilliary_armour_jue_jiejie_armour_unique	1	false
924141977	3k_ironic_ancilliary_armour_li_xiu_armour_unique	3k_ironic_ancilliary_armour_li_xiu_armour_unique	1	true
925751296	3k_mtu_threshold_ancillary_dong_mins_armour_unique	3k_mtu_ancillary_dong_mins_armour_unique	1	false
926751865	3k_main_ancilliary_armour_fan_chou_armour_unique	3k_main_ancilliary_armour_fan_chou_armour_unique	1	false
927206350	3k_main_ancilliary_armour_tufa_pigu_armour_unique	3k_main_ancilliary_armour_tufa_pigu_armour_unique	1	false
92746513	3k_main_ancilliary_armour_cao_anmin_unique_armour_unique	3k_main_ancilliary_armour_cao_anmin_unique_armour_unique	1	false
929700491	3k_main_ancilliary_armour_bao_xun_armour_unique	3k_main_ancilliary_armour_bao_xun_armour_unique	1	false
931045061	3k_main_threshold_ancillary_strategist_light_armour_water_refined	3k_main_ancillary_strategist_light_armour_water_refined	1	false
936273539	3k_main_ancilliary_armour_QIianman_armour_unique	3k_main_ancilliary_armour_QIianman_armour_unique	1	false
940880839	3k_main_threshold_ancillary_han_suis_armour_unique	3k_main_ancillary_han_suis_armour_unique	1	false
94412004	3k_main_ancilliary_armour_shi_yi_unique_armour_unique	3k_main_ancilliary_armour_shi_yi_unique_armour_unique	1	false
94436297	3k_main_ancilliary_armour_li_shi_unique_armour_unique	3k_main_ancilliary_armour_li_shi_unique_armour_unique	1	false
94511366	3k_main_ancilliary_armour_shi_zin_unique_armour_unique	3k_main_ancilliary_armour_shi_zin_unique_armour_unique	1	false
945714661	3k_main_ancilliary_armour_zuozi_zhangba_armour_unique	3k_main_ancilliary_armour_zuozi_zhangba_armour_unique	1	false
94608575	3k_main_threshold_ancillary_he_yis_armour_unique	3k_main_ancillary_he_yis_armour_unique	1	false
946742376	3k_mtu_threshold_ancillary_liu_shans_armour_unique	3k_mtu_ancillary_liu_shans_armour_unique	1	false
949659237	3k_main_ancilliary_armour_syiyan_armour_unique	3k_main_ancilliary_armour_syiyan_armour_unique	1	false
949726677	3k_main_threshold_ancillary_yue_jins_armour_unique	3k_main_ancillary_yue_jins_armour_unique	1	false
951163	3k_main_ancilliary_armour_sun_hao_armour_unique	3k_main_ancilliary_armour_sun_hao_armour_unique	1	false
95491337	3k_dlc07_threshold_ancillary_armour_yuan_tan_armour_unique	3k_dlc07_ancillary_armour_yuan_tan_armour_unique	1	false
954949301	3k_dlc05_ceo_threshold_ancilliary_lady_mi_armour_unique	3k_dlc05_ancilliary_armour_lady_mi_armour_unique	1	false
955555	3k_main_ancilliary_armour_puyang_lian_ironic_armour_unique	3k_main_ancilliary_armour_puyang_lian_ironic_armour_unique	1	false
955950262	ep_threshold_ancillary_armour_medium_armour_earth_unique	ep_ancillary_armour_medium_armour_earth_unique	1	false
959564901	3k_main_ancilliary_armour_zang_hong_armour_unique	3k_main_ancilliary_armour_zang_hong_armour_unique	1	false
95984561	3k_main_ancilliary_armour_zou_lin_unique_armour_unique	3k_main_ancilliary_armour_zou_lin_unique_armour_unique	1	false
960934530	3k_main_ancilliary_armour_Xiahou_Ba_armour_unique	3k_main_ancilliary_armour_Xiahou_Ba_armour_unique	1	false
966111407	3k_main_ancilliary_armour_Zhong_Yao_armour_unique	3k_main_ancilliary_armour_Zhong_Yao_armour_unique	1	false
966827435	3k_mtu_threshold_ancillary_guan_xings_armour_unique	3k_mtu_ancillary_guan_xings_armour_unique	1	false
966877	3k_main_ancilliary_armour_pan_shun_armour_unique	3k_main_ancilliary_armour_pan_shun_armour_unique	1	false
97001474	3k_main_ancilliary_armour_ma_zhong_unique_armour_unique	3k_main_ancilliary_armour_ma_zhong_unique_armour_unique	1	false
971595426	3k_dlc06_ancilliary_armour_xun_you_armour_unique	3k_dlc06_ancilliary_armour_xun_you_armour_unique	1	true
971910	3k_main_ancilliary_armour_xu_gong_ironic_armour_unique	3k_main_ancilliary_armour_xu_gong_ironic_armour_unique	1	false
97354812	3k_main_ancilliary_armour_liu_xian_unique_ironic_armour_unique	3k_main_ancilliary_armour_liu_xian_unique_ironic_armour_unique	1	false
974341920	3k_main_threshold_ancillary_huang_zhongs_armour_unique	3k_main_ancillary_huang_zhongs_armour_unique	1	false
974647	3k_main_ancilliary_armour_xiahou_shang_armour_unique	3k_main_ancilliary_armour_xiahou_shang_armour_unique	1	false
976149138	3k_dlc06_ancillary_armour_nanman_medium_exceptional	3k_dlc06_ancillary_armour_nanman_medium_exceptional	1	true
976180374	3k_ironic_ancilliary_armour_yan_pu_armour_unique	3k_ironic_ancilliary_armour_yan_pu_armour_unique	1	true
980441920	3k_main_ancilliary_armour_tian_kai_armour_unique	3k_main_ancilliary_armour_tian_kai_armour_unique	1	false
982893435	3k_main_ancilliary_armour_chenggong_ying_armour_unique	3k_main_ancilliary_armour_chenggong_ying_armour_unique	1	true
984621520	3k_main_threshold_ancillary_heavy_armour_wood_extraordinary	3k_main_ancillary_heavy_armour_wood_extraordinary	1	false
989189281	ep_threshold_ancillary_armour_heavy_armour_wood_unique	ep_ancillary_armour_heavy_armour_wood_unique	1	false
990372439	3k_mtu_threshold_ancillary_chen_jius_armour_unique	3k_mtu_ancillary_chen_jius_armour_unique	1	false
99127859	3k_dlc05_ceo_threshold_ancilliary_da_qiao_armour_unique	3k_dlc05_ancilliary_armour_da_qiao_armour_unique	1	false
992939	3k_main_ancilliary_armour_sun_yu_armour_unique	3k_main_ancilliary_armour_sun_yu_armour_unique	1	false
994866	3k_main_ancilliary_armour_sun_deng_armour_unique	3k_main_ancilliary_armour_sun_deng_armour_unique	1	false
994992	3k_main_ancilliary_armour_bu_lianshi_armour_unique	3k_main_ancilliary_armour_bu_lianshi_armour_unique	1	false
997372677	3k_main_ancilliary_armour_guo_nuwang_armour_unique	3k_main_ancilliary_armour_guo_nuwang_armour_unique	1	false
99858278	3k_mtu_threshold_ancillary_qu_gongs_armour_unique	3k_mtu_ancillary_qu_gongs_armour_unique	1	false
1745662020	3k_main_ancilliary_armour_buyeo_gusu_armour_unique	3k_main_ancilliary_armour_buyeo_gusu_armour_unique	1	false
1808707869	3k_main_ancilliary_armour_buyeo_usu_armour_unique	3k_main_ancilliary_armour_buyeo_usu_armour_unique	1	false
1583182998	3k_main_ancilliary_armour_go_balgi_armour_unique	3k_main_ancilliary_armour_go_balgi_armour_unique	1	false
1664512800	3k_main_ancilliary_armour_go_yeonu_armour_unique	3k_main_ancilliary_armour_go_yeonu_armour_unique	1	false
1639138945	3k_main_ancilliary_armour_go_gyesu_armour_unique	3k_main_ancilliary_armour_go_gyesu_armour_unique	1	false
1663852737	3k_main_ancilliary_armour_go_uwugeo_armour_unique	3k_main_ancilliary_armour_go_uwugeo_armour_unique	1	false
1514324730	3k_main_ancilliary_armour_lady_woo_armour_unique	3k_main_ancilliary_armour_lady_woo_armour_unique	1	false
1888344981	3k_main_ancilliary_armour_eul_paso_armour_unique	3k_main_ancilliary_armour_eul_paso_armour_unique	1	false
1674452444	3k_main_ancilliary_armour_mil_u_armour_unique	3k_main_ancilliary_armour_mil_u_armour_unique	1	false
1759327294	3k_main_ancilliary_armour_yu_yu_armour_unique	3k_main_ancilliary_armour_yu_yu_armour_unique	1	false
2024553526	3k_main_ancilliary_armour_yu_okgu_armour_unique	3k_main_ancilliary_armour_yu_okgu_armour_unique	1	false
1678283757	3k_main_ancilliary_armour_go_munseong_armour_unique	3k_main_ancilliary_armour_go_munseong_armour_unique	1	false
2107040948	3k_main_ancilliary_armour_woo_wigeo_armour_unique	3k_main_ancilliary_armour_woo_wigeo_armour_unique	1	false
1996823292	3k_main_ancilliary_armour_kim_suro_armour_unique	3k_main_ancilliary_armour_kim_suro_armour_unique	1	false
1649224385	3k_main_ancilliary_armour_heo_hwangok_armour_unique	3k_main_ancilliary_armour_heo_hwangok_armour_unique	1	false
1843459367	3k_main_ancilliary_armour_tam_hari_armour_unique	3k_main_ancilliary_armour_tam_hari_armour_unique	1	false
1692516909	3k_main_ancilliary_armour_kim_geodeung_armour_unique	3k_main_ancilliary_armour_kim_geodeung_armour_unique	1	false
1781039159	3k_main_ancilliary_armour_seok_naehae_armour_unique	3k_main_ancilliary_armour_seok_naehae_armour_unique	1	false
1929461973	3k_main_ancilliary_armour_lady_sulye_armour_unique	3k_main_ancilliary_armour_lady_sulye_armour_unique	1	false
2134270896	3k_main_ancilliary_armour_lady_seok_armour_unique	3k_main_ancilliary_armour_lady_seok_armour_unique	1	false
2058851597	3k_main_ancilliary_armour_kim_gudo_armour_unique	3k_main_ancilliary_armour_kim_gudo_armour_unique	1	false
2029921630	3k_main_ancilliary_armour_yeonbul_armour_unique	3k_main_ancilliary_armour_yeonbul_armour_unique	1	false
