auto_id	ceo_threshold	ceo_node	points_threshold_to_activate_node	can_downgrade_to_previous_node
#ceo_threshold_nodes_tables;0;ceo_db/ceo_threshold_nodes_tables/career				
1003652634	3k_main_ceo_career_historical_sui_gu	3k_main_ceo_career_historical_sui_gu	1	false
1003743900	3k_main_threshold_career_historical_xu_zhao	3k_main_ceo_node_career_historical_xu_zhao	1	false
1010560520	3k_dlc05_ceo_threshold_career_historical_yang_feng	3k_dlc05_ceo_node_career_historical_yang_feng_01	1	false
1015328224	3k_main_ceo_threshold_career_generated_minister_metal	3k_main_ceo_node_career_generated_minister_metal_01	1	false
1017862611	3k_dlc05_ceo_threshold_career_generated_embezzler	3k_dlc05_ceo_node_career_generated_embezzler_01	1	false
1020677942	3k_main_ceo_threshold_career_historical_guan_jing	3k_main_ceo_node_career_historical_guan_jing_01	1	false
1020726290	ep_ceo_threshold_career_historical_sima_jiong	ep_ceo_node_career_historical_sima_jiong_01	1	false
10228950	3k_main_ceo_career_historical_li_shi_unique	3k_main_ceo_career_historical_li_shi_unique	1	false
1024143737	3k_main_threshold_career_historical_xu_gong	3k_main_ceo_node_career_historical_xu_gong	1	false
1027883004	3k_main_ceo_career_historical_xu_rong	3k_main_ceo_career_historical_xu_rong	1	true
1027916713	3k_main_ceo_threshold_career_historical_wen_chou	3k_main_ceo_node_career_historical_wen_chou_01	1	false
1028772766	3k_dlc06_ceo_career_generated_nanman_rare_fire	3k_dlc06_ceo_node_career_generated_rare_fire_03	7	true
1031193650	3k_main_ceo_threshold_career_historical_taishi_ci	3k_main_ceo_node_career_historical_taishi_ci_01	1	false
103126692	3k_main_ceo_career_historical_zhang_xian	3k_main_ceo_career_historical_zhang_xian	1	false
1031602767	3k_mtu_ceo_threshold_career_historical_zhao_yun	3k_mtu_ceo_node_career_historical_zhao_yun_01	1	false
1031995348	3k_dlc04_ceo_threshold_career_historical_gao_you	3k_dlc04_ceo_node_career_historical_gao_you_01	1	true
1033041669	3k_ytr_ceo_threshold_career_people_musician	3k_ytr_ceo_node_career_people_musician	1	true
1033672424	3k_ironic_ceo_career_historical_li_xiu	3k_ironic_ceo_career_historical_li_xiu	1	true
103503	3k_main_ceo_career_historical_wu_xi_ironic	3k_main_ceo_career_historical_wu_xi_ironic	1	false
1039499247	3k_ytr_ceo_threshold_career_land_builder	3k_ytr_ceo_node_career_land_builder	1	true
104047	3k_main_ceo_career_historical_qu_pan	3k_main_ceo_career_historical_qu_pan	1	false
1043698757	3k_main_ceo_career_historical_liu_pingming	3k_main_ceo_career_historical_liu_pingming	1	false
1044304300	3k_dlc04_ceo_threshold_career_historical_bian_zhang	3k_dlc04_ceo_node_career_historical_bian_zhang_01	1	true
1045865561	3k_main_ceo_career_historical_gao_rou	3k_main_ceo_career_historical_gao_rou	1	false
1045867491	3k_mtu_ceo_threshold_career_historical_lady_zhang_jinglan	3k_mtu_ceo_node_career_historical_lady_zhang_jinglan_01	1	false
1046782323	3k_dlc05_ceo_threshold_career_generated_magician	3k_dlc05_ceo_node_career_generated_magician_01	1	false
1047042312	ep_ceo_threshold_career_historical_liu_shen	ep_ceo_node_career_historical_liu_shen_01	1	false
1047102473	3k_main_ceo_career_historical_Luo_Tong	3k_main_ceo_career_historical_Luo_Tong	1	false
10479164	3k_main_ceo_theshold_career_generated_governor_water	3k_main_ceo_node_career_generated_governor_water_01	1	false
1048229878	3k_main_ceo_career_historical_chen_su	3k_main_ceo_career_historical_chen_su	1	false
1057732332	3k_main_ceo_threshold_career_historical_cao_xiu	3k_main_ceo_career_historical_cao_xiu	1	false
1059436662	3k_dlc06_ceo_career_generated_nanman_rare_earth	3k_dlc06_ceo_node_career_generated_rare_earth_01	1	false
105951748	3k_main_ceo_career_historical_mi_fang	3k_main_ceo_career_historical_mi_fang	1	false
1060612160	3k_main_ceo_career_historical_yang_qianwan	3k_main_ceo_career_historical_yang_qianwan	1	false
1060826294	3k_main_ceo_career_historical_li_su	3k_main_ceo_career_historical_li_su	1	true
1062987904	3k_main_ceo_career_historical_Xiahou_Ba	3k_main_ceo_career_historical_Xiahou_Ba	1	false
1063102968	3k_main_ceo_career_historical_kuai_yue	3k_main_ceo_career_historical_kuai_yue	1	false
1066699350	3k_main_ceo_career_historical_lu_shang	3k_main_ceo_career_historical_lu_shang	1	false
1069152799	3k_dlc06_ceo_threshold_career_historical_shi_xin	3k_dlc06_ceo_node_career_historical_shi_xin_01	1	false
1070511949	3k_main_ceo_career_historical_wang_yu	3k_main_ceo_career_historical_wang_yu	1	false
1070867914	3k_mtu_ceo_threshold_career_historical_zhu_tu	3k_mtu_ceo_node_career_historical_zhu_tu_01	1	false
1072013149	3k_dlc06_ceo_career_historical_nanman_tu_an	3k_dlc06_ceo_career_historical_nanman_tu_an_01	1	true
1080886995	3k_main_ceo_career_historical_Liu_Feng	3k_main_ceo_career_historical_Liu_Feng	1	false
1083279700	3k_dlc06_ceo_career_historical_nanman_meng_you	3k_dlc06_ceo_career_historical_nanman_meng_you_03	7	true
1084813985	3k_mtu_ceo_threshold_career_historical_gao_shun	3k_mtu_ceo_node_career_historical_gao_shun_01	1	false
1086556631	3k_main_ceo_threshold_career_historical_zuozhi_zhulan	3k_main_ceo_threshold_career_historical_zuozhi_zhulan	1	false
108747336	3k_dlc06_ceo_career_historical_nanman_meng_you	3k_dlc06_ceo_career_historical_nanman_meng_you_02	4	true
1087635322	3k_main_ceo_career_historical_zhang_yanyan	3k_main_ceo_career_historical_zhang_yanyan	1	false
108869	3k_main_ceo_career_historical_sheng_kuang_ironic	3k_main_ceo_career_historical_sheng_kuang_ironic	1	false
1090547017	3k_main_ceo_career_historical_chen_lan	3k_main_ceo_career_historical_chen_lan	1	true
1092559223	3k_main_ceo_career_historical_gu_ruilan	3k_main_ceo_career_historical_gu_ruilan	1	false
1095880100	3k_dlc05_threshold_career_historical_lady_bian	3k_dlc05_ceo_node_career_historical_lady_bian_01	1	false
109974	3k_main_ceo_career_historical_yuan_zhong_ironic	3k_main_ceo_career_historical_yuan_zhong_ironic	1	false
1107499276	3k_main_ceo_career_historical_Bao_Sanniang	3k_main_ceo_career_historical_Bao_Sanniang	1	false
1110574198	ep_ceo_threshold_career_historical_he_lun	ep_ceo_node_career_historical_he_lun_01	1	false
1111960545	3k_dlc06_ceo_career_historical_nanman_dongtuna	3k_dlc06_ceo_career_historical_nanman_dongtuna_03	7	true
1112992095	3k_main_ceo_career_historical_li_li	3k_main_ceo_career_historical_li_li	1	true
1121510561	ep_ceo_threshold_career_historical_lu_zhi	ep_ceo_node_career_historical_lu_zhi_01	1	false
1126603272	3k_main_ceo_career_historical_dong_li	3k_main_ceo_career_historical_dong_li	1	true
1127563487	3k_dlc05_ceo_threshold_career_historical_gongsun_xu	3k_main_ceo_node_career_historical_gongsun_xu_01	1	false
1134245652	3k_main_ceo_career_historical_gongsun_fan	3k_main_ceo_career_historical_gongsun_fan	1	false
114616	3k_main_ceo_career_historical_lang_zhi	3k_main_ceo_career_historical_lang_zhi	1	false
1148771438	3k_mtu_ceo_threshold_career_historical_lady_dong_li	3k_mtu_ceo_node_career_historical_lady_dong_li_01	1	false
1150437580	3k_dlc06_ceo_career_historical_nanman_dailaidongzhu	3k_dlc06_ceo_career_historical_nanman_dailaidongzhu_01	1	true
1152609661	3k_main_ceo_threshold_career_historical_yuan_shang	3k_main_ceo_node_career_historical_yuan_shang_01	1	false
1155588263	3k_main_ceo_career_historical_lu_ji	3k_main_ceo_career_historical_lu_ji	1	false
1155880019	3k_main_ceo_career_historical_chen_duan	3k_main_ceo_career_historical_chen_duan	1	false
1157841255	3k_dlc05_ceo_threshold_career_historical_tian_feng	3k_dlc05_ceo_node_career_historical_tian_feng_01	1	false
1158736288	3k_dlc04_ceo_threshold_career_historical_beigong_boyu	3k_dlc04_ceo_node_career_historical_beigong_boyu_01	1	true
1159095778	ep_ceo_threshold_career_historical_huangfu_shang	ep_ceo_node_career_historical_huangfu_shang_01	1	false
1160178461	3k_dlc06_ceo_threshold_career_historical_shi_hui	3k_dlc06_ceo_node_career_historical_shi_hui_01	1	false
1164585818	3k_dlc06_ceo_career_generated_nanman_exceptional_metal	3k_dlc06_ceo_node_career_generated_exceptional_metal_02	4	true
1164688876	3k_dlc05_ceo_threshold_career_generated_avenger	3k_dlc05_ceo_node_career_generated_avenger_01	1	false
1165386959	3k_ironic_ceo_career_historical_pang_xi	3k_ironic_ceo_career_historical_pang_xi	1	true
116553	3k_main_ceo_career_historical_ding_feng	3k_main_ceo_career_historical_ding_feng	1	false
1166235955	3k_mtu_ceo_threshold_career_historical_lady_guan_yinping	3k_mtu_ceo_node_career_historical_lady_guan_yinping_01	1	false
1171252468	3k_main_ceo_threshold_career_historical_zhou_tai	3k_main_ceo_node_career_historical_zhou_tai_01	1	false
1175031110	3k_dlc06_ceo_career_generated_nanman_rare_fire	3k_dlc06_ceo_node_career_generated_rare_fire_01	1	false
1178391357	3k_ironic_ceo_career_historical_dong_fu	3k_ironic_ceo_career_historical_dong_fu	1	true
1179711721	3k_main_ceo_career_historical_tufa_pigu	3k_main_ceo_career_historical_tufa_pigu	1	false
11802992	3k_main_ceo_career_historical_zhao_lei_title	3k_main_ceo_career_historical_zhao_lei_title	1	false
1180355543	3k_main_ceo_career_historical_wei_kang	3k_main_ceo_career_historical_wei_kang	1	true
1182944594	3k_main_threshold_career_historical_zhu_fu	3k_main_ceo_node_career_historical_zhu_fu	1	false
1182953516	3k_main_ceo_career_historical_lady_liu	3k_main_ceo_career_historical_lady_liu	1	false
11838109	3k_main_ceo_career_historical_wang_fu_stra_unique	3k_main_ceo_career_historical_wang_fu_stra_unique	1	false
1184860586	3k_mtu_ceo_threshold_career_historical_wu_anguo	3k_mtu_ceo_node_career_historical_wu_anguo_01	1	false
1186527869	3k_main_ceo_career_historical_hua_tuo	3k_main_ceo_career_historical_hua_tuo	1	false
1189165611	3k_main_ceo_career_historical_Chenglugui	3k_main_ceo_career_historical_Chenglugui	1	false
1191133486	3k_main_ceo_career_historical_liu_ji	3k_main_ceo_career_historical_liu_ji	1	false
1192596134	3k_dlc06_ceo_career_generated_nanman_exceptional_water	3k_dlc06_ceo_node_career_generated_exceptional_water_03	7	true
1193428283	3k_main_ceo_career_historical_cai_zhong	3k_main_ceo_career_historical_cai_zhong	1	false
1202647211	3k_main_ceo_career_historical_xun_chen	3k_main_ceo_career_historical_xun_chen	1	false
120464	3k_main_ceo_career_historical_zhou_gu_ironic	3k_main_ceo_career_historical_zhou_gu_ironic	1	false
1205378408	3k_dlc04_ceo_threshold_career_historical_li_wenhou	3k_dlc04_ceo_node_career_historical_li_wenhou_01	1	true
120596	3k_main_ceo_career_historical_liu_fu	3k_main_ceo_career_historical_liu_fu	1	false
1209202309	3k_dlc04_ceo_threshold_career_historical_zhang_mancheng	3k_dlc04_ceo_node_career_historical_zhang_mancheng_01	1	true
1210287182	3k_main_ceo_threshold_career_historical_pang_tong	3k_main_ceo_node_career_historical_pang_tong_01	1	false
1211221353	3k_dlc06_ceo_career_historical_nanman_king_wutugu	3k_dlc06_ceo_career_historical_nanman_king_wutugu_03	7	true
1211818442	3k_main_ceo_career_historical_zhang_jin	3k_main_ceo_career_historical_zhang_jin	1	false
1216913476	3k_dlc06_ceo_career_historical_nanman_xi_ni	3k_dlc06_ceo_career_historical_nanman_xi_ni_02	4	true
1219850487	3k_main_ceo_career_historical_zhou_yu_renming	3k_main_ceo_career_historical_zhou_yu_renming	1	false
12230549	3k_main_ceo_career_historical_jia_mei_title	3k_main_ceo_career_historical_jia_mei_title	1	false
1225313129	3k_dlc04_ceo_threshold_career_historical_lu_jun	3k_dlc04_ceo_node_career_historical_lu_jun_01	1	true
122617621	3k_main_ceo_threshold_historical_cao_zhi	3k_main_ceo_career_historical_cao_zhi	1	false
1228247048	3k_main_ceo_career_historical_zhang_nan	3k_main_ceo_career_historical_zhang_nan	1	false
1229623415	3k_dlc05_ceo_threshold_career_historical_cheng_yu	3k_dlc05_ceo_node_career_historical_cheng_yu_01	1	false
1230395748	3k_main_threshold_career_historical_yan_yu	3k_main_ceo_node_career_historical_yan_yu	1	false
1230749385	3k_main_ceo_career_historical_yin_li	3k_main_ceo_career_historical_yin_li	1	false
1234187399	3k_main_ceo_career_historical_quan_rou	3k_main_ceo_career_historical_quan_rou	1	false
1235373585	3k_main_ceo_threshold_career_historical_cao_zhen	3k_main_ceo_career_historical_cao_zhen	1	false
1242301610	3k_main_ceo_theshold_career_generated_envoy_water	3k_main_ceo_node_career_generated_envoy_water_01	1	false
1242770952	3k_main_ceo_threshold_career_generated_villager_wood	3k_main_ceo_node_career_generated_villager_wood_01	1	false
1245065453	3k_dlc05_ceo_threshold_career_historical_zang_ba	3k_dlc05_ceo_node_career_historical_zang_ba_01	1	false
1246944058	3k_main_ceo_career_historical_gurudun	3k_main_ceo_career_historical_gurudun	1	false
1248059517	3k_main_ceo_threshold_career_historical_cheng_pu	3k_main_ceo_node_career_historical_cheng_pu_01	1	false
1254836805	3k_dlc06_ceo_career_generated_nanman_exceptional_water	3k_dlc06_ceo_node_career_generated_exceptional_water_01	1	false
12563944	3k_dlc06_ceo_career_historical_nanman_jinhuansanjie	3k_dlc06_ceo_career_historical_nanman_jinhuansanjie_01	1	true
12645720	3k_main_ceo_career_historical_wen_gong_title	3k_main_ceo_career_historical_wen_gong_title	1	false
1265155059	3k_main_ceo_career_historical_Man_Chong	3k_main_ceo_career_historical_Man_Chong	1	false
1265678339	3k_main_ceo_threshold_career_generated_villager_water	3k_main_ceo_node_career_generated_villager_water_01	1	false
1268551038	3k_main_ceo_career_historical_ma_ai	3k_main_ceo_career_historical_ma_ai	1	true
1271234005	3k_main_ceo_career_historical_Pan_Feng	3k_main_ceo_career_historical_Pan_Feng	1	false
1272831917	3k_main_ceo_career_historical_han_tong	3k_main_ceo_career_historical_han_tong	1	false
1275670876	3k_dlc06_ceo_career_generated_nanman_common_fire_02	3k_dlc06_ceo_node_career_generated_common_fire_02_01	1	false
1278378430	3k_main_ceo_threshold_historical_cao_jie	3k_main_ceo_career_historical_cao_jie	1	false
1286978372	3k_dlc06_ceo_career_historical_nanman_ahuinan	3k_dlc06_ceo_career_historical_nanman_ahuinan_01	1	true
128715	3k_main_ceo_career_historical_chunyu_dan	3k_main_ceo_career_historical_chunyu_dan	1	false
1287207489	3k_main_ceo_career_historical_yu_mi	3k_main_ceo_career_historical_yu_mi	1	false
128762963	3k_main_ceo_threshold_career_generated_minister_wood	3k_main_ceo_node_career_generated_minister_wood_01	1	false
1288766222	3k_main_ceo_career_historical_li_tong	3k_main_ceo_career_historical_li_tong	1	false
1289233368	3k_ytr_ceo_threshold_career_heaven_philosopher	3k_ytr_ceo_node_career_heaven_philosopher	1	true
1291401752	3k_main_ceo_career_historical_Zhong_Hui	3k_main_ceo_career_historical_Zhong_Hui	1	false
12950668	3k_main_ceo_career_historical_deng_xian_unique_ironic	3k_main_ceo_career_historical_deng_xian_unique_ironic	1	false
1296346848	3k_dlc06_ceo_career_generated_nanman_common_wood_01	3k_dlc06_ceo_node_career_generated_common_wood_01_02	4	true
1297819897	3k_main_ceo_career_historical_qin_song	3k_main_ceo_career_historical_qin_song	1	false
1298828675	3k_main_ceo_career_historical_gongsun_kang	3k_main_ceo_career_historical_gongsun_kang	1	false
1298889095	3k_main_ceo_career_historical_ze_yue	3k_main_ceo_career_historical_ze_yue	1	false
1299029328	3k_dlc05_ceo_threshold_career_generated_hermit	3k_dlc05_ceo_node_career_generated_hermit_01	1	false
1299860404	3k_dlc06_ceo_career_generated_nanman_common_wood_01	3k_dlc06_ceo_node_career_generated_common_wood_01_01	1	false
1302941055	3k_main_ceo_career_historical_hao_meng	3k_main_ceo_career_historical_hao_meng	1	false
1305678900	3k_main_ceo_threshold_career_historical_huangfu_song	3k_main_ceo_node_career_historical_huangfu_song_01	1	false
1306105625	ep_ceo_threshold_career_historical_zhang_hua	ep_ceo_node_career_historical_zhang_hua_01	1	false
1310889153	3k_main_ceo_threshold_career_historical_sun_ce	3k_main_ceo_node_career_historical_sun_ce_01	1	false
13129717	3k_main_ceo_career_historical_zheng_du_title	3k_main_ceo_career_historical_zheng_du_title	1	false
1313056094	3k_mtu_ceo_threshold_career_historical_lady_dong_bai	3k_mtu_ceo_node_career_historical_lady_dong_bai_01	1	false
1317632326	3k_ironic_ceo_career_historical_wang_yun	3k_ironic_ceo_career_historical_wang_yun	1	true
1319746579	3k_ironic_ceo_career_historical_yan_yan	3k_ironic_ceo_career_historical_yan_yan	1	true
1320110224	3k_main_ceo_career_historical_zhao_ang	3k_main_ceo_career_historical_zhao_ang	1	true
13240397	3k_main_ceo_career_historical_jing_yi_title	3k_main_ceo_career_historical_jing_yi_title	1	false
1325180060	3k_main_ceo_career_historical_niu_fu	3k_main_ceo_career_historical_niu_fu	1	true
1326029350	3k_main_ceo_career_historical_tuoba_liwei	3k_main_ceo_career_historical_tuoba_liwei	1	false
1326406766	3k_dlc04_ceo_threshold_career_historical_cao_de	3k_dlc04_ceo_node_career_historical_cao_de_01	1	true
13265364	3k_main_ceo_career_historical_zhang_ni_unique	3k_main_ceo_career_historical_zhang_ni_unique	1	false
1327594050	3k_main_ceo_career_historical_feng_fang	3k_main_ceo_career_historical_feng_fang	1	false
1332295072	3k_main_ceo_career_historical_zhao_fan	3k_main_ceo_career_historical_zhao_fan	1	false
13324837	3k_main_ceo_career_historical_yang_huai_title	3k_main_ceo_career_historical_yang_huai_title	1	false
133669	3k_main_ceo_career_historical_zhuge_dan_ironic	3k_main_ceo_career_historical_zhuge_dan_ironic	1	false
1343211835	3k_dlc04_ceo_threshold_career_historical_tang_zhou	3k_dlc04_ceo_node_career_historical_tang_zhou_01	1	true
1345432001	3k_ironic_ceo_career_historical_liu_fan	3k_ironic_ceo_career_historical_liu_fan	1	true
1347376874	3k_main_ceo_career_historical_zhu_hao	3k_main_ceo_career_historical_zhu_hao	1	false
1349897074	3k_main_ceo_career_historical_yang_hong	3k_main_ceo_career_historical_yang_hong	1	false
1350618657	3k_main_ceo_career_historical_Hou_Cheng	3k_main_ceo_career_historical_Hou_Cheng	1	false
1351142457	3k_dlc06_ceo_career_historical_nanman_king_wutugu	3k_dlc06_ceo_career_historical_nanman_king_wutugu_01	1	true
1351187521	3k_main_ceo_career_historical_chen_wen	3k_main_ceo_career_historical_chen_wen	1	false
1352605216	3k_dlc06_ceo_career_historical_nanman_xi_ni	3k_dlc06_ceo_career_historical_nanman_xi_ni_01	1	true
1353211327	3k_dlc06_ceo_career_historical_nanman_king_wutugu	3k_dlc06_ceo_career_historical_nanman_king_wutugu_02	4	true
1358278255	3k_dlc06_ceo_career_historical_nanman_king_shamoke	3k_dlc06_ceo_career_historical_nanman_king_shamoke_01	1	true
1367092586	3k_dlc05_ceo_threshold_career_generated_wanderer	3k_dlc05_ceo_node_career_generated_wanderer_01	1	false
1368271033	3k_main_ceo_career_historical_tadun	3k_main_ceo_career_historical_tadun	1	false
1369111557	3k_main_ceo_threshold_career_historical_liu_xie	3k_dlc04_ceo_node_career_historical_liu_xie_02	2	true
1369124168	3k_main_ceo_career_historical_liu_he	3k_main_ceo_career_historical_liu_he	1	false
136915	3k_main_ceo_career_historical_zhang_luo	3k_main_ceo_career_historical_zhang_luo	1	false
1373357876	3k_main_ceo_threshold_career_generated_minister_fire	3k_main_ceo_node_career_generated_minister_fire_01	1	false
13762243	3k_main_ceo_career_historical_yu_bao_title_ironic	3k_main_ceo_career_historical_yu_bao_title_ironic	1	false
1377938173	3k_main_ceo_career_historical_zong_cheng	3k_main_ceo_career_historical_zong_cheng	1	false
1382896721	3k_dlc05_ceo_threshold_career_historical_zhang_miao	3k_dlc05_ceo_node_career_historical_zhang_miao_01	1	false
1386134040	3k_dlc06_ceo_career_generated_nanman_common_water_01	3k_dlc06_ceo_node_career_generated_common_water_01_01	1	false
1387313613	3k_main_ceo_career_historical_liu_qi	3k_main_ceo_career_historical_liu_qi	1	false
1387327552	3k_main_ceo_threshold_historical_cao_zhang	3k_main_ceo_career_historical_cao_zhang	1	false
1393245063	3k_main_ceo_threshold_career_historical_lu_xun	3k_main_ceo_node_career_historical_lu_xun_01	1	false
1393642011	3k_main_ceo_threshold_career_historical_gong_du	3k_main_ceo_node_career_historical_gong_du_01	1	false
1394731784	3k_dlc05_ceo_threshold_career_historical_shen_pei	3k_dlc05_ceo_node_career_historical_shen_pei_01	1	false
1397125810	3k_main_ceo_career_historical_teng_dan	3k_main_ceo_career_historical_teng_dan	1	false
1398197231	3k_main_ceo_career_historical_Jiang_Wei	3k_main_ceo_career_historical_Jiang_Wei	1	false
1400254121	3k_main_ceo_career_historical_cai_yan_m	3k_main_ceo_career_historical_cai_yan_m	1	false
1403464586	3k_main_ceo_career_historical_tong_yurui	3k_main_ceo_career_historical_tong_yurui	1	false
1405499228	3k_main_ceo_threshold_career_historical_sun_quan	3k_main_ceo_node_career_historical_sun_quan_01	1	false
1406256687	ep_ceo_threshold_career_historical_zhang_fang	ep_ceo_node_career_historical_zhang_fang_01	1	false
1406992026	3k_main_ceo_career_historical_wei_huang	3k_main_ceo_career_historical_wei_huang	1	false
1411176515	3k_mtu_ceo_threshold_career_historical_lady_ma_yunlu	3k_mtu_ceo_node_career_historical_lady_ma_yunlu_01	1	false
141231168	3k_dlc06_ceo_career_historical_nanman_meng_jie	3k_dlc06_ceo_career_historical_nanman_meng_jie_02	4	true
1412482179	3k_main_ceo_threshold_career_historical_he_man	3k_main_ceo_node_career_historical_he_man_01	1	false
1414892669	3k_main_ceo_threshold_career_historical_cai_mao	3k_main_ceo_node_career_historical_cai_mao_01	1	false
1415880045	3k_dlc06_ceo_career_generated_nanman_common_water_01	3k_dlc06_ceo_node_career_generated_common_water_01_02	4	true
1417455785	3k_main_ceo_career_historical_yuan_xi	3k_main_ceo_career_historical_yuan_xi	1	false
1418188832	3k_ironic_ceo_career_historical_huang_quan	3k_ironic_ceo_career_historical_huang_quan	1	true
1423601741	3k_dlc05_ceo_threshold_career_historical_zhang_zhao	3k_dlc05_ceo_node_career_historical_zhang_zhao_01	1	false
142609	3k_main_ceo_career_historical_zheng_fei_ironic	3k_main_ceo_career_historical_zheng_fei_ironic	1	false
142622635	3k_main_ceo_threshold_career_historical_xiahou_dun_blinded	3k_main_ceo_node_career_historical_xiahou_dun_02	1	false
1430317168	3k_ironic_ceo_career_historical_zhang_ren	3k_ironic_ceo_career_historical_zhang_ren	1	true
1438502351	3k_main_ceo_career_historical_wen_pin	3k_main_ceo_career_historical_wen_pin	1	false
14416358	3k_dlc06_ceo_career_generated_nanman_common_wood_01	3k_dlc06_ceo_node_career_generated_common_wood_01_03	7	true
14440070	3k_main_ceo_career_historical_li_fu_title	3k_main_ceo_career_historical_li_fu_title	1	false
1448831764	3k_dlc05_ceo_threshold_career_historical_ze_rong	3k_dlc05_ceo_node_career_historical_ze_rong_01	1	false
1449183959	3k_main_ceo_threshold_career_historical_liu_zhang	3k_main_ceo_node_career_historical_liu_zhang_01	1	false
144960	3k_main_ceo_career_historical_zhuang_zhen_ironic	3k_main_ceo_career_historical_zhuang_zhen_ironic	1	false
1449881920	ep_ceo_threshold_career_historical_sima_yu_metal	ep_ceo_node_career_historical_sima_yu_metal_01	1	false
145159	3k_main_ceo_career_historical_zhang_shuo	3k_main_ceo_career_historical_zhang_shuo	1	false
1454904369	ep_ceo_threshold_career_historical_liu_qi	ep_ceo_node_career_historical_liu_qi_01	1	false
1455200534	3k_main_ceo_threshold_career_historical_xun_you	3k_main_ceo_node_career_historical_xun_you_01	1	false
1457408235	3k_main_ceo_threshold_career_historical_cao_chun	3k_main_ceo_career_historical_cao_chun	1	false
14604744	3k_dlc06_ceo_career_generated_nanman_common_earth_01	3k_dlc06_ceo_node_career_generated_common_earth_01_01	1	false
14617447	3k_main_ceo_career_historical_shentu_xiang_title	3k_main_ceo_career_historical_shentu_xiang_title	1	false
1462056035	3k_ironic_ceo_career_historical_lady_liu_mengan	3k_ironic_ceo_career_historical_lady_liu_mengan	1	true
1465717887	3k_main_ceo_career_historical_pang_yu	3k_main_ceo_career_historical_pang_yu	1	true
146580498	3k_dlc06_ceo_career_historical_nanman_jinhuansanjie	3k_dlc06_ceo_career_historical_nanman_jinhuansanjie_03	7	true
1466266986	3k_main_ceo_career_historical_cai_zan	3k_main_ceo_career_historical_cai_zan	1	false
1466895726	3k_mtu_ceo_threshold_career_historical_lady_zou_yuan	3k_mtu_ceo_node_career_historical_lady_zou_yuan_01	1	false
1470728758	3k_main_ceo_threshold_career_historical_jia_long	3k_main_ceo_node_career_historical_jia_long_01	1	false
147256	3k_main_ceo_career_historical_zhuge_xu_ironic	3k_main_ceo_career_historical_zhuge_xu_ironic	1	false
14759705	3k_main_ceo_career_historical_deng_zixiao_title_ironic	3k_main_ceo_career_historical_deng_zixiao_title_ironic	1	false
1477435081	3k_main_ceo_threshold_career_historical_ma_dai	3k_main_ceo_node_career_historical_ma_dai_01	1	false
1479978356	3k_main_ceo_career_historical_zhao_e	3k_main_ceo_career_historical_zhao_e	1	true
1480029693	3k_main_ceo_threshold_career_historical_xiahou_dun	3k_main_ceo_node_career_historical_xiahou_dun_01	1	false
1481037431	3k_main_ceo_career_historical_Mohuba	3k_main_ceo_career_historical_Mohuba	1	false
14830756	3k_main_ceo_threshold_career_historical_xia_zhao	3k_main_ceo_threshold_career_historical_xia_zhao	1	false
14832142	3k_main_ceo_career_historical_shi_fen_unique	3k_main_ceo_career_historical_shi_fen_unique	1	false
148641	3k_main_ceo_career_historical_huanglong_luo_ironic	3k_main_ceo_career_historical_huanglong_luo_ironic	1	false
1489383748	3k_dlc05_ceo_threshold_career_historical_lu_lingqi	3k_dlc05_ceo_node_career_historical_lu_lingqi_01	1	true
1489599528	3k_main_ceo_career_historical_xue_li	3k_main_ceo_career_historical_xue_li	1	false
1490299842	3k_main_ceo_threshold_career_historical_yue_jin	3k_main_ceo_node_career_historical_yue_jin_01	1	false
1490430574	3k_main_ceo_career_historical_han_chong	3k_main_ceo_career_historical_han_chong	1	true
149272	3k_main_ceo_career_historical_dang_lianhua	3k_main_ceo_career_historical_dang_lianhua	1	false
149750781	3k_dlc05_ceo_threshold_career_historical_hua_xin	3k_main_ceo_node_career_generated_governor_water_01	1	false
1499262881	3k_main_ceo_threshold_career_historical_ling_tong	3k_main_ceo_node_career_historical_ling_tong_01	1	false
1500466219	3k_main_ceo_career_historical_sun_guan	3k_main_ceo_career_historical_sun_guan	1	false
1503356843	3k_main_ceo_career_historical_yang_fu	3k_main_ceo_career_historical_yang_fu	1	true
1505405900	3k_dlc06_ceo_career_historical_nanman_king_duosi	3k_dlc06_ceo_career_historical_nanman_king_duosi_01	1	true
1505766121	3k_main_ceo_career_historical_zhang_ji_dong	3k_main_ceo_career_historical_zhang_ji_dong	1	true
1507776346	3k_dlc06_ceo_career_historical_nanman_ahuinan	3k_dlc06_ceo_career_historical_nanman_ahuinan_03	7	true
1509680282	3k_mtu_ceo_threshold_career_historical_lady_gongsun_jinting	3k_mtu_ceo_node_career_historical_lady_gongsun_jinting_01	1	false
150997718	3k_main_ceo_threshold_career_historical_zhou_yu	3k_main_ceo_node_career_historical_zhou_yu_01	1	false
151307	3k_main_ceo_career_historical_zou_ta	3k_main_ceo_career_historical_zou_ta	1	false
1515385895	3k_ironic_ceo_career_historical_wu_yi	3k_ironic_ceo_career_historical_wu_yi	1	true
1516489062	3k_main_ceo_threshold_career_historical_zhang_yan	3k_main_ceo_node_career_historical_zhang_yan_01	1	false
1516544923	3k_mtu_ceo_threshold_career_historical_ma_dai	3k_mtu_ceo_node_career_historical_ma_dai_01	1	false
1521692111	3k_main_ceo_career_historical_lady_zhang_zhumeng	3k_main_ceo_career_historical_lady_zhang_zhumeng	1	false
1522971553	3k_main_ceo_career_historical_cang_qinting	3k_main_ceo_career_historical_cang_qinting	1	false
1527997676	3k_dlc06_ceo_career_generated_nanman_common_earth_02	3k_dlc06_ceo_node_career_generated_common_earth_02_02	4	true
1529286255	3k_dlc06_ceo_career_generated_nanman_rare_water	3k_dlc06_ceo_node_career_generated_rare_water_03	7	true
153000899	3k_main_ceo_career_historical_zhuge_xuan	3k_main_ceo_career_historical_zhuge_xuan	1	false
1531048920	3k_main_ceo_threshold_career_historical_chen_gong	3k_main_ceo_node_career_historical_chen_gong_01	1	false
153197	3k_main_ceo_career_historical_cai_yang	3k_main_ceo_career_historical_cai_yang	1	false
15366588	3k_main_ceo_career_historical_cheng_ji_title	3k_main_ceo_career_historical_cheng_ji_title	1	false
1538908113	3k_dlc04_ceo_threshold_career_historical_ying_qu_xiulian	3k_dlc04_ceo_node_career_historical_ying_qu_xiulian_01	1	true
153982988	3k_ytr_ceo_threshold_career_people_advisor	3k_ytr_ceo_node_career_people_advisor	1	true
1540055807	3k_main_ceo_career_historical_zhang_xiu	3k_main_ceo_career_historical_zhang_xiu	1	true
1545784030	3k_dlc04_ceo_threshold_career_historical_ding_yuan_jianyang	3k_dlc04_ceo_node_career_historical_ding_yuan_jianyang_01	1	true
1547651255	3k_main_ceo_threshold_career_generated_governor_wood	3k_main_ceo_node_career_generated_governor_wood_01	1	false
155049846	3k_main_ceo_threshold_career_historical_deng_sheng	3k_main_ceo_threshold_career_historical_deng_sheng	1	false
1555972314	3k_main_ceo_threshold_career_generated_agent_earth	3k_main_ceo_node_career_generated_agent_earth_01	1	false
155717451	3k_dlc06_ceo_career_historical_nanman_meng_jie	3k_dlc06_ceo_career_historical_nanman_meng_jie_01	1	true
1557466996	3k_mtu_ceo_threshold_career_historical_lady_da_qiao	3k_mtu_ceo_node_career_historical_lady_da_qiao_01	1	false
1558163738	3k_dlc06_ceo_career_generated_nanman_rare_metal	3k_dlc06_ceo_node_career_generated_rare_metal_01	1	false
156029	3k_main_ceo_career_historical_deng_long	3k_main_ceo_career_historical_deng_long	1	false
1560968507	3k_main_ceo_career_historical_teng_zhou	3k_main_ceo_career_historical_teng_zhou	1	false
1562845816	3k_main_ceo_threshold_career_historical_he_yi	3k_main_ceo_node_career_historical_he_yi_01	1	false
1565622199	3k_main_ceo_career_historical_lu_kang	3k_main_ceo_career_historical_lu_kang	1	false
1566847002	3k_mtu_ceo_threshold_career_historical_lady_xiao_qiao	3k_mtu_ceo_node_career_historical_lady_xiao_qiao_01	1	false
1567206853	3k_dlc06_ceo_career_historical_nanman_xi_ni	3k_dlc06_ceo_career_historical_nanman_xi_ni_03	7	true
156722	3k_main_ceo_career_historical_li_tiao	3k_main_ceo_career_historical_li_tiao	1	false
1570818727	3k_dlc04_ceo_threshold_career_historical_lu_boshe	3k_dlc04_ceo_node_career_historical_lu_boshe_01	1	true
1574475525	3k_main_ceo_career_historical_zao_zhi	3k_main_ceo_career_historical_zao_zhi	1	false
1579349601	3k_dlc05_ceo_career_historical_zhang_fang	3k_dlc05_ceo_node_career_historical_zhang_fang_01	1	true
1580007241	3k_dlc06_ceo_career_generated_nanman_exceptional_fire	3k_dlc06_ceo_node_career_generated_exceptional_fire_02	4	true
1581693347	3k_main_ceo_career_historical_yan_gang	3k_main_ceo_career_historical_yan_gang	1	false
1583971144	3k_dlc06_ceo_career_historical_nanman_king_duosi	3k_dlc06_ceo_career_historical_nanman_king_duosi_03	7	true
1586694791	3k_dlc06_ceo_career_generated_nanman_rare_fire	3k_dlc06_ceo_node_career_generated_rare_fire_02	4	true
1588692236	3k_main_ceo_threshold_career_historical_zhuge_jin	3k_main_ceo_node_career_historical_zhuge_jin_01	1	false
1589872936	3k_main_ceo_career_historical_liu_cong	3k_main_ceo_career_historical_liu_cong	1	false
1590096964	3k_main_ceo_career_historical_cui_jun	3k_main_ceo_career_historical_cui_jun	1	false
1594907989	3k_dlc06_ceo_career_generated_nanman_common_earth_02	3k_dlc06_ceo_node_career_generated_common_earth_02_01	1	false
1602681570	3k_ironic_ceo_career_historical_yan_pu	3k_ironic_ceo_career_historical_yan_pu	1	true
1608716231	3k_dlc06_ceo_career_historical_nanman_king_shamoke	3k_dlc06_ceo_career_historical_nanman_king_shamoke_03	7	true
1610380647	3k_mtu_ceo_threshold_career_historical_hua_xin	3k_mtu_ceo_node_career_historical_hua_xin_01	1	true
1610690157	3k_dlc05_ceo_threshold_career_generated_town_drunk	3k_dlc05_ceo_node_career_generated_town_drunk_01	1	false
1615924372	3k_main_ceo_threshold_career_historical_cao_cao	3k_main_ceo_node_career_historical_cao_cao_01	1	false
1616046706	3k_main_ceo_career_historical_tian_chou	3k_main_ceo_career_historical_tian_chou	1	false
1620633004	ep_ceo_threshold_career_historical_sima_liang	ep_ceo_node_career_historical_sima_liang_01	1	false
162851	3k_main_ceo_career_historical_liu_min	3k_main_ceo_career_historical_liu_min	1	false
162905866	3k_dlc05_ceo_threshold_career_historical_gao_shun	3k_dlc05_ceo_node_career_historical_gao_shun_01	1	false
1630382517	3k_dlc05_ceo_threshold_career_generated_demagogue	3k_dlc05_ceo_node_career_generated_demagogue_01	1	false
1631039682	3k_main_ceo_career_historical_Kebineng	3k_main_ceo_career_historical_Kebineng	1	false
1633332853	3k_main_ceo_career_historical_jue_jiejie	3k_main_ceo_career_historical_jue_jiejie	1	false
1636597569	3k_dlc05_ceo_threshold_career_historical_guo_tu	3k_dlc05_ceo_node_career_historical_guo_tu_01	1	false
1637557559	3k_dlc05_ceo_threshold_career_historical_yuan_huan	3k_dlc05_ceo_node_career_historical_yuan_huan_01	1	false
163854	3k_main_ceo_career_historical_du_song	3k_main_ceo_career_historical_du_song	1	false
1638847013	3k_main_ceo_career_historical_Jia_Chong	3k_main_ceo_career_historical_Jia_Chong	1	false
1640627158	3k_dlc05_ceo_threshold_career_generated_bandit	3k_dlc05_ceo_node_career_generated_bandit_01	1	false
1641683053	3k_dlc05_ceo_threshold_career_historical_yuan_tan	3k_dlc05_ceo_node_career_historical_yuan_tan_01	1	false
164599	3k_main_ceo_career_historical_wan_bing_ironic	3k_main_ceo_career_historical_wan_bing_ironic	1	false
164756	3k_main_ceo_career_historical_wang_kai_ironic	3k_main_ceo_career_historical_wang_kai_ironic	1	false
1648068913	3k_main_ceo_career_historical_tian_kai	3k_main_ceo_career_historical_tian_kai	1	false
1648077215	3k_main_ceo_threshold_career_historical_huang_zu	3k_main_ceo_node_career_historical_huang_zu_01	1	false
1652752406	3k_dlc04_ceo_threshold_career_historical_yuan_yi_boye	3k_dlc04_ceo_node_career_historical_yuan_yi_boye_01	1	false
1655760002	3k_main_ceo_threshold_career_historical_gongsun_du	3k_main_ceo_node_career_historical_gongsun_du_01	1	false
16560714	3k_main_ceo_career_historical_wang_xian_unique	3k_main_ceo_career_historical_wang_xian_unique	1	false
1656428958	3k_main_ceo_career_historical_mei_cheng	3k_main_ceo_career_historical_mei_cheng	1	false
1657591460	3k_main_ceo_career_historical_bao_xin	3k_main_ceo_career_historical_bao_xin	1	false
165867	3k_main_ceo_career_historical_zhou_shan	3k_main_ceo_career_historical_zhou_shan	1	false
1661104075	3k_main_ceo_career_historical_QIianman	3k_main_ceo_career_historical_QIianman	1	false
166111278	3k_mtu_ceo_threshold_career_historical_lady_bian_huilan	3k_mtu_ceo_node_career_historical_lady_bian_huilan_01	1	false
1662447532	3k_main_ceo_career_historical_lady_ze_deng	3k_main_ceo_career_historical_lady_ze_deng	1	false
1663042747	3k_dlc05_ceo_threshold_career_generated_charlatan	3k_dlc05_ceo_node_career_generated_charlatan_01	1	false
1666981354	3k_main_ceo_career_historical_yue_jiu	3k_main_ceo_career_historical_yue_jiu	1	false
166735	3k_main_ceo_career_historical_lu_fan_ironic	3k_main_ceo_career_historical_lu_fan_ironic	1	false
16701093	3k_main_ceo_career_historical_li_hui_title	3k_main_ceo_career_historical_li_hui_title	1	false
1670388665	3k_main_ceo_career_historical_zhang_meng	3k_main_ceo_career_historical_zhang_meng	1	true
1676775582	3k_main_ceo_threshold_career_historical_zheng_jiang	3k_main_ceo_node_career_historical_zheng_jiang_01	1	false
1677537452	3k_mtu_ceo_threshold_career_historical_dong_min	3k_mtu_ceo_node_career_historical_dong_min_01	1	false
1682407667	3k_main_ceo_threshold_career_historical_pei_yuanshao	3k_main_ceo_node_career_historical_pei_yuanshao_01	1	false
1683573697	3k_dlc06_ceo_career_generated_nanman_common_metal_01	3k_dlc06_ceo_node_career_generated_common_metal_01_02	4	true
168553	3k_main_ceo_career_historical_gu_shao_ironic	3k_main_ceo_career_historical_gu_shao_ironic	1	false
1685691262	3k_main_ceo_threshold_career_historical_yu_jin	3k_main_ceo_node_career_historical_yu_jin_01	1	false
1686464972	3k_dlc06_ceo_threshold_career_historical_shi_kuang	3k_dlc06_ceo_node_career_historical_shi_kuang_01	1	false
1687048313	3k_main_ceo_career_historical_ze_bu	3k_main_ceo_career_historical_ze_bu	1	false
168706856	3k_main_threshold_career_historical_cao_xing	3k_dlc05_ceo_node_career_historical_cao_xing_01	1	false
1688743070	3k_ironic_ceo_career_historical_zhu_gui	3k_ironic_ceo_career_historical_zhu_gui	1	true
1692266961	3k_main_ceo_career_historical_lady_zhang_shangxiu	3k_main_ceo_career_historical_lady_zhang_shangxiu	1	true
1692468967	3k_main_ceo_career_historical_Cao_Xing	3k_main_ceo_career_historical_Cao_Xing	1	false
1693916321	3k_main_ceo_career_historical_wei_you	3k_main_ceo_career_historical_wei_you	1	false
1694000105	3k_mtu_ceo_threshold_career_historical_guan_xing	3k_mtu_ceo_node_career_historical_guan_xing_01	1	false
1697957226	3k_main_ceo_career_historical_guo_nuwang	3k_main_ceo_career_historical_guo_nuwang	1	false
170250337	3k_dlc04_ceo_threshold_career_historical_zong_yuan	3k_dlc04_ceo_node_career_historical_zong_yuan_01	1	true
1702644869	3k_main_ceo_threshold_career_historical_pang_de	3k_main_ceo_node_career_historical_pang_de_01	1	false
1703089748	3k_main_ceo_career_historical_Wang_Yi	3k_main_ceo_career_historical_Wang_Yi	1	false
1706643889	3k_ironic_ceo_career_historical_yang_bo	3k_ironic_ceo_career_historical_yang_bo	1	true
1709095492	3k_main_ceo_threshold_career_generated_villager_earth	3k_main_ceo_node_career_generated_villager_earth_01	1	false
17104377	3k_dlc06_ceo_career_historical_nanman_dailaidongzhu	3k_dlc06_ceo_career_historical_nanman_dailaidongzhu_02	4	true
1716969441	3k_main_ceo_career_historical_liu_ye	3k_main_ceo_career_historical_liu_ye	1	false
1718387678	3k_dlc06_ceo_career_historical_nanman_mangyachang	3k_dlc06_ceo_career_historical_nanman_mangyachang_03	7	true
1721519254	3k_main_ceo_career_historical_zhang_yun	3k_main_ceo_career_historical_zhang_yun	1	false
1723407923	3k_main_ceo_career_historical_xi_zhicai	3k_main_ceo_career_historical_xi_zhicai	1	false
1728923683	3k_main_ceo_career_historical_huang_chengyan	3k_main_ceo_career_historical_huang_chengyan	1	false
1729520643	3k_dlc05_ceo_threshold_career_generated_saboteur	3k_dlc05_ceo_node_career_generated_saboteur_01	1	false
1730975960	3k_ytr_ceo_threshold_career_heaven_monk	3k_ytr_ceo_node_career_heaven_monk	1	true
1731338524	3k_main_ceo_career_historical_zuo_ci	3k_main_ceo_career_historical_zuo_ci	1	false
1732245271	3k_dlc06_ceo_career_generated_nanman_exceptional_fire	3k_dlc06_ceo_node_career_generated_exceptional_fire_03	7	true
1738548831	3k_dlc05_ceo_threshold_career_generated_escaped_convict	3k_dlc05_ceo_node_career_generated_escaped_convict_01	1	false
1743066424	3k_main_ceo_career_historical_qiang_duan	3k_main_ceo_career_historical_qiang_duan	1	false
174325146	ep_ceo_threshold_career_historical_sima_yong	ep_ceo_node_career_historical_sima_yong_01	1	false
1743929188	3k_main_ceo_threshold_historical_cao_rui	3k_main_ceo_career_historical_cao_rui	1	false
174908	3k_main_ceo_career_historical_bu_lianshi	3k_main_ceo_career_historical_bu_lianshi	1	false
1749717522	3k_main_ceo_career_historical_xianyu_yin	3k_main_ceo_career_historical_xianyu_yin	1	false
1749906940	3k_main_ceo_career_historical_ying_shao	3k_main_ceo_career_historical_ying_shao	1	false
1750320514	3k_main_ceo_career_historical_yuan_yin	3k_main_ceo_career_historical_yuan_yin	1	false
17552599	3k_main_ceo_career_historical_tao_ying	3k_main_ceo_career_historical_tao_ying	1	false
17600043	3k_main_ceo_career_historical_pei_qian_title_ironic	3k_main_ceo_career_historical_pei_qian_title_ironic	1	false
176277	3k_main_ceo_career_historical_gongsun_ya_ironic	3k_main_ceo_career_historical_gongsun_ya_ironic	1	false
1764815319	3k_dlc06_ceo_career_historical_nanman_king_mulu	3k_dlc06_ceo_career_historical_nanman_king_mulu_02	4	true
177099	3k_main_ceo_career_historical_zhu_huan_ironic	3k_main_ceo_career_historical_zhu_huan_ironic	1	false
1771835199	ep_ceo_threshold_career_historical_pei_wei	3k_main_ceo_node_career_generated_minister_earth_01	1	false
1780182897	3k_dlc05_ceo_threshold_career_generated_trickster	3k_dlc05_ceo_node_career_generated_trickster_01	1	false
1780207060	3k_main_ceo_career_historical_yan_xing	3k_main_ceo_career_historical_yan_xing	1	true
1783078308	3k_main_ceo_career_historical_hu_mao	3k_main_ceo_career_historical_hu_mao	1	false
17857574	3k_main_ceo_career_historical_yang_yong_title	3k_main_ceo_career_historical_yang_yong_title	1	false
1787721420	3k_main_ceo_career_historical_wangdong	3k_main_ceo_career_historical_wangdong	1	false
1789675067	3k_main_ceo_threshold_career_historical_liu_xie	3k_main_ceo_node_career_historical_liu_xie_01	1	false
1799756463	3k_main_ceo_career_historical_gongsun_yue	3k_main_ceo_career_historical_gongsun_yue	1	false
180075	3k_main_ceo_career_historical_qu_chuntao	3k_main_ceo_career_historical_qu_chuntao	1	false
1802056491	3k_main_ceo_threshold_career_historical_tao_qian	3k_main_ceo_node_career_historical_tao_qian_01	1	false
1806381395	3k_dlc04_ceo_threshold_career_historical_chen_deng_yuanlong	3k_dlc04_ceo_node_career_historical_chen_deng_yuanlong_01	1	true
1809078121	3k_main_ceo_threshold_career_historical_zhang_fei	3k_main_ceo_node_career_historical_zhang_fei_01	1	false
1811385868	3k_ironic_ceo_career_historical_ma_tie	3k_ironic_ceo_career_historical_ma_tie	1	false
1812303394	3k_ytr_ceo_threshold_career_people_physician	3k_ytr_ceo_node_career_people_physician	1	true
181322	3k_main_ceo_career_historical_peng_cai	3k_main_ceo_career_historical_peng_cai	1	false
1815402679	3k_main_ceo_threshold_career_historical_liu_bei	3k_main_ceo_node_career_historical_liu_bei_01	1	false
1816744703	ep_ceo_threshold_career_historical_cao_huan	ep_ceo_node_career_historical_cao_huan_01	1	false
1817042121	3k_main_ceo_career_historical_congqian	3k_main_ceo_career_historical_congqian	1	false
1818426532	3k_main_ceo_career_historical_dong_zhao	3k_main_ceo_career_historical_dong_zhao	1	false
181913	3k_main_ceo_career_historical_huang_kui_ironic	3k_main_ceo_career_historical_huang_kui_ironic	1	false
1825907291	3k_main_ceo_threshold_career_historical_liu_yan	3k_main_ceo_node_career_historical_liu_yan_01	1	false
1829145630	3k_main_ceo_career_historical_wang_dang	3k_main_ceo_career_historical_wang_dang	1	true
1832262722	3k_dlc06_ceo_career_historical_nanman_yang_feng	3k_dlc06_ceo_career_historical_nanman_yang_feng_02	4	true
1833413605	3k_main_ceo_career_historical_li_damu	3k_main_ceo_career_historical_li_damu	1	true
1836185006	3k_main_ceo_career_historical_ji_ben	3k_main_ceo_career_historical_ji_ben	1	false
183776080	3k_dlc05_ceo_threshold_career_historical_han_dang	3k_dlc05_ceo_node_career_historical_han_dang_01	1	false
1841668519	3k_main_ceo_career_historical_jueji	3k_main_ceo_career_historical_jueji	1	false
1842020835	3k_dlc04_ceo_threshold_career_historical_emperor_shao	3k_dlc04_ceo_node_career_historical_emperor_shao_01	1	false
1844923350	3k_dlc06_ceo_career_generated_nanman_common_metal_02	3k_dlc06_ceo_node_career_generated_common_metal_02_01	1	false
1845162725	3k_ironic_ceo_career_historical_chen_chao	3k_ironic_ceo_career_historical_chen_chao	1	true
1846650727	3k_dlc04_ceo_career_historical_xun_shuang_ciming	3k_dlc04_ceo_node_career_historical_xun_shuang_ciming_01	1	true
1848672422	3k_main_ceo_threshold_career_historical_huang_shao	3k_main_ceo_node_career_historical_huang_shao_01	1	false
184882445	3k_dlc05_ceo_threshold_career_generated_murderer	3k_dlc05_ceo_node_career_generated_murderer_01	1	false
1849075051	3k_dlc06_ceo_career_generated_nanman_common_earth_02	3k_dlc06_ceo_node_career_generated_common_earth_02_03	7	true
1852268613	3k_main_ceo_career_historical_Jia_Kui	3k_main_ceo_career_historical_Jia_Kui	1	false
1854547768	3k_dlc05_ceo_threshold_career_historical_diaochan	3k_dlc05_ceo_node_career_historical_diaochan_01	1	false
1855446454	3k_ytr_ceo_threshold_career_land_brewer	3k_ytr_ceo_node_career_land_brewer	1	true
1856402035	3k_main_ceo_threshold_career_historical_xiahou_yuan	3k_main_ceo_node_career_historical_xiahou_yuan_01	1	false
185653	3k_main_ceo_career_historical_su_dai	3k_main_ceo_career_historical_su_dai	1	false
1856934244	3k_main_ceo_career_historical_shi_yi_w	3k_main_ceo_career_historical_shi_yi_w	1	false
1857462287	3k_dlc05_ceo_threshold_career_historical_zhou_tai_scarred	3k_dlc05_ceo_node_career_historical_zhou_tai_scarred_01	1	false
1860212034	3k_ytr_ceo_threshold_career_land_farmer	3k_ytr_ceo_node_career_land_farmer	1	true
18610068	3k_main_ceo_career_historical_wang_xian_title	3k_main_ceo_career_historical_wang_xian_title	1	false
1861536577	3k_main_ceo_career_historical_lian_zhi	3k_main_ceo_career_historical_lian_zhi	1	false
186228666	3k_main_ceo_career_historical_cao_anmin	3k_main_ceo_career_historical_cao_anmin	1	false
1863527953	3k_dlc05_ceo_threshold_career_historical_yang_hong	3k_dlc05_ceo_node_career_historical_yang_hong_01	1	false
1864448063	ep_ceo_threshold_career_historical_jia_mo	3k_main_ceo_node_career_generated_general_metal_01	1	false
1868249805	3k_main_ceo_career_historical_lei_xu	3k_main_ceo_career_historical_lei_xu	1	true
1868573120	3k_main_ceo_threshold_career_historical_xu_shu	3k_main_ceo_node_career_historical_xu_shu_01	1	false
18689317	3k_dlc06_ceo_career_historical_nanman_ahuinan	3k_dlc06_ceo_career_historical_nanman_ahuinan_02	4	true
1869880365	3k_main_ceo_career_historical_qin_yilu	3k_main_ceo_career_historical_qin_yilu	1	true
1871309514	3k_main_ceo_career_historical_zhou_ang	3k_main_ceo_career_historical_zhou_ang	1	false
1872502001	3k_main_ceo_career_historical_cai_xun	3k_main_ceo_career_historical_cai_xun	1	false
1876794533	3k_main_ceo_threshold_historical_cao_shuang	3k_main_ceo_career_historical_cao_shuang	1	false
187685	3k_main_ceo_career_historical_xu_shao_ironic	3k_main_ceo_career_historical_xu_shao_ironic	1	false
1877806276	3k_dlc05_ceo_threshold_career_generated_brute	3k_dlc05_ceo_node_career_generated_brute_01	1	false
187855478	3k_main_ceo_career_historical_zheng_yan	3k_main_ceo_career_historical_zheng_yan	1	false
1884732471	3k_dlc06_ceo_career_historical_nanman_mangyachang	3k_dlc06_ceo_career_historical_nanman_mangyachang_01	1	true
1884792772	3k_dlc05_ceo_threshold_career_historical_ji_ling	3k_dlc05_ceo_node_career_historical_ji_ling_01	1	false
1885165319	3k_main_ceo_career_historical_chogo	3k_main_ceo_career_historical_chogo	1	false
1886100619	3k_main_ceo_threshold_career_historical_hua_xiong	3k_main_ceo_node_career_historical_hua_xiong_01	1	false
18861044	3k_main_ceo_career_historical_tong_jie_unique	3k_main_ceo_career_historical_tong_jie_unique	1	false
188655	3k_main_ceo_career_historical_sun_ben	3k_main_ceo_career_historical_sun_ben	1	false
1886853280	3k_main_ceo_threshold_career_historical_yan_liang	3k_main_ceo_node_career_historical_yan_liang_01	1	false
1889337074	3k_dlc06_ceo_career_generated_nanman_exceptional_fire	3k_dlc06_ceo_node_career_generated_exceptional_fire_01	1	false
1891010	3k_main_ceo_career_historical_qian_bo_title	3k_main_ceo_career_historical_qian_bo_title	1	false
189181440	3k_dlc06_ceo_career_historical_nanman_king_mulu	3k_dlc06_ceo_career_historical_nanman_king_mulu_01	1	true
1892596601	3k_dlc04_ceo_threshold_career_historical_lu_ji_gongji	3k_dlc04_ceo_node_career_historical_lu_ji_gongji_01	1	true
1896281938	3k_main_ceo_threshold_career_generated_governor_fire	3k_main_ceo_node_career_generated_governor_fire_01	1	false
1898664234	3k_main_ceo_threshold_career_historical_lady_zhen	3k_main_ceo_node_career_historical_lady_zhen_01	1	false
190934	3k_main_ceo_career_historical_xu_dan_ironic	3k_main_ceo_career_historical_xu_dan_ironic	1	false
1909717403	3k_dlc05_ceo_threshold_career_generated_disgraced_noble	3k_dlc05_ceo_node_career_generated_disgraced_noble_01	1	false
1911346491	ep_ceo_threshold_career_historical_sima_ju	ep_ceo_node_career_historical_sima_ju_01	1	false
1911356405	3k_main_ceo_career_historical_gao_lan	3k_main_ceo_career_historical_gao_lan	1	false
191843983	3k_dlc04_ceo_threshold_career_historical_ma_midi_wengshu	3k_dlc04_ceo_node_career_historical_ma_midi_wengshu_01	1	true
1922162717	3k_dlc04_ceo_threshold_career_historical_bo_cai	3k_dlc04_ceo_node_career_historical_bo_cai_01	1	true
1924433441	3k_dlc06_ceo_career_historical_nanman_king_meng_huo	3k_dlc06_ceo_career_historical_nanman_king_meng_huo_02	4	true
1925999428	3k_main_ceo_career_historical_su_fei	3k_main_ceo_career_historical_su_fei	1	false
1928379096	3k_dlc06_ceo_career_historical_nanman_king_meng_huo	3k_dlc06_ceo_career_historical_nanman_king_meng_huo_03	7	true
1931820660	3k_dlc06_ceo_career_generated_nanman_exceptional_earth	3k_dlc06_ceo_node_career_generated_exceptional_earth_03	7	true
1935536240	3k_main_ceo_career_historical_lady_cai	3k_main_ceo_career_historical_lady_cai	1	false
1939915171	3k_main_ceo_career_historical_lady_gan	3k_main_ceo_career_historical_lady_gan	1	false
1942021321	3k_dlc04_ceo_career_historical_xia_yun	3k_dlc04_ceo_node_career_historical_xia_yun_01	1	true
1942238980	3k_main_ceo_career_historical_chenggong_ying	3k_main_ceo_career_historical_chenggong_ying	1	true
19471394	3k_main_ceo_career_historical_yang_hong_title_ironic	3k_main_ceo_career_historical_yang_hong_title_ironic	1	false
1947691992	3k_main_ceo_career_historical_ma_wan	3k_main_ceo_career_historical_ma_wan	1	true
1949856828	3k_dlc04_ceo_career_historical_zhang_rang	3k_dlc04_ceo_node_career_historical_zhang_rang_01	1	true
1950505172	3k_main_ceo_career_historical_huang_ang	3k_main_ceo_career_historical_huang_ang	1	true
1952679501	3k_dlc05_ceo_threshold_career_historical_ju_shou	3k_dlc05_ceo_node_career_historical_ju_shou_01	1	false
1952853711	3k_dlc04_ceo_threshold_career_historical_diao_chan	3k_dlc04_ceo_node_career_historical_diao_chan_01	1	false
1953254839	3k_dlc06_ceo_career_generated_nanman_common_fire_01	3k_dlc06_ceo_node_career_generated_common_fire_01_01	1	false
1956093442	ep_ceo_threshold_career_historical_sun_xiu	ep_ceo_node_career_historical_sun_xiu_01	1	false
1958042940	3k_main_ceo_career_historical_tuoba_jiefan	3k_main_ceo_career_historical_tuoba_jiefan	1	false
1960139643	3k_dlc06_ceo_career_generated_nanman_common_water_02	3k_dlc06_ceo_node_career_generated_common_water_02_01	1	false
1960642437	3k_main_ceo_career_historical_chen_deng	3k_main_ceo_career_historical_chen_deng	1	false
19638571	3k_main_ceo_career_historical_mou_rong_title	3k_main_ceo_career_historical_mou_rong_title	1	false
1965201240	3k_main_ceo_career_historical_Guan_Xing	3k_main_ceo_career_historical_Guan_Xing	1	false
1965694461	3k_mtu_ceo_threshold_career_historical_liu_shan	3k_mtu_ceo_node_career_historical_liu_shan_01	1	false
196612	3k_main_ceo_career_historical_tong_yang	3k_main_ceo_career_historical_tong_yang	1	false
1967181999	3k_main_ceo_career_historical_yuan_yao	3k_main_ceo_career_historical_yuan_yao	1	false
1968584489	3k_dlc06_ceo_career_historical_nanman_jinhuansanjie	3k_dlc06_ceo_career_historical_nanman_jinhuansanjie_02	4	true
1969950330	3k_main_ceo_career_historical_cheng_yu	3k_main_ceo_career_historical_cheng_yu	1	false
1971131061	3k_main_ceo_threshold_career_historical_wang_lang	3k_main_ceo_node_career_historical_wang_lang_01	1	false
1974331307	3k_main_ceo_career_historical_handan_shang	3k_main_ceo_career_historical_handan_shang	1	true
197475862	3k_dlc04_ceo_threshold_career_historical_lady_da_qiao	3k_dlc04_ceo_node_career_historical_lady_da_qiao_01	1	true
197635	3k_main_ceo_career_historical_he_xiong	3k_main_ceo_career_historical_he_xiong	1	false
1982653293	3k_ironic_ceo_career_historical_wu_kuang	3k_ironic_ceo_career_historical_wu_kuang	1	true
1983070505	3k_main_ceo_career_historical_leipan	3k_main_ceo_career_historical_leipan	1	false
198481	3k_main_ceo_career_historical_zhuge_guo_ironic	3k_main_ceo_career_historical_zhuge_guo_ironic	1	false
1990355567	3k_main_ceo_career_historical_cheng_yi	3k_main_ceo_career_historical_cheng_yi	1	true
1996130745	3k_main_ceo_threshold_career_historical_dian_wei	3k_main_ceo_node_career_historical_dian_wei_01	1	false
1998847344	3k_main_ceo_threshold_career_generated_villager_fire	3k_main_ceo_node_career_generated_villager_fire_01	1	false
1999953184	3k_dlc05_ceo_threshold_career_historical_xu_you	3k_dlc05_ceo_node_career_historical_xu_you_01	1	false
200279084	3k_dlc06_ceo_career_historical_nanman_king_mulu	3k_dlc06_ceo_career_historical_nanman_king_mulu_03	7	true
2003446172	3k_dlc06_ceo_career_generated_nanman_common_earth_01	3k_dlc06_ceo_node_career_generated_common_earth_01_02	4	true
2005244353	3k_ironic_ceo_career_historical_liu_xun	3k_ironic_ceo_career_historical_liu_xun	1	true
2005950576	3k_dlc05_ceo_threshold_career_generated_mastermind	3k_dlc05_ceo_node_career_generated_mastermind_01	1	false
2006998419	3k_ironic_ceo_career_historical_lady_liu_zhang	3k_ironic_ceo_career_historical_lady_liu_zhang	1	true
2007113461	3k_main_ceo_career_historical_huang_she	3k_main_ceo_career_historical_huang_she	1	false
2008228425	3k_main_ceo_career_historical_Mi_Heng	3k_main_ceo_career_historical_Mi_Heng	1	false
2008447152	3k_main_ceo_threshold_historical_cao_biao	3k_main_ceo_career_historical_cao_biao	1	false
200930	3k_main_ceo_career_historical_li_feng_ironic	3k_main_ceo_career_historical_li_feng_ironic	1	false
2009831041	3k_main_ceo_career_historical_Guo_Huai	3k_main_ceo_career_historical_Guo_Huai	1	false
2013159000	3k_dlc05_threshold_career_historical_zao_zhi	3k_dlc05_ceo_node_career_historical_zao_zhi_01	1	false
2013748645	3k_dlc05_ceo_threshold_career_historical_xue_li	3k_main_ceo_node_career_generated_governor_metal_01	1	false
201503	3k_main_ceo_career_historical_zheng_hun	3k_main_ceo_career_historical_zheng_hun	1	false
2017307420	3k_dlc05_ceo_threshold_career_historical_cheng_pu_elder	3k_dlc05_ceo_node_career_historical_cheng_pu_elder_01	1	false
2017634026	3k_dlc04_ceo_threshold_career_historical_lu_yu_zijia	3k_dlc04_ceo_node_career_historical_lu_yu_zijia_01	1	true
2018012482	3k_mtu_ceo_threshold_career_historical_qu_gong	3k_mtu_ceo_node_career_historical_qu_gong_01	1	false
201816834	3k_main_ceo_career_historical_yang_chou	3k_main_ceo_career_historical_yang_chou	1	false
2019465323	3k_main_ceo_career_historical_zhu_jun	3k_main_ceo_career_historical_zhu_jun	1	false
2019762487	3k_main_ceo_threshold_career_historical_zhang_he	3k_main_ceo_node_career_historical_zhang_he_01	1	false
2019789696	3k_main_ceo_threshold_career_historical_gao_gan	3k_main_ceo_node_career_historical_gao_gan_01	1	false
2020546184	3k_mtu_ceo_threshold_career_historical_lady_wu_minyu	3k_mtu_ceo_node_career_historical_lady_wu_minyu_01	1	false
2020919697	3k_main_ceo_career_historical_liu_pan	3k_main_ceo_career_historical_liu_pan	1	false
2021005488	3k_main_ceo_career_historical_huche_er	3k_main_ceo_career_historical_huche_er	1	true
202192	3k_main_ceo_career_historical_gui_lan_ironic	3k_main_ceo_career_historical_gui_lan_ironic	1	false
2023543878	3k_ironic_ceo_career_historical_yang_ren	3k_ironic_ceo_career_historical_yang_ren	1	true
2025248225	3k_ironic_ceo_career_historical_liu_dan	3k_ironic_ceo_career_historical_liu_dan	1	true
2025318412	3k_dlc04_ceo_threshold_career_historical_zhang_bao	3k_dlc04_ceo_node_career_historical_zhang_bao_01	1	false
2025832479	3k_main_ceo_career_historical_syiyan	3k_main_ceo_career_historical_syiyan	1	false
2029941220	3k_main_ceo_threshold_career_historical_guo_yuan	3k_main_ceo_threshold_career_historical_guo_yuan	1	false
20311044	3k_dlc05_ceo_threshold_career_generated_ringleader	3k_dlc05_ceo_node_career_generated_ringleader_01	1	false
20388036	3k_main_ceo_career_historical_pan_xin_title	3k_main_ceo_career_historical_pan_xin_title	1	false
2042142453	ep_ceo_threshold_career_historical_sima_song	ep_ceo_node_career_historical_sima_song_01	1	false
2042869255	3k_main_ceo_career_historical_Zhang_Chunhua	3k_main_ceo_career_historical_Zhang_Chunhua	1	false
2043994203	3k_main_ceo_career_historical_cui_lie	3k_main_ceo_career_historical_cui_lie	1	false
2046027793	3k_dlc06_ceo_career_historical_nanman_yang_feng	3k_dlc06_ceo_career_historical_nanman_yang_feng_01	1	true
205106571	3k_dlc06_ceo_career_historical_nanman_king_shamoke	3k_dlc06_ceo_career_historical_nanman_king_shamoke_02	4	true
2051447655	3k_main_ceo_threshold_career_historical_jia_xu	3k_main_ceo_node_career_historical_jia_xu_01	1	false
2053228475	3k_main_ceo_career_historical_liu_bao	3k_main_ceo_career_historical_liu_bao	1	false
2055117421	3k_dlc05_ceo_threshold_career_generated_poacher	3k_dlc05_ceo_node_career_generated_poacher_01	1	false
2057817151	3k_dlc04_ceo_threshold_career_historical_ying_shao_zhongyuan	3k_dlc04_ceo_node_career_historical_ying_shao_zhongyuan_01	1	true
2057840070	3k_main_ceo_threshold_career_historical_cao_ren	3k_main_ceo_node_career_historical_cao_ren_01	1	false
2058049745	3k_dlc06_ceo_career_historical_nanman_king_duosi	3k_dlc06_ceo_career_historical_nanman_king_duosi_02	4	true
2058202750	3k_main_ceo_career_historical_Guan_Suo	3k_main_ceo_career_historical_Guan_Suo	1	false
2060243935	3k_ironic_ceo_career_historical_yang_ang	3k_ironic_ceo_career_historical_yang_ang	1	true
2060414223	3k_main_ceo_career_historical_wang_feng	3k_main_ceo_career_historical_wang_feng	1	true
2061554720	3k_main_ceo_career_historical_mei_cheng	3k_main_ceo_career_historical_mei_cheng	1	true
2065001750	3k_ironic_ceo_career_historical_ren_qi	3k_ironic_ceo_career_historical_ren_qi	1	true
2066836401	3k_main_ceo_career_historical_Xin_Xianying	3k_main_ceo_career_historical_Xin_Xianying	1	false
2067878485	3k_main_ceo_career_historical_Suli	3k_main_ceo_career_historical_Suli	1	false
2068545072	3k_main_ceo_threshold_career_generated_governor_earth	3k_main_ceo_node_career_generated_governor_earth_01	1	false
2069096833	3k_dlc06_ceo_career_generated_nanman_common_water_02	3k_dlc06_ceo_node_career_generated_common_water_02_03	7	true
2072963795	3k_main_ceo_career_historical_huanglong	3k_main_ceo_career_historical_huanglong	1	true
20741459	3k_main_ceo_career_historical_yang_ling_title_ironic	3k_main_ceo_career_historical_yang_ling_title_ironic	1	false
2074892073	3k_main_ceo_threshold_career_historical_dong_zhuo	3k_main_ceo_node_career_historical_dong_zhuo_01	1	false
2074951462	3k_main_ceo_career_historical_huo_jun	3k_main_ceo_career_historical_huo_jun	1	false
2075998225	3k_main_ceo_career_historical_shi_huang_sg	3k_main_ceo_career_historical_shi_huang_sg	1	false
2076628474	3k_main_ceo_threshold_career_historical_guo_jia	3k_main_ceo_node_career_historical_guo_jia_01	1	false
2084947569	3k_mtu_ceo_threshold_career_historical_lady_dong_peishan	3k_mtu_ceo_node_career_historical_lady_dong_peishan_01	1	false
2085396950	3k_main_ceo_threshold_career_historical_yuan_shu	3k_main_ceo_node_career_historical_yuan_shu_01	1	false
2088781308	3k_dlc04_ceo_threshold_career_historical_liu_chong	3k_dlc04_ceo_node_career_historical_liu_chong_01	1	false
209054784	3k_ironic_ceo_career_historical_peng_yang	3k_ironic_ceo_career_historical_peng_yang	1	true
2090838745	3k_ytr_ceo_threshold_career_heaven_sorcerer	3k_ytr_ceo_node_career_heaven_sorcerer	1	true
20937189	3k_main_ceo_career_historical_lu_ju	3k_main_ceo_career_historical_lu_ju	1	false
2095539152	3k_main_ceo_threshold_career_historical_fa_zheng	3k_main_ceo_node_career_historical_fa_zheng_01	1	false
2095687387	3k_dlc04_ceo_career_historical_gao_wang	3k_dlc04_ceo_node_career_historical_gao_wang_01	1	true
2097171942	3k_dlc04_ceo_threshold_career_historical_zhou_xin_daming	3k_dlc04_ceo_node_career_historical_zhou_xin_daming_01	1	false
2097536332	3k_main_ceo_career_historical_yang_feng_nw	3k_main_ceo_career_historical_yang_feng_nw	1	false
2098136264	3k_main_ceo_career_historical_huchuquan	3k_main_ceo_career_historical_huchuquan	1	false
2100733820	3k_dlc05_ceo_threshold_career_historical_pang_ji	3k_dlc05_ceo_node_career_historical_pang_ji_01	1	false
2102236381	3k_dlc05_ceo_threshold_career_historical_xu_shu_early	3k_dlc05_ceo_node_career_historical_xu_shu_early_01	1	false
2102904908	3k_main_ceo_threshold_career_generated_envoy_metal	3k_main_ceo_node_career_generated_envoy_metal_01	1	false
2104976307	3k_main_ceo_career_historical_zhou_xin	3k_main_ceo_career_historical_zhou_xin	1	false
2105447880	3k_main_ceo_career_historical_Kuitou	3k_main_ceo_career_historical_Kuitou	1	false
21066411	3k_main_ceo_career_historical_yuan_yi_unique	3k_main_ceo_career_historical_yuan_yi_unique	1	false
2112937398	3k_ironic_ceo_career_historical_lady_wu_xian	3k_ironic_ceo_career_historical_lady_wu_xian	1	true
2114950119	3k_ytr_ceo_threshold_career_heaven_astrologer	3k_ytr_ceo_node_career_heaven_astrologer	1	true
2117157836	3k_main_ceo_career_historical_Zhong_Yao	3k_main_ceo_career_historical_Zhong_Yao	1	false
2117617040	3k_dlc05_ceo_threshold_career_historical_hao_meng	3k_dlc05_ceo_node_career_historical_hao_meng_01	1	false
2126551890	3k_main_ceo_career_historical_ma_midi	3k_main_ceo_career_historical_ma_midi	1	false
2127550757	3k_main_ceo_career_historical_guo_da	3k_main_ceo_career_historical_guo_da	1	false
2129706252	3k_main_ceo_career_historical_chen_ji	3k_main_ceo_career_historical_chen_ji	1	false
2132863072	3k_main_ceo_career_historical_lei_xu	3k_main_ceo_career_historical_lei_xu	1	false
2132925220	3k_main_ceo_career_historical_xin_ping	3k_main_ceo_career_historical_xin_ping	1	false
2134868677	3k_main_ceo_career_historical_tao_shang	3k_main_ceo_career_historical_tao_shang	1	false
2134872539	3k_main_ceo_threshold_career_historical_wang_bao	ep_ceo_node_career_historical_wang_bao_01	1	true
21374658	3k_main_ceo_career_historical_dan_meng_title	3k_main_ceo_career_historical_dan_meng_title	1	false
2138191260	3k_main_ceo_career_historical_gongsun_yuan	3k_main_ceo_career_historical_gongsun_yuan	1	true
2139105700	3k_main_ceo_career_historical_ju_shou	3k_main_ceo_career_historical_ju_shou	1	false
2144058151	3k_ironic_ceo_career_historical_bi_jieyan	3k_ironic_ceo_career_historical_bi_jieyan	1	true
2144612548	3k_ironic_ceo_career_historical_fu_gan	3k_ironic_ceo_career_historical_fu_gan	1	false
2175988	3k_dlc05_ceo_threshold_career_generated_assassin	3k_dlc05_ceo_node_career_generated_assassin_01	1	false
217781	3k_main_ceo_career_historical_liu_xian	3k_main_ceo_career_historical_liu_xian	1	false
21833103	3k_main_ceo_career_historical_shi_song_title	3k_main_ceo_career_historical_shi_song_title	1	false
219502	3k_main_ceo_career_historical_mu_shun_ironic	3k_main_ceo_career_historical_mu_shun_ironic	1	false
22084958	3k_main_ceo_career_historical_fei_shi_title	3k_main_ceo_career_historical_fei_shi_title	1	false
220985528	3k_main_ceo_career_historical_wang_fangyue	3k_main_ceo_career_historical_wang_fangyue	1	false
221439	3k_main_ceo_career_historical_ying_rong_ironic	3k_main_ceo_career_historical_ying_rong_ironic	1	false
223937	3k_main_ceo_career_historical_liu_zhen_ironic	3k_main_ceo_career_historical_liu_zhen_ironic	1	false
224092	3k_main_ceo_career_historical_xianbei_generic_lancer	3k_main_ceo_career_historical_xianbei_generic_lancer	1	false
226353820	3k_main_ceo_threshold_career_historical_lu_meng	3k_main_ceo_node_career_historical_lu_meng_01	1	false
226842	3k_main_ceo_career_historical_li_yu	3k_main_ceo_career_historical_li_yu	1	false
227291712	3k_dlc04_ceo_career_historical_feng_fang	3k_dlc04_ceo_node_career_historical_feng_fang_01	1	true
227445965	3k_main_ceo_threshold_career_historical_cao_pi	3k_main_ceo_node_career_historical_cao_pi_01	1	false
228850333	3k_main_ceo_threshold_career_generated_governor_metal	3k_main_ceo_node_career_generated_governor_metal_01	1	false
229073	3k_main_ceo_career_historical_bian_baozhai	3k_main_ceo_career_historical_bian_baozhai	1	false
229098	3k_main_ceo_career_historical_ouhou_cai	3k_main_ceo_career_historical_ouhou_cai	1	false
22937258	3k_main_ceo_career_historical_xi_zhicai_unique	3k_main_ceo_career_historical_xi_zhicai_unique	1	false
232903210	3k_main_ceo_career_historical_hou_xuan	3k_main_ceo_career_historical_hou_xuan	1	true
233456	3k_main_ceo_career_historical_chen_bao_ironic	3k_main_ceo_career_historical_chen_bao_ironic	1	false
233662	3k_main_ceo_career_historical_bian_rou	3k_main_ceo_career_historical_bian_rou	1	false
233972	3k_main_ceo_career_historical_ying_lun_ironic	3k_main_ceo_career_historical_ying_lun_ironic	1	false
235305438	3k_main_ceo_career_historical_guo_tu	3k_main_ceo_career_historical_guo_tu	1	false
235773559	3k_main_ceo_threshold_career_historical_kong_rong	3k_main_ceo_node_career_historical_kong_rong_01	1	false
235799	3k_main_ceo_career_historical_xianbei_generic_buddhist_convert	3k_main_ceo_career_historical_xianbei_generic_buddhist_convert	1	false
23621036	3k_main_ceo_career_historical_liu_gui_unique	3k_main_ceo_career_historical_liu_gui_unique	1	false
236514386	3k_dlc04_ceo_threshold_career_historical_zhang_liang	3k_dlc04_ceo_node_career_historical_zhang_liang_01	1	false
236608628	3k_main_ceo_career_historical_xiahou_jie	3k_main_ceo_career_historical_xiahou_jie	1	false
23747739	3k_main_ceo_career_historical_shi_gan_title	3k_main_ceo_career_historical_shi_gan_title	1	false
239798	3k_main_ceo_career_historical_jiang_gong	3k_main_ceo_career_historical_jiang_gong	1	false
241169	3k_main_ceo_career_historical_qin_lang	3k_main_ceo_career_historical_qin_lang	1	false
242447778	3k_dlc05_ceo_threshold_career_historical_wu_jing	3k_main_ceo_node_career_generated_general_fire_01	1	false
24259571	3k_main_ceo_career_historical_xu_ci_title	3k_main_ceo_career_historical_xu_ci_title	1	false
243034892	3k_main_ceo_career_historical_lady_liu_huimin	3k_main_ceo_career_historical_lady_liu_huimin	1	false
246448414	3k_main_ceo_career_historical_wei_dan	3k_main_ceo_career_historical_wei_dan	1	true
246540107	3k_main_ceo_career_historical_zang_ba	3k_main_ceo_career_historical_zang_ba	1	false
24674840	3k_main_ceo_career_historical_huan_ye_title	3k_main_ceo_career_historical_huan_ye_title	1	false
247106404	ep_ceo_threshold_career_historical_princess_pei	ep_ceo_node_career_historical_princess_pei_01	1	false
248265104	3k_main_ceo_threshold_career_historical_zhuge_liang	3k_main_ceo_node_career_historical_zhuge_liang_01	1	false
248786426	3k_dlc06_ceo_career_generated_nanman_rare_metal	3k_dlc06_ceo_node_career_generated_rare_metal_02	4	true
24965430	3k_main_ceo_career_historical_wang_kai_title_ironic	3k_main_ceo_career_historical_wang_kai_title_ironic	1	false
250855231	3k_main_ceo_career_historical_dou_mao	3k_main_ceo_career_historical_dou_mao	1	false
251244	3k_main_ceo_career_historical_gongsun_mo_ironic	3k_main_ceo_career_historical_gongsun_mo_ironic	1	false
256311019	3k_main_ceo_career_historical_zhang_cheng	3k_main_ceo_career_historical_zhang_cheng	1	true
256392	3k_main_ceo_career_historical_xianbei_generic_soothsayer	3k_main_ceo_career_historical_xianbei_generic_soothsayer	1	false
256732112	3k_main_ceo_career_historical_yang_biao	3k_main_ceo_career_historical_yang_biao	1	true
260240	3k_main_ceo_career_historical_wu_jing_ironic	3k_main_ceo_career_historical_wu_jing_ironic	1	false
260953635	3k_dlc04_ceo_threshold_career_historical_emperor_ling	3k_dlc04_ceo_node_career_historical_emperor_ling_01	1	false
261954316	3k_mtu_ceo_threshold_career_historical_lady_shi	3k_mtu_ceo_node_career_historical_lady_shi_01	1	false
26233626	3k_main_ceo_career_historical_yan_lan_unique	3k_main_ceo_career_historical_yan_lan_unique	1	false
262433	3k_main_ceo_career_historical_kong_gui	3k_main_ceo_career_historical_kong_gui	1	false
26300950	3k_main_ceo_career_historical_li_miao_title	3k_main_ceo_career_historical_li_miao_title	1	false
263074136	3k_main_ceo_threshold_career_historical_cao_hong	3k_main_ceo_career_historical_cao_hong	1	false
26524826	3k_dlc06_ceo_career_generated_nanman_common_fire_02	3k_dlc06_ceo_node_career_generated_common_fire_02_02	4	true
265527506	3k_dlc04_ceo_threshold_career_historical_zhang_wen_boshen	3k_dlc04_ceo_node_career_historical_zhang_wen_boshen_01	1	true
265946851	3k_dlc04_ceo_threshold_career_historical_liu_zhi	3k_dlc04_ceo_node_career_historical_lu_zhi_01	1	false
266034	3k_main_ceo_career_historical_teng_ling	3k_main_ceo_career_historical_teng_ling	1	false
266105	3k_main_ceo_career_historical_xianbei_generic_wrangler	3k_main_ceo_career_historical_xianbei_generic_wrangler	1	false
267623481	3k_dlc05_ceo_threshold_career_historical_chen_ji	3k_dlc05_ceo_node_career_historical_chen_ji_01	1	false
268908	3k_main_ceo_career_historical_rong_fang_ironic	3k_main_ceo_career_historical_rong_fang_ironic	1	false
26906437	3k_main_ceo_career_historical_song_shurou_title_ironic	3k_main_ceo_career_historical_song_shurou_title_ironic	1	false
26953141	3k_main_ceo_career_historical_yong_kai_unique	3k_main_ceo_career_historical_yong_kai_unique	1	false
270383	3k_main_ceo_career_historical_chen_pu	3k_main_ceo_career_historical_chen_pu	1	false
271370	3k_main_ceo_career_historical_fan_yufeng	3k_main_ceo_career_historical_fan_yufeng	1	false
271550	3k_main_ceo_career_historical_zhang_chang_ironic	3k_main_ceo_career_historical_zhang_chang_ironic	1	false
272426623	3k_main_ceo_threshold_career_generated_general_wood	3k_main_ceo_node_career_generated_general_wood_01	1	false
272680484	3k_mtu_ceo_threshold_career_historical_lady_ma_lanli	3k_mtu_ceo_node_career_historical_lady_ma_lanli_01	1	false
273029001	3k_main_ceo_threshold_career_historical_lady_sun	3k_main_ceo_node_career_historical_lady_sun_01	1	false
276388143	3k_dlc04_ceo_threshold_career_historical_xue_zhou	3k_dlc04_ceo_node_career_historical_xue_zhou_01	1	true
27665241	3k_main_ceo_career_historical_li_shao_title	3k_main_ceo_career_historical_li_shao_title	1	false
277017	3k_main_ceo_career_historical_xianbei_generic_frontiersman	3k_main_ceo_career_historical_xianbei_generic_frontiersman	1	false
277134731	3k_dlc04_ceo_threshold_career_historical_chen_gui_hanyu	3k_dlc04_ceo_node_career_historical_chen_gui_hanyu_01	1	true
277342	3k_main_ceo_career_historical_zhou_cang	3k_main_ceo_career_historical_zhou_cang	1	false
278167	3k_main_ceo_career_historical_kuai_qi_ironic	3k_main_ceo_career_historical_kuai_qi_ironic	1	false
279152	3k_main_ceo_career_historical_pan_ke	3k_main_ceo_career_historical_pan_ke	1	false
279195022	3k_main_ceo_threshold_career_historical_cao_ang	3k_main_ceo_node_career_historical_cao_ang_01	1	false
28144696	3k_main_ceo_career_historical_luo_li_title	3k_main_ceo_career_historical_luo_li_title	1	false
281939	3k_main_ceo_career_historical_qian_tong	3k_main_ceo_career_historical_qian_tong	1	false
28215880	3k_main_ceo_career_historical_jiang_wan_unique	3k_main_ceo_career_historical_jiang_wan_unique	1	false
282161	3k_main_ceo_career_historical_chen_ce_ironic	3k_main_ceo_career_historical_chen_ce_ironic	1	false
282430	3k_main_ceo_career_historical_zu_hong	3k_main_ceo_career_historical_zu_hong	1	false
28299607	3k_main_ceo_career_historical_zhuo_ying_title_ironic	3k_main_ceo_career_historical_zhuo_ying_title_ironic	1	false
284680974	3k_main_ceo_career_historical_gujin	3k_main_ceo_career_historical_gujin	1	false
287278	3k_main_ceo_career_historical_ouyang_su_ironic	3k_main_ceo_career_historical_ouyang_su_ironic	1	false
288332	3k_main_ceo_career_historical_xianbei_generic_male_metallurgist	3k_main_ceo_career_historical_xianbei_generic_male_metallurgist	1	false
28859294	3k_main_ceo_career_historical_zhang_xiang_title_ironic	3k_main_ceo_career_historical_zhang_xiang_title_ironic	1	false
28948461	3k_main_ceo_career_historical_shi_han_title	3k_main_ceo_career_historical_shi_han_title	1	false
290398	3k_main_ceo_career_historical_sun_he	3k_main_ceo_career_historical_sun_he	1	false
29161332	3k_main_ceo_career_historical_he_qia_title_ironic	3k_main_ceo_career_historical_he_qia_title_ironic	1	false
293264	3k_main_ceo_career_historical_tong_you	3k_main_ceo_career_historical_tong_you	1	false
293491454	3k_main_ceo_career_historical_mike	3k_main_ceo_career_historical_mike	1	false
294809	3k_main_ceo_career_historical_han_dang	3k_main_ceo_career_historical_han_dang	1	false
295292838	3k_main_ceo_threshold_career_generated_general_metal	3k_main_ceo_node_career_generated_general_metal_01	1	false
29805025	3k_main_ceo_career_historical_du_qiong_title_ironic	3k_main_ceo_career_historical_du_qiong_title_ironic	1	false
299267544	3k_mtu_ceo_threshold_career_historical_chen_jiu	3k_mtu_ceo_node_career_historical_chen_jiu_01	1	false
299969	3k_main_ceo_career_historical_hu_cai_ironic	3k_main_ceo_career_historical_hu_cai_ironic	1	false
30035674	3k_main_ceo_career_historical_ma_su_unique_ironic	3k_main_ceo_career_historical_ma_su_unique_ironic	1	false
300604613	3k_main_ceo_career_historical_Wei_Xu	3k_main_ceo_career_historical_Wei_Xu	1	false
301355960	3k_mtu_ceo_threshold_career_historical_lady_lu_zheng	3k_mtu_ceo_node_career_historical_lady_lu_zheng_01	1	false
301735733	ep_ceo_threshold_career_historical_sima_lun	ep_ceo_node_career_historical_sima_lun_01	1	false
302094	3k_main_ceo_career_historical_zhu_ran	3k_main_ceo_career_historical_zhu_ran	1	false
303003	3k_main_ceo_career_historical_xu_miao	3k_main_ceo_career_historical_xu_miao	1	false
303007	3k_main_ceo_career_historical_ying_qu_ironic	3k_main_ceo_career_historical_ying_qu_ironic	1	false
30330956	3k_main_ceo_career_historical_zhuo_xiangyun_title	3k_main_ceo_career_historical_zhuo_xiangyun_title	1	false
30415898	3k_main_ceo_career_historical_zhao_shurou_title	3k_main_ceo_career_historical_zhao_shurou_title	1	false
305999	3k_main_ceo_career_historical_pan_zhang_ironic	3k_main_ceo_career_historical_pan_zhang_ironic	1	false
306795428	3k_dlc06_ceo_career_generated_nanman_common_fire_02	3k_dlc06_ceo_node_career_generated_common_fire_02_03	7	true
30835933	3k_main_ceo_career_historical_zhang_wu_title	3k_main_ceo_career_historical_zhang_wu_title	1	false
308386	3k_main_ceo_career_historical_li_gui	3k_main_ceo_career_historical_li_gui	1	false
309552017	3k_dlc06_ceo_career_generated_nanman_common_wood_02	3k_dlc06_ceo_node_career_generated_common_wood_02_03	7	true
312128294	3k_dlc04_ceo_threshold_career_historical_cai_yong_bojie	3k_dlc04_ceo_node_career_historical_cai_yong_bojie_01	1	true
313018615	3k_mtu_ceo_threshold_career_historical_lady_zhang_xingcai	3k_mtu_ceo_node_career_historical_lady_zhang_xingcai_01	1	false
31529106	3k_main_ceo_career_historical_deng_kai_title	3k_main_ceo_career_historical_deng_kai_title	1	false
316296	3k_main_ceo_career_historical_deng_ji	3k_main_ceo_career_historical_deng_ji	1	false
318391810	3k_dlc05_ceo_threshold_career_generated_tribal_exile	3k_dlc05_ceo_node_career_generated_tribal_exile_01	1	false
318459	3k_main_ceo_career_historical_xianbei_generic_exiled_bureaucrat	3k_main_ceo_career_historical_xianbei_generic_exiled_bureaucrat	1	false
320083274	ep_ceo_threshold_career_historical_lu_ji	ep_ceo_node_career_historical_lu_ji_01	1	false
320943483	3k_main_ceo_career_historical_li_xian	3k_main_ceo_career_historical_li_xian	1	true
32152667	3k_main_threshold_career_historical_shi_yi	3k_main_ceo_node_career_historical_shi_yi	1	false
32184073	3k_main_ceo_career_historical_jin_yi_title	3k_main_ceo_career_historical_jin_yi_title	1	false
323868905	3k_main_ceo_threshold_career_historical_mi_zhu	3k_main_ceo_node_career_historical_mi_zhu_01	1	false
324463395	3k_main_ceo_threshold_career_generated_agent_wood	3k_main_ceo_node_career_generated_agent_wood_01	1	false
325584769	3k_main_ceo_threshold_career_historical_han_fu	3k_main_ceo_node_career_historical_han_fu_01	1	false
333539	3k_main_ceo_career_historical_zhang_yan_ironic	3k_main_ceo_career_historical_zhang_yan_ironic	1	false
334855	3k_main_ceo_career_historical_qimu_kai	3k_main_ceo_career_historical_qimu_kai	1	false
336625	3k_main_ceo_career_historical_xu_yi_ironic	3k_main_ceo_career_historical_xu_yi_ironic	1	false
338601504	3k_main_ceo_career_historical_yan_rou	3k_main_ceo_career_historical_yan_rou	1	true
339419	3k_main_ceo_career_historical_wen_ji_ironic	3k_main_ceo_career_historical_wen_ji_ironic	1	false
339507	3k_main_ceo_career_historical_xi_jiao	3k_main_ceo_career_historical_xi_jiao	1	false
339919335	3k_dlc06_ceo_career_generated_nanman_common_metal_02	3k_dlc06_ceo_node_career_generated_common_metal_02_02	4	true
340041	3k_main_ceo_career_historical_xu_xiu_ironic	3k_main_ceo_career_historical_xu_xiu_ironic	1	false
340053	3k_main_ceo_career_historical_fan_neng	3k_main_ceo_career_historical_fan_neng	1	false
340815	3k_main_ceo_career_historical_rui_zhi_ironic	3k_main_ceo_career_historical_rui_zhi_ironic	1	false
341941	3k_main_ceo_career_historical_zhuge_pian_ironic	3k_main_ceo_career_historical_zhuge_pian_ironic	1	false
345505432	3k_main_ceo_threshold_career_generated_envoy_wood	3k_main_ceo_node_career_generated_envoy_wood_01	1	false
345517	3k_main_ceo_career_historical_ke_ren	3k_main_ceo_career_historical_ke_ren	1	false
346407	3k_main_ceo_career_historical_zhuge_jin_ironic	3k_main_ceo_career_historical_zhuge_jin_ironic	1	false
34861127	3k_main_ceo_career_historical_xiang_chong_unique_ironic	3k_main_ceo_career_historical_xiang_chong_unique_ironic	1	false
349411649	3k_main_ceo_threshold_career_historical_gongsun_zan	3k_main_ceo_node_career_historical_gongsun_zan_01	1	false
349797160	ep_ceo_threshold_career_historical_qi_sheng	ep_ceo_node_career_historical_qi_sheng_01	1	false
350660423	3k_dlc05_ceo_threshold_career_generated_thief	3k_dlc05_ceo_node_career_generated_thief_01	1	false
351948079	3k_ironic_ceo_career_historical_zhang_wei	3k_ironic_ceo_career_historical_zhang_wei	1	true
352784655	3k_main_ceo_career_historical_bian_rang	3k_main_ceo_career_historical_bian_rang	1	false
353018	3k_main_ceo_career_historical_ling_cao_ironic	3k_main_ceo_career_historical_ling_cao_ironic	1	false
35313928	3k_main_ceo_career_historical_deng_xi_title_ironic	3k_main_ceo_career_historical_deng_xi_title_ironic	1	false
3537875	3k_main_ceo_career_historical_du_kui_title_ironic	3k_main_ceo_career_historical_du_kui_title_ironic	1	false
353948540	3k_dlc05_ceo_threshold_career_generated_rogue	3k_dlc05_ceo_node_career_generated_rogue_01	1	false
355248	3k_main_ceo_career_historical_huo_du	3k_main_ceo_career_historical_huo_du	1	false
35646322	3k_main_ceo_career_historical_pan_jun_unique	3k_main_ceo_career_historical_pan_jun_unique	1	false
3565067	3k_main_ceo_career_historical_shen_yi_title	3k_main_ceo_career_historical_shen_yi_title	1	false
358787451	3k_main_ceo_career_historical_lady_yang_di	3k_main_ceo_career_historical_lady_yang_di	1	false
35920845	3k_main_ceo_career_historical_shi_caiwei_title	3k_main_ceo_career_historical_shi_caiwei_title	1	false
359552	3k_main_ceo_career_historical_wu_fan_ironic	3k_main_ceo_career_historical_wu_fan_ironic	1	false
360143681	3k_main_threshold_career_historical_shi_huang	3k_main_ceo_node_career_historical_shi_huang	1	false
36092353	3k_main_ceo_career_historical_hu_yu_title_ironic	3k_main_ceo_career_historical_hu_yu_title_ironic	1	false
361069	3k_main_ceo_career_historical_sun_kuang	3k_main_ceo_career_historical_sun_kuang	1	false
361410	3k_main_ceo_career_historical_shan_jing_ironic	3k_main_ceo_career_historical_shan_jing_ironic	1	false
361795	3k_main_ceo_career_historical_yuan_yu	3k_main_ceo_career_historical_yuan_yu	1	false
364110	3k_main_ceo_career_historical_lei_ding	3k_main_ceo_career_historical_lei_ding	1	false
364457582	3k_dlc04_ceo_career_historical_jiu_dan	3k_dlc04_ceo_node_career_historical_jiu_dan_01	1	true
36498421	3k_main_ceo_career_historical_xue_zong_unique_ironic	3k_main_ceo_career_historical_xue_zong_unique_ironic	1	false
365960	3k_main_ceo_career_historical_zu_cui	3k_main_ceo_career_historical_zu_cui	1	false
366901	3k_main_ceo_career_historical_wu_mian_ironic	3k_main_ceo_career_historical_wu_mian_ironic	1	false
36810617	3k_main_ceo_career_historical_zhang_ni_title	3k_main_ceo_career_historical_zhang_ni_title	1	false
36827692	3k_main_ceo_career_historical_wen_ying_title_ironic	3k_main_ceo_career_historical_wen_ying_title_ironic	1	false
369006	3k_main_ceo_career_historical_liu_ai	3k_main_ceo_career_historical_liu_ai	1	false
37034837	3k_main_ceo_career_historical_yao_zhou_title_ironic	3k_main_ceo_career_historical_yao_zhou_title_ironic	1	false
372919	3k_main_ceo_career_historical_que_xuan_ironic	3k_main_ceo_career_historical_que_xuan_ironic	1	false
373850558	3k_main_ceo_career_historical_wang_lanlan	3k_main_ceo_career_historical_wang_lanlan	1	false
374361	3k_main_ceo_career_historical_zhuge_dan_ironic_fire	3k_main_ceo_career_historical_zhuge_dan_ironic_fire	1	false
374717976	3k_main_ceo_career_historical_chang_xi	3k_main_ceo_career_historical_chang_xi	1	false
376110975	3k_main_threshold_career_historical_gao_dai	3k_main_ceo_node_career_historical_gao_dai	1	false
376334660	3k_main_threshold_ceo_career_historical_qiulijiu	3k_main_threshold_ceo_career_historical_qiulijiu	1	false
381528971	3k_main_ceo_career_historical_zhang_jin_nw	3k_main_ceo_career_historical_zhang_jin_nw	1	false
381904431	3k_main_ceo_threshold_career_historical_sun_jian	3k_main_ceo_node_career_historical_sun_jian_01	1	false
382411	3k_main_ceo_career_historical_shen_mi	3k_main_ceo_career_historical_shen_mi	1	false
383421	3k_main_ceo_career_historical_xu_sheng_ironic	3k_main_ceo_career_historical_xu_sheng_ironic	1	false
384888	3k_main_ceo_career_historical_zhongli_xu	3k_main_ceo_career_historical_zhongli_xu	1	false
385049933	3k_dlc06_ceo_career_generated_nanman_common_water_01	3k_dlc06_ceo_node_career_generated_common_water_01_03	7	true
385416137	3k_dlc04_ceo_threshold_career_historical_lady_wang_song	3k_dlc04_ceo_node_career_historical_lady_wang_song_01	1	true
386193	3k_main_ceo_career_historical_qian_zhao_ironic	3k_main_ceo_career_historical_qian_zhao_ironic	1	false
386898186	3k_dlc05_ceo_threshold_career_historical_lady_mi	3k_dlc05_ceo_node_career_historical_lady_mi_01	1	false
387782754	3k_main_ceo_career_historical_xu_jing	3k_main_ceo_career_historical_xu_jing	1	false
389256	3k_main_ceo_career_historical_zheng_tai	3k_main_ceo_career_historical_zheng_tai	1	false
390752660	3k_main_ceo_career_historical_Li_Dian	3k_main_ceo_career_historical_Li_Dian	1	false
39142131	3k_main_ceo_career_historical_cheng_bing_unique_ironic	3k_main_ceo_career_historical_cheng_bing_unique_ironic	1	false
392369644	3k_dlc06_ceo_career_generated_nanman_common_metal_01	3k_dlc06_ceo_node_career_generated_common_metal_01_01	1	false
393329	3k_main_ceo_career_historical_su_kelan	3k_main_ceo_career_historical_su_kelan	1	false
39386928	3k_main_ceo_career_historical_gao_sheng_title	3k_main_ceo_career_historical_gao_sheng_title	1	false
395206398	3k_main_ceo_career_historical_chen_ying_z	3k_main_ceo_career_historical_chen_ying_z	1	false
396509	3k_main_ceo_career_historical_zuo_xian_ironic	3k_main_ceo_career_historical_zuo_xian_ironic	1	false
39684568	3k_main_ceo_career_historical_hu_qian_title	3k_main_ceo_career_historical_hu_qian_title	1	false
39691269	3k_main_ceo_career_historical_wang_fu_unique	3k_main_ceo_career_historical_wang_fu_unique	1	false
39837299	3k_main_ceo_career_historical_zu_si_title_ironic	3k_main_ceo_career_historical_zu_si_title_ironic	1	false
398488	3k_main_ceo_career_historical_hui_qu_ironic	3k_main_ceo_career_historical_hui_qu_ironic	1	false
39856187	3k_main_ceo_career_historical_he_zong_title_ironic	3k_main_ceo_career_historical_he_zong_title_ironic	1	false
398862385	3k_main_ceo_career_historical_huang_yueying	3k_main_ceo_career_historical_huang_yueying	1	false
3992795	3k_main_ceo_career_historical_meng_guang_title	3k_main_ceo_career_historical_meng_guang_title	1	false
399633156	3k_mtu_ceo_threshold_career_historical_lu_jun	3k_mtu_ceo_node_career_historical_lu_jun_01	1	false
400017	3k_main_ceo_career_historical_zu_ting	3k_main_ceo_career_historical_zu_ting	1	false
400356	3k_main_ceo_career_historical_xu_kun_ironic	3k_main_ceo_career_historical_xu_kun_ironic	1	false
40052764	3k_dlc04_ceo_threshold_career_historical_he_jin	3k_dlc04_ceo_node_career_historical_he_jin_01	1	false
400976588	3k_dlc06_ceo_career_generated_nanman_exceptional_metal	3k_dlc06_ceo_node_career_generated_exceptional_metal_01	1	false
401345507	3k_dlc05_ceo_threshold_career_historical_lou_gui	3k_dlc05_ceo_node_career_historical_lou_gui_01	1	false
406855450	3k_main_ceo_career_historical_zhang_miao	3k_main_ceo_career_historical_zhang_miao	1	false
407455	3k_main_ceo_career_historical_zhang_cheng_ironic	3k_main_ceo_career_historical_zhang_cheng_ironic	1	false
408644065	3k_main_ceo_career_historical_chen_gui	3k_main_ceo_career_historical_chen_gui	1	false
40934026	3k_main_ceo_career_historical_yin_mo_title_ironic	3k_main_ceo_career_historical_yin_mo_title_ironic	1	false
410959	3k_main_ceo_career_historical_min_chun_ironic	3k_main_ceo_career_historical_min_chun_ironic	1	false
4118466	3k_main_ceo_career_historical_liu_rui_title_ironic	3k_main_ceo_career_historical_liu_rui_title_ironic	1	false
412159960	3k_mtu_ceo_threshold_career_historical_lady_fei	3k_mtu_ceo_node_career_historical_lady_fei_01	1	false
412877	3k_main_ceo_career_historical_xianbei_generic_male_waymaker	3k_main_ceo_career_historical_xianbei_generic_male_waymaker	1	false
413053	3k_main_ceo_career_historical_sun_shi_ironic	3k_main_ceo_career_historical_sun_shi_ironic	1	false
414768	3k_main_ceo_career_historical_sun_jiao	3k_main_ceo_career_historical_sun_jiao	1	false
414776935	3k_main_ceo_career_historical_qubei	3k_main_ceo_career_historical_qubei	1	false
415215071	3k_dlc04_ceo_threshold_career_historical_liu_pi	3k_dlc04_ceo_node_career_historical_liu_pi_01	1	true
415503	3k_main_ceo_career_historical_xianbei_generic_female_waymaker	3k_main_ceo_career_historical_xianbei_generic_female_waymaker	1	false
41627600	3k_main_ceo_career_historical_cao_qinghe_unique	3k_main_ceo_career_historical_cao_qinghe_unique	1	false
417116978	3k_main_ceo_threshold_career_historical_liu_biao	3k_main_ceo_node_career_historical_liu_biao_01	1	false
417967	3k_main_ceo_career_historical_wu_fen_ironic	3k_main_ceo_career_historical_wu_fen_ironic	1	false
418479430	3k_dlc06_ceo_career_generated_nanman_common_wood_02	3k_dlc06_ceo_node_career_generated_common_wood_02_02	4	true
418697	3k_main_ceo_career_historical_si_cong_ironic	3k_main_ceo_career_historical_si_cong_ironic	1	false
41982060	3k_main_ceo_career_historical_chen_wu_unique	3k_main_ceo_career_historical_chen_wu_unique	1	false
419939252	3k_dlc06_ceo_career_generated_nanman_rare_earth	3k_dlc06_ceo_node_career_generated_rare_earth_02	4	true
420282	3k_main_ceo_career_historical_wang_ping	3k_main_ceo_career_historical_wang_ping	1	false
420467	3k_main_ceo_career_historical_heng_ruiling	3k_main_ceo_career_historical_heng_ruiling	1	false
421060573	3k_dlc06_ceo_career_historical_nanman_mangyachang	3k_dlc06_ceo_career_historical_nanman_mangyachang_02	4	true
423150283	3k_dlc04_ceo_threshold_career_historical_empress_he	3k_dlc04_ceo_node_career_historical_empress_he_01	1	false
42423973	3k_main_ceo_career_historical_ren_an_title	3k_main_ceo_career_historical_ren_an_title	1	false
424448	3k_main_ceo_career_historical_zu_mo	3k_main_ceo_career_historical_zu_mo	1	false
42524717	3k_main_ceo_career_historical_lai_feng_title	3k_main_ceo_career_historical_lai_feng_title	1	false
425592	3k_main_ceo_career_historical_zhao_cen_ironic	3k_main_ceo_career_historical_zhao_cen_ironic	1	false
426729	3k_main_ceo_career_historical_zou_dan_ironic	3k_main_ceo_career_historical_zou_dan_ironic	1	false
426864884	3k_dlc04_ceo_threshold_career_historical_wu_qiong_deyu	3k_dlc04_ceo_node_career_historical_wu_qiong_deyu_01	1	true
4271290	3k_main_ceo_career_historical_su_dai_unique	3k_main_ceo_career_historical_su_dai_unique	1	false
427902314	ep_ceo_threshold_career_historical_li_han	3k_main_ceo_node_career_historical_li_han_01	1	false
428571	3k_main_ceo_career_historical_wei_qian_ironic	3k_main_ceo_career_historical_wei_qian_ironic	1	false
428655865	3k_main_ceo_threshold_career_historical_li_ru	3k_main_ceo_node_career_historical_li_ru_01	1	false
429039163	3k_main_ceo_career_historical_gan_ji	3k_main_ceo_career_historical_gan_ji	1	false
429261	3k_main_ceo_career_historical_wang_jin	3k_main_ceo_career_historical_wang_jin	1	false
430365627	3k_dlc04_ceo_threshold_career_historical_guan_hai	3k_dlc04_ceo_node_career_historical_guan_hai_01	1	true
43050826	3k_main_ceo_career_historical_liu_min_title	3k_main_ceo_career_historical_liu_min_title	1	false
43200004	3k_main_ceo_career_historical_zhu_liu_title_ironic	3k_main_ceo_career_historical_zhu_liu_title_ironic	1	false
43203043	3k_main_ceo_career_historical_huang_anbao	3k_main_ceo_career_historical_huang_anbao	1	false
43319952	3k_dlc04_ceo_threshold_career_historical_ying_yang_delian	3k_dlc04_ceo_node_career_historical_ying_yang_delian_01	1	true
434090	3k_main_ceo_career_historical_zhuge_qiong_ironic	3k_main_ceo_career_historical_zhuge_qiong_ironic	1	false
435324960	3k_dlc06_ceo_career_generated_nanman_rare_earth	3k_dlc06_ceo_node_career_generated_rare_earth_03	7	true
435909429	3k_main_ceo_career_historical_Guan_Ping	3k_main_ceo_career_historical_Guan_Ping	1	false
43784869	3k_main_ceo_career_historical_qu_jing_title	3k_main_ceo_career_historical_qu_jing_title	1	false
438379	3k_main_ceo_career_historical_xianbei_generic_headsman	3k_main_ceo_career_historical_xianbei_generic_headsman	1	false
439492	3k_main_ceo_career_historical_zhao_da_ironic	3k_main_ceo_career_historical_zhao_da_ironic	1	false
439605	3k_main_ceo_career_historical_gongsun_baoyue_ironic	3k_main_ceo_career_historical_gongsun_baoyue_ironic	1	false
44199611	3k_main_ceo_career_historical_huan_zhi_unique	3k_main_ceo_career_historical_huan_zhi_unique	1	false
442009826	3k_main_ceo_career_historical_sima_ju_ytr	3k_main_ceo_career_historical_sima_ju_ytr	1	false
442419826	3k_dlc06_ceo_career_historical_nanman_dailaidongzhu	3k_dlc06_ceo_career_historical_nanman_dailaidongzhu_03	7	true
443968	3k_main_ceo_career_historical_xu_si_ironic	3k_main_ceo_career_historical_xu_si_ironic	1	false
444718872	3k_ytr_ceo_threshold_career_heaven_writer	3k_ytr_ceo_node_career_heaven_writer	1	true
450420382	3k_mtu_ceo_threshold_career_historical_guan_xuo	3k_mtu_ceo_node_career_historical_guan_xuo_01	1	false
450577410	3k_dlc06_ceo_threshold_career_historical_shi_zhi	3k_dlc06_ceo_node_career_historical_shi_zhi_01	1	false
451595	3k_main_ceo_career_historical_pan_shun	3k_main_ceo_career_historical_pan_shun	1	false
452058	3k_main_ceo_career_historical_zheng_mao	3k_main_ceo_career_historical_zheng_mao	1	false
452870	3k_main_ceo_career_historical_you_mi	3k_main_ceo_career_historical_you_mi	1	false
455655200	3k_main_ceo_threshold_career_historical_xun_yu	3k_main_ceo_node_career_historical_xun_yu_01	1	false
456400125	3k_main_ceo_career_historical_yang_feng	3k_main_ceo_career_historical_yang_feng	1	true
4565395	3k_main_ceo_career_historical_shi_changchang_title_ironic	3k_main_ceo_career_historical_shi_changchang_title_ironic	1	false
457138234	3k_ytr_ceo_threshold_career_people_fortune_teller	3k_ytr_ceo_node_career_people_fortune_teller	1	true
45764774	3k_main_ceo_career_historical_ma_zhong_unique	3k_main_ceo_career_historical_ma_zhong_unique	1	false
458258	3k_main_ceo_career_historical_jiao_yi	3k_main_ceo_career_historical_jiao_yi	1	false
458732836	3k_dlc04_ceo_career_historical_song_dian	3k_dlc04_ceo_node_career_historical_song_dian_01	1	true
458879	3k_main_ceo_career_historical_xu_xi	3k_main_ceo_career_historical_xu_xi	1	false
459462874	3k_main_ceo_career_historical_liu_shang	3k_main_ceo_career_historical_liu_shang	1	false
460554669	3k_ironic_ceo_career_historical_liu_mao	3k_ironic_ceo_career_historical_liu_mao	1	true
46105499	3k_main_ceo_career_historical_ma_liang_unique_ironic	3k_main_ceo_career_historical_ma_liang_unique_ironic	1	false
46356290	3k_main_ceo_career_historical_shi_qi_title_ironic	3k_main_ceo_career_historical_shi_qi_title_ironic	1	false
464175	3k_main_ceo_career_historical_wei_duan_ironic	3k_main_ceo_career_historical_wei_duan_ironic	1	false
46503814	3k_main_ceo_career_historical_xiang_lang_title_ironic	3k_main_ceo_career_historical_xiang_lang_title_ironic	1	false
465888	3k_main_ceo_career_historical_duan_wei_ironic	3k_main_ceo_career_historical_duan_wei_ironic	1	false
466341823	3k_main_ceo_career_historical_Fulohan	3k_main_ceo_career_historical_Fulohan	1	false
466413867	3k_dlc06_ceo_career_generated_nanman_common_fire_01	3k_dlc06_ceo_node_career_generated_common_fire_01_02	4	true
468652	3k_main_ceo_career_historical_chen_jiao_ironic	3k_main_ceo_career_historical_chen_jiao_ironic	1	false
470319329	3k_dlc06_ceo_career_generated_nanman_common_wood_02	3k_dlc06_ceo_node_career_generated_common_wood_02_01	1	false
47072676	3k_main_ceo_career_historical_jin_xuan_unique	3k_main_ceo_career_historical_jin_xuan_unique	1	false
471272	3k_main_ceo_career_historical_zhuge_gan_ironic	3k_main_ceo_career_historical_zhuge_gan_ironic	1	false
471441239	ep_ceo_threshold_career_historical_sima_ai	ep_ceo_node_career_historical_sima_ai_01	1	false
471836	3k_main_ceo_career_historical_lai_min_ironic	3k_main_ceo_career_historical_lai_min_ironic	1	false
472909684	3k_main_ceo_career_historical_lai_gong	3k_main_ceo_career_historical_lai_gong	1	false
47377282	3k_dlc04_ceo_threshold_career_historical_cao_song_jugao	3k_dlc04_ceo_node_career_historical_cao_song_jugao_01	1	true
47477020	3k_main_ceo_career_historical_ni_nu_title	3k_main_ceo_career_historical_ni_nu_title	1	false
475112455	3k_dlc06_ceo_career_generated_nanman_rare_wood	3k_dlc06_ceo_node_career_generated_rare_wood_01	1	false
475337524	3k_dlc06_ceo_career_generated_nanman_exceptional_water	3k_dlc06_ceo_node_career_generated_exceptional_water_02	4	true
47569422	3k_main_ceo_career_historical_zhang_tiansheng_title_ironic	3k_main_ceo_career_historical_zhang_tiansheng_title_ironic	1	false
477529	3k_main_ceo_career_historical_fan_fang_ironic	3k_main_ceo_career_historical_fan_fang_ironic	1	false
477918	3k_main_ceo_career_historical_zou_lin	3k_main_ceo_career_historical_zou_lin	1	false
478353	3k_main_ceo_career_historical_bian_rang_ironic	3k_main_ceo_career_historical_bian_rang_ironic	1	false
480247599	3k_main_ceo_threshold_career_historical_sun_qian	3k_main_ceo_node_career_historical_sun_qian_01	1	false
482022	3k_main_ceo_career_historical_qian_bo_ironic	3k_main_ceo_career_historical_qian_bo_ironic	1	false
483947303	3k_main_ceo_theshold_career_generated_general_water	3k_main_ceo_node_career_generated_general_water_01	1	false
48493160	3k_main_ceo_career_historical_wu_mai_title	3k_main_ceo_career_historical_wu_mai_title	1	false
486406	3k_main_ceo_career_historical_shi_ren_ironic	3k_main_ceo_career_historical_shi_ren_ironic	1	false
486559565	3k_main_ceo_career_historical_lady_xiahou	3k_main_ceo_career_historical_lady_xiahou	1	false
486748407	3k_main_ceo_career_historical_yang_qiu	3k_main_ceo_career_historical_yang_qiu	1	true
486750	3k_main_ceo_career_historical_zhang_chi	3k_main_ceo_career_historical_zhang_chi	1	false
487196	3k_main_ceo_career_historical_wang_wei	3k_main_ceo_career_historical_wang_wei	1	false
489441589	3k_main_ceo_career_historical_zhang_hu	3k_main_ceo_career_historical_zhang_hu	1	false
49080739	3k_main_ceo_career_historical_shi_hui_unique	3k_main_ceo_career_historical_shi_hui_unique	1	false
491080	3k_main_ceo_career_historical_ni_kan_ironic	3k_main_ceo_career_historical_ni_kan_ironic	1	false
491215	3k_main_ceo_career_historical_pang_shanmin_ironic	3k_main_ceo_career_historical_pang_shanmin_ironic	1	false
491436	3k_main_ceo_career_historical_tian_le	3k_main_ceo_career_historical_tian_le	1	false
491629	3k_main_ceo_career_historical_guo_gong_ironic	3k_main_ceo_career_historical_guo_gong_ironic	1	false
49257392	3k_main_ceo_career_historical_yuan_huan_unique	3k_main_ceo_career_historical_yuan_huan_unique	1	false
49333384	3k_main_ceo_career_historical_sheng_dao_unique	3k_main_ceo_career_historical_sheng_dao_unique	1	false
494695162	3k_main_ceo_threshold_career_generated_envoy_fire	3k_main_ceo_node_career_generated_envoy_fire_01	1	false
494934	3k_main_ceo_career_historical_yang_xiu	3k_main_ceo_career_historical_yang_xiu	1	false
49527370	3k_main_ceo_career_historical_pan_miao_title	3k_main_ceo_career_historical_pan_miao_title	1	false
495465	3k_main_ceo_career_historical_chen_mu_ironic	3k_main_ceo_career_historical_chen_mu_ironic	1	false
495758221	3k_mtu_ceo_threshold_career_historical_lady_diao_chan	3k_mtu_ceo_node_career_historical_lady_diao_chan_01	1	false
498664681	3k_main_threshold_ceo_career_historical_yufuluo	3k_main_threshold_ceo_career_historical_yufuluo	1	false
499350	3k_main_ceo_career_historical_sima_hui_ironic	3k_main_ceo_career_historical_sima_hui_ironic	1	false
499565302	ep_ceo_threshold_career_historical_sima_yu_earth	ep_ceo_node_career_historical_sima_yu_earth_01	1	false
499568	3k_main_ceo_career_historical_bao_long	3k_main_ceo_career_historical_bao_long	1	false
500316318	3k_dlc04_ceo_threshold_career_historical_lu_kang_jining	3k_dlc04_ceo_node_career_historical_lu_kang_jining_01	1	true
5006912	3k_main_ceo_career_historical_leng_bao_unique	3k_main_ceo_career_historical_leng_bao_unique	1	false
500703984	3k_main_ceo_career_historical_yu_du	3k_main_ceo_career_historical_yu_du	1	true
502409676	3k_mtu_ceo_threshold_career_historical_zhu_beng	3k_mtu_ceo_node_career_historical_zhu_beng_01	1	false
503715	3k_main_ceo_career_historical_wang_men_ironic	3k_main_ceo_career_historical_wang_men_ironic	1	false
503763	3k_main_ceo_career_historical_huangfu_jianshou_ironic	3k_main_ceo_career_historical_huangfu_jianshou_ironic	1	false
50445808	3k_dlc06_ceo_career_historical_nanman_lady_zhurong	3k_dlc06_ceo_career_historical_nanman_lady_zhurong_02	4	true
5044909	3k_main_ceo_career_historical_shen_dan_title	3k_main_ceo_career_historical_shen_dan_title	1	false
505319	3k_main_ceo_career_historical_bian_hong_ironic	3k_main_ceo_career_historical_bian_hong_ironic	1	false
510871	3k_main_ceo_career_historical_xin_pi	3k_main_ceo_career_historical_xin_pi	1	false
515049	3k_main_ceo_career_historical_bi_chen_ironic	3k_main_ceo_career_historical_bi_chen_ironic	1	false
515251	3k_main_ceo_career_historical_xun_zheng_ironic	3k_main_ceo_career_historical_xun_zheng_ironic	1	false
518061	3k_main_ceo_career_historical_yang_ding_ironic	3k_main_ceo_career_historical_yang_ding_ironic	1	false
518144267	3k_main_ceo_career_historical_nanlou	3k_main_ceo_career_historical_nanlou	1	true
51845051	3k_main_ceo_career_historical_liu_du_unique_ironic	3k_main_ceo_career_historical_liu_du_unique_ironic	1	false
520471649	3k_main_ceo_career_historical_chen_heng	3k_main_ceo_career_historical_chen_heng	1	false
520900354	3k_main_ceo_career_historical_cai_he	3k_main_ceo_career_historical_cai_he	1	false
52214097	3k_dlc06_ceo_career_generated_nanman_rare_wood	3k_dlc06_ceo_node_career_generated_rare_wood_02	4	true
522841	3k_main_ceo_career_historical_lu_dai	3k_main_ceo_career_historical_lu_dai	1	false
522885	3k_main_ceo_career_historical_xu_zhao_ironic	3k_main_ceo_career_historical_xu_zhao_ironic	1	false
522981500	3k_main_ceo_threshold_career_historical_zhang_chao	3k_main_ceo_node_career_historical_zhang_chao_01	1	false
523336504	3k_dlc04_ceo_threshold_career_historical_cheng_qiu	3k_dlc04_ceo_node_career_historical_cheng_qiu_01	1	true
523344373	3k_mtu_ceo_threshold_career_historical_jian_yong	3k_mtu_ceo_node_career_historical_jian_yong_01	1	false
52406642	3k_main_ceo_career_historical_cheng_yu_title	3k_main_ceo_career_historical_cheng_yu_title	1	false
524332	3k_main_ceo_career_historical_yang_yi_ironic	3k_main_ceo_career_historical_yang_yi_ironic	1	false
524844	3k_main_ceo_career_historical_jiang_shi	3k_main_ceo_career_historical_jiang_shi	1	false
525270583	3k_ironic_ceo_career_historical_wu_ban	3k_ironic_ceo_career_historical_wu_ban	1	true
52621042	3k_main_ceo_career_historical_yi_ji_title_ironic	3k_main_ceo_career_historical_yi_ji_title_ironic	1	false
526665	3k_main_ceo_career_historical_wu_huan_ytr	3k_main_ceo_career_historical_wu_huan_ytr	1	false
529342	3k_main_ceo_career_historical_pan_juan	3k_main_ceo_career_historical_pan_juan	1	false
529413	3k_main_ceo_career_historical_yan_xiang	3k_main_ceo_career_historical_yan_xiang	1	false
530861	3k_main_ceo_career_historical_liu_xiu	3k_main_ceo_career_historical_liu_xiu	1	false
532335	3k_main_ceo_career_historical_xianbei_generic_huntress	3k_main_ceo_career_historical_xianbei_generic_huntress	1	false
532349	3k_main_ceo_career_historical_xianyu_dan	3k_main_ceo_career_historical_xianyu_dan	1	false
532636	3k_main_ceo_career_historical_han_song	3k_main_ceo_career_historical_han_song	1	false
532747	3k_main_ceo_career_historical_bei_yu	3k_main_ceo_career_historical_bei_yu	1	false
53289499	3k_main_ceo_career_historical_ma_xun_title	3k_main_ceo_career_historical_ma_xun_title	1	false
533775	3k_main_ceo_career_historical_lu_mei_ironic	3k_main_ceo_career_historical_lu_mei_ironic	1	false
533884591	3k_ironic_ceo_career_historical_zhao_wei	3k_ironic_ceo_career_historical_zhao_wei	1	true
534587434	3k_main_ceo_threshold_career_historical_wang_kuang	3k_main_ceo_node_career_historical_wang_kuang	1	false
535800821	3k_dlc06_ceo_career_historical_nanman_yang_feng	3k_dlc06_ceo_career_historical_nanman_yang_feng_03	7	true
535951	3k_main_ceo_career_historical_su_ping	3k_main_ceo_career_historical_su_ping	1	false
536091	3k_main_ceo_career_historical_sun_lang	3k_main_ceo_career_historical_sun_lang	1	false
536327	3k_main_ceo_career_historical_cang_ci	3k_main_ceo_career_historical_cang_ci	1	false
537138	3k_main_ceo_career_historical_xu_zhen_ironic	3k_main_ceo_career_historical_xu_zhen_ironic	1	false
537592639	3k_main_ceo_threshold_career_historical_liu_yu	3k_main_ceo_node_career_historical_liu_yu_01	1	false
538992	3k_main_ceo_career_historical_sun_deng	3k_main_ceo_career_historical_sun_deng	1	false
540753	3k_main_ceo_career_historical_liu_yi_ironic	3k_main_ceo_career_historical_liu_yi_ironic	1	false
541841901	3k_dlc06_ceo_threshold_career_historical_shi_wei	3k_dlc06_ceo_node_career_historical_shi_wei_01	1	false
542105470	3k_ironic_ceo_career_historical_ma_xiu	3k_ironic_ceo_career_historical_ma_xiu	1	false
542822396	3k_main_ceo_threshold_career_historical_huang_gai	3k_main_ceo_node_career_historical_huang_gai_01	1	false
544163	3k_main_ceo_career_historical_bei_jia	3k_main_ceo_career_historical_bei_jia	1	false
544750	3k_main_ceo_career_historical_bing_yuan	3k_main_ceo_career_historical_bing_yuan	1	false
54643683	3k_main_ceo_career_historical_shi_kuang_unique	3k_main_ceo_career_historical_shi_kuang_unique	1	false
548322418	3k_dlc04_ceo_threshold_career_historical_huangfu_song	3k_dlc04_ceo_node_career_historical_huangfu_song_01	1	false
548618983	3k_main_ceo_threshold_career_generated_minister_earth	3k_main_ceo_node_career_generated_minister_earth_01	1	false
548863	3k_main_ceo_career_historical_huang_min_ironic	3k_main_ceo_career_historical_huang_min_ironic	1	false
548887	3k_main_ceo_career_historical_wang_zifu_ironic	3k_main_ceo_career_historical_wang_zifu_ironic	1	false
549779	3k_main_ceo_career_historical_mao_jie	3k_main_ceo_career_historical_mao_jie	1	false
55144745	3k_main_ceo_career_historical_wang_xiang_unique_ironic	3k_main_ceo_career_historical_wang_xiang_unique_ironic	1	false
552065	3k_main_ceo_career_historical_sun_jing	3k_main_ceo_career_historical_sun_jing	1	false
552582	3k_main_ceo_career_historical_chen_zhen	3k_main_ceo_career_historical_chen_zhen	1	false
552688	3k_main_ceo_career_historical_cao_qinghe_ironic	3k_main_ceo_career_historical_cao_qinghe_ironic	1	false
5535908	3k_main_ceo_career_historical_fei_guan_title	3k_main_ceo_career_historical_fei_guan_title	1	false
554659	3k_main_ceo_career_historical_yuan_long	3k_main_ceo_career_historical_yuan_long	1	false
555230	3k_main_ceo_career_historical_gu_yong_ironic	3k_main_ceo_career_historical_gu_yong_ironic	1	false
55557609	3k_main_ceo_career_historical_dong_zhao_unique	3k_main_ceo_career_historical_dong_zhao_unique	1	false
55647983	3k_main_ceo_career_historical_ru_xun_title	3k_main_ceo_career_historical_ru_xun_title	1	false
55712768	3k_main_ceo_career_historical_nangong_zixiao_unique	3k_main_ceo_career_historical_nangong_zixiao_unique	1	false
56001456	3k_main_ceo_career_historical_gong_zhi_title_ironic	3k_main_ceo_career_historical_gong_zhi_title_ironic	1	false
560325	3k_main_ceo_career_historical_xianbei_generic_female_aristocrat	3k_main_ceo_career_historical_xianbei_generic_female_aristocrat	1	false
560489	3k_main_ceo_career_historical_zong_bao_ironic	3k_main_ceo_career_historical_zong_bao_ironic	1	false
561072678	3k_dlc06_ceo_career_generated_nanman_common_fire_01	3k_dlc06_ceo_node_career_generated_common_fire_01_03	7	true
56375144	3k_main_ceo_career_historical_qin_mi_title	3k_main_ceo_career_historical_qin_mi_title	1	false
568250	3k_main_ceo_career_historical_xiao_jian_ironic	3k_main_ceo_career_historical_xiao_jian_ironic	1	false
568300	3k_main_ceo_career_historical_zu_mao	3k_main_ceo_career_historical_zu_mao	1	false
570583	3k_main_ceo_career_historical_shi_huan	3k_main_ceo_career_historical_shi_huan	1	false
570913331	3k_main_ceo_career_historical_xu_he_ytr	3k_main_ceo_career_historical_xu_he_ytr	1	false
571387550	3k_main_ceo_career_historical_su_ze	3k_main_ceo_career_historical_su_ze	1	true
571616	3k_main_ceo_career_historical_zhu_ling_ironic	3k_main_ceo_career_historical_zhu_ling_ironic	1	false
57177707	3k_main_ceo_career_historical_she_jian_title_ironic	3k_main_ceo_career_historical_she_jian_title_ironic	1	false
573396	3k_main_ceo_career_historical_gan_mei_ironic	3k_main_ceo_career_historical_gan_mei_ironic	1	false
575072645	3k_main_threshold_career_historical_yan_baihu	3k_main_ceo_node_career_historical_yan_baihu	1	false
575414	3k_main_ceo_career_historical_sun_yu	3k_main_ceo_career_historical_sun_yu	1	false
577359	3k_main_ceo_career_historical_cheng_fu	3k_main_ceo_career_historical_cheng_fu	1	false
577398	3k_main_ceo_career_historical_sima_hui_ironic_water	3k_main_ceo_career_historical_sima_hui_ironic_water	1	false
578143090	3k_main_ceo_career_historical_fan_chou	3k_main_ceo_career_historical_fan_chou	1	true
578429	3k_main_ceo_career_historical_wu_wu	3k_main_ceo_career_historical_wu_wu	1	false
57939230	3k_main_ceo_career_historical_liu_pi_unique	3k_main_ceo_career_historical_liu_pi_unique	1	false
58029412	3k_main_ceo_career_historical_liu_hu_title_ironic	3k_main_ceo_career_historical_liu_hu_title_ironic	1	false
581364	3k_main_ceo_career_historical_wang_gong_ironic	3k_main_ceo_career_historical_wang_gong_ironic	1	false
582970810	3k_main_ceo_career_historical_lady_yan	3k_main_ceo_career_historical_lady_yan	1	true
584446	3k_main_ceo_career_historical_zhu_zhi	3k_main_ceo_career_historical_zhu_zhi	1	false
58481164	3k_main_ceo_career_historical_wang_shang_title	3k_main_ceo_career_historical_wang_shang_title	1	false
586190	3k_main_ceo_career_historical_gu_hui_ironic	3k_main_ceo_career_historical_gu_hui_ironic	1	false
587357953	3k_dlc04_ceo_threshold_career_historical_liu_xun_zitai	3k_dlc04_ceo_node_career_historical_liu_xun_zitai_01	1	true
587637446	3k_main_ceo_career_historical_gogukcheon	3k_main_ceo_career_historical_gogukcheon	1	false
589280	3k_main_ceo_career_historical_zhuge_bin_ironic	3k_main_ceo_career_historical_zhuge_bin_ironic	1	false
59089021	3k_main_ceo_threshold_career_historical_zhang_yang	3k_main_ceo_node_career_historical_zhang_yang_01	1	false
592279086	3k_ironic_ceo_career_historical_yu_minxiang	3k_ironic_ceo_career_historical_yu_minxiang	1	true
594851	3k_main_ceo_career_historical_zhu_lian_ironic	3k_main_ceo_career_historical_zhu_lian_ironic	1	false
594925276	3k_main_ceo_career_historical_beolhyu	3k_main_ceo_career_historical_beolhyu	1	false
595187	3k_main_ceo_career_historical_rui_xuan_ironic	3k_main_ceo_career_historical_rui_xuan_ironic	1	false
595976	3k_main_ceo_career_historical_xianbei_generic_swordmaiden	3k_main_ceo_career_historical_xianbei_generic_swordmaiden	1	false
598025	3k_main_ceo_career_historical_song_zhong	3k_main_ceo_career_historical_song_zhong	1	false
600570	3k_main_ceo_career_historical_sun_hao	3k_main_ceo_career_historical_sun_hao	1	false
602053	3k_main_ceo_career_historical_bing_zhi_ironic	3k_main_ceo_career_historical_bing_zhi_ironic	1	false
603897230	3k_main_ceo_career_historical_huang_wan	3k_main_ceo_career_historical_huang_wan	1	false
60494040	3k_main_ceo_career_historical_zhou_jing_title	3k_main_ceo_career_historical_zhou_jing_title	1	false
60642822	3k_main_ceo_career_historical_liao_li_title	3k_main_ceo_career_historical_liao_li_title	1	false
60741950	3k_main_ceo_career_historical_li_chao_title	3k_main_ceo_career_historical_li_chao_title	1	false
607609571	ep_ceo_threshold_career_historical_sima_yue	ep_ceo_node_career_historical_sima_yue_01	1	false
609012	3k_main_ceo_career_historical_wei_zi_ironic	3k_main_ceo_career_historical_wei_zi_ironic	1	false
609564	3k_main_ceo_career_historical_yang_kui	3k_main_ceo_career_historical_yang_kui	1	false
610681	3k_main_ceo_career_historical_xianbei_generic_matriarch	3k_main_ceo_career_historical_xianbei_generic_matriarch	1	false
61211129	3k_main_ceo_career_historical_fei_zhan_unique	3k_main_ceo_career_historical_fei_zhan_unique	1	false
61218292	3k_main_ceo_career_historical_zhang_yu_title	3k_main_ceo_career_historical_zhang_yu_title	1	false
612848026	ep_ceo_threshold_career_historical_sima_wei	ep_ceo_node_career_historical_sima_wei_01	1	false
61309847	3k_main_ceo_career_historical_zhou_qun_title	3k_main_ceo_career_historical_zhou_qun_title	1	false
61550106	3k_main_ceo_career_historical_cuan_xi_title	3k_main_ceo_career_historical_cuan_xi_title	1	false
615578560	3k_main_ceo_career_historical_zhang_ying	3k_main_ceo_career_historical_zhang_ying	1	false
616293665	3k_main_ceo_threshold_career_historical_xu_huang	3k_main_ceo_node_career_historical_xu_huang_01	1	false
616713	3k_main_ceo_career_historical_bu_zhi_ironic	3k_main_ceo_career_historical_bu_zhi_ironic	1	false
61744632	3k_main_ceo_career_historical_deng_zhi_unique_ironic	3k_main_ceo_career_historical_deng_zhi_unique_ironic	1	false
618393923	3k_main_ceo_career_historical_miao_wanwan	3k_main_ceo_career_historical_miao_wanwan	1	true
619556	3k_main_ceo_career_historical_yin_feng_ironic	3k_main_ceo_career_historical_yin_feng_ironic	1	false
621844	3k_main_ceo_career_historical_zhou_shu_ironic	3k_main_ceo_career_historical_zhou_shu_ironic	1	false
622046	3k_main_ceo_career_historical_jia_hua	3k_main_ceo_career_historical_jia_hua	1	false
623233	3k_main_ceo_career_historical_xianbei_generic_male_aristocrat	3k_main_ceo_career_historical_xianbei_generic_male_aristocrat	1	false
623837	3k_main_ceo_career_historical_huang_xun_ironic	3k_main_ceo_career_historical_huang_xun_ironic	1	false
624106748	ep_ceo_threshold_career_historical_wei_guan	ep_ceo_node_career_historical_wei_guan_01	1	false
624747568	3k_main_ceo_career_historical_han_anyue	3k_main_ceo_career_historical_han_anyue	1	true
625176	3k_main_ceo_career_historical_xianbei_generic_community_leader	3k_main_ceo_career_historical_xianbei_generic_community_leader	1	false
625756	3k_main_ceo_career_historical_xie_mi_ironic	3k_main_ceo_career_historical_xie_mi_ironic	1	false
626098	3k_main_ceo_career_historical_yang_jun	3k_main_ceo_career_historical_yang_jun	1	false
627322212	3k_dlc05_ceo_threshold_career_historical_xu_shao	3k_dlc05_ceo_node_career_historical_xu_shao_01	1	true
627560276	3k_main_ceo_threshold_career_historical_ma_chao	3k_main_ceo_node_career_historical_ma_chao_01	1	false
630074884	3k_mtu_ceo_threshold_career_historical_yan_xiang	3k_mtu_ceo_node_career_historical_yan_xiang_01	1	false
63094984	3k_main_ceo_career_historical_lai_xun_unique	3k_main_ceo_career_historical_lai_xun_unique	1	false
631152618	3k_dlc06_ceo_career_generated_nanman_common_metal_01	3k_dlc06_ceo_node_career_generated_common_metal_01_03	7	true
63152910	3k_main_ceo_career_historical_kou_xiaolan_title_ironic	3k_main_ceo_career_historical_kou_xiaolan_title_ironic	1	false
632117519	3k_dlc05_ceo_threshold_career_generated_pillager	3k_dlc05_ceo_node_career_generated_pillager_01	1	false
632765	3k_main_ceo_career_historical_wang_lie_ironic	3k_main_ceo_career_historical_wang_lie_ironic	1	false
63377395	3k_main_ceo_career_historical_wang_mou_title	3k_main_ceo_career_historical_wang_mou_title	1	false
63621090	3k_main_ceo_career_historical_lu_yi_title_ironic	3k_main_ceo_career_historical_lu_yi_title_ironic	1	false
63712869	3k_main_ceo_career_historical_li_hui_van_unique	3k_main_ceo_career_historical_li_hui_van_unique	1	false
637836898	3k_main_ceo_career_historical_han_xin	3k_main_ceo_career_historical_han_xin	1	true
638668	3k_main_ceo_career_historical_ding_fan	3k_main_ceo_career_historical_ding_fan	1	false
639658	3k_main_ceo_career_historical_zhuge_ji_ironic	3k_main_ceo_career_historical_zhuge_ji_ironic	1	false
640937	3k_main_ceo_career_historical_wu_qi_ironic	3k_main_ceo_career_historical_wu_qi_ironic	1	false
64515411	3k_main_ceo_career_historical_cao_anmin_unique	3k_main_ceo_career_historical_cao_anmin_unique	1	false
645184	3k_main_ceo_career_historical_zhou_ying_ironic	3k_main_ceo_career_historical_zhou_ying_ironic	1	false
64552426	3k_main_ceo_career_historical_zhang_jing_title_ironic	3k_main_ceo_career_historical_zhang_jing_title_ironic	1	false
645833	3k_main_ceo_career_historical_xie_jiong_ironic	3k_main_ceo_career_historical_xie_jiong_ironic	1	false
646868	3k_main_ceo_career_historical_wei_gu_ironic	3k_main_ceo_career_historical_wei_gu_ironic	1	false
64686853	3k_main_ceo_career_historical_shi_lihua_title	3k_main_ceo_career_historical_shi_lihua_title	1	false
647563998	3k_dlc06_ceo_career_historical_nanman_lady_zhurong	3k_dlc06_ceo_career_historical_nanman_lady_zhurong_01	1	true
647955	3k_main_ceo_career_historical_ni_nü_ironic	3k_main_ceo_career_historical_ni_nü_ironic	1	false
648676292	3k_main_ceo_career_historical_zhang_cheng	3k_main_ceo_career_historical_zhang_cheng	1	false
649136079	3k_dlc06_ceo_career_historical_nanman_tu_an	3k_dlc06_ceo_career_historical_nanman_tu_an_03	7	true
65004056	3k_main_ceo_career_historical_shi_xin_unique	3k_main_ceo_career_historical_shi_xin_unique	1	false
65273024	3k_main_ceo_career_historical_huan_lin_unique	3k_main_ceo_career_historical_huan_lin_unique	1	false
654519943	3k_dlc04_ceo_career_historical_guo_sheng	3k_dlc04_ceo_node_career_historical_guo_sheng_01	1	true
65468830	3k_ytr_ceo_threshold_career_people_entertainer	3k_ytr_ceo_node_career_people_entertainer	1	true
655482	3k_main_ceo_career_historical_deng_yi	3k_main_ceo_career_historical_deng_yi	1	false
655774	3k_main_ceo_career_historical_chen_bai_ironic	3k_main_ceo_career_historical_chen_bai_ironic	1	false
659378325	3k_dlc04_ceo_career_historical_zhao_zhong	3k_dlc04_ceo_node_career_historical_zhao_zhong_01	1	true
66144473	3k_main_ceo_career_historical_liu_xian_unique_ironic	3k_main_ceo_career_historical_liu_xian_unique_ironic	1	false
661932	3k_main_ceo_career_historical_wu_dun_ironic	3k_main_ceo_career_historical_wu_dun_ironic	1	false
662167	3k_main_ceo_career_historical_ruan_ji	3k_main_ceo_career_historical_ruan_ji	1	false
66218605	3k_main_ceo_career_historical_zhang_luoluo_title	3k_main_ceo_career_historical_zhang_luoluo_title	1	false
662459	3k_main_ceo_career_historical_han_xuan_ironic	3k_main_ceo_career_historical_han_xuan_ironic	1	false
662787158	3k_main_ceo_threshold_career_historical_sheng_xian	3k_main_ceo_node_career_historical_sheng_xian_01	1	false
663590	3k_main_ceo_career_historical_lu_yu_ironic	3k_main_ceo_career_historical_lu_yu_ironic	1	false
664504981	3k_main_ceo_career_historical_fan_liyan	3k_main_ceo_career_historical_fan_liyan	1	false
665985	3k_main_ceo_career_historical_liu_yi	3k_main_ceo_career_historical_liu_yi	1	false
666082	3k_main_ceo_career_historical_zao_zhan	3k_main_ceo_career_historical_zao_zhan	1	false
668229	3k_main_ceo_career_historical_huan_shao	3k_main_ceo_career_historical_huan_shao	1	false
668447	3k_main_ceo_career_historical_xie_zhen_ironic	3k_main_ceo_career_historical_xie_zhen_ironic	1	false
669350541	3k_main_ceo_career_historical_qu_yi	3k_main_ceo_career_historical_qu_yi	1	false
669723695	3k_main_ceo_career_historical_li_ying	3k_main_ceo_career_historical_li_ying	1	true
671454	3k_main_ceo_career_historical_he_kui_ironic	3k_main_ceo_career_historical_he_kui_ironic	1	false
67317826	3k_main_ceo_career_historical_wang_lian_title	3k_main_ceo_career_historical_wang_lian_title	1	false
675082	3k_main_ceo_career_historical_lu_fei_ironic	3k_main_ceo_career_historical_lu_fei_ironic	1	false
675938	3k_main_ceo_career_historical_liu_dun	3k_main_ceo_career_historical_liu_dun	1	false
676408	3k_main_ceo_career_historical_liu_zan	3k_main_ceo_career_historical_liu_zan	1	false
6770586	3k_main_ceo_career_historical_huangfu_qi_title_ironic	3k_main_ceo_career_historical_huangfu_qi_title_ironic	1	false
677140322	3k_main_ceo_threshold_career_historical_shi_xie	3k_main_ceo_node_career_historical_shi_xie_01	1	false
677866683	3k_main_ceo_career_historical_cheng_yin	3k_main_ceo_career_historical_cheng_yin	1	true
67981325	3k_main_ceo_career_historical_ying_rong_title_ironic	3k_main_ceo_career_historical_ying_rong_title_ironic	1	false
679993	3k_main_ceo_career_historical_cao_bao_ironic	3k_main_ceo_career_historical_cao_bao_ironic	1	false
68199418	3k_main_ceo_career_historical_wang_qian_title_ironic	3k_main_ceo_career_historical_wang_qian_title_ironic	1	false
68245706	3k_main_ceo_career_historical_li_huan_title	3k_main_ceo_career_historical_li_huan_title	1	false
683148714	3k_dlc06_ceo_career_generated_nanman_rare_wood	3k_dlc06_ceo_node_career_generated_rare_wood_03	7	true
684660	3k_main_ceo_career_historical_puyang_yi_ironic	3k_main_ceo_career_historical_puyang_yi_ironic	1	false
685322	3k_main_ceo_career_historical_cao_hong_ironic	3k_main_ceo_career_historical_cao_hong_ironic	1	false
685377	3k_main_ceo_career_historical_xu_xuan_ironic	3k_main_ceo_career_historical_xu_xuan_ironic	1	false
68664782	3k_main_ceo_career_historical_fei_yang_title	3k_main_ceo_career_historical_fei_yang_title	1	false
68674331	3k_main_ceo_career_historical_ying_xun	3k_main_ceo_career_historical_ying_xun	1	false
686906	3k_main_ceo_career_historical_you_yu	3k_main_ceo_career_historical_you_yu	1	false
687597	3k_main_ceo_career_historical_rui_liang_ironic	3k_main_ceo_career_historical_rui_liang_ironic	1	false
689067742	3k_main_ceo_career_historical_wu_ju	3k_main_ceo_career_historical_wu_ju	1	false
68933651	3k_main_ceo_career_historical_chen_sun_title	3k_main_ceo_career_historical_chen_sun_title	1	false
689673	3k_main_ceo_career_historical_liu_jin	3k_main_ceo_career_historical_liu_jin	1	false
689873	3k_main_ceo_career_historical_jin_qi	3k_main_ceo_career_historical_jin_qi	1	false
69024224	3k_main_ceo_career_historical_ganwiego	3k_main_ceo_career_historical_ganwiego	1	false
691338	3k_main_ceo_career_historical_xianbei_generic_marauder	3k_main_ceo_career_historical_xianbei_generic_marauder	1	false
693062312	3k_main_ceo_threshold_career_generated_general_fire	3k_main_ceo_node_career_generated_general_fire_01	1	false
693462623	3k_ironic_ceo_career_historical_yang_song	3k_ironic_ceo_career_historical_yang_song	1	true
694171291	3k_main_ceo_threshold_career_generated_general_earth	3k_main_ceo_node_career_generated_general_earth_01	1	false
694624866	3k_main_ceo_career_historical_lady_zhang_xiangyang	3k_main_ceo_career_historical_lady_zhang_xiangyang	1	true
696425	3k_main_ceo_career_historical_miao_shang_ironic	3k_main_ceo_career_historical_miao_shang_ironic	1	false
698144	3k_main_ceo_career_historical_bao_tao_ironic	3k_main_ceo_career_historical_bao_tao_ironic	1	false
698194046	3k_main_ceo_threshold_career_historical_zhang_lu	3k_main_ceo_node_career_historical_zhang_lu_01	1	false
698609501	3k_main_ceo_career_historical_zang_hong	3k_main_ceo_career_historical_zang_hong	1	false
699136639	3k_dlc04_ceo_career_historical_qiao_xuan_gongzu	3k_dlc04_ceo_node_career_historical_qiao_xuan_gongzu_01	1	true
699280193	3k_main_ceo_career_historical_supuyan	3k_main_ceo_career_historical_supuyan	1	false
699740	3k_main_ceo_career_historical_wang_su_ironic	3k_main_ceo_career_historical_wang_su_ironic	1	false
699918	3k_main_ceo_career_historical_hong_jin	3k_main_ceo_career_historical_hong_jin	1	false
7000915	3k_main_ceo_career_historical_lu_meng_unique_ironic	3k_main_ceo_career_historical_lu_meng_unique_ironic	1	false
701139237	3k_main_ceo_threshold_career_historical_lu_fan	3k_main_ceo_node_career_historical_lu_fan_01	1	false
701835	3k_main_ceo_career_historical_shu_shao_ironic	3k_main_ceo_career_historical_shu_shao_ironic	1	false
702114278	3k_main_ceo_career_historical_liu_xun	3k_main_ceo_career_historical_liu_xun	1	false
702942	3k_main_ceo_career_historical_wang_hai	3k_main_ceo_career_historical_wang_hai	1	false
703520	3k_main_ceo_career_historical_yan_jun_ironic	3k_main_ceo_career_historical_yan_jun_ironic	1	false
703968702	3k_dlc04_ceo_threshold_career_historical_chen_su	3k_dlc04_ceo_node_career_historical_chen_su_01	1	true
704080	3k_main_ceo_career_historical_lü_you_ironic	3k_main_ceo_career_historical_lü_you_ironic	1	false
704290	3k_main_ceo_career_historical_gu_li_ironic	3k_main_ceo_career_historical_gu_li_ironic	1	false
70444376	3k_main_ceo_career_historical_gan_li_title	3k_main_ceo_career_historical_gan_li_title	1	false
704518	3k_main_ceo_career_historical_kuang_gan_ironic	3k_main_ceo_career_historical_kuang_gan_ironic	1	false
70531956	3k_main_ceo_career_historical_yuan_min_title	3k_main_ceo_career_historical_yuan_min_title	1	false
705447811	3k_main_ceo_threshold_career_historical_guan_yu	3k_main_ceo_node_career_historical_guan_yu_01	1	false
705492485	3k_dlc06_ceo_career_generated_nanman_common_metal_02	3k_dlc06_ceo_node_career_generated_common_metal_02_03	7	true
706961807	3k_main_ceo_career_historical_geng_wu	3k_main_ceo_career_historical_geng_wu	1	false
707050685	3k_dlc04_ceo_career_historical_bi_lan	3k_dlc04_ceo_node_career_historical_bi_lan_01	1	true
70787216	3k_main_ceo_career_historical_yuan_ba_title	3k_main_ceo_career_historical_yuan_ba_title	1	false
709017	3k_main_ceo_career_historical_li_le_ironic	3k_main_ceo_career_historical_li_le_ironic	1	false
710366835	3k_main_ceo_career_historical_liang_mao	3k_main_ceo_career_historical_liang_mao	1	false
711522	3k_main_ceo_career_historical_wang_song	3k_main_ceo_career_historical_wang_song	1	false
712712	3k_main_ceo_career_historical_fang_yue_ironic	3k_main_ceo_career_historical_fang_yue_ironic	1	false
712902577	3k_main_ceo_threshold_career_historical_gan_ning	3k_main_ceo_node_career_historical_gan_ning_01	1	false
713273	3k_main_ceo_career_historical_zu_shan	3k_main_ceo_career_historical_zu_shan	1	false
71346591	3k_main_ceo_career_historical_zi_luan	3k_main_ceo_career_historical_zi_luan	1	false
715552546	3k_mtu_ceo_threshold_career_historical_lady_wang_liting	3k_mtu_ceo_node_career_historical_lady_wang_liting_01	1	false
71705777	3k_main_ceo_career_historical_sui_chun_title	3k_main_ceo_career_historical_sui_chun_title	1	false
71728681	3k_main_ceo_career_historical_wang_lei_unique	3k_main_ceo_career_historical_wang_lei_unique	1	false
717567	3k_main_ceo_career_historical_wang_xiang	3k_main_ceo_career_historical_wang_xiang	1	false
718736622	3k_main_ceo_career_historical_pang_ji`	3k_main_ceo_career_historical_pang_ji`	1	false
71880951	3k_main_ceo_career_historical_niu_wei_title_ironic	3k_main_ceo_career_historical_niu_wei_title_ironic	1	false
71955201	3k_main_ceo_career_historical_she_yuan_title_ironic	3k_main_ceo_career_historical_she_yuan_title_ironic	1	false
720592550	3k_ironic_ceo_career_historical_lady_yang	3k_ironic_ceo_career_historical_lady_yang	1	false
721114471	3k_dlc05_ceo_threshold_career_historical_chunyu_qiong	3k_dlc05_ceo_node_career_historical_chunyu_qiong_01	1	false
723302134	3k_main_ceo_threshold_career_historical_liu_yao	3k_main_ceo_node_career_historical_liu_yao_01	1	false
72426791	3k_main_ceo_career_historical_yan_xia_unique	3k_main_ceo_career_historical_yan_xia_unique	1	false
724735814	3k_dlc06_ceo_career_generated_nanman_rare_water	3k_dlc06_ceo_node_career_generated_rare_water_01	1	false
726773309	3k_dlc04_ceo_threshold_career_historical_han_xian	3k_dlc04_ceo_node_career_historical_han_xian_01	1	true
7274618	3k_main_ceo_career_historical_dong_he_unique_ironic	3k_main_ceo_career_historical_dong_he_unique_ironic	1	false
727796	3k_main_ceo_career_historical_lu_he	3k_main_ceo_career_historical_lu_he	1	false
729720674	3k_main_ceo_career_historical_tian_yu	3k_main_ceo_career_historical_tian_yu	1	false
730757476	3k_dlc05_ceo_threshold_career_historical_zhang_xiu	3k_dlc05_ceo_node_career_historical_zhang_xiu_01	1	false
731607	3k_main_ceo_career_historical_tong_jie	3k_main_ceo_career_historical_tong_jie	1	false
73201480	3k_main_ceo_career_historical_zhu_fu_unique	3k_main_ceo_career_historical_zhu_fu_unique	1	false
732367	3k_main_ceo_career_historical_mao_jun	3k_main_ceo_career_historical_mao_jun	1	false
73331635	3k_main_ceo_career_historical_ma_qin_title	3k_main_ceo_career_historical_ma_qin_title	1	false
734232672	3k_dlc06_ceo_career_generated_nanman_exceptional_earth	3k_dlc06_ceo_node_career_generated_exceptional_earth_01	1	false
735509068	3k_dlc05_ceo_threshold_career_historical_yu_fan	3k_dlc05_ceo_node_career_historical_yu_fan_01	1	false
735613084	3k_main_ceo_career_historical_wuyan	3k_main_ceo_career_historical_wuyan	1	false
735762	3k_main_ceo_career_historical_xie_cheng_ironic	3k_main_ceo_career_historical_xie_cheng_ironic	1	false
735950	3k_main_ceo_career_historical_sun_fu	3k_main_ceo_career_historical_sun_fu	1	false
738898481	3k_main_ceo_career_historical_kuai_liang	3k_main_ceo_career_historical_kuai_liang	1	false
739739	3k_main_ceo_career_historical_dai_liang	3k_main_ceo_career_historical_dai_liang	1	false
740626	3k_main_ceo_career_historical_bei_chong	3k_main_ceo_career_historical_bei_chong	1	false
740940	3k_main_ceo_career_historical_pan_man	3k_main_ceo_career_historical_pan_man	1	false
74196879	3k_main_ceo_career_historical_wu_chen_unique	3k_main_ceo_career_historical_wu_chen_unique	1	false
741995109	3k_main_ceo_career_historical_bao_xun	3k_main_ceo_career_historical_bao_xun	1	false
74219053	3k_main_ceo_career_historical_zhang_yi_title	3k_main_ceo_career_historical_zhang_yi_title	1	false
742516	3k_main_ceo_career_historical_lu_dang_ironic	3k_main_ceo_career_historical_lu_dang_ironic	1	false
743145700	3k_main_ceo_career_historical_yang_hong	3k_main_ceo_career_historical_yang_hong	1	true
744230930	3k_dlc06_ceo_career_historical_nanman_dongtuna	3k_dlc06_ceo_career_historical_nanman_dongtuna_01	1	true
74495636	3k_main_ceo_career_historical_han_lian	3k_main_ceo_career_historical_han_lian	1	false
745499	3k_main_ceo_career_historical_wen_qin_ironic	3k_main_ceo_career_historical_wen_qin_ironic	1	false
747095	3k_main_ceo_career_historical_zhang_ya	3k_main_ceo_career_historical_zhang_ya	1	false
747321934	3k_dlc05_ceo_threshold_career_historical_zhang_hong	3k_dlc05_ceo_node_career_historical_zhang_hong_01	1	false
74871099	3k_main_ceo_career_historical_ling_tong_fix	3k_main_ceo_career_historical_ling_tong_fix	1	false
75020610	3k_main_ceo_career_historical_hao_pu_title	3k_main_ceo_career_historical_hao_pu_title	1	false
750222069	3k_main_ceo_threshold_historical_cao_xi	3k_main_ceo_career_historical_cao_xi	1	false
75043192	3k_main_ceo_career_historical_shi_en_title_ironic	3k_main_ceo_career_historical_shi_en_title_ironic	1	false
75057670	3k_main_ceo_career_historical_wu_lan_title	3k_main_ceo_career_historical_wu_lan_title	1	false
751407953	ep_ceo_threshold_career_historical_shi_chao	ep_ceo_node_career_historical_shi_chao_01	1	true
753659404	3k_main_ceo_career_historical_guan_chun	3k_main_ceo_career_historical_guan_chun	1	false
754817213	3k_dlc06_ceo_career_generated_nanman_common_earth_01	3k_dlc06_ceo_node_career_generated_common_earth_01_03	7	true
754878	3k_main_ceo_career_historical_liang_shuang	3k_main_ceo_career_historical_liang_shuang	1	false
754918041	3k_main_ceo_threshold_career_historical_zhang_liao	3k_main_ceo_node_career_historical_zhang_liao_01	1	false
755592	3k_main_ceo_career_historical_chen_ying_ironic	3k_main_ceo_career_historical_chen_ying_ironic	1	false
7563708	3k_dlc06_ceo_career_generated_nanman_rare_metal	3k_dlc06_ceo_node_career_generated_rare_metal_03	7	true
75870937	3k_main_ceo_career_historical_zhang_meimei_title	3k_main_ceo_career_historical_zhang_meimei_title	1	false
759002	3k_main_ceo_career_historical_yu_zi_ironic	3k_main_ceo_career_historical_yu_zi_ironic	1	false
75900924	3k_main_ceo_career_historical_xing_daorong_unique_ironic	3k_main_ceo_career_historical_xing_daorong_unique_ironic	1	false
759729	3k_main_ceo_career_historical_zhan_qiang	3k_main_ceo_career_historical_zhan_qiang	1	false
759777456	3k_main_ceo_threshold_career_historical_jiang_wei	3k_main_ceo_node_career_historical_jiang_wei_01	1	false
75982317	3k_main_ceo_career_historical_fu_qun_title	3k_main_ceo_career_historical_fu_qun_title	1	false
759949	3k_main_ceo_career_historical_yan_jun	3k_main_ceo_career_historical_yan_jun	1	false
76051843	3k_main_ceo_career_historical_zhang_cun_title_ironic	3k_main_ceo_career_historical_zhang_cun_title_ironic	1	false
760712464	3k_main_ceo_threshold_career_historical_sima_yi	3k_main_ceo_node_career_historical_sima_yi_01	1	false
76171209	3k_main_ceo_career_historical_fei_yuelan_title	3k_main_ceo_career_historical_fei_yuelan_title	1	false
761975	3k_main_ceo_career_historical_ke_wu	3k_main_ceo_career_historical_ke_wu	1	false
762345	3k_main_ceo_career_historical_tong_zhi	3k_main_ceo_career_historical_tong_zhi	1	false
765416	3k_main_ceo_career_historical_zhou_shang_ironic	3k_main_ceo_career_historical_zhou_shang_ironic	1	false
767234	3k_main_ceo_career_historical_xu_gan_ironic	3k_main_ceo_career_historical_xu_gan_ironic	1	false
76757584	3k_main_ceo_career_historical_xi_zhen_title_ironic	3k_main_ceo_career_historical_xi_zhen_title_ironic	1	false
767972	3k_main_ceo_career_historical_ni_xiaode_ironic	3k_main_ceo_career_historical_ni_xiaode_ironic	1	false
769369850	3k_main_ceo_career_historical_chen_jiu	3k_main_ceo_career_historical_chen_jiu	1	false
770451	3k_main_ceo_career_historical_zhu_min_ironic	3k_main_ceo_career_historical_zhu_min_ironic	1	false
771102	3k_main_ceo_career_historical_guo_xian	3k_main_ceo_career_historical_guo_xian	1	false
77228248	3k_main_ceo_career_historical_fu_rong_unique_ironic	3k_main_ceo_career_historical_fu_rong_unique_ironic	1	false
7723219	3k_main_ceo_career_historical_zhang_song_unique	3k_main_ceo_career_historical_zhang_song_unique	1	false
772654745	3k_main_ceo_career_historical_Budugen	3k_main_ceo_career_historical_Budugen	1	false
773170	3k_main_ceo_career_historical_chunyu_shi_ironic	3k_main_ceo_career_historical_chunyu_shi_ironic	1	false
773610	3k_main_ceo_career_historical_mao_gan_ironic	3k_main_ceo_career_historical_mao_gan_ironic	1	false
774371293	3k_dlc04_ceo_career_historical_bao_dan	3k_dlc04_ceo_node_career_historical_bao_dan_01	1	true
77565183	3k_main_ceo_career_historical_wang_shi_unique	3k_main_ceo_career_historical_wang_shi_unique	1	false
777598924	3k_dlc06_ceo_career_historical_nanman_king_meng_huo	3k_dlc06_ceo_career_historical_nanman_king_meng_huo_01	1	true
778616865	3k_dlc06_ceo_career_generated_nanman_rare_water	3k_dlc06_ceo_node_career_generated_rare_water_02	4	true
779593186	3k_main_ceo_threshold_career_historical_kong_zhou	3k_main_ceo_node_career_historical_kong_zhou_01	1	false
780775	3k_main_ceo_career_historical_xin_fangyue	3k_main_ceo_career_historical_xin_fangyue	1	false
780970836	3k_main_ceo_threshold_career_historical_ma_teng	3k_main_ceo_node_career_historical_ma_teng_01	1	false
781131583	3k_dlc04_ceo_threshold_career_historical_qiao_mao_yuanwei	3k_dlc04_ceo_node_career_historical_qiao_mao_yuanwei_01	1	true
782324	3k_main_ceo_career_historical_xianbei_generic_female_metallurgist	3k_main_ceo_career_historical_xianbei_generic_female_metallurgist	1	false
782332	3k_main_ceo_career_historical_zhuge_jun_ironic	3k_main_ceo_career_historical_zhuge_jun_ironic	1	false
784113794	3k_main_ceo_threshold_career_historical_yuan_shao	3k_main_ceo_node_career_historical_yuan_shao_01	1	false
784394	3k_main_ceo_career_historical_liu_yan_drunk	3k_main_ceo_career_historical_liu_yan_drunk	1	false
784935	3k_main_ceo_career_historical_jiang_qin	3k_main_ceo_career_historical_jiang_qin	1	false
785265	3k_main_ceo_career_historical_you_tu	3k_main_ceo_career_historical_you_tu	1	false
78533371	3k_main_ceo_career_historical_pang_le_title	3k_main_ceo_career_historical_pang_le_title	1	false
786569342	3k_main_ceo_career_historical_xianyu_fu	3k_main_ceo_career_historical_xianyu_fu	1	false
78712078	3k_main_ceo_career_historical_yuan_hui_title	3k_main_ceo_career_historical_yuan_hui_title	1	false
788674867	3k_main_ceo_career_historical_zhang_gong	3k_main_ceo_career_historical_zhang_gong	1	true
788950663	3k_main_ceo_threshold_career_generated_villager_metal	3k_main_ceo_node_career_generated_villager_metal_01	1	false
789436	3k_main_ceo_career_historical_qu_yan	3k_main_ceo_career_historical_qu_yan	1	false
789867	3k_main_ceo_career_historical_li_shu	3k_main_ceo_career_historical_li_shu	1	false
792339752	3k_dlc06_ceo_career_historical_nanman_lady_zhurong	3k_dlc06_ceo_career_historical_nanman_lady_zhurong_03	7	true
792829362	3k_main_ceo_career_historical_lady_lu_yang	3k_main_ceo_career_historical_lady_lu_yang	1	false
795842	3k_main_ceo_career_historical_sheng_mai_ironic	3k_main_ceo_career_historical_sheng_mai_ironic	1	false
79748931	3k_main_ceo_career_historical_liu_yan_title_ironic	3k_main_ceo_career_historical_liu_yan_title_ironic	1	false
797651	3k_main_ceo_career_historical_meng_da	3k_main_ceo_career_historical_meng_da	1	false
798588	3k_main_ceo_career_historical_li_meng_ironic	3k_main_ceo_career_historical_li_meng_ironic	1	false
79955914	3k_main_ceo_career_historical_han_ji_unique_ironic	3k_main_ceo_career_historical_han_ji_unique_ironic	1	false
800704	3k_main_ceo_career_historical_yan_lan_ironic	3k_main_ceo_career_historical_yan_lan_ironic	1	false
801334	3k_main_ceo_career_historical_yu_fan_ironic	3k_main_ceo_career_historical_yu_fan_ironic	1	false
802987	3k_main_ceo_career_historical_pang_degong_ironic	3k_main_ceo_career_historical_pang_degong_ironic	1	false
803458	3k_main_ceo_career_historical_zhou_bo_ironic	3k_main_ceo_career_historical_zhou_bo_ironic	1	false
807537050	3k_main_ceo_career_historical_lady_huang_xie	3k_main_ceo_career_historical_lady_huang_xie	1	false
80770017	3k_main_ceo_career_historical_liu_ba_unique_ironic	3k_main_ceo_career_historical_liu_ba_unique_ironic	1	false
80840339	3k_main_ceo_career_historical_wu_xiang_title	3k_main_ceo_career_historical_wu_xiang_title	1	false
80904041	3k_dlc05_ceo_threshold_career_historical_guo_si	3k_dlc05_ceo_node_career_historical_guo_si_01	1	false
80913096	3k_main_ceo_career_historical_wang_can_title_ironic	3k_main_ceo_career_historical_wang_can_title_ironic	1	false
810457	3k_main_ceo_career_historical_zhu_shulian_ironic	3k_main_ceo_career_historical_zhu_shulian_ironic	1	false
8118312	3k_main_ceo_career_historical_niu_dan_title_ironic	3k_main_ceo_career_historical_niu_dan_title_ironic	1	false
811899516	3k_dlc05_ceo_threshold_career_historical_tian_kai	3k_main_ceo_node_career_generated_general_earth_01	1	false
812704275	3k_dlc04_ceo_threshold_career_historical_fu_xie_nanrong	3k_dlc04_ceo_node_career_historical_fu_xie_nanrong_01	1	true
813954618	3k_main_ceo_career_historical_Li_Yan	3k_main_ceo_career_historical_Li_Yan	1	false
814369622	ep_ceo_threshold_career_historical_jia_mi	3k_main_ceo_node_career_generated_general_fire_01	1	false
816182	3k_main_ceo_career_historical_liu_he_pirate	3k_main_ceo_career_historical_liu_he_pirate	1	false
818108	3k_main_ceo_career_historical_wu_dang	3k_main_ceo_career_historical_wu_dang	1	false
818766408	3k_main_ceo_career_historical_deng_yuan	3k_main_ceo_career_historical_deng_yuan	1	false
819314	3k_main_ceo_career_historical_lu_mao_ironic	3k_main_ceo_career_historical_lu_mao_ironic	1	false
819692621	3k_main_ceo_career_historical_chen_lan	3k_main_ceo_career_historical_chen_lan	1	false
820539	3k_main_ceo_career_historical_zhu_en_ironic	3k_main_ceo_career_historical_zhu_en_ironic	1	false
82216656	3k_main_ceo_career_historical_zhang_min_unique	3k_main_ceo_career_historical_zhang_min_unique	1	false
82253653	3k_main_ceo_career_historical_liu_chan_title	3k_main_ceo_career_historical_liu_chan_title	1	false
822556	3k_main_ceo_career_historical_lu_bing_ironic	3k_main_ceo_career_historical_lu_bing_ironic	1	false
82611133	3k_main_ceo_threshold_career_historical_liu_dai	3k_main_ceo_node_career_historical_liu_dai_01	1	false
827584574	3k_main_ceo_career_historical_yalu	3k_main_ceo_career_historical_yalu	1	false
828077645	3k_main_ceo_threshold_career_historical_wei_yan	3k_main_ceo_node_career_historical_wei_yan_01	1	false
828421	3k_main_ceo_career_historical_ge_jing_ironic	3k_main_ceo_career_historical_ge_jing_ironic	1	false
828582417	3k_dlc04_ceo_threshold_career_historical_zhao_hong	3k_dlc04_ceo_node_career_historical_zhao_hong_01	1	true
82964714	3k_main_ceo_career_historical_zhao_yuanjiang_title	3k_main_ceo_career_historical_zhao_yuanjiang_title	1	false
8302270	3k_main_ceo_career_historical_shi_wei_unique	3k_main_ceo_career_historical_shi_wei_unique	1	false
8314781	3k_main_ceo_career_historical_li_yi_title	3k_main_ceo_career_historical_li_yi_title	1	false
831719	3k_main_ceo_career_historical_song_qian_ironic	3k_main_ceo_career_historical_song_qian_ironic	1	false
831741	3k_main_ceo_career_historical_he_qi_ironic	3k_main_ceo_career_historical_he_qi_ironic	1	false
832052686	3k_main_ceo_threshold_career_generated_agent_metal	3k_main_ceo_node_career_generated_agent_metal_01	1	false
83256759	3k_main_ceo_career_historical_nangong_xinyu_unique	3k_main_ceo_career_historical_nangong_xinyu_unique	1	false
834288	3k_main_ceo_career_historical_wang_sheng	3k_main_ceo_career_historical_wang_sheng	1	false
83537482	3k_main_ceo_career_historical_xu_yuanxian_title	3k_main_ceo_career_historical_xu_yuanxian_title	1	false
835692	3k_main_ceo_career_historical_yu_she_ironic	3k_main_ceo_career_historical_yu_she_ironic	1	false
837744848	3k_dlc06_ceo_career_generated_nanman_common_water_02	3k_dlc06_ceo_node_career_generated_common_water_02_02	4	true
840085411	ep_ceo_threshold_career_historical_sima_cui	ep_ceo_node_career_historical_sima_cui_01	1	false
840142622	3k_main_ceo_career_historical_Wang_Yuanji	3k_main_ceo_career_historical_Wang_Yuanji	1	false
840381939	ep_ceo_threshold_career_historical_sima_ying	ep_ceo_node_career_historical_sima_ying_01	1	false
840952	3k_main_ceo_career_historical_ni_lu_ironic	3k_main_ceo_career_historical_ni_lu_ironic	1	false
842248	3k_main_ceo_career_historical_kan_ze_ironic	3k_main_ceo_career_historical_kan_ze_ironic	1	false
844443476	3k_dlc04_ceo_threshold_career_historical_jin_xuan_yuanji	3k_dlc04_ceo_node_career_historical_jin_xuan_yuanji_01	1	true
84544222	3k_main_ceo_career_historical_gongsun_gong	3k_main_ceo_career_historical_gongsun_gong	1	false
846694	3k_main_ceo_career_historical_liu_xie_zitai	3k_main_ceo_career_historical_liu_xie_zitai	1	false
847126956	3k_dlc05_ceo_threshold_career_generated_fugitive_officer	3k_dlc05_ceo_node_career_generated_fugitive_officer_01	1	false
849165	3k_main_ceo_career_historical_lou_fa	3k_main_ceo_career_historical_lou_fa	1	false
849634	3k_main_ceo_career_historical_hong_ming	3k_main_ceo_career_historical_hong_ming	1	false
851699	3k_main_ceo_career_historical_pang_degong_ironic_water	3k_main_ceo_career_historical_pang_degong_ironic_water	1	false
853320753	3k_main_ceo_threshold_career_historical_zhao_yun	3k_main_ceo_node_career_historical_zhao_yun_01	1	false
85447587	3k_main_ceo_career_historical_liu_xi_title_ironic	3k_main_ceo_career_historical_liu_xi_title_ironic	1	false
855191	3k_main_ceo_career_historical_gao_dai_ironic	3k_main_ceo_career_historical_gao_dai_ironic	1	false
856515434	3k_main_ceo_career_historical_huo_nu	3k_main_ceo_career_historical_huo_nu	1	false
857032239	3k_dlc06_ceo_career_generated_nanman_exceptional_earth	3k_dlc06_ceo_node_career_generated_exceptional_earth_02	4	true
857050	3k_main_ceo_career_historical_liu_jue	3k_main_ceo_career_historical_liu_jue	1	false
85749591	3k_main_ceo_career_historical_zhang_yi_lai_title_ironic	3k_main_ceo_career_historical_zhang_yi_lai_title_ironic	1	false
86075301	3k_main_ceo_career_historical_zhang_zhongjing_title_ironic	3k_main_ceo_career_historical_zhang_zhongjing_title_ironic	1	false
860850	3k_main_ceo_career_historical_hua_ji	3k_main_ceo_career_historical_hua_ji	1	false
86182022	3k_main_ceo_career_historical_liu_he_pirate_unique	3k_main_ceo_career_historical_liu_he_pirate_unique	1	false
861863	3k_main_ceo_career_historical_linghu_qian	3k_main_ceo_career_historical_linghu_qian	1	false
86228310	3k_main_ceo_career_historical_lai_zu_title	3k_main_ceo_career_historical_lai_zu_title	1	false
862791	3k_main_ceo_career_historical_xiahou_mao_ironic	3k_main_ceo_career_historical_xiahou_mao_ironic	1	false
864858107	3k_dlc04_ceo_threshold_career_historical_lady_xiao_qiao	3k_dlc04_ceo_node_career_historical_lady_xiao_qiao_01	1	true
865394	3k_main_ceo_career_historical_chen_sheng	3k_main_ceo_career_historical_chen_sheng	1	false
868363	3k_main_ceo_career_historical_puyang_lian_ironic	3k_main_ceo_career_historical_puyang_lian_ironic	1	false
86838697	3k_main_ceo_career_historical_peng_shi_title	3k_main_ceo_career_historical_peng_shi_title	1	false
870294	3k_main_ceo_career_historical_dong_xi_ironic	3k_main_ceo_career_historical_dong_xi_ironic	1	false
870321586	3k_ytr_ceo_threshold_career_land_potter	3k_ytr_ceo_node_career_land_potter	1	true
870822	3k_main_ceo_career_historical_hua_dang_ironic	3k_main_ceo_career_historical_hua_dang_ironic	1	false
871279122	3k_ironic_ceo_career_historical_zhang_fu	3k_ironic_ceo_career_historical_zhang_fu	1	true
871446	3k_main_ceo_career_historical_yan_xia_ironic	3k_main_ceo_career_historical_yan_xia_ironic	1	false
872524771	3k_dlc04_ceo_threshold_career_historical_liu_hong_yuanzhuo	3k_dlc04_ceo_node_career_historical_liu_hong_yuanzhuo_01	1	true
872661782	3k_main_ceo_threshold_career_historical_xu_chu	3k_main_ceo_node_career_historical_xu_chu_01	1	false
872869	3k_main_ceo_career_historical_zhao_yu_ironic	3k_main_ceo_career_historical_zhao_yu_ironic	1	false
87329467	3k_main_ceo_threshold_career_generated_envoy_earth	3k_main_ceo_node_career_generated_envoy_earth_01	1	false
87354584	3k_main_ceo_career_historical_shi_yi_unique	3k_main_ceo_career_historical_shi_yi_unique	1	false
87592823	3k_main_ceo_career_historical_fei_yi_title	3k_main_ceo_career_historical_fei_yi_title	1	false
876770728	3k_main_ceo_career_historical_lou_gui	3k_main_ceo_career_historical_lou_gui	1	false
876784	3k_main_ceo_career_historical_zuo_yu	3k_main_ceo_career_historical_zuo_yu	1	false
876943809	3k_dlc05_ceo_threshold_career_generated_enforcer	3k_dlc05_ceo_node_career_generated_enforcer_01	1	false
877303080	3k_main_ceo_career_historical_wang_hong	3k_main_ceo_career_historical_wang_hong	1	false
877416	3k_main_ceo_career_historical_zheng_bao_ironic	3k_main_ceo_career_historical_zheng_bao_ironic	1	false
878706	3k_main_ceo_career_historical_hou_yin	3k_main_ceo_career_historical_hou_yin	1	false
879558206	3k_main_ceo_threshold_career_historical_lu_bu	3k_main_ceo_node_career_historical_lu_bu_01	1	false
87996756	3k_main_ceo_career_historical_zhao_bo_ytr	3k_main_ceo_career_historical_zhao_bo_ytr	1	false
88076527	3k_main_ceo_career_historical_ni_xiaode_unique	3k_main_ceo_career_historical_ni_xiaode_unique	1	false
88134491	3k_main_ceo_career_historical_linghu_na_unique	3k_main_ceo_career_historical_linghu_na_unique	1	false
883254689	3k_dlc06_ceo_career_generated_nanman_exceptional_metal	3k_dlc06_ceo_node_career_generated_exceptional_metal_03	7	true
8837825	3k_main_ceo_career_historical_han_xi_title_ironic	3k_main_ceo_career_historical_han_xi_title_ironic	1	false
884221105	3k_main_ceo_career_historical_wang_baolan	3k_main_ceo_career_historical_wang_baolan	1	false
885558173	3k_main_ceo_career_historical_sun_shao	3k_main_ceo_career_historical_sun_shao	1	false
886301134	3k_dlc04_ceo_threshold_career_historical_luo_tong_gongxu	3k_dlc04_ceo_node_career_historical_luo_tong_gongxu_01	1	true
886335	3k_main_ceo_career_historical_lai_shuang_ironic	3k_main_ceo_career_historical_lai_shuang_ironic	1	false
88638934	3k_main_ceo_career_historical_lu_he_title	3k_main_ceo_career_historical_lu_he_title	1	false
886621	3k_main_ceo_career_historical_zhu_han_ironic	3k_main_ceo_career_historical_zhu_han_ironic	1	false
886859133	3k_dlc06_ceo_career_historical_nanman_meng_you	3k_dlc06_ceo_career_historical_nanman_meng_you_01	1	true
886874	3k_main_ceo_career_historical_wu_can_ironic	3k_main_ceo_career_historical_wu_can_ironic	1	false
887741	3k_main_ceo_career_historical_zhang_duo_ironic	3k_main_ceo_career_historical_zhang_duo_ironic	1	false
890424016	3k_main_ceo_career_historical_Chen_Dao	3k_main_ceo_career_historical_Chen_Dao	1	false
890519053	3k_dlc04_ceo_threshold_career_historical_dong_he_youzai	3k_dlc04_ceo_node_career_historical_dong_he_youzai_01	1	true
892764	3k_main_ceo_career_historical_peng_hu_ironic	3k_main_ceo_career_historical_peng_hu_ironic	1	false
89312142	3k_main_ceo_career_historical_huan_jie_title_ironic	3k_main_ceo_career_historical_huan_jie_title_ironic	1	false
893583697	3k_main_ceo_career_historical_liang_xing	3k_main_ceo_career_historical_liang_xing	1	true
893662882	3k_dlc05_ceo_threshold_career_historical_li_jue	3k_dlc05_ceo_node_career_historical_li_jue_01	1	false
894627	3k_main_ceo_career_historical_xu_gong_ironic	3k_main_ceo_career_historical_xu_gong_ironic	1	false
895394437	3k_main_ceo_career_historical_Song_Xian	3k_main_ceo_career_historical_Song_Xian	1	false
896905421	3k_mtu_ceo_threshold_career_historical_lady_gao_zhulan	3k_mtu_ceo_node_career_historical_lady_gao_zhulan_01	1	false
89971693	3k_main_ceo_career_historical_chen_fu_title	3k_main_ceo_career_historical_chen_fu_title	1	false
900593005	3k_main_ceo_career_historical_lu_jun	3k_main_ceo_career_historical_lu_jun	1	false
90146353	3k_main_ceo_career_historical_hua_ji_unique	3k_main_ceo_career_historical_hua_ji_unique	1	false
9015569	3k_main_ceo_threshold_career_historical_wang_xiu	3k_main_ceo_node_career_historical_wang_xiu_01	1	true
901670771	3k_dlc06_ceo_career_historical_nanman_dongtuna	3k_dlc06_ceo_career_historical_nanman_dongtuna_02	4	true
901722430	3k_dlc06_ceo_career_historical_nanman_tu_an	3k_dlc06_ceo_career_historical_nanman_tu_an_02	4	true
90179026	3k_main_ceo_career_historical_wu_xi_title	3k_main_ceo_career_historical_wu_xi_title	1	false
901868	3k_main_ceo_career_historical_fan_xian_ironic	3k_main_ceo_career_historical_fan_xian_ironic	1	false
903752943	3k_ironic_ceo_career_historical_zhang_guang	3k_ironic_ceo_career_historical_zhang_guang	1	true
904621058	3k_dlc04_ceo_threshold_career_historical_emperor_ling	3k_dlc04_ceo_node_career_historical_emperor_ling_02	2	false
906369	3k_main_ceo_career_historical_zuo_chengxu_ironic	3k_main_ceo_career_historical_zuo_chengxu_ironic	1	false
906928	3k_main_ceo_career_historical_tong_yin	3k_main_ceo_career_historical_tong_yin	1	false
90757680	3k_main_ceo_career_historical_Liu_Shan	3k_main_ceo_career_historical_Liu_Shan	1	false
908174	3k_main_ceo_career_historical_xu_yi	3k_main_ceo_career_historical_xu_yi	1	false
908263	3k_main_ceo_career_historical_xiahou_shang	3k_main_ceo_career_historical_xiahou_shang	1	false
90895798	3k_main_ceo_career_historical_yi_liao_title	3k_main_ceo_career_historical_yi_liao_title	1	false
90923204	3k_main_ceo_career_historical_zhang_lili_title	3k_main_ceo_career_historical_zhang_lili_title	1	false
909818406	3k_dlc04_ceo_threshold_career_historical_zhang_jue	3k_dlc04_ceo_node_career_historical_zhang_jue_01	1	false
911362475	3k_dlc04_ceo_threshold_career_historical_wang_guo	3k_dlc04_ceo_node_career_historical_wang_guo_01	1	true
91312448	3k_main_ceo_theshold_career_generated_minister_water	3k_main_ceo_node_career_generated_minister_water_01	1	false
916152	3k_main_ceo_career_historical_bian_xi	3k_main_ceo_career_historical_bian_xi	1	false
91619876	3k_main_ceo_career_historical_chen_shi_title_ironic	3k_main_ceo_career_historical_chen_shi_title_ironic	1	false
917309943	3k_main_ceo_career_historical_hu_zhen	3k_main_ceo_career_historical_hu_zhen	1	true
918024424	3k_main_ceo_threshold_career_historical_zhang_kai	3k_main_ceo_node_career_historical_zhang_kai_01	1	false
920809	3k_main_ceo_career_historical_lu_qian	3k_main_ceo_career_historical_lu_qian	1	false
922734	3k_main_ceo_career_historical_lu_xu_ironic	3k_main_ceo_career_historical_lu_xu_ironic	1	false
92339239	3k_main_ceo_career_historical_zhang_su_title	3k_main_ceo_career_historical_zhang_su_title	1	false
923559	3k_main_ceo_career_historical_fu_xun	3k_main_ceo_career_historical_fu_xun	1	false
923578410	3k_main_ceo_career_historical_zuozi_zhangba	3k_main_ceo_career_historical_zuozi_zhangba	1	false
924097	3k_main_ceo_career_historical_lu_bing	3k_main_ceo_career_historical_lu_bing	1	false
924409130	3k_dlc04_ceo_threshold_career_historical_zhou_bi_zhongyuan	3k_dlc04_ceo_node_career_historical_zhou_bi_zhongyuan_01	1	true
924522816	3k_dlc04_ceo_threshold_career_historical_du_ji_bohou	3k_dlc04_ceo_node_career_historical_du_ji_bohou_01	1	true
924881	3k_main_ceo_career_historical_cai_huizhen	3k_main_ceo_career_historical_cai_huizhen	1	false
925324384	3k_main_ceo_career_historical_chen_yu	3k_main_ceo_career_historical_chen_yu	1	false
926577411	3k_main_ceo_career_historical_liao_hua_ytr	3k_main_ceo_career_historical_liao_hua_ytr	1	false
93063878	3k_main_threshold_career_historical_shi_wu	3k_main_ceo_node_career_historical_shi_wu	1	false
93144287	3k_main_ceo_career_historical_li_si_title	3k_main_ceo_career_historical_li_si_title	1	false
931569	3k_main_ceo_career_historical_li_qian_ironic	3k_main_ceo_career_historical_li_qian_ironic	1	false
932080	3k_main_ceo_career_historical_lu_yu_ironic_water	3k_main_ceo_career_historical_lu_yu_ironic_water	1	false
934038160	3k_ytr_ceo_threshold_career_land_jade_carver	3k_ytr_ceo_node_career_land_jade_carver	1	true
9356481	3k_main_ceo_career_historical_shi_wu_unique	3k_main_ceo_career_historical_shi_wu_unique	1	false
937775	3k_main_ceo_career_historical_shen_cheng	3k_main_ceo_career_historical_shen_cheng	1	false
938555273	3k_main_ceo_career_historical_agui	3k_main_ceo_career_historical_agui	1	false
939190616	3k_main_ceo_career_historical_lu_gong	3k_main_ceo_career_historical_lu_gong	1	false
939552395	3k_ironic_ceo_career_historical_lei_tong	3k_ironic_ceo_career_historical_lei_tong	1	true
940403	3k_main_ceo_career_historical_jiang_gan	3k_main_ceo_career_historical_jiang_gan	1	false
940504	3k_main_ceo_career_historical_pan_lin	3k_main_ceo_career_historical_pan_lin	1	false
940832093	3k_dlc06_ceo_career_historical_nanman_meng_jie	3k_dlc06_ceo_career_historical_nanman_meng_jie_03	7	true
94098562	3k_main_ceo_career_historical_liu_ting_title	3k_main_ceo_career_historical_liu_ting_title	1	false
941948	3k_main_ceo_career_historical_liu_jing	3k_main_ceo_career_historical_liu_jing	1	false
944452	3k_main_ceo_career_historical_han_yan_ironic	3k_main_ceo_career_historical_han_yan_ironic	1	false
945026862	3k_mtu_ceo_threshold_career_historical_chunyu_qiong_reborn	3k_mtu_ceo_node_career_historical_chunyu_qiong_reborn	1	false
945603539	3k_main_ceo_threshold_career_historical_huang_zhong	3k_main_ceo_node_career_historical_huang_zhong_01	1	false
945861201	3k_mtu_ceo_threshold_career_historical_zhang_bao	3k_mtu_ceo_node_career_historical_zhang_bao_01	1	false
946730	3k_main_ceo_career_historical_zhuge_luo_ironic	3k_main_ceo_career_historical_zhuge_luo_ironic	1	false
947094765	3k_main_ceo_career_historical_huang_hua	3k_main_ceo_career_historical_huang_hua	1	true
947319647	3k_dlc04_ceo_threshold_career_historical_song_jian	3k_dlc04_ceo_node_career_historical_song_jian_01	1	true
948012536	3k_main_ceo_threshold_career_generated_agent_fire	3k_main_ceo_node_career_generated_agent_fire_01	1	false
94869432	3k_main_ceo_career_historical_zhao_lingjing_title	3k_main_ceo_career_historical_zhao_lingjing_title	1	false
949597622	3k_main_ceo_career_historical_zhang_heng	3k_main_ceo_career_historical_zhang_heng	1	true
949649	3k_main_ceo_career_historical_huang_chun_ironic	3k_main_ceo_career_historical_huang_chun_ironic	1	false
95071557	3k_main_ceo_career_historical_yang_yi_title	3k_main_ceo_career_historical_yang_yi_title	1	false
951941891	3k_main_ceo_career_historical_Deng_Ai	3k_main_ceo_career_historical_Deng_Ai	1	false
95318214	3k_main_ceo_career_historical_ma_han_title	3k_main_ceo_career_historical_ma_han_title	1	false
959694	3k_main_ceo_career_historical_he_luan_ironic	3k_main_ceo_career_historical_he_luan_ironic	1	false
96066949	ep_ceo_threshold_career_historical_gongsun_hong	ep_ceo_node_career_historical_gongsun_hong_01	1	false
960674873	3k_dlc06_ceo_career_generated_nanman_exceptional_wood	3k_dlc06_ceo_node_career_generated_exceptional_wood_02	4	true
96121838	3k_main_ceo_career_historical_cai_pingwan_title	3k_main_ceo_career_historical_cai_pingwan_title	1	false
96169906	3k_main_ceo_career_historical_zou_lin_unique	3k_main_ceo_career_historical_zou_lin_unique	1	false
962316429	3k_dlc06_ceo_career_generated_nanman_exceptional_wood	3k_dlc06_ceo_node_career_generated_exceptional_wood_03	7	true
96331486	3k_main_ceo_career_historical_fei_xin_title	3k_main_ceo_career_historical_fei_xin_title	1	false
963810996	3k_main_ceo_career_historical_li_kan	3k_main_ceo_career_historical_li_kan	1	true
964543	3k_main_ceo_career_historical_shang_sheng	3k_main_ceo_career_historical_shang_sheng	1	false
964550	3k_main_ceo_career_historical_ling_tong_ironic	3k_main_ceo_career_historical_ling_tong_ironic	1	false
965091012	3k_dlc04_ceo_threshold_career_historical_ma_yuanyi	3k_dlc04_ceo_node_career_historical_ma_yuanyi_01	1	true
966691605	3k_main_ceo_career_historical_Sima_Zhao	3k_main_ceo_career_historical_Sima_Zhao	1	false
966787913	3k_main_ceo_theshold_career_generated_agent_water	3k_main_ceo_node_career_generated_agent_water_01	1	false
967394	3k_main_ceo_career_historical_liu_xun_zitai	3k_main_ceo_career_historical_liu_xun_zitai	1	false
968202	3k_main_ceo_career_historical_cai_hui	3k_main_ceo_career_historical_cai_hui	1	false
968446	3k_main_ceo_career_historical_chang_xi_ironic	3k_main_ceo_career_historical_chang_xi_ironic	1	false
968524749	3k_main_ceo_threshold_career_historical_han_sui	3k_main_ceo_node_career_historical_han_sui_01	1	false
969229	3k_main_ceo_career_historical_jiong_mu	3k_main_ceo_career_historical_jiong_mu	1	false
9697668	3k_main_ceo_career_historical_shi_zin_unique	3k_main_ceo_career_historical_shi_zin_unique	1	false
970864317	3k_dlc06_ceo_career_generated_nanman_exceptional_wood	3k_dlc06_ceo_node_career_generated_exceptional_wood_01	1	false
972653173	3k_dlc05_ceo_threshold_career_historical_han_hao	3k_dlc05_ceo_node_career_historical_han_hao_01	1	false
973143	3k_main_ceo_career_historical_zu_si	3k_main_ceo_career_historical_zu_si	1	false
973919376	3k_dlc04_ceo_threshold_career_historical_luo_jun_xiaoyuan	3k_dlc04_ceo_node_career_historical_luo_jun_xiaoyuan_01	1	true
974156	3k_main_ceo_career_historical_zu_lang	3k_main_ceo_career_historical_zu_lang	1	false
975897	3k_main_ceo_career_historical_sun_yi	3k_main_ceo_career_historical_sun_yi	1	false
975951	3k_main_ceo_career_historical_zhuge_fu_ironic	3k_main_ceo_career_historical_zhuge_fu_ironic	1	false
977340	3k_main_ceo_career_historical_chen_cong_ironic	3k_main_ceo_career_historical_chen_cong_ironic	1	false
978601	3k_main_ceo_career_historical_bao_zhong_ironic	3k_main_ceo_career_historical_bao_zhong_ironic	1	false
980467436	3k_main_ceo_threshold_career_historical_lu_su	3k_main_ceo_node_career_historical_lu_su_01	1	false
9806349	3k_main_ceo_career_historical_liao_shi_title	3k_main_ceo_career_historical_liao_shi_title	1	false
982202452	3k_main_ceo_career_historical_liu_shuo	3k_main_ceo_career_historical_liu_shuo	1	false
982945022	3k_main_threshold_career_historical_wu_huan	3k_main_ceo_node_career_historical_wu_huan	1	false
98315927	3k_main_ceo_career_historical_li_quan_title	3k_main_ceo_career_historical_li_quan_title	1	false
98372321	3k_dlc05_ceo_threshold_career_historical_mao_jie	3k_dlc05_ceo_node_career_historical_mao_jie_01	1	false
984290718	3k_main_ceo_career_historical_nie_tingping	3k_main_ceo_career_historical_nie_tingping	1	false
984723	3k_main_ceo_career_historical_zhou_che_ironic	3k_main_ceo_career_historical_zhou_che_ironic	1	false
985250	3k_main_ceo_career_historical_sun_shao_sun	3k_main_ceo_career_historical_sun_shao_sun	1	false
985823044	3k_mtu_ceo_threshold_career_historical_lady_trieu	3k_mtu_ceo_node_career_historical_lady_trieu_01	1	false
98611144	3k_main_ceo_career_historical_hu_man_title_ironic	3k_main_ceo_career_historical_hu_man_title_ironic	1	false
988180	3k_main_ceo_career_historical_dai_yuan_ironic	3k_main_ceo_career_historical_dai_yuan_ironic	1	false
988565	3k_main_ceo_career_historical_guan_ning	3k_main_ceo_career_historical_guan_ning	1	false
98888951	3k_main_ceo_career_historical_Sima_Shi	3k_main_ceo_career_historical_Sima_Shi	1	false
99040447	3k_main_ceo_career_historical_zhang_yi_unique	3k_main_ceo_career_historical_zhang_yi_unique	1	false
990474	3k_main_ceo_career_historical_xu_qian_ironic	3k_main_ceo_career_historical_xu_qian_ironic	1	false
99094594	3k_main_ceo_career_historical_gao_pei_unique	3k_main_ceo_career_historical_gao_pei_unique	1	false
992315	3k_main_ceo_career_historical_liu_wei	3k_main_ceo_career_historical_liu_wei	1	false
993138878	3k_dlc04_ceo_threshold_career_historical_lady_cai_yan_wenji	3k_dlc04_ceo_node_career_historical_lady_cai_yan_wenji_01	1	true
994309	3k_main_ceo_career_historical_wan_yan_ironic	3k_main_ceo_career_historical_wan_yan_ironic	1	false
995086	3k_main_ceo_career_historical_xiahou_lan_ironic	3k_main_ceo_career_historical_xiahou_lan_ironic	1	false
996774	3k_main_ceo_career_historical_kang_qinmeng_ironic	3k_main_ceo_career_historical_kang_qinmeng_ironic	1	false
9976248	3k_main_ceo_career_historical_zhuge_ke	3k_main_ceo_career_historical_zhuge_ke	1	false
99779250	3k_main_ceo_career_historical_sima_zhi_title_ironic	3k_main_ceo_career_historical_sima_zhi_title_ironic	1	false
998379199	3k_mtu_ceo_threshold_career_historical_lady_lu_ji	3k_mtu_ceo_node_career_historical_lady_lu_ji_01	1	false
998582471	3k_dlc04_ceo_career_historical_duan_gui_ziyin	3k_dlc04_ceo_node_career_historical_duan_gui_ziyin_01	1	true
2086625455	3k_main_ceo_career_historical_buyeo_gusu	3k_main_ceo_career_historical_buyeo_gusu	1	false
1933738772	3k_main_ceo_career_historical_buyeo_gol	3k_main_ceo_career_historical_buyeo_gol	1	false
1687491968	3k_main_ceo_career_historical_buyeo_usu	3k_main_ceo_career_historical_buyeo_usu	1	false
1544943338	3k_main_ceo_career_historical_buyeo_jil	3k_main_ceo_career_historical_buyeo_jil	1	false
1770950406	3k_main_ceo_career_historical_buyeo_saban	3k_main_ceo_career_historical_buyeo_saban	1	false
2007575899	3k_main_ceo_career_historical_gil_seon	3k_main_ceo_career_historical_gil_seon	1	false
1871503305	3k_main_ceo_career_historical_jin_gwa	3k_main_ceo_career_historical_jin_gwa	1	false
1854773424	3k_main_ceo_career_historical_jin_chung	3k_main_ceo_career_historical_jin_chung	1	false
1975879015	3k_main_ceo_career_historical_jin_mul	3k_main_ceo_career_historical_jin_mul	1	false
2109883652	3k_main_ceo_career_historical_jin_ga	3k_main_ceo_career_historical_jin_ga	1	false
2119681694	3k_main_ceo_career_historical_hoe_hoe	3k_main_ceo_career_historical_hoe_hoe	1	false
1838066203	3k_main_ceo_career_historical_woo_du	3k_main_ceo_career_historical_woo_du	1	false
1940900277	3k_main_ceo_career_historical_go_su	3k_main_ceo_career_historical_go_su	1	false
1649895282	3k_main_ceo_career_historical_yu_gi	3k_main_ceo_career_historical_yu_gi	1	false
1978790629	3k_main_ceo_career_historical_gon_no	3k_main_ceo_career_historical_gon_no	1	false
1925323092	3k_main_ceo_career_historical_go_balgi	3k_main_ceo_career_historical_go_balgi	1	false
1922157430	3k_main_ceo_career_historical_go_yeonu	3k_main_ceo_career_historical_go_yeonu	1	false
1983389599	3k_main_ceo_career_historical_go_gyesu	3k_main_ceo_career_historical_go_gyesu	1	false
1730925721	3k_main_ceo_career_historical_go_uwugeo	3k_main_ceo_career_historical_go_uwugeo	1	false
1890326157	3k_main_ceo_career_historical_go_bakwigeo	3k_main_ceo_career_historical_go_bakwigeo	1	false
1538622129	3k_main_ceo_career_historical_lady_woo	3k_main_ceo_career_historical_lady_woo	1	false
1711168323	3k_main_ceo_career_historical_an_ryu	3k_main_ceo_career_historical_an_ryu	1	false
1587126959	3k_main_ceo_career_historical_eul_paso	3k_main_ceo_career_historical_eul_paso	1	false
1698770932	3k_main_ceo_career_historical_jwa_garyeo	3k_main_ceo_career_historical_jwa_garyeo	1	false
1853900365	3k_main_ceo_career_historical_eo_biryu	3k_main_ceo_career_historical_eo_biryu	1	false
2092609241	3k_main_ceo_career_historical_myeongrim_eosu	3k_main_ceo_career_historical_myeongrim_eosu	1	false
2140116402	3k_main_ceo_career_historical_go_uru	3k_main_ceo_career_historical_go_uru	1	false
1647091191	3k_main_ceo_career_historical_mil_u	3k_main_ceo_career_historical_mil_u	1	false
1729942891	3k_main_ceo_career_historical_yu_yu	3k_main_ceo_career_historical_yu_yu	1	false
1600173073	3k_main_ceo_career_historical_yu_okgu	3k_main_ceo_career_historical_yu_okgu	1	false
1718447596	3k_main_ceo_career_historical_go_yeonbul	3k_main_ceo_career_historical_go_yeonbul	1	false
1574556831	3k_main_ceo_career_historical_hu_nyeo	3k_main_ceo_career_historical_hu_nyeo	1	false
1770061022	3k_main_ceo_career_historical_deuk_rae	3k_main_ceo_career_historical_deuk_rae	1	false
1903409338	3k_main_ceo_career_historical_go_munseong	3k_main_ceo_career_historical_go_munseong	1	false
2098817746	3k_main_ceo_career_historical_go_seongbang	3k_main_ceo_career_historical_go_seongbang	1	false
1754891312	3k_main_ceo_career_historical_go_ik	3k_main_ceo_career_historical_go_ik	1	false
1982027468	3k_main_ceo_career_historical_hae_mayeo	3k_main_ceo_career_historical_hae_mayeo	1	false
1832850080	3k_main_ceo_career_historical_woo_wigeo	3k_main_ceo_career_historical_woo_wigeo	1	false
1533723106	3k_main_ceo_career_historical_kim_suro	3k_main_ceo_career_historical_kim_suro	1	false
1805351357	3k_main_ceo_career_historical_heo_hwangok	3k_main_ceo_career_historical_heo_hwangok	1	false
1532336191	3k_main_ceo_career_historical_tam_hari	3k_main_ceo_career_historical_tam_hari	1	false
1535497264	3k_main_ceo_career_historical_kim_geodeung	3k_main_ceo_career_historical_kim_geodeung	1	false
2036021891	3k_main_ceo_career_historical_seok_naehae	3k_main_ceo_career_historical_seok_naehae	1	false
1701992075	3k_main_ceo_career_historical_lady_sulye	3k_main_ceo_career_historical_lady_sulye	1	false
1559678524	3k_main_ceo_career_historical_seok_jobun	3k_main_ceo_career_historical_seok_jobun	1	false
1558457767	3k_main_ceo_career_historical_seok_cheomhae	3k_main_ceo_career_historical_seok_cheomhae	1	false
1705055583	3k_main_ceo_career_historical_seok_naeeum	3k_main_ceo_career_historical_seok_naeeum	1	false
2104860101	3k_main_ceo_career_historical_seok_uro	3k_main_ceo_career_historical_seok_uro	1	false
1996647041	3k_main_ceo_career_historical_seok_aihye	3k_main_ceo_career_historical_seok_aihye	1	false
1862560834	3k_main_ceo_career_historical_lady_seok	3k_main_ceo_career_historical_lady_seok	1	false
1574633851	3k_main_ceo_career_historical_kim_gudo	3k_main_ceo_career_historical_kim_gudo	1	false
2015507301	3k_main_ceo_career_historical_kim_michu	3k_main_ceo_career_historical_kim_michu	1	false
1581631597	3k_main_ceo_career_historical_kim_malgu	3k_main_ceo_career_historical_kim_malgu	1	false
2063971607	3k_main_ceo_career_historical_mul_gyeja	3k_main_ceo_career_historical_mul_gyeja	1	false
1858731358	3k_main_ceo_career_historical_gu_suhye	3k_main_ceo_career_historical_gu_suhye	1	false
1771630659	3k_main_ceo_career_historical_chung_hweon	3k_main_ceo_career_historical_chung_hweon	1	false
1836606614	3k_main_ceo_career_historical_yeon_jin	3k_main_ceo_career_historical_yeon_jin	1	false
1533834603	3k_main_ceo_career_historical_heung_seon	3k_main_ceo_career_historical_heung_seon	1	false
1905633318	3k_main_ceo_career_historical_seol_bu	3k_main_ceo_career_historical_seol_bu	1	false
1601552038	3k_main_ceo_career_historical_seol_ji	3k_main_ceo_career_historical_seol_ji	1	false
1713991289	3k_main_ceo_career_historical_guk_ryang	3k_main_ceo_career_historical_guk_ryang	1	false
2014908933	3k_main_ceo_career_historical_sul_myeong	3k_main_ceo_career_historical_sul_myeong	1	false
2059658314	3k_main_ceo_career_historical_hwon_gyeon	3k_main_ceo_career_historical_hwon_gyeon	1	false
2036561962	3k_main_ceo_career_historical_yun_jong	3k_main_ceo_career_historical_yun_jong	1	false
1602473993	3k_main_ceo_career_historical_gang_hwon	3k_main_ceo_career_historical_gang_hwon	1	false
1706025867	3k_main_ceo_career_historical_yeonbul	3k_main_ceo_career_historical_yeonbul	1	false
