key	index	subculture	category	screen_name	screen_adjective	skin	ui_skin	is_rebel	mp_available	mp_available_naval	flags_path	military_group	movie_death_event	ship_name_group	unit_regiment_name_group	attack_desc	defend_desc	pre_battle_speech_parameter	senator_total	audio_voiceover_culture	mp_force_gen_template	faction_swapping_id	has_politics	waaagh_faction	waaagh_general_unit	is_quest_faction	cdir_military_generator_config	campaign_unit_permission_group	grant_rebel_captures_to_faction	feature_forest	battle_flag_path	text_replacement_key	lose_movie	battle_flag_path_historical	win_movie	primary_colour_hex	secondary_colour_hex	rebel_colour_hex	uniform_colour_hex	card_colour_hex
#factions_tables;41;db/factions_tables/data__																																								
3k_dlc04_faction_bian_zhang	1506869081	3k_main_chinese	unplayable	Bian Zhang	Bian Zhang	default		false	false	false	data\ui\flags\3k_dlc04_faction_bian_zhang	3k_main_military_grouping_han_chinese	0	221	221	You are attacking a Bian Zhang military force!	You are defending against a Bian Zhang military force!	FACTION_CHOSOKABE	500	vo_Empire	default	brt	false			false	default	3k_main_unit_permission_group_han_chinese		LOCKED_STANDARD	flag_3k_dlc04_faction_bian_zhang		3k_main_game_lost_cao_cao	flag_3k_dlc04_faction_bian_zhang	3k_main_game_won_cao_cao	C6B3BC	69A277	ADADAD	463C19	000000
3k_dlc04_faction_bian_zhang_separatists	1733512743	3k_main_chinese	unplayable	Bian Zhang Separatists	Bian Zhang Separatists	default		false	false	false	data\ui\flags\3k_dlc04_faction_bian_zhang_separatists	3k_main_military_grouping_han_chinese	0	221	221	You are attacking a Bian Zhang Separatist military force!	You are defending against a Bian Zhang Separatist military force!	FACTION_CHOSOKABE	500	vo_Empire	default	brt	false			false	default	3k_main_unit_permission_group_han_chinese		LOCKED_STANDARD	flag_3k_dlc04_faction_bian_zhang_separatists		3k_main_game_lost_earth	flag_3k_dlc04_faction_bian_zhang_separatists	3k_main_game_won_earth	3A353F	C9A175	ADADAD	3C2314	000000
3k_dlc04_faction_cao_song	1771586965	3k_main_chinese	unplayable	Cao Song	Cao Song	default		false	false	false	data\ui\flags\3k_dlc04_faction_cao_song	3k_main_military_grouping_han_chinese	0	221	221	You are attacking a Cao Song military force!	You are defending against a Cao Song military force!	FACTION_CHOSOKABE	500	vo_Empire	default	brt	false			false	default	3k_main_unit_permission_group_han_chinese		LOCKED_STANDARD	flag_3k_dlc04_faction_cao_song		3k_main_game_lost_cao_cao	flag_3k_dlc04_faction_cao_song	3k_main_game_won_cao_cao	DDB015	583F77	ADADAD	463C19	000000
3k_dlc04_faction_cao_song_separatists	1120290668	3k_main_chinese	unplayable	Cao Song Separatists	Cao Song Separatists	default		false	false	false	data\ui\flags\3k_dlc04_faction_cao_song_separatists	3k_main_military_grouping_han_chinese	0	221	221	You are attacking a Cao Song Separatist military force!	You are defending against a Cao Song Separatist military force!	FACTION_CHOSOKABE	500	vo_Empire	default	brt	false			false	default	3k_main_unit_permission_group_han_chinese		LOCKED_STANDARD	flag_3k_dlc04_faction_cao_song_separatists		3k_main_game_lost_earth	flag_3k_dlc04_faction_cao_song_separatists	3k_main_game_won_earth	362C43	AE994E	ADADAD	3C2314	000000
3k_dlc04_faction_chen_gui	1701035620	3k_main_chinese	unplayable	Chen Gui	Chen Gui	default		false	false	false	data\ui\flags\3k_dlc04_faction_chen_gui	3k_main_military_grouping_han_chinese	0	221	221	You are attacking a Chen Gui military force!	You are defending against a Chen Gui military force!	FACTION_CHOSOKABE	500	vo_Empire	default	brt	false			false	default	3k_main_unit_permission_group_han_chinese		LOCKED_STANDARD	flag_3k_dlc04_faction_chen_gui		3k_main_game_lost_cao_cao	flag_3k_dlc04_faction_chen_gui	3k_main_game_won_cao_cao	616F77	BC8282	ADADAD	463C19	000000
3k_dlc04_faction_chen_gui_separatists	251089049	3k_main_chinese	unplayable	Chen Gui Separatists	Chen Gui Separatists	default		false	false	false	data\ui\flags\3k_dlc04_faction_chen_gui_separatists	3k_main_military_grouping_han_chinese	0	221	221	You are attacking a Chen Gui Separatist military force!	You are defending against a Chen Gui Separatist military force!	FACTION_CHOSOKABE	500	vo_Empire	default	brt	false			false	default	3k_main_unit_permission_group_han_chinese		LOCKED_STANDARD	flag_3k_dlc04_faction_chen_gui_separatists		3k_main_game_lost_earth	flag_3k_dlc04_faction_chen_gui_separatists	3k_main_game_won_earth	BED9E7	CCA047	ADADAD	3C2314	000000
3k_dlc04_faction_chu_gong	1940718748	3k_main_chinese	unplayable	Chu Gong	Chu Gong	default		false	false	false	data\ui\flags\3k_dlc04_faction_chu_gong	3k_main_military_grouping_han_chinese	0	221	221	You are attacking a Chu Gong military force!	You are defending against a Chu Gong military force!	FACTION_CHOSOKABE	500	vo_Empire	default	brt	false			false	default	3k_main_unit_permission_group_han_chinese		LOCKED_STANDARD	flag_3k_dlc04_faction_chu_gong		3k_main_game_lost_cao_cao	flag_3k_dlc04_faction_chu_gong	3k_main_game_won_cao_cao	423042	6A61C0	ADADAD	463C19	000000
3k_dlc04_faction_chu_gong_separatists	1289751493	3k_main_chinese	unplayable	Chu Gong Separatists	Chu Gong Separatists	default		false	false	false	data\ui\flags\3k_dlc04_faction_chu_gong_separatists	3k_main_military_grouping_han_chinese	0	221	221	You are attacking a Chu Gong Separatist military force!	You are defending against a Chu Gong Separatist military force!	FACTION_CHOSOKABE	500	vo_Empire	default	brt	false			false	default	3k_main_unit_permission_group_han_chinese		LOCKED_STANDARD	flag_3k_dlc04_faction_chu_gong_separatists		3k_main_game_lost_earth	flag_3k_dlc04_faction_chu_gong_separatists	3k_main_game_won_earth	E8D9E8	93D6E0	ADADAD	3C2314	000000
3k_dlc04_faction_dai	254967832	3k_main_chinese	unplayable	Daijun	Daijun Commandery	default		false	false	false	data\ui\flags\3k_main_faction_daijun	3k_main_military_grouping_han_chinese	0	221	221	You are attacking a Gaoliu Commandery military force!	You are defending against a Gaoliu Commandery military force!	FACTION_CHOSOKABE	500	vo_Empire	default	brt	false			false	default	3k_main_unit_permission_group_han_chinese		LOCKED_STANDARD	flag_3k_dlc04_faction_dai		3k_main_game_lost_cao_cao	flag_3k_dlc04_faction_dai	3k_main_game_won_cao_cao	202F0D	CDBDBD	ADADAD	463C19	000000
3k_dlc04_faction_dai_separatists	1934021220	3k_main_chinese	unplayable	Daijun Separatists	Daijun Separatists	default		false	false	false	data\ui\flags\3k_main_faction_daijun_separatists	3k_main_military_grouping_han_chinese	0	221	221	You are attacking a Gaoliu Separatist military force!	You are defending against a Gaoliu Separatist military force!	FACTION_CHOSOKABE	500	vo_Empire	default	brt	false			false	default	3k_main_unit_permission_group_han_chinese		LOCKED_STANDARD	flag_3k_dlc04_faction_dai_separatists		3k_main_game_lost_cao_cao	flag_3k_dlc04_faction_dai_separatists	3k_main_game_won_cao_cao	313030	CDBDBD	ADADAD	463C19	000000
3k_dlc04_faction_ding_yuan	988618228	3k_main_chinese	unplayable	Ding Yuan	Ding Yuan	default		false	false	false	data\ui\flags\3k_dlc04_faction_ding_yuan	3k_main_military_grouping_han_chinese	0	221	221	You are attacking a Ding Yuan military force!	You are defending against a Ding Yuan military force!	FACTION_CHOSOKABE	500	vo_Empire	default	brt	false			false	default	3k_main_unit_permission_group_han_chinese		LOCKED_STANDARD	flag_3k_dlc04_faction_ding_yuan		3k_main_game_lost_cao_cao	flag_3k_dlc04_faction_ding_yuan	3k_main_game_won_cao_cao	345B38	5E452E	ADADAD	463C19	000000
3k_dlc04_faction_ding_yuan_separatists	2102575539	3k_main_chinese	unplayable	Ding Yuan Separatists	Ding Yuan Separatists	default		false	false	false	data\ui\flags\3k_dlc04_faction_ding_yuan_separatists	3k_main_military_grouping_han_chinese	0	221	221	You are attacking a Ding Yuan Separatist military force!	You are defending against a Ding Yuan Separatist military force!	FACTION_CHOSOKABE	500	vo_Empire	default	brt	false			false	default	3k_main_unit_permission_group_han_chinese		LOCKED_STANDARD	flag_3k_dlc04_faction_ding_yuan_separatists		3k_main_game_lost_earth	flag_3k_dlc04_faction_ding_yuan_separatists	3k_main_game_won_earth	3F3328	DCC196	ADADAD	3C2314	000000
3k_dlc04_faction_dong	71802202	3k_main_chinese	unplayable	Dong Commandery	Dong Commandery	default		false	false	false	data\ui\flags\3k_main_faction_dongjun	3k_main_military_grouping_han_chinese	0	221	221	You are attacking a Puyang Commandery military force!	You are defending against a Puyang Commandery military force!	FACTION_CHOSOKABE	500	vo_Empire	default	brt	false			false	default	3k_main_unit_permission_group_han_chinese		LOCKED_STANDARD	flag_3k_dlc04_faction_dong		3k_main_game_lost_cao_cao	flag_3k_dlc04_faction_dong	3k_main_game_won_cao_cao	894A3B	CDBDBD	ADADAD	463C19	000000
3k_dlc04_faction_dong_he	1446623000	3k_main_chinese	unplayable	Dong He	Dong He	default		false	false	false	data\ui\flags\3k_dlc04_faction_dong_he	3k_main_military_grouping_han_chinese	0	221	221	You are attacking a Dong He military force!	You are defending against a Dong He military force!	FACTION_CHOSOKABE	500	vo_Empire	default	brt	false			false	default	3k_main_unit_permission_group_han_chinese		LOCKED_STANDARD	flag_3k_dlc04_faction_dong_he		3k_main_game_lost_cao_cao	flag_3k_dlc04_faction_dong_he	3k_main_game_won_cao_cao	BCA75D	CCAC3D	ADADAD	463C19	000000
3k_dlc04_faction_dong_he_separatists	865163588	3k_main_chinese	unplayable	Dong He Separatists	Dong He Separatists	default		false	false	false	data\ui\flags\3k_dlc04_faction_dong_he_separatists	3k_main_military_grouping_han_chinese	0	221	221	You are attacking a Dong He Separatist military force!	You are defending against a Dong He Separatist military force!	FACTION_CHOSOKABE	500	vo_Empire	default	brt	false			false	default	3k_main_unit_permission_group_han_chinese		LOCKED_STANDARD	flag_3k_dlc04_faction_dong_he_separatists		3k_main_game_lost_earth	flag_3k_dlc04_faction_dong_he_separatists	3k_main_game_won_earth	464111	4F57C3	ADADAD	3C2314	000000
3k_dlc04_faction_dong_separatists	1050604044	3k_main_chinese	unplayable	Puyang Separatists	Puyang Separatists	default		false	false	false	data\ui\flags\3k_main_faction_dongjun_separatists	3k_main_military_grouping_han_chinese	0	221	221	You are attacking a Puyang Separatist military force!	You are defending against a Puyang Separatist military force!	FACTION_CHOSOKABE	500	vo_Empire	default	brt	false			false	default	3k_main_unit_permission_group_han_chinese		LOCKED_STANDARD	flag_3k_dlc04_faction_dong_separatists		3k_main_game_lost_cao_cao	flag_3k_dlc04_faction_dong_separatists	3k_main_game_won_cao_cao	9F958B	CDBDBD	ADADAD	463C19	000000
3k_dlc04_faction_empress_he	197691735	3k_main_chinese	playable	Han Dynasty	Han Dynasty	default		false	true	false	data\ui\flags\3k_dlc04_faction_empress_he	3k_main_military_grouping_han_chinese	0	221	221	You are attacking a Han Dynasty military force!	You are defending against a Han Dynasty military force!	FACTION_CHOSOKABE	500	vo_Empire	default	brt	false			false	3k_dlc04_empress_config	3k_dlc04_unit_permission_group_empress_he		LOCKED_STANDARD	flag_3k_dlc04_faction_empress_he	han_dynasty	3k_main_game_lost_earth	flag_3k_dlc04_faction_empress_he	3k_main_game_won_earth	6C1718	A27917	ADADAD	463C19	000000
3k_dlc04_faction_empress_he_separatists	1872839481	3k_main_chinese	unplayable	Han Dynasty Separatists	Han Dynasty Separatists	default		false	false	false	data\ui\flags\3k_dlc04_faction_empress_he_separatists	3k_main_military_grouping_han_chinese	0	221	221	You are attacking a Han Dynasty Separatist military force!	You are defending against a Han Dynasty Separatist military force!	FACTION_CHOSOKABE	500	vo_Empire	default	brt	false			false	default	3k_dlc04_unit_permission_group_empress_he		LOCKED_STANDARD	flag_3k_dlc04_faction_empress_he_separatists		3k_main_game_lost_earth	flag_3k_dlc04_faction_empress_he_separatists	3k_main_game_won_earth	E7EBE1	5D0A0A	ADADAD	3C2314	000000
3k_dlc04_faction_han_fu_separatists	1272650740	3k_main_chinese	unplayable	Han Fu Separatists	Han Fu Separatists	default		false	false	false	data\ui\flags\3k_main_faction_han_separatists	3k_main_military_grouping_han_chinese	0	221	221	You are attacking a Han Fu Separatist military force!	You are defending against a Han Fu Separatist military force!	FACTION_CHOSOKABE	500	vo_Empire	default	brt	false			false	default	3k_main_unit_permission_group_han_chinese		LOCKED_STANDARD	flag_3k_dlc04_faction_han_fu_separatists		3k_main_game_lost_earth	flag_3k_dlc04_faction_han_fu_separatists	3k_main_game_won_earth	4B4849	B91C1A	ADADAD	3C2314	000000
3k_dlc04_faction_liang_rebels	1470033795	3k_main_chinese	playable	Liang Rebels	Liang Rebels	default		false	false	false	data\ui\flags\3k_dlc04_faction_liang_rebels	3k_main_military_grouping_han_chinese	0	221	221	You are attacking a Liang Rebel military force!	You are defending against a Liang Rebel military force!	FACTION_CHOSOKABE	500	vo_Empire	default	brt	false			false	default	3k_main_unit_permission_group_han_chinese		LOCKED_STANDARD	flag_3k_dlc04_faction_liang_rebels		3k_main_game_lost_fire	flag_3k_dlc04_faction_liang_rebels	3k_main_game_won_fire	A0A0A0	404040	ADADAD	463C19	000000
3k_dlc04_faction_liang_rebels_separatists	1456361572	3k_main_chinese	unplayable	Liang Separatists	Liang Separatists	default		false	false	false	data\ui\flags\3k_dlc04_faction_liang_rebels_separatists	3k_main_military_grouping_han_chinese	0	221	221	You are attacking a Liang Separatist military force!	You are defending against a Liang Separatist military force!	FACTION_CHOSOKABE	500	vo_Empire	default	brt	false			false	default	3k_main_unit_permission_group_han_chinese		LOCKED_STANDARD	flag_3k_dlc04_faction_liang_rebels_separatists		3k_main_game_lost_earth	flag_3k_dlc04_faction_liang_rebels_separatists	3k_main_game_won_earth	404040	A0A0A0	ADADAD	3C2314	000000
3k_dlc04_faction_liu_hong	141146512	3k_main_chinese	unplayable	Liu Hong	Liu Hong	default		false	false	false	data\ui\flags\3k_dlc04_faction_liu_hong	3k_main_military_grouping_han_chinese	0	221	221	You are attacking a Liu Hong military force!	You are defending against a Liu Hong military force!	FACTION_CHOSOKABE	500	vo_Empire	default	brt	false			false	default	3k_main_unit_permission_group_han_chinese		LOCKED_STANDARD	flag_3k_dlc04_faction_liu_hong		3k_main_game_lost_cao_cao	flag_3k_dlc04_faction_liu_hong	3k_main_game_won_cao_cao	C2D4D5	EFBB60	ADADAD	463C19	000000
3k_dlc04_faction_liu_hong_separatists	416401919	3k_main_chinese	unplayable	Liu Hong Separatists	Liu Hong Separatists	default		false	false	false	data\ui\flags\3k_dlc04_faction_liu_hong_separatists	3k_main_military_grouping_han_chinese	0	221	221	You are attacking a Liu Hong Separatist military force!	You are defending against a Liu Hong Separatist military force!	FACTION_CHOSOKABE	500	vo_Empire	default	brt	false			false	default	3k_main_unit_permission_group_han_chinese		LOCKED_STANDARD	flag_3k_dlc04_faction_liu_hong_separatists		3k_main_game_lost_earth	flag_3k_dlc04_faction_liu_hong_separatists	3k_main_game_won_earth	2F292A	91E093	ADADAD	3C2314	000000
3k_dlc04_faction_liu_xun	199519422	3k_main_chinese	unplayable	Liu Xun	Liu Xun	default		false	false	false	data\ui\flags\3k_dlc04_faction_liu_xun	3k_main_military_grouping_han_chinese	0	221	221	You are attacking a Liu Xun military force!	You are defending against a Liu Xun military force!	FACTION_CHOSOKABE	500	vo_Empire	default	brt	false			false	default	3k_main_unit_permission_group_han_chinese		LOCKED_STANDARD	flag_3k_dlc04_faction_liu_xun		3k_main_game_lost_cao_cao	flag_3k_dlc04_faction_liu_xun	3k_main_game_won_cao_cao	A03A5E	CC8529	ADADAD	463C19	000000
3k_dlc04_faction_liu_xun_separatists	73259335	3k_main_chinese	unplayable	Liu Xun Separatists	Liu Xun Separatists	default		false	false	false	data\ui\flags\3k_dlc04_faction_liu_xun_separatists	3k_main_military_grouping_han_chinese	0	221	221	You are attacking a Liu Xun Separatist military force!	You are defending against a Liu Xun Separatist military force!	FACTION_CHOSOKABE	500	vo_Empire	default	brt	false			false	default	3k_main_unit_permission_group_han_chinese		LOCKED_STANDARD	flag_3k_dlc04_faction_liu_xun_separatists		3k_main_game_lost_earth	flag_3k_dlc04_faction_liu_xun_separatists	3k_main_game_won_earth	2F292A	9774B7	ADADAD	3C2314	000000
3k_dlc04_faction_lu_kang	506537550	3k_main_chinese	unplayable	Lu Kang	Lu Kang	default		false	false	false	data\ui\flags\3k_dlc04_faction_lu_kang	3k_main_military_grouping_han_chinese	0	221	221	You are attacking a Lu Kang military force!	You are defending against a Lu Kang military force!	FACTION_CHOSOKABE	500	vo_Empire	default	brt	false			false	default	3k_main_unit_permission_group_han_chinese		LOCKED_STANDARD	flag_3k_dlc04_faction_lu_kang		3k_main_game_lost_cao_cao	flag_3k_dlc04_faction_lu_kang	3k_main_game_won_cao_cao	A6D1C8	96C8CF	ADADAD	463C19	000000
3k_dlc04_faction_lu_kang_separatists	1320798004	3k_main_chinese	unplayable	Lu Kang Separatists	Lu Kang Separatists	default		false	false	false	data\ui\flags\3k_dlc04_faction_lu_kang_separatists	3k_main_military_grouping_han_chinese	0	221	221	You are attacking a Lu Kang Separatist military force!	You are defending against a Lu Kang Separatist military force!	FACTION_CHOSOKABE	500	vo_Empire	default	brt	false			false	default	3k_main_unit_permission_group_han_chinese		LOCKED_STANDARD	flag_3k_dlc04_faction_lu_kang_separatists		3k_main_game_lost_earth	flag_3k_dlc04_faction_lu_kang_separatists	3k_main_game_won_earth	775D4A	C48164	ADADAD	3C2314	000000
3k_dlc04_faction_lu_zhi	255723022	3k_main_chinese	playable	Lu Zhi	Lu Zhi	default		false	true	false	data\ui\flags\3k_dlc04_faction_lu_zhi	3k_main_military_grouping_han_chinese	0	221	221	You are attacking a Lu Zhi military force!	You are defending against a Lu Zhi military force!	FACTION_CHOSOKABE	500	vo_Empire	default	brt	false			false	default	3k_dlc04_unit_permission_group_lu_zhi		LOCKED_STANDARD	flag_3k_dlc04_faction_lu_zhi	lu_zhi	3k_main_game_lost_water	flag_3k_dlc04_faction_lu_zhi	3k_main_game_won_water	2C4E86	B3B0A7	ADADAD	463C19	000000
3k_dlc04_faction_lu_zhi_separatists	392986899	3k_main_chinese	unplayable	Lu Zhi Separatists	Lu Zhi Separatists	default		false	false	false	data\ui\flags\3k_dlc04_faction_lu_zhi_separatists	3k_main_military_grouping_han_chinese	0	221	221	You are attacking a Lu Zhi Separatist military force!	You are defending against a Lu Zhi Separatist military force!	FACTION_CHOSOKABE	500	vo_Empire	default	brt	false			false	default	3k_dlc04_unit_permission_group_lu_zhi		LOCKED_STANDARD	flag_3k_dlc04_faction_lu_zhi_separatists		3k_main_game_lost_earth	flag_3k_dlc04_faction_lu_zhi_separatists	3k_main_game_won_earth	CEDCDA	2D4174	ADADAD	3C2314	000000
3k_dlc04_faction_prince_liu_chong	1076724004	3k_main_chinese	playable	Prince Liu Chong	Prince Liu Chong	default		false	true	false	data\ui\flags\3k_dlc04_faction_prince_liu_chong	3k_main_military_grouping_han_chinese	0	221	221	You are attacking a Prince Liu Chong military force!	You are defending against a Prince Liu Chong military force!	FACTION_CHOSOKABE	500	vo_Empire	default	brt	false			false	3k_dlc04_liu_chong_config	3k_dlc04_unit_permission_group_prince_liu_chong		LOCKED_STANDARD	flag_3k_dlc04_faction_prince_liu_chong	liu_chong	3k_main_game_lost_earth_liu_chong	flag_3k_dlc04_faction_prince_liu_chong	3k_main_game_won_earth_liu_chong	F08F10	DEA442	ADADAD	463C19	000000
3k_dlc04_faction_prince_liu_chong_separatists	2063100559	3k_main_chinese	unplayable	Prince Liu Chong Separatists	Prince Liu Chong Separatists	default		false	false	false	data\ui\flags\3k_dlc04_faction_prince_liu_chong_separatists	3k_main_military_grouping_han_chinese	0	221	221	You are attacking a Prince Liu Chong Separatist military force!	You are defending against a Prince Liu Chong Separatist military force!	FACTION_CHOSOKABE	500	vo_Empire	default	brt	false			false	default	3k_dlc04_unit_permission_group_prince_liu_chong		LOCKED_STANDARD	flag_3k_dlc04_faction_prince_liu_chong_separatists		3k_main_game_lost_earth	flag_3k_dlc04_faction_prince_liu_chong_separatists	3k_main_game_won_earth	F1DEB5	50432D	ADADAD	3C2314	000000
3k_dlc04_faction_qiao_mao	806836561	3k_main_chinese	unplayable	Qiao Mao	Qiao Mao	default		false	false	false	data\ui\flags\3k_dlc04_faction_qiao_mao	3k_main_military_grouping_han_chinese	0	221	221	You are attacking a Qiao Mao military force!	You are defending against a Qiao Mao military force!	FACTION_CHOSOKABE	500	vo_Empire	default	brt	false			false	default	3k_main_unit_permission_group_han_chinese		LOCKED_STANDARD	flag_3k_dlc04_faction_qiao_mao		3k_main_game_lost_cao_cao	flag_3k_dlc04_faction_qiao_mao	3k_main_game_won_cao_cao	D1B861	6C68C4	ADADAD	463C19	000000
3k_dlc04_faction_qiao_mao_separatists	1431483133	3k_main_chinese	unplayable	Qiao Mao Separatists	Qiao Mao Separatists	default		false	false	false	data\ui\flags\3k_dlc04_faction_qiao_mao_separatists	3k_main_military_grouping_han_chinese	0	221	221	You are attacking a Qiao Mao Separatist military force!	You are defending against a Qiao Mao Separatist military force!	FACTION_CHOSOKABE	500	vo_Empire	default	brt	false			false	default	3k_main_unit_permission_group_han_chinese		LOCKED_STANDARD	flag_3k_dlc04_faction_qiao_mao_separatists		3k_main_game_lost_earth	flag_3k_dlc04_faction_qiao_mao_separatists	3k_main_game_won_earth	46442A	CDC3DF	ADADAD	3C2314	000000
3k_dlc04_faction_rebels	1974774018	3k_main_chinese	unplayable	Looters	Looters	default		true	false	false	data\ui\flags\3k_main_faction_rebels	3k_main_military_grouping_han_chinese	0	221	221	You are attacking a Rebel military force!	You are defending against a Rebel military force!	FACTION_ODA	500	vo_Empire	default	brt	false			false	3k_dlc04_yellow_turban_config	3k_main_unit_permission_group_han_chinese		LOCKED_STANDARD	flag_3k_dlc04_faction_rebels			flag_3k_dlc04_faction_rebels		625F63	000000	000000	000000	000000
3k_dlc04_faction_wang_rui	1779834996	3k_main_chinese	unplayable	Wang Rui	Wang Rui	default		false	false	false	data\ui\flags\3k_dlc04_faction_wang_rui	3k_main_military_grouping_han_chinese	0	221	221	You are attacking a Wang Rui military force!	You are defending against a Wang Rui military force!	FACTION_CHOSOKABE	500	vo_Empire	default	brt	false			false	default	3k_main_unit_permission_group_han_chinese		LOCKED_STANDARD	flag_3k_dlc04_faction_wang_rui		3k_main_game_lost_earth	flag_3k_dlc04_faction_wang_rui	3k_main_game_won_earth	844227	AEA2DC	ADADAD	5A37A5	000000
3k_dlc04_faction_wang_rui_separatists	919234126	3k_main_chinese	unplayable	Wang Separatists	Wang Rui Separatists	default		false	false	false	data\ui\flags\3k_dlc04_faction_wang_rui_separatists	3k_main_military_grouping_han_chinese	0	221	221	You are attacking a Wang Rui military force!	You are defending against a Wang Rui military force!	FACTION_CHOSOKABE	500	vo_Empire	default	brt	false			false	default	3k_main_unit_permission_group_han_chinese		LOCKED_STANDARD	flag_3k_dlc04_faction_wang_rui_separatists		3k_main_game_lost_earth	flag_3k_dlc04_faction_wang_rui_separatists	3k_main_game_won_earth	46442A	AEA2DC	ADADAD	5A37A5	000000
3k_dlc04_faction_wei	1690343659	3k_main_chinese	unplayable	Wei Commandery	Wei Commandery	default		false	false	false	data\ui\flags\3k_main_faction_weijun	3k_main_military_grouping_han_chinese	0	221	221	You are attacking a Wei Commandery military force!	You are defending against a Wei Commandery military force!	FACTION_CHOSOKABE	500	vo_Empire	default	brt	false			false	default	3k_main_unit_permission_group_han_chinese		LOCKED_STANDARD	flag_3k_dlc04_faction_wei		3k_main_game_lost_cao_cao	flag_3k_dlc04_faction_wei	3k_main_game_won_cao_cao	A19C9F	CDBDBD	ADADAD	463C19	000000
3k_dlc04_faction_wei_separatists	1179918715	3k_main_chinese	unplayable	Wei Separatists	Wei Separatists	default		false	false	false	data\ui\flags\3k_main_faction_weijun_separatists	3k_main_military_grouping_han_chinese	0	221	221	You are attacking a Wei Separatist military force!	You are defending against a Wei Separatist military force!	FACTION_CHOSOKABE	500	vo_Empire	default	brt	false			false	default	3k_main_unit_permission_group_han_chinese		LOCKED_STANDARD	flag_3k_dlc04_faction_wei_separatists		3k_main_game_lost_cao_cao	flag_3k_dlc04_faction_wei_separatists	3k_main_game_won_cao_cao	4C6189	CDBDBD	ADADAD	463C19	000000
3k_dlc04_faction_xin_xuan	2030564830	3k_main_chinese	unplayable	Xin Xuan	Xin Xuan	default		false	false	false	data\ui\flags\3k_dlc04_faction_xin_xuan	3k_main_military_grouping_han_chinese	0	221	221	You are attacking a Xin Xuan military force!	You are defending against a Xin Xuan military force!	FACTION_CHOSOKABE	500	vo_Empire	default	brt	false			false	default	3k_main_unit_permission_group_han_chinese		LOCKED_STANDARD	flag_3k_dlc04_faction_xin_xuan		3k_main_game_lost_cao_cao	flag_3k_dlc04_faction_xin_xuan	3k_main_game_won_cao_cao	A6875B	627D5E	ADADAD	463C19	000000
3k_dlc04_faction_xin_xuan_separatists	2037502634	3k_main_chinese	unplayable	Xin Xuan Separatists	Xin Xuan Separatists	default		false	false	false	data\ui\flags\3k_dlc04_faction_xin_xuan_separatists	3k_main_military_grouping_han_chinese	0	221	221	You are attacking a Xin Xuan Separatist military force!	You are defending against a Xin Xuan Separatist military force!	FACTION_CHOSOKABE	500	vo_Empire	default	brt	false			false	default	3k_main_unit_permission_group_han_chinese		LOCKED_STANDARD	flag_3k_dlc04_faction_xin_xuan_separatists		3k_main_game_lost_earth	flag_3k_dlc04_faction_xin_xuan_separatists	3k_main_game_won_earth	ECEDEC	2F3069	ADADAD	3C2314	000000
3k_dlc04_faction_ying_shao	1447075389	3k_main_chinese	unplayable	Ying Shao	Ying Shao	default		false	false	false	data\ui\flags\3k_dlc04_faction_ying_shao	3k_main_military_grouping_han_chinese	0	221	221	You are attacking a Ying Shao military force!	You are defending against a Ying Shao military force!	FACTION_CHOSOKABE	500	vo_Empire	default	brt	false			false	default	3k_main_unit_permission_group_han_chinese		LOCKED_STANDARD	flag_3k_dlc04_faction_ying_shao		3k_main_game_lost_cao_cao	flag_3k_dlc04_faction_ying_shao	3k_main_game_won_cao_cao	4E4169	5D6B95	ADADAD	463C19	000000
3k_dlc04_faction_ying_shao_separatists	1510891315	3k_main_chinese	unplayable	Ying Shao Separatists	Ying Shao Separatists	default		false	false	false	data\ui\flags\3k_dlc04_faction_ying_shao_separatists	3k_main_military_grouping_han_chinese	0	221	221	You are attacking a Ying Shao Separatist military force!	You are defending against a Ying Shao Separatist military force!	FACTION_CHOSOKABE	500	vo_Empire	default	brt	false			false	default	3k_main_unit_permission_group_han_chinese		LOCKED_STANDARD	flag_3k_dlc04_faction_ying_shao_separatists		3k_main_game_lost_earth	flag_3k_dlc04_faction_ying_shao_separatists	3k_main_game_won_earth	C3C0DF	7FD9B6	ADADAD	3C2314	000000
3k_dlc04_faction_yizhou_island	1047454716	3k_main_chinese	unplayable	Yizhou Commandery	Yizhou Commandery	default		false	false	false	data\ui\flags\3k_dlc04_faction_yizhou_island	3k_main_military_grouping_han_chinese	0	221	221	You are attacking a Yizhou Commandery military force!	You are defending against a Yizhou Commandery military force!	FACTION_CHOSOKABE	500	vo_Empire	default	brt	false			false	default	3k_main_unit_permission_group_han_chinese		LOCKED_STANDARD	flag_3k_dlc04_faction_yizhou_island		3k_main_game_lost_cao_cao	flag_3k_dlc04_faction_yizhou_island	3k_main_game_won_cao_cao	A1978E	CDBDBD	ADADAD	463C19	000000
3k_dlc04_faction_yizhou_island_separatists	366126579	3k_main_chinese	unplayable	Yizhou Separatists	Yizhou Separatists	default		false	false	false	data\ui\flags\3k_dlc04_faction_yizhou_island_separatists	3k_main_military_grouping_han_chinese	0	221	221	You are attacking a Yizhou Separatist military force!	You are defending against a Yizhou Separatist military force!	FACTION_CHOSOKABE	500	vo_Empire	default	brt	false			false	default	3k_main_unit_permission_group_han_chinese		LOCKED_STANDARD	flag_3k_dlc04_faction_yizhou_island_separatists		3k_main_game_lost_cao_cao	flag_3k_dlc04_faction_yizhou_island_separatists	3k_main_game_won_cao_cao	9C7679	CDBDBD	ADADAD	463C19	000000
3k_dlc04_faction_yuan_yi	505056432	3k_main_chinese	unplayable	Yuan Yi	Yuan Yi	default		false	false	false	data\ui\flags\3k_dlc04_faction_yuan_yi	3k_main_military_grouping_han_chinese	0	221	221	You are attacking a Yuan Yi military force!	You are defending against a Yuan Yi military force!	FACTION_CHOSOKABE	500	vo_Empire	default	brt	false			false	default	3k_main_unit_permission_group_han_chinese		LOCKED_STANDARD	flag_3k_dlc04_faction_yuan_yi		3k_main_game_lost_cao_cao	flag_3k_dlc04_faction_yuan_yi	3k_main_game_won_cao_cao	89A79F	999333	ADADAD	463C19	000000
3k_dlc04_faction_yuan_yi_separatists	655615099	3k_main_chinese	unplayable	Yuan Yi Separatists	Yuan Yi Separatists	default		false	false	false	data\ui\flags\3k_dlc04_faction_yuan_yi_separatists	3k_main_military_grouping_han_chinese	0	221	221	You are attacking a Yuan Yi Separatist military force!	You are defending against a Yuan Yi Separatist military force!	FACTION_CHOSOKABE	500	vo_Empire	default	brt	false			false	default	3k_main_unit_permission_group_han_chinese		LOCKED_STANDARD	flag_3k_dlc04_faction_yuan_yi_separatists		3k_main_game_lost_earth	flag_3k_dlc04_faction_yuan_yi_separatists	3k_main_game_won_earth	3F4938	497827	ADADAD	3C2314	000000
3k_dlc04_faction_zhang_bao	1123007124	3k_main_subculture_yellow_turban	playable	Zhang Bao	Zhang Bao	default		false	true	false	data\ui\flags\3k_dlc04_faction_zhang_bao	3k_ytr_military_grouping_yellow_turban	0	221	221	You are attacking a Zhang Bao military force!	You are defending against a Zhang Bao military force!	FACTION_CHOSOKABE	500	vo_Empire	3k_dlc04_yellow_turban_mp_template	brt	false			false	3k_dlc04_yellow_turban_config	3k_dlc04_unit_permission_group_zhang_bao		LOCKED_STANDARD	flag_3k_dlc04_faction_zhang_bao	zhang_bao	3k_main_game_lost_yellow_turbans	flag_3k_dlc04_faction_zhang_bao	3k_main_game_won_yellow_turbans	2D3B6E	464F66	ADADAD	463C19	000000
3k_dlc04_faction_zhang_bao_separatists	1427912706	3k_main_subculture_yellow_turban	unplayable	Zhang Bao Separatists	Zhang Bao Separatists	default		false	false	false	data\ui\flags\3k_dlc04_faction_zhang_bao_separatists	3k_ytr_military_grouping_yellow_turban	0	221	221	You are attacking a Zhang Bao Separatist military force!	You are defending against a Zhang Bao Separatist military force!	FACTION_CHOSOKABE	500	vo_Empire	default	brt	false			false	3k_dlc04_yellow_turban_config	3k_dlc04_unit_permission_group_zhang_bao		LOCKED_STANDARD	flag_3k_dlc04_faction_zhang_bao_separatists		3k_main_game_lost_earth	flag_3k_dlc04_faction_zhang_bao_separatists	3k_main_game_won_earth	2D3B6E	CEAD5E	ADADAD	3C2314	000000
3k_dlc04_faction_zhang_jue	498281358	3k_main_subculture_yellow_turban	playable	Zhang Jue	Zhang Jue	default		false	true	false	data\ui\flags\3k_dlc04_faction_zhang_jue	3k_ytr_military_grouping_yellow_turban	0	221	221	You are attacking a Zhang Jue military force!	You are defending against a Zhang Jue military force!	FACTION_CHOSOKABE	500	vo_Empire	3k_dlc04_yellow_turban_mp_template	brt	false			false	3k_dlc04_yellow_turban_config	3k_dlc04_unit_permission_group_zhang_jue		LOCKED_STANDARD	flag_3k_dlc04_faction_zhang_jue	zhang_jue	3k_main_game_lost_yellow_turbans	flag_3k_dlc04_faction_zhang_jue	3k_main_game_won_yellow_turbans	DCA836	B3AFA3	ADADAD	463C19	000000
3k_dlc04_faction_zhang_jue_separatists	1890604813	3k_main_subculture_yellow_turban	unplayable	Zhang Jue Separatists	Zhang Jue Separatists	default		false	false	false	data\ui\flags\3k_dlc04_faction_zhang_jue_separatists	3k_ytr_military_grouping_yellow_turban	0	221	221	You are attacking a Zhang Jue Separatist military force!	You are defending against a Zhang Jue Separatist military force!	FACTION_CHOSOKABE	500	vo_Empire	default	brt	false			false	3k_dlc04_yellow_turban_config	3k_dlc04_unit_permission_group_zhang_jue		LOCKED_STANDARD	flag_3k_dlc04_faction_zhang_jue_separatists		3k_main_game_lost_earth	flag_3k_dlc04_faction_zhang_jue_separatists	3k_main_game_won_earth	F5EDEA	A69061	ADADAD	3C2314	000000
3k_dlc04_faction_zhang_liang	1592816410	3k_main_subculture_yellow_turban	playable	Zhang Liang	Zhang Liang	default		false	true	false	data\ui\flags\3k_dlc04_faction_zhang_liang	3k_ytr_military_grouping_yellow_turban	0	221	221	You are attacking a Zhang Liang military force!	You are defending against a Zhang Liang military force!	FACTION_CHOSOKABE	500	vo_Empire	3k_dlc04_yellow_turban_mp_template	brt	false			false	3k_dlc04_yellow_turban_config	3k_dlc04_unit_permission_group_zhang_liang		LOCKED_STANDARD	flag_3k_dlc04_faction_zhang_liang	zhang_liang	3k_main_game_lost_yellow_turbans	flag_3k_dlc04_faction_zhang_liang	3k_main_game_won_yellow_turbans	E8E0CF	745D36	ADADAD	463C19	000000
3k_dlc04_faction_zhang_liang_separatists	1808833745	3k_main_subculture_yellow_turban	unplayable	Zhang Liang Separatists	Zhang Liang Separatists	default		false	false	false	data\ui\flags\3k_dlc04_faction_zhang_liang_separatists	3k_ytr_military_grouping_yellow_turban	0	221	221	You are attacking a Zhang Liang Separatist military force!	You are defending against a Zhang Liang Separatist military force!	FACTION_CHOSOKABE	500	vo_Empire	default	brt	false			false	3k_dlc04_yellow_turban_config	3k_dlc04_unit_permission_group_zhang_liang		LOCKED_STANDARD	flag_3k_dlc04_faction_zhang_liang_separatists		3k_main_game_lost_earth	flag_3k_dlc04_faction_zhang_liang_separatists	3k_main_game_won_earth	DA9515	BFB9A7	ADADAD	3C2314	000000
3k_dlc04_faction_zhou_xin	1923160785	3k_main_chinese	unplayable	Zhou Xin	Zhou Xin	default		false	false	false	data\ui\flags\3k_dlc04_faction_zhou_xin	3k_main_military_grouping_han_chinese	0	221	221	You are attacking a Zhou Xin military force!	You are defending against a Zhou Xin military force!	FACTION_CHOSOKABE	500	vo_Empire	default	brt	false			false	default	3k_main_unit_permission_group_han_chinese		LOCKED_STANDARD	flag_3k_dlc04_faction_zhou_xin		3k_main_game_lost_cao_cao	flag_3k_dlc04_faction_zhou_xin	3k_main_game_won_cao_cao	DDC5C7	A9D08E	ADADAD	463C19	000000
3k_dlc04_faction_zhou_xin_separatists	1045672956	3k_main_chinese	unplayable	Zhou Xin Separatists	Zhou Xin Separatists	default		false	false	false	data\ui\flags\3k_dlc04_faction_zhou_xin_separatists	3k_main_military_grouping_han_chinese	0	221	221	You are attacking a Zhou Xin Separatist military force!	You are defending against a Zhou Xin Separatist military force!	FACTION_CHOSOKABE	500	vo_Empire	default	brt	false			false	default	3k_main_unit_permission_group_han_chinese		LOCKED_STANDARD	flag_3k_dlc04_faction_zhou_xin_separatists		3k_main_game_lost_earth	flag_3k_dlc04_faction_zhou_xin_separatists	3k_main_game_won_earth	49191C	EDEDED	ADADAD	3C2314	000000
3k_dlc05_faction_hua_xin	1609698344	3k_main_chinese	unplayable	Hua	Hua Xin	default		false	false	false	data\ui\flags\3k_dlc05_faction_hua_xin	3k_main_military_grouping_han_chinese	0	221	221	-	-	FACTION_CHOSOKABE	500	vo_Empire	default	brt	false			false	default	3k_main_unit_permission_group_han_chinese		LOCKED_STANDARD	flag_3k_dlc05_faction_hua_xin		3k_main_game_lost_earth	flag_3k_dlc05_faction_hua_xin	3k_main_game_won_earth	232945	D0BEA7	A5ADAD	5A37A5	000000
3k_dlc05_faction_hua_xin_separatists	1372009029	3k_main_chinese	unplayable	Hua Xin Separatists	Hua Xin Separatists	default		false	false	false	data\ui\flags\3k_dlc05_faction_hua_xin_separatists	3k_main_military_grouping_han_chinese	0	221	221	-	-	FACTION_CHOSOKABE	500	vo_Empire	default	brt	false			false	default	3k_main_unit_permission_group_han_chinese		LOCKED_STANDARD	flag_3k_dlc05_faction_hua_xin_separatists			flag_3k_dlc05_faction_hua_xin_separatists		ECEDB2	272625	000000	444C29	000000
3k_dlc05_faction_lu_bu_separatists	964571305	3k_main_chinese	unplayable	Lü Bu Separatists	Lü Bu	default		false	false	false	data\ui\flags\3k_dlc05_faction_lu_bu_separatists	3k_main_military_grouping_han_chinese	0	221	221	-	-	FACTION_CHOSOKABE	500	vo_Empire	default	brt	false			false	default	3k_dlc05_permission_group_faction_lu_bu		LOCKED_STANDARD	flag_3k_dlc05_faction_lu_bu_separatists		3k_main_game_won_lu_bu	flag_3k_dlc05_faction_lu_bu_separatists	3k_main_game_won_earth	DFD5B2	B91C1A	ADADAD	3C2314	000000
3k_dlc05_faction_sheng_xian	824915148	3k_main_chinese	unplayable	Sheng Xian	Sheng Xian	default		false	false	false	data\ui\flags\3k_dlc05_faction_sheng_xian	3k_main_military_grouping_han_chinese	0	221	221	-	-	FACTION_CHOSOKABE	500	vo_Empire	default	brt	false			false	default	3k_main_unit_permission_group_han_chinese		LOCKED_STANDARD	flag_3k_dlc05_faction_sheng_xian		3k_main_game_lost_earth	flag_3k_dlc05_faction_sheng_xian	3k_main_game_won_earth	0B4A6D	D0BEA7	A5CC6D	615C22	000000
3k_dlc05_faction_sheng_xian_separatists	501973776	3k_main_chinese	unplayable	Sheng Xian Separatists	Sheng Xian Separatists	default		false	false	false	data\ui\flags\3k_dlc05_faction_sheng_xian_separatists	3k_main_military_grouping_han_chinese	0	221	221	-	-	FACTION_CHOSOKABE	500	vo_Empire	default	brt	false			false	default	3k_main_unit_permission_group_han_chinese		LOCKED_STANDARD	flag_3k_dlc05_faction_sheng_xian_separatists			flag_3k_dlc05_faction_sheng_xian_separatists		ECE9DE	272625	000000	444C29	000000
3k_dlc05_faction_shi_huang	1531794178	3k_main_chinese	unplayable	Shi	Shi Wei	default		false	false	false	data\ui\flags\3k_dlc05_faction_shi_huang	3k_main_military_grouping_han_chinese	0	221	221	-	-	FACTION_CHOSOKABE	500	vo_Empire	default	brt	false			false	default	3k_main_unit_permission_group_han_chinese		LOCKED_STANDARD	flag_3k_dlc05_faction_shi_huang		3k_main_game_lost_earth	flag_3k_dlc05_faction_shi_huang	3k_main_game_won_earth	B58357	B91C1A	ADADAD	3C0A0F	000000
3k_dlc05_faction_shi_huang_separatists	1453917	3k_main_chinese	unplayable	Shi Wei Separatists	Shi Wei Separatists	default		false	false	false	data\ui\flags\3k_dlc05_faction_shi_huang_separatists	3k_main_military_grouping_han_chinese	0	221	221	-	-	FACTION_CHOSOKABE	500	vo_Empire	default	brt	false			false	default	3k_main_unit_permission_group_han_chinese		LOCKED_STANDARD	flag_3k_dlc05_faction_shi_huang_separatists			flag_3k_dlc05_faction_shi_huang_separatists		ECEDEC	272625	000000	444C29	000000
3k_dlc05_faction_shi_wu	923395467	3k_main_chinese	unplayable	Shi	Shi Wu	default		false	false	false	data\ui\flags\3k_dlc05_faction_shi_wu	3k_main_military_grouping_han_chinese	0	221	221	-	-	FACTION_CHOSOKABE	500	vo_Empire	default	brt	false			false	default	3k_main_unit_permission_group_han_chinese		LOCKED_STANDARD	flag_3k_dlc05_faction_shi_wu		3k_main_game_lost_earth	flag_3k_dlc05_faction_shi_wu	3k_main_game_won_earth	DE744F	AE994E	ADADAD	3C2314	000000
3k_dlc05_faction_shi_wu_separatists	109964726	3k_main_chinese	unplayable	Shi Wu Separatists	Shi Wu Separatists	default		false	false	false	data\ui\flags\3k_dlc05_faction_shi_wu_separatists	3k_main_military_grouping_han_chinese	0	221	221	-	-	FACTION_CHOSOKABE	500	vo_Empire	default	brt	false			false	default	3k_main_unit_permission_group_han_chinese		LOCKED_STANDARD	flag_3k_dlc05_faction_shi_wu_separatists			flag_3k_dlc05_faction_shi_wu_separatists		443E3B	272625	000000	444C29	000000
3k_dlc05_faction_shi_yi	506168697	3k_main_chinese	unplayable	Shi	Shi Yi	default		false	false	false	data\ui\flags\3k_dlc05_faction_shi_yi	3k_main_military_grouping_han_chinese	0	221	221	-	-	FACTION_CHOSOKABE	500	vo_Empire	default	brt	false			false	default	3k_main_unit_permission_group_han_chinese		LOCKED_STANDARD	flag_3k_dlc05_faction_shi_yi		3k_main_game_lost_earth	flag_3k_dlc05_faction_shi_yi	3k_main_game_won_earth	692F67	AEA2DC	ADADAD	320A0F	000000
3k_dlc05_faction_shi_yi_separatists	538367725	3k_main_chinese	unplayable	Shi Yi Separatists	Shi Yi Separatists	default		false	false	false	data\ui\flags\3k_dlc05_faction_shi_yi_separatists	3k_main_military_grouping_han_chinese	0	221	221	-	-	FACTION_CHOSOKABE	500	vo_Empire	default	brt	false			false	default	3k_main_unit_permission_group_han_chinese		LOCKED_STANDARD	flag_3k_dlc05_faction_shi_yi_separatists			flag_3k_dlc05_faction_shi_yi_separatists		F5EDEA	272625	000000	444C29	000000
3k_dlc05_faction_sun_ce	1749960623	3k_main_chinese	playable	Wu	Sun Ce	default		false	true	false	data\ui\flags\3k_main_faction_sun_jian	3k_main_military_grouping_han_chinese	0	221	221	-	-	FACTION_CHOSOKABE	500	vo_Empire	default	brt	false			false	default	3k_dlc05_unit_permission_group_sun_ce		LOCKED_STANDARD	flag_3k_main_faction_sun_jian	sun_ce	3k_dlc07_game_lost_sun_ce	flag_3k_main_faction_sun_jian	3k_dlc07_game_won_sun_ce	9B2421	CDBDBD	ADADAD	463C19	000000
3k_dlc05_faction_sun_ce_separatists	1710623783	3k_main_chinese	unplayable	Wu Separatists	Sun Jian Separatists	default		false	false	false	data\ui\flags\3k_main_faction_sun_separatists	3k_main_military_grouping_han_chinese	0	221	221	-	-	FACTION_CHOSOKABE	500	vo_Empire	default	brt	false			false	default	3k_dlc05_unit_permission_group_sun_ce		LOCKED_STANDARD	flag_3k_main_faction_sun_separatists		3k_main_game_lost_earth	flag_3k_main_faction_sun_separatists	3k_main_game_won_earth	735661	B91C1A	ADADAD	3C2314	000000
3k_dlc05_faction_tian_kai	829754190	3k_main_chinese	unplayable	Tian	Tian Kai	default		false	false	false	data\ui\flags\3k_dlc05_faction_tian_kai	3k_main_military_grouping_han_chinese	0	221	221	-	-	FACTION_CHOSOKABE	500	vo_Empire	default	brt	false			false	default	3k_main_unit_permission_group_han_chinese		LOCKED_STANDARD	flag_3k_dlc05_faction_tian_kai		3k_main_game_lost_earth	flag_3k_dlc05_faction_tian_kai	3k_main_game_won_earth	E0D7A7	CDBDBD	ADADAD	463C19	000000
3k_dlc05_faction_tian_kai_separatists	1519117287	3k_main_chinese	unplayable	Tian Kai Separatists	Tian Kai Separatists	default		false	false	false	data\ui\flags\3k_dlc05_faction_tian_kai_separatists	3k_main_military_grouping_han_chinese	0	221	221	-	-	FACTION_CHOSOKABE	500	vo_Empire	default	brt	false			false	default	3k_main_unit_permission_group_han_chinese		LOCKED_STANDARD	flag_3k_dlc05_faction_tian_kai_separatists			flag_3k_dlc05_faction_tian_kai_separatists		503414	272625	000000	444C29	000000
3k_dlc05_faction_white_tiger_yan	273589007	3k_dlc05_subculture_bandits	playable	Eastern Wu	White Tiger Yan	default	bandits	false	true	false	data\ui\flags\3k_dlc05_faction_white_tiger_yan	3k_dlc05_military_grouping_bandits	0	221	221	-	-	FACTION_CHOSOKABE	500	vo_Empire	default	brt	false			false	default	3k_dlc05_permission_group_faction_white_tiger_yan		3k_main_faction_feature_forest_locked_outlaw	flag_3k_dlc05_faction_white_tiger_yan	bandit	3k_main_game_lost_yan_baihu	flag_3k_dlc05_faction_white_tiger_yan	3k_main_game_won_yan_baihu	947EA5	CDBDBD	ADADAD	463C19	000000
3k_dlc05_faction_white_tiger_yan_separatists	132140669	3k_dlc05_subculture_bandits	unplayable	Eastern Wu Separatists	White Tiger Yan	default	bandits	false	false	false	data\ui\flags\3k_dlc05_faction_white_tiger_yan_separatists	3k_dlc05_military_grouping_bandits	0	221	221	-	-	FACTION_CHOSOKABE	500	vo_Empire	default	brt	false			false	default	3k_dlc05_permission_group_faction_white_tiger_yan		3k_main_faction_feature_forest_locked_outlaw	flag_3k_dlc05_faction_white_tiger_yan_separatists		3k_main_game_lost_earth	flag_3k_dlc05_faction_white_tiger_yan_separatists	3k_main_game_won_earth	564B47	B91C1A	ADADAD	3C2314	000000
3k_dlc05_faction_wu_jing	1509093072	3k_main_chinese	unplayable	Northern Wu	Wu Jing	default		false	false	false	data\ui\flags\3k_dlc05_faction_wu_jing	3k_main_military_grouping_han_chinese	0	221	221	-	-	FACTION_CHOSOKABE	500	vo_Empire	default	brt	false			false	default	3k_main_unit_permission_group_han_chinese		LOCKED_STANDARD	flag_3k_dlc05_faction_wu_jing			flag_3k_dlc05_faction_wu_jing		845541	272625	000000	444C29	000000
3k_dlc05_faction_wu_jing_separatists	1153268220	3k_main_chinese	unplayable	Northern Wu Separatists	Wu Jing Separatists	default		false	false	false	data\ui\flags\3k_dlc05_faction_wu_jing_separatists	3k_main_military_grouping_han_chinese	0	221	221	-	-	FACTION_CHOSOKABE	500	vo_Empire	default	brt	false			false	default	3k_main_unit_permission_group_han_chinese		LOCKED_STANDARD	flag_3k_dlc05_faction_wu_jing_separatists			flag_3k_dlc05_faction_wu_jing_separatists		2F292A	272625	000000	444C29	000000
3k_dlc05_faction_xu_gong	897325345	3k_main_chinese	unplayable	Xu	Xu Gong	default		false	false	false	data\ui\flags\3k_dlc05_faction_xu_gong	3k_main_military_grouping_han_chinese	0	221	221	-	-	FACTION_CHOSOKABE	500	vo_Empire	default	brt	false			false	default	3k_main_unit_permission_group_han_chinese		LOCKED_STANDARD	flag_3k_dlc05_faction_xu_gong		3k_main_game_lost_earth	flag_3k_dlc05_faction_xu_gong	3k_main_game_won_earth	61262B	D0BEA7	A5CC6D	615C22	000000
3k_dlc05_faction_xu_gong_separatists	550930896	3k_main_chinese	unplayable	Xu Gong Separatists	Xu Gong Separatists	default		false	false	false	data\ui\flags\3k_dlc05_faction_xu_gong_separatists	3k_main_military_grouping_han_chinese	0	221	221	-	-	FACTION_CHOSOKABE	500	vo_Empire	default	brt	false			false	default	3k_main_unit_permission_group_han_chinese		LOCKED_STANDARD	flag_3k_dlc05_faction_xu_gong_separatists			flag_3k_dlc05_faction_xu_gong_separatists		EAE5DF	272625	000000	444C29	000000
3k_dlc05_faction_xu_zhao	827013874	3k_main_chinese	unplayable	Xu	Xu Zhao	default		false	false	false	data\ui\flags\3k_dlc05_faction_xu_zhao	3k_main_military_grouping_han_chinese	0	221	221	-	-	FACTION_CHOSOKABE	500	vo_Empire	default	brt	false			false	default	3k_main_unit_permission_group_han_chinese		LOCKED_STANDARD	flag_3k_dlc05_faction_xu_zhao		3k_main_game_lost_earth	flag_3k_dlc05_faction_xu_zhao	3k_main_game_won_earth	CEA730	CDBDBD	ADADAD	463C19	000000
3k_dlc05_faction_xu_zhao_separatists	2064513109	3k_main_chinese	unplayable	Xu Zhao Separatists	Xu Zhao Separatists	default		false	false	false	data\ui\flags\3k_dlc05_faction_xu_zhao_separatists	3k_main_military_grouping_han_chinese	0	221	221	-	-	FACTION_CHOSOKABE	500	vo_Empire	default	brt	false			false	default	3k_main_unit_permission_group_han_chinese		LOCKED_STANDARD	flag_3k_dlc05_faction_xu_zhao_separatists			flag_3k_dlc05_faction_xu_zhao_separatists		3B3839	272625	000000	444C29	000000
3k_dlc05_faction_xue_li	2047426971	3k_main_chinese	unplayable	Xue	Xue Li	default		false	false	false	data\ui\flags\3k_dlc05_faction_xue_li	3k_main_military_grouping_han_chinese	0	221	221	-	-	FACTION_CHOSOKABE	500	vo_Empire	default	brt	false			false	default	3k_main_unit_permission_group_han_chinese		LOCKED_STANDARD	flag_3k_dlc05_faction_xue_li		3k_main_game_lost_earth	flag_3k_dlc05_faction_xue_li	3k_main_game_won_earth	5F2F55	458A2F	09C92A	DAAC67	000000
3k_dlc05_faction_xue_li_separatists	705810375	3k_main_chinese	unplayable	Xue Li Separatists	Xue Li Separatists	default		false	false	false	data\ui\flags\3k_dlc05_faction_xue_li_separatists	3k_main_military_grouping_han_chinese	0	221	221	-	-	FACTION_CHOSOKABE	500	vo_Empire	default	brt	false			false	default	3k_main_unit_permission_group_han_chinese		LOCKED_STANDARD	flag_3k_dlc05_faction_xue_li_separatists			flag_3k_dlc05_faction_xue_li_separatists		F5F4F2	272625	000000	444C29	000000
3k_dlc05_faction_yang_feng	482162981	3k_dlc05_subculture_bandits	unplayable	Yang	Yang Feng	default		false	false	false	data\ui\flags\3k_dlc05_faction_yang_feng	3k_dlc05_military_grouping_bandits	0	221	221	-	-	FACTION_CHOSOKABE	500	vo_Empire	default	brt	false			false	default	3k_dlc07_unit_permission_group_generic_bandit		LOCKED_STANDARD	flag_3k_dlc05_faction_yang_feng	bandit	3k_main_game_lost_earth	flag_3k_dlc05_faction_yang_feng	3k_main_game_won_earth	6FAC90	B91C1A	ADADAD	3C2314	000000
3k_dlc05_faction_yang_feng_separatists	547897320	3k_dlc05_subculture_bandits	unplayable	Yang Feng Separatists	Yang Feng Separatists	default		false	false	false	data\ui\flags\3k_dlc05_faction_yang_feng_separatists	3k_dlc05_military_grouping_bandits	0	221	221	-	-	FACTION_CHOSOKABE	500	vo_Empire	default	brt	false			false	default	3k_dlc07_unit_permission_group_generic_bandit		LOCKED_STANDARD	flag_3k_dlc05_faction_yang_feng_separatists			flag_3k_dlc05_faction_yang_feng_separatists		2F292A	272625	000000	444C29	000000
3k_dlc05_faction_yuan_tan	314763925	3k_main_chinese	unplayable	Yuan	Yuan Tan	default		false	false	false	data\ui\flags\3k_dlc05_faction_yuan_tan	3k_main_military_grouping_han_chinese	0	221	221	-	-	FACTION_CHOSOKABE	500	vo_Empire	default	brt	false			false	default	3k_main_unit_permission_group_han_chinese		LOCKED_STANDARD	flag_3k_dlc05_faction_yuan_tan		3k_main_game_lost_earth	flag_3k_dlc05_faction_yuan_tan	3k_main_game_won_earth	CCB275	AEA2DC	ADADAD	5A37A5	000000
3k_dlc05_faction_yuan_tan_separatists	475002340	3k_main_chinese	unplayable	Yuan Tan Separatists	Yuan Tan Separatists	default		false	false	false	data\ui\flags\3k_dlc05_faction_yuan_tan_separatists	3k_main_military_grouping_han_chinese	0	221	221	-	-	FACTION_CHOSOKABE	500	vo_Empire	default	brt	false			false	default	3k_main_unit_permission_group_han_chinese		LOCKED_STANDARD	flag_3k_dlc05_faction_yuan_tan_separatists			flag_3k_dlc05_faction_yuan_tan_separatists		2F292A	272625	000000	444C29	000000
3k_dlc05_faction_zang_ba	598216305	3k_dlc05_subculture_bandits	unplayable	Zang	Zang Ba	default		false	false	false	data\ui\flags\3k_dlc05_faction_zang_ba	3k_dlc05_military_grouping_bandits	0	221	221	-	-	FACTION_CHOSOKABE	500	vo_Empire	default	brt	false			false	default	3k_dlc07_unit_permission_group_generic_bandit		LOCKED_STANDARD	flag_3k_dlc05_faction_zang_ba	bandit	3k_main_game_lost_earth	flag_3k_dlc05_faction_zang_ba	3k_main_game_won_earth	506C51	D0BEA7	A5ADAD	5A37A5	000000
3k_dlc05_faction_zang_ba_separatists	1408759477	3k_dlc05_subculture_bandits	unplayable	Zang Ba Separatists	Zang Ba Separatists	default		false	false	false	data\ui\flags\3k_dlc05_faction_zang_ba_separatists	3k_dlc05_military_grouping_bandits	0	221	221	-	-	FACTION_CHOSOKABE	500	vo_Empire	default	brt	false			false	default	3k_dlc07_unit_permission_group_generic_bandit		LOCKED_STANDARD	flag_3k_dlc05_faction_zang_ba_separatists			flag_3k_dlc05_faction_zang_ba_separatists		EEC91A	272625	000000	444C29	000000
3k_dlc05_faction_zhu_fu	779316395	3k_main_chinese	unplayable	Zhu	Zhu Fu	default		false	false	false	data\ui\flags\3k_dlc05_faction_zhu_fu	3k_main_military_grouping_han_chinese	0	221	221	-	-	FACTION_CHOSOKABE	500	vo_Empire	default	brt	false			false	default	3k_main_unit_permission_group_han_chinese		LOCKED_STANDARD	flag_3k_dlc05_faction_zhu_fu		3k_main_game_lost_earth	flag_3k_dlc05_faction_zhu_fu	3k_main_game_won_earth	7BBFBE	583F77	ADADAD	463C19	000000
3k_dlc05_faction_zhu_fu_separatists	267215035	3k_main_chinese	unplayable	Zhu Fu Separatists	Zhu Fu Separatists	default		false	false	false	data\ui\flags\3k_dlc05_faction_zhu_fu_separatists	3k_main_military_grouping_han_chinese	0	221	221	-	-	FACTION_CHOSOKABE	500	vo_Empire	default	brt	false			false	default	3k_main_unit_permission_group_han_chinese		LOCKED_STANDARD	flag_3k_dlc05_faction_zhu_fu_separatists			flag_3k_dlc05_faction_zhu_fu_separatists		2F292A	272625	000000	444C29	000000
3k_dlc06_faction_jiuzhen	1094408709	3k_main_chinese	unplayable	Jiuzhen	Jiuzhen Commandery	default	nanman	false	false	false	data\ui\flags\3k_dlc06_faction_jiuzhen	3k_main_military_grouping_han_chinese	0	221	221	You are attacking a Jiuzhen Commandery force!	You are defending against a Jiuzhen Commandery force!	FACTION_CHOSOKABE	500	vo_Empire	default	brt	false			false	default	3k_main_unit_permission_group_han_chinese		LOCKED_STANDARD	flag_3k_dlc06_faction_jiuzhen		3k_main_game_lost_earth	flag_3k_dlc06_faction_jiuzhen	3k_main_game_won_earth	795E48	5FDFAF	383A56	E2B7B6	000000
3k_dlc06_faction_jiuzhen_separatists	2091793182	3k_main_chinese	unplayable	Jiuzhen Separatists	Jiuzhen Commandery Separatists	default	nanman	false	false	false	data\ui\flags\3k_dlc06_faction_jiuzhen_separatists	3k_main_military_grouping_han_chinese	0	221	221	You are attacking a Jiuzhen Commandery Separatists force!	You are defending against a Jiuzhen Commandery Separatists force!	FACTION_CHOSOKABE	500	vo_Empire	default	brt	false			false	default	3k_main_unit_permission_group_han_chinese		LOCKED_STANDARD	flag_3k_dlc06_faction_jiuzhen_separatists		3k_main_game_lost_earth	flag_3k_dlc06_faction_jiuzhen_separatists	3k_main_game_won_earth	42634C	07C29E	3E43C8	59CD4E	000000
3k_dlc06_faction_liaodong	1499768402	3k_main_chinese	unplayable	Liaodong	Liaodong	default		false	false	false	data\ui\flags\3k_dlc06_faction_liaodong	3k_main_military_grouping_han_chinese	0	221	221	HIDDEN	HIDDEN	FACTION_CHOSOKABE	500	vo_Empire	default	blk_blockout	false			false	default	3k_main_unit_permission_group_han_chinese		LOCKED_STANDARD	flag_3k_dlc06_faction_liaodong			flag_3k_dlc06_faction_liaodong		0092DB	DB9A00	ADADAD	0092DB	000000
3k_dlc06_faction_liaodong_separatists	729336187	3k_main_chinese	unplayable	Liaodong Separatists	Liaodong Separatists	default		false	false	false	data\ui\flags\3k_dlc06_faction_liaodong_separatists	3k_main_military_grouping_han_chinese	0	221	221	HIDDEN	HIDDEN	FACTION_CHOSOKABE	500	vo_Empire	default	blk_blockout	false			false	default	3k_main_unit_permission_group_han_chinese		LOCKED_STANDARD	flag_3k_dlc06_faction_liaodong_separatists			flag_3k_dlc06_faction_liaodong_separatists		DB9A00	0092DB	ADADAD	DB9A00	000000
3k_dlc06_faction_nanman_ahuinan	340360870	3k_dlc06_subculture_nanman	unplayable	Ahuinan	Ahuinan	default	nanman	false	false	false	data\ui\flags\3k_dlc06_faction_nanman_ahuinan	3k_dlc06_military_grouping_nanman	0	1776442320	1776442320	 	 	FACTION_CHOSOKABE	500	vo_Empire	default_nanman	blk_blockout	false			false	3k_dlc06_nanman_default	3k_dlc06_unit_permission_group_nanman		LOCKED_STANDARD	flag_3k_dlc06_faction_nanman_ahuinan			flag_3k_dlc06_faction_nanman_ahuinan		3A6758	C1782A	000000	000000	000000
3k_dlc06_faction_nanman_ahuinan_separatists	589888589	3k_dlc06_subculture_nanman	unplayable	Ahuinan Separatists	Ahuinan Separatists	default	nanman	false	false	false	data\ui\flags\3k_dlc06_faction_nanman_ahuinan_separatists	3k_dlc06_military_grouping_nanman	0	1776442320	1776442320	 	 	FACTION_CHOSOKABE	500	vo_Empire	default_nanman	blk_blockout	false			false	3k_dlc06_nanman_default	3k_dlc06_unit_permission_group_nanman		LOCKED_STANDARD	flag_3k_dlc06_faction_nanman_ahuinan_separatists			flag_3k_dlc06_faction_nanman_ahuinan_separatists		BD8427	1D664D	000000	000000	000000
3k_dlc06_faction_nanman_dongtuna	398474643	3k_dlc06_subculture_nanman	unplayable	Dongtuna	Dongtuna	default	nanman	false	false	false	data\ui\flags\3k_dlc06_faction_nanman_dongtuna	3k_dlc06_military_grouping_nanman	0	1776442320	1776442320	 	 	FACTION_CHOSOKABE	500	vo_Empire	default_nanman	blk_blockout	false			false	3k_dlc06_nanman_default	3k_dlc06_unit_permission_group_nanman		LOCKED_STANDARD	flag_3k_dlc06_faction_nanman_dongtuna			flag_3k_dlc06_faction_nanman_dongtuna		6DA56F	262DB3	000000	000000	000000
3k_dlc06_faction_nanman_dongtuna_separatists	1394104068	3k_dlc06_subculture_nanman	unplayable	Dongtuna Separatists	Dongtuna Separatists	default	nanman	false	false	false	data\ui\flags\3k_dlc06_faction_nanman_dongtuna_separatists	3k_dlc06_military_grouping_nanman	0	1776442320	1776442320	 	 	FACTION_CHOSOKABE	500	vo_Empire	default_nanman	blk_blockout	false			false	3k_dlc06_nanman_default	3k_dlc06_unit_permission_group_nanman		LOCKED_STANDARD	flag_3k_dlc06_faction_nanman_dongtuna_separatists			flag_3k_dlc06_faction_nanman_dongtuna_separatists		595B7A	40BD6C	000000	000000	000000
3k_dlc06_faction_nanman_jiangyang	754181016	3k_dlc06_subculture_nanman	unplayable	Jiangyang Tribes	Jiangyang Tribes	default	nanman	false	false	false	data\ui\flags\3k_dlc06_faction_nanman_jiangyang	3k_dlc06_military_grouping_nanman	0	1776442320	1776442320	 	 	FACTION_CHOSOKABE	500	vo_Empire	default_nanman	blk_blockout	false			false	3k_dlc06_nanman_default	3k_dlc06_unit_permission_group_nanman		LOCKED_STANDARD	flag_3k_dlc06_faction_nanman_jiangyang			flag_3k_dlc06_faction_nanman_jiangyang		5B1B68	6123A7	000000	000000	000000
3k_dlc06_faction_nanman_jiangyang_separatists	1129391365	3k_dlc06_subculture_nanman	unplayable	Jiangyang Tribes Separatists	Jiangyang Tribes Separatists	default	nanman	false	false	false	data\ui\flags\3k_dlc06_faction_nanman_jiangyang_separatists	3k_dlc06_military_grouping_nanman	0	1776442320	1776442320	 	 	FACTION_CHOSOKABE	500	vo_Empire	default_nanman	blk_blockout	false			false	3k_dlc06_nanman_default	3k_dlc06_unit_permission_group_nanman		LOCKED_STANDARD	flag_3k_dlc06_faction_nanman_jiangyang_separatists			flag_3k_dlc06_faction_nanman_jiangyang_separatists		6A4C76	62B86C	000000	000000	000000
3k_dlc06_faction_nanman_jianning	1888032410	3k_dlc06_subculture_nanman	unplayable	Jianning Tribes	Jianning Tribes	default	nanman	false	false	false	data\ui\flags\3k_dlc06_faction_nanman_jianning	3k_dlc06_military_grouping_nanman	0	1776442320	1776442320	 	 	FACTION_CHOSOKABE	500	vo_Empire	default_nanman	blk_blockout	false			false	3k_dlc06_nanman_default	3k_dlc06_unit_permission_group_nanman		LOCKED_STANDARD	flag_3k_dlc06_faction_nanman_jianning			flag_3k_dlc06_faction_nanman_jianning		58A0B2	C8C8C8	000000	000000	000000
3k_dlc06_faction_nanman_jianning_separatists	755293135	3k_dlc06_subculture_nanman	unplayable	Jianning Tribes Separatists	Jianning Tribes Separatists	default	nanman	false	false	false	data\ui\flags\3k_dlc06_faction_nanman_jianning_separatists	3k_dlc06_military_grouping_nanman	0	1776442320	1776442320	 	 	FACTION_CHOSOKABE	500	vo_Empire	default_nanman	blk_blockout	false			false	3k_dlc06_nanman_default	3k_dlc06_unit_permission_group_nanman		LOCKED_STANDARD	flag_3k_dlc06_faction_nanman_jianning_separatists			flag_3k_dlc06_faction_nanman_jianning_separatists		C8C8C8	3495AD	000000	000000	000000
3k_dlc06_faction_nanman_jiaozhi	587371320	3k_dlc06_subculture_nanman	unplayable	Jiaozhi Tribes	Jiaozhi Tribes	default	nanman	false	false	false	data\ui\flags\3k_dlc06_faction_nanman_jiaozhi	3k_dlc06_military_grouping_nanman	0	1776442320	1776442320	 	 	FACTION_CHOSOKABE	500	vo_Empire	default_nanman	blk_blockout	false			false	3k_dlc06_nanman_default	3k_dlc06_unit_permission_group_nanman		LOCKED_STANDARD	flag_3k_dlc06_faction_nanman_jiaozhi			flag_3k_dlc06_faction_nanman_jiaozhi		4B1814	631913	000000	000000	000000
3k_dlc06_faction_nanman_jiaozhi_separatists	2131245712	3k_dlc06_subculture_nanman	unplayable	Jiaozhi Tribes Separatists	Jiaozhi Tribes Separatists	default	nanman	false	false	false	data\ui\flags\3k_dlc06_faction_nanman_jiaozhi_separatists	3k_dlc06_military_grouping_nanman	0	1776442320	1776442320	 	 	FACTION_CHOSOKABE	500	vo_Empire	default_nanman	blk_blockout	false			false	3k_dlc06_nanman_default	3k_dlc06_unit_permission_group_nanman		LOCKED_STANDARD	flag_3k_dlc06_faction_nanman_jiaozhi_separatists			flag_3k_dlc06_faction_nanman_jiaozhi_separatists		5F2521	58842D	000000	000000	000000
3k_dlc06_faction_nanman_jinhuansanjie	408589746	3k_dlc06_subculture_nanman	unplayable	Jinhuansanjie	Jinhuansanjie	default	nanman	false	false	false	data\ui\flags\3k_dlc06_faction_nanman_jinhuansanjie	3k_dlc06_military_grouping_nanman	0	1776442320	1776442320	 	 	FACTION_CHOSOKABE	500	vo_Empire	default_nanman	blk_blockout	false			false	3k_dlc06_nanman_default	3k_dlc06_unit_permission_group_nanman		LOCKED_STANDARD	flag_3k_dlc06_faction_nanman_jinhuansanjie			flag_3k_dlc06_faction_nanman_jinhuansanjie		817162	323232	000000	000000	000000
3k_dlc06_faction_nanman_jinhuansanjie_separatists	1805323493	3k_dlc06_subculture_nanman	unplayable	Jinhuansanjie Separatists	Jinhuansanjie Separatists	default	nanman	false	false	false	data\ui\flags\3k_dlc06_faction_nanman_jinhuansanjie_separatists	3k_dlc06_military_grouping_nanman	0	1776442320	1776442320	 	 	FACTION_CHOSOKABE	500	vo_Empire	default_nanman	blk_blockout	false			false	3k_dlc06_nanman_default	3k_dlc06_unit_permission_group_nanman		LOCKED_STANDARD	flag_3k_dlc06_faction_nanman_jinhuansanjie_separatists			flag_3k_dlc06_faction_nanman_jinhuansanjie_separatists		323232	817162	000000	000000	000000
3k_dlc06_faction_nanman_king_duosi	1047278075	3k_dlc06_subculture_nanman	unplayable	King Duosi	King Duosi	default	nanman	false	false	false	data\ui\flags\3k_dlc06_faction_nanman_king_duosi	3k_dlc06_military_grouping_nanman	0	1776442320	1776442320	 	 	FACTION_CHOSOKABE	500	vo_Empire	default_nanman	blk_blockout	false			false	3k_dlc06_nanman_default	3k_dlc06_unit_permission_group_nanman		LOCKED_STANDARD	flag_3k_dlc06_faction_nanman_king_duosi			flag_3k_dlc06_faction_nanman_king_duosi		464646	464646	000000	000000	000000
3k_dlc06_faction_nanman_king_duosi_separatists	1963660353	3k_dlc06_subculture_nanman	unplayable	King Duosi Separatists	King Duosi Separatists	default	nanman	false	false	false	data\ui\flags\3k_dlc06_faction_nanman_king_duosi_separatists	3k_dlc06_military_grouping_nanman	0	1776442320	1776442320	 	 	FACTION_CHOSOKABE	500	vo_Empire	default_nanman	blk_blockout	false			false	3k_dlc06_nanman_default	3k_dlc06_unit_permission_group_nanman		LOCKED_STANDARD	flag_3k_dlc06_faction_nanman_king_duosi_separatists			flag_3k_dlc06_faction_nanman_king_duosi_separatists		867F51	867F51	000000	000000	000000
3k_dlc06_faction_nanman_king_meng_huo	1421504100	3k_dlc06_subculture_nanman	playable	Meng Huo	Meng Huo	default	nanman	false	true	false	data\ui\flags\3k_dlc06_faction_nanman_king_meng_huo	3k_dlc06_military_grouping_nanman	0	1776442320	1776442320	 	 	FACTION_CHOSOKABE	500	vo_Empire	default_nanman	blk_blockout	false			false	3k_dlc06_nanman_default	3k_dlc06_unit_permission_group_nanman		LOCKED_STANDARD	flag_3k_dlc06_faction_nanman_king_meng_huo	king_meng_huo	3k_dlc06_game_lost_meng_huo	flag_3k_dlc06_faction_nanman_king_meng_huo	3k_dlc06_game_won_meng_huo	BB8620	980505	000000	000000	000000
3k_dlc06_faction_nanman_king_meng_huo_separatists	107938004	3k_dlc06_subculture_nanman	unplayable	Meng Huo Separatists	Meng Huo Separatists	default	nanman	false	false	false	data\ui\flags\3k_dlc06_faction_nanman_king_meng_huo_separatists	3k_dlc06_military_grouping_nanman	0	1776442320	1776442320	 	 	FACTION_CHOSOKABE	500	vo_Empire	default_nanman	blk_blockout	false			false	3k_dlc06_nanman_default	3k_dlc06_unit_permission_group_nanman		LOCKED_STANDARD	flag_3k_dlc06_faction_nanman_king_meng_huo_separatists			flag_3k_dlc06_faction_nanman_king_meng_huo_separatists		980505	BB8620	000000	000000	000000
3k_dlc06_faction_nanman_king_mulu	785321841	3k_dlc06_subculture_nanman	playable	King Mulu	King Mulu	default	nanman	false	true	false	data\ui\flags\3k_dlc06_faction_nanman_king_mulu	3k_dlc06_military_grouping_nanman	0	1776442320	1776442320	 	 	FACTION_CHOSOKABE	500	vo_Empire	default_nanman	blk_blockout	false			false	3k_dlc06_nanman_default	3k_dlc06_unit_permission_group_nanman		LOCKED_STANDARD	flag_3k_dlc06_faction_nanman_king_mulu	king_mulu	3k_dlc06_game_lost_mulu	flag_3k_dlc06_faction_nanman_king_mulu	3k_dlc06_game_won_mulu	5E6289	C8C8C8	000000	000000	000000
3k_dlc06_faction_nanman_king_mulu_separatists	1875857642	3k_dlc06_subculture_nanman	unplayable	King Mulu Separatists	King Mulu Separatists	default	nanman	false	false	false	data\ui\flags\3k_dlc06_faction_nanman_king_mulu_separatists	3k_dlc06_military_grouping_nanman	0	1776442320	1776442320	 	 	FACTION_CHOSOKABE	500	vo_Empire	default_nanman	blk_blockout	false			false	3k_dlc06_nanman_default	3k_dlc06_unit_permission_group_nanman		LOCKED_STANDARD	flag_3k_dlc06_faction_nanman_king_mulu_separatists			flag_3k_dlc06_faction_nanman_king_mulu_separatists		C8C8C8	8D96BA	000000	000000	000000
3k_dlc06_faction_nanman_king_shamoke	735399806	3k_dlc06_subculture_nanman	playable	King Shamoke	King Shamoke	default	nanman	false	true	false	data\ui\flags\3k_dlc06_faction_nanman_king_shamoke	3k_dlc06_military_grouping_nanman	0	1776442320	1776442320	You are attacking a Shamoke military force!	You are defending against a Shamoke military force!	FACTION_CHOSOKABE	500	vo_Empire	default_nanman	blk_blockout	false			false	3k_dlc06_nanman_default	3k_dlc06_unit_permission_group_nanman		LOCKED_STANDARD	flag_3k_dlc06_faction_nanman_king_shamoke	king_shamoke	3k_dlc06_game_lost_shamoke	flag_3k_dlc06_faction_nanman_king_shamoke	3k_dlc06_game_won_shamoke	635079	A0A0A0	000000	000000	000000
3k_dlc06_faction_nanman_king_shamoke_separatists	94602501	3k_dlc06_subculture_nanman	unplayable	King Shamoke Separatists	King Shamoke Separatists	default	nanman	false	false	false	data\ui\flags\3k_dlc06_faction_nanman_king_shamoke_separatists	3k_dlc06_military_grouping_nanman	0	1776442320	1776442320	You are attacking a Shamoke Separatists military force!	You are defending against a Shamoke Separatists military force!	FACTION_CHOSOKABE	500	vo_Empire	default_nanman	blk_blockout	false			false	3k_dlc06_nanman_default	3k_dlc06_unit_permission_group_nanman		LOCKED_STANDARD	flag_3k_dlc06_faction_nanman_king_shamoke_separatists			flag_3k_dlc06_faction_nanman_king_shamoke_separatists		CDA047	755284	000000	000000	000000
3k_dlc06_faction_nanman_king_wutugu	1251529799	3k_dlc06_subculture_nanman	unplayable	King Wutugu	King Wutugu	default	nanman	false	false	false	data\ui\flags\3k_dlc06_faction_nanman_king_wutugu	3k_dlc06_military_grouping_nanman	0	1776442320	1776442320	 	 	FACTION_CHOSOKABE	500	vo_Empire	default_nanman	blk_blockout	false			false	3k_dlc06_nanman_default	3k_dlc06_unit_permission_group_nanman		LOCKED_STANDARD	flag_3k_dlc06_faction_nanman_king_wutugu			flag_3k_dlc06_faction_nanman_king_wutugu		5B7925	8C300F	000000	000000	000000
3k_dlc06_faction_nanman_king_wutugu_separatists	1352852524	3k_dlc06_subculture_nanman	unplayable	King Wutugu Separatists	King Wutugu Separatists	default	nanman	false	false	false	data\ui\flags\3k_dlc06_faction_nanman_king_wutugu_separatists	3k_dlc06_military_grouping_nanman	0	1776442320	1776442320	 	 	FACTION_CHOSOKABE	500	vo_Empire	default_nanman	blk_blockout	false			false	3k_dlc06_nanman_default	3k_dlc06_unit_permission_group_nanman		LOCKED_STANDARD	flag_3k_dlc06_faction_nanman_king_wutugu_separatists			flag_3k_dlc06_faction_nanman_king_wutugu_separatists		8C300F	5B7925	000000	000000	000000
3k_dlc06_faction_nanman_lady_zhurong	1747574827	3k_dlc06_subculture_nanman	playable	Lady Zhurong	Lady Zhurong	default	nanman	false	true	false	data\ui\flags\3k_dlc06_faction_nanman_lady_zhurong	3k_dlc06_military_grouping_nanman	0	1776442320	1776442320	 	 	FACTION_CHOSOKABE	500	vo_Empire	default_nanman	blk_blockout	false			false	3k_dlc06_nanman_default	3k_dlc06_unit_permission_group_nanman		LOCKED_STANDARD	flag_3k_dlc06_faction_nanman_lady_zhurong	lady_zhurong	3k_dlc06_game_lost_lady_zhurong	flag_3k_dlc06_faction_nanman_lady_zhurong	3k_dlc06_game_won_lady_zhurong	A45114	C69C30	000000	000000	000000
3k_dlc06_faction_nanman_lady_zhurong_separatists	1946587235	3k_dlc06_subculture_nanman	unplayable	Lady Zhurong Separatists	Lady Zhurong Separatists	default	nanman	false	false	false	data\ui\flags\3k_dlc06_faction_nanman_lady_zhurong_separatists	3k_dlc06_military_grouping_nanman	0	1776442320	1776442320	 	 	FACTION_CHOSOKABE	500	vo_Empire	default_nanman	blk_blockout	false			false	3k_dlc06_nanman_default	3k_dlc06_unit_permission_group_nanman		LOCKED_STANDARD	flag_3k_dlc06_faction_nanman_lady_zhurong_separatists			flag_3k_dlc06_faction_nanman_lady_zhurong_separatists		C69C30	A45114	000000	000000	000000
3k_dlc06_faction_nanman_mangyachang	258803338	3k_dlc06_subculture_nanman	unplayable	Mangyachang	Mangyachang	default	nanman	false	false	false	data\ui\flags\3k_dlc06_faction_nanman_mangyachang	3k_dlc06_military_grouping_nanman	0	1776442320	1776442320	 	 	FACTION_CHOSOKABE	500	vo_Empire	default_nanman	blk_blockout	false			false	3k_dlc06_nanman_default	3k_dlc06_unit_permission_group_nanman		LOCKED_STANDARD	flag_3k_dlc06_faction_nanman_mangyachang			flag_3k_dlc06_faction_nanman_mangyachang		7D9359	AF2D0F	000000	000000	000000
3k_dlc06_faction_nanman_mangyachang_separatists	979293267	3k_dlc06_subculture_nanman	unplayable	Mangyachang Separatists	Mangyachang Separatists	default	nanman	false	false	false	data\ui\flags\3k_dlc06_faction_nanman_mangyachang_separatists	3k_dlc06_military_grouping_nanman	0	1776442320	1776442320	 	 	FACTION_CHOSOKABE	500	vo_Empire	default_nanman	blk_blockout	false			false	3k_dlc06_nanman_default	3k_dlc06_unit_permission_group_nanman		LOCKED_STANDARD	flag_3k_dlc06_faction_nanman_mangyachang_separatists			flag_3k_dlc06_faction_nanman_mangyachang_separatists		AF2D0F	56A04E	000000	000000	000000
3k_dlc06_faction_nanman_rebels	1060585205	3k_dlc06_subculture_nanman	unplayable	Nanman Rebels	Nanman Rebels	default	nanman	true	false	false	data\ui\flags\3k_dlc06_faction_nanman_rebels	3k_dlc06_military_grouping_nanman	0	1776442320	1776442320	 	 	FACTION_CHOSOKABE	500	vo_Empire	default_nanman	blk_blockout	false			false	3k_dlc06_nanman_default	3k_dlc06_unit_permission_group_nanman		LOCKED_STANDARD	flag_3k_dlc06_faction_nanman_rebels			flag_3k_dlc06_faction_nanman_rebels		808080	323232	000000	000000	000000
3k_dlc06_faction_nanman_tu_an	932482896	3k_dlc06_subculture_nanman	unplayable	Tu'An	Tu'An	default	nanman	false	false	false	data\ui\flags\3k_dlc06_faction_nanman_tu_an	3k_dlc06_military_grouping_nanman	0	1776442320	1776442320	 	 	FACTION_CHOSOKABE	500	vo_Empire	default_nanman	blk_blockout	false			false	3k_dlc06_nanman_default	3k_dlc06_unit_permission_group_nanman		LOCKED_STANDARD	flag_3k_dlc06_faction_nanman_tu_an			flag_3k_dlc06_faction_nanman_tu_an		996837	A0A0A0	000000	000000	000000
3k_dlc06_faction_nanman_tu_an_separatists	1229535233	3k_dlc06_subculture_nanman	unplayable	Tu'An Separatists	Tu'An Separatists	default	nanman	false	false	false	data\ui\flags\3k_dlc06_faction_nanman_tu_an_separatists	3k_dlc06_military_grouping_nanman	0	1776442320	1776442320	 	 	FACTION_CHOSOKABE	500	vo_Empire	default_nanman	blk_blockout	false			false	3k_dlc06_nanman_default	3k_dlc06_unit_permission_group_nanman		LOCKED_STANDARD	flag_3k_dlc06_faction_nanman_tu_an_separatists			flag_3k_dlc06_faction_nanman_tu_an_separatists		A0A0A0	996837	000000	000000	000000
3k_dlc06_faction_nanman_xi_ni	1044341963	3k_dlc06_subculture_nanman	unplayable	Xi'Ni	Xi'Ni	default	nanman	false	false	false	data\ui\flags\3k_dlc06_faction_nanman_xi_ni	3k_dlc06_military_grouping_nanman	0	1776442320	1776442320	 	 	FACTION_CHOSOKABE	500	vo_Empire	default_nanman	blk_blockout	false			false	3k_dlc06_nanman_default	3k_dlc06_unit_permission_group_nanman		LOCKED_STANDARD	flag_3k_dlc06_faction_nanman_xi_ni			flag_3k_dlc06_faction_nanman_xi_ni		3E2419	543021	000000	000000	000000
3k_dlc06_faction_nanman_xi_ni_separatists	1878988589	3k_dlc06_subculture_nanman	unplayable	Xi'Ni Separatists	Xi'Ni Separatists	default	nanman	false	false	false	data\ui\flags\3k_dlc06_faction_nanman_xi_ni_separatists	3k_dlc06_military_grouping_nanman	0	1776442320	1776442320	 	 	FACTION_CHOSOKABE	500	vo_Empire	default_nanman	blk_blockout	false			false	3k_dlc06_nanman_default	3k_dlc06_unit_permission_group_nanman		LOCKED_STANDARD	flag_3k_dlc06_faction_nanman_xi_ni_separatists			flag_3k_dlc06_faction_nanman_xi_ni_separatists		543021	7D844E	000000	000000	000000
3k_dlc06_faction_nanman_yang_feng	732824427	3k_dlc06_subculture_nanman	unplayable	Yang Feng	Yang Feng	default	nanman	false	false	false	data\ui\flags\3k_dlc06_faction_nanman_yang_feng	3k_dlc06_military_grouping_nanman	0	1776442320	1776442320	 	 	FACTION_CHOSOKABE	500	vo_Empire	default_nanman	blk_blockout	false			false	3k_dlc06_nanman_default	3k_dlc06_unit_permission_group_nanman		LOCKED_STANDARD	flag_3k_dlc06_faction_nanman_yang_feng			flag_3k_dlc06_faction_nanman_yang_feng		6B8833	A0A0A0	000000	000000	000000
3k_dlc06_faction_nanman_yang_feng_separatists	206684368	3k_dlc06_subculture_nanman	unplayable	Yang Feng Separatists	Yang Feng Separatists	default	nanman	false	false	false	data\ui\flags\3k_dlc06_faction_nanman_yang_feng_separatists	3k_dlc06_military_grouping_nanman	0	1776442320	1776442320	 	 	FACTION_CHOSOKABE	500	vo_Empire	default_nanman	blk_blockout	false			false	3k_dlc06_nanman_default	3k_dlc06_unit_permission_group_nanman		LOCKED_STANDARD	flag_3k_dlc06_faction_nanman_yang_feng_separatists			flag_3k_dlc06_faction_nanman_yang_feng_separatists		A0A0A0	84995C	000000	000000	000000
3k_dlc06_faction_nanman_yongchang	918243719	3k_dlc06_subculture_nanman	unplayable	Yongchang Tribes	Yongchang Tribes	default	nanman	false	false	false	data\ui\flags\3k_dlc06_faction_nanman_yongchang	3k_dlc06_military_grouping_nanman	0	1776442320	1776442320	 	 	FACTION_CHOSOKABE	500	vo_Empire	default_nanman	blk_blockout	false			false	3k_dlc06_nanman_default	3k_dlc06_unit_permission_group_nanman		LOCKED_STANDARD	flag_3k_dlc06_faction_nanman_yongchang			flag_3k_dlc06_faction_nanman_yongchang		D8B18C	B05438	000000	000000	000000
3k_dlc06_faction_nanman_yongchang_separatists	2030791724	3k_dlc06_subculture_nanman	unplayable	Yongchang Tribes Separatists	Yongchang Tribes Separatists	default	nanman	false	false	false	data\ui\flags\3k_dlc06_faction_nanman_yongchang_separatists	3k_dlc06_military_grouping_nanman	0	1776442320	1776442320	 	 	FACTION_CHOSOKABE	500	vo_Empire	default_nanman	blk_blockout	false			false	3k_dlc06_nanman_default	3k_dlc06_unit_permission_group_nanman		LOCKED_STANDARD	flag_3k_dlc06_faction_nanman_yongchang_separatists			flag_3k_dlc06_faction_nanman_yongchang_separatists		B05438	D8B18C	000000	000000	000000
3k_dlc06_faction_nanman_yunnan	2098083595	3k_dlc06_subculture_nanman	unplayable	Yunnan Tribes	Yunnan Tribes	default	nanman	false	false	false	data\ui\flags\3k_dlc06_faction_nanman_yunnan	3k_dlc06_military_grouping_nanman	0	1776442320	1776442320	 	 	FACTION_CHOSOKABE	500	vo_Empire	default_nanman	blk_blockout	false			false	3k_dlc06_nanman_default	3k_dlc06_unit_permission_group_nanman		LOCKED_STANDARD	flag_3k_dlc06_faction_nanman_yunnan			flag_3k_dlc06_faction_nanman_yunnan		95C6DC	4263DD	000000	000000	000000
3k_dlc06_faction_nanman_yunnan_separatists	1926366433	3k_dlc06_subculture_nanman	unplayable	Yunnan Tribes Separatists	Yunnan Tribes Separatists	default	nanman	false	false	false	data\ui\flags\3k_dlc06_faction_nanman_yunnan_separatists	3k_dlc06_military_grouping_nanman	0	1776442320	1776442320	 	 	FACTION_CHOSOKABE	500	vo_Empire	default_nanman	blk_blockout	false			false	3k_dlc06_nanman_default	3k_dlc06_unit_permission_group_nanman		LOCKED_STANDARD	flag_3k_dlc06_faction_nanman_yunnan_separatists			flag_3k_dlc06_faction_nanman_yunnan_separatists		445AAB	76BFE1	000000	000000	000000
3k_dlc06_faction_nanman_zangke	481754912	3k_dlc06_subculture_nanman	unplayable	Zangke Tribes	Zangke Tribes	default	nanman	false	false	false	data\ui\flags\3k_dlc06_faction_nanman_zangke	3k_dlc06_military_grouping_nanman	0	1776442320	1776442320	 	 	FACTION_CHOSOKABE	500	vo_Empire	default_nanman	blk_blockout	false			false	3k_dlc06_nanman_default	3k_dlc06_unit_permission_group_nanman		LOCKED_STANDARD	flag_3k_dlc06_faction_nanman_zangke			flag_3k_dlc06_faction_nanman_zangke		966B8E	5160D3	000000	000000	000000
3k_dlc06_faction_nanman_zangke_separatists	1685808567	3k_dlc06_subculture_nanman	unplayable	Zangke Tribes Separatists	Zangke Tribes Separatists	default	nanman	false	false	false	data\ui\flags\3k_dlc06_faction_nanman_zangke_separatists	3k_dlc06_military_grouping_nanman	0	1776442320	1776442320	 	 	FACTION_CHOSOKABE	500	vo_Empire	default_nanman	blk_blockout	false			false	3k_dlc06_nanman_default	3k_dlc06_unit_permission_group_nanman		LOCKED_STANDARD	flag_3k_dlc06_faction_nanman_zangke_separatists			flag_3k_dlc06_faction_nanman_zangke_separatists		4644B2	974EA0	000000	000000	000000
3k_dlc06_faction_xiapi	771623129	3k_main_chinese	unplayable	Xiapi	Xiapi	default		false	false	false	data\ui\flags\3k_dlc06_faction_xiapi	3k_main_military_grouping_han_chinese	0	221	221	HIDDEN	HIDDEN	FACTION_CHOSOKABE	500	vo_Empire	default	blk_blockout	false			false	default	3k_main_unit_permission_group_han_chinese		LOCKED_STANDARD	flag_3k_dlc06_faction_xiapi			flag_3k_dlc06_faction_xiapi		38179C	DBDBDB	ADADAD	38179C	000000
3k_dlc06_faction_xiapi_separatists	420578894	3k_main_chinese	unplayable	Xiapi Separatists	Xiapi Separatists	default		false	false	false	data\ui\flags\3k_dlc06_faction_xiapi_separatists	3k_main_military_grouping_han_chinese	0	221	221	HIDDEN	HIDDEN	FACTION_CHOSOKABE	500	vo_Empire	default	blk_blockout	false			false	default	3k_main_unit_permission_group_han_chinese		LOCKED_STANDARD	flag_3k_dlc06_faction_xiapi_separatists			flag_3k_dlc06_faction_xiapi_separatists		DBDBDB	38179C	ADADAD	DBDBDB	000000
3k_dlc06_faction_yongchang	48314342	3k_main_chinese	unplayable	Yongchang	Yongchang Commandery	default	nanman	false	false	false	data\ui\flags\3k_dlc06_faction_yongchang	3k_main_military_grouping_han_chinese	0	221	221	You are attacking a Yongchang Commandery force!	You are defending against a Yongchang Commandery force!	FACTION_CHOSOKABE	500	vo_Empire	default	brt	false			false	default	3k_main_unit_permission_group_han_chinese		LOCKED_STANDARD	flag_3k_dlc06_faction_yongchang		3k_main_game_lost_earth	flag_3k_dlc06_faction_yongchang	3k_main_game_won_earth	7B5D2B	5FDFAF	383A56	E2B7B6	000000
3k_dlc06_faction_yongchang_separatists	312648600	3k_main_chinese	unplayable	Yongchang Separatists	Yongchang Commandery Separatists	default	nanman	false	false	false	data\ui\flags\3k_dlc06_faction_yongchang_separatists	3k_main_military_grouping_han_chinese	0	221	221	You are attacking a Yongchang Commandery Separatists force!	You are defending against a Yongchang Commandery Separatists force!	FACTION_CHOSOKABE	500	vo_Empire	default	brt	false			false	default	3k_main_unit_permission_group_han_chinese		LOCKED_STANDARD	flag_3k_dlc06_faction_yongchang_separatists		3k_main_game_lost_earth	flag_3k_dlc06_faction_yongchang_separatists	3k_main_game_won_earth	704B4E	07C29E	3E43C8	59CD4E	000000
3k_dlc06_faction_yunnan	1675480605	3k_main_chinese	unplayable	Yunnan	Yunnan Commandery	default	nanman	false	false	false	data\ui\flags\3k_dlc06_faction_yunnan	3k_main_military_grouping_han_chinese	0	221	221	You are attacking a Yunnan Commandery force!	You are defending against a Yunnan Commandery force!	FACTION_CHOSOKABE	500	vo_Empire	default	brt	false			false	default	3k_main_unit_permission_group_han_chinese		LOCKED_STANDARD	flag_3k_dlc06_faction_yunnan		3k_main_game_lost_earth	flag_3k_dlc06_faction_yunnan	3k_main_game_won_earth	5A7F8B	5FDFAF	383A56	E2B7B6	000000
3k_dlc06_faction_yunnan_separatists	1519765474	3k_main_chinese	unplayable	Yunnan Separatists	Yunnan Commandery Separatists	default	nanman	false	false	false	data\ui\flags\3k_dlc06_faction_yunnan_separatists	3k_main_military_grouping_han_chinese	0	221	221	You are attacking a Yunnan Commandery Separatists force!	You are defending against a Yunnan Commandery Separatists force!	FACTION_CHOSOKABE	500	vo_Empire	default	brt	false			false	default	3k_main_unit_permission_group_han_chinese		LOCKED_STANDARD	flag_3k_dlc06_faction_yunnan_separatists		3k_main_game_lost_earth	flag_3k_dlc06_faction_yunnan_separatists	3k_main_game_won_earth	5A7F8B	07C29E	3E43C8	59CD4E	000000
3k_dlc07_faction_chen_deng	433524917	3k_main_chinese	unplayable	Chen Deng	Chen Deng	default		false	false	false	data\ui\flags\3k_dlc07_faction_chen_deng	3k_main_military_grouping_han_chinese	0	221	221	You are attacking a Chen Deng military force!	You are defending against a Chen Deng military force!	FACTION_CHOSOKABE	500	vo_Empire	default	brt	false			false	default	3k_main_unit_permission_group_han_chinese		LOCKED_STANDARD	3k_dlc07_set_unit_flag_chen_deng		3k_main_game_lost_cao_cao	3k_dlc07_set_unit_flag_chen_deng	3k_main_game_won_cao_cao	8984D7	1C16C1	ADADAD	463C19	000000
3k_dlc07_faction_chen_deng_separatists	720306639	3k_main_chinese	unplayable	Chen Deng Separatists	Chen Deng Separatists	default		false	false	false	data\ui\flags\3k_dlc07_faction_chen_deng_separatists	3k_main_military_grouping_han_chinese	0	221	221	You are attacking a Chen Deng Separatist military force!	You are defending against a Chen Deng Separatist military force!	FACTION_CHOSOKABE	500	vo_Empire	default	brt	false			false	default	3k_main_unit_permission_group_han_chinese		LOCKED_STANDARD	3k_dlc07_set_unit_flag_chen_deng_s		3k_main_game_lost_earth	3k_dlc07_set_unit_flag_chen_deng_s	3k_main_game_won_earth	1C16C1	8984D7	ADADAD	3C2314	000000
3k_dlc07_faction_li_shu	1902171882	3k_main_chinese	unplayable	Li Shu	Li Shu	default		false	false	false	data\ui\flags\3k_dlc07_faction_li_shu	3k_main_military_grouping_han_chinese	0	221	221	You are attacking a Li Shu military force!	You are defending against a Li Shu military force!	FACTION_CHOSOKABE	500	vo_Empire	default	brt	false			false	default	3k_main_unit_permission_group_han_chinese		LOCKED_STANDARD	3k_dlc07_set_unit_flag_li_shu		3k_main_game_lost_cao_cao	3k_dlc07_set_unit_flag_li_shu	3k_main_game_won_cao_cao	776D3A	990505	ADADAD	463C19	000000
3k_dlc07_faction_li_shu_separatists	429802979	3k_main_chinese	unplayable	Li Shu Separatists	Li Shu Separatists	default		false	false	false	data\ui\flags\3k_dlc07_faction_li_shu_separatists	3k_main_military_grouping_han_chinese	0	221	221	You are attacking a Li Shu Separatist military force!	You are defending against a Li Shu Separatist military force!	FACTION_CHOSOKABE	500	vo_Empire	default	brt	false			false	default	3k_main_unit_permission_group_han_chinese		LOCKED_STANDARD	3k_dlc07_set_unit_flag_li_shu_s		3k_main_game_lost_earth	3k_dlc07_set_unit_flag_li_shu_s	3k_main_game_won_earth	990505	776D3A	ADADAD	3C2314	000000
3k_dlc07_faction_shanyue_rebels	2084767607	3k_dlc05_subculture_bandits	unplayable	Shanyue Rebels	Shanyue Rebels	default		false	false	false	data\ui\flags\3k_dlc07_faction_shanyue_rebels	3k_dlc05_military_grouping_bandits	0	221	221	You are attacking a Shanyue Rebel military force!	You are defending against a Shanyue Rebel military force!	FACTION_CHOSOKABE	500	vo_Empire	default	brt	false			false	default	3k_dlc07_unit_permission_group_generic_bandit		LOCKED_STANDARD	3k_dlc07_set_unit_flag_shanyue		3k_main_game_lost_fire	3k_dlc07_set_unit_flag_shanyue	3k_main_game_won_fire	DDE3B0	82661E	ADADAD	463C19	000000
3k_dlc07_faction_shanyue_rebels_separatists	1170900789	3k_dlc05_subculture_bandits	unplayable	Shanyue Separatists	Shanyue Separatists	default		false	false	false	data\ui\flags\3k_dlc07_faction_shanyue_rebels_separatists	3k_dlc05_military_grouping_bandits	0	221	221	You are attacking a Shanyue Separatist military force!	You are defending against a Shanyue Separatist military force!	FACTION_CHOSOKABE	500	vo_Empire	default	brt	false			false	default	3k_dlc07_unit_permission_group_generic_bandit		LOCKED_STANDARD	3k_dlc07_set_unit_flag_shanyue_s		3k_main_game_lost_earth	3k_dlc07_set_unit_flag_shanyue_s	3k_main_game_won_earth	82661E	DDE3B0	ADADAD	3C2314	000000
3k_dlc07_faction_shi_hui	2008345588	3k_main_chinese	unplayable	Shi Hui	Shi Hui	default		false	false	false	data\ui\flags\3k_dlc07_faction_shi_hui	3k_main_military_grouping_han_chinese	0	221	221	You are attacking a Shi Hui military force!	You are defending against a Shi Hui military force!	FACTION_CHOSOKABE	500	vo_Empire	default	brt	false			false	default	3k_main_unit_permission_group_han_chinese		LOCKED_STANDARD	3k_dlc07_set_unit_flag_shi_hui		3k_main_game_lost_cao_cao	3k_dlc07_set_unit_flag_shi_hui	3k_main_game_won_cao_cao	287FBC	0A9B14	ADADAD	463C19	000000
3k_dlc07_faction_shi_hui_separatists	1146727085	3k_main_chinese	unplayable	Shi Hui Separatists	Shi Hui Separatists	default		false	false	false	data\ui\flags\3k_dlc07_faction_shi_hui_separatists	3k_main_military_grouping_han_chinese	0	221	221	You are attacking a Shi Hui Separatist military force!	You are defending against a Shi Hui Separatist military force!	FACTION_CHOSOKABE	500	vo_Empire	default	brt	false			false	default	3k_main_unit_permission_group_han_chinese		LOCKED_STANDARD	3k_dlc07_set_unit_flag_shi_hui_s		3k_main_game_lost_earth	3k_dlc07_set_unit_flag_shi_hui_s	3k_main_game_won_earth	0A9B14	287FBC	ADADAD	3C2314	000000
3k_dlc07_faction_yuan_xi	484326893	3k_main_chinese	unplayable	Yuan Xi	Yuan Xi	default		false	false	false	data\ui\flags\3k_dlc07_faction_yuan_xi	3k_main_military_grouping_han_chinese	0	221	221	You are attacking a Yuan Xi military force!	You are defending against a Yuan Xi military force!	FACTION_CHOSOKABE	500	vo_Empire	default	brt	false			false	default	3k_main_unit_permission_group_han_chinese		LOCKED_STANDARD	3k_dlc07_set_unit_flag_yuan_xi		3k_main_game_lost_cao_cao	3k_dlc07_set_unit_flag_yuan_xi	3k_main_game_won_cao_cao	CC9982	B59B14	ADADAD	463C19	000000
3k_dlc07_faction_yuan_xi_separatists	783931511	3k_main_chinese	unplayable	Yuan Xi Separatists	Yuan Xi Separatists	default		false	false	false	data\ui\flags\3k_dlc07_faction_yuan_xi_separatists	3k_main_military_grouping_han_chinese	0	221	221	You are attacking a Yuan Xi Separatist military force!	You are defending against a Yuan Xi Separatist military force!	FACTION_CHOSOKABE	500	vo_Empire	default	brt	false			false	default	3k_main_unit_permission_group_han_chinese		LOCKED_STANDARD	3k_dlc07_set_unit_flag_yuan_xi_s		3k_main_game_lost_earth	3k_dlc07_set_unit_flag_yuan_xi_s	3k_main_game_won_earth	B59B14	CC9982	ADADAD	3C2314	000000
3k_dlc07_faction_zhang_lu	984657501	3k_main_chinese	unplayable	Zhang Lu	Zhang Lu	default		false	false	false	data\ui\flags\3k_main_faction_zhang_lu	3k_main_military_grouping_han_chinese	0	221	221	You are attacking a Zhang Lu military force!	You are defending against a Zhang Lu military force!	FACTION_CHOSOKABE	500	vo_Empire	default	brt	false			false	default	3k_main_unit_permission_group_han_chinese		LOCKED_STANDARD	flag_3k_main_faction_zhang_lu		3k_main_game_lost_cao_cao	flag_3k_main_faction_zhang_lu	3k_main_game_won_cao_cao	9EE5C6	1CA068	ADADAD	463C19	000000
3k_dlc07_faction_zhang_lu_separatists	1359375950	3k_main_chinese	unplayable	Zhang Lu Separatists	Zhang Lu Separatists	default		false	false	false	data\ui\flags\3k_main_faction_zhang_lu_separatists	3k_main_military_grouping_han_chinese	0	221	221	You are attacking a Zhang Lu Separatist military force!	You are defending against a Zhang Lu Separatist military force!	FACTION_CHOSOKABE	500	vo_Empire	default	brt	false			false	default	3k_main_unit_permission_group_han_chinese		LOCKED_STANDARD	flag_3k_main_faction_zhang_lu_s		3k_main_game_lost_earth	flag_3k_main_faction_zhang_lu_s	3k_main_game_won_earth	1CA068	9EE5C6	ADADAD	3C2314	000000
3k_dlc07_faction_zhang_meng	816114137	3k_main_chinese	unplayable	Zhang Meng	Zhang Meng	default		false	false	false	data\ui\flags\3k_dlc07_faction_zhang_meng	3k_main_military_grouping_han_chinese	0	221	221	You are attacking a Zhang Meng military force!	You are defending against a Zhang Meng military force!	FACTION_CHOSOKABE	500	vo_Empire	default	brt	false			false	default	3k_main_unit_permission_group_han_chinese		LOCKED_STANDARD	3k_dlc07_set_unit_flag_zhang_meng		3k_main_game_lost_cao_cao	3k_dlc07_set_unit_flag_zhang_meng	3k_main_game_won_cao_cao	AA8C3D	21B70C	ADADAD	463C19	000000
3k_dlc07_faction_zhang_meng_separatists	969065484	3k_main_chinese	unplayable	Zhang Meng Separatists	Zhang Meng Separatists	default		false	false	false	data\ui\flags\3k_dlc07_faction_zhang_meng_separatists	3k_main_military_grouping_han_chinese	0	221	221	You are attacking a Zhang Meng Separatist military force!	You are defending against a Zhang Meng Separatist military force!	FACTION_CHOSOKABE	500	vo_Empire	default	brt	false			false	default	3k_main_unit_permission_group_han_chinese		LOCKED_STANDARD	3k_dlc07_set_unit_flag_zhang_meng_s		3k_main_game_lost_earth	3k_dlc07_set_unit_flag_zhang_meng_s	3k_main_game_won_earth	21B70C	AA8C3D	ADADAD	3C2314	000000
3k_dlc07_faction_zhang_xiu	704434346	3k_main_chinese	unplayable	Zhang Xiu	Zhang Xiu	default		false	false	false	data\ui\flags\3k_dlc07_faction_zhang_xiu	3k_main_military_grouping_han_chinese	0	221	221	You are attacking a Zhang Xiu military force!	You are defending against a Zhang Xiu military force!	FACTION_CHOSOKABE	500	vo_Empire	default	brt	false			false	default	3k_main_unit_permission_group_han_chinese		LOCKED_STANDARD	3k_dlc07_set_unit_flag_zhang_xiu		3k_main_game_lost_cao_cao	3k_dlc07_set_unit_flag_zhang_xiu	3k_main_game_won_cao_cao	C93636	3A87C9	ADADAD	463C19	000000
3k_dlc07_faction_zhang_xiu_separatists	102366409	3k_main_chinese	unplayable	Zhang Xiu Separatists	Zhang Xiu Separatists	default		false	false	false	data\ui\flags\3k_dlc07_faction_zhang_xiu_separatists	3k_main_military_grouping_han_chinese	0	221	221	You are attacking a Zhang Xiu Separatist military force!	You are defending against a Zhang Xiu Separatist military force!	FACTION_CHOSOKABE	500	vo_Empire	default	brt	false			false	default	3k_main_unit_permission_group_han_chinese		LOCKED_STANDARD	3k_dlc07_set_unit_flag_zhang_xiu_s		3k_main_game_lost_earth	3k_dlc07_set_unit_flag_zhang_xiu_s	3k_main_game_won_earth	3A87C9	C93636	ADADAD	3C2314	000000
3k_main_faction_anding	125250761	3k_main_chinese	unplayable	Anding	Anding Commandery	default		false	false	false	data\ui\flags\3k_main_faction_anding	3k_main_military_grouping_han_chinese	0	221	221	You are attacking an Anding Commandery force!	You are defending against an Anding Commandery force!	FACTION_CHOSOKABE	500	vo_Empire	default	brt	false			false	default	3k_main_unit_permission_group_han_chinese		LOCKED_STANDARD	flag_3k_main_faction_anding		3k_main_game_lost_earth	flag_3k_main_faction_anding	3k_main_game_won_earth	501500	983B22	BA25C8	D3A8F5	DC347A
3k_main_faction_anding_separatists	1603378876	3k_main_chinese	unplayable	Anding Separatists	Anding Separatists	default		false	false	false	data\ui\flags\3k_main_faction_anding_separatists	3k_main_military_grouping_han_chinese	0	221	221	You are attacking an Anding Separatists force!	You are defending against an Anding Separatists force!	FACTION_CHOSOKABE	500	vo_Empire	default	brt	false			false	default	3k_main_unit_permission_group_han_chinese		LOCKED_STANDARD	flag_3k_main_faction_anding_separatists		3k_main_game_lost_earth	flag_3k_main_faction_anding_separatists	3k_main_game_won_earth	10324F	3B2E0B	C39075	503BED	59BCBF
3k_main_faction_anping	709839757	3k_main_chinese	unplayable	Anping	Anping Commandery	default		false	false	false	data\ui\flags\3k_main_faction_anping	3k_main_military_grouping_han_chinese	0	221	221	You are attacking an Anping Commandery force!	You are defending against an Anping Commandery force!	FACTION_CHOSOKABE	500	vo_Empire	default	brt	false			false	default	3k_main_unit_permission_group_han_chinese		LOCKED_STANDARD	flag_3k_main_faction_anping		3k_main_game_lost_earth	flag_3k_main_faction_anping	3k_main_game_won_earth	8B680B	EAD360	ADADAD	7882B4	000000
3k_main_faction_anping_separatists	603607681	3k_main_chinese	unplayable	Anping Separatists	Anping Commandery Separatists	default		false	false	false	data\ui\flags\3k_main_faction_anping_separatists	3k_main_military_grouping_han_chinese	0	221	221	You are attacking an Anping Commandery Separatists force!	You are defending against an Anping Commandery Separatists force!	FACTION_CHOSOKABE	500	vo_Empire	default	brt	false			false	default	3k_main_unit_permission_group_han_chinese		LOCKED_STANDARD	flag_3k_main_faction_anping_separatists		3k_main_game_lost_earth	flag_3k_main_faction_anping_separatists	3k_main_game_won_earth	314157	EAD360	ADADAD	7882B4	000000
3k_main_faction_ba	673506009	3k_main_chinese	unplayable	Ba	Ba Commandery	default		false	false	false	data\ui\flags\3k_main_faction_ba	3k_main_military_grouping_han_chinese	0	221	221	You are attacking a Jiangzhou Commandery force!	You are defending against a Jiangzhou Commandery force!	FACTION_CHOSOKABE	500	vo_Empire	default	brt	false			false	default	3k_main_unit_permission_group_han_chinese		LOCKED_STANDARD	flag_3k_main_faction_ba		3k_main_game_lost_earth	flag_3k_main_faction_ba	3k_main_game_won_earth	226A7B	D6AFA9	7481B1	BF4B27	000000
3k_main_faction_ba_separatists	1990733169	3k_main_chinese	unplayable	Ba Separatists	Ba Commandery Separatists	default		false	false	false	data\ui\flags\3k_main_faction_ba_separatists	3k_main_military_grouping_han_chinese	0	221	221	You are attacking a Jiangzhou Commandery Separatists force!	You are defending against a Jiangzhou Commandery Separatists force!	FACTION_CHOSOKABE	500	vo_Empire	default	brt	false			false	default	3k_main_unit_permission_group_han_chinese		LOCKED_STANDARD	flag_3k_main_faction_ba_separatists		3k_main_game_lost_earth	flag_3k_main_faction_ba_separatists	3k_main_game_won_earth	3F5943	C2B532	9B827D	86A65A	000000
3k_main_faction_badong	2105784765	3k_main_chinese	unplayable	Badong	Badong Commandery	default		false	false	false	data\ui\flags\3k_main_faction_badong	3k_main_military_grouping_han_chinese	0	221	221	You are attacking a Yong'an Commandery force!	You are defending against a Yong'an Commandery force!	FACTION_CHOSOKABE	500	vo_Empire	default	brt	false			false	default	3k_main_unit_permission_group_han_chinese		LOCKED_STANDARD	flag_3k_main_faction_badong		3k_main_game_lost_earth	flag_3k_main_faction_badong	3k_main_game_won_earth	05524F	112731	71D50F	DBC8BD	46428C
3k_main_faction_badong_separatists	382637666	3k_main_chinese	unplayable	Badong Separatists	Badong Separatists	default		false	false	false	data\ui\flags\3k_main_faction_badong_separatists	3k_main_military_grouping_han_chinese	0	221	221	You are attacking a Yong'an Separatists force!	You are defending against a Yong'an Separatists force!	FACTION_CHOSOKABE	500	vo_Empire	default	brt	false			false	default	3k_main_unit_permission_group_han_chinese		LOCKED_STANDARD	flag_3k_main_faction_badong_separatists		3k_main_game_lost_earth	flag_3k_main_faction_badong_separatists	3k_main_game_won_earth	4E1F19	F39C06	7AB680	620D02	F8CBDD
3k_main_faction_baxi	855893101	3k_main_chinese	unplayable	Baxi	Baxi Commandery	default		false	false	false	data\ui\flags\3k_main_faction_baxi	3k_main_military_grouping_han_chinese	0	221	221	You are attacking a Langzhong Commandery force!	You are defending against a Langzhong Commandery force!	FACTION_CHOSOKABE	500	vo_Empire	default	brt	false			false	default	3k_main_unit_permission_group_han_chinese		LOCKED_STANDARD	flag_3k_main_faction_baxi		3k_main_game_lost_earth	flag_3k_main_faction_baxi	3k_main_game_won_earth	541E00	010A6E	396980	4966F6	EE230A
3k_main_faction_baxi_separatists	330698054	3k_main_chinese	unplayable	Baxi Separatists	Baxi Separatists	default		false	false	false	data\ui\flags\3k_main_faction_baxi_separatists	3k_main_military_grouping_han_chinese	0	221	221	You are attacking a Langzhong Separatists force!	You are defending against a Langzhong Separatists force!	FACTION_CHOSOKABE	500	vo_Empire	default	brt	false			false	default	3k_main_unit_permission_group_han_chinese		LOCKED_STANDARD	flag_3k_main_faction_baxi_separatists		3k_main_game_lost_earth	flag_3k_main_faction_baxi_separatists	3k_main_game_won_earth	2F2D2E	03F897	E30B11	E3EA1D	5478B1
3k_main_faction_beihai	197251289	3k_main_chinese	unplayable	Beihai	Beihai Commandery	default		false	false	false	data\ui\flags\3k_main_faction_beihai	3k_main_military_grouping_han_chinese	0	221	221	You are attacking a Beihai Commandery force!	You are defending against a Beihai Commandery force!	FACTION_CHOSOKABE	500	vo_Empire	default	brt	false			false	default	3k_main_unit_permission_group_han_chinese		LOCKED_STANDARD	flag_3k_main_faction_beihai		3k_main_game_lost_earth	flag_3k_main_faction_beihai	3k_main_game_won_earth	948D84	DCBD5F	FC4265	3D4053	000000
3k_main_faction_beihai_separatists	1410595453	3k_main_chinese	unplayable	Beihai Separatists	Beihai Commandery Separatists	default		false	false	false	data\ui\flags\3k_main_faction_beihai_separatists	3k_main_military_grouping_han_chinese	0	221	221	You are attacking a Beihai Commandery Separatists force!	You are defending against a Beihai Commandery Separatists force!	FACTION_CHOSOKABE	500	vo_Empire	default	brt	false			false	default	3k_main_unit_permission_group_han_chinese		LOCKED_STANDARD	flag_3k_main_faction_beihai_separatists		3k_main_game_lost_earth	flag_3k_main_faction_beihai_separatists	3k_main_game_won_earth	755B67	737B42	DFE4A5	45F49D	000000
3k_main_faction_bohai	488085481	3k_main_chinese	unplayable	Bohai	Bohai Commandery	default		false	false	false	data\ui\flags\3k_main_faction_bohai	3k_main_military_grouping_han_chinese	0	221	221	You are attacking a Bohai Commandery force!	You are defending against a Bohai Commandery force!	FACTION_CHOSOKABE	500	vo_Empire	default	brt	false			false	default	3k_main_unit_permission_group_han_chinese		LOCKED_STANDARD	flag_3k_main_faction_bohai		3k_main_game_lost_earth	flag_3k_main_faction_bohai	3k_main_game_won_earth	2F4114	7EBFB0	ACBBFA	C76FE2	9B550C
3k_main_faction_bohai_separatists	1263878348	3k_main_chinese	unplayable	Bohai Separatists	Bohai Separatists	default		false	false	false	data\ui\flags\3k_main_faction_bohai_separatists	3k_main_military_grouping_han_chinese	0	221	221	You are attacking a Bohai Separatists force!	You are defending against a Bohai Separatists force!	FACTION_CHOSOKABE	500	vo_Empire	default	brt	false			false	default	3k_main_unit_permission_group_han_chinese		LOCKED_STANDARD	flag_3k_main_faction_bohai_separatists		3k_main_game_lost_earth	flag_3k_main_faction_bohai_separatists	3k_main_game_won_earth	706D6E	C31AC8	5A0C17	FFDEA4	DDDFF5
3k_main_faction_cai_mao	2041771055	3k_main_chinese	unplayable	Cai	Cai Mao	default		false	false	false	data\ui\flags\3k_main_faction_cai_mao	3k_main_military_grouping_han_chinese	0	221	221	You are attacking a Cai Mao military force!	You are defending against a Cai Mao military force!	FACTION_CHOSOKABE	500	vo_Empire	default	brt	false			false	default	3k_main_unit_permission_group_han_chinese		LOCKED_STANDARD	flag_3k_main_faction_cai_mao		3k_main_game_lost_earth	flag_3k_main_faction_cai_mao	3k_main_game_won_earth	BE698A	AEA2DC	ADADAD	320A0F	000000
3k_main_faction_cai_mao_separatists	625059945	3k_main_chinese	unplayable	Cai Separatists	Cai Mao	default		false	false	false	data\ui\flags\3k_main_faction_cai_mao_separatists	3k_main_military_grouping_han_chinese	0	221	221	You are attacking a Cai Mao Separatists military force!	You are defending against a Cai Mao Separatists military force!	FACTION_CHOSOKABE	500	vo_Empire	default	brt	false			false	default	3k_main_unit_permission_group_han_chinese		LOCKED_STANDARD	flag_3k_main_faction_cai_mao_separatists		3k_main_game_lost_earth	flag_3k_main_faction_cai_mao_separatists	3k_main_game_won_earth	F5EDEA	000000	000000	000000	000000
3k_main_faction_cangwu	347470796	3k_main_chinese	unplayable	Cangwu	Cangwu Commandery	default		false	false	false	data\ui\flags\3k_main_faction_cangwu	3k_main_military_grouping_han_chinese	0	221	221	You are attacking a Cangwu Commandery force!	You are defending against a Cangwu Commandery force!	FACTION_CHOSOKABE	500	vo_Empire	default	brt	false			false	default	3k_main_unit_permission_group_han_chinese		LOCKED_STANDARD	flag_3k_main_faction_cangwu		3k_main_game_lost_earth	flag_3k_main_faction_cangwu	3k_main_game_won_earth	262525	458A2F	09C92A	DAAC67	000000
3k_main_faction_cangwu_separatists	2133845728	3k_main_chinese	unplayable	Cangwu Separatists	Cangwu Commandery Separatists	default		false	false	false	data\ui\flags\3k_main_faction_cangwu_separatists	3k_main_military_grouping_han_chinese	0	221	221	You are attacking a Cangwu Commandery Separatists force!	You are defending against a Cangwu Commandery Separatists force!	FACTION_CHOSOKABE	500	vo_Empire	default	brt	false			false	default	3k_main_unit_permission_group_han_chinese		LOCKED_STANDARD	flag_3k_main_faction_cangwu_separatists		3k_main_game_lost_earth	flag_3k_main_faction_cangwu_separatists	3k_main_game_won_earth	444B28	D0BEA7	A5CC6D	615C22	000000
3k_main_faction_cao_cao	2041770889	3k_main_chinese	playable	Wei	Cao Cao	3k_main_faction_cao_wei		false	true	false	data\ui\flags\3k_main_faction_cao_cao	3k_main_military_grouping_han_chinese	0	221	221	You are attacking a Cao Cao military force!	You are defending against a Cao Cao military force!	FACTION_CHOSOKABE	500	vo_Empire	3k_cao_cao_mp_template	brt	false			false	3k_cao_cao_config	3k_main_unit_permission_group_cao_cao		LOCKED_STANDARD	flag_3k_main_faction_cao_cao	cao_cao	3k_main_game_lost_cao_cao	flag_3k_main_faction_cao_cao	3k_main_game_won_cao_cao	303B75	CDBDBD	ADADAD	303B75	000000
3k_main_faction_cao_separatists	2041770894	3k_main_chinese	unplayable	Wei Separatists	Cao Cao Separatists	default		false	false	false	data\ui\flags\3k_main_faction_cao_separatists	3k_main_military_grouping_han_chinese	0	221	221	You are attacking a Cao Cao Separatist military force!	You are defending against a Cao Cao Separatist military force!	FACTION_CHOSOKABE	500	vo_Empire	default	brt	false			false	default	3k_main_unit_permission_group_cao_cao		LOCKED_STANDARD	flag_3k_main_faction_cao_separatists		3k_main_game_lost_earth	flag_3k_main_faction_cao_separatists	3k_main_game_won_earth	BB9438	B91C1A	ADADAD	3C2314	000000
3k_main_faction_changan	1660446943	3k_main_chinese	unplayable	Jingzhao	Jingzhao Commandery	default		false	false	false	data\ui\flags\3k_main_faction_changan	3k_main_military_grouping_han_chinese	0	221	221	You are attacking a Chang'an Commandery force!	You are defending against a Chang'an Commandery force!	FACTION_CHOSOKABE	500	vo_Empire	default	brt	false			false	default	3k_main_unit_permission_group_han_chinese		LOCKED_STANDARD	flag_3k_main_faction_changan		3k_main_game_lost_earth	flag_3k_main_faction_changan	3k_main_game_won_earth	511907	6914D5	B06D29	31DCCD	09CAFB
3k_main_faction_changan_separatists	1837275315	3k_main_chinese	unplayable	Jingzhao Separatists	Jingzhao Separatists	default		false	false	false	data\ui\flags\3k_main_faction_changan_separatists	3k_main_military_grouping_han_chinese	0	221	221	You are attacking a Chang'an Separatists force!	You are defending against a Chang'an Separatists force!	FACTION_CHOSOKABE	500	vo_Empire	default	brt	false			false	default	3k_main_unit_permission_group_han_chinese		LOCKED_STANDARD	flag_3k_main_faction_changan_separatists		3k_main_game_lost_earth	flag_3k_main_faction_changan_separatists	3k_main_game_won_earth	6F5009	EE57B6	4AB275	CD05A0	5DFD2C
3k_main_faction_changsha	737670873	3k_main_chinese	unplayable	Changsha	Changsha Commandery	default		false	false	false	data\ui\flags\3k_main_faction_changsha	3k_main_military_grouping_han_chinese	0	221	221	You are attacking a Changsha Commandery force!	You are defending against a Changsha Commandery force!	FACTION_CHOSOKABE	500	vo_Empire	default	brt	false			false	default	3k_main_unit_permission_group_han_chinese		LOCKED_STANDARD	flag_3k_main_faction_changsha		3k_main_game_lost_earth	flag_3k_main_faction_changsha	3k_main_game_won_earth	4A5540	55647A	CC3A60	67BB06	000000
3k_main_faction_changsha_separatists	602772841	3k_main_chinese	unplayable	Changsha Separatists	Changsha Commandery Separatists	default		false	false	false	data\ui\flags\3k_main_faction_changsha_separatists	3k_main_military_grouping_han_chinese	0	221	221	You are attacking a Changsha Commandery Separatists force!	You are defending against a Changsha Commandery Separatists force!	FACTION_CHOSOKABE	500	vo_Empire	default	brt	false			false	default	3k_main_unit_permission_group_han_chinese		LOCKED_STANDARD	flag_3k_main_faction_changsha_separatists		3k_main_game_lost_earth	flag_3k_main_faction_changsha_separatists	3k_main_game_won_earth	544937	297577	6F1000	4EA213	000000
3k_main_faction_chen	644959838	3k_main_chinese	unplayable	Chen	Chen Commandery	default		false	false	false	data\ui\flags\3k_main_faction_chen	3k_main_military_grouping_han_chinese	0	221	221	You are attacking a Chen Commandery force!	You are defending against a Chen Commandery force!	FACTION_CHOSOKABE	500	vo_Empire	default	brt	false			false	default	3k_main_unit_permission_group_han_chinese		LOCKED_STANDARD	flag_3k_main_faction_chen		3k_main_game_lost_earth	flag_3k_main_faction_chen	3k_main_game_won_earth	404822	897A69	04301A	E6A9EB	000000
3k_main_faction_chen_separatists	292556136	3k_main_chinese	unplayable	Chen Separatists	Chen Commandery Separatists	default		false	false	false	data\ui\flags\3k_main_faction_chen_separatists	3k_main_military_grouping_han_chinese	0	221	221	You are attacking a Chen Commandery Separatists force!	You are defending against a Chen Commandery Separatists force!	FACTION_CHOSOKABE	500	vo_Empire	default	brt	false			false	default	3k_main_unit_permission_group_han_chinese		LOCKED_STANDARD	flag_3k_main_faction_chen_separatists		3k_main_game_lost_earth	flag_3k_main_faction_chen_separatists	3k_main_game_won_earth	688282	F2CE80	10BC3C	2F9382	000000
3k_main_faction_chengdu	1126950840	3k_main_chinese	unplayable	Shu	Shu Commandery	default		false	false	false	data\ui\flags\3k_main_faction_chengdu	3k_main_military_grouping_han_chinese	0	221	221	You are attacking a Chengdu Commandery force!	You are defending against a Chengdu Commandery force!	FACTION_CHOSOKABE	500	vo_Empire	default	brt	false			false	default	3k_main_unit_permission_group_han_chinese		LOCKED_STANDARD	flag_3k_main_faction_chengdu		3k_main_game_lost_earth	flag_3k_main_faction_chengdu	3k_main_game_won_earth	552000	162833	1491E0	54DC14	DB1D36
3k_main_faction_chengdu_separatists	1793117587	3k_main_chinese	unplayable	Shu Separatists	Shu Separatists	default		false	false	false	data\ui\flags\3k_main_faction_chengdu_separatists	3k_main_military_grouping_han_chinese	0	221	221	You are attacking a Chengdu Separatists force!	You are defending against a Chengdu Separatists force!	FACTION_CHOSOKABE	500	vo_Empire	default	brt	false			false	default	3k_main_unit_permission_group_han_chinese		LOCKED_STANDARD	flag_3k_main_faction_chengdu_separatists		3k_main_game_lost_earth	flag_3k_main_faction_chengdu_separatists	3k_main_game_won_earth	1C2D53	6872E3	FCF039	E38215	3F901C
3k_main_faction_daijun	189285970	3k_main_chinese	unplayable	Daijun	Daijun Commandery	default		false	false	false	data\ui\flags\3k_main_faction_daijun	3k_main_military_grouping_han_chinese	0	221	221	You are attacking a Daijun Commandery force!	You are defending against a Daijun Commandery force!	FACTION_CHOSOKABE	500	vo_Empire	default	brt	false			false	default	3k_main_unit_permission_group_han_chinese		LOCKED_STANDARD	flag_3k_main_faction_daijun		3k_main_game_lost_earth	flag_3k_main_faction_daijun	3k_main_game_won_earth	202F0D	4A0766	34E04B	7A60FC	7DC827
3k_main_faction_daijun_separatists	303415922	3k_main_chinese	unplayable	Daijun Separatists	Daijun Separatists	default		false	false	false	data\ui\flags\3k_main_faction_daijun_separatists	3k_main_military_grouping_han_chinese	0	221	221	You are attacking a Daijun Separatists force!	You are defending against a Daijun Separatists force!	FACTION_CHOSOKABE	500	vo_Empire	default	brt	false			false	default	3k_main_unit_permission_group_han_chinese		LOCKED_STANDARD	flag_3k_main_faction_daijun_separatists		3k_main_game_lost_earth	flag_3k_main_faction_daijun_separatists	3k_main_game_won_earth	313030	998E50	9C7A41	4DAC4D	77AE4D
3k_main_faction_dong_separatists	2041770957	3k_main_chinese	unplayable	Dong Separatists	Dong Zhuo Separatists	default		false	false	false	data\ui\flags\3k_main_faction_dong_separatists	3k_main_military_grouping_han_chinese	0	221	221	You are attacking a Dong Zhuo Separatist military force!	You are defending against a Dong Zhuo Separatist military force!	FACTION_CHOSOKABE	500	vo_Empire	default	brt	false			false	default	3k_main_unit_permission_group_dong_zhuo		LOCKED_STANDARD	flag_3k_main_faction_dong_separatists		3k_main_game_lost_earth	flag_3k_main_faction_dong_separatists	3k_main_game_won_earth	E6E6E6	EAD360	ADADAD	50551E	000000
3k_main_faction_dong_zhuo	2041770923	3k_main_chinese	playable	Dong Zhuo	Dong Zhuo	3k_main_faction_dong_zhuo		false	true	false	data\ui\flags\3k_main_faction_dong_zhuo	3k_main_military_grouping_han_chinese	0	221	221	You are attacking a Dong Zhuo military force!	You are defending against a Dong Zhuo military force!	FACTION_CHOSOKABE	500	vo_Empire	3k_fire_mp_template	brt	false			false	3k_fire_config	3k_main_unit_permission_group_dong_zhuo		LOCKED_STANDARD	flag_3k_main_faction_dong_zhuo	dong_zhuo	3k_main_game_lost_dong_zhuo	flag_3k_main_faction_dong_zhuo	3k_main_game_won_dong_zhuo	272021	A60D0D	ADADAD	5A6E23	000000
3k_main_faction_donghai	22497266	3k_main_chinese	unplayable	Donghai	Donghai Commandery	default		false	false	false	data\ui\flags\3k_main_faction_donghai	3k_main_military_grouping_han_chinese	0	221	221	You are attacking a Donghai Commandery force!	You are defending against a Donghai Commandery force!	FACTION_CHOSOKABE	500	vo_Empire	default	brt	false			false	default	3k_main_unit_permission_group_han_chinese		LOCKED_STANDARD	flag_3k_main_faction_donghai		3k_main_game_lost_earth	flag_3k_main_faction_donghai	3k_main_game_won_earth	4F643B	0DEC59	C8845E	5B7BEC	000000
3k_main_faction_donghai_separatists	1048698149	3k_main_chinese	unplayable	Donghai Separatists	Donghai Commandery Separatists	default		false	false	false	data\ui\flags\3k_main_faction_donghai_separatists	3k_main_military_grouping_han_chinese	0	221	221	You are attacking a Donghai Commandery Separatists force!	You are defending against a Donghai Commandery Separatists force!	FACTION_CHOSOKABE	500	vo_Empire	default	brt	false			false	default	3k_main_unit_permission_group_han_chinese		LOCKED_STANDARD	flag_3k_main_faction_donghai_separatists		3k_main_game_lost_earth	flag_3k_main_faction_donghai_separatists	3k_main_game_won_earth	283E5D	0C0C06	C5EEB3	5E2CCB	000000
3k_main_faction_dongjun	1274230808	3k_main_chinese	unplayable	Dongjun	Dongjun Commandery	default		false	false	false	data\ui\flags\3k_main_faction_dongjun	3k_main_military_grouping_han_chinese	0	221	221	You are attacking a Dongjun Commandery force!	You are defending against a Dongjun Commandery force!	FACTION_CHOSOKABE	500	vo_Empire	default	brt	false			false	default	3k_main_unit_permission_group_han_chinese		LOCKED_STANDARD	flag_3k_main_faction_dongjun		3k_main_game_lost_earth	flag_3k_main_faction_dongjun	3k_main_game_won_earth	894A3B	B5B00A	966255	E2137F	A2A66F
3k_main_faction_dongjun_separatists	2052644283	3k_main_chinese	unplayable	Dongjun Separatists	Dongjun Separatists	default		false	false	false	data\ui\flags\3k_main_faction_dongjun_separatists	3k_main_military_grouping_han_chinese	0	221	221	You are attacking a Dongjun Separatists force!	You are defending against a Dongjun Separatists force!	FACTION_CHOSOKABE	500	vo_Empire	default	brt	false			false	default	3k_main_unit_permission_group_han_chinese		LOCKED_STANDARD	flag_3k_main_faction_dongjun_separatists		3k_main_game_lost_earth	flag_3k_main_faction_dongjun_separatists	3k_main_game_won_earth	9F958B	F20893	247085	DC8174	E1DEC1
3k_main_faction_donglai	676847747	3k_main_chinese	unplayable	Donglai	Donglai Commandery	default		false	false	false	data\ui\flags\3k_main_faction_donglai	3k_main_military_grouping_han_chinese	0	221	221	You are attacking a Donglai Commandery force!	You are defending against a Donglai Commandery force!	FACTION_CHOSOKABE	500	vo_Empire	default	brt	false			false	default	3k_main_unit_permission_group_han_chinese		LOCKED_STANDARD	flag_3k_main_faction_donglai		3k_main_game_lost_earth	flag_3k_main_faction_donglai	3k_main_game_won_earth	685C3E	774BFB	729D9F	E30C05	000000
3k_main_faction_donglai_separatists	122867067	3k_main_chinese	unplayable	Donglai Separatists	Donglai Commandery Separatists	default		false	false	false	data\ui\flags\3k_main_faction_donglai_separatists	3k_main_military_grouping_han_chinese	0	221	221	You are attacking a Donglai Commandery Separatists force!	You are defending against a Donglai Commandery Separatists force!	FACTION_CHOSOKABE	500	vo_Empire	default	brt	false			false	default	3k_main_unit_permission_group_han_chinese		LOCKED_STANDARD	flag_3k_main_faction_donglai_separatists		3k_main_game_lost_earth	flag_3k_main_faction_donglai_separatists	3k_main_game_won_earth	572F1C	FCCD40	7F46EF	1FAA9F	000000
3k_main_faction_dongou	1759394423	3k_main_chinese	unplayable	Linhai	Linhai Commandery	default		false	false	false	data\ui\flags\3k_main_faction_dongou	3k_main_military_grouping_han_chinese	0	221	221	You are attacking a Dongou Commandery force!	You are defending against a Dongou Commandery force!	FACTION_CHOSOKABE	500	vo_Empire	default	brt	false			false	default	3k_main_unit_permission_group_han_chinese		LOCKED_STANDARD	flag_3k_main_faction_dongou		3k_main_game_lost_earth	flag_3k_main_faction_dongou	3k_main_game_won_earth	42403B	CD3C54	C3A441	E989CF	158F12
3k_main_faction_dongou_separatists	1175367849	3k_main_chinese	unplayable	Linhai Separatists	Linhai Separatists	default		false	false	false	data\ui\flags\3k_main_faction_dongou_separatists	3k_main_military_grouping_han_chinese	0	221	221	You are attacking a Dongou Separatists force!	You are defending against a Dongou Separatists force!	FACTION_CHOSOKABE	500	vo_Empire	default	brt	false			false	default	3k_main_unit_permission_group_han_chinese		LOCKED_STANDARD	flag_3k_main_faction_dongou_separatists		3k_main_game_lost_earth	flag_3k_main_faction_dongou_separatists	3k_main_game_won_earth	561E19	33DCB1	978642	ACC560	D11709
3k_main_faction_fuling	989707619	3k_main_chinese	unplayable	Fuling	Fuling Commandery	default		false	false	false	data\ui\flags\3k_main_faction_fuling	3k_main_military_grouping_han_chinese	0	221	221	You are attacking a Fuling Commandery force!	You are defending against a Fuling Commandery force!	FACTION_CHOSOKABE	500	vo_Empire	default	brt	false			false	default	3k_main_unit_permission_group_han_chinese		LOCKED_STANDARD	flag_3k_main_faction_fuling		3k_main_game_lost_earth	flag_3k_main_faction_fuling	3k_main_game_won_earth	484B76	FAF5F0	C5FC2D	D59161	000000
3k_main_faction_fuling_separatists	542892514	3k_main_chinese	unplayable	Fuling Separatists	Fuling Commandery Separatists	default		false	false	false	data\ui\flags\3k_main_faction_fuling_separatists	3k_main_military_grouping_han_chinese	0	221	221	You are attacking a Fuling Commandery Separatists force!	You are defending against a Fuling Commandery Separatists force!	FACTION_CHOSOKABE	500	vo_Empire	default	brt	false			false	default	3k_main_unit_permission_group_han_chinese		LOCKED_STANDARD	flag_3k_main_faction_fuling_separatists		3k_main_game_lost_earth	flag_3k_main_faction_fuling_separatists	3k_main_game_won_earth	5E5C54	C1A97C	0EF851	ECE854	000000
3k_main_faction_gao_gan	2041771085	3k_main_chinese	unplayable	Bing	Gao Gan	default		false	false	false	data\ui\flags\3k_main_faction_gao_gan	3k_main_military_grouping_han_chinese	0	221	221	You are attacking a Gao Gan military force!	You are defending against a Gao Gan military force!	FACTION_CHOSOKABE	500	vo_Empire	default	brt	false			false	default	3k_main_unit_permission_group_han_chinese		LOCKED_STANDARD	flag_3k_main_faction_gao_gan		3k_main_game_lost_earth	flag_3k_main_faction_gao_gan	3k_main_game_won_earth	6E525A	967832	ADADAD	648728	000000
3k_main_faction_gao_gan_separatists	1627993538	3k_main_chinese	unplayable	Bing Separatists	Gao Gan Separatists	default		false	false	false	data\ui\flags\3k_main_faction_gao_gan_separatists	3k_main_military_grouping_han_chinese	0	221	221	You are attacking a Gao Gan military force!	You are defending against a Gao Gan military force!	FACTION_CHOSOKABE	500	vo_Empire	default	brt	false			false	default	3k_main_unit_permission_group_han_chinese		LOCKED_STANDARD	flag_3k_main_faction_gao_gan_separatists		3k_main_game_lost_earth	flag_3k_main_faction_gao_gan_separatists	3k_main_game_won_earth	722528	967832	ADADAD	648728	000000
3k_main_faction_gaoliang	1467512433	3k_main_chinese	unplayable	Gaoliang	Gaoliang Commandery	default		false	false	false	data\ui\flags\3k_main_faction_gaoliang	3k_main_military_grouping_han_chinese	0	221	221	You are attacking a Gaoliang Commandery force!	You are defending against a Gaoliang Commandery force!	FACTION_CHOSOKABE	500	vo_Empire	default	brt	false			false	default	3k_main_unit_permission_group_han_chinese		LOCKED_STANDARD	flag_3k_main_faction_gaoliang		3k_main_game_lost_earth	flag_3k_main_faction_gaoliang	3k_main_game_won_earth	3B1F47	54F285	5D621C	54238B	2478DB
3k_main_faction_gaoliang_separatists	723318498	3k_main_chinese	unplayable	Gaoliang Separatists	Gaoliang Separatists	default		false	false	false	data\ui\flags\3k_main_faction_gaoliang_separatists	3k_main_military_grouping_han_chinese	0	221	221	You are attacking a Gaoliang Separatists force!	You are defending against a Gaoliang Separatists force!	FACTION_CHOSOKABE	500	vo_Empire	default	brt	false			false	default	3k_main_unit_permission_group_han_chinese		LOCKED_STANDARD	flag_3k_main_faction_gaoliang_separatists		3k_main_game_lost_earth	flag_3k_main_faction_gaoliang_separatists	3k_main_game_won_earth	22304F	748DF9	D0C854	976D90	3A49EB
3k_main_faction_gongsun_du	2041770980	3k_main_chinese	unplayable	Guzhu	Gongsun Du	default		false	false	false	data\ui\flags\3k_main_faction_gongsun_du	3k_main_military_grouping_han_chinese	0	221	221	You are attacking a Gongsun Du military force!	You are defending against a Gongsun Du military force!	FACTION_CHOSOKABE	500	vo_Empire	default	brt	false			false	default	3k_main_unit_permission_group_han_chinese		LOCKED_STANDARD	flag_3k_main_faction_gongsun_du		3k_main_game_lost_earth	flag_3k_main_faction_gongsun_du	3k_main_game_won_earth	6B5B6D	967832	ADADAD	6EA02D	000000
3k_main_faction_gongsun_du_separatists	1134999843	3k_main_chinese	unplayable	Guzhu Separatists	Gongsun Du Separatists	default		false	false	false	data\ui\flags\3k_main_faction_gongsun_du_separatists	3k_main_military_grouping_han_chinese	0	221	221	You are attacking a Gongsun Zan Separatist military force!	You are defending against a Gongsun Zan Separatist military force!	FACTION_CHOSOKABE	500	vo_Empire	default	brt	false			false	default	3k_main_unit_permission_group_han_chinese		LOCKED_STANDARD	flag_3k_main_faction_gongsun_du_separatists		3k_main_game_lost_earth	flag_3k_main_faction_gongsun_du_separatists	3k_main_game_won_earth	B1B0B5	967832	ADADAD	78B932	000000
3k_main_faction_gongsun_separatists	2041770963	3k_main_chinese	unplayable	Yan Separatists	Gongsun Zan Separatists	default		false	false	false	data\ui\flags\3k_main_faction_gongsun_separatists	3k_main_military_grouping_han_chinese	0	221	221	You are attacking a Gongsun Zan Separatist military force!	You are defending against a Gongsun Zan Separatist military force!	FACTION_CHOSOKABE	500	vo_Empire	default	brt	false			false	default	3k_main_unit_permission_group_gongsun_zan		LOCKED_STANDARD	flag_3k_main_faction_gongsun_separatists		3k_main_game_lost_earth	flag_3k_main_faction_gongsun_separatists	3k_main_game_won_earth	F1E1E1	A4171B	ADADAD	78B932	000000
3k_main_faction_gongsun_zan	2041770930	3k_main_chinese	playable	Yan	Gongsun Zan	3k_main_faction_gongsun_zan		false	true	false	data\ui\flags\3k_main_faction_gongsun_zan	3k_main_military_grouping_han_chinese	0	221	221	You are attacking a Gongsun Zan military force!	You are defending against a Gongsun Zan military force!	FACTION_CHOSOKABE	500	vo_Empire	3k_fire_mp_template	brt	false			false	3k_fire_config	3k_main_unit_permission_group_gongsun_zan		LOCKED_STANDARD	flag_3k_main_faction_gongsun_zan	gongsun_zan	3k_main_game_lost_gongsun_zan	flag_3k_main_faction_gongsun_zan	3k_main_game_won_gongsun_zan	F1E1E1	323232	ADADAD	82D237	000000
3k_main_faction_guangling	517176949	3k_main_chinese	unplayable	Guangling	Guangling Commandery	default		false	false	false	data\ui\flags\3k_main_faction_guangling	3k_main_military_grouping_han_chinese	0	221	221	You are attacking a Huaiyin Commandery force!	You are defending against a Huaiyin Commandery force!	FACTION_CHOSOKABE	500	vo_Empire	default	brt	false			false	default	3k_main_unit_permission_group_han_chinese		LOCKED_STANDARD	flag_3k_main_faction_guangling		3k_main_game_lost_earth	flag_3k_main_faction_guangling	3k_main_game_won_earth	42704C	2A002D	075A46	F867A2	000000
3k_main_faction_guangling_separatists	1238101282	3k_main_chinese	unplayable	Guangling Separatists	Guangling Commandery Separatists	default		false	false	false	data\ui\flags\3k_main_faction_guangling_separatists	3k_main_military_grouping_han_chinese	0	221	221	You are attacking a Huaiyin Commandery Separatists force!	You are defending against a Huaiyin Commandery Separatists force!	FACTION_CHOSOKABE	500	vo_Empire	default	brt	false			false	default	3k_main_unit_permission_group_han_chinese		LOCKED_STANDARD	flag_3k_main_faction_guangling_separatists		3k_main_game_lost_earth	flag_3k_main_faction_guangling_separatists	3k_main_game_won_earth	3E4A51	5E8DC1	2A4428	3D1BD4	000000
3k_main_faction_han_empire	2041771087	3k_main_chinese	unplayable	Han Empire	Han Empire	default		false	false	false	data\ui\flags\3k_main_faction_han_empire	3k_main_military_grouping_han_chinese	0	221	221	You are attacking a Han Empire military force!	You are defending against a Han Empire military force!	FACTION_CHOSOKABE	500	vo_Empire	default	brt	false			false	default	3k_main_unit_permission_group_han_chinese		LOCKED_STANDARD	flag_3k_main_faction_han_empire		3k_main_game_lost_earth	flag_3k_main_faction_han_empire	3k_main_game_won_earth	953B29	EAD360	ADADAD	AA4B4B	000000
3k_main_faction_han_empire_separatists	1805853456	3k_main_chinese	unplayable	Han Empire Separatists	Han Empire	default		false	false	false	data\ui\flags\3k_main_faction_han_empire_separatists	3k_main_military_grouping_han_chinese	0	221	221	You are attacking a Han Empire military force!	You are defending against a Han Empire military force!	FACTION_CHOSOKABE	500	vo_Empire	default	brt	false			false	default	3k_main_unit_permission_group_han_chinese		LOCKED_STANDARD	flag_3k_main_faction_han_empire_separatists		3k_main_game_lost_earth	flag_3k_main_faction_han_empire_separatists	3k_main_game_won_earth	EAE5DF	EAD360	ADADAD	AA4B4B	000000
3k_main_faction_han_fu	2041770994	3k_main_chinese	unplayable	Nie	Han Fu	default		false	false	false	data\ui\flags\3k_main_faction_han_fu	3k_main_military_grouping_han_chinese	0	221	221	You are attacking a Han Fu military force!	You are defending against a Han Fu military force!	FACTION_CHOSOKABE	500	vo_Empire	default	brt	false			false	default	3k_main_unit_permission_group_han_chinese		LOCKED_STANDARD	flag_3k_main_faction_han_fu		3k_main_game_lost_earth	flag_3k_main_faction_han_fu	3k_main_game_won_earth	D59D5B	AEA2DC	ADADAD	8C003C	000000
3k_main_faction_han_separatists	2041770906	3k_main_chinese	unplayable	Nie Separatists	Han Fu Separatists	default		false	false	false	data\ui\flags\3k_main_faction_han_separatists	3k_main_military_grouping_han_chinese	0	221	221	You are attacking a Liu Bei Separatist military force!	You are defending against a Liu Bei Separatist military force!	FACTION_CHOSOKABE	500	vo_Empire	default	brt	false			false	default	3k_main_unit_permission_group_han_chinese		LOCKED_STANDARD	flag_3k_main_faction_han_separatists		3k_main_game_lost_earth	flag_3k_main_faction_han_separatists	3k_main_game_won_earth	502830	AEA2DC	ADADAD	961941	000000
3k_main_faction_han_sui	2041771081	3k_main_chinese	unplayable	Zhai	Han Sui	default		false	false	false	data\ui\flags\3k_main_faction_han_sui	3k_main_military_grouping_han_chinese	0	221	221	You are attacking a Han Sui military force!	You are defending against a Han Sui military force!	FACTION_CHOSOKABE	500	vo_Empire	default	brt	false			false	default	3k_main_unit_permission_group_han_chinese		LOCKED_STANDARD	flag_3k_main_faction_han_sui		3k_main_game_lost_earth	flag_3k_main_faction_han_sui	3k_main_game_won_earth	783A57	AEA2DC	ADADAD	A03246	000000
3k_main_faction_han_sui_separatists	2027875898	3k_main_chinese	unplayable	Zhai Separatists	Han Sui Separatists	default		false	false	false	data\ui\flags\3k_main_faction_han_sui_separatists	3k_main_military_grouping_han_chinese	0	221	221	You are attacking a Han Sui military force!	You are defending against a Han Sui military force!	FACTION_CHOSOKABE	500	vo_Empire	default	brt	false			false	default	3k_main_unit_permission_group_han_chinese		LOCKED_STANDARD	flag_3k_main_faction_han_sui_separatists		3k_main_game_lost_earth	flag_3k_main_faction_han_sui_separatists	3k_main_game_won_earth	9B788E	AEA2DC	ADADAD	A03246	000000
3k_main_faction_hanzhong	4717267	3k_main_chinese	unplayable	Hanzhong	Hanzhong Commandery	default		false	false	false	data\ui\flags\3k_main_faction_hanzhong	3k_main_military_grouping_han_chinese	0	221	221	You are attacking a Hanzhong Commandery force!	You are defending against a Hanzhong Commandery force!	FACTION_CHOSOKABE	500	vo_Empire	default	brt	false			false	default	3k_main_unit_permission_group_han_chinese		LOCKED_STANDARD	flag_3k_main_faction_hanzhong		3k_main_game_lost_earth	flag_3k_main_faction_hanzhong	3k_main_game_won_earth	664B09	5F0F59	CA0690	210CCE	ED0E32
3k_main_faction_hanzhong_separatists	255757477	3k_main_chinese	unplayable	Hanzhong Separatists	Hanzhong Separatists	default		false	false	false	data\ui\flags\3k_main_faction_hanzhong_separatists	3k_main_military_grouping_han_chinese	0	221	221	You are attacking a Hanzhong Separatists force!	You are defending against a Hanzhong Separatists force!	FACTION_CHOSOKABE	500	vo_Empire	default	brt	false			false	default	3k_main_unit_permission_group_han_chinese		LOCKED_STANDARD	flag_3k_main_faction_hanzhong_separatists		3k_main_game_lost_earth	flag_3k_main_faction_hanzhong_separatists	3k_main_game_won_earth	858182	C64218	4685EC	C80D80	7F6638
3k_main_faction_hedong	652072384	3k_main_chinese	unplayable	Hedong	Hedong Commandery	default		false	false	false	data\ui\flags\3k_main_faction_hedong	3k_main_military_grouping_han_chinese	0	221	221	You are attacking a Hedong Commandery force!	You are defending against a Hedong Commandery force!	FACTION_CHOSOKABE	500	vo_Empire	default	brt	false			false	default	3k_main_unit_permission_group_han_chinese		LOCKED_STANDARD	flag_3k_main_faction_hedong		3k_main_game_lost_earth	flag_3k_main_faction_hedong	3k_main_game_won_earth	756540	60A95A	320832	8055C9	000000
3k_main_faction_hedong_separatists	1585141616	3k_main_chinese	unplayable	Hedong Separatists	Hedong Commandery Separatists	default		false	false	false	data\ui\flags\3k_main_faction_hedong_separatists	3k_main_military_grouping_han_chinese	0	221	221	You are attacking a Hedong Commandery Separatists force!	You are defending against a Hedong Commandery Separatists force!	FACTION_CHOSOKABE	500	vo_Empire	default	brt	false			false	default	3k_main_unit_permission_group_han_chinese		LOCKED_STANDARD	flag_3k_main_faction_hedong_separatists		3k_main_game_lost_earth	flag_3k_main_faction_hedong_separatists	3k_main_game_won_earth	465E44	C11614	ADADAD	7E397C	000000
3k_main_faction_henei	1703728435	3k_main_chinese	unplayable	Henei	Henei Commandery	default		false	false	false	data\ui\flags\3k_main_faction_henei	3k_main_military_grouping_han_chinese	0	221	221	You are attacking a Henei Commandery force!	You are defending against a Henei Commandery force!	FACTION_CHOSOKABE	500	vo_Empire	default	brt	false			false	default	3k_main_unit_permission_group_han_chinese		LOCKED_STANDARD	flag_3k_main_faction_henei		3k_main_game_lost_earth	flag_3k_main_faction_henei	3k_main_game_won_earth	85473A	128772	62C761	B44F4F	A05F52
3k_main_faction_henei_separatists	1556458969	3k_main_chinese	unplayable	Henei Separatists	Henei Separatists	default		false	false	false	data\ui\flags\3k_main_faction_henei_separatists	3k_main_military_grouping_han_chinese	0	221	221	You are attacking a Henei Separatists force!	You are defending against a Henei Separatists force!	FACTION_CHOSOKABE	500	vo_Empire	default	brt	false			false	default	3k_main_unit_permission_group_han_chinese		LOCKED_STANDARD	flag_3k_main_faction_henei_separatists		3k_main_game_lost_earth	flag_3k_main_faction_henei_separatists	3k_main_game_won_earth	2F2D2E	B10C3E	AAFB51	A02DB0	4E4267
3k_main_faction_hepu	176584398	3k_main_chinese	unplayable	Hepu	Hepu Commandery	default		false	false	false	data\ui\flags\3k_main_faction_hepu	3k_main_military_grouping_han_chinese	0	221	221	You are attacking a Hepu Commandery force!	You are defending against a Hepu Commandery force!	FACTION_CHOSOKABE	500	vo_Empire	default	brt	false			false	default	3k_main_unit_permission_group_han_chinese		LOCKED_STANDARD	flag_3k_main_faction_hepu		3k_main_game_lost_earth	flag_3k_main_faction_hepu	3k_main_game_won_earth	78453E	2E79F1	E55E7D	3A4856	000000
3k_main_faction_hepu_separatists	2049472715	3k_main_chinese	unplayable	Hepu Separatists	Hepu Commandery Separatists	default		false	false	false	data\ui\flags\3k_main_faction_hepu_separatists	3k_main_military_grouping_han_chinese	0	221	221	You are attacking a Hepu Commandery Separatists force!	You are defending against a Hepu Commandery Separatists force!	FACTION_CHOSOKABE	500	vo_Empire	default	brt	false			false	default	3k_main_unit_permission_group_han_chinese		LOCKED_STANDARD	flag_3k_main_faction_hepu_separatists		3k_main_game_lost_earth	flag_3k_main_faction_hepu_separatists	3k_main_game_won_earth	445E5D	7EF48D	45CF3C	419CCD	000000
3k_main_faction_huang_zu	2041771063	3k_main_chinese	unplayable	Sui	Huang Zu	default		false	false	false	data\ui\flags\3k_main_faction_huang_zu	3k_main_military_grouping_han_chinese	0	221	221	You are attacking a Huang Zu military force!	You are defending against a Huang Zu military force!	FACTION_CHOSOKABE	500	vo_Empire	default	brt	false			false	default	3k_main_unit_permission_group_han_chinese		LOCKED_STANDARD	flag_3k_main_faction_huang_zu		3k_main_game_lost_earth	flag_3k_main_faction_huang_zu	3k_main_game_won_earth	666B3F	AEA2DC	ADADAD	B46450	000000
3k_main_faction_huang_zu_separatists	1134249174	3k_main_chinese	unplayable	Sui Separatists	Huang Zu Separatists	default		false	false	false	data\ui\flags\3k_main_faction_huang_zu_separatists	3k_main_military_grouping_han_chinese	0	221	221	You are attacking a Huang Zu military force!	You are defending against a Huang Zu military force!	FACTION_CHOSOKABE	500	vo_Empire	default	brt	false			false	default	3k_main_unit_permission_group_han_chinese		LOCKED_STANDARD	flag_3k_main_faction_huang_zu_separatists		3k_main_game_lost_earth	flag_3k_main_faction_huang_zu_separatists	3k_main_game_won_earth	D5CAC7	AEA2DC	ADADAD	B46450	000000
3k_main_faction_jia_long	2041771066	3k_main_chinese	unplayable	Jianwei	Jia Long	default		false	false	false	data\ui\flags\3k_main_faction_jia_long	3k_main_military_grouping_han_chinese	0	221	221	You are attacking a Jia Long military force!	You are defending against a Jia Long military force!	FACTION_CHOSOKABE	500	vo_Empire	default	brt	false			false	default	3k_main_unit_permission_group_han_chinese		LOCKED_STANDARD	flag_3k_main_faction_jia_long		3k_main_game_lost_earth	flag_3k_main_faction_jia_long	3k_main_game_won_earth	AB748A	AEA2DC	ADADAD	BE7D55	000000
3k_main_faction_jia_long_separatists	1305212813	3k_main_chinese	unplayable	Jianwei Separatists	Jia Long Separatists	default		false	false	false	data\ui\flags\3k_main_faction_jia_long_separatists	3k_main_military_grouping_han_chinese	0	221	221	You are attacking a Jia Long military force!	You are defending against a Jia Long military force!	FACTION_CHOSOKABE	500	vo_Empire	default	brt	false			false	default	3k_main_unit_permission_group_han_chinese		LOCKED_STANDARD	flag_3k_main_faction_jia_long_separatists		3k_main_game_lost_earth	flag_3k_main_faction_jia_long_separatists	3k_main_game_won_earth	54273C	AEA2DC	ADADAD	BE7D55	000000
3k_main_faction_jianan	1885285312	3k_main_chinese	unplayable	Northern Jian'an	Northern Jian'an Commandery	default		false	false	false	data\ui\flags\3k_main_faction_jianan	3k_main_military_grouping_han_chinese	0	221	221	You are attacking a Jian'an Commandery force!	You are defending against a Jian'an Commandery force!	FACTION_CHOSOKABE	500	vo_Empire	default	brt	false			false	default	3k_main_unit_permission_group_han_chinese		LOCKED_STANDARD	flag_3k_main_faction_jianan		3k_main_game_lost_earth	flag_3k_main_faction_jianan	3k_main_game_won_earth	46423D	48D9AA	346E85	FB457D	0F5807
3k_main_faction_jianan_separatists	1106963496	3k_main_chinese	unplayable	Northern Jian'an Separatists	Northern Jian'an Separatists	default		false	false	false	data\ui\flags\3k_main_faction_jianan_separatists	3k_main_military_grouping_han_chinese	0	221	221	You are attacking a Jian'an Separatists force!	You are defending against a Jian'an Separatists force!	FACTION_CHOSOKABE	500	vo_Empire	default	brt	false			false	default	3k_main_unit_permission_group_han_chinese		LOCKED_STANDARD	flag_3k_main_faction_jianan_separatists		3k_main_game_lost_earth	flag_3k_main_faction_jianan_separatists	3k_main_game_won_earth	2C2B2C	D8BC07	592B67	5E1035	9EAD5E
3k_main_faction_jiangxia	235003565	3k_main_chinese	unplayable	Jiangxia	Jiangxia Commandery	default		false	false	false	data\ui\flags\3k_main_faction_jiangxia	3k_main_military_grouping_han_chinese	0	221	221	You are attacking a Jiangxia Commandery force!	You are defending against a Jiangxia Commandery force!	FACTION_CHOSOKABE	500	vo_Empire	default	brt	false			false	default	3k_main_unit_permission_group_han_chinese		LOCKED_STANDARD	flag_3k_main_faction_jiangxia		3k_main_game_lost_earth	flag_3k_main_faction_jiangxia	3k_main_game_won_earth	918A81	F4F2C5	6AEF1F	BC249F	000000
3k_main_faction_jiangxia_separatists	1296096961	3k_main_chinese	unplayable	Jiangxia Separatists	Jiangxia Commandery Separatists	default		false	false	false	data\ui\flags\3k_main_faction_jiangxia_separatists	3k_main_military_grouping_han_chinese	0	221	221	You are attacking a Jiangxia Commandery Separatists force!	You are defending against a Jiangxia Commandery Separatists force!	FACTION_CHOSOKABE	500	vo_Empire	default	brt	false			false	default	3k_main_unit_permission_group_han_chinese		LOCKED_STANDARD	flag_3k_main_faction_jiangxia_separatists		3k_main_game_lost_earth	flag_3k_main_faction_jiangxia_separatists	3k_main_game_won_earth	314E32	074185	2702DB	796193	000000
3k_main_faction_jiangyang	1039871299	3k_main_chinese	unplayable	Jiangyang	Jiangyang Commandery	default		false	false	false	data\ui\flags\3k_main_faction_jiangyang	3k_main_military_grouping_han_chinese	0	221	221	You are attacking a Jiangyang Commandery force!	You are defending against a Jiangyang Commandery force!	FACTION_CHOSOKABE	500	vo_Empire	default	brt	false			false	default	3k_main_unit_permission_group_han_chinese		LOCKED_STANDARD	flag_3k_main_faction_jiangyang		3k_main_game_lost_earth	flag_3k_main_faction_jiangyang	3k_main_game_won_earth	572100	4A6A21	99B362	9CB7F6	E1CDBD
3k_main_faction_jiangyang_separatists	866612968	3k_main_chinese	unplayable	Jiangyang Separatists	Jiangyang Separatists	default		false	false	false	data\ui\flags\3k_main_faction_jiangyang_separatists	3k_main_military_grouping_han_chinese	0	221	221	You are attacking a Jiangyang Separatists force!	You are defending against a Jiangyang Separatists force!	FACTION_CHOSOKABE	500	vo_Empire	default	brt	false			false	default	3k_main_unit_permission_group_han_chinese		LOCKED_STANDARD	flag_3k_main_faction_jiangyang_separatists		3k_main_game_lost_earth	flag_3k_main_faction_jiangyang_separatists	3k_main_game_won_earth	755409	BCD465	828219	101CA4	E8AB70
3k_main_faction_jianning	1505771418	3k_main_chinese	unplayable	Jianning	Jianning Commandery	default		false	false	false	data\ui\flags\3k_main_faction_jianning	3k_main_military_grouping_han_chinese	0	221	221	You are attacking a Jianning Commandery force!	You are defending against a Jianning Commandery force!	FACTION_CHOSOKABE	500	vo_Empire	default	brt	false			false	default	3k_main_unit_permission_group_han_chinese		LOCKED_STANDARD	flag_3k_main_faction_jianning		3k_main_game_lost_earth	flag_3k_main_faction_jianning	3k_main_game_won_earth	145023	07EF12	0C0801	D40FF4	000000
3k_main_faction_jianning_separatists	2096299069	3k_main_chinese	unplayable	Jianning Separatists	Jianning Commandery Separatists	default		false	false	false	data\ui\flags\3k_main_faction_jianning_separatists	3k_main_military_grouping_han_chinese	0	221	221	You are attacking a Jianning Commandery Separatists force!	You are defending against a Jianning Commandery Separatists force!	FACTION_CHOSOKABE	500	vo_Empire	default	brt	false			false	default	3k_main_unit_permission_group_han_chinese		LOCKED_STANDARD	flag_3k_main_faction_jianning_separatists		3k_main_game_lost_earth	flag_3k_main_faction_jianning_separatists	3k_main_game_won_earth	6E5049	457124	C35573	46556B	000000
3k_main_faction_jianye	66530008	3k_main_chinese	unplayable	Danyang	Danyang Commandery	default		false	false	false	data\ui\flags\3k_main_faction_jianye	3k_main_military_grouping_han_chinese	0	221	221	You are attacking a Jianye Commandery force!	You are defending against a Jianye Commandery force!	FACTION_CHOSOKABE	500	vo_Empire	default	brt	false			false	default	3k_main_unit_permission_group_han_chinese		LOCKED_STANDARD	flag_3k_main_faction_jianye		3k_main_game_lost_earth	flag_3k_main_faction_jianye	3k_main_game_won_earth	49453F	210DE3	F6226A	FE3EA1	166BD6
3k_main_faction_jianye_separatists	573927415	3k_main_chinese	unplayable	Danyang Separatists	Danyang Separatists	default		false	false	false	data\ui\flags\3k_main_faction_jianye_separatists	3k_main_military_grouping_han_chinese	0	221	221	You are attacking a Jianye Separatists force!	You are defending against a Jianye Separatists force!	FACTION_CHOSOKABE	500	vo_Empire	default	brt	false			false	default	3k_main_unit_permission_group_han_chinese		LOCKED_STANDARD	flag_3k_main_faction_jianye_separatists		3k_main_game_lost_earth	flag_3k_main_faction_jianye_separatists	3k_main_game_won_earth	76540A	15AC6F	B68A93	74D86F	C9864F
3k_main_faction_jiaozhi	775174889	3k_main_chinese	unplayable	Jiaozhi	Jiaozhi Commandery	default		false	false	false	data\ui\flags\3k_main_faction_jiaozhi	3k_main_military_grouping_han_chinese	0	221	221	You are attacking a Jiaozhi Commandery force!	You are defending against a Jiaozhi Commandery force!	FACTION_CHOSOKABE	500	vo_Empire	default	brt	false			false	default	3k_main_unit_permission_group_han_chinese		LOCKED_STANDARD	flag_3k_main_faction_jiaozhi		3k_main_game_lost_earth	flag_3k_main_faction_jiaozhi	3k_main_game_won_earth	806C38	180CD9	7AFB7B	FEC04E	000000
3k_main_faction_jiaozhi_separatists	1394417844	3k_main_chinese	unplayable	Jiaozhi Separatists	Jiaozhi Commandery Separatists	default		false	false	false	data\ui\flags\3k_main_faction_jiaozhi_separatists	3k_main_military_grouping_han_chinese	0	221	221	You are attacking a Jiaozhi Commandery Separatists force!	You are defending against a Jiaozhi Commandery Separatists force!	FACTION_CHOSOKABE	500	vo_Empire	default	brt	false			false	default	3k_main_unit_permission_group_han_chinese		LOCKED_STANDARD	flag_3k_main_faction_jiaozhi_separatists		3k_main_game_lost_earth	flag_3k_main_faction_jiaozhi_separatists	3k_main_game_won_earth	5C7190	8C29C2	E1E5FF	D72E47	000000
3k_main_faction_jincheng	1250123232	3k_main_chinese	unplayable	Jincheng	Jincheng Commandery	default		false	false	false	data\ui\flags\3k_main_faction_jincheng	3k_main_military_grouping_han_chinese	0	221	221	You are attacking a Jincheng Commandery force!	You are defending against a Jincheng Commandery force!	FACTION_CHOSOKABE	500	vo_Empire	default	brt	false			false	default	3k_main_unit_permission_group_han_chinese		LOCKED_STANDARD	flag_3k_main_faction_jincheng		3k_main_game_lost_earth	flag_3k_main_faction_jincheng	3k_main_game_won_earth	60516E	86B183	6B6651	4FD3F0	8C2DFC
3k_main_faction_jincheng_separatists	446622514	3k_main_chinese	unplayable	Jincheng Separatists	Jincheng Separatists	default		false	false	false	data\ui\flags\3k_main_faction_jincheng_separatists	3k_main_military_grouping_han_chinese	0	221	221	You are attacking a Jincheng Separatists force!	You are defending against a Jincheng Separatists force!	FACTION_CHOSOKABE	500	vo_Empire	default	brt	false			false	default	3k_main_unit_permission_group_han_chinese		LOCKED_STANDARD	flag_3k_main_faction_jincheng_separatists		3k_main_game_lost_earth	flag_3k_main_faction_jincheng_separatists	3k_main_game_won_earth	2E2C2C	5E9D66	2C4598	D671DB	3AD703
3k_main_faction_jingzhou	332693090	3k_main_chinese	unplayable	Nan	Nan Commandery	default		false	false	false	data\ui\flags\3k_main_faction_jingzhou	3k_main_military_grouping_han_chinese	0	221	221	You are attacking a Jingzhou Commandery force!	You are defending against a Jingzhou Commandery force!	FACTION_CHOSOKABE	500	vo_Empire	default	brt	false			false	default	3k_main_unit_permission_group_han_chinese		LOCKED_STANDARD	flag_3k_main_faction_jingzhou		3k_main_game_lost_earth	flag_3k_main_faction_jingzhou	3k_main_game_won_earth	5C4E2C	2E6DA9	2F945E	EEDDC6	000000
3k_main_faction_jingzhou_separatists	1128424077	3k_main_chinese	unplayable	Nan Separatists	Nan Commandery Separatists	default		false	false	false	data\ui\flags\3k_main_faction_jingzhou_separatists	3k_main_military_grouping_han_chinese	0	221	221	You are attacking a Jingzhou Commandery Separatists force!	You are defending against a Jingzhou Commandery Separatists force!	FACTION_CHOSOKABE	500	vo_Empire	default	brt	false			false	default	3k_main_unit_permission_group_han_chinese		LOCKED_STANDARD	flag_3k_main_faction_jingzhou_separatists		3k_main_game_lost_earth	flag_3k_main_faction_jingzhou_separatists	3k_main_game_won_earth	3D4551	554054	C7096D	86A2A9	000000
3k_main_faction_kong_rong	2041770999	3k_main_chinese	playable	Qi	Kong Rong	default		false	false	false	data\ui\flags\3k_main_faction_kong_rong	3k_main_military_grouping_han_chinese	0	221	221	You are attacking a Kong Rong military force!	You are defending against a Kong Rong military force!	FACTION_CHOSOKABE	500	vo_Empire	default	brt	false			false	3k_water_config	3k_main_unit_permission_group_kong_rong		LOCKED_STANDARD	flag_3k_main_faction_kong_rong	kong_rong	3k_main_game_lost_water_kong_rong	flag_3k_main_faction_kong_rong	3k_main_game_won_water_kong_rong	3149A7	967832	ADADAD	C8965A	000000
3k_main_faction_kong_rong_separatists	1440491255	3k_main_chinese	unplayable	Qi Separatists	Kong Rong Separatists	default		false	false	false	data\ui\flags\3k_main_faction_kong_rong_separatists	3k_main_military_grouping_han_chinese	0	221	221	You are attacking a Kong Rong Separatist military force!	You are defending against a Kong Rong Separatist military force!	FACTION_CHOSOKABE	500	vo_Empire	default	brt	false			false	default	3k_main_unit_permission_group_kong_rong		LOCKED_STANDARD	flag_3k_main_faction_kong_rong_separatists		3k_main_game_lost_earth	flag_3k_main_faction_kong_rong_separatists	3k_main_game_won_earth	1F6A94	AEA2DC	ADADAD	3C2314	000000
3k_main_faction_kong_zhou	2041771045	3k_main_chinese	unplayable	Chen	Kong Zhou	default		false	false	false	data\ui\flags\3k_main_faction_kong_zhou	3k_main_military_grouping_han_chinese	0	221	221	You are attacking a Kong Zhou military force!	You are defending against a Kong Zhou military force!	FACTION_CHOSOKABE	500	vo_Empire	default	brt	false			false	default	3k_main_unit_permission_group_han_chinese		LOCKED_STANDARD	flag_3k_main_faction_kong_zhou		3k_main_game_lost_earth	flag_3k_main_faction_kong_zhou	3k_main_game_won_earth	999FB6	3C3CAA	ADADAD	D2AF5F	000000
3k_main_faction_kong_zhou_separatists	907714708	3k_main_chinese	unplayable	Chen Separatists	Kong Zhou	default		false	false	false	data\ui\flags\3k_main_faction_kong_zhou_separatists	3k_main_military_grouping_han_chinese	0	221	221	You are attacking a Kong Zhou military force!	You are defending against a Kong Zhou military force!	FACTION_CHOSOKABE	500	vo_Empire	default	brt	false			false	default	3k_main_unit_permission_group_han_chinese		LOCKED_STANDARD	flag_3k_main_faction_kong_zhou_separatists		3k_main_game_lost_earth	flag_3k_main_faction_kong_zhou_separatists	3k_main_game_won_earth	30343F	3C3CAA	ADADAD	D2AF5F	000000
3k_main_faction_kuaiji	1252102743	3k_main_chinese	unplayable	Kuaiji	Kuaiji Commandery	default		false	false	false	data\ui\flags\3k_main_faction_kuaiji	3k_main_military_grouping_han_chinese	0	221	221	You are attacking a Kuaiji Commandery force!	You are defending against a Kuaiji Commandery force!	FACTION_CHOSOKABE	500	vo_Empire	default	brt	false			false	default	3k_main_unit_permission_group_han_chinese		LOCKED_STANDARD	flag_3k_main_faction_kuaiji		3k_main_game_lost_earth	flag_3k_main_faction_kuaiji	3k_main_game_won_earth	403E3F	A8134E	036BD0	F42170	628EDE
3k_main_faction_kuaiji_separatists	1687602074	3k_main_chinese	unplayable	Kuaiji Separatists	Kuaiji Separatists	default		false	false	false	data\ui\flags\3k_main_faction_kuaiji_separatists	3k_main_military_grouping_han_chinese	0	221	221	You are attacking a Kuaiji Separatists force!	You are defending against a Kuaiji Separatists force!	FACTION_CHOSOKABE	500	vo_Empire	default	brt	false			false	default	3k_main_unit_permission_group_han_chinese		LOCKED_STANDARD	flag_3k_main_faction_kuaiji_separatists		3k_main_game_lost_earth	flag_3k_main_faction_kuaiji_separatists	3k_main_game_won_earth	736F70	C8351F	D059D2	211473	86ED20
3k_main_faction_langye	1787882770	3k_main_chinese	unplayable	Langye	Langye Commandery	default		false	false	false	data\ui\flags\3k_main_faction_langye	3k_main_military_grouping_han_chinese	0	221	221	You are attacking a Langye Commandery force!	You are defending against a Langye Commandery force!	FACTION_CHOSOKABE	500	vo_Empire	default	brt	false			false	default	3k_main_unit_permission_group_han_chinese		LOCKED_STANDARD	flag_3k_main_faction_langye		3k_main_game_lost_earth	flag_3k_main_faction_langye	3k_main_game_won_earth	463C46	79EBE2	FDAE95	5F89EA	000000
3k_main_faction_langye_separatists	1671315442	3k_main_chinese	unplayable	Langye Separatists	Langye Commandery Separatists	default		false	false	false	data\ui\flags\3k_main_faction_langye_separatists	3k_main_military_grouping_han_chinese	0	221	221	You are attacking a Langye Commandery Separatists force!	You are defending against a Langye Commandery Separatists force!	FACTION_CHOSOKABE	500	vo_Empire	default	brt	false			false	default	3k_main_unit_permission_group_han_chinese		LOCKED_STANDARD	flag_3k_main_faction_langye_separatists		3k_main_game_lost_earth	flag_3k_main_faction_langye_separatists	3k_main_game_won_earth	39414E	C44EC0	492746	E3386A	000000
3k_main_faction_lingling	1796248570	3k_main_chinese	unplayable	Lingling	Lingling Commandery	default		false	false	false	data\ui\flags\3k_main_faction_lingling	3k_main_military_grouping_han_chinese	0	221	221	You are attacking a Lingling Commandery force!	You are defending against a Lingling Commandery force!	FACTION_CHOSOKABE	500	vo_Empire	default	brt	false			false	default	3k_main_unit_permission_group_han_chinese		LOCKED_STANDARD	flag_3k_main_faction_lingling		3k_main_game_lost_earth	flag_3k_main_faction_lingling	3k_main_game_won_earth	04534F	DC6C5D	ADFA1A	26815C	1DED55
3k_main_faction_lingling_separatists	1121641630	3k_main_chinese	unplayable	Lingling Separatists	Lingling Separatists	default		false	false	false	data\ui\flags\3k_main_faction_lingling_separatists	3k_main_military_grouping_han_chinese	0	221	221	You are attacking a Lingling Separatists force!	You are defending against a Lingling Separatists force!	FACTION_CHOSOKABE	500	vo_Empire	default	brt	false			false	default	3k_main_unit_permission_group_han_chinese		LOCKED_STANDARD	flag_3k_main_faction_lingling_separatists		3k_main_game_lost_earth	flag_3k_main_faction_lingling_separatists	3k_main_game_won_earth	2F2D2E	39E6B5	36A779	A02EAA	1BA9DF
3k_main_faction_liu_bei	2041770901	3k_main_chinese	playable	Shu-Han	Liu Bei	3k_main_faction_shu_han		false	true	false	data\ui\flags\3k_main_faction_liu_bei	3k_main_military_grouping_han_chinese	0	221	221	You are attacking a Liu Bei military force!	You are defending against a Liu Bei military force!	FACTION_CHOSOKABE	500	vo_Empire	3k_earth_mp_template	brt	false			false	3k_earth_config	3k_main_unit_permission_group_liu_bei		LOCKED_STANDARD	flag_3k_main_faction_liu_bei	liu_bei	3k_main_game_lost_liu_bei	flag_3k_main_faction_liu_bei	3k_main_game_won_liu_bei	619F4C	323232	ADADAD	32AF91	000000
3k_main_faction_liu_bei_separatists	730953951	3k_main_chinese	unplayable	Shu-Han Separatists	Liu Bei Separatists	3k_main_faction_shu_han		false	true	false	data\ui\flags\3k_main_faction_liu_bei_separatists	3k_main_military_grouping_han_chinese	0	221	221	You are attacking a Liu Bei military force!	You are defending against a Liu Bei military force!	FACTION_CHOSOKABE	500	vo_Empire	default	brt	false			false	3k_earth_config	3k_main_unit_permission_group_liu_bei		LOCKED_STANDARD	flag_3k_main_faction_liu_bei_separatists		3k_main_game_lost_earth	flag_3k_main_faction_liu_bei_separatists	3k_main_game_won_earth	D5AF3A	AC1313	ADADAD	32AF91	000000
3k_main_faction_liu_biao	2041771049	3k_main_chinese	playable	Chu	Liu Biao	default		false	false	false	data\ui\flags\3k_main_faction_liu_biao	3k_main_military_grouping_han_chinese	0	221	221	You are attacking a Liu Biao military force!	You are defending against a Liu Biao military force!	FACTION_CHOSOKABE	500	vo_Empire	default	brt	false			false	3k_earth_config	3k_main_unit_permission_group_liu_biao		LOCKED_STANDARD	flag_3k_main_faction_liu_biao	liu_biao	3k_dlc07_game_lost_liu_biao	flag_3k_main_faction_liu_biao	3k_dlc07_game_won_liu_biao	3FBABC	EAD360	ADADAD	DCC864	000000
3k_main_faction_liu_biao_separatists	611217994	3k_main_chinese	unplayable	Chu Separatists	Liu Biao Separatists	default		false	false	false	data\ui\flags\3k_main_faction_liu_biao_separatists	3k_main_military_grouping_han_chinese	0	221	221	You are attacking a Liu Biao Separatist military force!	You are defending against a Liu Biao Separatist military force!	FACTION_CHOSOKABE	500	vo_Empire	default	brt	false			false	default	3k_main_unit_permission_group_liu_biao		LOCKED_STANDARD	flag_3k_main_faction_liu_biao_separatists		3k_main_game_lost_earth	flag_3k_main_faction_liu_biao_separatists	3k_main_game_won_earth	2B292A	AEA2DC	ADADAD	3C2314	000000
3k_main_faction_liu_dai	2041771010	3k_main_chinese	unplayable	Tang	Liu Dai	default		false	false	false	data\ui\flags\3k_main_faction_liu_dai	3k_main_military_grouping_han_chinese	0	221	221	You are attacking a Liu Dai military force!	You are defending against a Liu Dai military force!	FACTION_CHOSOKABE	500	vo_Empire	default	brt	false			false	default	3k_main_unit_permission_group_han_chinese		LOCKED_STANDARD	flag_3k_main_faction_liu_dai		3k_main_game_lost_earth	flag_3k_main_faction_liu_dai	3k_main_game_won_earth	2C434F	DCA078	ADADAD	E6E169	000000
3k_main_faction_liu_dai_separatists	1333887734	3k_main_chinese	unplayable	Tang Separatists	Liu Dai Separatists	default		false	false	false	data\ui\flags\3k_main_faction_liu_dai_separatists	3k_main_military_grouping_han_chinese	0	221	221	You are attacking a Liu Dai military force!	You are defending against a Liu Dai military force!	FACTION_CHOSOKABE	500	vo_Empire	default	brt	false			false	default	3k_main_unit_permission_group_han_chinese		LOCKED_STANDARD	flag_3k_main_faction_liu_dai_separatists		3k_main_game_lost_earth	flag_3k_main_faction_liu_dai_separatists	3k_main_game_won_earth	C8C8C6	DCA078	ADADAD	E6E169	000000
3k_main_faction_liu_yan	2041771075	3k_main_chinese	playable	Xun	Liu Yan	default		false	false	false	data\ui\flags\3k_main_faction_liu_yan	3k_main_military_grouping_han_chinese	0	221	221	You are attacking a Liu Yan military force!	You are defending against a Liu Yan military force!	FACTION_CHOSOKABE	500	vo_Empire	default	brt	false			false	default	3k_dlc07_unit_permission_group_liu_yan		LOCKED_STANDARD	flag_3k_main_faction_liu_yan		3k_dlc07_game_lost_liu_yan	flag_3k_main_faction_liu_yan	3k_dlc07_game_won_liu_zhang	CD974E	967832	ADADAD	F0FA6E	000000
3k_main_faction_liu_yan_separatists	2029846042	3k_main_chinese	unplayable	Xun Separatists	Liu Yan Separatists	default		false	false	false	data\ui\flags\3k_main_faction_liu_yan_separatists	3k_main_military_grouping_han_chinese	0	221	221	You are attacking a Liu Yan military force!	You are defending against a Liu Yan military force!	FACTION_CHOSOKABE	500	vo_Empire	default	brt	false			false	default	3k_dlc07_unit_permission_group_liu_yan		LOCKED_STANDARD	flag_3k_main_faction_liu_yan_separatists		3k_main_game_lost_earth	flag_3k_main_faction_liu_yan_separatists	3k_main_game_won_earth	B3623B	967832	ADADAD	F0FA6E	000000
3k_main_faction_liu_yao	2041771026	3k_main_chinese	unplayable	Yue	Liu Yao	default		false	false	false	data\ui\flags\3k_main_faction_liu_yao	3k_main_military_grouping_han_chinese	0	221	221	You are attacking a Liu Yao military force!	You are defending against a Liu Yao military force!	FACTION_CHOSOKABE	500	vo_Empire	default	brt	false			false	default	3k_main_unit_permission_group_han_chinese		LOCKED_STANDARD	flag_3k_main_faction_liu_yao		3k_main_game_lost_earth	flag_3k_main_faction_liu_yao	3k_main_game_won_earth	A8A4AD	EAD360	ADADAD	FA1973	000000
3k_main_faction_liu_yao_separatists	1433986996	3k_main_chinese	unplayable	Yue Separatists	Liu Yao Separatists	default		false	false	false	data\ui\flags\3k_main_faction_liu_yao_separatists	3k_main_military_grouping_han_chinese	0	221	221	You are attacking a Liu Yao military force!	You are defending against a Liu Yao military force!	FACTION_CHOSOKABE	500	vo_Empire	default	brt	false			false	default	3k_main_unit_permission_group_han_chinese		LOCKED_STANDARD	flag_3k_main_faction_liu_yao_separatists		3k_main_game_lost_earth	flag_3k_main_faction_liu_yao_separatists	3k_main_game_won_earth	493845	EAD360	ADADAD	FA1973	000000
3k_main_faction_liu_yu	2041770982	3k_main_chinese	unplayable	Dai	Liu Yu	default		false	false	false	data\ui\flags\3k_main_faction_liu_yu	3k_main_military_grouping_han_chinese	0	221	221	You are attacking a Liu Yu military force!	You are defending against a Liu Yu military force!	FACTION_CHOSOKABE	500	vo_Empire	default	brt	false			false	default	3k_main_unit_permission_group_han_chinese		LOCKED_STANDARD	flag_3k_main_faction_liu_yu		3k_main_game_lost_earth	flag_3k_main_faction_liu_yu	3k_main_game_won_earth	DFAF1E	967832	ADADAD	003278	000000
3k_main_faction_liu_yu_separatists	875713475	3k_main_chinese	unplayable	Dai Separatists	Liu Yu Separatists	default		false	false	false	data\ui\flags\3k_main_faction_liu_yu_separatists	3k_main_military_grouping_han_chinese	0	221	221	You are attacking a Liu Yu military force!	You are defending against a Liu Yu military force!	FACTION_CHOSOKABE	500	vo_Empire	default	brt	false			false	default	3k_main_unit_permission_group_han_chinese		LOCKED_STANDARD	flag_3k_main_faction_liu_yu_separatists		3k_main_game_lost_earth	flag_3k_main_faction_liu_yu_separatists	3k_main_game_won_earth	ECEDEC	967832	ADADAD	003278	000000
3k_main_faction_lu_bu	622949446	3k_main_chinese	playable	Lü Bu	Lü Bu	default		false	false	false	data\ui\flags\3k_main_faction_lu_bu	3k_main_military_grouping_han_chinese	0	221	221	You are attacking a Rebel military force!	You are defending against a Rebel military force!	FACTION_CHOSOKABE	500	vo_Empire	default	emp	false			false	3k_fire_config	3k_dlc05_permission_group_faction_lu_bu		LOCKED_STANDARD	flag_3k_main_faction_lu_bu	lu_bu	3k_main_game_lost_lu_bu	flag_3k_main_faction_lu_bu	3k_main_game_won_lu_bu	B40100	967832	ADADAD	146482	000000
3k_main_faction_lu_zhi	1848388386	3k_main_chinese	playable	Lu Zhi	Lu Zhi	default		false	true	false	data\ui\flags\3k_dlc04_faction_lu_zhi	3k_main_military_grouping_han_chinese	0	221	221	You are attacking a Lu Zhi military force!	You are defending against a Lu Zhi military force!	FACTION_CHOSOKABE	500	vo_Empire	default	brt	false			false	default	3k_dlc04_unit_permission_group_lu_zhi		LOCKED_STANDARD	flag_3k_main_faction_lu_zhi	lu_zhi	3k_main_game_lost_water	flag_3k_main_faction_lu_zhi	3k_main_game_won_water	2C4E86	B3B0A7	ADADAD	463C19	000000
3k_main_faction_lujiang	1183284048	3k_main_chinese	unplayable	Lujiang	Lujiang Commandery	default		false	false	false	data\ui\flags\3k_main_faction_lujiang	3k_main_military_grouping_han_chinese	0	221	221	You are attacking a Hefei Commandery military force!	You are defending against a Hefei Commandery military force!	FACTION_CHOSOKABE	500	vo_Empire	default	brt	false			false	default	3k_main_unit_permission_group_han_chinese		LOCKED_STANDARD	flag_3k_main_faction_lujiang		3k_main_game_lost_earth	flag_3k_main_faction_lujiang	3k_main_game_won_earth	978F87	60C6FD	7C8623	335A4A	000000
3k_main_faction_lujiang_separatists	1339264904	3k_main_chinese	unplayable	Lujiang Separatists	Lujiang Commandery Separatists	default		false	false	false	data\ui\flags\3k_main_faction_lujiang_separatists	3k_main_military_grouping_han_chinese	0	221	221	You are attacking a Hefei Separatist military force!	You are defending against a Hefei Separatist military force!	FACTION_CHOSOKABE	500	vo_Empire	default	brt	false			false	default	3k_main_unit_permission_group_han_chinese		LOCKED_STANDARD	flag_3k_main_faction_lujiang_separatists		3k_main_game_lost_earth	flag_3k_main_faction_lujiang_separatists	3k_main_game_won_earth	282B30	A90BA9	ADE0D7	BB97B7	000000
3k_main_faction_luling	1066192342	3k_main_chinese	unplayable	Luling	Luling Commandery	default		false	false	false	data\ui\flags\3k_main_faction_luling	3k_main_military_grouping_han_chinese	0	221	221	You are attacking a Luling Commandery force!	You are defending against a Luling Commandery force!	FACTION_CHOSOKABE	500	vo_Empire	default	brt	false			false	default	3k_main_unit_permission_group_han_chinese		LOCKED_STANDARD	flag_3k_main_faction_luling		3k_main_game_lost_earth	flag_3k_main_faction_luling	3k_main_game_won_earth	4C494A	6DAC59	33518A	D771D4	DB10C6
3k_main_faction_luling_separatists	1268347050	3k_main_chinese	unplayable	Luling Separatists	Luling Separatists	default		false	false	false	data\ui\flags\3k_main_faction_luling_separatists	3k_main_military_grouping_han_chinese	0	221	221	You are attacking a Luling Separatists force!	You are defending against a Luling Separatists force!	FACTION_CHOSOKABE	500	vo_Empire	default	brt	false			false	default	3k_main_unit_permission_group_han_chinese		LOCKED_STANDARD	flag_3k_main_faction_luling_separatists		3k_main_game_lost_earth	flag_3k_main_faction_luling_separatists	3k_main_game_won_earth	516C37	8E26D1	1864DC	8E888D	743E3F
3k_main_faction_luoyang	2008338491	3k_main_chinese	unplayable	Luoyang	Luoyang Commandery	default		false	false	false	data\ui\flags\3k_main_faction_luoyang	3k_main_military_grouping_han_chinese	0	221	221	You are attacking a Luoyang Commandery force!	You are defending against a Luoyang Commandery force!	FACTION_CHOSOKABE	500	vo_Empire	default	brt	false			false	default	3k_main_unit_permission_group_han_chinese		LOCKED_STANDARD	flag_3k_main_faction_luoyang		3k_main_game_lost_earth	flag_3k_main_faction_luoyang	3k_main_game_won_earth	0B5E75	822E35	6713D5	6EF008	000000
3k_main_faction_luoyang_separatists	1211082678	3k_main_chinese	unplayable	Luoyang Separatists	Luoyang Commandery Separatists	default		false	false	false	data\ui\flags\3k_main_faction_luoyang_separatists	3k_main_military_grouping_han_chinese	0	221	221	You are attacking a Luoyang Commandery Separatists force!	You are defending against a Luoyang Commandery Separatists force!	FACTION_CHOSOKABE	500	vo_Empire	default	brt	false			false	default	3k_main_unit_permission_group_han_chinese		LOCKED_STANDARD	flag_3k_main_faction_luoyang_separatists		3k_main_game_lost_earth	flag_3k_main_faction_luoyang_separatists	3k_main_game_won_earth	5A613C	4ECEEA	998EC3	72FD5E	000000
3k_main_faction_ma_teng	2041771079	3k_main_chinese	playable	Liang	Ma Teng	default		false	false	false	data\ui\flags\3k_main_faction_ma_teng	3k_main_military_grouping_han_chinese	0	221	221	You are attacking a Ma Teng military force!	You are defending against a Ma Teng military force!	FACTION_CHOSOKABE	500	vo_Empire	default	brt	false			false	3k_fire_config	3k_main_unit_permission_group_ma_teng		LOCKED_STANDARD	flag_3k_main_faction_ma_teng	ma_teng	3k_dlc07_game_lost_ma_teng	flag_3k_main_faction_ma_teng	3k_dlc07_game_won_ma_teng	C06B75	EAD360	ADADAD	0A4B7D	000000
3k_main_faction_ma_teng_separatists	185923916	3k_main_chinese	unplayable	Liang Separatists	Ma Teng Separatists	default		false	false	false	data\ui\flags\3k_main_faction_ma_teng_separatists	3k_main_military_grouping_han_chinese	0	221	221	You are attacking a Ma Teng Separatist military force!	You are defending against a Ma Teng Separatist military force!	FACTION_CHOSOKABE	500	vo_Empire	default	brt	false			false	default	3k_main_unit_permission_group_ma_teng		LOCKED_STANDARD	flag_3k_main_faction_ma_teng_separatists		3k_dlc07_game_lost_ma_teng	flag_3k_main_faction_ma_teng_separatists	3k_dlc07_game_won_ma_teng	EAE5DF	AEA2DC	ADADAD	3C2314	000000
3k_main_faction_nanhai	1446105876	3k_main_chinese	unplayable	Nanhai	Nanhai Commandery	default		false	false	false	data\ui\flags\3k_main_faction_nanhai	3k_main_military_grouping_han_chinese	0	221	221	You are attacking a Nanhai Commandery force!	You are defending against a Nanhai Commandery force!	FACTION_CHOSOKABE	500	vo_Empire	default	brt	false			false	default	3k_main_unit_permission_group_han_chinese		LOCKED_STANDARD	flag_3k_main_faction_nanhai		3k_main_game_lost_earth	flag_3k_main_faction_nanhai	3k_main_game_won_earth	3C204A	A13A9A	1D57EA	B9502A	AA97AA
3k_main_faction_nanhai_separatists	1911634061	3k_main_chinese	unplayable	Nanhai Separatists	Nanhai Separatists	default		false	false	false	data\ui\flags\3k_main_faction_nanhai_separatists	3k_main_military_grouping_han_chinese	0	221	221	You are attacking a Nanhai Separatists force!	You are defending against a Nanhai Separatists force!	FACTION_CHOSOKABE	500	vo_Empire	default	brt	false			false	default	3k_main_unit_permission_group_han_chinese		LOCKED_STANDARD	flag_3k_main_faction_nanhai_separatists		3k_main_game_lost_earth	flag_3k_main_faction_nanhai_separatists	3k_main_game_won_earth	807C7E	F163D4	F06B67	285734	D2579F
3k_main_faction_nanyang	1674514073	3k_main_chinese	unplayable	Nanyang	Nanyang Commandery	default		false	false	false	data\ui\flags\3k_main_faction_nanyang	3k_main_military_grouping_han_chinese	0	221	221	You are attacking a Nanyang Commandery force!	You are defending against a Nanyang Commandery force!	FACTION_CHOSOKABE	500	vo_Empire	default	brt	false			false	default	3k_main_unit_permission_group_han_chinese		LOCKED_STANDARD	flag_3k_main_faction_nanyang		3k_main_game_lost_earth	flag_3k_main_faction_nanyang	3k_main_game_won_earth	6D5B2F	7C0B07	64AF59	651CCD	000000
3k_main_faction_nanyang_separatists	407501432	3k_main_chinese	unplayable	Nanyang Separatists	Nanyang Commandery Separatists	default		false	false	false	data\ui\flags\3k_main_faction_nanyang_separatists	3k_main_military_grouping_han_chinese	0	221	221	You are attacking a Nanyang Commandery Separatists force!	You are defending against a Nanyang Commandery Separatists force!	FACTION_CHOSOKABE	500	vo_Empire	default	brt	false			false	default	3k_main_unit_permission_group_han_chinese		LOCKED_STANDARD	flag_3k_main_faction_nanyang_separatists		3k_main_game_lost_earth	flag_3k_main_faction_nanyang_separatists	3k_main_game_won_earth	47583B	A128D7	591D86	C99DAC	000000
3k_main_faction_penchang	198860599	3k_main_chinese	unplayable	Pengcheng	Pengcheng Commandery	default		false	false	false	data\ui\flags\3k_main_faction_penchang	3k_main_military_grouping_han_chinese	0	221	221	You are attacking a Pengcheng Commandery force!	You are defending against a Pengcheng Commandery force!	FACTION_CHOSOKABE	500	vo_Empire	default	brt	false			false	default	3k_main_unit_permission_group_han_chinese		LOCKED_STANDARD	flag_3k_main_faction_penchang		3k_main_game_lost_earth	flag_3k_main_faction_penchang	3k_main_game_won_earth	2A2929	3124D5	389E37	C59593	EC675A
3k_main_faction_penchang_separatists	199481809	3k_main_chinese	unplayable	Pengcheng Separatists	Pengcheng Separatists	default		false	false	false	data\ui\flags\3k_main_faction_penchang_separatists	3k_main_military_grouping_han_chinese	0	221	221	You are attacking a Pengcheng Separatists force!	You are defending against a Pengcheng Separatists force!	FACTION_CHOSOKABE	500	vo_Empire	default	brt	false			false	default	3k_main_unit_permission_group_han_chinese		LOCKED_STANDARD	flag_3k_main_faction_penchang_separatists		3k_main_game_lost_earth	flag_3k_main_faction_penchang_separatists	3k_main_game_won_earth	79560C	3D56F0	E663D4	506127	618B9F
3k_main_faction_pingyuan	379703244	3k_main_chinese	unplayable	Pingyuan	Pingyuan Commandery	default		false	false	false	data\ui\flags\3k_main_faction_pingyuan	3k_main_military_grouping_han_chinese	0	221	221	You are attacking a Pingyuan Commandery force!	You are defending against a Pingyuan Commandery force!	FACTION_CHOSOKABE	500	vo_Empire	default	brt	false			false	default	3k_main_unit_permission_group_han_chinese		LOCKED_STANDARD	flag_3k_main_faction_pingyuan		3k_main_game_lost_earth	flag_3k_main_faction_pingyuan	3k_main_game_won_earth	A1988F	DB3B09	6B3EC4	C83312	000000
3k_main_faction_pingyuan_separatists	1200418679	3k_main_chinese	unplayable	Pingyuan Separatists	Pingyuan Commandery Separatists	default		false	false	false	data\ui\flags\3k_main_faction_pingyuan_separatists	3k_main_military_grouping_han_chinese	0	221	221	You are attacking a Pingyuan Commandery Separatists force!	You are defending against a Pingyuan Commandery Separatists force!	FACTION_CHOSOKABE	500	vo_Empire	default	brt	false			false	default	3k_main_unit_permission_group_han_chinese		LOCKED_STANDARD	flag_3k_main_faction_pingyuan_separatists		3k_main_game_lost_earth	flag_3k_main_faction_pingyuan_separatists	3k_main_game_won_earth	4B5856	DA54F4	57C269	EB6DB8	000000
3k_main_faction_poyang	762868167	3k_main_chinese	unplayable	Poyang	Poyang Commandery	default		false	false	false	data\ui\flags\3k_main_faction_poyang	3k_main_military_grouping_han_chinese	0	221	221	You are attacking a Poyang Commandery force!	You are defending against a Poyang Commandery force!	FACTION_CHOSOKABE	500	vo_Empire	default	brt	false			false	default	3k_main_unit_permission_group_han_chinese		LOCKED_STANDARD	flag_3k_main_faction_poyang		3k_main_game_lost_earth	flag_3k_main_faction_poyang	3k_main_game_won_earth	4F4D4D	02FEB9	224DDB	7B5848	F8B213
3k_main_faction_poyang_separatists	1198483984	3k_main_chinese	unplayable	Poyang Separatists	Poyang Separatists	default		false	false	false	data\ui\flags\3k_main_faction_poyang_separatists	3k_main_military_grouping_han_chinese	0	221	221	You are attacking a Poyang Separatists force!	You are defending against a Poyang Separatists force!	FACTION_CHOSOKABE	500	vo_Empire	default	brt	false			false	default	3k_main_unit_permission_group_han_chinese		LOCKED_STANDARD	flag_3k_main_faction_poyang_separatists		3k_main_game_lost_earth	flag_3k_main_faction_poyang_separatists	3k_main_game_won_earth	372A55	D69861	C696D1	ABB724	EE53E5
3k_main_faction_rebels	2041770915	3k_main_chinese	unplayable	Rebels	Rebels	default		true	false	false	data\ui\flags\3k_main_faction_rebels	3k_main_military_grouping_han_chinese	0	221	221	You are attacking a Rebel military force!	You are defending against a Rebel military force!	FACTION_ODA	500	vo_Empire	default	emp	false			false	3k_yellow_turban_config	3k_main_unit_permission_group_han_chinese		LOCKED_STANDARD	flag_3k_main_faction_rebels		3k_main_game_lost_earth	flag_3k_main_faction_rebels	3k_main_game_won_earth	DCBD69	967832	ADADAD	146482	000000
3k_main_faction_runan	708365507	3k_main_chinese	unplayable	Runan	Runan Commandery	default		false	false	false	data\ui\flags\3k_main_faction_runan	3k_main_military_grouping_han_chinese	0	221	221	You are attacking a Runan Commandery force!	You are defending against a Runan Commandery force!	FACTION_CHOSOKABE	500	vo_Empire	default	brt	false			false	default	3k_main_unit_permission_group_han_chinese		LOCKED_STANDARD	flag_3k_main_faction_runan		3k_main_game_lost_earth	flag_3k_main_faction_runan	3k_main_game_won_earth	5E3920	7C59E1	EB9932	F69648	000000
3k_main_faction_runan_separatists	748017509	3k_main_chinese	unplayable	Runan Separatists	Runan Commandery Separatists	default		false	false	false	data\ui\flags\3k_main_faction_runan_separatists	3k_main_military_grouping_han_chinese	0	221	221	You are attacking a Runan Commandery Separatists force!	You are defending against a Runan Commandery Separatists force!	FACTION_CHOSOKABE	500	vo_Empire	default	brt	false			false	default	3k_main_unit_permission_group_han_chinese		LOCKED_STANDARD	flag_3k_main_faction_runan_separatists		3k_main_game_lost_earth	flag_3k_main_faction_runan_separatists	3k_main_game_won_earth	504660	6A220C	49F796	BADBA9	000000
3k_main_faction_shangdang	678827194	3k_main_chinese	unplayable	Shangdang	Shangdang Commandery	default		false	false	false	data\ui\flags\3k_main_faction_shangdang	3k_main_military_grouping_han_chinese	0	221	221	You are attacking a Shangdang Commandery force!	You are defending against a Shangdang Commandery force!	FACTION_CHOSOKABE	500	vo_Empire	default	brt	false			false	default	3k_main_unit_permission_group_han_chinese		LOCKED_STANDARD	flag_3k_main_faction_shangdang		3k_main_game_lost_earth	flag_3k_main_faction_shangdang	3k_main_game_won_earth	1F2B4B	FD1623	DCE482	F4124F	D7C0ED
3k_main_faction_shangdang_separatists	1987254113	3k_main_chinese	unplayable	Shangdang Separatists	Shangdang Separatists	default		false	false	false	data\ui\flags\3k_main_faction_shangdang_separatists	3k_main_military_grouping_han_chinese	0	221	221	You are attacking a Shangdang Separatists force!	You are defending against a Shangdang Separatists force!	FACTION_CHOSOKABE	500	vo_Empire	default	brt	false			false	default	3k_main_unit_permission_group_han_chinese		LOCKED_STANDARD	flag_3k_main_faction_shangdang_separatists		3k_main_game_lost_earth	flag_3k_main_faction_shangdang_separatists	3k_main_game_won_earth	684D0B	E3F6FE	B79DE9	A8B406	1DFC01
3k_main_faction_shangyong	1116556861	3k_main_chinese	unplayable	Shangyong	Shangyong Commandery	default		false	false	false	data\ui\flags\3k_main_faction_shangyong	3k_main_military_grouping_han_chinese	0	221	221	You are attacking a Shangyong Commandery force!	You are defending against a Shangyong Commandery force!	FACTION_CHOSOKABE	500	vo_Empire	default	brt	false			false	default	3k_main_unit_permission_group_han_chinese		LOCKED_STANDARD	flag_3k_main_faction_shangyong		3k_main_game_lost_earth	flag_3k_main_faction_shangyong	3k_main_game_won_earth	24262A	412412	18C560	18755F	000000
3k_main_faction_shangyong_separatists	1396682366	3k_main_chinese	unplayable	Shangyong Separatists	Shangyong Commandery Separatists	default		false	false	false	data\ui\flags\3k_main_faction_shangyong_separatists	3k_main_military_grouping_han_chinese	0	221	221	You are attacking a Shangyong Commandery Separatists force!	You are defending against a Shangyong Commandery Separatists force!	FACTION_CHOSOKABE	500	vo_Empire	default	brt	false			false	default	3k_main_unit_permission_group_han_chinese		LOCKED_STANDARD	flag_3k_main_faction_shangyong_separatists		3k_main_game_lost_earth	flag_3k_main_faction_shangyong_separatists	3k_main_game_won_earth	6A7D9B	27B2CD	BC0169	2825F1	000000
3k_main_faction_shi_separatists	2041770972	3k_main_chinese	unplayable	Ba Separatists	Shi Xie Separatists	default		false	false	false	data\ui\flags\3k_main_faction_shi_separatists	3k_main_military_grouping_han_chinese	0	221	221	You are attacking a Shi Xie Separatist military force!	You are defending against a Shi Xie Separatist military force!	FACTION_CHOSOKABE	500	vo_Empire	default	brt	false			false	default	3k_main_unit_permission_group_han_chinese		LOCKED_STANDARD	flag_3k_main_faction_shi_separatists		3k_main_game_lost_earth	flag_3k_main_faction_shi_separatists	3k_main_game_won_earth	57829A	967832	ADADAD	1E7D87	000000
3k_main_faction_shi_xie	2041770949	3k_main_chinese	playable	Ba	Shi Xie	default		false	false	false	data\ui\flags\3k_main_faction_shi_xie	3k_main_military_grouping_han_chinese	0	221	221	You are attacking a Shi Xie military force!	You are defending against a Shi Xie military force!	FACTION_CHOSOKABE	500	vo_Empire	default	brt	false			false	default	3k_main_unit_permission_group_han_chinese		LOCKED_STANDARD	flag_3k_main_faction_shi_xie	shi_xie	3k_dlc06_game_lost_shi_xie	flag_3k_main_faction_shi_xie	3k_dlc06_game_won_shi_xie	5195BB	AEA2DC	ADADAD	28968C	000000
3k_main_faction_shoufang	219713258	3k_main_chinese	unplayable	Shuofang	Shuofang Commandery	default		false	false	false	data\ui\flags\3k_main_faction_shoufang	3k_main_military_grouping_han_chinese	0	221	221	You are attacking a Shuofang Commandery force!	You are defending against a Shuofang Commandery force!	FACTION_CHOSOKABE	500	vo_Empire	default	brt	false			false	default	3k_main_unit_permission_group_han_chinese		LOCKED_STANDARD	flag_3k_main_faction_shoufang		3k_main_game_lost_earth	flag_3k_main_faction_shoufang	3k_main_game_won_earth	1E2A4E	7D765F	6B9C3F	C68EB0	E9CC92
3k_main_faction_shoufang_separatists	473789069	3k_main_chinese	unplayable	Shuofang Separatists	Shuofang Separatists	default		false	false	false	data\ui\flags\3k_main_faction_shoufang_separatists	3k_main_military_grouping_han_chinese	0	221	221	You are attacking a Shuofang Separatists force!	You are defending against a Shuofang Separatists force!	FACTION_CHOSOKABE	500	vo_Empire	default	brt	false			false	default	3k_main_unit_permission_group_han_chinese		LOCKED_STANDARD	flag_3k_main_faction_shoufang_separatists		3k_main_game_lost_earth	flag_3k_main_faction_shoufang_separatists	3k_main_game_won_earth	485D86	2F0287	0A0DC9	C68D92	67AA97
3k_main_faction_sun_jian	2041769012	3k_main_chinese	playable	Wu	Sun Jian	3k_main_faction_sun_wu		false	true	false	data\ui\flags\3k_main_faction_sun_jian	3k_main_military_grouping_han_chinese	71	221	221	You are attacking a Sun Jian military force!	You are defending against a Sun Jian military force!	FACTION_CHOSOKABE	500	vo_Empire	3k_metal_mp_template	emp	false			false	3k_metal_config	3k_main_unit_permission_group_sun_jian		LOCKED_STANDARD	flag_3k_main_faction_sun_jian	sun_jian	3k_main_game_lost_sun_jian	flag_3k_main_faction_sun_jian	3k_main_game_won_sun_jian	C5312D	D7C8B0	ADADAD	46E19B	060606
3k_main_faction_sun_separatists	2041770922	3k_main_chinese	unplayable	Wu Separatists	Sun Jian Separatists	default		false	false	false	data\ui\flags\3k_main_faction_sun_separatists	3k_main_military_grouping_han_chinese	0	221	221	You are attacking a Sun Jian Separatist military force!	You are defending against a Sun Jian Separatist military force!	FACTION_CHOSOKABE	500	vo_Empire	default	brt	false			false	default	3k_main_unit_permission_group_sun_jian		LOCKED_STANDARD	flag_3k_main_faction_sun_separatists		3k_main_game_lost_earth	flag_3k_main_faction_sun_separatists	3k_main_game_won_earth	735661	BC3A1F	ADADAD	3CC896	000000
3k_main_faction_taishan	1576838833	3k_main_chinese	unplayable	Lean	Lean Commandery	default		false	false	false	data\ui\flags\3k_main_faction_taishan	3k_main_military_grouping_han_chinese	0	221	221	You are attacking a Taishan Commandery force!	You are defending against a Taishan Commandery force!	FACTION_CHOSOKABE	500	vo_Empire	default	brt	false			false	default	3k_main_unit_permission_group_han_chinese		LOCKED_STANDARD	flag_3k_main_faction_taishan		3k_main_game_lost_earth	flag_3k_main_faction_taishan	3k_main_game_won_earth	463E2A	C72883	FC970D	0936C3	000000
3k_main_faction_taishan_separatists	415543104	3k_main_chinese	unplayable	Lean Separatists	Lean Commandery Separatists	default		false	false	false	data\ui\flags\3k_main_faction_taishan_separatists	3k_main_military_grouping_han_chinese	0	221	221	You are attacking a Taishan Commandery Separatists force!	You are defending against a Taishan Commandery Separatists force!	FACTION_CHOSOKABE	500	vo_Empire	default	brt	false			false	default	3k_main_unit_permission_group_han_chinese		LOCKED_STANDARD	flag_3k_main_faction_taishan_separatists		3k_main_game_lost_earth	flag_3k_main_faction_taishan_separatists	3k_main_game_won_earth	93979E	596BAA	3560A2	06BAF9	000000
3k_main_faction_taiyuan	74340080	3k_main_chinese	unplayable	Taiyuan	Taiyuan Commandery	default		false	false	false	data\ui\flags\3k_main_faction_taiyuan	3k_main_military_grouping_han_chinese	0	221	221	You are attacking a Taiyuan Commandery force!	You are defending against a Taiyuan Commandery force!	FACTION_CHOSOKABE	500	vo_Empire	default	brt	false			false	default	3k_main_unit_permission_group_han_chinese		LOCKED_STANDARD	flag_3k_main_faction_taiyuan		3k_main_game_lost_earth	flag_3k_main_faction_taiyuan	3k_main_game_won_earth	26304E	E09F30	C730A2	0DF81C	23C715
3k_main_faction_taiyuan_separatists	483454151	3k_main_chinese	unplayable	Taiyuan Separatists	Taiyuan Separatists	default		false	false	false	data\ui\flags\3k_main_faction_taiyuan_separatists	3k_main_military_grouping_han_chinese	0	221	221	You are attacking a Taiyuan Separatists force!	You are defending against a Taiyuan Separatists force!	FACTION_CHOSOKABE	500	vo_Empire	default	brt	false			false	default	3k_main_unit_permission_group_han_chinese		LOCKED_STANDARD	flag_3k_main_faction_taiyuan_separatists		3k_main_game_lost_earth	flag_3k_main_faction_taiyuan_separatists	3k_main_game_won_earth	31390D	2D3D92	2A4E15	8F89D6	84AA91
3k_main_faction_tao_qian	2041771005	3k_main_chinese	playable	Lu	Tao Qian	default		false	true	false	data\ui\flags\3k_main_faction_tao_qian	3k_main_military_grouping_han_chinese	0	221	221	You are attacking a Tao Qian military force!	You are defending against a Tao Qian military force!	FACTION_CHOSOKABE	500	vo_Empire	default	brt	false			false	3k_dlc04_tao_qian_config	3k_dlc04_unit_permission_group_tao_qian		LOCKED_STANDARD	flag_3k_main_faction_tao_qian	tao_qian	3k_main_game_lost_water_tao_qian	flag_3k_main_faction_tao_qian	3k_main_game_won_water_tao_qian	2B3A6C	967832	ADADAD	50FAA0	000000
3k_main_faction_tao_qian_separatists	1876254350	3k_main_chinese	unplayable	Lu Separatists	Tao Qian Separatists	default		false	false	false	data\ui\flags\3k_main_faction_tao_qian_separatists	3k_main_military_grouping_han_chinese	0	221	221	You are attacking a Tao Qian military force!	You are defending against a Tao Qian military force!	FACTION_CHOSOKABE	500	vo_Empire	default	brt	false			false	default	3k_main_unit_permission_group_han_chinese		LOCKED_STANDARD	flag_3k_main_faction_tao_qian_separatists		3k_main_game_lost_water	flag_3k_main_faction_tao_qian_separatists	3k_main_game_won_water	4A5567	967832	ADADAD	50FAA0	000000
3k_main_faction_tong'an	692796942	3k_main_chinese	unplayable	Southern Jian'an	Southern Jian'an Commandery	default		false	false	false	data\ui\flags\3k_main_faction_tong'an	3k_main_military_grouping_han_chinese	0	221	221	You are attacking a Tong'an Commandery force!	You are defending against a Tong'an Commandery force!	FACTION_CHOSOKABE	500	vo_Empire	default	brt	false			false	default	3k_main_unit_permission_group_han_chinese		LOCKED_STANDARD	flag_3k_main_faction_tong'an		3k_main_game_lost_earth	flag_3k_main_faction_tong'an	3k_main_game_won_earth	6C8635	21032A	ABEC90	38FDAE	000000
3k_main_faction_tong'an_separatists	2117562241	3k_main_chinese	unplayable	Southern Jian'an Separatists	Southern Jian'an Commandery Separatists	default		false	false	false	data\ui\flags\3k_main_faction_tong'an_separatists	3k_main_military_grouping_han_chinese	0	221	221	You are attacking a Tong'an Commandery Separatists force!	You are defending against a Tong'an Commandery Separatists force!	FACTION_CHOSOKABE	500	vo_Empire	default	brt	false			false	default	3k_main_unit_permission_group_han_chinese		LOCKED_STANDARD	flag_3k_main_faction_tong'an_separatists		3k_main_game_lost_earth	flag_3k_main_faction_tong'an_separatists	3k_main_game_won_earth	333D4D	CFAFC0	2AE378	3F79D6	000000
3k_main_faction_wang_kuang	2041771012	3k_main_chinese	unplayable	Wang	Wang Kuang	default		false	false	false	data\ui\flags\3k_main_faction_wang_kuang	3k_main_military_grouping_han_chinese	0	221	221	You are attacking a Wang Kuang military force!	You are defending against a Wang Kuang military force!	FACTION_CHOSOKABE	500	vo_Empire	default	brt	false			false	default	3k_main_unit_permission_group_han_chinese		LOCKED_STANDARD	flag_3k_main_faction_wang_kuang		3k_main_game_lost_earth	flag_3k_main_faction_wang_kuang	3k_main_game_won_earth	614D60	AEA2DC	ADADAD	5A37A5	000000
3k_main_faction_wang_kuang_separatists	2109757369	3k_main_chinese	unplayable	Wang Separatists	Wang Kuang Separatists	default		false	false	false	data\ui\flags\3k_main_faction_wang_kuang_separatists	3k_main_military_grouping_han_chinese	0	221	221	You are attacking a Wang Kuang military force!	You are defending against a Wang Kuang military force!	FACTION_CHOSOKABE	500	vo_Empire	default	brt	false			false	default	3k_main_unit_permission_group_han_chinese		LOCKED_STANDARD	flag_3k_main_faction_wang_kuang_separatists		3k_main_game_lost_earth	flag_3k_main_faction_wang_kuang_separatists	3k_main_game_won_earth	A07338	AEA2DC	ADADAD	5A37A5	000000
3k_main_faction_wang_lang	2041771014	3k_main_chinese	unplayable	Tan	Wang Lang	default		false	false	false	data\ui\flags\3k_main_faction_wang_lang	3k_main_military_grouping_han_chinese	0	221	221	You are attacking a Wang Lang military force!	You are defending against a Wang Lang military force!	FACTION_CHOSOKABE	500	vo_Empire	default	brt	false			false	default	3k_main_unit_permission_group_han_chinese		LOCKED_STANDARD	flag_3k_main_faction_wang_lang		3k_main_game_lost_earth	flag_3k_main_faction_wang_lang	3k_main_game_won_earth	A07338	967832	ADADAD	6450AA	000000
3k_main_faction_wang_lang_separatists	1047434813	3k_main_chinese	unplayable	Tan Separatists	Wang Lang Separatists	default		false	false	false	data\ui\flags\3k_main_faction_wang_lang_separatists	3k_main_military_grouping_han_chinese	0	221	221	You are attacking a Wang Lang military force!	You are defending against a Wang Lang military force!	FACTION_CHOSOKABE	500	vo_Empire	default	brt	false			false	default	3k_main_unit_permission_group_han_chinese		LOCKED_STANDARD	flag_3k_main_faction_wang_lang_separatists		3k_main_game_lost_earth	flag_3k_main_faction_wang_lang_separatists	3k_main_game_won_earth	A79073	967832	ADADAD	6450AA	000000
3k_main_faction_weijun	1178587049	3k_main_chinese	unplayable	Wei Commandery	Wei Commandery	default		false	false	false	data\ui\flags\3k_main_faction_weijun	3k_main_military_grouping_han_chinese	0	221	221	You are attacking a Weijun Commandery force!	You are defending against a Weijun Commandery force!	FACTION_CHOSOKABE	500	vo_Empire	default	brt	false			false	default	3k_main_unit_permission_group_han_chinese		LOCKED_STANDARD	flag_3k_main_faction_weijun		3k_main_game_lost_earth	flag_3k_main_faction_weijun	3k_main_game_won_earth	A19C9F	5A4F3B	5BEFFB	27F614	E5C399
3k_main_faction_weijun_separatists	893834024	3k_main_chinese	unplayable	Wei Separatists	Wei Separatists	default		false	false	false	data\ui\flags\3k_main_faction_weijun_separatists	3k_main_military_grouping_han_chinese	0	221	221	You are attacking a Weijun Separatists force!	You are defending against a Weijun Separatists force!	FACTION_CHOSOKABE	500	vo_Empire	default	brt	false			false	default	3k_main_unit_permission_group_han_chinese		LOCKED_STANDARD	flag_3k_main_faction_weijun_separatists		3k_main_game_lost_earth	flag_3k_main_faction_weijun_separatists	3k_main_game_won_earth	4C6189	CC7708	F3B47C	25D0E1	9BB4E2
3k_main_faction_wudu	1414095078	3k_main_chinese	unplayable	Wudu	Wudu Commandery	default		false	false	false	data\ui\flags\3k_main_faction_wudu	3k_main_military_grouping_han_chinese	0	221	221	You are attacking a Xiabian Commandery force!	You are defending against a Xiabian Commandery force!	FACTION_CHOSOKABE	500	vo_Empire	default	brt	false			false	default	3k_main_unit_permission_group_han_chinese		LOCKED_STANDARD	flag_3k_main_faction_wudu		3k_main_game_lost_earth	flag_3k_main_faction_wudu	3k_main_game_won_earth	453D2A	01EC26	D3F9BA	1CE370	000000
3k_main_faction_wudu_separatists	143059302	3k_main_chinese	unplayable	Wudu Separatists	Wudu Commandery Separatists	default		false	false	false	data\ui\flags\3k_main_faction_wudu_separatists	3k_main_military_grouping_han_chinese	0	221	221	You are attacking a Xiabian Commandery Separatists force!	You are defending against a Xiabian Commandery Separatists force!	FACTION_CHOSOKABE	500	vo_Empire	default	brt	false			false	default	3k_main_unit_permission_group_han_chinese		LOCKED_STANDARD	flag_3k_main_faction_wudu_separatists		3k_main_game_lost_earth	flag_3k_main_faction_wudu_separatists	3k_main_game_won_earth	21250C	A09909	C075BD	8D6C8F	000000
3k_main_faction_wuling	233419653	3k_main_chinese	unplayable	Wuling	Wuling Commandery	default		false	false	false	data\ui\flags\3k_main_faction_wuling	3k_main_military_grouping_han_chinese	0	221	221	You are attacking a Wuling Commandery force!	You are defending against a Wuling Commandery force!	FACTION_CHOSOKABE	500	vo_Empire	default	brt	false			false	default	3k_main_unit_permission_group_han_chinese		LOCKED_STANDARD	flag_3k_main_faction_wuling		3k_main_game_lost_earth	flag_3k_main_faction_wuling	3k_main_game_won_earth	044F4B	11FE27	169DD6	F76EDD	5BDB70
3k_main_faction_wuling_separatists	1617073517	3k_main_chinese	unplayable	Wuling Separatists	Wuling Separatists	default		false	false	false	data\ui\flags\3k_main_faction_wuling_separatists	3k_main_military_grouping_han_chinese	0	221	221	You are attacking a Wuling Separatists force!	You are defending against a Wuling Separatists force!	FACTION_CHOSOKABE	500	vo_Empire	default	brt	false			false	default	3k_main_unit_permission_group_han_chinese		LOCKED_STANDARD	flag_3k_main_faction_wuling_separatists		3k_main_game_lost_earth	flag_3k_main_faction_wuling_separatists	3k_main_game_won_earth	725309	2ADECF	EDEB0A	77002F	194457
3k_main_faction_wuwei	370822338	3k_main_chinese	unplayable	Wuwei	Wuwei Commandery	default		false	false	false	data\ui\flags\3k_main_faction_wuwei	3k_main_military_grouping_han_chinese	0	221	221	You are attacking a Wuwei Commandery force!	You are defending against a Wuwei Commandery force!	FACTION_CHOSOKABE	500	vo_Empire	default	brt	false			false	default	3k_main_unit_permission_group_han_chinese		LOCKED_STANDARD	flag_3k_main_faction_wuwei		3k_main_game_lost_earth	flag_3k_main_faction_wuwei	3k_main_game_won_earth	4A6B63	4C04C7	C678BE	0227AE	000000
3k_main_faction_wuwei_separatists	2033981151	3k_main_chinese	unplayable	Wuwei Separatists	Wuwei Commandery Separatists	default		false	false	false	data\ui\flags\3k_main_faction_wuwei_separatists	3k_main_military_grouping_han_chinese	0	221	221	You are attacking a Wuwei Commandery Separatists force!	You are defending against a Wuwei Commandery Separatists force!	FACTION_CHOSOKABE	500	vo_Empire	default	brt	false			false	default	3k_main_unit_permission_group_han_chinese		LOCKED_STANDARD	flag_3k_main_faction_wuwei_separatists		3k_main_game_lost_earth	flag_3k_main_faction_wuwei_separatists	3k_main_game_won_earth	584E5B	F76B41	CAEB9F	71B6A9	000000
3k_main_faction_xiangyang	1670849762	3k_main_chinese	unplayable	Xiangyang	Xiangyang Commandery	default		false	false	false	data\ui\flags\3k_main_faction_xiangyang	3k_main_military_grouping_han_chinese	0	221	221	You are attacking a Xiangyang Commandery force!	You are defending against a Xiangyang Commandery force!	FACTION_CHOSOKABE	500	vo_Empire	default	brt	false			false	default	3k_main_unit_permission_group_han_chinese		LOCKED_STANDARD	flag_3k_main_faction_xiangyang		3k_main_game_lost_earth	flag_3k_main_faction_xiangyang	3k_main_game_won_earth	055A56	6195B1	A2BE3B	C44855	1AC053
3k_main_faction_xiangyang_separatists	186989523	3k_main_chinese	unplayable	Xiangyang Separatists	Xiangyang Separatists	default		false	false	false	data\ui\flags\3k_main_faction_xiangyang_separatists	3k_main_military_grouping_han_chinese	0	221	221	You are attacking a Xiangyang Separatists force!	You are defending against a Xiangyang Separatists force!	FACTION_CHOSOKABE	500	vo_Empire	default	brt	false			false	default	3k_main_unit_permission_group_han_chinese		LOCKED_STANDARD	flag_3k_main_faction_xiangyang_separatists		3k_main_game_lost_earth	flag_3k_main_faction_xiangyang_separatists	3k_main_game_won_earth	20345D	0E626C	F25117	005DFD	34120E
3k_main_faction_xihe	741022408	3k_main_chinese	unplayable	Xihe	Xihe Commandery	default		false	false	false	data\ui\flags\3k_main_faction_xihe	3k_main_military_grouping_han_chinese	0	221	221	You are attacking a Xihe Commandery force!	You are defending against a Xihe Commandery force!	FACTION_CHOSOKABE	500	vo_Empire	default	brt	false			false	default	3k_main_unit_permission_group_han_chinese		LOCKED_STANDARD	flag_3k_main_faction_xihe		3k_main_game_lost_earth	flag_3k_main_faction_xihe	3k_main_game_won_earth	6A6046	D924EB	772A2F	6DA6D9	000000
3k_main_faction_xihe_separatists	174586342	3k_main_chinese	unplayable	Xihe Separatists	Xihe Commandery Separatists	default		false	false	false	data\ui\flags\3k_main_faction_xihe_separatists	3k_main_military_grouping_han_chinese	0	221	221	You are attacking a Xihe Commandery Separatists force!	You are defending against a Xihe Commandery Separatists force!	FACTION_CHOSOKABE	500	vo_Empire	default	brt	false			false	default	3k_main_unit_permission_group_han_chinese		LOCKED_STANDARD	flag_3k_main_faction_xihe_separatists		3k_main_game_lost_earth	flag_3k_main_faction_xihe_separatists	3k_main_game_won_earth	525B3A	3680B8	03B7D8	56D8FA	000000
3k_main_faction_xindu	2037104035	3k_main_chinese	unplayable	Xindu	Xindu Commandery	default		false	false	false	data\ui\flags\3k_main_faction_xindu	3k_main_military_grouping_han_chinese	0	221	221	You are attacking a Xindu Commandery force!	You are defending against a Xindu Commandery force!	FACTION_CHOSOKABE	500	vo_Empire	default	brt	false			false	default	3k_main_unit_permission_group_han_chinese		LOCKED_STANDARD	flag_3k_main_faction_xindu		3k_main_game_lost_earth	flag_3k_main_faction_xindu	3k_main_game_won_earth	4C4942	61C183	624441	5D5FD9	5D0FEB
3k_main_faction_xindu_separatists	369906918	3k_main_chinese	unplayable	Xindu Separatists	Xindu Separatists	default		false	false	false	data\ui\flags\3k_main_faction_xindu_separatists	3k_main_military_grouping_han_chinese	0	221	221	You are attacking a Xindu Separatists force!	You are defending against a Xindu Separatists force!	FACTION_CHOSOKABE	500	vo_Empire	default	brt	false			false	default	3k_main_unit_permission_group_han_chinese		LOCKED_STANDARD	flag_3k_main_faction_xindu_separatists		3k_main_game_lost_earth	flag_3k_main_faction_xindu_separatists	3k_main_game_won_earth	233459	D0A81A	428860	DF4FF0	8B9F0D
3k_main_faction_yangzhou	575162835	3k_main_chinese	unplayable	Huainan	Huainan Commandery	default		false	false	false	data\ui\flags\3k_main_faction_yangzhou	3k_main_military_grouping_han_chinese	0	221	221	You are attacking a Shouchun Commandery force!	You are defending against a Shouchun Commandery force!	FACTION_CHOSOKABE	500	vo_Empire	default	brt	false			false	default	3k_main_unit_permission_group_han_chinese		LOCKED_STANDARD	flag_3k_main_faction_yangzhou		3k_main_game_lost_earth	flag_3k_main_faction_yangzhou	3k_main_game_won_earth	2D3652	4D7253	81260F	505140	000000
3k_main_faction_yangzhou_separatists	1095711509	3k_main_chinese	unplayable	Huainan Separatists	Huainan Commandery Separatists	default		false	false	false	data\ui\flags\3k_main_faction_yangzhou_separatists	3k_main_military_grouping_han_chinese	0	221	221	You are attacking a Shouchun Commandery Separatists force!	You are defending against a Shouchun Commandery Separatists force!	FACTION_CHOSOKABE	500	vo_Empire	default	brt	false			false	default	3k_main_unit_permission_group_han_chinese		LOCKED_STANDARD	flag_3k_main_faction_yangzhou_separatists		3k_main_game_lost_earth	flag_3k_main_faction_yangzhou_separatists	3k_main_game_won_earth	617E67	256045	1EC388	F40567	000000
3k_main_faction_yanmen	1340195245	3k_main_chinese	unplayable	Yanmen	Yanmen Commandery	default		false	false	false	data\ui\flags\3k_main_faction_yanmen	3k_main_military_grouping_han_chinese	0	221	221	You are attacking a Yanmen Commandery force!	You are defending against a Yanmen Commandery force!	FACTION_CHOSOKABE	500	vo_Empire	default	brt	false			false	default	3k_main_unit_permission_group_han_chinese		LOCKED_STANDARD	flag_3k_main_faction_yanmen		3k_main_game_lost_earth	flag_3k_main_faction_yanmen	3k_main_game_won_earth	232E50	0FC366	CB8AC8	01EBB4	0F2C6E
3k_main_faction_yanmen_separatists	1559113238	3k_main_chinese	unplayable	Yanmen Separatists	Yanmen Separatists	default		false	false	false	data\ui\flags\3k_main_faction_yanmen_separatists	3k_main_military_grouping_han_chinese	0	221	221	You are attacking a Yanmen Separatists force!	You are defending against a Yanmen Separatists force!	FACTION_CHOSOKABE	500	vo_Empire	default	brt	false			false	default	3k_main_unit_permission_group_han_chinese		LOCKED_STANDARD	flag_3k_main_faction_yanmen_separatists		3k_main_game_lost_earth	flag_3k_main_faction_yanmen_separatists	3k_main_game_won_earth	B1A89E	F548E8	9A84D1	84B12E	EE4398
3k_main_faction_ye	204721868	3k_main_chinese	unplayable	Ye	Ye Commandery	default		false	false	false	data\ui\flags\3k_main_faction_ye	3k_main_military_grouping_han_chinese	0	221	221	You are attacking a Ye Commandery force!	You are defending against a Ye Commandery force!	FACTION_CHOSOKABE	500	vo_Empire	default	brt	false			false	default	3k_main_unit_permission_group_han_chinese		LOCKED_STANDARD	flag_3k_main_faction_ye		3k_main_game_lost_earth	flag_3k_main_faction_ye	3k_main_game_won_earth	977858	7018A7	723596	AB2266	000000
3k_main_faction_ye_separatists	1798668864	3k_main_chinese	unplayable	Ye Separatists	Ye Commandery Separatists	default		false	false	false	data\ui\flags\3k_main_faction_ye_separatists	3k_main_military_grouping_han_chinese	0	221	221	You are attacking a Ye Commandery Separatists force!	You are defending against a Ye Commandery Separatists force!	FACTION_CHOSOKABE	500	vo_Empire	default	brt	false			false	default	3k_main_unit_permission_group_han_chinese		LOCKED_STANDARD	flag_3k_main_faction_ye_separatists		3k_main_game_lost_earth	flag_3k_main_faction_ye_separatists	3k_main_game_won_earth	A3AA52	92A868	8C7D36	7CB1DA	000000
3k_main_faction_yellow_turban_anding	2000957757	3k_main_subculture_yellow_turban	playable	Gong Du Yellow Turbans	Gong Du	3k_main_faction_yellow_turban_anding	yellow_turbans	false	false	false	data\ui\flags\3k_main_faction_yellow_turban_anding	3k_ytr_military_grouping_yellow_turban	0	221	221	You are attacking a Gong Du military force!	You are defending against a Gong Du military force!	FACTION_CHOSOKABE	500	vo_Empire	default_ytr	brt	false			false	3k_yellow_turban_config	3k_ytr_unit_permission_group_yellow_turban_huang_shao	3k_main_faction_yellow_turban_anding	LOCKED_STANDARD	flag_3k_main_faction_yellow_turban_anding	yellow_turban	3k_dlc07_game_lost_gong_du	flag_3k_main_faction_yellow_turban_anding	3k_dlc07_game_won_gong_du	C9893D	000000	000000	000000	000000
3k_main_faction_yellow_turban_generic	1215981822	3k_main_subculture_yellow_turban	unplayable	Yellow Turban Rebellion	Yellow Turban Rebels	3k_main_faction_yellow_turban_rebels		false	false	false	data\ui\flags\3k_main_faction_rebels	3k_ytr_military_grouping_yellow_turban	0	221	221	You are attacking a Yellow Turban Rebels military force!	You are defending against a Yellow Turban Rebels military force!	FACTION_CHOSOKABE	500	vo_Empire	default_ytr	emp	false			false	3k_yellow_turban_config	3k_main_unit_permission_group_yellow_turban		LOCKED_STANDARD	flag_3k_main_faction_yellow_turban_generic	yellow_turban	3k_main_game_lost_yellow_turbans	flag_3k_main_faction_yellow_turban_generic	3k_main_game_won_yellow_turbans	3B3839	967832	000000	000000	000000
3k_main_faction_yellow_turban_rebels	2041771095	3k_main_subculture_yellow_turban	playable	He Yi Yellow Turbans	He Yi	3k_main_faction_yellow_turban_rebels	yellow_turbans	false	false	false	data\ui\flags\3k_main_faction_yellow_turban_rebels	3k_ytr_military_grouping_yellow_turban	0	221	221	You are attacking a He Yi military force!	You are defending against a He Yi military force!	FACTION_CHOSOKABE	500	vo_Empire	default_ytr	brt	false			false	3k_yellow_turban_config	3k_ytr_unit_permission_group_yellow_turban_he_yi	3k_main_faction_yellow_turban_rebels	LOCKED_STANDARD	flag_3k_main_faction_yellow_turban_rebels	yellow_turban	3k_main_game_lost_yellow_turbans	flag_3k_main_faction_yellow_turban_rebels	3k_main_game_won_yellow_turbans_he_yi	E4C155	AEA2DC	ADADAD	6E69AF	000000
3k_main_faction_yellow_turban_taishan	854496514	3k_main_subculture_yellow_turban	playable	Huang Shao Yellow Turbans	Huang Shao	3k_main_faction_yellow_turban_taishan	yellow_turbans	false	false	false	data\ui\flags\3k_main_faction_yellow_turban_taishan	3k_ytr_military_grouping_yellow_turban	0	221	221	You are attacking a Huang Shao military force!	You are defending against a Huang Shao military force!	FACTION_CHOSOKABE	500	vo_Empire	default_ytr	brt	false			false	3k_yellow_turban_config	3k_ytr_unit_permission_group_yellow_turban_gong_du	3k_main_faction_yellow_turban_taishan	LOCKED_STANDARD	flag_3k_main_faction_yellow_turban_taishan	yellow_turban	3k_main_game_lost_yellow_turbans	flag_3k_main_faction_yellow_turban_taishan	3k_main_game_won_yellow_turbans_huang_shao	3F313F	000000	000000	000000	000000
3k_main_faction_yingchuan	28655855	3k_main_chinese	unplayable	Yingchuan	Yingchuan Commandery	default		false	false	false	data\ui\flags\3k_main_faction_yingchuan	3k_main_military_grouping_han_chinese	0	221	221	You are attacking a Xuchang Commandery force!	You are defending against a Xuchang Commandery force!	FACTION_CHOSOKABE	500	vo_Empire	default	brt	false			false	default	3k_main_unit_permission_group_han_chinese		LOCKED_STANDARD	flag_3k_main_faction_yingchuan		3k_main_game_lost_earth	flag_3k_main_faction_yingchuan	3k_main_game_won_earth	7D4336	9EDFA9	9727BA	801395	50ACFB
3k_main_faction_yingchuan_separatists	2029909190	3k_main_chinese	unplayable	Yingchuan Separatists	Yingchuan Separatists	default		false	false	false	data\ui\flags\3k_main_faction_yingchuan_separatists	3k_main_military_grouping_han_chinese	0	221	221	You are attacking a Xuchang Separatists force!	You are defending against a Xuchang Separatists force!	FACTION_CHOSOKABE	500	vo_Empire	default	brt	false			false	default	3k_main_unit_permission_group_han_chinese		LOCKED_STANDARD	flag_3k_main_faction_yingchuan_separatists		3k_main_game_lost_earth	flag_3k_main_faction_yingchuan_separatists	3k_main_game_won_earth	652900	F8D5B4	EB09E7	FFE76C	44F0D5
3k_main_faction_yizhou	628230441	3k_main_chinese	unplayable	Yizhou	Yizhou Commandery	default		false	false	false	data\ui\flags\3k_main_faction_yizhou	3k_main_military_grouping_han_chinese	0	221	221	You are attacking a Yizhou Commandery force!	You are defending against a Yizhou Commandery force!	FACTION_CHOSOKABE	500	vo_Empire	default	brt	false			false	default	3k_main_unit_permission_group_han_chinese		LOCKED_STANDARD	flag_3k_main_faction_yizhou		3k_main_game_lost_earth	flag_3k_main_faction_yizhou	3k_main_game_won_earth	A1978E	59D20D	A9EBCF	259E58	000000
3k_main_faction_yizhou_separatists	985184620	3k_main_chinese	unplayable	Yizhou Separatists	Yizhou Commandery Separatists	default		false	false	false	data\ui\flags\3k_main_faction_yizhou_separatists	3k_main_military_grouping_han_chinese	0	221	221	You are attacking a Yizhou Commandery Separatists force!	You are defending against a Yizhou Commandery Separatists force!	FACTION_CHOSOKABE	500	vo_Empire	default	brt	false			false	default	3k_main_unit_permission_group_han_chinese		LOCKED_STANDARD	flag_3k_main_faction_yizhou_separatists		3k_main_game_lost_earth	flag_3k_main_faction_yizhou_separatists	3k_main_game_won_earth	9C7679	2B540B	A18FFE	6197EA	000000
3k_main_faction_youbeiping	1505386295	3k_main_chinese	unplayable	Youbeiping	Youbeiping Commandery	default		false	false	false	data\ui\flags\3k_main_faction_youbeiping	3k_main_military_grouping_han_chinese	0	221	221	You are attacking a Youbeiping Commandery force!	You are defending against a Youbeiping Commandery force!	FACTION_CHOSOKABE	500	vo_Empire	default	brt	false			false	default	3k_main_unit_permission_group_han_chinese		LOCKED_STANDARD	flag_3k_main_faction_youbeiping		3k_main_game_lost_earth	flag_3k_main_faction_youbeiping	3k_main_game_won_earth	23330E	4B2F61	F01AAF	59B90D	71F510
3k_main_faction_youbeiping_separatists	707743828	3k_main_chinese	unplayable	Youbeiping Separatists	Youbeiping Separatists	default		false	false	false	data\ui\flags\3k_main_faction_youbeiping_separatists	3k_main_military_grouping_han_chinese	0	221	221	You are attacking a Youbeiping Separatists force!	You are defending against a Youbeiping Separatists force!	FACTION_CHOSOKABE	500	vo_Empire	default	brt	false			false	default	3k_main_unit_permission_group_han_chinese		LOCKED_STANDARD	flag_3k_main_faction_youbeiping_separatists		3k_main_game_lost_earth	flag_3k_main_faction_youbeiping_separatists	3k_main_game_won_earth	55201D	345F0E	8C3034	EFAACE	D9121E
3k_main_faction_youzhou	799708328	3k_main_chinese	unplayable	Guangyang	Guangyang Commandery	default		false	false	false	data\ui\flags\3k_main_faction_youzhou	3k_main_military_grouping_han_chinese	0	221	221	You are attacking a Ji Commandery force!	You are defending against a Ji Commandery force!	FACTION_CHOSOKABE	500	vo_Empire	default	brt	false			false	default	3k_main_unit_permission_group_han_chinese		LOCKED_STANDARD	flag_3k_main_faction_youzhou		3k_main_game_lost_earth	flag_3k_main_faction_youzhou	3k_main_game_won_earth	814407	AAA186	F5F587	BBDBC5	000000
3k_main_faction_youzhou_separatists	387517338	3k_main_chinese	unplayable	Guangyang Separatists	Guangyang Commandery Separatists	default		false	false	false	data\ui\flags\3k_main_faction_youzhou_separatists	3k_main_military_grouping_han_chinese	0	221	221	You are attacking a Ji Commandery Separatists force!	You are defending against a Ji Commandery Separatists force!	FACTION_CHOSOKABE	500	vo_Empire	default	brt	false			false	default	3k_main_unit_permission_group_han_chinese		LOCKED_STANDARD	flag_3k_main_faction_youzhou_separatists		3k_main_game_lost_earth	flag_3k_main_faction_youzhou_separatists	3k_main_game_won_earth	49655D	AAD953	44D188	6FB0C6	000000
3k_main_faction_yu	1552242610	3k_main_chinese	unplayable	Yu	Yu Commandery	default		false	false	false	data\ui\flags\3k_main_faction_yu	3k_main_military_grouping_han_chinese	0	221	221	You are attacking a Yu Commandery force!	You are defending against a Yu Commandery force!	FACTION_CHOSOKABE	500	vo_Empire	default	brt	false			false	default	3k_main_unit_permission_group_han_chinese		LOCKED_STANDARD	flag_3k_main_faction_yu		3k_main_game_lost_earth	flag_3k_main_faction_yu	3k_main_game_won_earth	22300C	D5276B	5AD1DA	7FA58E	9DBD84
3k_main_faction_yu_separatists	1247317819	3k_main_chinese	unplayable	Yu Separatists	Yu Separatists	default		false	false	false	data\ui\flags\3k_main_faction_yu_separatists	3k_main_military_grouping_han_chinese	0	221	221	You are attacking a Yu Separatists force!	You are defending against a Yu Separatists force!	FACTION_CHOSOKABE	500	vo_Empire	default	brt	false			false	default	3k_main_unit_permission_group_han_chinese		LOCKED_STANDARD	flag_3k_main_faction_yu_separatists		3k_main_game_lost_earth	flag_3k_main_faction_yu_separatists	3k_main_game_won_earth	735409	723739	175264	13F31C	C8A41C
3k_main_faction_yuan_separatists	2041770959	3k_main_chinese	unplayable	Song Separatists	Yuan Shao Separatists	default		false	false	false	data\ui\flags\3k_main_faction_yuan_separatists	3k_main_military_grouping_han_chinese	0	221	221	You are attacking a Yuan Shao Separatist military force!	You are defending against a Yuan Shao Separatist military force!	FACTION_CHOSOKABE	500	vo_Empire	default	brt	false			false	default	3k_main_unit_permission_group_yuan_shao		LOCKED_STANDARD	flag_3k_main_faction_yuan_separatists		3k_main_game_lost_earth	flag_3k_main_faction_yuan_separatists	3k_main_game_won_earth	EAB330	8D2C22	ADADAD	7882B4	000000
3k_main_faction_yuan_shao	2041770927	3k_main_chinese	playable	Song	Yuan Shao	3k_main_faction_yuan_shao		false	true	false	data\ui\flags\3k_main_faction_yuan_shao	3k_main_military_grouping_han_chinese	0	221	221	You are attacking a Yuan Shao military force!	You are defending against a Yuan Shao military force!	FACTION_CHOSOKABE	500	vo_Empire	3k_earth_mp_template	brt	false			false	3k_earth_config	3k_main_unit_permission_group_yuan_shao		LOCKED_STANDARD	flag_3k_main_faction_yuan_shao	yuan_shao	3k_main_game_lost_yuan_shao	flag_3k_main_faction_yuan_shao	3k_main_game_won_yuan_shao	8A633C	C9B9A2	ADADAD	829BB9	000000
3k_main_faction_yuan_shu	2041771035	3k_main_chinese	playable	Zhong	Yuan Shu	default		false	false	false	data\ui\flags\3k_main_faction_yuan_shu	3k_main_military_grouping_han_chinese	0	221	221	You are attacking a Yuan Shu military force!	You are defending against a Yuan Shu military force!	FACTION_CHOSOKABE	500	vo_Empire	default	brt	false			false	3k_earth_config	3k_main_unit_permission_group_yuan_shu		LOCKED_STANDARD	flag_3k_main_faction_yuan_shu	yuan_shu	3k_main_game_lost_earth_yuan_shu	flag_3k_main_faction_yuan_shu	3k_main_game_won_earth_yuan_shu	D05939	DCA078	ADADAD	8CB4BE	000000
3k_main_faction_yuan_shu_separatists	1253838588	3k_main_chinese	unplayable	Zhong Separatists	Yuan Shu Separatists	default		false	false	false	data\ui\flags\3k_main_faction_yuan_shu_separatists	3k_main_military_grouping_han_chinese	0	221	221	You are attacking a Yuan Shu Separatist military force!	You are defending against a Yuan Shu Separatist military force!	FACTION_CHOSOKABE	500	vo_Empire	default	brt	false			false	default	3k_main_unit_permission_group_yuan_shu		LOCKED_STANDARD	flag_3k_main_faction_yuan_shu_separatists		3k_main_game_lost_earth	flag_3k_main_faction_yuan_shu_separatists	3k_main_game_won_earth	B67836	AEA2DC	ADADAD	3C2314	000000
3k_main_faction_yulin	863113257	3k_main_chinese	unplayable	Yulin	Yulin Commandery	default		false	false	false	data\ui\flags\3k_main_faction_yulin	3k_main_military_grouping_han_chinese	0	221	221	You are attacking a Bushan Commandery force!	You are defending against a Bushan Commandery force!	FACTION_CHOSOKABE	500	vo_Empire	default	brt	false			false	default	3k_main_unit_permission_group_han_chinese		LOCKED_STANDARD	flag_3k_main_faction_yulin		3k_main_game_lost_earth	flag_3k_main_faction_yulin	3k_main_game_won_earth	7C7800	5FDFAF	383A56	E2B7B6	000000
3k_main_faction_yulin_separatists	164970909	3k_main_chinese	unplayable	Yulin Separatists	Yulin Commandery Separatists	default		false	false	false	data\ui\flags\3k_main_faction_yulin_separatists	3k_main_military_grouping_han_chinese	0	221	221	You are attacking a Bushan Commandery Separatists force!	You are defending against a Bushan Commandery Separatists force!	FACTION_CHOSOKABE	500	vo_Empire	default	brt	false			false	default	3k_main_unit_permission_group_han_chinese		LOCKED_STANDARD	flag_3k_main_faction_yulin_separatists		3k_main_game_lost_earth	flag_3k_main_faction_yulin_separatists	3k_main_game_won_earth	508C85	07C29E	3E43C8	59CD4E	000000
3k_main_faction_yuzhang	1940556381	3k_main_chinese	unplayable	Yuzhang	Yuzhang Commandery	default		false	false	false	data\ui\flags\3k_main_faction_yuzhang	3k_main_military_grouping_han_chinese	0	221	221	You are attacking a Yuzhang Commandery force!	You are defending against a Yuzhang Commandery force!	FACTION_CHOSOKABE	500	vo_Empire	default	brt	false			false	default	3k_main_unit_permission_group_han_chinese		LOCKED_STANDARD	flag_3k_main_faction_yuzhang		3k_main_game_lost_earth	flag_3k_main_faction_yuzhang	3k_main_game_won_earth	45421B	D43226	7A9026	7C5121	475D9F
3k_main_faction_yuzhang_separatists	1668501458	3k_main_chinese	unplayable	Yuzhang_Separatists	Yuzhang Separatists	default		false	false	false	data\ui\flags\3k_main_faction_yuzhang_separatists	3k_main_military_grouping_han_chinese	0	221	221	You are attacking a Yuzhang Separatists force!	You are defending against a Yuzhang Separatists force!	FACTION_CHOSOKABE	500	vo_Empire	default	brt	false			false	default	3k_main_unit_permission_group_han_chinese		LOCKED_STANDARD	flag_3k_main_faction_yuzhang_separatists		3k_main_game_lost_earth	flag_3k_main_faction_yuzhang_separatists	3k_main_game_won_earth	083D3E	70BFAA	6251E9	BADE6B	FEBC8A
3k_main_faction_zangke	443296107	3k_main_chinese	unplayable	Zangke	Zangke Commandery	default		false	false	false	data\ui\flags\3k_main_faction_zangke	3k_main_military_grouping_han_chinese	0	221	221	You are attacking a Zangke Commandery force!	You are defending against a Zangke Commandery force!	FACTION_CHOSOKABE	500	vo_Empire	default	brt	false			false	default	3k_main_unit_permission_group_han_chinese		LOCKED_STANDARD	flag_3k_main_faction_zangke		3k_main_game_lost_earth	flag_3k_main_faction_zangke	3k_main_game_won_earth	0A0A00	360AB0	6FD8D6	420733	000000
3k_main_faction_zangke_separatists	1046430360	3k_main_chinese	unplayable	Zangke Separatists	Zangke Commandery Separatists	default		false	false	false	data\ui\flags\3k_main_faction_zangke_separatists	3k_main_military_grouping_han_chinese	0	221	221	You are attacking a Zangke Commandery Separatists force!	You are defending against a Zangke Commandery Separatists force!	FACTION_CHOSOKABE	500	vo_Empire	default	brt	false			false	default	3k_main_unit_permission_group_han_chinese		LOCKED_STANDARD	flag_3k_main_faction_zangke_separatists		3k_main_game_lost_earth	flag_3k_main_faction_zangke_separatists	3k_main_game_won_earth	465849	D9B9E0	54DC72	3A76B4	000000
3k_main_faction_zhai_rong	167374818	3k_main_chinese	unplayable	Chao	Zhai Rong	default		false	false	false	data\ui\flags\3k_main_faction_zhai_rong	3k_main_military_grouping_han_chinese	0	221	221	You are attacking a Zhai Rong military force!	You are defending against a Zhai Rong military force!	FACTION_CHOSOKABE	500	vo_Empire	default	brt	false			false	default	3k_main_unit_permission_group_han_chinese		LOCKED_STANDARD	flag_3k_main_faction_zhai_rong		3k_main_game_lost_earth	flag_3k_main_faction_zhai_rong	3k_main_game_won_earth	99778C	967832	ADADAD	50FAA0	000000
3k_main_faction_zhai_rong_separatists	1790536379	3k_main_chinese	unplayable	Chao Separatists	Zhai Rong Separatists	default		false	false	false	data\ui\flags\3k_main_faction_zhai_rong_separatists	3k_main_military_grouping_han_chinese	0	221	221	You are attacking a Zhai Rong military force!	You are defending against a Zhai Rong military force!	FACTION_CHOSOKABE	500	vo_Empire	default	brt	false			false	default	3k_main_unit_permission_group_han_chinese		LOCKED_STANDARD	flag_3k_main_faction_zhai_rong_separatists		3k_main_game_lost_earth	flag_3k_main_faction_zhai_rong_separatists	3k_main_game_won_earth	3F2429	967832	ADADAD	50FAA0	000000
3k_main_faction_zhang_chao	2041771022	3k_main_chinese	unplayable	Zhongwu	Zhang Chao	default		false	false	false	data\ui\flags\3k_main_faction_zhang_chao	3k_main_military_grouping_han_chinese	0	221	221	You are attacking a Zhang Chao military force!	You are defending against a Zhang Chao military force!	FACTION_CHOSOKABE	500	vo_Empire	default	brt	false			false	default	3k_main_unit_permission_group_han_chinese		LOCKED_STANDARD	flag_3k_main_faction_zhang_chao		3k_main_game_lost_earth	flag_3k_main_faction_zhang_chao	3k_main_game_won_earth	544D59	EAD360	ADADAD	96CDC3	000000
3k_main_faction_zhang_chao_separatists	982691159	3k_main_chinese	unplayable	Zhongwu Separatists	Zhang Chao Separatists	default		false	false	false	data\ui\flags\3k_main_faction_zhang_chao_separatists	3k_main_military_grouping_han_chinese	0	221	221	You are attacking a Zhang Chao military force!	You are defending against a Zhang Chao military force!	FACTION_CHOSOKABE	500	vo_Empire	default	brt	false			false	default	3k_main_unit_permission_group_han_chinese		LOCKED_STANDARD	flag_3k_main_faction_zhang_chao_separatists		3k_main_game_lost_earth	flag_3k_main_faction_zhang_chao_separatists	3k_main_game_won_earth	F5EDEA	EAD360	ADADAD	96CDC3	000000
3k_main_faction_zhang_lu	2041770940	3k_main_chinese	unplayable	Hanning	Zhang Lu	default		false	false	false	data\ui\flags\3k_main_faction_zhang_lu	3k_main_military_grouping_han_chinese	0	221	221	You are attacking a Zhang Lu military force!	You are defending against a Zhang Lu military force!	FACTION_CHOSOKABE	500	vo_Empire	default	brt	false			false	default	3k_main_unit_permission_group_han_chinese		LOCKED_STANDARD	flag_3k_main_faction_zhang_lu		3k_main_game_lost_earth	flag_3k_main_faction_zhang_lu	3k_main_game_won_earth	748B2E	EAD360	ADADAD	A0E6C8	000000
3k_main_faction_zhang_separatists	2041770969	3k_main_chinese	unplayable	Hanning Separatists	Zhang Lu Separatists	default		false	false	false	data\ui\flags\3k_main_faction_zhang_separatists	3k_main_military_grouping_han_chinese	0	221	221	You are attacking a Zhang Lu Separatist military force!	You are defending against a Zhang Lu Separatist military force!	FACTION_CHOSOKABE	500	vo_Empire	default	brt	false			false	default	3k_main_unit_permission_group_han_chinese		LOCKED_STANDARD	flag_3k_main_faction_zhang_separatists		3k_main_game_lost_earth	flag_3k_main_faction_zhang_separatists	3k_main_game_won_earth	9F2D11	967832	ADADAD	AA0DCD	000000
3k_main_faction_zhang_yan	2041770987	3k_dlc05_subculture_bandits	playable	Heishan	Zhang Yan	default	bandits	false	false	false	data\ui\flags\3k_main_faction_zhang_yan	3k_dlc05_military_grouping_bandits	0	221	221	You are attacking a Zhang Yan military force!	You are defending against a Zhang Yan military force!	FACTION_CHOSOKABE	500	vo_Empire	default	brt	false			false	default	3k_main_unit_permission_group_zhang_yan		3k_main_faction_feature_forest_locked_outlaw	flag_3k_main_faction_zhang_yan	bandit	3k_main_game_lost_wood_zhang_yan	flag_3k_main_faction_zhang_yan	3k_main_game_won_wood_zhang_yan	2A714C	AEA2DC	ADADAD	B426D2	000000
3k_main_faction_zhang_yan_separatists	336030978	3k_dlc05_subculture_bandits	unplayable	Heishan Separatists	Zhang Yan Separatists	default	bandits	false	false	false	data\ui\flags\3k_main_faction_zhang_yan_separatists	3k_dlc05_military_grouping_bandits	0	221	221	You are attacking a Zhang Yan Separatist military force!	You are defending against a Zhang Yan Separatist military force!	FACTION_CHOSOKABE	500	vo_Empire	default	brt	false			false	default	3k_main_unit_permission_group_zhang_yan		3k_main_faction_feature_forest_locked_outlaw	flag_3k_main_faction_zhang_yan_separatists		3k_main_game_lost_earth	flag_3k_main_faction_zhang_yan_separatists	3k_main_game_won_earth	975B37	AEA2DC	ADADAD	3C2314	000000
3k_main_faction_zhang_yang	2041770993	3k_main_chinese	unplayable	Zhongshan	Zhang Yang	default		false	false	false	data\ui\flags\3k_main_faction_zhang_yang	3k_main_military_grouping_han_chinese	0	221	221	You are attacking a Zhang Yang military force!	You are defending against a Zhang Yang military force!	FACTION_CHOSOKABE	500	vo_Empire	default	brt	false			false	default	3k_main_unit_permission_group_han_chinese		LOCKED_STANDARD	flag_3k_main_faction_zhang_yang		3k_main_game_lost_earth	flag_3k_main_faction_zhang_yang	3k_main_game_won_earth	87383E	AEA2DC	ADADAD	BE3FD7	000000
3k_main_faction_zhang_yang_separatists	610193568	3k_main_chinese	unplayable	Zhongshan Separatists	Zhang Yang Separatists	default		false	false	false	data\ui\flags\3k_main_faction_zhang_yang_separatists	3k_main_military_grouping_han_chinese	0	221	221	You are attacking a Zhang Yang military force!	You are defending against a Zhang Yang military force!	FACTION_CHOSOKABE	500	vo_Empire	default	brt	false			false	default	3k_main_unit_permission_group_han_chinese		LOCKED_STANDARD	flag_3k_main_faction_zhang_yang_separatists		3k_main_game_lost_earth	flag_3k_main_faction_zhang_yang_separatists	3k_main_game_won_earth	543240	AEA2DC	ADADAD	BE3FD7	000000
3k_main_faction_zheng_jiang	1637996968	3k_dlc05_subculture_bandits	playable	Tai Bandits	Zheng Jiang	default	bandits	false	true	false	data\ui\flags\3k_main_faction_zheng_jiang	3k_dlc05_military_grouping_bandits	0	221	221	You are attacking a Zheng Jiang military force!	You are defending against a Zheng Jiang military force!	FACTION_CHOSOKABE	500	vo_Empire	3k_wood_mp_template	brt	false			false	3k_wood_config	3k_main_unit_permission_group_zheng_jiang		3k_main_faction_feature_forest_locked_outlaw	flag_3k_main_faction_zheng_jiang	bandit	3k_main_game_lost_zheng_jiang	flag_3k_main_faction_zheng_jiang	3k_main_game_won_zheng_jiang	238E1C	DBDBDB	ADADAD	000000	000000
3k_main_faction_zheng_jiang_separatists	340968678	3k_dlc05_subculture_bandits	unplayable	Tai Separatists	Zheng Jiang Separatists	default	bandits	false	false	false	data\ui\flags\3k_main_faction_zheng_jiang_separatists	3k_dlc05_military_grouping_bandits	0	221	221	You are attacking a Zheng Jiang Separatist military force!	You are defending against a Zheng Jiang Separatist military force!	FACTION_CHOSOKABE	500	vo_Empire	default	brt	false			false	default	3k_main_unit_permission_group_zheng_jiang		3k_main_faction_feature_forest_locked_outlaw	flag_3k_main_faction_zheng_jiang_separatists		3k_main_game_lost_earth	flag_3k_main_faction_zheng_jiang_separatists	3k_main_game_won_earth	C4B8B2	843331	ADADAD	7882B4	000000
3k_main_faction_zhongshan	283438027	3k_main_chinese	unplayable	Zhongshan	Zhongshan Commandery	default		false	false	false	data\ui\flags\3k_main_faction_zhongshan	3k_main_military_grouping_han_chinese	0	221	221	You are attacking a Zhongshan Commandery force!	You are defending against a Zhongshan Commandery force!	FACTION_CHOSOKABE	500	vo_Empire	default	brt	false			false	default	3k_main_unit_permission_group_han_chinese		LOCKED_STANDARD	flag_3k_main_faction_zhongshan		3k_main_game_lost_earth	flag_3k_main_faction_zhongshan	3k_main_game_won_earth	ACA498	6D03E7	19488C	B30FCC	3CB10B
3k_main_faction_zhongshan_separatists	142230233	3k_main_chinese	unplayable	Zhongshan_Separatists	Zhongshan Separatists	default		false	false	false	data\ui\flags\3k_main_faction_zhongshan_separatists	3k_main_military_grouping_han_chinese	0	221	221	You are attacking a Zhongshan Separatists force!	You are defending against a Zhongshan Separatists force!	FACTION_CHOSOKABE	500	vo_Empire	default	brt	false			false	default	3k_main_unit_permission_group_han_chinese		LOCKED_STANDARD	flag_3k_main_faction_zhongshan_separatists		3k_main_game_lost_earth	flag_3k_main_faction_zhongshan_separatists	3k_main_game_won_earth	08346D	DD294A	BB75A1	55FF3A	ADE170
alliance_colour_faction_ally	2041771109	3k_main_chinese	unplayable	ally	ally	default		false	false	false	data\ui\flags\alliance_colour_faction_ally	3k_main_military_grouping_han_chinese	0	221	221	You are attacking an Allied military force!	You are defending against an Allied military force!	FACTION_CHOSOKABE	500	vo_Empire	default	brt	false			false	default	3k_main_unit_permission_group_han_chinese		LOCKED_STANDARD	flag_alliance_colour_faction_ally		3k_main_game_lost_earth	flag_alliance_colour_faction_ally	3k_main_game_won_earth	000000	000000	000000	000000	000000
alliance_colour_faction_enemy	2041771106	3k_main_chinese	unplayable	enemy	enemy	default		false	false	false	data\ui\flags\alliance_colour_faction_enemy	3k_main_military_grouping_han_chinese	0	221	221	You are attacking an Enemy military force!	You are defending against an Enemy military force!	FACTION_CHOSOKABE	500	vo_Empire	default	brt	false			false	default	3k_main_unit_permission_group_han_chinese		LOCKED_STANDARD	flag_alliance_colour_faction_enemy		3k_main_game_lost_earth	flag_alliance_colour_faction_enemy	3k_main_game_won_earth	000000	000000	000000	000000	000000
alliance_colour_faction_player	2041771103	3k_main_chinese	unplayable	player	player	default		false	false	false	data\ui\flags\alliance_colour_faction_player	3k_main_military_grouping_han_chinese	0	221	221	You are attacking a Player military force!	You are defending against a Player military force!	FACTION_CHOSOKABE	500	vo_Empire	default	brt	false			false	default	3k_main_unit_permission_group_han_chinese		LOCKED_STANDARD	flag_alliance_colour_faction_player		3k_main_game_lost_earth	flag_alliance_colour_faction_player	3k_main_game_won_earth	000000	000000	000000	000000	000000
ep_faction_anding	1605450067	3k_main_chinese	unplayable	Anding Commandery	Anding Commandery	default	eight_princes	false	false	false	data\ui\flags\3k_main_faction_anding	3k_main_military_grouping_han_chinese	0	221	221	You are attacking a Anding Commandery force!	You are defending against a Anding Commandery military force!	FACTION_CHOSOKABE	500	vo_Empire	default	brt	false			false	default	ep_unit_permission_group_all		LOCKED_STANDARD	flag_ep_faction_anding			flag_ep_faction_anding		501500	11324F	000000	581800	000000
ep_faction_anding_separatists	68633976	3k_main_chinese	unplayable	Anding Separatists	Anding Separatists	default	eight_princes	false	false	false	data\ui\flags\3k_main_faction_anding_separatists	3k_main_military_grouping_han_chinese	0	221	221	You are attacking a Anding Separatists military force!	You are defending against a Anding Separatists military force!	FACTION_CHOSOKABE	500	vo_Empire	default	brt	false			false	default	ep_unit_permission_group_all		LOCKED_STANDARD	flag_ep_faction_anding_separatists			flag_ep_faction_anding_separatists		10324F	581800	000000	11324F	000000
ep_faction_anping	807365648	3k_main_chinese	unplayable	Anping Commandery	Anping Commandery	default	eight_princes	false	false	false	data\ui\flags\3k_main_faction_anping	3k_main_military_grouping_han_chinese	0	221	221	You are attacking a Anping Commandery military force!	You are defending against a Anping Commandery military force!	FACTION_CHOSOKABE	500	vo_Empire	default	brt	false			false	default	ep_unit_permission_group_all		LOCKED_STANDARD	flag_ep_faction_anping			flag_ep_faction_anping		8B680B	324359	000000	936D0B	000000
ep_faction_anping_separatists	1543578763	3k_main_chinese	unplayable	Anping Separatists	Anping Separatists	default	eight_princes	false	false	false	data\ui\flags\3k_main_faction_anping_separatists	3k_main_military_grouping_han_chinese	0	221	221	You are attacking a Anping Separatists military force!	You are defending against a Anping Separatists military force!	FACTION_CHOSOKABE	500	vo_Empire	default	brt	false			false	default	ep_unit_permission_group_all		LOCKED_STANDARD	flag_ep_faction_anping_separatists			flag_ep_faction_anping_separatists		314157	936D0B	000000	324359	000000
ep_faction_badong	1262603267	3k_main_chinese	unplayable	Badong Commandery	Badong Commandery	default	eight_princes	false	false	false	data\ui\flags\3k_main_faction_badong	3k_main_military_grouping_han_chinese	0	221	221	You are attacking a Yong'an Commandery military force!	You are defending against a Yong'an Commandery military force!	FACTION_CHOSOKABE	500	vo_Empire	default	brt	false			false	default	ep_unit_permission_group_all		LOCKED_STANDARD	flag_ep_faction_badong			flag_ep_faction_badong		05524F	4A1D19	000000	03504C	000000
ep_faction_badong_separatists	1146590010	3k_main_chinese	unplayable	Badong Separatists	Badong Separatists	default	eight_princes	false	false	false	data\ui\flags\3k_main_faction_badong_separatists	3k_main_military_grouping_han_chinese	0	221	221	You are attacking a Yong'an Separatists military force!	You are defending against a Yong'an Separatists military force!	FACTION_CHOSOKABE	500	vo_Empire	default	brt	false			false	default	ep_unit_permission_group_all		LOCKED_STANDARD	flag_ep_faction_badong_separatists			flag_ep_faction_badong_separatists		4E1F19	03504C	000000	4A1D19	000000
ep_faction_bajun	1268433673	3k_main_chinese	unplayable	Ba	Ba Commandery	default	eight_princes	false	false	false	data\ui\flags\3k_main_faction_ba	3k_main_military_grouping_han_chinese	0	221	221	You are attacking a Bajun Commandery military force!	You are defending against a Bajun Commandery military force!	FACTION_CHOSOKABE	500	vo_Empire	default	brt	false			false	default	ep_unit_permission_group_all		LOCKED_STANDARD	flag_ep_faction_bajun			flag_ep_faction_bajun		226A7B	000000	000000	000000	000000
ep_faction_bajun_separatists	111426537	3k_main_chinese	unplayable	Ba Separatists	Ba Commandery Separatists	default	eight_princes	false	false	false	data\ui\flags\3k_main_faction_ba_separatists	3k_main_military_grouping_han_chinese	0	221	221	You are attacking a Bajun Separatists military force!	You are defending against a Bajun Separatists military force!	FACTION_CHOSOKABE	500	vo_Empire	default	brt	false			false	default	ep_unit_permission_group_all		LOCKED_STANDARD	flag_ep_faction_bajun_separatists			flag_ep_faction_bajun_separatists		3F5943	000000	000000	000000	000000
ep_faction_baxi	587698486	3k_main_chinese	unplayable	Baxi Commandery	Baxi Commandery	default	eight_princes	false	false	false	data\ui\flags\3k_main_faction_baxi	3k_main_military_grouping_han_chinese	0	221	221	You are attacking a Langzhong Commandery military force!	You are defending against a Langzhong Commandery military force!	FACTION_CHOSOKABE	500	vo_Empire	default	brt	false			false	default	ep_unit_permission_group_all		LOCKED_STANDARD	flag_ep_faction_baxi			flag_ep_faction_baxi		541E00	2A292A	000000	521D00	000000
ep_faction_baxi_separatists	260314463	3k_main_chinese	unplayable	Baxi Separatists	Baxi Separatists	default	eight_princes	false	false	false	data\ui\flags\3k_main_faction_baxi_separatists	3k_main_military_grouping_han_chinese	0	221	221	You are attacking a Langzhong Separatists military force!	You are defending against a Langzhong Separatists military force!	FACTION_CHOSOKABE	500	vo_Empire	default	brt	false			false	default	ep_unit_permission_group_all		LOCKED_STANDARD	flag_ep_faction_baxi_separatists			flag_ep_faction_baxi_separatists		2F2D2E	521D00	000000	2A292A	000000
ep_faction_beihai	951090013	3k_main_chinese	unplayable	Beihai Commandery	Beihai Commandery	default	eight_princes	false	false	false	data\ui\flags\3k_main_faction_beihai	3k_main_military_grouping_han_chinese	0	221	221	You are attacking a Beihai Commandery military force!	You are defending against a Beihai Commandery military force!	FACTION_CHOSOKABE	500	vo_Empire	default	brt	false			false	default	ep_unit_permission_group_all		LOCKED_STANDARD	flag_ep_faction_beihai			flag_ep_faction_beihai		948D84	A49B91	000000	69525E	000000
ep_faction_beihai_separatists	260571587	3k_main_chinese	unplayable	Beihai Separatists	Beihai Separatists	default	eight_princes	false	false	false	data\ui\flags\3k_main_faction_beihai_separatists	3k_main_military_grouping_han_chinese	0	221	221	You are attacking a Beihai Separatists military force!	You are defending against a Beihai Separatists military force!	FACTION_CHOSOKABE	500	vo_Empire	default	brt	false			false	default	ep_unit_permission_group_all		LOCKED_STANDARD	flag_ep_faction_beihai_separatists			flag_ep_faction_beihai_separatists		755B67	69525E	000000	A49B91	000000
ep_faction_bohai	106757732	3k_main_chinese	unplayable	Bohai Commandery	Bohai Commandery	default	eight_princes	false	false	false	data\ui\flags\3k_main_faction_bohai	3k_main_military_grouping_han_chinese	0	221	221	You are attacking a Bohai Commandery military force!	You are defending against a Bohai Commandery military force!	FACTION_CHOSOKABE	500	vo_Empire	default	brt	false			false	default	ep_unit_permission_group_all		LOCKED_STANDARD	flag_ep_faction_bohai			flag_ep_faction_bohai		2F4114	736F71	000000	314315	000000
ep_faction_bohai_separatists	1032881800	3k_main_chinese	unplayable	Bohai Separatists	Bohai Separatists	default	eight_princes	false	false	false	data\ui\flags\3k_main_faction_bohai_separatists	3k_main_military_grouping_han_chinese	0	221	221	You are attacking a Bohai Separatists military force!	You are defending against a Bohai Separatists military force!	FACTION_CHOSOKABE	500	vo_Empire	default	brt	false			false	default	ep_unit_permission_group_all		LOCKED_STANDARD	flag_ep_faction_bohai_separatists			flag_ep_faction_bohai_separatists		706D6E	314315	000000	736F71	000000
ep_faction_cangwu	470845236	3k_main_chinese	unplayable	Cangwu Commandery	Cangwu Commandery	default	eight_princes	false	false	false	data\ui\flags\3k_main_faction_cangwu	3k_main_military_grouping_han_chinese	0	221	221	You are attacking a Cangwu Commandery military force!	You are defending against a Cangwu Commandery military force!	FACTION_CHOSOKABE	500	vo_Empire	default	brt	false			false	default	ep_unit_permission_group_all		LOCKED_STANDARD	flag_ep_faction_cangwu			flag_ep_faction_cangwu		262525	444C29	000000	272625	000000
ep_faction_cangwu_separatists	572050567	3k_main_chinese	unplayable	Cangwu Separatists	Cangwu Separatists	default	eight_princes	false	false	false	data\ui\flags\3k_main_faction_cangwu_separatists	3k_main_military_grouping_han_chinese	0	221	221	You are attacking a Cangwu Separatists military force!	You are defending against a Cangwu Separatists military force!	FACTION_CHOSOKABE	500	vo_Empire	default	brt	false			false	default	ep_unit_permission_group_all		LOCKED_STANDARD	flag_ep_faction_cangwu_separatists			flag_ep_faction_cangwu_separatists		444B28	272625	000000	444C29	000000
ep_faction_changan	748581097	3k_main_chinese	unplayable	Jingzhao Commandery	Jingzhao Commandery	default	eight_princes	false	false	false	data\ui\flags\3k_main_faction_changan	3k_main_military_grouping_han_chinese	0	221	221	You are attacking a Chang'an Commandery military force!	You are defending against a Chang'an Commandery military force!	FACTION_CHOSOKABE	500	vo_Empire	default	brt	false			false	default	ep_unit_permission_group_all		LOCKED_STANDARD	flag_ep_faction_changan			flag_ep_faction_changan		511907	71520A	000000	4E1807	000000
ep_faction_changan_separatists	1588646070	3k_main_chinese	unplayable	Jingzhao Separatists	Jingzhao Separatists	default	eight_princes	false	false	false	data\ui\flags\3k_main_faction_changan_separatists	3k_main_military_grouping_han_chinese	0	221	221	You are attacking a Chang'an Separatists military force!	You are defending against a Chang'an Separatists military force!	FACTION_CHOSOKABE	500	vo_Empire	default	brt	false			false	default	ep_unit_permission_group_all		LOCKED_STANDARD	flag_ep_faction_changan_separatists			flag_ep_faction_changan_separatists		6F5009	4E1807	000000	71520A	000000
ep_faction_changsha	2029440170	3k_main_chinese	unplayable	Changsha Commandery	Changsha Commandery	default	eight_princes	false	false	false	data\ui\flags\3k_main_faction_changsha	3k_main_military_grouping_han_chinese	0	221	221	You are attacking a Changsha Commandery military force!	You are defending against a Changsha Commandery military force!	FACTION_CHOSOKABE	500	vo_Empire	default	brt	false			false	default	ep_unit_permission_group_all		LOCKED_STANDARD	flag_ep_faction_changsha			flag_ep_faction_changsha		4A5540	544937	000000	4F5A44	000000
ep_faction_changsha_separatists	491840230	3k_main_chinese	unplayable	Changsha Separatists	Changsha Separatists	default	eight_princes	false	false	false	data\ui\flags\3k_main_faction_changsha_separatists	3k_main_military_grouping_han_chinese	0	221	221	You are attacking a Changsha Separatists military force!	You are defending against a Changsha Separatists military force!	FACTION_CHOSOKABE	500	vo_Empire	default	brt	false			false	default	ep_unit_permission_group_all		LOCKED_STANDARD	flag_ep_faction_changsha_separatists			flag_ep_faction_changsha_separatists		544937	4F5A44	000000	544937	000000
ep_faction_chengdu	1461315438	3k_main_chinese	unplayable	Shu	Shu Commandery	default	eight_princes	false	false	false	data\ui\flags\3k_main_faction_chengdu	3k_main_military_grouping_han_chinese	0	221	221	You are attacking a Chengdu Commandery military force!	You are defending against a Chengdu Commandery military force!	FACTION_CHOSOKABE	500	vo_Empire	default	brt	false			false	default	ep_unit_permission_group_all		LOCKED_STANDARD	flag_ep_faction_chengdu			flag_ep_faction_chengdu		552000	1C2F56	000000	511E00	000000
ep_faction_chengdu_separatists	1690879384	3k_main_chinese	unplayable	Shu Separatists	Shu Separatists	default	eight_princes	false	false	false	data\ui\flags\3k_main_faction_chengdu_separatists	3k_main_military_grouping_han_chinese	0	221	221	You are attacking a Chengdu Separatists military force!	You are defending against a Chengdu Separatists military force!	FACTION_CHOSOKABE	500	vo_Empire	default	brt	false			false	default	ep_unit_permission_group_all		LOCKED_STANDARD	flag_ep_faction_chengdu_separatists			flag_ep_faction_chengdu_separatists		1C2D53	511E00	000000	1C2F56	000000
ep_faction_chenjun	195803028	3k_main_chinese	unplayable	Chenjun Commandery	Chenjun Commandery	default	eight_princes	false	false	false	data\ui\flags\3k_main_faction_chen	3k_main_military_grouping_han_chinese	0	221	221	You are attacking a Chenjun Commandery military force!	You are defending against a Chenjun Commandery military force!	FACTION_CHOSOKABE	500	vo_Empire	default	brt	false			false	default	ep_unit_permission_group_all		LOCKED_STANDARD	flag_ep_faction_chenjun			flag_ep_faction_chenjun		404822	000000	000000	000000	000000
ep_faction_chenjun_separatists	751352144	3k_main_chinese	unplayable	Chenjun Separatists	Chenjun Separatists	default	eight_princes	false	false	false	data\ui\flags\3k_main_faction_chen_separatists	3k_main_military_grouping_han_chinese	0	221	221	You are attacking a Chenjun Separatists military force!	You are defending against a Chenjun Separatists military force!	FACTION_CHOSOKABE	500	vo_Empire	default	brt	false			false	default	ep_unit_permission_group_all		LOCKED_STANDARD	flag_ep_faction_chenjun_separatists			flag_ep_faction_chenjun_separatists		688282	000000	000000	000000	000000
ep_faction_daijun	598349194	3k_main_chinese	unplayable	Daijun Commandery	Daijun Commandery	default	eight_princes	false	false	false	data\ui\flags\3k_main_faction_daijun	3k_main_military_grouping_han_chinese	0	221	221	You are attacking a Daijun Commandery military force!	You are defending against a Daijun Commandery military force!	FACTION_CHOSOKABE	500	vo_Empire	default	brt	false			false	default	ep_unit_permission_group_all		LOCKED_STANDARD	flag_ep_faction_daijun			flag_ep_faction_daijun		202F0D	333132	000000	23320D	000000
ep_faction_daijun_separatists	1211323653	3k_main_chinese	unplayable	Daijun Separatists	Daijun Separatists	default	eight_princes	false	false	false	data\ui\flags\3k_main_faction_daijun_separatists	3k_main_military_grouping_han_chinese	0	221	221	You are attacking a Daijun Separatists military force!	You are defending against a Daijun Separatists military force!	FACTION_CHOSOKABE	500	vo_Empire	default	brt	false			false	default	ep_unit_permission_group_all		LOCKED_STANDARD	flag_ep_faction_daijun_separatists			flag_ep_faction_daijun_separatists		313030	23320D	000000	333132	000000
ep_faction_donghai	647992538	3k_main_chinese	unplayable	Donghai Commandery	Donghai Commandery	default	eight_princes	false	false	false	data\ui\flags\3k_main_faction_donghai	3k_main_military_grouping_han_chinese	0	221	221	You are attacking a Donghai Commandery military force!	You are defending against a Donghai Commandery military force!	FACTION_CHOSOKABE	500	vo_Empire	default	brt	false			false	default	ep_unit_permission_group_all		LOCKED_STANDARD	flag_ep_faction_donghai			flag_ep_faction_donghai		4F643B	273D5C	000000	50643B	000000
ep_faction_donghai_separatists	1425972320	3k_main_chinese	unplayable	Donghai Separatists	Donghai Separatists	default	eight_princes	false	false	false	data\ui\flags\3k_main_faction_donghai_separatists	3k_main_military_grouping_han_chinese	0	221	221	You are attacking a Donghai Separatists military force!	You are defending against a Donghai Separatists military force!	FACTION_CHOSOKABE	500	vo_Empire	default	brt	false			false	default	ep_unit_permission_group_all		LOCKED_STANDARD	flag_ep_faction_donghai_separatists			flag_ep_faction_donghai_separatists		283E5D	50643B	000000	273D5C	000000
ep_faction_dongjun	1446403162	3k_main_chinese	unplayable	Dongjun Commandery	Dongjun Commandery	default	eight_princes	false	false	false	data\ui\flags\3k_main_faction_dongjun	3k_main_military_grouping_han_chinese	0	221	221	You are attacking a Dongjun Commandery military force!	You are defending against a Dongjun Commandery military force!	FACTION_CHOSOKABE	500	vo_Empire	default	brt	false			false	default	ep_unit_permission_group_all		LOCKED_STANDARD	flag_ep_faction_dongjun			flag_ep_faction_dongjun		894A3B	B1A69D	000000	7E4437	000000
ep_faction_dongjun_separatists	196324948	3k_main_chinese	unplayable	Dongjun Separatists	Dongjun Separatists	default	eight_princes	false	false	false	data\ui\flags\3k_main_faction_dongjun_separatists	3k_main_military_grouping_han_chinese	0	221	221	You are attacking a Dongjun Separatists military force!	You are defending against a Dongjun Separatists military force!	FACTION_CHOSOKABE	500	vo_Empire	default	brt	false			false	default	ep_unit_permission_group_all		LOCKED_STANDARD	flag_ep_faction_dongjun_separatists			flag_ep_faction_dongjun_separatists		9F958B	7E4437	000000	B1A69D	000000
ep_faction_donglai	920279269	3k_main_chinese	unplayable	Donglai Commandery	Donglai Commandery	default	eight_princes	false	false	false	data\ui\flags\3k_main_faction_donglai	3k_main_military_grouping_han_chinese	0	221	221	You are attacking a Donglai Commandery military force!	You are defending against a Donglai Commandery military force!	FACTION_CHOSOKABE	500	vo_Empire	default	brt	false			false	default	ep_unit_permission_group_all		LOCKED_STANDARD	flag_ep_faction_donglai			flag_ep_faction_donglai		685C3E	5D321D	000000	726343	000000
ep_faction_donglai_separatists	1916039871	3k_main_chinese	unplayable	Donglai Separatists	Donglai Separatists	default	eight_princes	false	false	false	data\ui\flags\3k_main_faction_donglai_separatists	3k_main_military_grouping_han_chinese	0	221	221	You are attacking a Donglai Separatists military force!	You are defending against a Donglai Separatists military force!	FACTION_CHOSOKABE	500	vo_Empire	default	brt	false			false	default	ep_unit_permission_group_all		LOCKED_STANDARD	flag_ep_faction_donglai_separatists			flag_ep_faction_donglai_separatists		572F1C	726343	000000	5D321D	000000
ep_faction_dongou	662356875	3k_main_chinese	unplayable	Linhai	Linhai Commandery	default	eight_princes	false	false	false	data\ui\flags\3k_main_faction_dongou	3k_main_military_grouping_han_chinese	0	221	221	You are attacking a Dong'ou Commandery military force!	You are defending against a Dong'ou Commandery military force!	FACTION_CHOSOKABE	500	vo_Empire	default	brt	false			false	default	ep_unit_permission_group_all		LOCKED_STANDARD	flag_ep_faction_dongou			flag_ep_faction_dongou		42403B	571E19	000000	47443F	000000
ep_faction_dongou_separatists	1648755048	3k_main_chinese	unplayable	Linhai Separatists	Linhai Separatists	default	eight_princes	false	false	false	data\ui\flags\3k_main_faction_dongou_separatists	3k_main_military_grouping_han_chinese	0	221	221	You are attacking a Dong'ou Separatists military force!	You are defending against a Dong'ou Separatists military force!	FACTION_CHOSOKABE	500	vo_Empire	default	brt	false			false	default	ep_unit_permission_group_all		LOCKED_STANDARD	flag_ep_faction_dongou_separatists			flag_ep_faction_dongou_separatists		561E19	47443F	000000	571E19	000000
ep_faction_duke_of_lanling	1028107236	3k_main_chinese	unplayable	Duke of Lanling	Duke of Lanling	default	eight_princes	false	false	false	data\ui\flags\ep_faction_duke_of_lanling	3k_main_military_grouping_han_chinese	0	221	221	You are attacking a Duke of Lanling military force!	You are defending against a Duke of Lanling military force!	FACTION_CHOSOKABE	500	vo_Empire	default	brt	false			false	default	ep_unit_permission_group_all		LOCKED_STANDARD	flag_ep_faction_duke_of_lanling			flag_ep_faction_duke_of_lanling		0B4A6D	2A2828	000000	757170	000000
ep_faction_duke_of_lanling_separatists	203901634	3k_main_chinese	unplayable	Duke of Lanling Separatists	Duke of Lanling Separatists	default	eight_princes	false	false	false	data\ui\flags\ep_faction_duke_of_lanling_separatists	3k_main_military_grouping_han_chinese	0	221	221	You are attacking a Duke of Lanling Separatists military force!	You are defending against a Duke of Lanling Separatists military force!	FACTION_CHOSOKABE	500	vo_Empire	default	brt	false			false	default	ep_unit_permission_group_all		LOCKED_STANDARD	flag_ep_faction_duke_of_lanling_separatists			flag_ep_faction_duke_of_lanling_separatists		ECE9DE	757170	000000	2A2828	000000
ep_faction_empire_of_jin	872710480	3k_main_chinese	unplayable	Jin Empire	Jin Empire	default	eight_princes	false	false	false	data\ui\flags\ep_faction_empire_of_jin	3k_main_military_grouping_han_chinese	0	221	221	You are attacking a Jin Empire military force!	You are defending against a Jin Empire military force!	FACTION_CHOSOKABE	500	vo_Empire	default	brt	false			false	default	ep_unit_permission_group_empire_of_jin		LOCKED_STANDARD	flag_ep_faction_empire_of_jin			flag_ep_faction_empire_of_jin		6C1718	13203D	000000	988E88	000000
ep_faction_empire_of_jin_separatists	1929902106	3k_main_chinese	unplayable	Jin Empire Separatists	Jin Empire Separatists	default	eight_princes	false	false	false	data\ui\flags\ep_faction_empire_of_jin_separatists	3k_main_military_grouping_han_chinese	0	221	221	You are attacking a Jin Empire Separatists military force!	You are defending against a Jin Empire Separatists military force!	FACTION_CHOSOKABE	500	vo_Empire	default	brt	false			false	default	ep_unit_permission_group_all		LOCKED_STANDARD	flag_ep_faction_empire_of_jin_separatists			flag_ep_faction_empire_of_jin_separatists		E0B03B	988E88	000000	13203D	000000
ep_faction_fuling	2027297122	3k_main_chinese	unplayable	Fuling Commandery	Fuling Commandery	default	eight_princes	false	false	false	data\ui\flags\3k_main_faction_fuling	3k_main_military_grouping_han_chinese	0	221	221	You are attacking a Fuling Commandery military force!	You are defending against a Fuling Commandery military force!	FACTION_CHOSOKABE	500	vo_Empire	default	brt	false			false	default	ep_unit_permission_group_all		LOCKED_STANDARD	flag_ep_faction_fuling			flag_ep_faction_fuling		484B76	595951	000000	3F4166	000000
ep_faction_fuling_separatists	1122295556	3k_main_chinese	unplayable	Fuling Separatists	Fuling Separatists	default	eight_princes	false	false	false	data\ui\flags\3k_main_faction_fuling_separatists	3k_main_military_grouping_han_chinese	0	221	221	You are attacking a Fuling Separatists military force!	You are defending against a Fuling Separatists military force!	FACTION_CHOSOKABE	500	vo_Empire	default	brt	false			false	default	ep_unit_permission_group_all		LOCKED_STANDARD	flag_ep_faction_fuling_separatists			flag_ep_faction_fuling_separatists		5E5C54	3F4166	000000	595951	000000
ep_faction_gaoliang	1601957406	3k_main_chinese	unplayable	Gaoliang Commandery	Gaoliang Commandery	default	eight_princes	false	false	false	data\ui\flags\3k_main_faction_gaoliang	3k_main_military_grouping_han_chinese	0	221	221	You are attacking a Gaoliang Commandery military force!	You are defending against a Gaoliang Commandery military force!	FACTION_CHOSOKABE	500	vo_Empire	default	brt	false			false	default	ep_unit_permission_group_all		LOCKED_STANDARD	flag_ep_faction_gaoliang			flag_ep_faction_gaoliang		3B1F47	233253	000000	3E224D	000000
ep_faction_gaoliang_separatists	1922260282	3k_main_chinese	unplayable	Gaoliang Separatists	Gaoliang Separatists	default	eight_princes	false	false	false	data\ui\flags\3k_main_faction_gaoliang_separatists	3k_main_military_grouping_han_chinese	0	221	221	You are attacking a Gaoliang Separatists military force!	You are defending against a Gaoliang Separatists military force!	FACTION_CHOSOKABE	500	vo_Empire	default	brt	false			false	default	ep_unit_permission_group_all		LOCKED_STANDARD	flag_ep_faction_gaoliang_separatists			flag_ep_faction_gaoliang_separatists		22304F	3E224D	000000	233253	000000
ep_faction_guangling	2023081865	3k_main_chinese	unplayable	Guangling Commandery	Guangling Commandery	default	eight_princes	false	false	false	data\ui\flags\3k_main_faction_guangling	3k_main_military_grouping_han_chinese	0	221	221	You are attacking a Huaiyin Commandery military force!	You are defending against a Huaiyin Commandery military force!	FACTION_CHOSOKABE	500	vo_Empire	default	brt	false			false	default	ep_unit_permission_group_all		LOCKED_STANDARD	flag_ep_faction_guangling			flag_ep_faction_guangling		42704C	3F4C54	000000	467852	000000
ep_faction_guangling_separatists	1096426722	3k_main_chinese	unplayable	Guangling Separatists	Guangling Separatists	default	eight_princes	false	false	false	data\ui\flags\3k_main_faction_guangling_separatists	3k_main_military_grouping_han_chinese	0	221	221	You are attacking a Huaiyin Separatists military force!	You are defending against a Huaiyin Separatists military force!	FACTION_CHOSOKABE	500	vo_Empire	default	brt	false			false	default	ep_unit_permission_group_all		LOCKED_STANDARD	flag_ep_faction_guangling_separatists			flag_ep_faction_guangling_separatists		3E4A51	467852	000000	3F4C54	000000
ep_faction_hanzhong	626338381	3k_main_chinese	unplayable	Hanzhong Commandery	Hanzhong Commandery	default	eight_princes	false	false	false	data\ui\flags\3k_main_faction_hanzhong	3k_main_military_grouping_han_chinese	0	221	221	You are attacking a Hanzhong Commandery military force!	You are defending against a Hanzhong Commandery military force!	FACTION_CHOSOKABE	500	vo_Empire	default	brt	false			false	default	ep_unit_permission_group_all		LOCKED_STANDARD	flag_ep_faction_hanzhong			flag_ep_faction_hanzhong		664B09	807D7E	000000	614809	000000
ep_faction_hanzhong_separatists	98673642	3k_main_chinese	unplayable	Hanzhong Separatists	Hanzhong Separatists	default	eight_princes	false	false	false	data\ui\flags\3k_main_faction_hanzhong_separatists	3k_main_military_grouping_han_chinese	0	221	221	You are attacking a Hanzhong Separatists military force!	You are defending against a Hanzhong Separatists military force!	FACTION_CHOSOKABE	500	vo_Empire	default	brt	false			false	default	ep_unit_permission_group_all		LOCKED_STANDARD	flag_ep_faction_hanzhong_separatists			flag_ep_faction_hanzhong_separatists		858182	614809	000000	807D7E	000000
ep_faction_hedong	1600306884	3k_main_chinese	unplayable	Hedong Commandery	Hedong Commandery	default	eight_princes	false	false	false	data\ui\flags\3k_main_faction_hedong	3k_main_military_grouping_han_chinese	0	221	221	You are attacking a Hedong Commandery military force!	You are defending against a Hedong Commandery military force!	FACTION_CHOSOKABE	500	vo_Empire	default	brt	false			false	default	ep_unit_permission_group_all		LOCKED_STANDARD	flag_ep_faction_hedong			flag_ep_faction_hedong		756540	4B664A	000000	806F47	000000
ep_faction_hedong_separatists	680495436	3k_main_chinese	unplayable	Hedong Separatists	Hedong Separatists	default	eight_princes	false	false	false	data\ui\flags\3k_main_faction_hedong_separatists	3k_main_military_grouping_han_chinese	0	221	221	You are attacking a Hedong Separatists military force!	You are defending against a Hedong Separatists military force!	FACTION_CHOSOKABE	500	vo_Empire	default	brt	false			false	default	ep_unit_permission_group_all		LOCKED_STANDARD	flag_ep_faction_hedong_separatists			flag_ep_faction_hedong_separatists		465E44	806F47	000000	4B664A	000000
ep_faction_henei	958345756	3k_main_chinese	unplayable	Henei Commandery	Henei Commandery	default	eight_princes	false	false	false	data\ui\flags\3k_main_faction_henei	3k_main_military_grouping_han_chinese	0	221	221	You are attacking a Henei Commandery military force!	You are defending against a Henei Commandery military force!	FACTION_CHOSOKABE	500	vo_Empire	default	brt	false			false	default	ep_unit_permission_group_all		LOCKED_STANDARD	flag_ep_faction_henei			flag_ep_faction_henei		85473A	323131	000000	834739	000000
ep_faction_henei_separatists	1534243301	3k_main_chinese	unplayable	Henei Separatists	Henei Separatists	default	eight_princes	false	false	false	data\ui\flags\3k_main_faction_henei_separatists	3k_main_military_grouping_han_chinese	0	221	221	You are attacking a Henei Separatists military force!	You are defending against a Henei Separatists military force!	FACTION_CHOSOKABE	500	vo_Empire	default	brt	false			false	default	ep_unit_permission_group_all		LOCKED_STANDARD	flag_ep_faction_henei_separatists			flag_ep_faction_henei_separatists		2F2D2E	834739	000000	323131	000000
ep_faction_hepu	571925662	3k_main_chinese	unplayable	Hepu Commandery	Hepu Commandery	default	eight_princes	false	false	false	data\ui\flags\3k_main_faction_hepu	3k_main_military_grouping_han_chinese	0	221	221	You are attacking a Hepu Commandery military force!	You are defending against a Hepu Commandery military force!	FACTION_CHOSOKABE	500	vo_Empire	default	brt	false			false	default	ep_unit_permission_group_all		LOCKED_STANDARD	flag_ep_faction_hepu			flag_ep_faction_hepu		78453E	435E5D	000000	894E47	000000
ep_faction_hepu_separatists	700168592	3k_main_chinese	unplayable	Hepu Separatists	Hepu Separatists	default	eight_princes	false	false	false	data\ui\flags\3k_main_faction_hepu_separatists	3k_main_military_grouping_han_chinese	0	221	221	You are attacking a Hepu Separatists military force!	You are defending against a Hepu Separatists military force!	FACTION_CHOSOKABE	500	vo_Empire	default	brt	false			false	default	ep_unit_permission_group_all		LOCKED_STANDARD	flag_ep_faction_hepu_separatists			flag_ep_faction_hepu_separatists		445E5D	894E47	000000	435E5D	000000
ep_faction_jianan	1572226798	3k_main_chinese	unplayable	Northern Jian'an	Northern Jian'an Commandery	default	eight_princes	false	false	false	data\ui\flags\3k_main_faction_jianan	3k_main_military_grouping_han_chinese	0	221	221	You are attacking a Jianan Commandery military force!	You are defending against a Jianan Commandery military force!	FACTION_CHOSOKABE	500	vo_Empire	default	brt	false			false	default	ep_unit_permission_group_all		LOCKED_STANDARD	flag_ep_faction_jianan			flag_ep_faction_jianan		46423D	2F2E2F	000000	4A4841	000000
ep_faction_jianan_separatists	387669256	3k_main_chinese	unplayable	Northern Jian'an Separatists	Northern Jian'an Separatists	default	eight_princes	false	false	false	data\ui\flags\3k_main_faction_jianan_separatists	3k_main_military_grouping_han_chinese	0	221	221	You are attacking a Jianan Separatists military force!	You are defending against a Jianan Separatists military force!	FACTION_CHOSOKABE	500	vo_Empire	default	brt	false			false	default	ep_unit_permission_group_all		LOCKED_STANDARD	flag_ep_faction_jianan_separatists			flag_ep_faction_jianan_separatists		2C2B2C	4A4841	000000	2F2E2F	000000
ep_faction_jiangxia	1750323843	3k_main_chinese	unplayable	Jiangxia Commandery	Jiangxia Commandery	default	eight_princes	false	false	false	data\ui\flags\3k_main_faction_jiangxia	3k_main_military_grouping_han_chinese	0	221	221	You are attacking a Jiangxia Commandery military force!	You are defending against a Jiangxia Commandery military force!	FACTION_CHOSOKABE	500	vo_Empire	default	brt	false			false	default	ep_unit_permission_group_all		LOCKED_STANDARD	flag_ep_faction_jiangxia			flag_ep_faction_jiangxia		918A81	324F34	000000	9E948C	000000
ep_faction_jiangxia_separatists	1216866966	3k_main_chinese	unplayable	Jiangxia Separatists	Jiangxia Separatists	default	eight_princes	false	false	false	data\ui\flags\3k_main_faction_jiangxia_separatists	3k_main_military_grouping_han_chinese	0	221	221	You are attacking a Jiangxia Separatists military force!	You are defending against a Jiangxia Separatists military force!	FACTION_CHOSOKABE	500	vo_Empire	default	brt	false			false	default	ep_unit_permission_group_all		LOCKED_STANDARD	flag_ep_faction_jiangxia_separatists			flag_ep_faction_jiangxia_separatists		314E32	9E948C	000000	324F34	000000
ep_faction_jiangyang	1949068561	3k_main_chinese	unplayable	Jiangyang Commandery	Jiangyang Commandery	default	eight_princes	false	false	false	data\ui\flags\3k_main_faction_jiangyang	3k_main_military_grouping_han_chinese	0	221	221	You are attacking a Jiangyang Commandery military force!	You are defending against a Jiangyang Commandery military force!	FACTION_CHOSOKABE	500	vo_Empire	default	brt	false			false	default	ep_unit_permission_group_all		LOCKED_STANDARD	flag_ep_faction_jiangyang			flag_ep_faction_jiangyang		572100	77560A	000000	5E2300	000000
ep_faction_jiangyang_separatists	1567604213	3k_main_chinese	unplayable	Jiangyang Separatists	Jiangyang Separatists	default	eight_princes	false	false	false	data\ui\flags\3k_main_faction_jiangyang_separatists	3k_main_military_grouping_han_chinese	0	221	221	You are attacking a Jiangyang Separatists military force!	You are defending against a Jiangyang Separatists military force!	FACTION_CHOSOKABE	500	vo_Empire	default	brt	false			false	default	ep_unit_permission_group_all		LOCKED_STANDARD	flag_ep_faction_jiangyang_separatists			flag_ep_faction_jiangyang_separatists		755409	5E2300	000000	77560A	000000
ep_faction_jianning	40029867	3k_main_chinese	unplayable	Jianning Commandery	Jianning Commandery	default	eight_princes	false	false	false	data\ui\flags\3k_main_faction_jianning	3k_main_military_grouping_han_chinese	0	221	221	You are attacking a Jianning Commandery military force!	You are defending against a Jianning Commandery military force!	FACTION_CHOSOKABE	500	vo_Empire	default	brt	false			false	default	ep_unit_permission_group_all		LOCKED_STANDARD	flag_ep_faction_jianning			flag_ep_faction_jianning		145023	70524C	000000	23452C	000000
ep_faction_jianning_separatists	1765403634	3k_main_chinese	unplayable	Jianning Separatists	Jianning Separatists	default	eight_princes	false	false	false	data\ui\flags\3k_main_faction_jianning_separatists	3k_main_military_grouping_han_chinese	0	221	221	You are attacking a Jianning Separatists military force!	You are defending against a Jianning Separatists military force!	FACTION_CHOSOKABE	500	vo_Empire	default	brt	false			false	default	ep_unit_permission_group_all		LOCKED_STANDARD	flag_ep_faction_jianning_separatists			flag_ep_faction_jianning_separatists		6E5049	23452C	000000	70524C	000000
ep_faction_jianye	894735074	3k_main_chinese	unplayable	Danyang	Danyang Commandery	default	eight_princes	false	false	false	data\ui\flags\3k_main_faction_jianye	3k_main_military_grouping_han_chinese	0	221	221	You are attacking a Jianye Commandery military force!	You are defending against a Jianye Commandery military force!	FACTION_CHOSOKABE	500	vo_Empire	default	brt	false			false	default	ep_unit_permission_group_all		LOCKED_STANDARD	flag_ep_faction_jianye			flag_ep_faction_jianye		49453F	7B580B	000000	4B4741	000000
ep_faction_jianye_separatists	16935296	3k_main_chinese	unplayable	Danyang Separatists	Danyang Separatists	default	eight_princes	false	false	false	data\ui\flags\3k_main_faction_jianye_separatists	3k_main_military_grouping_han_chinese	0	221	221	You are attacking a Jianye Separatists military force!	You are defending against a Jianye Separatists military force!	FACTION_CHOSOKABE	500	vo_Empire	default	brt	false			false	default	ep_unit_permission_group_all		LOCKED_STANDARD	flag_ep_faction_jianye_separatists			flag_ep_faction_jianye_separatists		76540A	4B4741	000000	7B580B	000000
ep_faction_jiaozhi	908978385	3k_main_chinese	unplayable	Jiaozhi Commandery	Jiaozhi Commandery	default	eight_princes	false	false	false	data\ui\flags\3k_main_faction_jiaozhi	3k_main_military_grouping_han_chinese	0	221	221	You are attacking a Jiaozhi Commandery military force!	You are defending against a Jiaozhi Commandery military force!	FACTION_CHOSOKABE	500	vo_Empire	default	brt	false			false	default	ep_unit_permission_group_all		LOCKED_STANDARD	flag_ep_faction_jiaozhi			flag_ep_faction_jiaozhi		806C38	647D9F	000000	846F39	000000
ep_faction_jiaozhi_separatists	1766123129	3k_main_chinese	unplayable	Jiaozhi Separatists	Jiaozhi Separatists	default	eight_princes	false	false	false	data\ui\flags\3k_main_faction_jiaozhi_separatists	3k_main_military_grouping_han_chinese	0	221	221	You are attacking a Jiaozhi Separatists military force!	You are defending against a Jiaozhi Separatists military force!	FACTION_CHOSOKABE	500	vo_Empire	default	brt	false			false	default	ep_unit_permission_group_all		LOCKED_STANDARD	flag_ep_faction_jiaozhi_separatists			flag_ep_faction_jiaozhi_separatists		5C7190	846F39	000000	647D9F	000000
ep_faction_jincheng	1319714776	3k_main_chinese	unplayable	Jincheng Commandery	Jincheng Commandery	default	eight_princes	false	false	false	data\ui\flags\3k_main_faction_jincheng	3k_main_military_grouping_han_chinese	0	221	221	You are attacking a Jincheng Commandery military force!	You are defending against a Jincheng Commandery military force!	FACTION_CHOSOKABE	500	vo_Empire	default	brt	false			false	default	ep_unit_permission_group_all		LOCKED_STANDARD	flag_ep_faction_jincheng			flag_ep_faction_jincheng		60516E	2F2E2E	000000	645472	000000
ep_faction_jincheng_separatists	76435430	3k_main_chinese	unplayable	Jincheng Separatists	Jincheng Separatists	default	eight_princes	false	false	false	data\ui\flags\3k_main_faction_jincheng_separatists	3k_main_military_grouping_han_chinese	0	221	221	You are attacking a Jincheng Separatists military force!	You are defending against a Jincheng Separatists military force!	FACTION_CHOSOKABE	500	vo_Empire	default	brt	false			false	default	ep_unit_permission_group_all		LOCKED_STANDARD	flag_ep_faction_jincheng_separatists			flag_ep_faction_jincheng_separatists		2E2C2C	645472	000000	2F2E2E	000000
ep_faction_jingzhou	184263954	3k_main_chinese	unplayable	Nan	Nan Commandery	default	eight_princes	false	false	false	data\ui\flags\3k_main_faction_jingzhou	3k_main_military_grouping_han_chinese	0	221	221	You are attacking a Jingzhou Commandery military force!	You are defending against a Jingzhou Commandery military force!	FACTION_CHOSOKABE	500	vo_Empire	default	brt	false			false	default	ep_unit_permission_group_all		LOCKED_STANDARD	flag_ep_faction_jingzhou			flag_ep_faction_jingzhou		5C4E2C	3E4753	000000	675631	000000
ep_faction_jingzhou_separatists	223593551	3k_main_chinese	unplayable	Nan Separatists	Nan Commandery Separatists	default	eight_princes	false	false	false	data\ui\flags\3k_main_faction_jingzhou_separatists	3k_main_military_grouping_han_chinese	0	221	221	You are attacking a Jingzhou Separatists military force!	You are defending against a Jingzhou Separatists military force!	FACTION_CHOSOKABE	500	vo_Empire	default	brt	false			false	default	ep_unit_permission_group_all		LOCKED_STANDARD	flag_ep_faction_jingzhou_separatists			flag_ep_faction_jingzhou_separatists		3D4551	675631	000000	3E4753	000000
ep_faction_kuaiji	522224569	3k_main_chinese	unplayable	Kuaiji Commandery	Kuaiji Commandery	default	eight_princes	false	false	false	data\ui\flags\3k_main_faction_kuaiji	3k_main_military_grouping_han_chinese	0	221	221	You are attacking a Kuaiji Commandery military force!	You are defending against a Kuaiji Commandery military force!	FACTION_CHOSOKABE	500	vo_Empire	default	brt	false			false	default	ep_unit_permission_group_all		LOCKED_STANDARD	flag_ep_faction_kuaiji			flag_ep_faction_kuaiji		403E3F	787577	000000	474546	000000
ep_faction_kuaiji_separatists	1656415811	3k_main_chinese	unplayable	Kuaiji Separatists	Kuaiji Separatists	default	eight_princes	false	false	false	data\ui\flags\3k_main_faction_kuaiji_separatists	3k_main_military_grouping_han_chinese	0	221	221	You are attacking a Kuaiji Separatists military force!	You are defending against a Kuaiji Separatists military force!	FACTION_CHOSOKABE	500	vo_Empire	default	brt	false			false	default	ep_unit_permission_group_all		LOCKED_STANDARD	flag_ep_faction_kuaiji_separatists			flag_ep_faction_kuaiji_separatists		736F70	474546	000000	787577	000000
ep_faction_langye	646176367	3k_main_chinese	unplayable	Langye Commandery	Langye Commandery	default	eight_princes	false	false	false	data\ui\flags\3k_main_faction_langye	3k_main_military_grouping_han_chinese	0	221	221	You are attacking a Langye Commandery military force!	You are defending against a Langye Commandery military force!	FACTION_CHOSOKABE	500	vo_Empire	default	brt	false			false	default	ep_unit_permission_group_all		LOCKED_STANDARD	flag_ep_faction_langye			flag_ep_faction_langye		463C46	3B4451	000000	4C414C	000000
ep_faction_langye_separatists	2118752698	3k_main_chinese	unplayable	Langye Separatists	Langye Separatists	default	eight_princes	false	false	false	data\ui\flags\3k_main_faction_langye_separatists	3k_main_military_grouping_han_chinese	0	221	221	You are attacking a Langye Separatists military force!	You are defending against a Langye Separatists military force!	FACTION_CHOSOKABE	500	vo_Empire	default	brt	false			false	default	ep_unit_permission_group_all		LOCKED_STANDARD	flag_ep_faction_langye_separatists			flag_ep_faction_langye_separatists		39414E	4C414C	000000	3B4451	000000
ep_faction_lingling	1540932610	3k_main_chinese	unplayable	Lingling Commandery	Lingling Commandery	default	eight_princes	false	false	false	data\ui\flags\3k_main_faction_lingling	3k_main_military_grouping_han_chinese	0	221	221	You are attacking a Lingling Commandery military force!	You are defending against a Lingling Commandery military force!	FACTION_CHOSOKABE	500	vo_Empire	default	brt	false			false	default	ep_unit_permission_group_all		LOCKED_STANDARD	flag_ep_faction_lingling			flag_ep_faction_lingling		04534F	302E2F	000000	034D49	000000
ep_faction_lingling_separatists	1791488028	3k_main_chinese	unplayable	Lingling Separatists	Lingling Separatists	default	eight_princes	false	false	false	data\ui\flags\3k_main_faction_lingling_separatists	3k_main_military_grouping_han_chinese	0	221	221	You are attacking a Lingling Separatists military force!	You are defending against a Lingling Separatists military force!	FACTION_CHOSOKABE	500	vo_Empire	default	brt	false			false	default	ep_unit_permission_group_all		LOCKED_STANDARD	flag_ep_faction_lingling_separatists			flag_ep_faction_lingling_separatists		2F2D2E	034D49	000000	302E2F	000000
ep_faction_lujiang	252360428	3k_main_chinese	unplayable	Lujiang Commandery	Lujiang Commandery	default	eight_princes	false	false	false	data\ui\flags\3k_main_faction_lujiang	3k_main_military_grouping_han_chinese	0	221	221	You are attacking a Hefei Commandery military force!	You are defending against a Hefei Commandery military force!	FACTION_CHOSOKABE	500	vo_Empire	default	brt	false			false	default	ep_unit_permission_group_all		LOCKED_STANDARD	flag_ep_faction_lujiang			flag_ep_faction_lujiang		978F87	2A2D33	000000	A2998E	000000
ep_faction_lujiang_separatists	1669851221	3k_main_chinese	unplayable	Lujiang Separatists	Lujiang Separatists	default	eight_princes	false	false	false	data\ui\flags\3k_main_faction_lujiang_separatists	3k_main_military_grouping_han_chinese	0	221	221	You are attacking a Hefei Separatists military force!	You are defending against a Hefei Separatists military force!	FACTION_CHOSOKABE	500	vo_Empire	default	brt	false			false	default	ep_unit_permission_group_all		LOCKED_STANDARD	flag_ep_faction_lujiang_separatists			flag_ep_faction_lujiang_separatists		282B30	A2998E	000000	2A2D33	000000
ep_faction_luling	1089828566	3k_main_chinese	unplayable	Luling Commandery	Luling Commandery	default	eight_princes	false	false	false	data\ui\flags\3k_main_faction_luling	3k_main_military_grouping_han_chinese	0	221	221	You are attacking a Luling Commandery military force!	You are defending against a Luling Commandery military force!	FACTION_CHOSOKABE	500	vo_Empire	default	brt	false			false	default	ep_unit_permission_group_all		LOCKED_STANDARD	flag_ep_faction_luling			flag_ep_faction_luling		4C494A	465E31	000000	565355	000000
ep_faction_luling_separatists	1798731743	3k_main_chinese	unplayable	Luling Separatists	Luling Separatists	default	eight_princes	false	false	false	data\ui\flags\3k_main_faction_luling_separatists	3k_main_military_grouping_han_chinese	0	221	221	You are attacking a Luling Separatists military force!	You are defending against a Luling Separatists military force!	FACTION_CHOSOKABE	500	vo_Empire	default	brt	false			false	default	ep_unit_permission_group_all		LOCKED_STANDARD	flag_ep_faction_luling_separatists			flag_ep_faction_luling_separatists		516C37	565355	000000	465E31	000000
ep_faction_luoyang	709407912	3k_main_chinese	unplayable	Luoyang Commandery	Luoyang Commandery	default	eight_princes	false	false	false	data\ui\flags\3k_main_faction_luoyang	3k_main_military_grouping_han_chinese	0	221	221	You are attacking a Luoyang Commandery military force!	You are defending against a Luoyang Commandery military force!	FACTION_CHOSOKABE	500	vo_Empire	default	brt	false			false	default	ep_unit_permission_group_all		LOCKED_STANDARD	flag_ep_faction_luoyang			flag_ep_faction_luoyang		0B5E75	59613C	000000	0C667F	000000
ep_faction_luoyang_separatists	1279664193	3k_main_chinese	unplayable	Luoyang Separatists	Luoyang Separatists	default	eight_princes	false	false	false	data\ui\flags\3k_main_faction_luoyang_separatists	3k_main_military_grouping_han_chinese	0	221	221	You are attacking a Luoyang Separatists military force!	You are defending against a Luoyang Separatists military force!	FACTION_CHOSOKABE	500	vo_Empire	default	brt	false			false	default	ep_unit_permission_group_all		LOCKED_STANDARD	flag_ep_faction_luoyang_separatists			flag_ep_faction_luoyang_separatists		5A613C	0C667F	000000	59613C	000000
ep_faction_nanhai	872101990	3k_main_chinese	unplayable	Nanhai Commandery	Nanhai Commandery	default	eight_princes	false	false	false	data\ui\flags\3k_main_faction_nanhai	3k_main_military_grouping_han_chinese	0	221	221	You are attacking a Nanhai Commandery military force!	You are defending against a Nanhai Commandery military force!	FACTION_CHOSOKABE	500	vo_Empire	default	brt	false			false	default	ep_unit_permission_group_all		LOCKED_STANDARD	flag_ep_faction_nanhai			flag_ep_faction_nanhai		3C204A	8C898A	000000	3E204B	000000
ep_faction_nanhai_separatists	1143597002	3k_main_chinese	unplayable	Nanhai Separatists	Nanhai Separatists	default	eight_princes	false	false	false	data\ui\flags\3k_main_faction_nanhai_separatists	3k_main_military_grouping_han_chinese	0	221	221	You are attacking a Nanhai Separatists military force!	You are defending against a Nanhai Separatists military force!	FACTION_CHOSOKABE	500	vo_Empire	default	brt	false			false	default	ep_unit_permission_group_all		LOCKED_STANDARD	flag_ep_faction_nanhai_separatists			flag_ep_faction_nanhai_separatists		807C7E	3E204B	000000	8C898A	000000
ep_faction_nanyang	719252180	3k_main_chinese	unplayable	Nanyang Commandery	Nanyang Commandery	default	eight_princes	false	false	false	data\ui\flags\3k_main_faction_nanyang	3k_main_military_grouping_han_chinese	0	221	221	You are attacking a Nanyang Commandery military force!	You are defending against a Nanyang Commandery military force!	FACTION_CHOSOKABE	500	vo_Empire	default	brt	false			false	default	ep_unit_permission_group_all		LOCKED_STANDARD	flag_ep_faction_nanyang			flag_ep_faction_nanyang		6D5B2F	4D5F41	000000	766233	000000
ep_faction_nanyang_separatists	575251709	3k_main_chinese	unplayable	Nanyang Separatists	Nanyang Separatists	default	eight_princes	false	false	false	data\ui\flags\3k_main_faction_nanyang_separatists	3k_main_military_grouping_han_chinese	0	221	221	You are attacking a Nanyang Separatists military force!	You are defending against a Nanyang Separatists military force!	FACTION_CHOSOKABE	500	vo_Empire	default	brt	false			false	default	ep_unit_permission_group_all		LOCKED_STANDARD	flag_ep_faction_nanyang_separatists			flag_ep_faction_nanyang_separatists		47583B	766233	000000	4D5F41	000000
ep_faction_penchang	909739640	3k_main_chinese	unplayable	Pengcheng Commandery	Pengcheng Commandery	default	eight_princes	false	false	false	data\ui\flags\3k_main_faction_penchang	3k_main_military_grouping_han_chinese	0	221	221	You are attacking a Pengcheng Commandery military force!	You are defending against a Pengcheng Commandery military force!	FACTION_CHOSOKABE	500	vo_Empire	default	brt	false			false	default	ep_unit_permission_group_all		LOCKED_STANDARD	flag_ep_faction_penchang			flag_ep_faction_penchang		2A2929	73550A	000000	2A2929	000000
ep_faction_penchang_separatists	715915726	3k_main_chinese	unplayable	Pengcheng Separatists	Pengcheng Separatists	default	eight_princes	false	false	false	data\ui\flags\3k_main_faction_penchang_separatists	3k_main_military_grouping_han_chinese	0	221	221	You are attacking a Pengcheng Separatists military force!	You are defending against a Pengcheng Separatists military force!	FACTION_CHOSOKABE	500	vo_Empire	default	brt	false			false	default	ep_unit_permission_group_all		LOCKED_STANDARD	flag_ep_faction_penchang_separatists			flag_ep_faction_penchang_separatists		79560C	2A2929	000000	73550A	000000
ep_faction_pingyuan	1560781321	3k_main_chinese	unplayable	Pingyuan Commandery	Pingyuan Commandery	default	eight_princes	false	false	false	data\ui\flags\3k_main_faction_pingyuan	3k_main_military_grouping_han_chinese	0	221	221	You are attacking a Pingyuan Commandery military force!	You are defending against a Pingyuan Commandery military force!	FACTION_CHOSOKABE	500	vo_Empire	default	brt	false			false	default	ep_unit_permission_group_all		LOCKED_STANDARD	flag_ep_faction_pingyuan			flag_ep_faction_pingyuan		A1988F	515E5D	000000	A79E94	000000
ep_faction_pingyuan_separatists	1270581080	3k_main_chinese	unplayable	Pingyuan Separatists	Pingyuan Separatists	default	eight_princes	false	false	false	data\ui\flags\3k_main_faction_pingyuan_separatists	3k_main_military_grouping_han_chinese	0	221	221	You are attacking a Pingyuan Separatists military force!	You are defending against a Pingyuan Separatists military force!	FACTION_CHOSOKABE	500	vo_Empire	default	brt	false			false	default	ep_unit_permission_group_all		LOCKED_STANDARD	flag_ep_faction_pingyuan_separatists			flag_ep_faction_pingyuan_separatists		4B5856	A79E94	000000	515E5D	000000
ep_faction_poyang	1152245460	3k_main_chinese	unplayable	Poyang Commandery	Poyang Commandery	default	eight_princes	false	false	false	data\ui\flags\3k_main_faction_poyang	3k_main_military_grouping_han_chinese	0	221	221	You are attacking a Poyang Commandery military force!	You are defending against a Poyang Commandery military force!	FACTION_CHOSOKABE	500	vo_Empire	default	brt	false			false	default	ep_unit_permission_group_all		LOCKED_STANDARD	flag_ep_faction_poyang			flag_ep_faction_poyang		4F4D4D	362A53	000000	504D4E	000000
ep_faction_poyang_separatists	1156366877	3k_main_chinese	unplayable	Poyang Separatists	Poyang Separatists	default	eight_princes	false	false	false	data\ui\flags\3k_main_faction_poyang_separatists	3k_main_military_grouping_han_chinese	0	221	221	You are attacking a Poyang Separatists military force!	You are defending against a Poyang Separatists military force!	FACTION_CHOSOKABE	500	vo_Empire	default	brt	false			false	default	ep_unit_permission_group_all		LOCKED_STANDARD	flag_ep_faction_poyang_separatists			flag_ep_faction_poyang_separatists		372A55	504D4E	000000	362A53	000000
ep_faction_prince_of_ba	870491354	3k_main_chinese	unplayable	Prince of Ba	Prince of Ba	default	eight_princes	false	false	false	data\ui\flags\ep_faction_prince_of_ba	3k_main_military_grouping_han_chinese	0	221	221	You are attacking a Prince of Jiangzhou military force!	You are defending against a Prince of Jiangzhou military force!	FACTION_CHOSOKABE	500	vo_Empire	default	brt	false			false	default	ep_unit_permission_group_all		LOCKED_STANDARD	flag_ep_faction_prince_of_ba			flag_ep_faction_prince_of_ba		164F1B	506A88	000000	807C81	000000
ep_faction_prince_of_ba_separatists	1891703299	3k_main_chinese	unplayable	Prince of Ba Separatists	Prince of Ba Separatists	default	eight_princes	false	false	false	data\ui\flags\ep_faction_prince_of_ba_separatists	3k_main_military_grouping_han_chinese	0	221	221	You are attacking a Prince of Jiangzhou Separatists military force!	You are defending against a Prince of Jiangzhou Separatists military force!	FACTION_CHOSOKABE	500	vo_Empire	default	brt	false			false	default	ep_unit_permission_group_all		LOCKED_STANDARD	flag_ep_faction_prince_of_ba_separatists			flag_ep_faction_prince_of_ba_separatists		E2DFC9	807C81	000000	506A88	000000
ep_faction_prince_of_badong	1457859086	3k_main_chinese	unplayable	Prince of Badong	Prince of Badong	default	eight_princes	false	false	false	data\ui\flags\ep_faction_prince_of_badong	3k_main_military_grouping_han_chinese	0	221	221	You are attacking a Prince of Yong'an military force!	You are defending against a Prince of Yong'an military force!	FACTION_CHOSOKABE	500	vo_Empire	default	brt	false			false	default	ep_unit_permission_group_all		LOCKED_STANDARD	flag_ep_faction_prince_of_badong			flag_ep_faction_prince_of_badong		DDB015	202531	000000	948F96	000000
ep_faction_prince_of_badong_separatists	1091716109	3k_main_chinese	unplayable	Prince of Badong Separatists	Prince of Badong Separatists	default	eight_princes	false	false	false	data\ui\flags\ep_faction_prince_of_badong_separatists	3k_main_military_grouping_han_chinese	0	221	221	You are attacking a Prince of Yong'an Separatists military force!	You are defending against a Prince of Yong'an Separatists military force!	FACTION_CHOSOKABE	500	vo_Empire	default	brt	false			false	default	ep_unit_permission_group_all		LOCKED_STANDARD	flag_ep_faction_prince_of_badong_separatists			flag_ep_faction_prince_of_badong_separatists		2F292A	948F96	000000	202531	000000
ep_faction_prince_of_beihai	1640461152	3k_main_chinese	unplayable	Prince of Beihai	Prince of Beihai	default	eight_princes	false	false	false	data\ui\flags\ep_faction_prince_of_beihai	3k_main_military_grouping_han_chinese	0	221	221	You are attacking a Prince of Beihai military force!	You are defending against a Prince of Beihai military force!	FACTION_CHOSOKABE	500	vo_Empire	default	brt	false			false	default	ep_unit_permission_group_all		LOCKED_STANDARD	flag_ep_faction_prince_of_beihai			flag_ep_faction_prince_of_beihai		6D96BB	005779	000000	837F84	000000
ep_faction_prince_of_beihai_separatists	379283844	3k_main_chinese	unplayable	Prince of Beihai Separatists	Prince of Beihai Separatists	default	eight_princes	false	false	false	data\ui\flags\ep_faction_prince_of_beihai_separatists	3k_main_military_grouping_han_chinese	0	221	221	You are attacking a Prince of Beihai Separatists military force!	You are defending against a Prince of Beihai Separatists military force!	FACTION_CHOSOKABE	500	vo_Empire	default	brt	false			false	default	ep_unit_permission_group_all		LOCKED_STANDARD	flag_ep_faction_prince_of_beihai_separatists			flag_ep_faction_prince_of_beihai_separatists		CEDCDA	837F84	000000	005779	000000
ep_faction_prince_of_cangwu	1053989944	3k_main_chinese	unplayable	Prince of Cangwu	Prince of Cangwu	default	eight_princes	false	false	false	data\ui\flags\ep_faction_prince_of_cangwu	3k_main_military_grouping_han_chinese	0	221	221	You are attacking a Prince of Cangwu military force!	You are defending against a Prince of Cangwu military force!	FACTION_CHOSOKABE	500	vo_Empire	default	brt	false			false	default	ep_unit_permission_group_all		LOCKED_STANDARD	flag_ep_faction_prince_of_cangwu			flag_ep_faction_prince_of_cangwu		232945	9A3E31	000000	858893	000000
ep_faction_prince_of_cangwu_separatists	835494481	3k_main_chinese	unplayable	Prince of Cangwu Separatists	Prince of Cangwu Separatists	default	eight_princes	false	false	false	data\ui\flags\ep_faction_prince_of_cangwu_separatists	3k_main_military_grouping_han_chinese	0	221	221	You are attacking a Prince of Cangwu Separatists military force!	You are defending against a Prince of Cangwu Separatists military force!	FACTION_CHOSOKABE	500	vo_Empire	default	brt	false			false	default	ep_unit_permission_group_all		LOCKED_STANDARD	flag_ep_faction_prince_of_cangwu_separatists			flag_ep_faction_prince_of_cangwu_separatists		ECEDEC	858893	000000	9A3E31	000000
ep_faction_prince_of_changan	185091890	3k_main_chinese	unplayable	Prince of Chang’an	Prince of Chang’an	default	eight_princes	false	false	false	data\ui\flags\ep_faction_prince_of_changan	3k_main_military_grouping_han_chinese	0	221	221	You are attacking a Prince of Chang’an military force!	You are defending against a Prince of Chang’an military force!	FACTION_CHOSOKABE	500	vo_Empire	default	brt	false			false	default	ep_unit_permission_group_all		LOCKED_STANDARD	flag_ep_faction_prince_of_changan			flag_ep_faction_prince_of_changan		89A437	171335	000000	898994	000000
ep_faction_prince_of_changan_separatists	401599739	3k_main_chinese	unplayable	Prince of Chang’an Separatists	Prince of Chang’an Separatists	default	eight_princes	false	false	false	data\ui\flags\ep_faction_prince_of_changan_separatists	3k_main_military_grouping_han_chinese	0	221	221	You are attacking a Prince of Chang’an Separatists military force!	You are defending against a Prince of Chang’an Separatists military force!	FACTION_CHOSOKABE	500	vo_Empire	default	brt	false			false	default	ep_unit_permission_group_all		LOCKED_STANDARD	flag_ep_faction_prince_of_changan_separatists			flag_ep_faction_prince_of_changan_separatists		2F292A	898994	000000	171335	000000
ep_faction_prince_of_changle	1921740792	3k_main_chinese	unplayable	Prince of Changle	Prince of Changle	default	eight_princes	false	false	false	data\ui\flags\ep_faction_prince_of_changle	3k_main_military_grouping_han_chinese	0	221	221	You are attacking a Prince of Changle military force!	You are defending against a Prince of Changle military force!	FACTION_CHOSOKABE	500	vo_Empire	default	brt	false			false	default	ep_unit_permission_group_all		LOCKED_STANDARD	flag_ep_faction_prince_of_changle			flag_ep_faction_prince_of_changle		258E3B	687B27	000000	9E9590	000000
ep_faction_prince_of_changle_separatists	1135444072	3k_main_chinese	unplayable	Prince of Changle Separatists	Prince of Changle Separatists	default	eight_princes	false	false	false	data\ui\flags\ep_faction_prince_of_changle_separatists	3k_main_military_grouping_han_chinese	0	221	221	You are attacking a Prince of Changle Separatists military force!	You are defending against a Prince of Changle Separatistsn military force!	FACTION_CHOSOKABE	500	vo_Empire	default	brt	false			false	default	ep_unit_permission_group_all		LOCKED_STANDARD	flag_ep_faction_prince_of_changle_separatists			flag_ep_faction_prince_of_changle_separatists		E9D6D0	9E9590	000000	687B27	000000
ep_faction_prince_of_changsha	1615105584	3k_main_chinese	playable	Prince of Changsha	Prince of Changsha	default	eight_princes	false	false	false	data\ui\flags\ep_faction_prince_of_changsha	ep_military_grouping	0	221	221	You are attacking a Prince of Changsha military force!	You are defending against a Prince of Changsha military force!	FACTION_CHOSOKABE	500	vo_Empire	default	brt	false			false	default	ep_unit_permission_group_faction_prince_of_changsha		LOCKED_STANDARD	flag_ep_faction_prince_of_changsha	eight_princes	ep_faction_game_lost_sima_ai	flag_ep_faction_prince_of_changsha	ep_faction_game_won_sima_ai	588E32	98AD8A	000000	89A676	000000
ep_faction_prince_of_changsha_separatists	792420086	3k_main_chinese	unplayable	Prince of Changsha Separatists	Prince of Changsha Separatists	default	eight_princes	false	false	false	data\ui\flags\ep_faction_prince_of_changsha_separatists	ep_military_grouping	0	221	221	You are attacking a Prince of Changsha Separatists military force!	You are defending against a Prince of Changsha Separatists military force!	FACTION_CHOSOKABE	500	vo_Empire	default	brt	false			false	default	ep_unit_permission_group_faction_prince_of_changsha		LOCKED_STANDARD	flag_ep_faction_prince_of_changsha_separatists			flag_ep_faction_prince_of_changsha_separatists		ACB377	89A676	000000	98AD8A	000000
ep_faction_prince_of_chengdu	2015394195	3k_main_chinese	playable	Prince of Chengdu	Prince of Chengdu	default	eight_princes	false	false	false	data\ui\flags\ep_faction_prince_of_chengdu	ep_military_grouping	0	221	221	You are attacking a Prince of Chengdu military force!	You are defending against a Prince of Chengdu military force!	FACTION_CHOSOKABE	500	vo_Empire	default	brt	false			false	default	ep_unit_permission_group_faction_prince_of_chengdu		LOCKED_STANDARD	flag_ep_faction_prince_of_chengdu	eight_princes	ep_faction_game_lost_sima_ying	flag_ep_faction_prince_of_chengdu	ep_faction_game_won_sima_ying	273D82	D1C6AF	000000	27437D	000000
ep_faction_prince_of_chengdu_separatists	1916899654	3k_main_chinese	unplayable	Prince of Chengdu Separatists	Prince of Chengdu Separatists	default	eight_princes	false	false	false	data\ui\flags\ep_faction_prince_of_chengdu_separatists	ep_military_grouping	0	221	221	You are attacking a Prince of Chengdu Separatists military force!	You are defending against a Prince of Chengdu Separatists military force!	FACTION_CHOSOKABE	500	vo_Empire	default	brt	false			false	default	ep_unit_permission_group_faction_prince_of_chengdu		LOCKED_STANDARD	flag_ep_faction_prince_of_chengdu_separatists			flag_ep_faction_prince_of_chengdu_separatists		D4C8B8	27437D	000000	D1C6AF	000000
ep_faction_prince_of_chenliu	1456796580	3k_main_chinese	unplayable	Prince of Chenliu	Prince of Chenliu	default	eight_princes	false	false	false	data\ui\flags\ep_faction_prince_of_chenliu	3k_main_military_grouping_han_chinese	0	221	221	You are attacking a Prince of Chenliu military force!	You are defending against a Prince of Chenliu military force!	FACTION_CHOSOKABE	500	vo_Empire	default	brt	false			false	default	ep_unit_permission_group_all		LOCKED_STANDARD	flag_ep_faction_prince_of_chenliu			flag_ep_faction_prince_of_chenliu		CCA737	132E4A	000000	8A8C96	000000
ep_faction_prince_of_chenliu_separatists	450828412	3k_main_chinese	unplayable	Prince of Chenliu Separatists	Prince of Chenliu Separatists	default	eight_princes	false	false	false	data\ui\flags\ep_faction_prince_of_chenliu_separatists	3k_main_military_grouping_han_chinese	0	221	221	You are attacking a Prince of Chenliu Separatists military force!	You are defending against a Prince of Chenliu Separatists military force!	FACTION_CHOSOKABE	500	vo_Empire	default	brt	false			false	default	ep_unit_permission_group_all		LOCKED_STANDARD	flag_ep_faction_prince_of_chenliu_separatists			flag_ep_faction_prince_of_chenliu_separatists		ECEDEC	8A8C96	000000	132E4A	000000
ep_faction_prince_of_chu	244046228	3k_main_chinese	playable	Prince of Chu	Prince of Chu	default	eight_princes	false	false	false	data\ui\flags\ep_faction_prince_of_chu	ep_military_grouping	0	221	221	You are attacking a Prince of Chu military force!	You are defending against a Prince of Chu military force!	FACTION_CHOSOKABE	500	vo_Empire	default	brt	false			false	default	ep_unit_permission_group_faction_prince_of_chu		LOCKED_STANDARD	flag_ep_faction_prince_of_chu	eight_princes	ep_faction_game_lost_sima_wei	flag_ep_faction_prince_of_chu	ep_faction_game_won_sima_wei	862223	98702C	000000	772425	000000
ep_faction_prince_of_chu_separatists	1089395215	3k_main_chinese	unplayable	Prince of Chu Separatists	Prince of Chu Separatists	default	eight_princes	false	false	false	data\ui\flags\ep_faction_prince_of_chu_separatists	ep_military_grouping	0	221	221	You are attacking a Prince of Chu Separatists military force!	You are defending against a Prince of Chu Separatists military force!	FACTION_CHOSOKABE	500	vo_Empire	default	brt	false			false	default	ep_unit_permission_group_faction_prince_of_chu		LOCKED_STANDARD	flag_ep_faction_prince_of_chu_separatists			flag_ep_faction_prince_of_chu_separatists		313656	772425	000000	98702C	000000
ep_faction_prince_of_dai	237689702	3k_main_chinese	unplayable	Prince of Dai	Prince of Dai	default	eight_princes	false	false	false	data\ui\flags\ep_faction_prince_of_dai	3k_main_military_grouping_han_chinese	0	221	221	You are attacking a Prince of Gaoliu military force!	You are defending against a Prince of Gaoliu military force!	FACTION_CHOSOKABE	500	vo_Empire	default	brt	false			false	default	ep_unit_permission_group_all		LOCKED_STANDARD	flag_ep_faction_prince_of_dai			flag_ep_faction_prince_of_dai		3950AA	184679	000000	949594	000000
ep_faction_prince_of_dai_separatists	1789909260	3k_main_chinese	unplayable	Prince of Dai Separatists	Prince of Dai Separatists	default	eight_princes	false	false	false	data\ui\flags\ep_faction_prince_of_dai_separatists	3k_main_military_grouping_han_chinese	0	221	221	You are attacking a Prince of Gaoliu Separatists military force!	You are defending against a Prince of Gaoliu Separatists military force!	FACTION_CHOSOKABE	500	vo_Empire	default	brt	false			false	default	ep_unit_permission_group_all		LOCKED_STANDARD	flag_ep_faction_prince_of_dai_separatists			flag_ep_faction_prince_of_dai_separatists		BDBBB4	949594	000000	184679	000000
ep_faction_prince_of_dongan	1148122276	3k_main_chinese	unplayable	Prince of Dongan	Prince of Dongan	default	eight_princes	false	false	false	data\ui\flags\ep_faction_prince_of_dongan	3k_main_military_grouping_han_chinese	0	221	221	You are attacking a Prince of Dongan military force!	You are defending against a Prince of Dongan military force!	FACTION_CHOSOKABE	500	vo_Empire	default	brt	false			false	default	ep_unit_permission_group_all		LOCKED_STANDARD	flag_ep_faction_prince_of_dongan			flag_ep_faction_prince_of_dongan		589556	3C1226	000000	918B90	000000
ep_faction_prince_of_dongan_separatists	528718198	3k_main_chinese	unplayable	Prince of Dongan Separatists	Prince of Dongan Separatists	default	eight_princes	false	false	false	data\ui\flags\ep_faction_prince_of_dongan_separatists	3k_main_military_grouping_han_chinese	0	221	221	You are attacking a Prince of Dongan Separatists military force!	You are defending against a Prince of Dongan Separatists military force!	FACTION_CHOSOKABE	500	vo_Empire	default	brt	false			false	default	ep_unit_permission_group_all		LOCKED_STANDARD	flag_ep_faction_prince_of_dongan_separatists			flag_ep_faction_prince_of_dongan_separatists		ECE9DE	918B90	000000	3C1226	000000
ep_faction_prince_of_donghai	454294211	3k_main_chinese	playable	Prince of Donghai	Prince of Donghai	default	eight_princes	false	false	false	data\ui\flags\ep_faction_prince_of_donghai	ep_military_grouping	0	221	221	You are attacking a Prince of Donghai military force!	You are defending against a Prince of Donghai military force!	FACTION_CHOSOKABE	500	vo_Empire	default	brt	false			false	default	ep_unit_permission_group_faction_prince_of_donghai		LOCKED_STANDARD	flag_ep_faction_prince_of_donghai	eight_princes	ep_faction_game_lost_sima_yue	flag_ep_faction_prince_of_donghai	ep_faction_game_won_sima_yue	6C5372	2D2B2D	000000	AAA8CF	000000
ep_faction_prince_of_donghai_separatists	1962255007	3k_main_chinese	unplayable	Prince of Donghai Separatists	Prince of Donghai Separatists	default	eight_princes	false	false	false	data\ui\flags\ep_faction_prince_of_donghai_separatists	ep_military_grouping	0	221	221	You are attacking a Prince of Donghai Separatists military force!	You are defending against a Prince of Donghai Separatists military force!	FACTION_CHOSOKABE	500	vo_Empire	default	brt	false			false	default	ep_unit_permission_group_faction_prince_of_donghai		LOCKED_STANDARD	flag_ep_faction_prince_of_donghai_separatists			flag_ep_faction_prince_of_donghai_separatists		261E20	AAA8CF	000000	2D2B2D	000000
ep_faction_prince_of_donglai	78846955	3k_main_chinese	unplayable	Prince of Donglai	Prince of Donglai	default	eight_princes	false	false	false	data\ui\flags\ep_faction_prince_of_donglai	3k_main_military_grouping_han_chinese	0	221	221	You are attacking a Prince of Donglai military force!	You are defending against a Prince of Donglai military force!	FACTION_CHOSOKABE	500	vo_Empire	default	brt	false			false	default	ep_unit_permission_group_all		LOCKED_STANDARD	flag_ep_faction_prince_of_donglai			flag_ep_faction_prince_of_donglai		544D59	002085	000000	8F8B91	000000
ep_faction_prince_of_donglai_separatists	1411352306	3k_main_chinese	unplayable	Prince of Donglai Separatists	Prince of Donglai Separatists	default	eight_princes	false	false	false	data\ui\flags\ep_faction_prince_of_donglai_separatists	3k_main_military_grouping_han_chinese	0	221	221	You are attacking a Prince of Donglai Separatists military force!	You are defending against a Prince of Donglai Separatists military force!	FACTION_CHOSOKABE	500	vo_Empire	default	brt	false			false	default	ep_unit_permission_group_all		LOCKED_STANDARD	flag_ep_faction_prince_of_donglai_separatists			flag_ep_faction_prince_of_donglai_separatists		F5EDEA	8F8B91	000000	002085	000000
ep_faction_prince_of_dongping	2095075833	3k_main_chinese	unplayable	Prince of Dongping	Prince of Dongping	default	eight_princes	false	false	false	data\ui\flags\ep_faction_prince_of_dongping	3k_main_military_grouping_han_chinese	0	221	221	You are attacking a Prince of Dongping military force!	You are defending against a Prince of Dongping military force!	FACTION_CHOSOKABE	500	vo_Empire	default	brt	false			false	default	ep_unit_permission_group_all		LOCKED_STANDARD	flag_ep_faction_prince_of_dongping			flag_ep_faction_prince_of_dongping		586651	113511	000000	9F9691	000000
ep_faction_prince_of_dongping_separatists	1500388230	3k_main_chinese	unplayable	Prince of Dongping Separatists	Prince of Dongping Separatists	default	eight_princes	false	false	false	data\ui\flags\ep_faction_prince_of_dongping_separatists	3k_main_military_grouping_han_chinese	0	221	221	You are attacking a Prince of Dongping Separatists military force!	You are defending against a Prince of Dongping Separatists military force!	FACTION_CHOSOKABE	500	vo_Empire	default	brt	false			false	default	ep_unit_permission_group_all		LOCKED_STANDARD	flag_ep_faction_prince_of_dongping_separatists			flag_ep_faction_prince_of_dongping_separatists		113511	9F9691	000000	113511	000000
ep_faction_prince_of_engcheng	1120308948	3k_main_chinese	unplayable	Prince of Pengcheng	Prince of Pengcheng	default	eight_princes	false	false	false	data\ui\flags\ep_faction_prince_of_engcheng	3k_main_military_grouping_han_chinese	0	221	221	You are attacking a Prince of Pengcheng military force!	You are defending against a Prince of Pengcheng military force!	FACTION_CHOSOKABE	500	vo_Empire	default	brt	false			false	default	ep_unit_permission_group_all		LOCKED_STANDARD	flag_ep_faction_prince_of_engcheng			flag_ep_faction_prince_of_engcheng		000000	000000	000000	000000	000000
ep_faction_prince_of_engcheng_separatists	2073057899	3k_main_chinese	unplayable	Prince of Pengcheng Separatists	Prince of Pengcheng Separatists	default	eight_princes	false	false	false	data\ui\flags\ep_faction_prince_of_engcheng_separatists	3k_main_military_grouping_han_chinese	0	221	221	You are attacking a Prince of Pengcheng Separatists military force!	You are defending against a Prince of Pengcheng Separatists military force!	FACTION_CHOSOKABE	500	vo_Empire	default	brt	false			false	default	ep_unit_permission_group_all		LOCKED_STANDARD	flag_ep_faction_prince_of_engcheng_separatists			flag_ep_faction_prince_of_engcheng_separatists		000000	000000	000000	000000	000000
ep_faction_prince_of_fanyang	246683783	3k_main_chinese	unplayable	Prince of Fanyang	Prince of Fanyang	default	eight_princes	false	false	false	data\ui\flags\ep_faction_prince_of_fanyang	3k_main_military_grouping_han_chinese	0	221	221	You are attacking a Prince of Fanyang military force!	You are defending against a Prince of Fanyang military force!	FACTION_CHOSOKABE	500	vo_Empire	default	brt	false			false	default	ep_unit_permission_group_all		LOCKED_STANDARD	flag_ep_faction_prince_of_fanyang			flag_ep_faction_prince_of_fanyang		536852	133C13	000000	939391	000000
ep_faction_prince_of_fanyang_separatists	1927968695	3k_main_chinese	unplayable	Prince of Fanyang Separatists	Prince of Fanyang Separatists	default	eight_princes	false	false	false	data\ui\flags\ep_faction_prince_of_fanyang_separatists	3k_main_military_grouping_han_chinese	0	221	221	You are attacking a Prince of Fanyang Separatists military force!	You are defending against a Prince of Fanyang Separatists military force!	FACTION_CHOSOKABE	500	vo_Empire	default	brt	false			false	default	ep_unit_permission_group_all		LOCKED_STANDARD	flag_ep_faction_prince_of_fanyang_separatists			flag_ep_faction_prince_of_fanyang_separatists		133C13	939391	000000	133C13	000000
ep_faction_prince_of_fuling	1603504088	3k_main_chinese	unplayable	Prince of Fuling	Prince of Fuling	default	eight_princes	false	false	false	data\ui\flags\ep_faction_prince_of_fuling	3k_main_military_grouping_han_chinese	0	221	221	You are attacking a Prince of Fuling military force!	You are defending against a Prince of Fuling military force!	FACTION_CHOSOKABE	500	vo_Empire	default	brt	false			false	default	ep_unit_permission_group_all		LOCKED_STANDARD	flag_ep_faction_prince_of_fuling			flag_ep_faction_prince_of_fuling		6FAC90	263625	000000	949095	000000
ep_faction_prince_of_fuling_separatists	1729304416	3k_main_chinese	unplayable	Prince of Fuling Separatists	Prince of Fuling Separatists	default	eight_princes	false	false	false	data\ui\flags\ep_faction_prince_of_fuling_separatists	3k_main_military_grouping_han_chinese	0	221	221	You are attacking a Prince of Fuling Separatists military force!	You are defending against a Prince of Fuling Separatists military force!	FACTION_CHOSOKABE	500	vo_Empire	default	brt	false			false	default	ep_unit_permission_group_all		LOCKED_STANDARD	flag_ep_faction_prince_of_fuling_separatists			flag_ep_faction_prince_of_fuling_separatists		2F292A	949095	000000	263625	000000
ep_faction_prince_of_gaoliang	1294842718	3k_main_chinese	unplayable	Prince of Gaoliang	Prince of Gaoliang	default	eight_princes	false	false	false	data\ui\flags\ep_faction_prince_of_gaoliang	3k_main_military_grouping_han_chinese	0	221	221	You are attacking a Prince of Gaoliang military force!	You are defending against a Prince of Gaoliang military force!	FACTION_CHOSOKABE	500	vo_Empire	default	brt	false			false	default	ep_unit_permission_group_all		LOCKED_STANDARD	flag_ep_faction_prince_of_gaoliang			flag_ep_faction_prince_of_gaoliang		74606C	603B4F	000000	898489	000000
ep_faction_prince_of_gaoliang_separatists	1480038252	3k_main_chinese	unplayable	Prince of Gaoliang Separatists	Prince of Gaoliang Separatists	default	eight_princes	false	false	false	data\ui\flags\ep_faction_prince_of_gaoliang_separatists	3k_main_military_grouping_han_chinese	0	221	221	You are attacking a Prince of Gaoliang Separatists military force!	You are defending against a Prince of Gaoliang Separatists military force!	FACTION_CHOSOKABE	500	vo_Empire	default	brt	false			false	default	ep_unit_permission_group_all		LOCKED_STANDARD	flag_ep_faction_prince_of_gaoliang_separatists			flag_ep_faction_prince_of_gaoliang_separatists		603B4F	898489	000000	603B4F	000000
ep_faction_prince_of_gaoyang	1480471746	3k_main_chinese	unplayable	Prince of Gaoyang	Prince of Gaoyang	default	eight_princes	false	false	false	data\ui\flags\ep_faction_prince_of_gaoyang	3k_main_military_grouping_han_chinese	0	221	221	You are attacking a Prince of Gaoyang military force!	You are defending against a Prince of Gaoyang military force!	FACTION_CHOSOKABE	500	vo_Empire	default	brt	false			false	default	ep_unit_permission_group_all		LOCKED_STANDARD	flag_ep_faction_prince_of_gaoyang			flag_ep_faction_prince_of_gaoyang		7A695A	5F3D20	000000	959594	000000
ep_faction_prince_of_gaoyang_separatists	888029612	3k_main_chinese	unplayable	Prince of Gaoyang Separatists	Prince of Gaoyang Separatists	default	eight_princes	false	false	false	data\ui\flags\ep_faction_prince_of_gaoyang_separatists	3k_main_military_grouping_han_chinese	0	221	221	You are attacking a Prince of Gaoyang Separatists military force!	You are defending against a Prince of Gaoyang Separatists military force!	FACTION_CHOSOKABE	500	vo_Empire	default	brt	false			false	default	ep_unit_permission_group_all		LOCKED_STANDARD	flag_ep_faction_prince_of_gaoyang_separatists			flag_ep_faction_prince_of_gaoyang_separatists		5F3D20	959594	000000	5F3D20	000000
ep_faction_prince_of_han	318347570	3k_main_chinese	unplayable	Prince of Han	Prince of Han	default	eight_princes	false	false	false	data\ui\flags\ep_faction_prince_of_han	3k_main_military_grouping_han_chinese	0	221	221	You are attacking a Prince of Han military force!	You are defending against a Prince of Han military force!	FACTION_CHOSOKABE	500	vo_Empire	default	brt	false			false	default	ep_unit_permission_group_all		LOCKED_STANDARD	flag_ep_faction_prince_of_han			flag_ep_faction_prince_of_han		7BBFBE	667B57	000000	918D93	000000
ep_faction_prince_of_han_separatists	443402146	3k_main_chinese	unplayable	Prince of Han Separatists	Prince of Han Separatists	default	eight_princes	false	false	false	data\ui\flags\ep_faction_prince_of_han_separatists	3k_main_military_grouping_han_chinese	0	221	221	You are attacking a Prince of Han Separatists military force!	You are defending against a Prince of Han Separatists military force!	FACTION_CHOSOKABE	500	vo_Empire	default	brt	false			false	default	ep_unit_permission_group_all		LOCKED_STANDARD	flag_ep_faction_prince_of_han_separatists			flag_ep_faction_prince_of_han_separatists		2F292A	918D93	000000	667B57	000000
ep_faction_prince_of_hejian	593670694	3k_main_chinese	playable	Prince of Hejian	Prince of Hejian	default	eight_princes	false	false	false	data\ui\flags\ep_faction_prince_of_hejian	ep_military_grouping	0	221	221	You are attacking a Prince of Hejian military force!	You are defending against a Prince of Hejian military force!	FACTION_CHOSOKABE	500	vo_Empire	default	brt	false			false	default	ep_unit_permission_group_faction_prince_of_hejian		LOCKED_STANDARD	flag_ep_faction_prince_of_hejian	eight_princes	ep_faction_game_lost_sima_yong	flag_ep_faction_prince_of_hejian	ep_faction_game_won_sima_yong	6A1714	9F9FA7	000000	A2480F	000000
ep_faction_prince_of_hejian_separatists	758149741	3k_main_chinese	unplayable	Prince of Hejian Separatists	Prince of Hejian Separatists	default	eight_princes	false	false	false	data\ui\flags\ep_faction_prince_of_hejian_separatists	ep_military_grouping	0	221	221	You are attacking a Prince of Hejian Separatists military force!	You are defending against a Prince of Hejian Separatists military force!	FACTION_CHOSOKABE	500	vo_Empire	default	brt	false			false	default	ep_unit_permission_group_faction_prince_of_hejian		LOCKED_STANDARD	flag_ep_faction_prince_of_hejian_separatists			flag_ep_faction_prince_of_hejian_separatists		1D1E1D	A2480F	000000	9F9FA7	000000
ep_faction_prince_of_henei	158945494	3k_main_chinese	unplayable	Prince of Henei	Prince of Henei	default	eight_princes	false	false	false	data\ui\flags\ep_faction_prince_of_henei	3k_main_military_grouping_han_chinese	0	221	221	You are attacking a Prince of Henei military force!	You are defending against a Prince of Henei military force!	FACTION_CHOSOKABE	500	vo_Empire	default	brt	false			false	default	ep_unit_permission_group_all		LOCKED_STANDARD	flag_ep_faction_prince_of_henei			flag_ep_faction_prince_of_henei		996777	8E898F	000000	996777	000000
ep_faction_prince_of_henei_separatists	1253718871	3k_main_chinese	unplayable	Prince of Henei Separatists	Prince of Henei Separatists	default	eight_princes	false	false	false	data\ui\flags\ep_faction_prince_of_henei_separatists	3k_main_military_grouping_han_chinese	0	221	221	You are attacking a Prince of Henei Separatists military force!	You are defending against a Prince of Henei Separatists military force!	FACTION_CHOSOKABE	500	vo_Empire	default	brt	false			false	default	ep_unit_permission_group_all		LOCKED_STANDARD	flag_ep_faction_prince_of_henei_separatists			flag_ep_faction_prince_of_henei_separatists		8E898F	996777	000000	8E898F	000000
ep_faction_prince_of_hepu	1456917737	3k_main_chinese	unplayable	Prince of Hepu	Prince of Hepu	default	eight_princes	false	false	false	data\ui\flags\ep_faction_prince_of_hepu	3k_main_military_grouping_han_chinese	0	221	221	You are attacking a Prince of Hepu military force!	You are defending against a Prince of Hepu military force!	FACTION_CHOSOKABE	500	vo_Empire	default	brt	false			false	default	ep_unit_permission_group_all		LOCKED_STANDARD	flag_ep_faction_prince_of_hepu			flag_ep_faction_prince_of_hepu		5F834F	1E2B5C	000000	A19893	000000
ep_faction_prince_of_hepu_separatists	1081084739	3k_main_chinese	unplayable	Prince of Hepu Separatists	Prince of Hepu Separatists	default	eight_princes	false	false	false	data\ui\flags\ep_faction_prince_of_hepu_separatists	3k_main_military_grouping_han_chinese	0	221	221	You are attacking a Prince of Hepu Separatists military force!	You are defending against a Prince of Hepu Separatists military force!	FACTION_CHOSOKABE	500	vo_Empire	default	brt	false			false	default	ep_unit_permission_group_all		LOCKED_STANDARD	flag_ep_faction_prince_of_hepu_separatists			flag_ep_faction_prince_of_hepu_separatists		EEC91A	A19893	000000	1E2B5C	000000
ep_faction_prince_of_huainan	1534344323	3k_main_chinese	unplayable	Prince of Huainan	Prince of Huainan	default	eight_princes	false	false	false	data\ui\flags\ep_faction_prince_of_huainan	3k_main_military_grouping_han_chinese	0	221	221	You are attacking a Prince of Huainan military force!	You are defending against a Prince of Huainan military force!	FACTION_CHOSOKABE	500	vo_Empire	default	brt	false			false	default	ep_unit_permission_group_all		LOCKED_STANDARD	flag_ep_faction_prince_of_huainan			flag_ep_faction_prince_of_huainan		666257	3A391D	000000	918C91	000000
ep_faction_prince_of_huainan_separatists	2116638012	3k_main_chinese	unplayable	Prince of Huainan Separatists	Prince of Huainan Separatists	default	eight_princes	false	false	false	data\ui\flags\ep_faction_prince_of_huainan_separatists	3k_main_military_grouping_han_chinese	0	221	221	You are attacking a Prince of Huainan Separatists military force!	You are defending against a Prince of Huainan Separatists military force!	FACTION_CHOSOKABE	500	vo_Empire	default	brt	false			false	default	ep_unit_permission_group_all		LOCKED_STANDARD	flag_ep_faction_prince_of_huainan_separatists			flag_ep_faction_prince_of_huainan_separatists		3A391D	918C91	000000	3A391D	000000
ep_faction_prince_of_jianan	1296969936	3k_main_chinese	unplayable	Prince of Jian’an	Prince of Jian’an	default	eight_princes	false	false	false	data\ui\flags\ep_faction_prince_of_jianan	3k_main_military_grouping_han_chinese	0	221	221	You are attacking a Prince of Jian’an military force!	You are defending against a Prince of Jian’an military force!	FACTION_CHOSOKABE	500	vo_Empire	default	brt	false			false	default	ep_unit_permission_group_all		LOCKED_STANDARD	flag_ep_faction_prince_of_jianan			flag_ep_faction_prince_of_jianan		576380	234174	000000	8C868C	000000
ep_faction_prince_of_jianan_separatists	981391185	3k_main_chinese	unplayable	Prince of Jian’an Separatists	Prince of Jian’an Separatists	default	eight_princes	false	false	false	data\ui\flags\ep_faction_prince_of_jianan_separatists	3k_main_military_grouping_han_chinese	0	221	221	You are attacking a Prince of Jian’an Separatists military force!	You are defending against a Prince of Jian’an Separatists military force!	FACTION_CHOSOKABE	500	vo_Empire	default	brt	false			false	default	ep_unit_permission_group_all		LOCKED_STANDARD	flag_ep_faction_prince_of_jianan_separatists			flag_ep_faction_prince_of_jianan_separatists		234174	8C868C	000000	234174	000000
ep_faction_prince_of_jiangling	282714115	3k_main_chinese	unplayable	Prince of Jiangling	Prince of Jiangling	default	eight_princes	false	false	false	data\ui\flags\ep_faction_prince_of_jiangling	3k_main_military_grouping_han_chinese	0	221	221	You are attacking a Prince of Jiangling military force!	You are defending against a Prince of Jiangling military force!	FACTION_CHOSOKABE	500	vo_Empire	default	brt	false			false	default	ep_unit_permission_group_all		LOCKED_STANDARD	flag_ep_faction_prince_of_jiangling			flag_ep_faction_prince_of_jiangling		896294	969298	000000	4D6A8D	000000
ep_faction_prince_of_jiangling_separatists	12107753	3k_main_chinese	unplayable	Prince of Jiangling Separatists	Prince of Jiangling Separatists	default	eight_princes	false	false	false	data\ui\flags\ep_faction_prince_of_jiangling_separatists	3k_main_military_grouping_han_chinese	0	221	221	You are attacking a Prince of Jiangling Separatists military force!	You are defending against a Prince of Jiangling Separatists military force!	FACTION_CHOSOKABE	500	vo_Empire	default	brt	false			false	default	ep_unit_permission_group_all		LOCKED_STANDARD	flag_ep_faction_prince_of_jiangling_separatists			flag_ep_faction_prince_of_jiangling_separatists		ECE9E8	4D6A8D	000000	969298	000000
ep_faction_prince_of_jiangxia	127948598	3k_main_chinese	unplayable	Prince of Jiangxia	Prince of Jiangxia	default	eight_princes	false	false	false	data\ui\flags\ep_faction_prince_of_jiangxia	3k_main_military_grouping_han_chinese	0	221	221	You are attacking a Prince of Jiangxia military force!	You are defending against a Prince of Jiangxia military force!	FACTION_CHOSOKABE	500	vo_Empire	default	brt	false			false	default	ep_unit_permission_group_all		LOCKED_STANDARD	flag_ep_faction_prince_of_jiangxia			flag_ep_faction_prince_of_jiangxia		A6596D	7D3C00	000000	9D948E	000000
ep_faction_prince_of_jiangxia_separatists	1341548272	3k_main_chinese	unplayable	Prince of Jiangxia Separatists	Prince of Jiangxia Separatists	default	eight_princes	false	false	false	data\ui\flags\ep_faction_prince_of_jiangxia_separatists	3k_main_military_grouping_han_chinese	0	221	221	You are attacking a Prince of Jiangxia Separatists military force!	You are defending against a Prince of Jiangxia Separatists military force!	FACTION_CHOSOKABE	500	vo_Empire	default	brt	false			false	default	ep_unit_permission_group_all		LOCKED_STANDARD	flag_ep_faction_prince_of_jiangxia_separatists			flag_ep_faction_prince_of_jiangxia_separatists		F5EDEA	9D948E	000000	7D3C00	000000
ep_faction_prince_of_jiangyang	1663760807	3k_main_chinese	unplayable	Prince of Jiangyang	Prince of Jiangyang	default	eight_princes	false	false	false	data\ui\flags\ep_faction_prince_of_jiangyang	3k_main_military_grouping_han_chinese	0	221	221	You are attacking a Prince of Jiangyang military force!	You are defending against a Prince of Jiangyang military force!	FACTION_CHOSOKABE	500	vo_Empire	default	brt	false			false	default	ep_unit_permission_group_all		LOCKED_STANDARD	flag_ep_faction_prince_of_jiangyang			flag_ep_faction_prince_of_jiangyang		D5AFD4	5E3C1C	000000	9C948E	000000
ep_faction_prince_of_jiangyang_separatists	491240834	3k_main_chinese	unplayable	Prince of Jiangyang Separatists	Prince of Jiangyang Separatists	default	eight_princes	false	false	false	data\ui\flags\ep_faction_prince_of_jiangyang_separatists	3k_main_military_grouping_han_chinese	0	221	221	You are attacking a Prince of Jiangyang Separatists military force!	You are defending against a Prince of Jiangyang Separatists military force!	FACTION_CHOSOKABE	500	vo_Empire	default	brt	false			false	default	ep_unit_permission_group_all		LOCKED_STANDARD	flag_ep_faction_prince_of_jiangyang_separatists			flag_ep_faction_prince_of_jiangyang_separatists		682F67	9C948E	000000	5E3C1C	000000
ep_faction_prince_of_jiaozhi	1224375189	3k_main_chinese	unplayable	Prince of Jiaozhi	Prince of Jiaozhi	default	eight_princes	false	false	false	data\ui\flags\ep_faction_prince_of_jiaozhi	3k_main_military_grouping_han_chinese	0	221	221	You are attacking a Prince of Jiaozhi military force!	You are defending against a Prince of Jiaozhi military force!	FACTION_CHOSOKABE	500	vo_Empire	default	brt	false			false	default	ep_unit_permission_group_all		LOCKED_STANDARD	flag_ep_faction_prince_of_jiaozhi			flag_ep_faction_prince_of_jiaozhi		CCA737	45611E	000000	9D928D	000000
ep_faction_prince_of_jiaozhi_separatists	2071973128	3k_main_chinese	unplayable	Prince of Jiaozhi Separatists	Prince of Jiaozhi Separatists	default	eight_princes	false	false	false	data\ui\flags\ep_faction_prince_of_jiaozhi_separatists	3k_main_military_grouping_han_chinese	0	221	221	You are attacking a Prince of Jiaozhi Separatists military force!	You are defending against a Prince of Jiaozhi Separatists military force!	FACTION_CHOSOKABE	500	vo_Empire	default	brt	false			false	default	ep_unit_permission_group_all		LOCKED_STANDARD	flag_ep_faction_prince_of_jiaozhi_separatists			flag_ep_faction_prince_of_jiaozhi_separatists		ECEDEC	9D928D	000000	45611E	000000
ep_faction_prince_of_jincheng	247133737	3k_main_chinese	unplayable	Prince of Jincheng	Prince of Jincheng	default	eight_princes	false	false	false	data\ui\flags\ep_faction_prince_of_jincheng	3k_main_military_grouping_han_chinese	0	221	221	You are attacking a Prince of Jincheng military force!	You are defending against a Prince of Jincheng military force!	FACTION_CHOSOKABE	500	vo_Empire	default	brt	false			false	default	ep_unit_permission_group_all		LOCKED_STANDARD	flag_ep_faction_prince_of_jincheng			flag_ep_faction_prince_of_jincheng		6C5550	482011	000000	90898F	000000
ep_faction_prince_of_jincheng_separatists	1680398928	3k_main_chinese	unplayable	Prince of Jincheng Separatists	Prince of Jincheng Separatists	default	eight_princes	false	false	false	data\ui\flags\ep_faction_prince_of_jincheng_separatists	3k_main_military_grouping_han_chinese	0	221	221	You are attacking a Prince of Jincheng Separatists military force!	You are defending against a Prince of Jincheng Separatists military force!	FACTION_CHOSOKABE	500	vo_Empire	default	brt	false			false	default	ep_unit_permission_group_all		LOCKED_STANDARD	flag_ep_faction_prince_of_jincheng_separatists			flag_ep_faction_prince_of_jincheng_separatists		482011	90898F	000000	482011	000000
ep_faction_prince_of_kuaiji	222396107	3k_main_chinese	unplayable	Prince of Kuaiji	Prince of Kuaiji	default	eight_princes	false	false	false	data\ui\flags\ep_faction_prince_of_kuaiji	3k_main_military_grouping_han_chinese	0	221	221	You are attacking a Prince of Kuaiji military force!	You are defending against a Prince of Kuaiji military force!	FACTION_CHOSOKABE	500	vo_Empire	default	brt	false			false	default	ep_unit_permission_group_all		LOCKED_STANDARD	flag_ep_faction_prince_of_kuaiji			flag_ep_faction_prince_of_kuaiji		566C68	0C4440	000000	9F9590	000000
ep_faction_prince_of_kuaiji_separatists	1878709898	3k_main_chinese	unplayable	Prince of Kuaiji Separatists	Prince of Kuaiji Separatists	default	eight_princes	false	false	false	data\ui\flags\ep_faction_prince_of_kuaiji_separatists	3k_main_military_grouping_han_chinese	0	221	221	You are attacking a Prince of Kuaiji Separatists military force!	You are defending against a Prince of Kuaiji Separatists military force!	FACTION_CHOSOKABE	500	vo_Empire	default	brt	false			false	default	ep_unit_permission_group_all		LOCKED_STANDARD	flag_ep_faction_prince_of_kuaiji_separatists			flag_ep_faction_prince_of_kuaiji_separatists		0C4440	9F9590	000000	0C4440	000000
ep_faction_prince_of_langye	2019799917	3k_main_chinese	unplayable	Prince of Langye	Prince of Langye	default	eight_princes	false	false	false	data\ui\flags\ep_faction_prince_of_langye	3k_main_military_grouping_han_chinese	0	221	221	You are attacking a Prince of Langyeang military force!	You are defending against a Prince of Langye military force!	FACTION_CHOSOKABE	500	vo_Empire	default	brt	false			false	default	ep_unit_permission_group_all		LOCKED_STANDARD	flag_ep_faction_prince_of_langye			flag_ep_faction_prince_of_langye		E4C461	241110	000000	928C73	000000
ep_faction_prince_of_langye_separatists	1907293981	3k_main_chinese	unplayable	Prince of Langye Separatists	Prince of Langye Separatists	default	eight_princes	false	false	false	data\ui\flags\ep_faction_prince_of_langye_separatists	3k_main_military_grouping_han_chinese	0	221	221	You are attacking a Prince of Langye Separatists military force!	You are defending against a Prince of Langye Separatists military force!	FACTION_CHOSOKABE	500	vo_Empire	default	brt	false			false	default	ep_unit_permission_group_all		LOCKED_STANDARD	flag_ep_faction_prince_of_langye_separatists			flag_ep_faction_prince_of_langye_separatists		5E6EA9	928C73	000000	241110	000000
ep_faction_prince_of_lean	93517592	3k_main_chinese	unplayable	Prince of Lean	Prince of Lean	default	eight_princes	false	false	false	data\ui\flags\ep_faction_prince_of_lean	3k_main_military_grouping_han_chinese	0	221	221	You are attacking a Prince of Lean military force!	You are defending against a Prince of Lean military force!	FACTION_CHOSOKABE	500	vo_Empire	default	brt	false			false	default	ep_unit_permission_group_all		LOCKED_STANDARD	flag_ep_faction_prince_of_lean			flag_ep_faction_prince_of_lean		6B5051	41100B	000000	959096	000000
ep_faction_prince_of_lean_separatists	2068226565	3k_main_chinese	unplayable	Prince of Lean Separatists	Prince of Lean Separatists	default	eight_princes	false	false	false	data\ui\flags\ep_faction_prince_of_lean_separatists	3k_main_military_grouping_han_chinese	0	221	221	You are attacking a Prince of Lean Separatists military force!	You are defending against a Prince of Lean Separatists military force!	FACTION_CHOSOKABE	500	vo_Empire	default	brt	false			false	default	ep_unit_permission_group_all		LOCKED_STANDARD	flag_ep_faction_prince_of_lean_separatists			flag_ep_faction_prince_of_lean_separatists		41100B	959096	000000	41100B	000000
ep_faction_prince_of_liang	381896829	3k_main_chinese	unplayable	Prince of Liang	Prince of Liang	default	eight_princes	false	false	false	data\ui\flags\ep_faction_prince_of_liang	3k_main_military_grouping_han_chinese	0	221	221	You are attacking a Prince of Liang military force!	You are defending against a Prince of Liang military force!	FACTION_CHOSOKABE	500	vo_Empire	default	brt	false			false	default	ep_unit_permission_group_all		LOCKED_STANDARD	flag_ep_faction_prince_of_liang			flag_ep_faction_prince_of_liang		6D8197	2F2E30	000000	6D8197	000000
ep_faction_prince_of_liang_separatists	562273443	3k_main_chinese	unplayable	Prince of Liang Separatists	Prince of Liang Separatists	default	eight_princes	false	false	false	data\ui\flags\ep_faction_prince_of_liang_separatists	3k_main_military_grouping_han_chinese	0	221	221	You are attacking a Prince of Liang Separatists military force!	You are defending against a Prince of Liang Separatists military force!	FACTION_CHOSOKABE	500	vo_Empire	default	brt	false			false	default	ep_unit_permission_group_all		LOCKED_STANDARD	flag_ep_faction_prince_of_liang_separatists			flag_ep_faction_prince_of_liang_separatists		2F2E30	6D8197	000000	2F2E30	000000
ep_faction_prince_of_liaoxi	1920066324	3k_main_chinese	unplayable	Prince of Liaoxi	Prince of Liaoxi	default	eight_princes	false	false	false	data\ui\flags\ep_faction_prince_of_liaoxi	3k_main_military_grouping_han_chinese	0	221	221	You are attacking a Prince of Liaoxi military force!	You are defending against a Prince of Liaoxi military force!	FACTION_CHOSOKABE	500	vo_Empire	default	brt	false			false	default	ep_unit_permission_group_all		LOCKED_STANDARD	flag_ep_faction_prince_of_liaoxi			flag_ep_faction_prince_of_liaoxi		6A586F	462453	000000	8E8D8B	000000
ep_faction_prince_of_liaoxi_separatists	861206141	3k_main_chinese	unplayable	Prince of Liaoxi Separatists	Prince of Liaoxi Separatists	default	eight_princes	false	false	false	data\ui\flags\ep_faction_prince_of_liaoxi_separatists	3k_main_military_grouping_han_chinese	0	221	221	You are attacking a Prince of Liaoxi Separatists military force!	You are defending against a Prince of Liaoxi Separatists military force!	FACTION_CHOSOKABE	500	vo_Empire	default	brt	false			false	default	ep_unit_permission_group_all		LOCKED_STANDARD	flag_ep_faction_prince_of_liaoxi_separatists			flag_ep_faction_prince_of_liaoxi_separatists		462453	8E8D8B	000000	462453	000000
ep_faction_prince_of_lingling	1094493641	3k_main_chinese	unplayable	Prince of Lingling	Prince of Lingling	default	eight_princes	false	false	false	data\ui\flags\ep_faction_prince_of_lingling	3k_main_military_grouping_han_chinese	0	221	221	You are attacking a Prince of Lingling military force!	You are defending against a Prince of Lingling military force!	FACTION_CHOSOKABE	500	vo_Empire	default	brt	false			false	default	ep_unit_permission_group_all		LOCKED_STANDARD	flag_ep_faction_prince_of_lingling			flag_ep_faction_prince_of_lingling		CCB275	343B5D	000000	848186	000000
ep_faction_prince_of_lingling_separatists	1709213853	3k_main_chinese	unplayable	Prince of Lingling Separatists	Prince of Lingling Separatists	default	eight_princes	false	false	false	data\ui\flags\ep_faction_prince_of_lingling_separatists	3k_main_military_grouping_han_chinese	0	221	221	You are attacking a Prince of Lingling Separatists military force!	You are defending against a Prince of Lingling Separatists military force!	FACTION_CHOSOKABE	500	vo_Empire	default	brt	false			false	default	ep_unit_permission_group_all		LOCKED_STANDARD	flag_ep_faction_prince_of_lingling_separatists			flag_ep_faction_prince_of_lingling_separatists		2F292A	848186	000000	343B5D	000000
ep_faction_prince_of_longxi	1618011860	3k_main_chinese	unplayable	Prince of Longxi	Prince of Longxi	default	eight_princes	false	false	false	data\ui\flags\ep_faction_prince_of_longxi	3k_main_military_grouping_han_chinese	0	221	221	You are attacking a Prince of Longxi military force!	You are defending against a Prince of Longxi military force!	FACTION_CHOSOKABE	500	vo_Empire	default	brt	false			false	default	ep_unit_permission_group_all		LOCKED_STANDARD	flag_ep_faction_prince_of_longxi			flag_ep_faction_prince_of_longxi		C5517F	958E89	000000	4A6C75	000000
ep_faction_prince_of_longxi_separatists	751125515	3k_main_chinese	unplayable	Prince of Longxi Separatists	Prince of Longxi Separatists	default	eight_princes	false	false	false	data\ui\flags\ep_faction_prince_of_longxi_separatists	3k_main_military_grouping_han_chinese	0	221	221	You are attacking a Prince of Longxi Separatists military force!	You are defending against a Prince of Longxi Separatists military force!	FACTION_CHOSOKABE	500	vo_Empire	default	brt	false			false	default	ep_unit_permission_group_all		LOCKED_STANDARD	flag_ep_faction_prince_of_longxi_separatists			flag_ep_faction_prince_of_longxi_separatists		F5EDEA	4A6C75	000000	958E89	000000
ep_faction_prince_of_lujiang	2022045613	3k_main_chinese	unplayable	Prince of Lujiang	Prince of Lujiang	default	eight_princes	false	false	false	data\ui\flags\ep_faction_prince_of_lujiang	3k_main_military_grouping_han_chinese	0	221	221	You are attacking a Prince of Hefei military force!	You are defending against a Prince of Hefei military force!	FACTION_CHOSOKABE	500	vo_Empire	default	brt	false			false	default	ep_unit_permission_group_all		LOCKED_STANDARD	flag_ep_faction_prince_of_lujiang			flag_ep_faction_prince_of_lujiang		C5A80F	184D1B	000000	9A928B	000000
ep_faction_prince_of_lujiang_separatists	401757678	3k_main_chinese	unplayable	Prince of Lujiang Separatists	Prince of Lujiang Separatists	default	eight_princes	false	false	false	data\ui\flags\ep_faction_prince_of_lujiang_separatists	3k_main_military_grouping_han_chinese	0	221	221	You are attacking a Prince of Hefei Separatists military force!	You are defending against a Prince of Hefei Separatists military force!	FACTION_CHOSOKABE	500	vo_Empire	default	brt	false			false	default	ep_unit_permission_group_all		LOCKED_STANDARD	flag_ep_faction_prince_of_lujiang_separatists			flag_ep_faction_prince_of_lujiang_separatists		3B3839	9A928B	000000	184D1B	000000
ep_faction_prince_of_luling	1652263635	3k_main_chinese	unplayable	Prince of Luling	Prince of Luling	default	eight_princes	false	false	false	data\ui\flags\ep_faction_prince_of_luling	3k_main_military_grouping_han_chinese	0	221	221	You are attacking a Prince of Luling military force!	You are defending against a Prince of Luling military force!	FACTION_CHOSOKABE	500	vo_Empire	default	brt	false			false	default	ep_unit_permission_group_all		LOCKED_STANDARD	flag_ep_faction_prince_of_luling			flag_ep_faction_prince_of_luling		90735B	88572A	000000	988F8B	000000
ep_faction_prince_of_luling_separatists	690236273	3k_main_chinese	unplayable	Prince of Luling Separatists	Prince of Luling Separatists	default	eight_princes	false	false	false	data\ui\flags\ep_faction_prince_of_luling_separatists	3k_main_military_grouping_han_chinese	0	221	221	You are attacking a Prince of Luling Separatists military force!	You are defending against a Prince of Luling Separatists military force!	FACTION_CHOSOKABE	500	vo_Empire	default	brt	false			false	default	ep_unit_permission_group_all		LOCKED_STANDARD	flag_ep_faction_prince_of_luling_separatists			flag_ep_faction_prince_of_luling_separatists		88572A	988F8B	000000	88572A	000000
ep_faction_prince_of_nanhai	299746599	3k_main_chinese	unplayable	Prince of Nanhai	Prince of Nanhai	default	eight_princes	false	false	false	data\ui\flags\ep_faction_prince_of_nanhai	3k_main_military_grouping_han_chinese	0	221	221	You are attacking a Prince of Nanhai military force!	You are defending against a Prince of Nanhai military force!	FACTION_CHOSOKABE	500	vo_Empire	default	brt	false			false	default	ep_unit_permission_group_all		LOCKED_STANDARD	flag_ep_faction_prince_of_nanhai			flag_ep_faction_prince_of_nanhai		6A6272	4A3D58	000000	8A868C	000000
ep_faction_prince_of_nanhai_separatists	2026422842	3k_main_chinese	unplayable	Prince of Nanhai Separatists	Prince of Nanhai Separatists	default	eight_princes	false	false	false	data\ui\flags\ep_faction_prince_of_nanhai_separatists	3k_main_military_grouping_han_chinese	0	221	221	You are attacking a Prince of Nanhai Separatists military force!	You are defending against a Prince of Nanhai Separatists military force!	FACTION_CHOSOKABE	500	vo_Empire	default	brt	false			false	default	ep_unit_permission_group_all		LOCKED_STANDARD	flag_ep_faction_prince_of_nanhai_separatists			flag_ep_faction_prince_of_nanhai_separatists		4A3D58	8A868C	000000	4A3D58	000000
ep_faction_prince_of_nanyang	1192804983	3k_main_chinese	unplayable	Prince of Nanyang	Prince of Nanyang	default	eight_princes	false	false	false	data\ui\flags\ep_faction_prince_of_nanyang	3k_main_military_grouping_han_chinese	0	221	221	You are attacking a Prince of Nanyang military force!	You are defending against a Prince of Nanyang military force!	FACTION_CHOSOKABE	500	vo_Empire	default	brt	false			false	default	ep_unit_permission_group_all		LOCKED_STANDARD	flag_ep_faction_prince_of_nanyang			flag_ep_faction_prince_of_nanyang		8A381E	9A979D	000000	644B6E	000000
ep_faction_prince_of_nanyang_separatists	2087957661	3k_main_chinese	unplayable	Prince of Nanyang Separatists	Prince of Nanyang Separatists	default	eight_princes	false	false	false	data\ui\flags\ep_faction_prince_of_nanyang_separatists	3k_main_military_grouping_han_chinese	0	221	221	You are attacking a Prince of Nanyang Separatists military force!	You are defending against a Prince of Nanyang Separatists military force!	FACTION_CHOSOKABE	500	vo_Empire	default	brt	false			false	default	ep_unit_permission_group_all		LOCKED_STANDARD	flag_ep_faction_prince_of_nanyang_separatists			flag_ep_faction_prince_of_nanyang_separatists		EDE0D6	644B6E	000000	9A979D	000000
ep_faction_prince_of_pencheng	1703619719	3k_main_chinese	unplayable	Prince of Pengcheng	Prince of Pengcheng	default	eight_princes	false	false	false	data\ui\flags\ep_faction_prince_of_pencheng	3k_main_military_grouping_han_chinese	0	221	221	You are attacking a Prince of Pengcheng military force!	You are defending against a Prince of Pengcheng military force!	FACTION_CHOSOKABE	500	vo_Empire	default	brt	false			false	default	ep_unit_permission_group_all		LOCKED_STANDARD	flag_ep_faction_prince_of_pencheng			flag_ep_faction_prince_of_pencheng		D7BE4D	7F5026	000000	8D8D98	000000
ep_faction_prince_of_pencheng_separatists	1231772810	3k_main_chinese	unplayable	Prince of Pengcheng Separatists	Prince of Pengcheng Separatists	default	eight_princes	false	false	false	data\ui\flags\ep_faction_prince_of_pencheng_separatists	3k_main_military_grouping_han_chinese	0	221	221	You are attacking a Prince of Pengcheng Separatists military force!	You are defending against a Prince of Pengcheng Separatists military force!	FACTION_CHOSOKABE	500	vo_Empire	default	brt	false			false	default	ep_unit_permission_group_all		LOCKED_STANDARD	flag_ep_faction_prince_of_pencheng_separatists			flag_ep_faction_prince_of_pencheng_separatists		92472E	8D8D98	000000	7F5026	000000
ep_faction_prince_of_piling	901040422	3k_main_chinese	unplayable	Prince of Piling	Prince of Piling	default	eight_princes	false	false	false	data\ui\flags\ep_faction_prince_of_piling	3k_main_military_grouping_han_chinese	0	221	221	You are attacking a Prince of Piling military force!	You are defending against a Prince of Piling military force!	FACTION_CHOSOKABE	500	vo_Empire	default	brt	false			false	default	ep_unit_permission_group_all		LOCKED_STANDARD	flag_ep_faction_prince_of_piling			flag_ep_faction_prince_of_piling		885C62	812628	000000	8F919C	000000
ep_faction_prince_of_piling_separatists	1519055783	3k_main_chinese	unplayable	Prince of Piling Separatists	Prince of Piling Separatists	default	eight_princes	false	false	false	data\ui\flags\ep_faction_prince_of_piling_separatists	3k_main_military_grouping_han_chinese	0	221	221	You are attacking a Prince of Piling Separatists military force!	You are defending against a Prince of Piling Separatists military force!	FACTION_CHOSOKABE	500	vo_Empire	default	brt	false			false	default	ep_unit_permission_group_all		LOCKED_STANDARD	flag_ep_faction_prince_of_piling_separatists			flag_ep_faction_prince_of_piling_separatists		812628	8F919C	000000	812628	000000
ep_faction_prince_of_pingyuan	1063549946	3k_main_chinese	unplayable	Prince of Pingyuan	Prince of Pingyuan	default	eight_princes	false	false	false	data\ui\flags\ep_faction_prince_of_pingyuan	3k_main_military_grouping_han_chinese	0	221	221	You are attacking a Prince of Pingyuan military force!	You are defending against a Prince of Pingyuan military force!	FACTION_CHOSOKABE	500	vo_Empire	default	brt	false			false	default	ep_unit_permission_group_all		LOCKED_STANDARD	flag_ep_faction_prince_of_pingyuan			flag_ep_faction_prince_of_pingyuan		B9A5DE	703109	000000	7C797F	000000
ep_faction_prince_of_pingyuan_separatists	1528006261	3k_main_chinese	unplayable	Prince of Pingyuan Separatists	Prince of Pingyuan Separatists	default	eight_princes	false	false	false	data\ui\flags\ep_faction_prince_of_pingyuan_separatists	3k_main_military_grouping_han_chinese	0	221	221	You are attacking a Prince of Pingyuan Separatists military force!	You are defending against a Prince of Pingyuan Separatists military force!	FACTION_CHOSOKABE	500	vo_Empire	default	brt	false			false	default	ep_unit_permission_group_all		LOCKED_STANDARD	flag_ep_faction_prince_of_pingyuan_separatists			flag_ep_faction_prince_of_pingyuan_separatists		62413B	7C797F	000000	703109	000000
ep_faction_prince_of_poyang	63966310	3k_main_chinese	unplayable	Prince of Poyang	Prince of Poyang	default	eight_princes	false	false	false	data\ui\flags\ep_faction_prince_of_poyang	3k_main_military_grouping_han_chinese	0	221	221	You are attacking a Prince of Poyang military force!	You are defending against a Prince of Poyang military force!	FACTION_CHOSOKABE	500	vo_Empire	default	brt	false			false	default	ep_unit_permission_group_all		LOCKED_STANDARD	flag_ep_faction_prince_of_poyang			flag_ep_faction_prince_of_poyang		55B9F0	955700	000000	988E89	000000
ep_faction_prince_of_poyang_separatists	313948026	3k_main_chinese	unplayable	Prince of Poyang Separatists	Prince of Poyang Separatists	default	eight_princes	false	false	false	data\ui\flags\ep_faction_prince_of_poyang_separatists	3k_main_military_grouping_han_chinese	0	221	221	You are attacking a Prince of Poyang Separatists military force!	You are defending against a Prince of Poyang Separatists military force!	FACTION_CHOSOKABE	500	vo_Empire	default	brt	false			false	default	ep_unit_permission_group_all		LOCKED_STANDARD	flag_ep_faction_prince_of_poyang_separatists			flag_ep_faction_prince_of_poyang_separatists		ECEDEC	988E89	000000	955700	000000
ep_faction_prince_of_qi	418891059	3k_main_chinese	playable	Prince of Qi	Prince of Qi	default	eight_princes	false	false	false	data\ui\flags\ep_faction_prince_of_qi	ep_military_grouping	0	221	221	You are attacking a Prince of Qi military force!	You are defending against a Prince of Qi military force!	FACTION_CHOSOKABE	500	vo_Empire	default	brt	false			false	default	ep_unit_permission_group_faction_prince_of_qi		LOCKED_STANDARD	flag_ep_faction_prince_of_qi	eight_princes	ep_faction_game_lost_sima_jiong	flag_ep_faction_prince_of_qi	ep_faction_game_won_sima_jiong	CD9936	2C2A2C	000000	CBAC30	000000
ep_faction_prince_of_qi_separatists	1472091931	3k_main_chinese	unplayable	Prince of Qi Separatists	Prince of Qi Separatists	default	eight_princes	false	false	false	data\ui\flags\ep_faction_prince_of_qi_separatists	ep_military_grouping	0	221	221	You are attacking a Prince of Qi Separatists military force!	You are defending against a Prince of Qi Separatists military force!	FACTION_CHOSOKABE	500	vo_Empire	default	brt	false			false	default	ep_unit_permission_group_faction_prince_of_qi		LOCKED_STANDARD	flag_ep_faction_prince_of_qi_separatists			flag_ep_faction_prince_of_qi_separatists		602F14	CBAC30	000000	2C2A2C	000000
ep_faction_prince_of_qiao	505153758	3k_main_chinese	unplayable	Prince of Qiao	Prince of Qiao	default	eight_princes	false	false	false	data\ui\flags\ep_faction_prince_of_qiao	3k_main_military_grouping_han_chinese	0	221	221	You are attacking a Prince of Qiao military force!	You are defending against a Prince of Qiao military force!	FACTION_CHOSOKABE	500	vo_Empire	default	brt	false			false	default	ep_unit_permission_group_all		LOCKED_STANDARD	flag_ep_faction_prince_of_qiao			flag_ep_faction_prince_of_qiao		7C585E	661C1D	000000	92949F	000000
ep_faction_prince_of_qiao_separatists	1800947826	3k_main_chinese	unplayable	Prince of Qiao Separatists	Prince of Qiao Separatists	default	eight_princes	false	false	false	data\ui\flags\ep_faction_prince_of_qiao_separatists	3k_main_military_grouping_han_chinese	0	221	221	You are attacking a Prince of Qiao Separatists military force!	You are defending against a Prince of Qiao Separatists military force!	FACTION_CHOSOKABE	500	vo_Empire	default	brt	false			false	default	ep_unit_permission_group_all		LOCKED_STANDARD	flag_ep_faction_prince_of_qiao_separatists			flag_ep_faction_prince_of_qiao_separatists		661C1D	92949F	000000	661C1D	000000
ep_faction_prince_of_qin	270898566	3k_main_chinese	unplayable	Prince of Qin	Prince of Qin	default	eight_princes	false	false	false	data\ui\flags\ep_faction_prince_of_qin	3k_main_military_grouping_han_chinese	0	221	221	You are attacking a Prince of Qin military force!	You are defending against a Prince of Qin military force!	FACTION_CHOSOKABE	500	vo_Empire	default	brt	false			false	default	ep_unit_permission_group_all		LOCKED_STANDARD	flag_ep_faction_prince_of_qin			flag_ep_faction_prince_of_qin		0B4A6D	9A8E7E	000000	6A4A3B	000000
ep_faction_prince_of_qin_separatists	524624911	3k_main_chinese	unplayable	Prince of Qin Separatists	Prince of Qin Separatists	default	eight_princes	false	false	false	data\ui\flags\ep_faction_prince_of_qin_separatists	3k_main_military_grouping_han_chinese	0	221	221	You are attacking a Prince of Qin Separatists military force!	You are defending against a Prince of Qin Separatists military force!	FACTION_CHOSOKABE	500	vo_Empire	default	brt	false			false	default	ep_unit_permission_group_all		LOCKED_STANDARD	flag_ep_faction_prince_of_qin_separatists			flag_ep_faction_prince_of_qin_separatists		FFFFFF	6A4A3B	000000	9A8E7E	000000
ep_faction_prince_of_qinghe	398870858	3k_main_chinese	unplayable	Prince of Qinghe	Prince of Qinghe	default	eight_princes	false	false	false	data\ui\flags\ep_faction_prince_of_qinghe	3k_main_military_grouping_han_chinese	0	221	221	You are attacking a Prince of Qinghe military force!	You are defending against a Prince of Qinghe military force!	FACTION_CHOSOKABE	500	vo_Empire	default	brt	false			false	default	ep_unit_permission_group_all		LOCKED_STANDARD	flag_ep_faction_prince_of_qinghe			flag_ep_faction_prince_of_qinghe		A09791	9B969C	000000	A09791	000000
ep_faction_prince_of_qinghe_separatists	735826512	3k_main_chinese	unplayable	Prince of Qinghe Separatists	Prince of Qinghe Separatists	default	eight_princes	false	false	false	data\ui\flags\ep_faction_prince_of_qinghe_separatists	3k_main_military_grouping_han_chinese	0	221	221	You are attacking a Prince of Qinghe Separatists military force!	You are defending against a Prince of Qinghe Separatists military force!	FACTION_CHOSOKABE	500	vo_Empire	default	brt	false			false	default	ep_unit_permission_group_all		LOCKED_STANDARD	flag_ep_faction_prince_of_qinghe_separatists			flag_ep_faction_prince_of_qinghe_separatists		9B969C	A09791	000000	9B969C	000000
ep_faction_prince_of_rencheng	2081002325	3k_main_chinese	unplayable	Prince of Rencheng	Prince of Rencheng	default	eight_princes	false	false	false	data\ui\flags\ep_faction_prince_of_rencheng	3k_main_military_grouping_han_chinese	0	221	221	You are attacking a Prince of Rencheng military force!	You are defending against a Prince of Rencheng military force!	FACTION_CHOSOKABE	500	vo_Empire	default	brt	false			false	default	ep_unit_permission_group_all		LOCKED_STANDARD	flag_ep_faction_prince_of_rencheng			flag_ep_faction_prince_of_rencheng		A18E69	A38743	000000	A09690	000000
ep_faction_prince_of_rencheng_separatists	490121322	3k_main_chinese	unplayable	Prince of Rencheng Separatists	Prince of Rencheng Separatists	default	eight_princes	false	false	false	data\ui\flags\ep_faction_prince_of_rencheng_separatists	3k_main_military_grouping_han_chinese	0	221	221	You are attacking a Prince of Rencheng Separatists military force!	You are defending against a Prince of Rencheng Separatists military force!	FACTION_CHOSOKABE	500	vo_Empire	default	brt	false			false	default	ep_unit_permission_group_all		LOCKED_STANDARD	flag_ep_faction_prince_of_rencheng_separatists			flag_ep_faction_prince_of_rencheng_separatists		A38743	A09690	000000	A38743	000000
ep_faction_prince_of_runan	421848264	3k_main_chinese	playable	Prince of Ru'nan	Prince of Ru'nan	default	eight_princes	false	false	false	data\ui\flags\ep_faction_prince_of_runan	ep_military_grouping	0	221	221	You are attacking a Prince of Ru'nan military force!	You are defending against a Prince of Ru'nan military force!	FACTION_CHOSOKABE	500	vo_Empire	default	brt	false			false	default	ep_unit_permission_group_faction_prince_of_runan		LOCKED_STANDARD	flag_ep_faction_prince_of_runan	eight_princes	ep_faction_game_lost_sima_liang	flag_ep_faction_prince_of_runan	ep_faction_game_won_sima_liang	455416	C7AD90	000000	4F7601	000000
ep_faction_prince_of_runan_separatists	1391357009	3k_main_chinese	unplayable	Prince of Ru'nan Separatists	Prince of Ru'nan Separatists	default	eight_princes	false	false	false	data\ui\flags\ep_faction_prince_of_runan_separatists	ep_military_grouping	0	221	221	You are attacking a Prince of Ru'nan Separatists military force!	You are defending against a Prince of Ru'nan Separatists military force!	FACTION_CHOSOKABE	500	vo_Empire	default	brt	false			false	default	ep_unit_permission_group_faction_prince_of_runan		LOCKED_STANDARD	flag_ep_faction_prince_of_runan_separatists			flag_ep_faction_prince_of_runan_separatists		3B3A57	4F7601	000000	C7AD90	000000
ep_faction_prince_of_shunyang	1167529733	3k_main_chinese	unplayable	Prince of Shunyang	Prince of Shunyang	default	eight_princes	false	false	false	data\ui\flags\ep_faction_prince_of_shunyang	3k_main_military_grouping_han_chinese	0	221	221	You are attacking a Prince of Shunyang military force!	You are defending against a Prince of Shunyang military force!	FACTION_CHOSOKABE	500	vo_Empire	default	brt	false			false	default	ep_unit_permission_group_all		LOCKED_STANDARD	flag_ep_faction_prince_of_shunyang			flag_ep_faction_prince_of_shunyang		558268	213215	000000	9D948F	000000
ep_faction_prince_of_shunyang_separatists	1962029593	3k_main_chinese	unplayable	Prince of Shunyang Separatists	Prince of Shunyang Separatists	default	eight_princes	false	false	false	data\ui\flags\ep_faction_prince_of_shunyang_separatists	3k_main_military_grouping_han_chinese	0	221	221	You are attacking a Prince of Shunyang Separatists military force!	You are defending against a Prince of Shunyang Separatists military force!	FACTION_CHOSOKABE	500	vo_Empire	default	brt	false			false	default	ep_unit_permission_group_all		LOCKED_STANDARD	flag_ep_faction_prince_of_shunyang_separatists			flag_ep_faction_prince_of_shunyang_separatists		D5CAC7	9D948F	000000	213215	000000
ep_faction_prince_of_taiyuan	280224701	3k_main_chinese	unplayable	Prince of Taiyuan	Prince of Taiyuan	default	eight_princes	false	false	false	data\ui\flags\ep_faction_prince_of_taiyuan	3k_main_military_grouping_han_chinese	0	221	221	You are attacking a Prince of Taiyuan military force!	You are defending against a Prince of Taiyuan military force!	FACTION_CHOSOKABE	500	vo_Empire	default	brt	false			false	default	ep_unit_permission_group_all		LOCKED_STANDARD	flag_ep_faction_prince_of_taiyuan			flag_ep_faction_prince_of_taiyuan		645370	1D4875	000000	9495A2	000000
ep_faction_prince_of_taiyuan_separatists	1750568999	3k_main_chinese	unplayable	Prince of Taiyuan Separatists	Prince of Taiyuan Separatists	default	eight_princes	false	false	false	data\ui\flags\ep_faction_prince_of_taiyuan_separatists	3k_main_military_grouping_han_chinese	0	221	221	You are attacking a Prince of Taiyuan Separatists military force!	You are defending against a Prince of Taiyuan Separatists military force!	FACTION_CHOSOKABE	500	vo_Empire	default	brt	false			false	default	ep_unit_permission_group_all		LOCKED_STANDARD	flag_ep_faction_prince_of_taiyuan_separatists			flag_ep_faction_prince_of_taiyuan_separatists		ECE9DE	9495A2	000000	1D4875	000000
ep_faction_prince_of_tongan	215711007	3k_main_chinese	unplayable	Prince of Tong’an	Prince of Tong’an	default	eight_princes	false	false	false	data\ui\flags\ep_faction_prince_of_tongan	3k_main_military_grouping_han_chinese	0	221	221	You are attacking a Prince of Tong’an military force!	You are defending against a Prince of Tong’an military force!	FACTION_CHOSOKABE	500	vo_Empire	default	brt	false			false	default	ep_unit_permission_group_all		LOCKED_STANDARD	flag_ep_faction_prince_of_tongan			flag_ep_faction_prince_of_tongan		775666	5E1E40	000000	908F8D	000000
ep_faction_prince_of_tongan_separatists	1470199022	3k_main_chinese	unplayable	Prince of Tong’an Separatists	Prince of Tong’an Separatists	default	eight_princes	false	false	false	data\ui\flags\ep_faction_prince_of_tongan_separatists	3k_main_military_grouping_han_chinese	0	221	221	You are attacking a Prince of Tong’an Separatists military force!	You are defending against a Prince of Tong’an Separatists military force!	FACTION_CHOSOKABE	500	vo_Empire	default	brt	false			false	default	ep_unit_permission_group_all		LOCKED_STANDARD	flag_ep_faction_prince_of_tongan_separatists			flag_ep_faction_prince_of_tongan_separatists		5E1E40	908F8D	000000	5E1E40	000000
ep_faction_prince_of_wu	1673956226	3k_main_chinese	unplayable	Prince of Wu	Prince of Wu	default	eight_princes	false	false	false	data\ui\flags\ep_faction_prince_of_wu	3k_main_military_grouping_han_chinese	0	221	221	You are attacking a Prince of Wu military force!	You are defending against a Prince of Wu military force!	FACTION_CHOSOKABE	500	vo_Empire	default	brt	false			false	default	ep_unit_permission_group_all		LOCKED_STANDARD	flag_ep_faction_prince_of_wu			flag_ep_faction_prince_of_wu		5F2F55	222021	000000	835831	000000
ep_faction_prince_of_wu_separatists	1260974932	3k_main_chinese	unplayable	Prince of Wu Separatists	Prince of Wu Separatists	default	eight_princes	false	false	false	data\ui\flags\ep_faction_prince_of_wu_separatists	3k_main_military_grouping_han_chinese	0	221	221	You are attacking a Prince of Wu Separatists military force!	You are defending against a Prince of Wu Separatists military force!	FACTION_CHOSOKABE	500	vo_Empire	default	brt	false			false	default	ep_unit_permission_group_all		LOCKED_STANDARD	flag_ep_faction_prince_of_wu_separatists			flag_ep_faction_prince_of_wu_separatists		F5F4F2	835831	000000	222021	000000
ep_faction_prince_of_wudu	2086638446	3k_main_chinese	unplayable	Prince of Wudu	Prince of Wudu	default	eight_princes	false	false	false	data\ui\flags\ep_faction_prince_of_wudu	3k_main_military_grouping_han_chinese	0	221	221	You are attacking a Prince of Xiabian military force!	You are defending against a Prince of Xiabian military force!	FACTION_CHOSOKABE	500	vo_Empire	default	brt	false			false	default	ep_unit_permission_group_all		LOCKED_STANDARD	flag_ep_faction_prince_of_wudu			flag_ep_faction_prince_of_wudu		999FB6	162436	000000	A19992	000000
ep_faction_prince_of_wudu_separatists	251330226	3k_main_chinese	unplayable	Prince of Wudu Separatists	Prince of Wudu Separatists	default	eight_princes	false	false	false	data\ui\flags\ep_faction_prince_of_wudu_separatists	3k_main_military_grouping_han_chinese	0	221	221	You are attacking a Prince of Xiabian Separatists military force!	You are defending against a Prince of Xiabian Separatists military force!	FACTION_CHOSOKABE	500	vo_Empire	default	brt	false			false	default	ep_unit_permission_group_all		LOCKED_STANDARD	flag_ep_faction_prince_of_wudu_separatists			flag_ep_faction_prince_of_wudu_separatists		30343F	A19992	000000	162436	000000
ep_faction_prince_of_wuling	2010038749	3k_main_chinese	unplayable	Prince of Wuling	Prince of Wuling	default	eight_princes	false	false	false	data\ui\flags\ep_faction_prince_of_wuling	3k_main_military_grouping_han_chinese	0	221	221	You are attacking a Prince of Wuling military force!	You are defending against a Prince of Wuling military force!	FACTION_CHOSOKABE	500	vo_Empire	default	brt	false			false	default	ep_unit_permission_group_all		LOCKED_STANDARD	flag_ep_faction_prince_of_wuling			flag_ep_faction_prince_of_wuling		682F67	3F7BA1	000000	87838A	000000
ep_faction_prince_of_wuling_separatists	1021192458	3k_main_chinese	unplayable	Prince of Wuling Separatists	Prince of Wuling Separatists	default	eight_princes	false	false	false	data\ui\flags\ep_faction_prince_of_wuling_separatists	3k_main_military_grouping_han_chinese	0	221	221	You are attacking a Prince of Wuling Separatists military force!	You are defending against a Prince of Wuling Separatists military force!	FACTION_CHOSOKABE	500	vo_Empire	default	brt	false			false	default	ep_unit_permission_group_all		LOCKED_STANDARD	flag_ep_faction_prince_of_wuling_separatists			flag_ep_faction_prince_of_wuling_separatists		F5F4F2	87838A	000000	3F7BA1	000000
ep_faction_prince_of_xiapi	1285605958	3k_main_chinese	unplayable	Prince of Xiapi	Prince of Xiapi	default	eight_princes	false	false	false	data\ui\flags\ep_faction_prince_of_xiapi	3k_main_military_grouping_han_chinese	0	221	221	You are attacking a Prince of Xiapi military force!	You are defending against a Prince of Xiapi military force!	FACTION_CHOSOKABE	500	vo_Empire	default	brt	false			false	default	ep_unit_permission_group_all		LOCKED_STANDARD	flag_ep_faction_prince_of_xiapi			flag_ep_faction_prince_of_xiapi		806E46	775600	000000	8A868C	000000
ep_faction_prince_of_xiapi_separatists	853256507	3k_main_chinese	unplayable	Prince of Xiapi Separatists	Prince of Xiapi Separatists	default	eight_princes	false	false	false	data\ui\flags\ep_faction_prince_of_xiapi_separatists	3k_main_military_grouping_han_chinese	0	221	221	You are attacking a Prince of Xiapi Separatists military force!	You are defending against a Prince of Xiapi Separatists military force!	FACTION_CHOSOKABE	500	vo_Empire	default	brt	false			false	default	ep_unit_permission_group_all		LOCKED_STANDARD	flag_ep_faction_prince_of_xiapi_separatists			flag_ep_faction_prince_of_xiapi_separatists		775600	8A868C	000000	775600	000000
ep_faction_prince_of_xihe	178216746	3k_main_chinese	unplayable	Prince of Xihe	Prince of Xihe	default	eight_princes	false	false	false	data\ui\flags\ep_faction_prince_of_xihe	3k_main_military_grouping_han_chinese	0	221	221	You are attacking a Prince of Xihe military force!	You are defending against a Prince of Xihe military force!	FACTION_CHOSOKABE	500	vo_Empire	default	brt	false			false	default	ep_unit_permission_group_all		LOCKED_STANDARD	flag_ep_faction_prince_of_xihe			flag_ep_faction_prince_of_xihe		606678	1E325E	000000	A29A93	000000
ep_faction_prince_of_xihe_separatists	729521873	3k_main_chinese	unplayable	Prince of Xihe Separatists	Prince of Xihe Separatists	default	eight_princes	false	false	false	data\ui\flags\ep_faction_prince_of_xihe_separatists	3k_main_military_grouping_han_chinese	0	221	221	You are attacking a Prince of Xihe Separatists military force!	You are defending against a Prince of Xihe Separatists military force!	FACTION_CHOSOKABE	500	vo_Empire	default	brt	false			false	default	ep_unit_permission_group_all		LOCKED_STANDARD	flag_ep_faction_prince_of_xihe_separatists			flag_ep_faction_prince_of_xihe_separatists		1E325E	A29A93	000000	1E325E	000000
ep_faction_prince_of_xindu	1838250728	3k_main_chinese	unplayable	Prince of Xindu	Prince of Xindu	default	eight_princes	false	false	false	data\ui\flags\ep_faction_prince_of_xindu	3k_main_military_grouping_han_chinese	0	221	221	You are attacking a Prince of Xindu military force!	You are defending against a Prince of Xindu military force!	FACTION_CHOSOKABE	500	vo_Empire	default	brt	false			false	default	ep_unit_permission_group_all		LOCKED_STANDARD	flag_ep_faction_prince_of_xindu			flag_ep_faction_prince_of_xindu		5F6978	203D5F	000000	9F9691	000000
ep_faction_prince_of_xindu_separatists	113055826	3k_main_chinese	unplayable	Prince of Xindu Separatists	Prince of Xindu Separatists	default	eight_princes	false	false	false	data\ui\flags\ep_faction_prince_of_xindu_separatists	3k_main_military_grouping_han_chinese	0	221	221	You are attacking a Prince of Xindu Separatists military force!	You are defending against a Prince of Xindu Separatists military force!	FACTION_CHOSOKABE	500	vo_Empire	default	brt	false			false	default	ep_unit_permission_group_all		LOCKED_STANDARD	flag_ep_faction_prince_of_xindu_separatists			flag_ep_faction_prince_of_xindu_separatists		203D5F	9F9691	000000	203D5F	000000
ep_faction_prince_of_xinye	526566237	3k_main_chinese	unplayable	Prince of Xinye	Prince of Xinye	default	eight_princes	false	false	false	data\ui\flags\ep_faction_prince_of_xinye	3k_main_military_grouping_han_chinese	0	221	221	You are attacking a Prince of Xinye military force!	You are defending against a Prince of Xinye military force!	FACTION_CHOSOKABE	500	vo_Empire	default	brt	false			false	default	ep_unit_permission_group_all		LOCKED_STANDARD	flag_ep_faction_prince_of_xinye			flag_ep_faction_prince_of_xinye		6B7C6C	3E6040	000000	999998	000000
ep_faction_prince_of_xinye_separatists	1175866009	3k_main_chinese	unplayable	Prince of Xinye Separatists	Prince of Xinye Separatists	default	eight_princes	false	false	false	data\ui\flags\ep_faction_prince_of_xinye_separatists	3k_main_military_grouping_han_chinese	0	221	221	You are attacking a Prince of Xinye Separatists military force!	You are defending against a Prince of Xinye Separatists military force!	FACTION_CHOSOKABE	500	vo_Empire	default	brt	false			false	default	ep_unit_permission_group_all		LOCKED_STANDARD	flag_ep_faction_prince_of_xinye_separatists			flag_ep_faction_prince_of_xinye_separatists		3E6040	999998	000000	3E6040	000000
ep_faction_prince_of_yan	244649661	3k_main_chinese	unplayable	Prince of Yan	Prince of Yan	default	eight_princes	false	false	false	data\ui\flags\ep_faction_prince_of_yan	3k_main_military_grouping_han_chinese	0	221	221	You are attacking a Prince of Yan military force!	You are defending against a Prince of Yan military force!	FACTION_CHOSOKABE	500	vo_Empire	default	brt	false			false	default	ep_unit_permission_group_all		LOCKED_STANDARD	flag_ep_faction_prince_of_yan			flag_ep_faction_prince_of_yan		C6717A	4F2223	000000	969199	000000
ep_faction_prince_of_yan_separatists	1937001651	3k_main_chinese	unplayable	Prince of Yan Separatists	Prince of Yan Separatists	default	eight_princes	false	false	false	data\ui\flags\ep_faction_prince_of_yan_separatists	3k_main_military_grouping_han_chinese	0	221	221	You are attacking a Prince of Yan Separatists military force!	You are defending against a Prince of Yan Separatists military force!	FACTION_CHOSOKABE	500	vo_Empire	default	brt	false			false	default	ep_unit_permission_group_all		LOCKED_STANDARD	flag_ep_faction_prince_of_yan_separatists			flag_ep_faction_prince_of_yan_separatists		424048	969199	000000	4F2223	000000
ep_faction_prince_of_yangzhou	1406388413	3k_main_chinese	unplayable	Prince of Yangzhou	Prince of Yangzhou	default	eight_princes	false	false	false	data\ui\flags\ep_faction_prince_of_yangzhou	3k_main_military_grouping_han_chinese	0	221	221	You are attacking a Prince of Shouchun military force!	You are defending against a Prince of Shouchun military force!	FACTION_CHOSOKABE	500	vo_Empire	default	brt	false			false	default	ep_unit_permission_group_all		LOCKED_STANDARD	flag_ep_faction_prince_of_yangzhou			flag_ep_faction_prince_of_yangzhou		77585B	662622	000000	898A94	000000
ep_faction_prince_of_yangzhou_separatists	298425019	3k_main_chinese	unplayable	Prince of Yangzhou Separatists	Prince of Yangzhou Separatists	default	eight_princes	false	false	false	data\ui\flags\ep_faction_prince_of_yangzhou_separatists	3k_main_military_grouping_han_chinese	0	221	221	You are attacking a Prince of Shouchun Separatists military force!	You are defending against a Prince of Shouchun Separatists military force!	FACTION_CHOSOKABE	500	vo_Empire	default	brt	false			false	default	ep_unit_permission_group_all		LOCKED_STANDARD	flag_ep_faction_prince_of_yangzhou_separatists			flag_ep_faction_prince_of_yangzhou_separatists		662622	898A94	000000	662622	000000
ep_faction_prince_of_yanmen	414732701	3k_main_chinese	unplayable	Prince of Yanmen	Prince of Yanmen	default	eight_princes	false	false	false	data\ui\flags\ep_faction_prince_of_yanmen	3k_main_military_grouping_han_chinese	0	221	221	You are attacking a Prince of Yanmen military force!	You are defending against a Prince of Yanmen military force!	FACTION_CHOSOKABE	500	vo_Empire	default	brt	false			false	default	ep_unit_permission_group_all		LOCKED_STANDARD	flag_ep_faction_prince_of_yanmen			flag_ep_faction_prince_of_yanmen		4E6E6D	00484B	000000	9C948F	000000
ep_faction_prince_of_yanmen_separatists	1746862716	3k_main_chinese	unplayable	Prince of Yanmen Separatists	Prince of Yanmen Separatists	default	eight_princes	false	false	false	data\ui\flags\ep_faction_prince_of_yanmen_separatists	3k_main_military_grouping_han_chinese	0	221	221	You are attacking a Prince of Yanmen Separatists military force!	You are defending against a Prince of Yanmen Separatists military force!	FACTION_CHOSOKABE	500	vo_Empire	default	brt	false			false	default	ep_unit_permission_group_all		LOCKED_STANDARD	flag_ep_faction_prince_of_yanmen_separatists			flag_ep_faction_prince_of_yanmen_separatists		00484B	9C948F	000000	00484B	000000
ep_faction_prince_of_ye	391860008	3k_main_chinese	unplayable	Prince of Ye	Prince of Ye	default	eight_princes	false	false	false	data\ui\flags\ep_faction_prince_of_ye	3k_main_military_grouping_han_chinese	0	221	221	You are attacking a Prince of Ye military force!	You are defending against a Prince of Ye military force!	FACTION_CHOSOKABE	500	vo_Empire	default	brt	false			false	default	ep_unit_permission_group_all		LOCKED_STANDARD	flag_ep_faction_prince_of_ye			flag_ep_faction_prince_of_ye		557781	256E7D	000000	868186	000000
ep_faction_prince_of_ye_separatists	1044785391	3k_main_chinese	unplayable	Prince of Ye Separatists	Prince of Ye Separatists	default	eight_princes	false	false	false	data\ui\flags\ep_faction_prince_of_ye_separatists	3k_main_military_grouping_han_chinese	0	221	221	You are attacking a Prince of Ye Separatists military force!	You are defending against a Prince of Ye Separatists military force!	FACTION_CHOSOKABE	500	vo_Empire	default	brt	false			false	default	ep_unit_permission_group_all		LOCKED_STANDARD	flag_ep_faction_prince_of_ye_separatists			flag_ep_faction_prince_of_ye_separatists		256E7D	868186	000000	256E7D	000000
ep_faction_prince_of_yiyang	264994861	3k_main_chinese	unplayable	Prince of Yiyang	Prince of Yiyang	default	eight_princes	false	false	false	data\ui\flags\ep_faction_prince_of_yiyang	3k_main_military_grouping_han_chinese	0	221	221	You are attacking a Prince of Yiyang military force!	You are defending against a Prince of Yiyang military force!	FACTION_CHOSOKABE	500	vo_Empire	default	brt	false			false	default	ep_unit_permission_group_all		LOCKED_STANDARD	flag_ep_faction_prince_of_yiyang			flag_ep_faction_prince_of_yiyang		C93118	1B591C	000000	A39A95	000000
ep_faction_prince_of_yiyang_separatists	1936116023	3k_main_chinese	unplayable	Prince of Yiyang Separatists	Prince of Yiyang Separatists	default	eight_princes	false	false	false	data\ui\flags\ep_faction_prince_of_yiyang_separatists	3k_main_military_grouping_han_chinese	0	221	221	You are attacking a Prince of Yiyang Separatist military force!	You are defending against a Prince of Yiyang Separatist military force!	FACTION_CHOSOKABE	500	vo_Empire	default	brt	false			false	default	ep_unit_permission_group_all		LOCKED_STANDARD	flag_ep_faction_prince_of_yiyang_separatists			flag_ep_faction_prince_of_yiyang_separatists		E5E3E1	A39A95	000000	1B591C	000000
ep_faction_prince_of_yizhou	800997445	3k_main_chinese	unplayable	Prince of Yizhou	Prince of Yizhou	default	eight_princes	false	false	false	data\ui\flags\ep_faction_prince_of_yizhou	3k_main_military_grouping_han_chinese	0	221	221	You are attacking a Prince of Yizhou military force!	You are defending against a Prince of Yizhou military force!	FACTION_CHOSOKABE	500	vo_Empire	default	brt	false			false	default	ep_unit_permission_group_all		LOCKED_STANDARD	flag_ep_faction_prince_of_yizhou			flag_ep_faction_prince_of_yizhou		8B7B56	8C6914	000000	8B8D99	000000
ep_faction_prince_of_yizhou_separatists	1762423995	3k_main_chinese	unplayable	Prince of Yizhou Separatists	Prince of Yizhou Separatists	default	eight_princes	false	false	false	data\ui\flags\ep_faction_prince_of_yizhou_separatists	3k_main_military_grouping_han_chinese	0	221	221	You are attacking a Prince of Yizhou Separatists military force!	You are defending against a Prince of Yizhou Separatists military force!	FACTION_CHOSOKABE	500	vo_Empire	default	brt	false			false	default	ep_unit_permission_group_all		LOCKED_STANDARD	flag_ep_faction_prince_of_yizhou_separatists			flag_ep_faction_prince_of_yizhou_separatists		8C6914	8B8D99	000000	8C6914	000000
ep_faction_prince_of_yuzhang	1941079451	3k_main_chinese	unplayable	Prince of Yuzhang	Prince of Yuzhang	default	eight_princes	false	false	false	data\ui\flags\ep_faction_prince_of_yuzhang	3k_main_military_grouping_han_chinese	0	221	221	You are attacking a Prince of Yuzhang military force!	You are defending against a Prince of Yuzhang military force!	FACTION_CHOSOKABE	500	vo_Empire	default	brt	false			false	default	ep_unit_permission_group_all		LOCKED_STANDARD	flag_ep_faction_prince_of_yuzhang			flag_ep_faction_prince_of_yuzhang		7BADC9	512307	000000	949494	000000
ep_faction_prince_of_yuzhang_separatists	180938909	3k_main_chinese	unplayable	Prince of Yuzhang Separatists	Prince of Yuzhang Separatists	default	eight_princes	false	false	false	data\ui\flags\ep_faction_prince_of_yuzhang_separatists	3k_main_military_grouping_han_chinese	0	221	221	You are attacking a Prince of Yuzhang Separatists military force!	You are defending against a Prince of Yuzhang Separatists military force!	FACTION_CHOSOKABE	500	vo_Empire	default	brt	false			false	default	ep_unit_permission_group_all		LOCKED_STANDARD	flag_ep_faction_prince_of_yuzhang_separatists			flag_ep_faction_prince_of_yuzhang_separatists		C8C8C6	949494	000000	512307	000000
ep_faction_prince_of_zangke	2076263106	3k_main_chinese	unplayable	Prince of Zangke	Prince of Zangke	default	eight_princes	false	false	false	data\ui\flags\ep_faction_prince_of_zangke	3k_main_military_grouping_han_chinese	0	221	221	You are attacking a Prince of Zangke military force!	You are defending against a Prince of Zangke military force!	FACTION_CHOSOKABE	500	vo_Empire	default	brt	false			false	default	ep_unit_permission_group_all		LOCKED_STANDARD	flag_ep_faction_prince_of_zangke			flag_ep_faction_prince_of_zangke		5A647F	1F3469	000000	969595	000000
ep_faction_prince_of_zangke_separatists	1414505862	3k_main_chinese	unplayable	Prince of Zangke Separatists	Prince of Zangke Separatists	default	eight_princes	false	false	false	data\ui\flags\ep_faction_prince_of_zangke_separatists	3k_main_military_grouping_han_chinese	0	221	221	You are attacking a Prince of Zangke Separatists military force!	You are defending against a Prince of Zangke Separatists military force!	FACTION_CHOSOKABE	500	vo_Empire	default	brt	false			false	default	ep_unit_permission_group_all		LOCKED_STANDARD	flag_ep_faction_prince_of_zangke_separatists			flag_ep_faction_prince_of_zangke_separatists		1F3469	969595	000000	1F3469	000000
ep_faction_prince_of_zhangwu	838724591	3k_main_chinese	unplayable	Prince of Zhangwu	Prince of Zhangwu	default	eight_princes	false	false	false	data\ui\flags\ep_faction_prince_of_zhangwu	3k_main_military_grouping_han_chinese	0	221	221	You are attacking a Prince of Zhangwu military force!	You are defending against a Prince of Zhangwu military force!	FACTION_CHOSOKABE	500	vo_Empire	default	brt	false			false	default	ep_unit_permission_group_all		LOCKED_STANDARD	flag_ep_faction_prince_of_zhangwu			flag_ep_faction_prince_of_zhangwu		EADFA5	444042	000000	939392	000000
ep_faction_prince_of_zhangwu_separatists	434082016	3k_main_chinese	unplayable	Prince of Zhangwu Separatists	Prince of Zhangwu Separatists	default	eight_princes	false	false	false	data\ui\flags\ep_faction_prince_of_zhangwu_separatists	3k_main_military_grouping_han_chinese	0	221	221	You are attacking a Prince of Zhangwu Separatists military force!	You are defending against a Prince of Zhangwu Separatists military force!	FACTION_CHOSOKABE	500	vo_Empire	default	brt	false			false	default	ep_unit_permission_group_all		LOCKED_STANDARD	flag_ep_faction_prince_of_zhangwu_separatists			flag_ep_faction_prince_of_zhangwu_separatists		27374A	939392	000000	444042	000000
ep_faction_prince_of_zhao	901310819	3k_main_chinese	playable	Prince of Zhao	Prince of Zhao	default	eight_princes	false	false	false	data\ui\flags\ep_faction_prince_of_zhao	ep_military_grouping	0	221	221	You are attacking a Prince of Zhao military force!	You are defending against a Prince of Zhao military force!	FACTION_CHOSOKABE	500	vo_Empire	default	brt	false			false	default	ep_unit_permission_group_faction_prince_of_zhao		LOCKED_STANDARD	flag_ep_faction_prince_of_zhao	eight_princes	ep_faction_game_lost_sima_lun	flag_ep_faction_prince_of_zhao	ep_faction_game_won_sima_lun	312721	CFAD36	000000	313133	000000
ep_faction_prince_of_zhao_separatists	1471831133	3k_main_chinese	unplayable	Prince of Zhao Separatists	Prince of Zhao Separatists	default	eight_princes	false	false	false	data\ui\flags\ep_faction_prince_of_zhao_separatists	ep_military_grouping	0	221	221	You are attacking a Prince of Zhao Separatists military force!	You are defending against a Prince of Zhao Separatists military force!	FACTION_CHOSOKABE	500	vo_Empire	default	brt	false			false	default	ep_unit_permission_group_faction_prince_of_zhao		LOCKED_STANDARD	flag_ep_faction_prince_of_zhao_separatists			flag_ep_faction_prince_of_zhao_separatists		C7D3D1	313133	000000	CFAD36	000000
ep_faction_prince_of_zhongshan	946133719	3k_main_chinese	unplayable	Prince of Zhongshan	Prince of Zhongshan	default	eight_princes	false	false	false	data\ui\flags\ep_faction_prince_of_zhongshan	3k_main_military_grouping_han_chinese	0	221	221	You are attacking a Prince of Zhongshan military force!	You are defending against a Prince of Zhongshan military force!	FACTION_CHOSOKABE	500	vo_Empire	default	brt	false			false	default	ep_unit_permission_group_all		LOCKED_STANDARD	flag_ep_faction_prince_of_zhongshan			flag_ep_faction_prince_of_zhongshan		D6CB1D	89868D	000000	908C92	000000
ep_faction_prince_of_zhongshan_separatists	870016829	3k_main_chinese	unplayable	Prince of Zhongshan Separatists	Prince of Zhongshan Separatists	default	eight_princes	false	false	false	data\ui\flags\ep_faction_prince_of_zhongshan_separatists	3k_main_military_grouping_han_chinese	0	221	221	You are attacking a Prince of Zhongshan Separatists military force!	You are defending against a Prince of Zhongshan Separatists military force!	FACTION_CHOSOKABE	500	vo_Empire	default	brt	false			false	default	ep_unit_permission_group_all		LOCKED_STANDARD	flag_ep_faction_prince_of_zhongshan_separatists			flag_ep_faction_prince_of_zhongshan_separatists		36330B	908C92	000000	89868D	000000
ep_faction_rebels	820280050	3k_main_chinese	unplayable	Noble Rebels	Noble Rebels	default	eight_princes	true	false	false	data\ui\flags\3k_main_faction_rebels	3k_main_military_grouping_han_chinese	0	221	221	You are attacking a Rebel military force!	You are defending against a Noble Rebels military force!	FACTION_ODA	500	vo_Empire	default	brt	false			false	3k_yellow_turban_config	ep_unit_permission_group_all		LOCKED_STANDARD	flag_ep_faction_rebels			flag_ep_faction_rebels		4B4849	282728	ADADAD	625F63	000000
ep_faction_runan	330058111	3k_main_chinese	unplayable	Runan Commandery	Runan Commandery	default	eight_princes	false	false	false	data\ui\flags\3k_main_faction_runan	3k_main_military_grouping_han_chinese	0	221	221	You are attacking a Runan Commandery military force!	You are defending against a Runan Commandery military force!	FACTION_CHOSOKABE	500	vo_Empire	default	brt	false			false	default	ep_unit_permission_group_all		LOCKED_STANDARD	flag_ep_faction_runan			flag_ep_faction_runan		5E3920	4B415C	000000	683F19	000000
ep_faction_runan_separatists	781865556	3k_main_chinese	unplayable	Runan Separatists	Runan Separatists	default	eight_princes	false	false	false	data\ui\flags\3k_main_faction_runan_separatists	3k_main_military_grouping_han_chinese	0	221	221	You are attacking a Runan Separatists military force!	You are defending against a Runan Separatists military force!	FACTION_CHOSOKABE	500	vo_Empire	default	brt	false			false	default	ep_unit_permission_group_all		LOCKED_STANDARD	flag_ep_faction_runan_separatists			flag_ep_faction_runan_separatists		504660	683F19	000000	4B415C	000000
ep_faction_shangdang	231037083	3k_main_chinese	unplayable	Shangdang Commandery	Shangdang Commandery	default	eight_princes	false	false	false	data\ui\flags\3k_main_faction_shangdang	3k_main_military_grouping_han_chinese	0	221	221	You are attacking a Shangdang Commandery military force!	You are defending against a Shangdang Commandery military force!	FACTION_CHOSOKABE	500	vo_Empire	default	brt	false			false	default	ep_unit_permission_group_all		LOCKED_STANDARD	flag_ep_faction_shangdang			flag_ep_faction_shangdang		1F2B4B	70540C	000000	212E51	000000
ep_faction_shangdang_separatists	180515316	3k_main_chinese	unplayable	Shangdang Separatists	Shangdang Separatists	default	eight_princes	false	false	false	data\ui\flags\3k_main_faction_shangdang_separatists	3k_main_military_grouping_han_chinese	0	221	221	You are attacking a Shangdang Separatists military force!	You are defending against a Shangdang Separatists military force!	FACTION_CHOSOKABE	500	vo_Empire	default	brt	false			false	default	ep_unit_permission_group_all		LOCKED_STANDARD	flag_ep_faction_shangdang_separatists			flag_ep_faction_shangdang_separatists		684D0B	212E51	000000	70540C	000000
ep_faction_shangyong	885198184	3k_main_chinese	unplayable	Shangyong Commandery	Shangyong Commandery	default	eight_princes	false	false	false	data\ui\flags\3k_main_faction_shangyong	3k_main_military_grouping_han_chinese	0	221	221	You are attacking a Shangyong Commandery military force!	You are defending against a Shangyong Commandery military force!	FACTION_CHOSOKABE	500	vo_Empire	default	brt	false			false	default	ep_unit_permission_group_all		LOCKED_STANDARD	flag_ep_faction_shangyong			flag_ep_faction_shangyong		24262A	6A7D9C	000000	28292E	000000
ep_faction_shangyong_separatists	1829571474	3k_main_chinese	unplayable	Shangyong Separatists	Shangyong Separatists	default	eight_princes	false	false	false	data\ui\flags\3k_main_faction_shangyong_separatists	3k_main_military_grouping_han_chinese	0	221	221	You are attacking a Shangyong Separatists military force!	You are defending against a Shangyong Separatists military force!	FACTION_CHOSOKABE	500	vo_Empire	default	brt	false			false	default	ep_unit_permission_group_all		LOCKED_STANDARD	flag_ep_faction_shangyong_separatists			flag_ep_faction_shangyong_separatists		6A7D9B	28292E	000000	6A7D9C	000000
ep_faction_shoufang	1988461436	3k_main_chinese	unplayable	Shoufang Commandery	Shoufang Commandery	default	eight_princes	false	false	false	data\ui\flags\3k_main_faction_shoufang	3k_main_military_grouping_han_chinese	0	221	221	You are attacking a Shoufang Commandery military force!	You are defending against a Shoufang Commandery military force!	FACTION_CHOSOKABE	500	vo_Empire	default	brt	false			false	default	ep_unit_permission_group_all		LOCKED_STANDARD	flag_ep_faction_shoufang			flag_ep_faction_shoufang		1E2A4E	4B638E	000000	1F2D52	000000
ep_faction_shoufang_separatists	1552991352	3k_main_chinese	unplayable	Shoufang Separatists	Shoufang Separatists	default	eight_princes	false	false	false	data\ui\flags\3k_main_faction_shoufang_separatists	3k_main_military_grouping_han_chinese	0	221	221	You are attacking a Shoufang Separatists military force!	You are defending against a Shoufang Separatists military force!	FACTION_CHOSOKABE	500	vo_Empire	default	brt	false			false	default	ep_unit_permission_group_all		LOCKED_STANDARD	flag_ep_faction_shoufang_separatists			flag_ep_faction_shoufang_separatists		485D86	1F2D52	000000	4B638E	000000
ep_faction_taishan	1141803885	3k_main_chinese	unplayable	Lean	Lean Commandery	default	eight_princes	false	false	false	data\ui\flags\3k_main_faction_taishan	3k_main_military_grouping_han_chinese	0	221	221	You are attacking a Taishan Commandery military force!	You are defending against a Taishan Commandery military force!	FACTION_CHOSOKABE	500	vo_Empire	default	brt	false			false	default	ep_unit_permission_group_all		LOCKED_STANDARD	flag_ep_faction_taishan			flag_ep_faction_taishan		463E2A	90939A	000000	46462F	000000
ep_faction_taishan_separatists	854548515	3k_main_chinese	unplayable	Lean Separatists	Lean Commandery Separatists	default	eight_princes	false	false	false	data\ui\flags\3k_main_faction_taishan_separatists	3k_main_military_grouping_han_chinese	0	221	221	You are attacking a Taishan Separatists military force!	You are defending against a Taishan Separatists military force!	FACTION_CHOSOKABE	500	vo_Empire	default	brt	false			false	default	ep_unit_permission_group_all		LOCKED_STANDARD	flag_ep_faction_taishan_separatists			flag_ep_faction_taishan_separatists		93979E	46462F	000000	90939A	000000
ep_faction_taiyuan	1125659910	3k_main_chinese	unplayable	Taiyuan Commandery	Taiyuan Commandery	default	eight_princes	false	false	false	data\ui\flags\3k_main_faction_taiyuan	3k_main_military_grouping_han_chinese	0	221	221	You are attacking a Taiyuan Commandery military force!	You are defending against a Taiyuan Commandery military force!	FACTION_CHOSOKABE	500	vo_Empire	default	brt	false			false	default	ep_unit_permission_group_all		LOCKED_STANDARD	flag_ep_faction_taiyuan			flag_ep_faction_taiyuan		26304E	343D0F	000000	263151	000000
ep_faction_taiyuan_separatists	378167336	3k_main_chinese	unplayable	Taiyuan Separatists	Taiyuan Separatists	default	eight_princes	false	false	false	data\ui\flags\3k_main_faction_taiyuan_separatists	3k_main_military_grouping_han_chinese	0	221	221	You are attacking a Taiyuan Separatists military force!	You are defending against a Taiyuan Separatists military force!	FACTION_CHOSOKABE	500	vo_Empire	default	brt	false			false	default	ep_unit_permission_group_all		LOCKED_STANDARD	flag_ep_faction_taiyuan_separatists			flag_ep_faction_taiyuan_separatists		31390D	263151	000000	343D0F	000000
ep_faction_tongan	606021903	3k_main_chinese	unplayable	Southern Jian'an	Southern Jian'an Commandery	default	eight_princes	false	false	false	data\ui\flags\3k_main_faction_tong'an	3k_main_military_grouping_han_chinese	0	221	221	You are attacking a Tongan Commandery military force!	You are defending against a Tongan Commandery military force!	FACTION_CHOSOKABE	500	vo_Empire	default	brt	false			false	default	ep_unit_permission_group_all		LOCKED_STANDARD	flag_ep_faction_tongan			flag_ep_faction_tongan		6C8635	354051	000000	749039	000000
ep_faction_tongan_separatists	1407404397	3k_main_chinese	unplayable	Southern Jian'an Separatists	Southern Jian'an Commandery Separatists	default	eight_princes	false	false	false	data\ui\flags\3k_main_faction_tong'an_separatists	3k_main_military_grouping_han_chinese	0	221	221	You are attacking a Tongan Separatists military force!	You are defending against a Tongan Separatists military force!	FACTION_CHOSOKABE	500	vo_Empire	default	brt	false			false	default	ep_unit_permission_group_all		LOCKED_STANDARD	flag_ep_faction_tongan_separatists			flag_ep_faction_tongan_separatists		333D4D	749039	000000	354051	000000
ep_faction_weijun	1083766421	3k_main_chinese	unplayable	Wei Commandery	Wei Commandery	default	eight_princes	false	false	false	data\ui\flags\3k_main_faction_weijun	3k_main_military_grouping_han_chinese	0	221	221	You are attacking a Weijun Commandery military force!	You are defending against a Weijun Commandery military force!	FACTION_CHOSOKABE	500	vo_Empire	default	brt	false			false	default	ep_unit_permission_group_all		LOCKED_STANDARD	flag_ep_faction_weijun			flag_ep_faction_weijun		A19C9F	4C628D	000000	A9A4A6	000000
ep_faction_weijun_separatists	2078891970	3k_main_chinese	unplayable	Wei Separatists	Wei Separatists	default	eight_princes	false	false	false	data\ui\flags\3k_main_faction_weijun_separatists	3k_main_military_grouping_han_chinese	0	221	221	You are attacking a Weijun Separatists military force!	You are defending against a Weijun Separatists military force!	FACTION_CHOSOKABE	500	vo_Empire	default	brt	false			false	default	ep_unit_permission_group_all		LOCKED_STANDARD	flag_ep_faction_weijun_separatists			flag_ep_faction_weijun_separatists		4C6189	A9A4A6	000000	4C628D	000000
ep_faction_wudu	141255152	3k_main_chinese	unplayable	Wudu Commandery	Wudu Commandery	default	eight_princes	false	false	false	data\ui\flags\3k_main_faction_wudu	3k_main_military_grouping_han_chinese	0	221	221	You are attacking a Xiabian Commandery military force!	You are defending against a Xiabian Commandery military force!	FACTION_CHOSOKABE	500	vo_Empire	default	brt	false			false	default	ep_unit_permission_group_all		LOCKED_STANDARD	flag_ep_faction_wudu			flag_ep_faction_wudu		453D2A	2D3312	000000	524731	000000
ep_faction_wudu_separatists	621059450	3k_main_chinese	unplayable	Wudu Separatists	Wudu Separatists	default	eight_princes	false	false	false	data\ui\flags\3k_main_faction_wudu_separatists	3k_main_military_grouping_han_chinese	0	221	221	You are attacking a Xiabian Separatists military force!	You are defending against a Xiabian Separatists military force!	FACTION_CHOSOKABE	500	vo_Empire	default	brt	false			false	default	ep_unit_permission_group_all		LOCKED_STANDARD	flag_ep_faction_wudu_separatists			flag_ep_faction_wudu_separatists		21250C	524731	000000	2D3312	000000
ep_faction_wuling	775199348	3k_main_chinese	unplayable	Wuling Commandery	Wuling Commandery	default	eight_princes	false	false	false	data\ui\flags\3k_main_faction_wuling	3k_main_military_grouping_han_chinese	0	221	221	You are attacking a Wuling Commandery military force!	You are defending against a Wuling Commandery military force!	FACTION_CHOSOKABE	500	vo_Empire	default	brt	false			false	default	ep_unit_permission_group_all		LOCKED_STANDARD	flag_ep_faction_wuling			flag_ep_faction_wuling		044F4B	7F5B0A	000000	045954	000000
ep_faction_wuling_separatists	1119573322	3k_main_chinese	unplayable	Wuling Separatists	Wuling Separatists	default	eight_princes	false	false	false	data\ui\flags\3k_main_faction_wuling_separatists	3k_main_military_grouping_han_chinese	0	221	221	You are attacking a Wuling Separatists military force!	You are defending against a Wuling Separatists military force!	FACTION_CHOSOKABE	500	vo_Empire	default	brt	false			false	default	ep_unit_permission_group_all		LOCKED_STANDARD	flag_ep_faction_wuling_separatists			flag_ep_faction_wuling_separatists		725309	045954	000000	7F5B0A	000000
ep_faction_wuwei	1403277032	3k_main_chinese	unplayable	Wuwei Commandery	Wuwei Commandery	default	eight_princes	false	false	false	data\ui\flags\3k_main_faction_wuwei	3k_main_military_grouping_han_chinese	0	221	221	You are attacking a Wuwei Commandery military force!	You are defending against a Wuwei Commandery military force!	FACTION_CHOSOKABE	500	vo_Empire	default	brt	false			false	default	ep_unit_permission_group_all		LOCKED_STANDARD	flag_ep_faction_wuwei			flag_ep_faction_wuwei		4A6B63	645062	000000	637F76	000000
ep_faction_wuwei_separatists	606540751	3k_main_chinese	unplayable	Wuwei Separatists	Wuwei Separatists	default	eight_princes	false	false	false	data\ui\flags\3k_main_faction_wuwei_separatists	3k_main_military_grouping_han_chinese	0	221	221	You are attacking a Wuwei Separatists military force!	You are defending against a Wuwei Separatists military force!	FACTION_CHOSOKABE	500	vo_Empire	default	brt	false			false	default	ep_unit_permission_group_all		LOCKED_STANDARD	flag_ep_faction_wuwei_separatists			flag_ep_faction_wuwei_separatists		584E5B	637F76	000000	645062	000000
ep_faction_xiangyang	794432858	3k_main_chinese	unplayable	Xiangyang Commandery	Xiangyang Commandery	default	eight_princes	false	false	false	data\ui\flags\3k_main_faction_xiangyang	3k_main_military_grouping_han_chinese	0	221	221	You are attacking a Xiangyang Commandery military force!	You are defending against a Xiangyang Commandery military force!	FACTION_CHOSOKABE	500	vo_Empire	default	brt	false			false	default	ep_unit_permission_group_all		LOCKED_STANDARD	flag_ep_faction_xiangyang			flag_ep_faction_xiangyang		055A56	20345E	000000	045956	000000
ep_faction_xiangyang_separatists	758312916	3k_main_chinese	unplayable	Xiangyang Separatists	Xiangyang Separatists	default	eight_princes	false	false	false	data\ui\flags\3k_main_faction_xiangyang_separatists	3k_main_military_grouping_han_chinese	0	221	221	You are attacking a Xiangyang Separatists military force!	You are defending against a Xiangyang Separatists military force!	FACTION_CHOSOKABE	500	vo_Empire	default	brt	false			false	default	ep_unit_permission_group_all		LOCKED_STANDARD	flag_ep_faction_xiangyang_separatists			flag_ep_faction_xiangyang_separatists		20345D	045956	000000	20345E	000000
ep_faction_xihe	1903706805	3k_main_chinese	unplayable	Xihe Commandery	Xihe Commandery	default	eight_princes	false	false	false	data\ui\flags\3k_main_faction_xihe	3k_main_military_grouping_han_chinese	0	221	221	You are attacking a Xihe Commandery military force!	You are defending against a Xihe Commandery military force!	FACTION_CHOSOKABE	500	vo_Empire	default	brt	false			false	default	ep_unit_permission_group_all		LOCKED_STANDARD	flag_ep_faction_xihe			flag_ep_faction_xihe		6A6046	555D3C	000000	786B62	000000
ep_faction_xihe_separatists	726440862	3k_main_chinese	unplayable	Xihe Separatists	Xihe Separatists	default	eight_princes	false	false	false	data\ui\flags\3k_main_faction_xihe_separatists	3k_main_military_grouping_han_chinese	0	221	221	You are attacking a Xihe Separatists military force!	You are defending against a Xihe Separatists military force!	FACTION_CHOSOKABE	500	vo_Empire	default	brt	false			false	default	ep_unit_permission_group_all		LOCKED_STANDARD	flag_ep_faction_xihe_separatists			flag_ep_faction_xihe_separatists		525B3A	786B62	000000	555D3C	000000
ep_faction_xindu	1166015190	3k_main_chinese	unplayable	Xindu Commandery	Xindu Commandery	default	eight_princes	false	false	false	data\ui\flags\3k_main_faction_xindu	3k_main_military_grouping_han_chinese	0	221	221	You are attacking a Xindu Commandery military force!	You are defending against a Xindu Commandery military force!	FACTION_CHOSOKABE	500	vo_Empire	default	brt	false			false	default	ep_unit_permission_group_all		LOCKED_STANDARD	flag_ep_faction_xindu			flag_ep_faction_xindu		4C4942	213153	000000	4F4B45	000000
ep_faction_xindu_separatists	1362139693	3k_main_chinese	unplayable	Xindu Separatists	Xindu Separatists	default	eight_princes	false	false	false	data\ui\flags\3k_main_faction_xindu_separatists	3k_main_military_grouping_han_chinese	0	221	221	You are attacking a Xindu Separatists military force!	You are defending against a Xindu Separatists military force!	FACTION_CHOSOKABE	500	vo_Empire	default	brt	false			false	default	ep_unit_permission_group_all		LOCKED_STANDARD	flag_ep_faction_xindu_separatists			flag_ep_faction_xindu_separatists		233459	4F4B45	000000	213153	000000
ep_faction_yangzhou	1552860033	3k_main_chinese	unplayable	Huainan	Huainan Commandery	default	eight_princes	false	false	false	data\ui\flags\3k_main_faction_yangzhou	3k_main_military_grouping_han_chinese	0	221	221	You are attacking a Shouchun Commandery military force!	You are defending against a Shouchun Commandery military force!	FACTION_CHOSOKABE	500	vo_Empire	default	brt	false			false	default	ep_unit_permission_group_all		LOCKED_STANDARD	flag_ep_faction_yangzhou			flag_ep_faction_yangzhou		2D3652	66856C	000000	353E5D	000000
ep_faction_yangzhou_separatists	1938572786	3k_main_chinese	unplayable	Huainan Separatists	Huainan Commandery Separatists	default	eight_princes	false	false	false	data\ui\flags\3k_main_faction_yangzhou_separatists	3k_main_military_grouping_han_chinese	0	221	221	You are attacking a Shouchun Separatists military force!	You are defending against a Shouchun Separatists military force!	FACTION_CHOSOKABE	500	vo_Empire	default	brt	false			false	default	ep_unit_permission_group_all		LOCKED_STANDARD	flag_ep_faction_yangzhou_separatists			flag_ep_faction_yangzhou_separatists		617E67	353E5D	000000	66856C	000000
ep_faction_yanmen	1667647124	3k_main_chinese	unplayable	Yanmen Commandery	Yanmen Commandery	default	eight_princes	false	false	false	data\ui\flags\3k_main_faction_yanmen	3k_main_military_grouping_han_chinese	0	221	221	You are attacking a Yanmen Commandery military force!	You are defending against a Yanmen Commandery military force!	FACTION_CHOSOKABE	500	vo_Empire	default	brt	false			false	default	ep_unit_permission_group_all		LOCKED_STANDARD	flag_ep_faction_yanmen			flag_ep_faction_yanmen		232E50	A9A197	000000	27365D	000000
ep_faction_yanmen_separatists	1645233623	3k_main_chinese	unplayable	Yanmen Separatists	Yanmen Separatists	default	eight_princes	false	false	false	data\ui\flags\3k_main_faction_yanmen_separatists	3k_main_military_grouping_han_chinese	0	221	221	You are attacking a Yanmen Separatists military force!	You are defending against a Yanmen Separatists military force!	FACTION_CHOSOKABE	500	vo_Empire	default	brt	false			false	default	ep_unit_permission_group_all		LOCKED_STANDARD	flag_ep_faction_yanmen_separatists			flag_ep_faction_yanmen_separatists		B1A89E	27365D	000000	A9A197	000000
ep_faction_ye	668791771	3k_main_chinese	unplayable	Ye Commandery	Ye Commandery	default	eight_princes	false	false	false	data\ui\flags\3k_main_faction_ye	3k_main_military_grouping_han_chinese	0	221	221	You are attacking a Ye Commandery military force!	You are defending against a Ye Commandery military force!	FACTION_CHOSOKABE	500	vo_Empire	default	brt	false			false	default	ep_unit_permission_group_all		LOCKED_STANDARD	flag_ep_faction_ye			flag_ep_faction_ye		977858	A0A850	000000	A48972	000000
ep_faction_ye_separatists	438349416	3k_main_chinese	unplayable	Ye Separatists	Ye Separatists	default	eight_princes	false	false	false	data\ui\flags\3k_main_faction_ye_separatists	3k_main_military_grouping_han_chinese	0	221	221	You are attacking a Ye Separatists military force!	You are defending against a Ye Separatists military force!	FACTION_CHOSOKABE	500	vo_Empire	default	brt	false			false	default	ep_unit_permission_group_all		LOCKED_STANDARD	flag_ep_faction_ye_separatists			flag_ep_faction_ye_separatists		A3AA52	A48972	000000	A0A850	000000
ep_faction_yingchuan	2108569010	3k_main_chinese	unplayable	Yingchuan Commandery	Yingchuan Commandery	default	eight_princes	false	false	false	data\ui\flags\3k_main_faction_yingchuan	3k_main_military_grouping_han_chinese	0	221	221	You are attacking a Xuchang Commandery military force!	You are defending against a Xuchang Commandery military force!	FACTION_CHOSOKABE	500	vo_Empire	default	brt	false			false	default	ep_unit_permission_group_all		LOCKED_STANDARD	flag_ep_faction_yingchuan			flag_ep_faction_yingchuan		7D4336	6B2A00	000000	8B4B3D	000000
ep_faction_yingchuan_separatists	1115757264	3k_main_chinese	unplayable	Yingchuan Separatists	Yingchuan Separatists	default	eight_princes	false	false	false	data\ui\flags\3k_main_faction_yingchuan_separatists	3k_main_military_grouping_han_chinese	0	221	221	You are attacking a Xuchang Separatists military force!	You are defending against a Xuchang Separatists military force!	FACTION_CHOSOKABE	500	vo_Empire	default	brt	false			false	default	ep_unit_permission_group_all		LOCKED_STANDARD	flag_ep_faction_yingchuan_separatists			flag_ep_faction_yingchuan_separatists		652900	8B4B3D	000000	6B2A00	000000
ep_faction_yizhou	1041038625	3k_main_chinese	unplayable	Yizhou Commandery	Yizhou Commandery	default	eight_princes	false	false	false	data\ui\flags\3k_main_faction_yizhou	3k_main_military_grouping_han_chinese	0	221	221	You are attacking a Yizhou Commandery military force!	You are defending against a Yizhou Commandery military force!	FACTION_CHOSOKABE	500	vo_Empire	default	brt	false			false	default	ep_unit_permission_group_all		LOCKED_STANDARD	flag_ep_faction_yizhou			flag_ep_faction_yizhou		A1978E	9D7678	000000	ADA8AB	000000
ep_faction_yizhou_island	1143156513	3k_main_chinese	unplayable	Yizhou Commandery	Yizhou Commandery	default	eight_princes	false	false	false	data\ui\flags\3k_dlc04_faction_yizhou_island	3k_main_military_grouping_han_chinese	0	221	221	You are attacking a Yizhou Commandery military force!	You are defending against a Yizhou Commandery military force!	FACTION_CHOSOKABE	500	vo_Empire	default	brt	false			false	default	ep_unit_permission_group_all		LOCKED_STANDARD	flag_ep_faction_yizhou_island			flag_ep_faction_yizhou_island		A1978E	000000	000000	000000	000000
ep_faction_yizhou_island_separatists	862143041	3k_main_chinese	unplayable	Yizhou Separatists	Yizhou Separatists	default	eight_princes	false	false	false	data\ui\flags\3k_dlc04_faction_yizhou_island_separatists	3k_main_military_grouping_han_chinese	0	221	221	You are attacking a Yizhou Separatists military force!	You are defending against a Yizhou Separatists military force!	FACTION_CHOSOKABE	500	vo_Empire	default	brt	false			false	default	ep_unit_permission_group_all		LOCKED_STANDARD	flag_ep_faction_yizhou_island_separatists			flag_ep_faction_yizhou_island_separatists		9C7679	000000	000000	000000	000000
ep_faction_yizhou_separatists	902627023	3k_main_chinese	unplayable	Yizhou Separatists	Yizhou Separatists	default	eight_princes	false	false	false	data\ui\flags\3k_main_faction_yizhou_separatists	3k_main_military_grouping_han_chinese	0	221	221	You are attacking a Yizhou Separatists military force!	You are defending against a Yizhou Separatists military force!	FACTION_CHOSOKABE	500	vo_Empire	default	brt	false			false	default	ep_unit_permission_group_all		LOCKED_STANDARD	flag_ep_faction_yizhou_separatists			flag_ep_faction_yizhou_separatists		9C7679	ADA8AB	000000	9D7678	000000
ep_faction_youbeiping	1540493124	3k_main_chinese	unplayable	Youbeiping Commandery	Youbeiping Commandery	default	eight_princes	false	false	false	data\ui\flags\3k_main_faction_youbeiping	3k_main_military_grouping_han_chinese	0	221	221	You are attacking a Youbeiping Commandery military force!	You are defending against a Youbeiping Commandery military force!	FACTION_CHOSOKABE	500	vo_Empire	default	brt	false			false	default	ep_unit_permission_group_all		LOCKED_STANDARD	flag_ep_faction_youbeiping			flag_ep_faction_youbeiping		23330E	5A231F	000000	24350E	000000
ep_faction_youbeiping_separatists	536851664	3k_main_chinese	unplayable	Youbeiping Separatists	Youbeiping Separatists	default	eight_princes	false	false	false	data\ui\flags\3k_main_faction_youbeiping_separatists	3k_main_military_grouping_han_chinese	0	221	221	You are attacking a Youbeiping Separatists military force!	You are defending against a Youbeiping Separatists military force!	FACTION_CHOSOKABE	500	vo_Empire	default	brt	false			false	default	ep_unit_permission_group_all		LOCKED_STANDARD	flag_ep_faction_youbeiping_separatists			flag_ep_faction_youbeiping_separatists		55201D	24350E	000000	5A231F	000000
ep_faction_youzhou	1713239689	3k_main_chinese	unplayable	Guangyang	Guangyang Commandery	default	eight_princes	false	false	false	data\ui\flags\3k_main_faction_youzhou	3k_main_military_grouping_han_chinese	0	221	221	You are attacking a Ji Commandery military force!	You are defending against a Ji Commandery military force!	FACTION_CHOSOKABE	500	vo_Empire	default	brt	false			false	default	ep_unit_permission_group_all		LOCKED_STANDARD	flag_ep_faction_youzhou			flag_ep_faction_youzhou		814407	486B6C	000000	8F4C09	000000
ep_faction_youzhou_separatists	1639734638	3k_main_chinese	unplayable	Guangyang Separatists	Guangyang Commandery Separatists	default	eight_princes	false	false	false	data\ui\flags\3k_main_faction_youzhou_separatists	3k_main_military_grouping_han_chinese	0	221	221	You are attacking a Ji Separatists military force!	You are defending against a Ji Separatists military force!	FACTION_CHOSOKABE	500	vo_Empire	default	brt	false			false	default	ep_unit_permission_group_all		LOCKED_STANDARD	flag_ep_faction_youzhou_separatists			flag_ep_faction_youzhou_separatists		49655D	8F4C09	000000	486B6C	000000
ep_faction_yu	1955366123	3k_main_chinese	unplayable	Yu Commandery	Yu Commandery	default	eight_princes	false	false	false	data\ui\flags\3k_main_faction_yu	3k_main_military_grouping_han_chinese	0	221	221	You are attacking a Yu Commandery military force!	You are defending against a Yu Commandery military force!	FACTION_CHOSOKABE	500	vo_Empire	default	brt	false			false	default	ep_unit_permission_group_all		LOCKED_STANDARD	flag_ep_faction_yu			flag_ep_faction_yu		22300C	77560A	000000	25360E	000000
ep_faction_yu_separatists	283317152	3k_main_chinese	unplayable	Yu Separatists	Yu Separatists	default	eight_princes	false	false	false	data\ui\flags\3k_main_faction_yu_separatists	3k_main_military_grouping_han_chinese	0	221	221	You are attacking a Yu Separatists military force!	You are defending against a Yu Separatists military force!	FACTION_CHOSOKABE	500	vo_Empire	default	brt	false			false	default	ep_unit_permission_group_all		LOCKED_STANDARD	flag_ep_faction_yu_separatists			flag_ep_faction_yu_separatists		735409	25360E	000000	77560A	000000
ep_faction_yulin	1921618512	3k_main_chinese	unplayable	Yulin Commandery	Yulin Commandery	default	eight_princes	false	false	false	data\ui\flags\3k_main_faction_yulin	3k_main_military_grouping_han_chinese	0	221	221	You are attacking a Bushan Commandery military force!	You are defending against a Bushan Commandery military force!	FACTION_CHOSOKABE	500	vo_Empire	default	brt	false			false	default	ep_unit_permission_group_all		LOCKED_STANDARD	flag_ep_faction_yulin			flag_ep_faction_yulin		7C7800	4F8B84	000000	978A0F	000000
ep_faction_yulin_separatists	1135127100	3k_main_chinese	unplayable	Yulin Separatists	Yulin Separatists	default	eight_princes	false	false	false	data\ui\flags\3k_main_faction_yulin_separatists	3k_main_military_grouping_han_chinese	0	221	221	You are attacking a Bushan Separatists military force!	You are defending against a Bushan Separatists military force!	FACTION_CHOSOKABE	500	vo_Empire	default	brt	false			false	default	ep_unit_permission_group_all		LOCKED_STANDARD	flag_ep_faction_yulin_separatists			flag_ep_faction_yulin_separatists		508C85	978A0F	000000	4F8B84	000000
ep_faction_yuzhang	1486581642	3k_main_chinese	unplayable	Yuzhang Commandery	Yuzhang Commandery	default	eight_princes	false	false	false	data\ui\flags\3k_main_faction_yuzhang	3k_main_military_grouping_han_chinese	0	221	221	You are attacking a Yuzhang Commandery military force!	You are defending against a Yuzhang Commandery military force!	FACTION_CHOSOKABE	500	vo_Empire	default	brt	false			false	default	ep_unit_permission_group_all		LOCKED_STANDARD	flag_ep_faction_yuzhang			flag_ep_faction_yuzhang		45421B	073D3E	000000	4D4943	000000
ep_faction_yuzhang_separatists	2121276628	3k_main_chinese	unplayable	Yuzhang Separatists	Yuzhang Separatists	default	eight_princes	false	false	false	data\ui\flags\3k_main_faction_yuzhang_separatists	3k_main_military_grouping_han_chinese	0	221	221	You are attacking a Yuzhang Separatists military force!	You are defending against a Yuzhang Separatists military force!	FACTION_CHOSOKABE	500	vo_Empire	default	brt	false			false	default	ep_unit_permission_group_all		LOCKED_STANDARD	flag_ep_faction_yuzhang_separatists			flag_ep_faction_yuzhang_separatists		083D3E	4D4943	000000	073D3E	000000
ep_faction_zangke	46987528	3k_main_chinese	unplayable	Zangke Commandery	Zangke Commandery	default	eight_princes	false	false	false	data\ui\flags\3k_main_faction_zangke	3k_main_military_grouping_han_chinese	0	221	221	You are attacking a Zangke Commandery military force!	You are defending against a Zangke Commandery military force!	FACTION_CHOSOKABE	500	vo_Empire	default	brt	false			false	default	ep_unit_permission_group_all		LOCKED_STANDARD	flag_ep_faction_zangke			flag_ep_faction_zangke		0A0A00	3C6653	000000	64261E	000000
ep_faction_zangke_separatists	216384176	3k_main_chinese	unplayable	Zangke Separatists	Zangke Separatists	default	eight_princes	false	false	false	data\ui\flags\3k_main_faction_zangke_separatists	3k_main_military_grouping_han_chinese	0	221	221	You are attacking a Zangke Separatists military force!	You are defending against a Zangke Separatists military force!	FACTION_CHOSOKABE	500	vo_Empire	default	brt	false			false	default	ep_unit_permission_group_all		LOCKED_STANDARD	flag_ep_faction_zangke_separatists			flag_ep_faction_zangke_separatists		465849	64261E	000000	3C6653	000000
ep_faction_zhongshan	529232985	3k_main_chinese	unplayable	Zhongshan Commandery	Zhongshan Commandery	default	eight_princes	false	false	false	data\ui\flags\3k_main_faction_zhongshan	3k_main_military_grouping_han_chinese	0	221	221	You are attacking a Zhongshan Commandery military force!	You are defending against a Zhongshan Commandery military force!	FACTION_CHOSOKABE	500	vo_Empire	default	brt	false			false	default	ep_unit_permission_group_all		LOCKED_STANDARD	flag_ep_faction_zhongshan			flag_ep_faction_zhongshan		ACA498	083874	000000	A9A198	000000
ep_faction_zhongshan_separatists	1444036474	3k_main_chinese	unplayable	Zhongshan Separatists	Zhongshan Separatists	default	eight_princes	false	false	false	data\ui\flags\3k_main_faction_zhongshan_separatists	3k_main_military_grouping_han_chinese	0	221	221	You are attacking a Zhongshan Separatists military force!	You are defending against a Zhongshan Separatists military force!	FACTION_CHOSOKABE	500	vo_Empire	default	brt	false			false	default	ep_unit_permission_group_all		LOCKED_STANDARD	flag_ep_faction_zhongshan_separatists			flag_ep_faction_zhongshan_separatists		08346D	A9A198	000000	083874	000000
ep_factions_shadow_rebels	647953926	3k_main_chinese	unplayable	Noble Rebels	Noble Rebels	default	eight_princes	true	false	false	data\ui\flags\3k_main_faction_rebels	3k_main_military_grouping_han_chinese	0	221	221	You are attacking a Rebel military force!	You are defending against a Noble Rebels military force!	FACTION_ODA	500	vo_Empire	default	brt	false			false	3k_yellow_turban_config	3k_main_unit_permission_group_han_chinese		LOCKED_STANDARD	flag_ep_factions_shadow_rebels			flag_ep_factions_shadow_rebels		625F63	282728	ADADAD	625F63	000000
random	1151599151	3k_main_chinese	unplayable	RANDOM	RANDOM	default		false	false	false	data\ui\flags\ep_faction_rebels	3k_main_military_grouping_han_chinese	0	221	221	RANDOM	RANDOM	FACTION_ODA	500	vo_Empire	default	brt	false			false	default			LOCKED_STANDARD	3k_main_set_unit_flag_chinese_faction_rebels			3k_main_set_unit_flag_chinese_faction_rebels		625F63	282728	ADADAD	625F63	000000
