key	template_manager
#ceo_initial_datas_tables;0;ceo_db/ceo_initial_datas_tables/data__	
3k_dlc04_ceo_initial_data_character_historical_bao_dan	character_ceo_manager
3k_dlc04_ceo_initial_data_character_historical_beigong_boyu	character_ceo_manager
3k_dlc04_ceo_initial_data_character_historical_bian_zhang	character_ceo_manager
3k_dlc04_ceo_initial_data_character_historical_bo_cai	character_ceo_manager
3k_dlc04_ceo_initial_data_character_historical_bu_si	character_ceo_manager
3k_dlc04_ceo_initial_data_character_historical_cai_yong_bojie	character_ceo_manager
3k_dlc04_ceo_initial_data_character_historical_cao_de	character_ceo_manager
3k_dlc04_ceo_initial_data_character_historical_cao_song_jugao	character_ceo_manager
3k_dlc04_ceo_initial_data_character_historical_chen_dan_hangong	character_ceo_manager
3k_dlc04_ceo_initial_data_character_historical_chen_deng_yuanlong	character_ceo_manager
3k_dlc04_ceo_initial_data_character_historical_chen_gui_hanyu	character_ceo_manager
3k_dlc04_ceo_initial_data_character_historical_chen_su	character_ceo_manager
3k_dlc04_ceo_initial_data_character_historical_cheng_qiu	character_ceo_manager
3k_dlc04_ceo_initial_data_character_historical_chu_gong	character_ceo_manager
3k_dlc04_ceo_initial_data_character_historical_deng_sheng_boneng	character_ceo_manager
3k_dlc04_ceo_initial_data_character_historical_ding_yuan_jianyang	character_ceo_manager
3k_dlc04_ceo_initial_data_character_historical_dong_he_youzai	character_ceo_manager
3k_dlc04_ceo_initial_data_character_historical_dong_zhong	character_ceo_manager
3k_dlc04_ceo_initial_data_character_historical_du_ji_bohou	character_ceo_manager
3k_dlc04_ceo_initial_data_character_historical_feng_fang	character_ceo_manager
3k_dlc04_ceo_initial_data_character_historical_fu_xie_nanrong	character_ceo_manager
3k_dlc04_ceo_initial_data_character_historical_gao_you	character_ceo_manager
3k_dlc04_ceo_initial_data_character_historical_geng_bi	character_ceo_manager
3k_dlc04_ceo_initial_data_character_historical_guan_hai	character_ceo_manager
3k_dlc04_ceo_initial_data_character_historical_han_xian	character_ceo_manager
3k_dlc04_ceo_initial_data_character_historical_han_zhong	character_ceo_manager
3k_dlc04_ceo_initial_data_character_historical_he_jin	character_ceo_manager
3k_dlc04_ceo_initial_data_character_historical_huang_yan	character_ceo_manager
3k_dlc04_ceo_initial_data_character_historical_huangfu_song	character_ceo_manager
3k_dlc04_ceo_initial_data_character_historical_jin_xuan_yuanji	character_ceo_manager
3k_dlc04_ceo_initial_data_character_historical_jiu_dan	character_ceo_manager
3k_dlc04_ceo_initial_data_character_historical_lady_cai_yan_wenji	character_ceo_manager
3k_dlc04_ceo_initial_data_character_historical_lady_da_qiao	character_ceo_manager
3k_dlc04_ceo_initial_data_character_historical_lady_ding	character_ceo_manager
3k_dlc04_ceo_initial_data_character_historical_lady_lu	character_ceo_manager
3k_dlc04_ceo_initial_data_character_historical_lady_wang_song	character_ceo_manager
3k_dlc04_ceo_initial_data_character_historical_lady_xiao_qiao	character_ceo_manager
3k_dlc04_ceo_initial_data_character_historical_li_wenhou	character_ceo_manager
3k_dlc04_ceo_initial_data_character_historical_liang_boning	character_ceo_manager
3k_dlc04_ceo_initial_data_character_historical_liang_zhongning	character_ceo_manager
3k_dlc04_ceo_initial_data_character_historical_ling_zheng	character_ceo_manager
3k_dlc04_ceo_initial_data_character_historical_liu_chong	character_ceo_manager
3k_dlc04_ceo_initial_data_character_historical_liu_hong_yuanzhuo	character_ceo_manager
3k_dlc04_ceo_initial_data_character_historical_liu_pi	character_ceo_manager
3k_dlc04_ceo_initial_data_character_historical_liu_xun_zitai	character_ceo_manager
3k_dlc04_ceo_initial_data_character_historical_lu_bao_shuming	character_ceo_manager
3k_dlc04_ceo_initial_data_character_historical_lu_boshe	character_ceo_manager
3k_dlc04_ceo_initial_data_character_historical_lu_ji_gongji	character_ceo_manager
3k_dlc04_ceo_initial_data_character_historical_lu_jun	character_ceo_manager
3k_dlc04_ceo_initial_data_character_historical_lu_jun_jicai	character_ceo_manager
3k_dlc04_ceo_initial_data_character_historical_lu_kang_brother	character_ceo_manager
3k_dlc04_ceo_initial_data_character_historical_lu_kang_jining	character_ceo_manager
3k_dlc04_ceo_initial_data_character_historical_lu_shang	character_ceo_manager
3k_dlc04_ceo_initial_data_character_historical_lu_yu	character_ceo_manager
3k_dlc04_ceo_initial_data_character_historical_lu_yu_zijia	character_ceo_manager
3k_dlc04_ceo_initial_data_character_historical_lu_zhi	character_ceo_manager
3k_dlc04_ceo_initial_data_character_historical_luo_jun_xiaoyuan	character_ceo_manager
3k_dlc04_ceo_initial_data_character_historical_luo_tong_gongxu	character_ceo_manager
3k_dlc04_ceo_initial_data_character_historical_ma_midi_wengshu	character_ceo_manager
3k_dlc04_ceo_initial_data_character_historical_ma_xiang	character_ceo_manager
3k_dlc04_ceo_initial_data_character_historical_ma_yuanyi	character_ceo_manager
3k_dlc04_ceo_initial_data_character_historical_non_deployable_bi_lan_water	character_ceo_manager
3k_dlc04_ceo_initial_data_character_historical_non_deployable_cao_ding_fire	character_ceo_manager
3k_dlc04_ceo_initial_data_character_historical_non_deployable_duan_gui_ziyin_fire	character_ceo_manager
3k_dlc04_ceo_initial_data_character_historical_non_deployable_emperor_ling_earth	character_ceo_manager
3k_dlc04_ceo_initial_data_character_historical_non_deployable_emperor_shao_fire	character_ceo_manager
3k_dlc04_ceo_initial_data_character_historical_non_deployable_emperor_xian_earth	character_ceo_manager
3k_dlc04_ceo_initial_data_character_historical_non_deployable_empress_he_fire	character_ceo_manager
3k_dlc04_ceo_initial_data_character_historical_non_deployable_gao_wang_water	character_ceo_manager
3k_dlc04_ceo_initial_data_character_historical_non_deployable_guo_sheng_metal	character_ceo_manager
3k_dlc04_ceo_initial_data_character_historical_non_deployable_han_kui_earth	character_ceo_manager
3k_dlc04_ceo_initial_data_character_historical_non_deployable_li_song_fire	character_ceo_manager
3k_dlc04_ceo_initial_data_character_historical_non_deployable_song_dian_earth	character_ceo_manager
3k_dlc04_ceo_initial_data_character_historical_non_deployable_sun_zhang_wood	character_ceo_manager
3k_dlc04_ceo_initial_data_character_historical_non_deployable_xia_yun_water	character_ceo_manager
3k_dlc04_ceo_initial_data_character_historical_non_deployable_zhang_gong_wood	character_ceo_manager
3k_dlc04_ceo_initial_data_character_historical_non_deployable_zhang_rang_earth	character_ceo_manager
3k_dlc04_ceo_initial_data_character_historical_non_deployable_zhao_zhong_water	character_ceo_manager
3k_dlc04_ceo_initial_data_character_historical_qiao_mao_yuanwei	character_ceo_manager
3k_dlc04_ceo_initial_data_character_historical_qiao_xuan_gongzu	character_ceo_manager
3k_dlc04_ceo_initial_data_character_historical_sima_ju	character_ceo_manager
3k_dlc04_ceo_initial_data_character_historical_song_jian	character_ceo_manager
3k_dlc04_ceo_initial_data_character_historical_tang_zhou	character_ceo_manager
3k_dlc04_ceo_initial_data_character_historical_wang_guo	character_ceo_manager
3k_dlc04_ceo_initial_data_character_historical_wu_ba	character_ceo_manager
3k_dlc04_ceo_initial_data_character_historical_wu_qiong_deyu	character_ceo_manager
3k_dlc04_ceo_initial_data_character_historical_xing_zhang	character_ceo_manager
3k_dlc04_ceo_initial_data_character_historical_xue_zhou	character_ceo_manager
3k_dlc04_ceo_initial_data_character_historical_xun_shuang_ciming	character_ceo_manager
3k_dlc04_ceo_initial_data_character_historical_ying_feng_shishu	character_ceo_manager
3k_dlc04_ceo_initial_data_character_historical_ying_qu_xiulian	character_ceo_manager
3k_dlc04_ceo_initial_data_character_historical_ying_shao_zhongyuan	character_ceo_manager
3k_dlc04_ceo_initial_data_character_historical_ying_xun_jiyu	character_ceo_manager
3k_dlc04_ceo_initial_data_character_historical_ying_yang_delian	character_ceo_manager
3k_dlc04_ceo_initial_data_character_historical_yuan_yi_boye	character_ceo_manager
3k_dlc04_ceo_initial_data_character_historical_zhang_bao	character_ceo_manager
3k_dlc04_ceo_initial_data_character_historical_zhang_jue	character_ceo_manager
3k_dlc04_ceo_initial_data_character_historical_zhang_liang	character_ceo_manager
3k_dlc04_ceo_initial_data_character_historical_zhang_mancheng	character_ceo_manager
3k_dlc04_ceo_initial_data_character_historical_zhang_wen_boshen	character_ceo_manager
3k_dlc04_ceo_initial_data_character_historical_zhao_hong	character_ceo_manager
3k_dlc04_ceo_initial_data_character_historical_zhao_zhi	character_ceo_manager
3k_dlc04_ceo_initial_data_character_historical_zhou_ang	character_ceo_manager
3k_dlc04_ceo_initial_data_character_historical_zhou_bi_zhongyuan	character_ceo_manager
3k_dlc04_ceo_initial_data_character_historical_zhou_shen	character_ceo_manager
3k_dlc04_ceo_initial_data_character_historical_zhou_xin_daming	character_ceo_manager
3k_dlc04_ceo_initial_data_character_historical_zhou_yu_renming	character_ceo_manager
3k_dlc04_ceo_initial_data_character_historical_zong_yuan	character_ceo_manager
3k_dlc04_initial_data_faction_cao_cao	faction_ceo_manager
3k_dlc04_initial_data_faction_dong_zhuo	faction_ceo_manager
3k_dlc04_initial_data_faction_empress_he	faction_ceo_manager
3k_dlc04_initial_data_faction_liu_bei	faction_ceo_manager
3k_dlc04_initial_data_faction_liu_biao	faction_ceo_manager
3k_dlc04_initial_data_faction_lu_zhi	faction_ceo_manager
3k_dlc04_initial_data_faction_ma_teng	faction_ceo_manager
3k_dlc04_initial_data_faction_prince_liu_chong	faction_ceo_manager
3k_dlc04_initial_data_faction_sun_jian	faction_ceo_manager
3k_dlc04_initial_data_faction_tao_qian	faction_ceo_manager
3k_dlc04_initial_data_faction_yuan_shu	faction_ceo_manager
3k_dlc04_initial_data_faction_zhang_bao	faction_ceo_manager
3k_dlc04_initial_data_faction_zhang_jue	faction_ceo_manager
3k_dlc04_initial_data_faction_zhang_liang	faction_ceo_manager
3k_dlc05_ceo_initial_data_character_generic_bandit_f_earth_agent	character_ceo_manager
3k_dlc05_ceo_initial_data_character_generic_bandit_f_earth_agent_legendary	character_ceo_manager
3k_dlc05_ceo_initial_data_character_generic_bandit_f_earth_envoy	character_ceo_manager
3k_dlc05_ceo_initial_data_character_generic_bandit_f_earth_envoy_legendary	character_ceo_manager
3k_dlc05_ceo_initial_data_character_generic_bandit_f_earth_general	character_ceo_manager
3k_dlc05_ceo_initial_data_character_generic_bandit_f_earth_general_legendary	character_ceo_manager
3k_dlc05_ceo_initial_data_character_generic_bandit_f_earth_governor	character_ceo_manager
3k_dlc05_ceo_initial_data_character_generic_bandit_f_earth_governor_legendary	character_ceo_manager
3k_dlc05_ceo_initial_data_character_generic_bandit_f_earth_minister	character_ceo_manager
3k_dlc05_ceo_initial_data_character_generic_bandit_f_earth_minister_legendary	character_ceo_manager
3k_dlc05_ceo_initial_data_character_generic_bandit_f_earth_villager	character_ceo_manager
3k_dlc05_ceo_initial_data_character_generic_bandit_f_earth_villager_legendary	character_ceo_manager
3k_dlc05_ceo_initial_data_character_generic_bandit_f_fire_agent	character_ceo_manager
3k_dlc05_ceo_initial_data_character_generic_bandit_f_fire_agent_legendary	character_ceo_manager
3k_dlc05_ceo_initial_data_character_generic_bandit_f_fire_envoy	character_ceo_manager
3k_dlc05_ceo_initial_data_character_generic_bandit_f_fire_envoy_legendary	character_ceo_manager
3k_dlc05_ceo_initial_data_character_generic_bandit_f_fire_general	character_ceo_manager
3k_dlc05_ceo_initial_data_character_generic_bandit_f_fire_general_legendary	character_ceo_manager
3k_dlc05_ceo_initial_data_character_generic_bandit_f_fire_governor	character_ceo_manager
3k_dlc05_ceo_initial_data_character_generic_bandit_f_fire_governor_legendary	character_ceo_manager
3k_dlc05_ceo_initial_data_character_generic_bandit_f_fire_minister	character_ceo_manager
3k_dlc05_ceo_initial_data_character_generic_bandit_f_fire_minister_legendary	character_ceo_manager
3k_dlc05_ceo_initial_data_character_generic_bandit_f_fire_villager	character_ceo_manager
3k_dlc05_ceo_initial_data_character_generic_bandit_f_fire_villager_legendary	character_ceo_manager
3k_dlc05_ceo_initial_data_character_generic_bandit_f_metal_agent	character_ceo_manager
3k_dlc05_ceo_initial_data_character_generic_bandit_f_metal_agent_legendary	character_ceo_manager
3k_dlc05_ceo_initial_data_character_generic_bandit_f_metal_envoy	character_ceo_manager
3k_dlc05_ceo_initial_data_character_generic_bandit_f_metal_envoy_legendary	character_ceo_manager
3k_dlc05_ceo_initial_data_character_generic_bandit_f_metal_general	character_ceo_manager
3k_dlc05_ceo_initial_data_character_generic_bandit_f_metal_general_legendary	character_ceo_manager
3k_dlc05_ceo_initial_data_character_generic_bandit_f_metal_governor	character_ceo_manager
3k_dlc05_ceo_initial_data_character_generic_bandit_f_metal_governor_legendary	character_ceo_manager
3k_dlc05_ceo_initial_data_character_generic_bandit_f_metal_minister	character_ceo_manager
3k_dlc05_ceo_initial_data_character_generic_bandit_f_metal_minister_legendary	character_ceo_manager
3k_dlc05_ceo_initial_data_character_generic_bandit_f_metal_villager	character_ceo_manager
3k_dlc05_ceo_initial_data_character_generic_bandit_f_metal_villager_legendary	character_ceo_manager
3k_dlc05_ceo_initial_data_character_generic_bandit_f_water_agent	character_ceo_manager
3k_dlc05_ceo_initial_data_character_generic_bandit_f_water_agent_legendary	character_ceo_manager
3k_dlc05_ceo_initial_data_character_generic_bandit_f_water_envoy	character_ceo_manager
3k_dlc05_ceo_initial_data_character_generic_bandit_f_water_envoy_legendary	character_ceo_manager
3k_dlc05_ceo_initial_data_character_generic_bandit_f_water_general	character_ceo_manager
3k_dlc05_ceo_initial_data_character_generic_bandit_f_water_general_legendary	character_ceo_manager
3k_dlc05_ceo_initial_data_character_generic_bandit_f_water_governor	character_ceo_manager
3k_dlc05_ceo_initial_data_character_generic_bandit_f_water_governor_legendary	character_ceo_manager
3k_dlc05_ceo_initial_data_character_generic_bandit_f_water_minister	character_ceo_manager
3k_dlc05_ceo_initial_data_character_generic_bandit_f_water_minister_legendary	character_ceo_manager
3k_dlc05_ceo_initial_data_character_generic_bandit_f_water_villager	character_ceo_manager
3k_dlc05_ceo_initial_data_character_generic_bandit_f_water_villager_legendary	character_ceo_manager
3k_dlc05_ceo_initial_data_character_generic_bandit_f_wood_agent	character_ceo_manager
3k_dlc05_ceo_initial_data_character_generic_bandit_f_wood_agent_legendary	character_ceo_manager
3k_dlc05_ceo_initial_data_character_generic_bandit_f_wood_envoy	character_ceo_manager
3k_dlc05_ceo_initial_data_character_generic_bandit_f_wood_envoy_legendary	character_ceo_manager
3k_dlc05_ceo_initial_data_character_generic_bandit_f_wood_general	character_ceo_manager
3k_dlc05_ceo_initial_data_character_generic_bandit_f_wood_general_legendary	character_ceo_manager
3k_dlc05_ceo_initial_data_character_generic_bandit_f_wood_governor	character_ceo_manager
3k_dlc05_ceo_initial_data_character_generic_bandit_f_wood_governor_legendary	character_ceo_manager
3k_dlc05_ceo_initial_data_character_generic_bandit_f_wood_minister	character_ceo_manager
3k_dlc05_ceo_initial_data_character_generic_bandit_f_wood_minister_legendary	character_ceo_manager
3k_dlc05_ceo_initial_data_character_generic_bandit_f_wood_villager	character_ceo_manager
3k_dlc05_ceo_initial_data_character_generic_bandit_f_wood_villager_legendary	character_ceo_manager
3k_dlc05_ceo_initial_data_character_generic_bandit_m_earth_agent	character_ceo_manager
3k_dlc05_ceo_initial_data_character_generic_bandit_m_earth_agent_legendary	character_ceo_manager
3k_dlc05_ceo_initial_data_character_generic_bandit_m_earth_envoy	character_ceo_manager
3k_dlc05_ceo_initial_data_character_generic_bandit_m_earth_envoy_legendary	character_ceo_manager
3k_dlc05_ceo_initial_data_character_generic_bandit_m_earth_general	character_ceo_manager
3k_dlc05_ceo_initial_data_character_generic_bandit_m_earth_general_legendary	character_ceo_manager
3k_dlc05_ceo_initial_data_character_generic_bandit_m_earth_governor	character_ceo_manager
3k_dlc05_ceo_initial_data_character_generic_bandit_m_earth_governor_legendary	character_ceo_manager
3k_dlc05_ceo_initial_data_character_generic_bandit_m_earth_minister	character_ceo_manager
3k_dlc05_ceo_initial_data_character_generic_bandit_m_earth_minister_legendary	character_ceo_manager
3k_dlc05_ceo_initial_data_character_generic_bandit_m_earth_villager	character_ceo_manager
3k_dlc05_ceo_initial_data_character_generic_bandit_m_earth_villager_legendary	character_ceo_manager
3k_dlc05_ceo_initial_data_character_generic_bandit_m_fire_agent	character_ceo_manager
3k_dlc05_ceo_initial_data_character_generic_bandit_m_fire_agent_legendary	character_ceo_manager
3k_dlc05_ceo_initial_data_character_generic_bandit_m_fire_envoy	character_ceo_manager
3k_dlc05_ceo_initial_data_character_generic_bandit_m_fire_envoy_legendary	character_ceo_manager
3k_dlc05_ceo_initial_data_character_generic_bandit_m_fire_general	character_ceo_manager
3k_dlc05_ceo_initial_data_character_generic_bandit_m_fire_general_legendary	character_ceo_manager
3k_dlc05_ceo_initial_data_character_generic_bandit_m_fire_governor	character_ceo_manager
3k_dlc05_ceo_initial_data_character_generic_bandit_m_fire_governor_legendary	character_ceo_manager
3k_dlc05_ceo_initial_data_character_generic_bandit_m_fire_minister	character_ceo_manager
3k_dlc05_ceo_initial_data_character_generic_bandit_m_fire_minister_legendary	character_ceo_manager
3k_dlc05_ceo_initial_data_character_generic_bandit_m_fire_villager	character_ceo_manager
3k_dlc05_ceo_initial_data_character_generic_bandit_m_fire_villager_legendary	character_ceo_manager
3k_dlc05_ceo_initial_data_character_generic_bandit_m_metal_agent	character_ceo_manager
3k_dlc05_ceo_initial_data_character_generic_bandit_m_metal_agent_legendary	character_ceo_manager
3k_dlc05_ceo_initial_data_character_generic_bandit_m_metal_envoy	character_ceo_manager
3k_dlc05_ceo_initial_data_character_generic_bandit_m_metal_envoy_legendary	character_ceo_manager
3k_dlc05_ceo_initial_data_character_generic_bandit_m_metal_general	character_ceo_manager
3k_dlc05_ceo_initial_data_character_generic_bandit_m_metal_general_legendary	character_ceo_manager
3k_dlc05_ceo_initial_data_character_generic_bandit_m_metal_governor	character_ceo_manager
3k_dlc05_ceo_initial_data_character_generic_bandit_m_metal_governor_legendary	character_ceo_manager
3k_dlc05_ceo_initial_data_character_generic_bandit_m_metal_minister	character_ceo_manager
3k_dlc05_ceo_initial_data_character_generic_bandit_m_metal_minister_legendary	character_ceo_manager
3k_dlc05_ceo_initial_data_character_generic_bandit_m_metal_villager	character_ceo_manager
3k_dlc05_ceo_initial_data_character_generic_bandit_m_metal_villager_legendary	character_ceo_manager
3k_dlc05_ceo_initial_data_character_generic_bandit_m_water_agent	character_ceo_manager
3k_dlc05_ceo_initial_data_character_generic_bandit_m_water_agent_legendary	character_ceo_manager
3k_dlc05_ceo_initial_data_character_generic_bandit_m_water_envoy	character_ceo_manager
3k_dlc05_ceo_initial_data_character_generic_bandit_m_water_envoy_legendary	character_ceo_manager
3k_dlc05_ceo_initial_data_character_generic_bandit_m_water_general	character_ceo_manager
3k_dlc05_ceo_initial_data_character_generic_bandit_m_water_general_legendary	character_ceo_manager
3k_dlc05_ceo_initial_data_character_generic_bandit_m_water_governor	character_ceo_manager
3k_dlc05_ceo_initial_data_character_generic_bandit_m_water_governor_legendary	character_ceo_manager
3k_dlc05_ceo_initial_data_character_generic_bandit_m_water_minister	character_ceo_manager
3k_dlc05_ceo_initial_data_character_generic_bandit_m_water_minister_legendary	character_ceo_manager
3k_dlc05_ceo_initial_data_character_generic_bandit_m_water_villager	character_ceo_manager
3k_dlc05_ceo_initial_data_character_generic_bandit_m_water_villager_legendary	character_ceo_manager
3k_dlc05_ceo_initial_data_character_generic_bandit_m_wood_agent	character_ceo_manager
3k_dlc05_ceo_initial_data_character_generic_bandit_m_wood_agent_legendary	character_ceo_manager
3k_dlc05_ceo_initial_data_character_generic_bandit_m_wood_envoy	character_ceo_manager
3k_dlc05_ceo_initial_data_character_generic_bandit_m_wood_envoy_legendary	character_ceo_manager
3k_dlc05_ceo_initial_data_character_generic_bandit_m_wood_general	character_ceo_manager
3k_dlc05_ceo_initial_data_character_generic_bandit_m_wood_general_legendary	character_ceo_manager
3k_dlc05_ceo_initial_data_character_generic_bandit_m_wood_governor	character_ceo_manager
3k_dlc05_ceo_initial_data_character_generic_bandit_m_wood_governor_legendary	character_ceo_manager
3k_dlc05_ceo_initial_data_character_generic_bandit_m_wood_minister	character_ceo_manager
3k_dlc05_ceo_initial_data_character_generic_bandit_m_wood_minister_legendary	character_ceo_manager
3k_dlc05_ceo_initial_data_character_generic_bandit_m_wood_villager	character_ceo_manager
3k_dlc05_ceo_initial_data_character_generic_bandit_m_wood_villager_legendary	character_ceo_manager
3k_dlc05_ceo_initial_data_character_historical_cao_xing	character_ceo_manager
3k_dlc05_ceo_initial_data_character_historical_chen_ji	character_ceo_manager
3k_dlc05_ceo_initial_data_character_historical_cheng_yu	character_ceo_manager
3k_dlc05_ceo_initial_data_character_historical_chunyu_qiong	character_ceo_manager
3k_dlc05_ceo_initial_data_character_historical_diaochan	character_ceo_manager
3k_dlc05_ceo_initial_data_character_historical_gao_shun	character_ceo_manager
3k_dlc05_ceo_initial_data_character_historical_guo_si	character_ceo_manager
3k_dlc05_ceo_initial_data_character_historical_guo_tu	character_ceo_manager
3k_dlc05_ceo_initial_data_character_historical_han_dang	character_ceo_manager
3k_dlc05_ceo_initial_data_character_historical_han_hao	character_ceo_manager
3k_dlc05_ceo_initial_data_character_historical_hao_meng	character_ceo_manager
3k_dlc05_ceo_initial_data_character_historical_hua_xin	character_ceo_manager
3k_dlc05_ceo_initial_data_character_historical_ji_ling	character_ceo_manager
3k_dlc05_ceo_initial_data_character_historical_ju_shou	character_ceo_manager
3k_dlc05_ceo_initial_data_character_historical_lady_bian	character_ceo_manager
3k_dlc05_ceo_initial_data_character_historical_lady_mi	character_ceo_manager
3k_dlc05_ceo_initial_data_character_historical_li_jue	character_ceo_manager
3k_dlc05_ceo_initial_data_character_historical_lou_gui	character_ceo_manager
3k_dlc05_ceo_initial_data_character_historical_lu_lingqi	character_ceo_manager
3k_dlc05_ceo_initial_data_character_historical_mao_jie	character_ceo_manager
3k_dlc05_ceo_initial_data_character_historical_pang_ji	character_ceo_manager
3k_dlc05_ceo_initial_data_character_historical_shen_pei	character_ceo_manager
3k_dlc05_ceo_initial_data_character_historical_su_fei	character_ceo_manager
3k_dlc05_ceo_initial_data_character_historical_tian_feng	character_ceo_manager
3k_dlc05_ceo_initial_data_character_historical_tian_kai	character_ceo_manager
3k_dlc05_ceo_initial_data_character_historical_wu_jing	character_ceo_manager
3k_dlc05_ceo_initial_data_character_historical_xu_shao	character_ceo_manager
3k_dlc05_ceo_initial_data_character_historical_xu_you	character_ceo_manager
3k_dlc05_ceo_initial_data_character_historical_xue_li	character_ceo_manager
3k_dlc05_ceo_initial_data_character_historical_yang_feng	character_ceo_manager
3k_dlc05_ceo_initial_data_character_historical_yang_hong	character_ceo_manager
3k_dlc05_ceo_initial_data_character_historical_yu_fan	character_ceo_manager
3k_dlc05_ceo_initial_data_character_historical_yuan_huan	character_ceo_manager
3k_dlc05_ceo_initial_data_character_historical_yuan_tan	character_ceo_manager
3k_dlc05_ceo_initial_data_character_historical_zang_ba	character_ceo_manager
3k_dlc05_ceo_initial_data_character_historical_zao_zhi	character_ceo_manager
3k_dlc05_ceo_initial_data_character_historical_ze_rong	character_ceo_manager
3k_dlc05_ceo_initial_data_character_historical_zhang_fang	character_ceo_manager
3k_dlc05_ceo_initial_data_character_historical_zhang_hong	character_ceo_manager
3k_dlc05_ceo_initial_data_character_historical_zhang_lu	character_ceo_manager
3k_dlc05_ceo_initial_data_character_historical_zhang_miao	character_ceo_manager
3k_dlc05_ceo_initial_data_character_historical_zhang_xiu	character_ceo_manager
3k_dlc05_ceo_initial_data_character_historical_zhang_zhao	character_ceo_manager
3k_dlc05_initial_data_character_historical_mi_fang	character_ceo_manager
3k_dlc05_initial_data_faction_lu_bu	faction_ceo_manager
3k_dlc05_initial_data_faction_sun_ce	faction_ceo_manager
3k_dlc06_ceo_initial_data_character_historical_shi_hui	character_ceo_manager
3k_dlc06_ceo_initial_data_character_historical_shi_kuang	character_ceo_manager
3k_dlc06_ceo_initial_data_character_historical_shi_wei	character_ceo_manager
3k_dlc06_ceo_initial_data_character_historical_shi_xin	character_ceo_manager
3k_dlc06_ceo_initial_data_character_historical_shi_zhi	character_ceo_manager
3k_dlc06_initial_data_character_generic_nanman_common_earth_01	character_ceo_manager
3k_dlc06_initial_data_character_generic_nanman_common_earth_01__f	character_ceo_manager
3k_dlc06_initial_data_character_generic_nanman_common_earth_02	character_ceo_manager
3k_dlc06_initial_data_character_generic_nanman_common_earth_02__f	character_ceo_manager
3k_dlc06_initial_data_character_generic_nanman_common_fire_01	character_ceo_manager
3k_dlc06_initial_data_character_generic_nanman_common_fire_01__f	character_ceo_manager
3k_dlc06_initial_data_character_generic_nanman_common_fire_02	character_ceo_manager
3k_dlc06_initial_data_character_generic_nanman_common_fire_02__f	character_ceo_manager
3k_dlc06_initial_data_character_generic_nanman_common_metal_01	character_ceo_manager
3k_dlc06_initial_data_character_generic_nanman_common_metal_01__f	character_ceo_manager
3k_dlc06_initial_data_character_generic_nanman_common_metal_02	character_ceo_manager
3k_dlc06_initial_data_character_generic_nanman_common_metal_02__f	character_ceo_manager
3k_dlc06_initial_data_character_generic_nanman_common_water_01	character_ceo_manager
3k_dlc06_initial_data_character_generic_nanman_common_water_01__f	character_ceo_manager
3k_dlc06_initial_data_character_generic_nanman_common_water_02	character_ceo_manager
3k_dlc06_initial_data_character_generic_nanman_common_water_02__f	character_ceo_manager
3k_dlc06_initial_data_character_generic_nanman_common_wood_01	character_ceo_manager
3k_dlc06_initial_data_character_generic_nanman_common_wood_01__f	character_ceo_manager
3k_dlc06_initial_data_character_generic_nanman_common_wood_02	character_ceo_manager
3k_dlc06_initial_data_character_generic_nanman_common_wood_02__f	character_ceo_manager
3k_dlc06_initial_data_character_generic_nanman_exceptional_earth	character_ceo_manager
3k_dlc06_initial_data_character_generic_nanman_exceptional_earth__f	character_ceo_manager
3k_dlc06_initial_data_character_generic_nanman_exceptional_fire	character_ceo_manager
3k_dlc06_initial_data_character_generic_nanman_exceptional_fire__f	character_ceo_manager
3k_dlc06_initial_data_character_generic_nanman_exceptional_metal	character_ceo_manager
3k_dlc06_initial_data_character_generic_nanman_exceptional_metal__f	character_ceo_manager
3k_dlc06_initial_data_character_generic_nanman_exceptional_water	character_ceo_manager
3k_dlc06_initial_data_character_generic_nanman_exceptional_water__f	character_ceo_manager
3k_dlc06_initial_data_character_generic_nanman_exceptional_wood	character_ceo_manager
3k_dlc06_initial_data_character_generic_nanman_exceptional_wood__f	character_ceo_manager
3k_dlc06_initial_data_character_generic_nanman_rare_earth	character_ceo_manager
3k_dlc06_initial_data_character_generic_nanman_rare_earth__f	character_ceo_manager
3k_dlc06_initial_data_character_generic_nanman_rare_fire	character_ceo_manager
3k_dlc06_initial_data_character_generic_nanman_rare_fire__f	character_ceo_manager
3k_dlc06_initial_data_character_generic_nanman_rare_metal	character_ceo_manager
3k_dlc06_initial_data_character_generic_nanman_rare_metal__f	character_ceo_manager
3k_dlc06_initial_data_character_generic_nanman_rare_water	character_ceo_manager
3k_dlc06_initial_data_character_generic_nanman_rare_water__f	character_ceo_manager
3k_dlc06_initial_data_character_generic_nanman_rare_wood	character_ceo_manager
3k_dlc06_initial_data_character_generic_nanman_rare_wood__f	character_ceo_manager
3k_dlc06_initial_data_character_historical_nanman_ahuinan	character_ceo_manager
3k_dlc06_initial_data_character_historical_nanman_dailaidongzhu	character_ceo_manager
3k_dlc06_initial_data_character_historical_nanman_dongtuna	character_ceo_manager
3k_dlc06_initial_data_character_historical_nanman_jinhuansanjie	character_ceo_manager
3k_dlc06_initial_data_character_historical_nanman_king_duosi	character_ceo_manager
3k_dlc06_initial_data_character_historical_nanman_king_meng_huo	character_ceo_manager
3k_dlc06_initial_data_character_historical_nanman_king_mulu	character_ceo_manager
3k_dlc06_initial_data_character_historical_nanman_king_shamoke	character_ceo_manager
3k_dlc06_initial_data_character_historical_nanman_king_shamoke_194	character_ceo_manager
3k_dlc06_initial_data_character_historical_nanman_king_wutugu	character_ceo_manager
3k_dlc06_initial_data_character_historical_nanman_lady_zhurong	character_ceo_manager
3k_dlc06_initial_data_character_historical_nanman_mangyachang	character_ceo_manager
3k_dlc06_initial_data_character_historical_nanman_meng_jie	character_ceo_manager
3k_dlc06_initial_data_character_historical_nanman_meng_you	character_ceo_manager
3k_dlc06_initial_data_character_historical_nanman_tu_an	character_ceo_manager
3k_dlc06_initial_data_character_historical_nanman_xi_ni	character_ceo_manager
3k_dlc06_initial_data_character_historical_nanman_yang_feng	character_ceo_manager
3k_dlc06_initial_data_faction_nanman_ahuinan	faction_ceo_manager
3k_dlc06_initial_data_faction_nanman_dongtuna	faction_ceo_manager
3k_dlc06_initial_data_faction_nanman_generic	faction_ceo_manager
3k_dlc06_initial_data_faction_nanman_jiangyang	faction_ceo_manager
3k_dlc06_initial_data_faction_nanman_jianning	faction_ceo_manager
3k_dlc06_initial_data_faction_nanman_jiaozhi	faction_ceo_manager
3k_dlc06_initial_data_faction_nanman_jinhuansanjie	faction_ceo_manager
3k_dlc06_initial_data_faction_nanman_king_duosi	faction_ceo_manager
3k_dlc06_initial_data_faction_nanman_king_meng_huo	faction_ceo_manager
3k_dlc06_initial_data_faction_nanman_king_mulu	faction_ceo_manager
3k_dlc06_initial_data_faction_nanman_king_shamoke	faction_ceo_manager
3k_dlc06_initial_data_faction_nanman_king_wutugu	faction_ceo_manager
3k_dlc06_initial_data_faction_nanman_lady_zhurong	faction_ceo_manager
3k_dlc06_initial_data_faction_nanman_mangyachang	faction_ceo_manager
3k_dlc06_initial_data_faction_nanman_tu_an	faction_ceo_manager
3k_dlc06_initial_data_faction_nanman_xi_ni	faction_ceo_manager
3k_dlc06_initial_data_faction_nanman_yang_feng	faction_ceo_manager
3k_dlc06_initial_data_faction_nanman_yongchang	faction_ceo_manager
3k_dlc06_initial_data_faction_nanman_yunnan	faction_ceo_manager
3k_dlc06_initial_data_faction_nanman_zangke	faction_ceo_manager
3k_ironic_ceo_initial_data_character_historical_dong_fu	character_ceo_manager
3k_ironic_ceo_initial_data_character_historical_fu_gan	character_ceo_manager
3k_ironic_ceo_initial_data_character_historical_lady_cai	character_ceo_manager
3k_ironic_ceo_initial_data_character_historical_lady_yang	character_ceo_manager
3k_ironic_ceo_initial_data_character_historical_ma_tie	character_ceo_manager
3k_ironic_ceo_initial_data_character_historical_ma_xiu	character_ceo_manager
3k_ironic_ceo_initial_data_character_historical_wang_yun	character_ceo_manager
3k_main_ceo_initial_data_character_generic_f_earth_agent	character_ceo_manager
3k_main_ceo_initial_data_character_generic_f_earth_agent_legendary	character_ceo_manager
3k_main_ceo_initial_data_character_generic_f_earth_envoy	character_ceo_manager
3k_main_ceo_initial_data_character_generic_f_earth_envoy_legendary	character_ceo_manager
3k_main_ceo_initial_data_character_generic_f_earth_general	character_ceo_manager
3k_main_ceo_initial_data_character_generic_f_earth_general_legendary	character_ceo_manager
3k_main_ceo_initial_data_character_generic_f_earth_governor	character_ceo_manager
3k_main_ceo_initial_data_character_generic_f_earth_governor_legendary	character_ceo_manager
3k_main_ceo_initial_data_character_generic_f_earth_minister	character_ceo_manager
3k_main_ceo_initial_data_character_generic_f_earth_minister_legendary	character_ceo_manager
3k_main_ceo_initial_data_character_generic_f_earth_villager	character_ceo_manager
3k_main_ceo_initial_data_character_generic_f_earth_villager_legendary	character_ceo_manager
3k_main_ceo_initial_data_character_generic_f_fire_agent	character_ceo_manager
3k_main_ceo_initial_data_character_generic_f_fire_agent_legendary	character_ceo_manager
3k_main_ceo_initial_data_character_generic_f_fire_envoy	character_ceo_manager
3k_main_ceo_initial_data_character_generic_f_fire_envoy_legendary	character_ceo_manager
3k_main_ceo_initial_data_character_generic_f_fire_general	character_ceo_manager
3k_main_ceo_initial_data_character_generic_f_fire_general_legendary	character_ceo_manager
3k_main_ceo_initial_data_character_generic_f_fire_governor	character_ceo_manager
3k_main_ceo_initial_data_character_generic_f_fire_governor_legendary	character_ceo_manager
3k_main_ceo_initial_data_character_generic_f_fire_minister	character_ceo_manager
3k_main_ceo_initial_data_character_generic_f_fire_minister_legendary	character_ceo_manager
3k_main_ceo_initial_data_character_generic_f_fire_villager	character_ceo_manager
3k_main_ceo_initial_data_character_generic_f_fire_villager_legendary	character_ceo_manager
3k_main_ceo_initial_data_character_generic_f_metal_agent	character_ceo_manager
3k_main_ceo_initial_data_character_generic_f_metal_agent_legendary	character_ceo_manager
3k_main_ceo_initial_data_character_generic_f_metal_envoy	character_ceo_manager
3k_main_ceo_initial_data_character_generic_f_metal_envoy_legendary	character_ceo_manager
3k_main_ceo_initial_data_character_generic_f_metal_general	character_ceo_manager
3k_main_ceo_initial_data_character_generic_f_metal_general_legendary	character_ceo_manager
3k_main_ceo_initial_data_character_generic_f_metal_governor	character_ceo_manager
3k_main_ceo_initial_data_character_generic_f_metal_governor_legendary	character_ceo_manager
3k_main_ceo_initial_data_character_generic_f_metal_minister	character_ceo_manager
3k_main_ceo_initial_data_character_generic_f_metal_minister_legendary	character_ceo_manager
3k_main_ceo_initial_data_character_generic_f_metal_villager	character_ceo_manager
3k_main_ceo_initial_data_character_generic_f_metal_villager_legendary	character_ceo_manager
3k_main_ceo_initial_data_character_generic_f_water_agent	character_ceo_manager
3k_main_ceo_initial_data_character_generic_f_water_agent_legendary	character_ceo_manager
3k_main_ceo_initial_data_character_generic_f_water_envoy	character_ceo_manager
3k_main_ceo_initial_data_character_generic_f_water_envoy_legendary	character_ceo_manager
3k_main_ceo_initial_data_character_generic_f_water_general	character_ceo_manager
3k_main_ceo_initial_data_character_generic_f_water_general_legendary	character_ceo_manager
3k_main_ceo_initial_data_character_generic_f_water_governor	character_ceo_manager
3k_main_ceo_initial_data_character_generic_f_water_governor_legendary	character_ceo_manager
3k_main_ceo_initial_data_character_generic_f_water_minister	character_ceo_manager
3k_main_ceo_initial_data_character_generic_f_water_minister_legendary	character_ceo_manager
3k_main_ceo_initial_data_character_generic_f_water_villager	character_ceo_manager
3k_main_ceo_initial_data_character_generic_f_water_villager_legendary	character_ceo_manager
3k_main_ceo_initial_data_character_generic_f_wood_agent	character_ceo_manager
3k_main_ceo_initial_data_character_generic_f_wood_agent_legendary	character_ceo_manager
3k_main_ceo_initial_data_character_generic_f_wood_envoy	character_ceo_manager
3k_main_ceo_initial_data_character_generic_f_wood_envoy_legendary	character_ceo_manager
3k_main_ceo_initial_data_character_generic_f_wood_general	character_ceo_manager
3k_main_ceo_initial_data_character_generic_f_wood_general_legendary	character_ceo_manager
3k_main_ceo_initial_data_character_generic_f_wood_governor	character_ceo_manager
3k_main_ceo_initial_data_character_generic_f_wood_governor_legendary	character_ceo_manager
3k_main_ceo_initial_data_character_generic_f_wood_minister	character_ceo_manager
3k_main_ceo_initial_data_character_generic_f_wood_minister_legendary	character_ceo_manager
3k_main_ceo_initial_data_character_generic_f_wood_villager	character_ceo_manager
3k_main_ceo_initial_data_character_generic_f_wood_villager_legendary	character_ceo_manager
3k_main_ceo_initial_data_character_generic_m_earth_agent	character_ceo_manager
3k_main_ceo_initial_data_character_generic_m_earth_agent_legendary	character_ceo_manager
3k_main_ceo_initial_data_character_generic_m_earth_envoy	character_ceo_manager
3k_main_ceo_initial_data_character_generic_m_earth_envoy_legendary	character_ceo_manager
3k_main_ceo_initial_data_character_generic_m_earth_general	character_ceo_manager
3k_main_ceo_initial_data_character_generic_m_earth_general_legendary	character_ceo_manager
3k_main_ceo_initial_data_character_generic_m_earth_governor	character_ceo_manager
3k_main_ceo_initial_data_character_generic_m_earth_governor_legendary	character_ceo_manager
3k_main_ceo_initial_data_character_generic_m_earth_minister	character_ceo_manager
3k_main_ceo_initial_data_character_generic_m_earth_minister_legendary	character_ceo_manager
3k_main_ceo_initial_data_character_generic_m_earth_villager	character_ceo_manager
3k_main_ceo_initial_data_character_generic_m_earth_villager_legendary	character_ceo_manager
3k_main_ceo_initial_data_character_generic_m_fire_agent	character_ceo_manager
3k_main_ceo_initial_data_character_generic_m_fire_agent_legendary	character_ceo_manager
3k_main_ceo_initial_data_character_generic_m_fire_envoy	character_ceo_manager
3k_main_ceo_initial_data_character_generic_m_fire_envoy_legendary	character_ceo_manager
3k_main_ceo_initial_data_character_generic_m_fire_general	character_ceo_manager
3k_main_ceo_initial_data_character_generic_m_fire_general_legendary	character_ceo_manager
3k_main_ceo_initial_data_character_generic_m_fire_governor	character_ceo_manager
3k_main_ceo_initial_data_character_generic_m_fire_governor_legendary	character_ceo_manager
3k_main_ceo_initial_data_character_generic_m_fire_minister	character_ceo_manager
3k_main_ceo_initial_data_character_generic_m_fire_minister_legendary	character_ceo_manager
3k_main_ceo_initial_data_character_generic_m_fire_villager	character_ceo_manager
3k_main_ceo_initial_data_character_generic_m_fire_villager_legendary	character_ceo_manager
3k_main_ceo_initial_data_character_generic_m_metal_agent	character_ceo_manager
3k_main_ceo_initial_data_character_generic_m_metal_agent_legendary	character_ceo_manager
3k_main_ceo_initial_data_character_generic_m_metal_envoy	character_ceo_manager
3k_main_ceo_initial_data_character_generic_m_metal_envoy_legendary	character_ceo_manager
3k_main_ceo_initial_data_character_generic_m_metal_general	character_ceo_manager
3k_main_ceo_initial_data_character_generic_m_metal_general_legendary	character_ceo_manager
3k_main_ceo_initial_data_character_generic_m_metal_governor	character_ceo_manager
3k_main_ceo_initial_data_character_generic_m_metal_governor_legendary	character_ceo_manager
3k_main_ceo_initial_data_character_generic_m_metal_minister	character_ceo_manager
3k_main_ceo_initial_data_character_generic_m_metal_minister_legendary	character_ceo_manager
3k_main_ceo_initial_data_character_generic_m_metal_villager	character_ceo_manager
3k_main_ceo_initial_data_character_generic_m_metal_villager_legendary	character_ceo_manager
3k_main_ceo_initial_data_character_generic_m_water_agent	character_ceo_manager
3k_main_ceo_initial_data_character_generic_m_water_agent_legendary	character_ceo_manager
3k_main_ceo_initial_data_character_generic_m_water_envoy	character_ceo_manager
3k_main_ceo_initial_data_character_generic_m_water_envoy_legendary	character_ceo_manager
3k_main_ceo_initial_data_character_generic_m_water_general	character_ceo_manager
3k_main_ceo_initial_data_character_generic_m_water_general_legendary	character_ceo_manager
3k_main_ceo_initial_data_character_generic_m_water_governor	character_ceo_manager
3k_main_ceo_initial_data_character_generic_m_water_governor_legendary	character_ceo_manager
3k_main_ceo_initial_data_character_generic_m_water_minister	character_ceo_manager
3k_main_ceo_initial_data_character_generic_m_water_minister_legendary	character_ceo_manager
3k_main_ceo_initial_data_character_generic_m_water_villager	character_ceo_manager
3k_main_ceo_initial_data_character_generic_m_water_villager_legendary	character_ceo_manager
3k_main_ceo_initial_data_character_generic_m_wood_agent	character_ceo_manager
3k_main_ceo_initial_data_character_generic_m_wood_agent_legendary	character_ceo_manager
3k_main_ceo_initial_data_character_generic_m_wood_envoy	character_ceo_manager
3k_main_ceo_initial_data_character_generic_m_wood_envoy_legendary	character_ceo_manager
3k_main_ceo_initial_data_character_generic_m_wood_general	character_ceo_manager
3k_main_ceo_initial_data_character_generic_m_wood_general_legendary	character_ceo_manager
3k_main_ceo_initial_data_character_generic_m_wood_governor	character_ceo_manager
3k_main_ceo_initial_data_character_generic_m_wood_governor_legendary	character_ceo_manager
3k_main_ceo_initial_data_character_generic_m_wood_minister	character_ceo_manager
3k_main_ceo_initial_data_character_generic_m_wood_minister_legendary	character_ceo_manager
3k_main_ceo_initial_data_character_generic_m_wood_villager	character_ceo_manager
3k_main_ceo_initial_data_character_generic_m_wood_villager_legendary	character_ceo_manager
3k_main_ceo_initial_data_character_historical_Bao_Sanniang	character_ceo_manager
3k_main_ceo_initial_data_character_historical_Budugen	character_ceo_manager
3k_main_ceo_initial_data_character_historical_Cao_Xing	character_ceo_manager
3k_main_ceo_initial_data_character_historical_Chen_Dao	character_ceo_manager
3k_main_ceo_initial_data_character_historical_Chenglugui	character_ceo_manager
3k_main_ceo_initial_data_character_historical_Deng_Ai	character_ceo_manager
3k_main_ceo_initial_data_character_historical_Fulohan	character_ceo_manager
3k_main_ceo_initial_data_character_historical_Guan_Ping	character_ceo_manager
3k_main_ceo_initial_data_character_historical_Guan_Suo	character_ceo_manager
3k_main_ceo_initial_data_character_historical_Guan_Xing	character_ceo_manager
3k_main_ceo_initial_data_character_historical_Guo_Huai	character_ceo_manager
3k_main_ceo_initial_data_character_historical_Hou_Cheng	character_ceo_manager
3k_main_ceo_initial_data_character_historical_Jia_Chong	character_ceo_manager
3k_main_ceo_initial_data_character_historical_Jia_Kui	character_ceo_manager
3k_main_ceo_initial_data_character_historical_Jiang_Wei	character_ceo_manager
3k_main_ceo_initial_data_character_historical_Kebineng	character_ceo_manager
3k_main_ceo_initial_data_character_historical_Kuitou	character_ceo_manager
3k_main_ceo_initial_data_character_historical_Li_Dian	character_ceo_manager
3k_main_ceo_initial_data_character_historical_Li_Yan	character_ceo_manager
3k_main_ceo_initial_data_character_historical_Liu_Feng	character_ceo_manager
3k_main_ceo_initial_data_character_historical_Liu_Shan	character_ceo_manager
3k_main_ceo_initial_data_character_historical_Luo_Tong	character_ceo_manager
3k_main_ceo_initial_data_character_historical_Man_Chong	character_ceo_manager
3k_main_ceo_initial_data_character_historical_Mi_Heng	character_ceo_manager
3k_main_ceo_initial_data_character_historical_Mohuba	character_ceo_manager
3k_main_ceo_initial_data_character_historical_Pan_Feng	character_ceo_manager
3k_main_ceo_initial_data_character_historical_QIianman	character_ceo_manager
3k_main_ceo_initial_data_character_historical_Sima_Shi	character_ceo_manager
3k_main_ceo_initial_data_character_historical_Sima_Zhao	character_ceo_manager
3k_main_ceo_initial_data_character_historical_Song_Xian	character_ceo_manager
3k_main_ceo_initial_data_character_historical_Suli	character_ceo_manager
3k_main_ceo_initial_data_character_historical_Wang_Yi	character_ceo_manager
3k_main_ceo_initial_data_character_historical_Wang_Yuanji	character_ceo_manager
3k_main_ceo_initial_data_character_historical_Wei_Xu	character_ceo_manager
3k_main_ceo_initial_data_character_historical_Xiahou_Ba	character_ceo_manager
3k_main_ceo_initial_data_character_historical_Xin_Xianying	character_ceo_manager
3k_main_ceo_initial_data_character_historical_Zhang_Chunhua	character_ceo_manager
3k_main_ceo_initial_data_character_historical_Zhong_Hui	character_ceo_manager
3k_main_ceo_initial_data_character_historical_Zhong_Yao	character_ceo_manager
3k_main_ceo_initial_data_character_historical_agui	character_ceo_manager
3k_main_ceo_initial_data_character_historical_bao_long	character_ceo_manager
3k_main_ceo_initial_data_character_historical_bao_tao_ironic	character_ceo_manager
3k_main_ceo_initial_data_character_historical_bao_xin	character_ceo_manager
3k_main_ceo_initial_data_character_historical_bao_xun	character_ceo_manager
3k_main_ceo_initial_data_character_historical_bao_zhong_ironic	character_ceo_manager
3k_main_ceo_initial_data_character_historical_bei_chong	character_ceo_manager
3k_main_ceo_initial_data_character_historical_bei_jia	character_ceo_manager
3k_main_ceo_initial_data_character_historical_bei_yu	character_ceo_manager
3k_main_ceo_initial_data_character_historical_beolhyu	character_ceo_manager
3k_main_ceo_initial_data_character_historical_bi_chen_ironic	character_ceo_manager
3k_main_ceo_initial_data_character_historical_bi_jieyan	character_ceo_manager
3k_main_ceo_initial_data_character_historical_bian_baozhai	character_ceo_manager
3k_main_ceo_initial_data_character_historical_bian_hong_ironic	character_ceo_manager
3k_main_ceo_initial_data_character_historical_bian_rang	character_ceo_manager
3k_main_ceo_initial_data_character_historical_bian_rang_ironic	character_ceo_manager
3k_main_ceo_initial_data_character_historical_bian_rou	character_ceo_manager
3k_main_ceo_initial_data_character_historical_bian_xi	character_ceo_manager
3k_main_ceo_initial_data_character_historical_bing_yuan	character_ceo_manager
3k_main_ceo_initial_data_character_historical_bing_zhi_ironic	character_ceo_manager
3k_main_ceo_initial_data_character_historical_bu_lianshi	character_ceo_manager
3k_main_ceo_initial_data_character_historical_bu_zhi_ironic	character_ceo_manager
3k_main_ceo_initial_data_character_historical_cai_he	character_ceo_manager
3k_main_ceo_initial_data_character_historical_cai_hui	character_ceo_manager
3k_main_ceo_initial_data_character_historical_cai_huizhen	character_ceo_manager
3k_main_ceo_initial_data_character_historical_cai_mao	character_ceo_manager
3k_main_ceo_initial_data_character_historical_cai_pingwan_title	character_ceo_manager
3k_main_ceo_initial_data_character_historical_cai_xun	character_ceo_manager
3k_main_ceo_initial_data_character_historical_cai_yan_m	character_ceo_manager
3k_main_ceo_initial_data_character_historical_cai_yang	character_ceo_manager
3k_main_ceo_initial_data_character_historical_cai_zan	character_ceo_manager
3k_main_ceo_initial_data_character_historical_cai_zhong	character_ceo_manager
3k_main_ceo_initial_data_character_historical_cang_ci	character_ceo_manager
3k_main_ceo_initial_data_character_historical_cang_qinting	character_ceo_manager
3k_main_ceo_initial_data_character_historical_cao_ang	character_ceo_manager
3k_main_ceo_initial_data_character_historical_cao_anmin	character_ceo_manager
3k_main_ceo_initial_data_character_historical_cao_anmin_unique	character_ceo_manager
3k_main_ceo_initial_data_character_historical_cao_bao_ironic	character_ceo_manager
3k_main_ceo_initial_data_character_historical_cao_biao	character_ceo_manager
3k_main_ceo_initial_data_character_historical_cao_cao	character_ceo_manager
3k_main_ceo_initial_data_character_historical_cao_chun	character_ceo_manager
3k_main_ceo_initial_data_character_historical_cao_de	character_ceo_manager
3k_main_ceo_initial_data_character_historical_cao_hong	character_ceo_manager
3k_main_ceo_initial_data_character_historical_cao_hong_ironic	character_ceo_manager
3k_main_ceo_initial_data_character_historical_cao_jie	character_ceo_manager
3k_main_ceo_initial_data_character_historical_cao_pi	character_ceo_manager
3k_main_ceo_initial_data_character_historical_cao_qinghe_ironic	character_ceo_manager
3k_main_ceo_initial_data_character_historical_cao_qinghe_unique	character_ceo_manager
3k_main_ceo_initial_data_character_historical_cao_ren	character_ceo_manager
3k_main_ceo_initial_data_character_historical_cao_rui	character_ceo_manager
3k_main_ceo_initial_data_character_historical_cao_shuang	character_ceo_manager
3k_main_ceo_initial_data_character_historical_cao_song	character_ceo_manager
3k_main_ceo_initial_data_character_historical_cao_xi	character_ceo_manager
3k_main_ceo_initial_data_character_historical_cao_xiu	character_ceo_manager
3k_main_ceo_initial_data_character_historical_cao_zhang	character_ceo_manager
3k_main_ceo_initial_data_character_historical_cao_zhen	character_ceo_manager
3k_main_ceo_initial_data_character_historical_cao_zhi	character_ceo_manager
3k_main_ceo_initial_data_character_historical_chang_xi	character_ceo_manager
3k_main_ceo_initial_data_character_historical_chang_xi_ironic	character_ceo_manager
3k_main_ceo_initial_data_character_historical_chen_bai_ironic	character_ceo_manager
3k_main_ceo_initial_data_character_historical_chen_bao_ironic	character_ceo_manager
3k_main_ceo_initial_data_character_historical_chen_ce_ironic	character_ceo_manager
3k_main_ceo_initial_data_character_historical_chen_chao	character_ceo_manager
3k_main_ceo_initial_data_character_historical_chen_cong_ironic	character_ceo_manager
3k_main_ceo_initial_data_character_historical_chen_deng	character_ceo_manager
3k_main_ceo_initial_data_character_historical_chen_duan	character_ceo_manager
3k_main_ceo_initial_data_character_historical_chen_fu_title	character_ceo_manager
3k_main_ceo_initial_data_character_historical_chen_gong	character_ceo_manager
3k_main_ceo_initial_data_character_historical_chen_gui	character_ceo_manager
3k_main_ceo_initial_data_character_historical_chen_heng	character_ceo_manager
3k_main_ceo_initial_data_character_historical_chen_ji	character_ceo_manager
3k_main_ceo_initial_data_character_historical_chen_jiao_ironic	character_ceo_manager
3k_main_ceo_initial_data_character_historical_chen_jiu	character_ceo_manager
3k_main_ceo_initial_data_character_historical_chen_lan	character_ceo_manager
3k_main_ceo_initial_data_character_historical_chen_mu_ironic	character_ceo_manager
3k_main_ceo_initial_data_character_historical_chen_pu	character_ceo_manager
3k_main_ceo_initial_data_character_historical_chen_sheng	character_ceo_manager
3k_main_ceo_initial_data_character_historical_chen_shi_title_ironic	character_ceo_manager
3k_main_ceo_initial_data_character_historical_chen_su	character_ceo_manager
3k_main_ceo_initial_data_character_historical_chen_sun_title	character_ceo_manager
3k_main_ceo_initial_data_character_historical_chen_wen	character_ceo_manager
3k_main_ceo_initial_data_character_historical_chen_wu_unique	character_ceo_manager
3k_main_ceo_initial_data_character_historical_chen_ying_ironic	character_ceo_manager
3k_main_ceo_initial_data_character_historical_chen_ying_z	character_ceo_manager
3k_main_ceo_initial_data_character_historical_chen_yu	character_ceo_manager
3k_main_ceo_initial_data_character_historical_chen_zhen	character_ceo_manager
3k_main_ceo_initial_data_character_historical_cheng_bing_unique_ironic	character_ceo_manager
3k_main_ceo_initial_data_character_historical_cheng_fu	character_ceo_manager
3k_main_ceo_initial_data_character_historical_cheng_ji_title	character_ceo_manager
3k_main_ceo_initial_data_character_historical_cheng_pu	character_ceo_manager
3k_main_ceo_initial_data_character_historical_cheng_yi	character_ceo_manager
3k_main_ceo_initial_data_character_historical_cheng_yin	character_ceo_manager
3k_main_ceo_initial_data_character_historical_cheng_yu	character_ceo_manager
3k_main_ceo_initial_data_character_historical_cheng_yu_title	character_ceo_manager
3k_main_ceo_initial_data_character_historical_chenggong_ying	character_ceo_manager
3k_main_ceo_initial_data_character_historical_chogo	character_ceo_manager
3k_main_ceo_initial_data_character_historical_chunyu_dan	character_ceo_manager
3k_main_ceo_initial_data_character_historical_chunyu_shi_ironic	character_ceo_manager
3k_main_ceo_initial_data_character_historical_congqian	character_ceo_manager
3k_main_ceo_initial_data_character_historical_cuan_xi_title	character_ceo_manager
3k_main_ceo_initial_data_character_historical_cui_jun	character_ceo_manager
3k_main_ceo_initial_data_character_historical_cui_lie	character_ceo_manager
3k_main_ceo_initial_data_character_historical_dai_liang	character_ceo_manager
3k_main_ceo_initial_data_character_historical_dai_yuan_ironic	character_ceo_manager
3k_main_ceo_initial_data_character_historical_dan_meng_title	character_ceo_manager
3k_main_ceo_initial_data_character_historical_dang_lianhua	character_ceo_manager
3k_main_ceo_initial_data_character_historical_deng_ji	character_ceo_manager
3k_main_ceo_initial_data_character_historical_deng_kai_title	character_ceo_manager
3k_main_ceo_initial_data_character_historical_deng_long	character_ceo_manager
3k_main_ceo_initial_data_character_historical_deng_sheng	character_ceo_manager
3k_main_ceo_initial_data_character_historical_deng_xi_title_ironic	character_ceo_manager
3k_main_ceo_initial_data_character_historical_deng_xian_unique_ironic	character_ceo_manager
3k_main_ceo_initial_data_character_historical_deng_yi	character_ceo_manager
3k_main_ceo_initial_data_character_historical_deng_yuan	character_ceo_manager
3k_main_ceo_initial_data_character_historical_deng_zhi_unique_ironic	character_ceo_manager
3k_main_ceo_initial_data_character_historical_deng_zixiao_title_ironic	character_ceo_manager
3k_main_ceo_initial_data_character_historical_dian_wei	character_ceo_manager
3k_main_ceo_initial_data_character_historical_diao_chan	character_ceo_manager
3k_main_ceo_initial_data_character_historical_ding_fan	character_ceo_manager
3k_main_ceo_initial_data_character_historical_ding_feng	character_ceo_manager
3k_main_ceo_initial_data_character_historical_dong_he_unique_ironic	character_ceo_manager
3k_main_ceo_initial_data_character_historical_dong_li	character_ceo_manager
3k_main_ceo_initial_data_character_historical_dong_xi_ironic	character_ceo_manager
3k_main_ceo_initial_data_character_historical_dong_zhao	character_ceo_manager
3k_main_ceo_initial_data_character_historical_dong_zhao_unique	character_ceo_manager
3k_main_ceo_initial_data_character_historical_dong_zhuo	character_ceo_manager
3k_main_ceo_initial_data_character_historical_dou_mao	character_ceo_manager
3k_main_ceo_initial_data_character_historical_du_kui_title_ironic	character_ceo_manager
3k_main_ceo_initial_data_character_historical_du_qiong_title_ironic	character_ceo_manager
3k_main_ceo_initial_data_character_historical_du_song	character_ceo_manager
3k_main_ceo_initial_data_character_historical_duan_wei_ironic	character_ceo_manager
3k_main_ceo_initial_data_character_historical_fa_zheng	character_ceo_manager
3k_main_ceo_initial_data_character_historical_fan_chou	character_ceo_manager
3k_main_ceo_initial_data_character_historical_fan_fang_ironic	character_ceo_manager
3k_main_ceo_initial_data_character_historical_fan_liyan	character_ceo_manager
3k_main_ceo_initial_data_character_historical_fan_neng	character_ceo_manager
3k_main_ceo_initial_data_character_historical_fan_xian_ironic	character_ceo_manager
3k_main_ceo_initial_data_character_historical_fan_yufeng	character_ceo_manager
3k_main_ceo_initial_data_character_historical_fang_yue_ironic	character_ceo_manager
3k_main_ceo_initial_data_character_historical_fei_guan_title	character_ceo_manager
3k_main_ceo_initial_data_character_historical_fei_shi_title	character_ceo_manager
3k_main_ceo_initial_data_character_historical_fei_xin_title	character_ceo_manager
3k_main_ceo_initial_data_character_historical_fei_yang_title	character_ceo_manager
3k_main_ceo_initial_data_character_historical_fei_yi_title	character_ceo_manager
3k_main_ceo_initial_data_character_historical_fei_yuelan_title	character_ceo_manager
3k_main_ceo_initial_data_character_historical_fei_zhan_unique	character_ceo_manager
3k_main_ceo_initial_data_character_historical_feng_fang	character_ceo_manager
3k_main_ceo_initial_data_character_historical_fu_qun_title	character_ceo_manager
3k_main_ceo_initial_data_character_historical_fu_rong_unique_ironic	character_ceo_manager
3k_main_ceo_initial_data_character_historical_fu_xun	character_ceo_manager
3k_main_ceo_initial_data_character_historical_gan_ji	character_ceo_manager
3k_main_ceo_initial_data_character_historical_gan_li_title	character_ceo_manager
3k_main_ceo_initial_data_character_historical_gan_mei_ironic	character_ceo_manager
3k_main_ceo_initial_data_character_historical_gan_ning	character_ceo_manager
3k_main_ceo_initial_data_character_historical_ganwiego	character_ceo_manager
3k_main_ceo_initial_data_character_historical_gao_dai	character_ceo_manager
3k_main_ceo_initial_data_character_historical_gao_dai_ironic	character_ceo_manager
3k_main_ceo_initial_data_character_historical_gao_gan	character_ceo_manager
3k_main_ceo_initial_data_character_historical_gao_lan	character_ceo_manager
3k_main_ceo_initial_data_character_historical_gao_pei_unique	character_ceo_manager
3k_main_ceo_initial_data_character_historical_gao_rou	character_ceo_manager
3k_main_ceo_initial_data_character_historical_gao_sheng_title	character_ceo_manager
3k_main_ceo_initial_data_character_historical_ge_jing_ironic	character_ceo_manager
3k_main_ceo_initial_data_character_historical_geng_wu	character_ceo_manager
3k_main_ceo_initial_data_character_historical_gogukcheon	character_ceo_manager
3k_main_ceo_initial_data_character_historical_gong_zhi_title_ironic	character_ceo_manager
3k_main_ceo_initial_data_character_historical_gongsun_baoyue_ironic	character_ceo_manager
3k_main_ceo_initial_data_character_historical_gongsun_du	character_ceo_manager
3k_main_ceo_initial_data_character_historical_gongsun_fan	character_ceo_manager
3k_main_ceo_initial_data_character_historical_gongsun_gong	character_ceo_manager
3k_main_ceo_initial_data_character_historical_gongsun_kang	character_ceo_manager
3k_main_ceo_initial_data_character_historical_gongsun_mo_ironic	character_ceo_manager
3k_main_ceo_initial_data_character_historical_gongsun_xu	character_ceo_manager
3k_main_ceo_initial_data_character_historical_gongsun_ya_ironic	character_ceo_manager
3k_main_ceo_initial_data_character_historical_gongsun_yuan	character_ceo_manager
3k_main_ceo_initial_data_character_historical_gongsun_yue	character_ceo_manager
3k_main_ceo_initial_data_character_historical_gongsun_zan	character_ceo_manager
3k_main_ceo_initial_data_character_historical_gu_hui_ironic	character_ceo_manager
3k_main_ceo_initial_data_character_historical_gu_li_ironic	character_ceo_manager
3k_main_ceo_initial_data_character_historical_gu_ruilan	character_ceo_manager
3k_main_ceo_initial_data_character_historical_gu_shao_ironic	character_ceo_manager
3k_main_ceo_initial_data_character_historical_gu_yong_ironic	character_ceo_manager
3k_main_ceo_initial_data_character_historical_guan_chun	character_ceo_manager
3k_main_ceo_initial_data_character_historical_guan_jing	character_ceo_manager
3k_main_ceo_initial_data_character_historical_guan_ning	character_ceo_manager
3k_main_ceo_initial_data_character_historical_guan_yu	character_ceo_manager
3k_main_ceo_initial_data_character_historical_gui_lan_ironic	character_ceo_manager
3k_main_ceo_initial_data_character_historical_gujin	character_ceo_manager
3k_main_ceo_initial_data_character_historical_guo_da	character_ceo_manager
3k_main_ceo_initial_data_character_historical_guo_gong_ironic	character_ceo_manager
3k_main_ceo_initial_data_character_historical_guo_jia	character_ceo_manager
3k_main_ceo_initial_data_character_historical_guo_nuwang	character_ceo_manager
3k_main_ceo_initial_data_character_historical_guo_tu	character_ceo_manager
3k_main_ceo_initial_data_character_historical_guo_xian	character_ceo_manager
3k_main_ceo_initial_data_character_historical_guo_yuan	character_ceo_manager
3k_main_ceo_initial_data_character_historical_gurudun	character_ceo_manager
3k_main_ceo_initial_data_character_historical_han_anyue	character_ceo_manager
3k_main_ceo_initial_data_character_historical_han_chong	character_ceo_manager
3k_main_ceo_initial_data_character_historical_han_dang	character_ceo_manager
3k_main_ceo_initial_data_character_historical_han_fu	character_ceo_manager
3k_main_ceo_initial_data_character_historical_han_ji_unique_ironic	character_ceo_manager
3k_main_ceo_initial_data_character_historical_han_lian	character_ceo_manager
3k_main_ceo_initial_data_character_historical_han_song	character_ceo_manager
3k_main_ceo_initial_data_character_historical_han_sui	character_ceo_manager
3k_main_ceo_initial_data_character_historical_han_tong	character_ceo_manager
3k_main_ceo_initial_data_character_historical_han_xi_title_ironic	character_ceo_manager
3k_main_ceo_initial_data_character_historical_han_xin	character_ceo_manager
3k_main_ceo_initial_data_character_historical_han_xuan_ironic	character_ceo_manager
3k_main_ceo_initial_data_character_historical_han_yan_ironic	character_ceo_manager
3k_main_ceo_initial_data_character_historical_handan_shang	character_ceo_manager
3k_main_ceo_initial_data_character_historical_hao_meng	character_ceo_manager
3k_main_ceo_initial_data_character_historical_hao_pu_title	character_ceo_manager
3k_main_ceo_initial_data_character_historical_he_kui_ironic	character_ceo_manager
3k_main_ceo_initial_data_character_historical_he_luan_ironic	character_ceo_manager
3k_main_ceo_initial_data_character_historical_he_qi_ironic	character_ceo_manager
3k_main_ceo_initial_data_character_historical_he_qia_title_ironic	character_ceo_manager
3k_main_ceo_initial_data_character_historical_he_xiong	character_ceo_manager
3k_main_ceo_initial_data_character_historical_he_zong_title_ironic	character_ceo_manager
3k_main_ceo_initial_data_character_historical_heng_ruiling	character_ceo_manager
3k_main_ceo_initial_data_character_historical_hong_jin	character_ceo_manager
3k_main_ceo_initial_data_character_historical_hong_ming	character_ceo_manager
3k_main_ceo_initial_data_character_historical_hou_xuan	character_ceo_manager
3k_main_ceo_initial_data_character_historical_hou_yin	character_ceo_manager
3k_main_ceo_initial_data_character_historical_hu_cai_ironic	character_ceo_manager
3k_main_ceo_initial_data_character_historical_hu_man_title_ironic	character_ceo_manager
3k_main_ceo_initial_data_character_historical_hu_mao	character_ceo_manager
3k_main_ceo_initial_data_character_historical_hu_qian_title	character_ceo_manager
3k_main_ceo_initial_data_character_historical_hu_yu_title_ironic	character_ceo_manager
3k_main_ceo_initial_data_character_historical_hu_zhen	character_ceo_manager
3k_main_ceo_initial_data_character_historical_hua_dang_ironic	character_ceo_manager
3k_main_ceo_initial_data_character_historical_hua_ji	character_ceo_manager
3k_main_ceo_initial_data_character_historical_hua_ji_unique	character_ceo_manager
3k_main_ceo_initial_data_character_historical_hua_tuo	character_ceo_manager
3k_main_ceo_initial_data_character_historical_hua_xiong	character_ceo_manager
3k_main_ceo_initial_data_character_historical_huan_jie_title_ironic	character_ceo_manager
3k_main_ceo_initial_data_character_historical_huan_lin_unique	character_ceo_manager
3k_main_ceo_initial_data_character_historical_huan_shao	character_ceo_manager
3k_main_ceo_initial_data_character_historical_huan_ye_title	character_ceo_manager
3k_main_ceo_initial_data_character_historical_huan_zhi_unique	character_ceo_manager
3k_main_ceo_initial_data_character_historical_huang_anbao	character_ceo_manager
3k_main_ceo_initial_data_character_historical_huang_ang	character_ceo_manager
3k_main_ceo_initial_data_character_historical_huang_chengyan	character_ceo_manager
3k_main_ceo_initial_data_character_historical_huang_chun_ironic	character_ceo_manager
3k_main_ceo_initial_data_character_historical_huang_gai	character_ceo_manager
3k_main_ceo_initial_data_character_historical_huang_hua	character_ceo_manager
3k_main_ceo_initial_data_character_historical_huang_kui_ironic	character_ceo_manager
3k_main_ceo_initial_data_character_historical_huang_min_ironic	character_ceo_manager
3k_main_ceo_initial_data_character_historical_huang_quan	character_ceo_manager
3k_main_ceo_initial_data_character_historical_huang_she	character_ceo_manager
3k_main_ceo_initial_data_character_historical_huang_wan	character_ceo_manager
3k_main_ceo_initial_data_character_historical_huang_xun_ironic	character_ceo_manager
3k_main_ceo_initial_data_character_historical_huang_yueying	character_ceo_manager
3k_main_ceo_initial_data_character_historical_huang_zhong	character_ceo_manager
3k_main_ceo_initial_data_character_historical_huang_zu	character_ceo_manager
3k_main_ceo_initial_data_character_historical_huangfu_jianshou_ironic	character_ceo_manager
3k_main_ceo_initial_data_character_historical_huangfu_qi_title_ironic	character_ceo_manager
3k_main_ceo_initial_data_character_historical_huangfu_song	character_ceo_manager
3k_main_ceo_initial_data_character_historical_huanglong	character_ceo_manager
3k_main_ceo_initial_data_character_historical_huanglong_luo_ironic	character_ceo_manager
3k_main_ceo_initial_data_character_historical_huche_er	character_ceo_manager
3k_main_ceo_initial_data_character_historical_huchuquan	character_ceo_manager
3k_main_ceo_initial_data_character_historical_hui_qu_ironic	character_ceo_manager
3k_main_ceo_initial_data_character_historical_huo_du	character_ceo_manager
3k_main_ceo_initial_data_character_historical_huo_jun	character_ceo_manager
3k_main_ceo_initial_data_character_historical_huo_nu	character_ceo_manager
3k_main_ceo_initial_data_character_historical_ji_ben	character_ceo_manager
3k_main_ceo_initial_data_character_historical_jia_hua	character_ceo_manager
3k_main_ceo_initial_data_character_historical_jia_long	character_ceo_manager
3k_main_ceo_initial_data_character_historical_jia_mei_title	character_ceo_manager
3k_main_ceo_initial_data_character_historical_jia_xu	character_ceo_manager
3k_main_ceo_initial_data_character_historical_jiang_gan	character_ceo_manager
3k_main_ceo_initial_data_character_historical_jiang_gong	character_ceo_manager
3k_main_ceo_initial_data_character_historical_jiang_qin	character_ceo_manager
3k_main_ceo_initial_data_character_historical_jiang_shi	character_ceo_manager
3k_main_ceo_initial_data_character_historical_jiang_wan_unique	character_ceo_manager
3k_main_ceo_initial_data_character_historical_jiang_wei	character_ceo_manager
3k_main_ceo_initial_data_character_historical_jiao_yi	character_ceo_manager
3k_main_ceo_initial_data_character_historical_jin_qi	character_ceo_manager
3k_main_ceo_initial_data_character_historical_jin_xuan_unique	character_ceo_manager
3k_main_ceo_initial_data_character_historical_jin_yi_title	character_ceo_manager
3k_main_ceo_initial_data_character_historical_jing_yi_title	character_ceo_manager
3k_main_ceo_initial_data_character_historical_jiong_mu	character_ceo_manager
3k_main_ceo_initial_data_character_historical_ju_shou	character_ceo_manager
3k_main_ceo_initial_data_character_historical_jue_jiejie	character_ceo_manager
3k_main_ceo_initial_data_character_historical_jueji	character_ceo_manager
3k_main_ceo_initial_data_character_historical_kan_ze_ironic	character_ceo_manager
3k_main_ceo_initial_data_character_historical_kang_qinmeng_ironic	character_ceo_manager
3k_main_ceo_initial_data_character_historical_ke_ren	character_ceo_manager
3k_main_ceo_initial_data_character_historical_ke_wu	character_ceo_manager
3k_main_ceo_initial_data_character_historical_kong_gui	character_ceo_manager
3k_main_ceo_initial_data_character_historical_kong_rong	character_ceo_manager
3k_main_ceo_initial_data_character_historical_kong_zhou	character_ceo_manager
3k_main_ceo_initial_data_character_historical_kou_xiaolan_title_ironic	character_ceo_manager
3k_main_ceo_initial_data_character_historical_kuai_liang	character_ceo_manager
3k_main_ceo_initial_data_character_historical_kuai_qi_ironic	character_ceo_manager
3k_main_ceo_initial_data_character_historical_kuai_yue	character_ceo_manager
3k_main_ceo_initial_data_character_historical_kuang_gan_ironic	character_ceo_manager
3k_main_ceo_initial_data_character_historical_lady_gan	character_ceo_manager
3k_main_ceo_initial_data_character_historical_lady_huang_xie	character_ceo_manager
3k_main_ceo_initial_data_character_historical_lady_liu	character_ceo_manager
3k_main_ceo_initial_data_character_historical_lady_liu_huimin	character_ceo_manager
3k_main_ceo_initial_data_character_historical_lady_liu_mengan	character_ceo_manager
3k_main_ceo_initial_data_character_historical_lady_liu_zhang	character_ceo_manager
3k_main_ceo_initial_data_character_historical_lady_lu_yang	character_ceo_manager
3k_main_ceo_initial_data_character_historical_lady_sun	character_ceo_manager
3k_main_ceo_initial_data_character_historical_lady_wu	character_ceo_manager
3k_main_ceo_initial_data_character_historical_lady_wu_xian	character_ceo_manager
3k_main_ceo_initial_data_character_historical_lady_xiahou	character_ceo_manager
3k_main_ceo_initial_data_character_historical_lady_yan	character_ceo_manager
3k_main_ceo_initial_data_character_historical_lady_yang_di	character_ceo_manager
3k_main_ceo_initial_data_character_historical_lady_ze_deng	character_ceo_manager
3k_main_ceo_initial_data_character_historical_lady_zhang_shangxiu	character_ceo_manager
3k_main_ceo_initial_data_character_historical_lady_zhang_xiangyang	character_ceo_manager
3k_main_ceo_initial_data_character_historical_lady_zhang_zhumeng	character_ceo_manager
3k_main_ceo_initial_data_character_historical_lady_zhen	character_ceo_manager
3k_main_ceo_initial_data_character_historical_lai_feng_title	character_ceo_manager
3k_main_ceo_initial_data_character_historical_lai_gong	character_ceo_manager
3k_main_ceo_initial_data_character_historical_lai_min_ironic	character_ceo_manager
3k_main_ceo_initial_data_character_historical_lai_shuang_ironic	character_ceo_manager
3k_main_ceo_initial_data_character_historical_lai_xun_unique	character_ceo_manager
3k_main_ceo_initial_data_character_historical_lai_zu_title	character_ceo_manager
3k_main_ceo_initial_data_character_historical_lang_zhi	character_ceo_manager
3k_main_ceo_initial_data_character_historical_lei_ding	character_ceo_manager
3k_main_ceo_initial_data_character_historical_lei_tong	character_ceo_manager
3k_main_ceo_initial_data_character_historical_lei_xu	character_ceo_manager
3k_main_ceo_initial_data_character_historical_leipan	character_ceo_manager
3k_main_ceo_initial_data_character_historical_leng_bao_unique	character_ceo_manager
3k_main_ceo_initial_data_character_historical_li_chao_title	character_ceo_manager
3k_main_ceo_initial_data_character_historical_li_damu	character_ceo_manager
3k_main_ceo_initial_data_character_historical_li_feng_ironic	character_ceo_manager
3k_main_ceo_initial_data_character_historical_li_fu_title	character_ceo_manager
3k_main_ceo_initial_data_character_historical_li_gui	character_ceo_manager
3k_main_ceo_initial_data_character_historical_li_huan_title	character_ceo_manager
3k_main_ceo_initial_data_character_historical_li_hui_title	character_ceo_manager
3k_main_ceo_initial_data_character_historical_li_hui_van_unique	character_ceo_manager
3k_main_ceo_initial_data_character_historical_li_kan	character_ceo_manager
3k_main_ceo_initial_data_character_historical_li_le_ironic	character_ceo_manager
3k_main_ceo_initial_data_character_historical_li_li	character_ceo_manager
3k_main_ceo_initial_data_character_historical_li_meng_ironic	character_ceo_manager
3k_main_ceo_initial_data_character_historical_li_miao_title	character_ceo_manager
3k_main_ceo_initial_data_character_historical_li_qian_ironic	character_ceo_manager
3k_main_ceo_initial_data_character_historical_li_quan_title	character_ceo_manager
3k_main_ceo_initial_data_character_historical_li_ru	character_ceo_manager
3k_main_ceo_initial_data_character_historical_li_shao_title	character_ceo_manager
3k_main_ceo_initial_data_character_historical_li_shi_unique	character_ceo_manager
3k_main_ceo_initial_data_character_historical_li_shu	character_ceo_manager
3k_main_ceo_initial_data_character_historical_li_si_title	character_ceo_manager
3k_main_ceo_initial_data_character_historical_li_su	character_ceo_manager
3k_main_ceo_initial_data_character_historical_li_tiao	character_ceo_manager
3k_main_ceo_initial_data_character_historical_li_tong	character_ceo_manager
3k_main_ceo_initial_data_character_historical_li_xian	character_ceo_manager
3k_main_ceo_initial_data_character_historical_li_xiu	character_ceo_manager
3k_main_ceo_initial_data_character_historical_li_yi_title	character_ceo_manager
3k_main_ceo_initial_data_character_historical_li_ying	character_ceo_manager
3k_main_ceo_initial_data_character_historical_li_yu	character_ceo_manager
3k_main_ceo_initial_data_character_historical_lian_zhi	character_ceo_manager
3k_main_ceo_initial_data_character_historical_liang_mao	character_ceo_manager
3k_main_ceo_initial_data_character_historical_liang_shuang	character_ceo_manager
3k_main_ceo_initial_data_character_historical_liang_xing	character_ceo_manager
3k_main_ceo_initial_data_character_historical_liao_hua_ytr	character_ceo_manager
3k_main_ceo_initial_data_character_historical_liao_li_title	character_ceo_manager
3k_main_ceo_initial_data_character_historical_liao_shi_title	character_ceo_manager
3k_main_ceo_initial_data_character_historical_ling_cao_ironic	character_ceo_manager
3k_main_ceo_initial_data_character_historical_ling_tong	character_ceo_manager
3k_main_ceo_initial_data_character_historical_ling_tong_fix	character_ceo_manager
3k_main_ceo_initial_data_character_historical_ling_tong_ironic	character_ceo_manager
3k_main_ceo_initial_data_character_historical_linghu_na_unique	character_ceo_manager
3k_main_ceo_initial_data_character_historical_linghu_qian	character_ceo_manager
3k_main_ceo_initial_data_character_historical_liu_ai	character_ceo_manager
3k_main_ceo_initial_data_character_historical_liu_ba_unique_ironic	character_ceo_manager
3k_main_ceo_initial_data_character_historical_liu_bao	character_ceo_manager
3k_main_ceo_initial_data_character_historical_liu_bei	character_ceo_manager
3k_main_ceo_initial_data_character_historical_liu_biao	character_ceo_manager
3k_main_ceo_initial_data_character_historical_liu_chan_title	character_ceo_manager
3k_main_ceo_initial_data_character_historical_liu_cong	character_ceo_manager
3k_main_ceo_initial_data_character_historical_liu_dai	character_ceo_manager
3k_main_ceo_initial_data_character_historical_liu_dan	character_ceo_manager
3k_main_ceo_initial_data_character_historical_liu_du_unique_ironic	character_ceo_manager
3k_main_ceo_initial_data_character_historical_liu_dun	character_ceo_manager
3k_main_ceo_initial_data_character_historical_liu_fan	character_ceo_manager
3k_main_ceo_initial_data_character_historical_liu_fu	character_ceo_manager
3k_main_ceo_initial_data_character_historical_liu_gui_unique	character_ceo_manager
3k_main_ceo_initial_data_character_historical_liu_he	character_ceo_manager
3k_main_ceo_initial_data_character_historical_liu_he_pirate	character_ceo_manager
3k_main_ceo_initial_data_character_historical_liu_he_pirate_unique	character_ceo_manager
3k_main_ceo_initial_data_character_historical_liu_hu_title_ironic	character_ceo_manager
3k_main_ceo_initial_data_character_historical_liu_ji	character_ceo_manager
3k_main_ceo_initial_data_character_historical_liu_jin	character_ceo_manager
3k_main_ceo_initial_data_character_historical_liu_jing	character_ceo_manager
3k_main_ceo_initial_data_character_historical_liu_jue	character_ceo_manager
3k_main_ceo_initial_data_character_historical_liu_mao	character_ceo_manager
3k_main_ceo_initial_data_character_historical_liu_min	character_ceo_manager
3k_main_ceo_initial_data_character_historical_liu_min_title	character_ceo_manager
3k_main_ceo_initial_data_character_historical_liu_pan	character_ceo_manager
3k_main_ceo_initial_data_character_historical_liu_pi_unique	character_ceo_manager
3k_main_ceo_initial_data_character_historical_liu_pingming	character_ceo_manager
3k_main_ceo_initial_data_character_historical_liu_qi	character_ceo_manager
3k_main_ceo_initial_data_character_historical_liu_rui_title_ironic	character_ceo_manager
3k_main_ceo_initial_data_character_historical_liu_shang	character_ceo_manager
3k_main_ceo_initial_data_character_historical_liu_shuo	character_ceo_manager
3k_main_ceo_initial_data_character_historical_liu_ting_title	character_ceo_manager
3k_main_ceo_initial_data_character_historical_liu_wei	character_ceo_manager
3k_main_ceo_initial_data_character_historical_liu_xi_title_ironic	character_ceo_manager
3k_main_ceo_initial_data_character_historical_liu_xian	character_ceo_manager
3k_main_ceo_initial_data_character_historical_liu_xian_unique_ironic	character_ceo_manager
3k_main_ceo_initial_data_character_historical_liu_xie	character_ceo_manager
3k_main_ceo_initial_data_character_historical_liu_xie_zitai	character_ceo_manager
3k_main_ceo_initial_data_character_historical_liu_xiu	character_ceo_manager
3k_main_ceo_initial_data_character_historical_liu_xun	character_ceo_manager
3k_main_ceo_initial_data_character_historical_liu_xun_zitai	character_ceo_manager
3k_main_ceo_initial_data_character_historical_liu_yan	character_ceo_manager
3k_main_ceo_initial_data_character_historical_liu_yan_drunk	character_ceo_manager
3k_main_ceo_initial_data_character_historical_liu_yan_title_ironic	character_ceo_manager
3k_main_ceo_initial_data_character_historical_liu_yao	character_ceo_manager
3k_main_ceo_initial_data_character_historical_liu_ye	character_ceo_manager
3k_main_ceo_initial_data_character_historical_liu_yi	character_ceo_manager
3k_main_ceo_initial_data_character_historical_liu_yi_ironic	character_ceo_manager
3k_main_ceo_initial_data_character_historical_liu_yu	character_ceo_manager
3k_main_ceo_initial_data_character_historical_liu_zan	character_ceo_manager
3k_main_ceo_initial_data_character_historical_liu_zhang	character_ceo_manager
3k_main_ceo_initial_data_character_historical_liu_zhen_ironic	character_ceo_manager
3k_main_ceo_initial_data_character_historical_lou_fa	character_ceo_manager
3k_main_ceo_initial_data_character_historical_lou_gui	character_ceo_manager
3k_main_ceo_initial_data_character_historical_lu_bing	character_ceo_manager
3k_main_ceo_initial_data_character_historical_lu_bing_ironic	character_ceo_manager
3k_main_ceo_initial_data_character_historical_lu_bu	character_ceo_manager
3k_main_ceo_initial_data_character_historical_lu_dai	character_ceo_manager
3k_main_ceo_initial_data_character_historical_lu_dang_ironic	character_ceo_manager
3k_main_ceo_initial_data_character_historical_lu_fan	character_ceo_manager
3k_main_ceo_initial_data_character_historical_lu_fan_ironic	character_ceo_manager
3k_main_ceo_initial_data_character_historical_lu_fei_ironic	character_ceo_manager
3k_main_ceo_initial_data_character_historical_lu_gong	character_ceo_manager
3k_main_ceo_initial_data_character_historical_lu_he	character_ceo_manager
3k_main_ceo_initial_data_character_historical_lu_he_title	character_ceo_manager
3k_main_ceo_initial_data_character_historical_lu_ji	character_ceo_manager
3k_main_ceo_initial_data_character_historical_lu_ju	character_ceo_manager
3k_main_ceo_initial_data_character_historical_lu_jun	character_ceo_manager
3k_main_ceo_initial_data_character_historical_lu_kang	character_ceo_manager
3k_main_ceo_initial_data_character_historical_lu_mao_ironic	character_ceo_manager
3k_main_ceo_initial_data_character_historical_lu_mei_ironic	character_ceo_manager
3k_main_ceo_initial_data_character_historical_lu_meng	character_ceo_manager
3k_main_ceo_initial_data_character_historical_lu_meng_unique_ironic	character_ceo_manager
3k_main_ceo_initial_data_character_historical_lu_qian	character_ceo_manager
3k_main_ceo_initial_data_character_historical_lu_shang	character_ceo_manager
3k_main_ceo_initial_data_character_historical_lu_su	character_ceo_manager
3k_main_ceo_initial_data_character_historical_lu_xu_ironic	character_ceo_manager
3k_main_ceo_initial_data_character_historical_lu_xun	character_ceo_manager
3k_main_ceo_initial_data_character_historical_lu_yi_title_ironic	character_ceo_manager
3k_main_ceo_initial_data_character_historical_lu_yu_ironic	character_ceo_manager
3k_main_ceo_initial_data_character_historical_lu_yu_ironic_water	character_ceo_manager
3k_main_ceo_initial_data_character_historical_lu_zheng	character_ceo_manager
3k_main_ceo_initial_data_character_historical_luo_li_title	character_ceo_manager
3k_main_ceo_initial_data_character_historical_lü_you_ironic	character_ceo_manager
3k_main_ceo_initial_data_character_historical_ma_ai	character_ceo_manager
3k_main_ceo_initial_data_character_historical_ma_chao	character_ceo_manager
3k_main_ceo_initial_data_character_historical_ma_dai	character_ceo_manager
3k_main_ceo_initial_data_character_historical_ma_han_title	character_ceo_manager
3k_main_ceo_initial_data_character_historical_ma_liang_unique_ironic	character_ceo_manager
3k_main_ceo_initial_data_character_historical_ma_midi	character_ceo_manager
3k_main_ceo_initial_data_character_historical_ma_qin_title	character_ceo_manager
3k_main_ceo_initial_data_character_historical_ma_su_unique_ironic	character_ceo_manager
3k_main_ceo_initial_data_character_historical_ma_teng	character_ceo_manager
3k_main_ceo_initial_data_character_historical_ma_wan	character_ceo_manager
3k_main_ceo_initial_data_character_historical_ma_xun_title	character_ceo_manager
3k_main_ceo_initial_data_character_historical_ma_zhong_unique	character_ceo_manager
3k_main_ceo_initial_data_character_historical_mao_gan_ironic	character_ceo_manager
3k_main_ceo_initial_data_character_historical_mao_jie	character_ceo_manager
3k_main_ceo_initial_data_character_historical_mao_jun	character_ceo_manager
3k_main_ceo_initial_data_character_historical_mei_cheng	character_ceo_manager
3k_main_ceo_initial_data_character_historical_meng_da	character_ceo_manager
3k_main_ceo_initial_data_character_historical_meng_guang_title	character_ceo_manager
3k_main_ceo_initial_data_character_historical_mi_fang	character_ceo_manager
3k_main_ceo_initial_data_character_historical_mi_zhu	character_ceo_manager
3k_main_ceo_initial_data_character_historical_miao_shang_ironic	character_ceo_manager
3k_main_ceo_initial_data_character_historical_miao_wanwan	character_ceo_manager
3k_main_ceo_initial_data_character_historical_mike	character_ceo_manager
3k_main_ceo_initial_data_character_historical_min_chun_ironic	character_ceo_manager
3k_main_ceo_initial_data_character_historical_mou_rong_title	character_ceo_manager
3k_main_ceo_initial_data_character_historical_mu_shun_ironic	character_ceo_manager
3k_main_ceo_initial_data_character_historical_nangong_xinyu_unique	character_ceo_manager
3k_main_ceo_initial_data_character_historical_nangong_zixiao_unique	character_ceo_manager
3k_main_ceo_initial_data_character_historical_nanlou	character_ceo_manager
3k_main_ceo_initial_data_character_historical_ni_kan_ironic	character_ceo_manager
3k_main_ceo_initial_data_character_historical_ni_lu_ironic	character_ceo_manager
3k_main_ceo_initial_data_character_historical_ni_nu_title	character_ceo_manager
3k_main_ceo_initial_data_character_historical_ni_nü_ironic	character_ceo_manager
3k_main_ceo_initial_data_character_historical_ni_xiaode_ironic	character_ceo_manager
3k_main_ceo_initial_data_character_historical_ni_xiaode_unique	character_ceo_manager
3k_main_ceo_initial_data_character_historical_nie_tingping	character_ceo_manager
3k_main_ceo_initial_data_character_historical_niu_dan_title_ironic	character_ceo_manager
3k_main_ceo_initial_data_character_historical_niu_fu	character_ceo_manager
3k_main_ceo_initial_data_character_historical_niu_wei_title_ironic	character_ceo_manager
3k_main_ceo_initial_data_character_historical_ouhou_cai	character_ceo_manager
3k_main_ceo_initial_data_character_historical_ouyang_su_ironic	character_ceo_manager
3k_main_ceo_initial_data_character_historical_pan_juan	character_ceo_manager
3k_main_ceo_initial_data_character_historical_pan_jun_unique	character_ceo_manager
3k_main_ceo_initial_data_character_historical_pan_ke	character_ceo_manager
3k_main_ceo_initial_data_character_historical_pan_lin	character_ceo_manager
3k_main_ceo_initial_data_character_historical_pan_man	character_ceo_manager
3k_main_ceo_initial_data_character_historical_pan_miao_title	character_ceo_manager
3k_main_ceo_initial_data_character_historical_pan_shun	character_ceo_manager
3k_main_ceo_initial_data_character_historical_pan_xin_title	character_ceo_manager
3k_main_ceo_initial_data_character_historical_pan_zhang_ironic	character_ceo_manager
3k_main_ceo_initial_data_character_historical_pang_de	character_ceo_manager
3k_main_ceo_initial_data_character_historical_pang_degong_ironic	character_ceo_manager
3k_main_ceo_initial_data_character_historical_pang_degong_ironic_water	character_ceo_manager
3k_main_ceo_initial_data_character_historical_pang_ji`	character_ceo_manager
3k_main_ceo_initial_data_character_historical_pang_le_title	character_ceo_manager
3k_main_ceo_initial_data_character_historical_pang_shanmin_ironic	character_ceo_manager
3k_main_ceo_initial_data_character_historical_pang_tong	character_ceo_manager
3k_main_ceo_initial_data_character_historical_pang_xi	character_ceo_manager
3k_main_ceo_initial_data_character_historical_pang_yu	character_ceo_manager
3k_main_ceo_initial_data_character_historical_pei_qian_title_ironic	character_ceo_manager
3k_main_ceo_initial_data_character_historical_pei_yuanshao	character_ceo_manager
3k_main_ceo_initial_data_character_historical_peng_cai	character_ceo_manager
3k_main_ceo_initial_data_character_historical_peng_hu_ironic	character_ceo_manager
3k_main_ceo_initial_data_character_historical_peng_shi_title	character_ceo_manager
3k_main_ceo_initial_data_character_historical_peng_yang	character_ceo_manager
3k_main_ceo_initial_data_character_historical_puyang_lian_ironic	character_ceo_manager
3k_main_ceo_initial_data_character_historical_puyang_yi_ironic	character_ceo_manager
3k_main_ceo_initial_data_character_historical_qian_bo_ironic	character_ceo_manager
3k_main_ceo_initial_data_character_historical_qian_bo_title	character_ceo_manager
3k_main_ceo_initial_data_character_historical_qian_tong	character_ceo_manager
3k_main_ceo_initial_data_character_historical_qian_zhao_ironic	character_ceo_manager
3k_main_ceo_initial_data_character_historical_qiang_duan	character_ceo_manager
3k_main_ceo_initial_data_character_historical_qimu_kai	character_ceo_manager
3k_main_ceo_initial_data_character_historical_qin_lang	character_ceo_manager
3k_main_ceo_initial_data_character_historical_qin_mi_title	character_ceo_manager
3k_main_ceo_initial_data_character_historical_qin_song	character_ceo_manager
3k_main_ceo_initial_data_character_historical_qin_yilu	character_ceo_manager
3k_main_ceo_initial_data_character_historical_qiulijiu	character_ceo_manager
3k_main_ceo_initial_data_character_historical_qu_chuntao	character_ceo_manager
3k_main_ceo_initial_data_character_historical_qu_jing_title	character_ceo_manager
3k_main_ceo_initial_data_character_historical_qu_pan	character_ceo_manager
3k_main_ceo_initial_data_character_historical_qu_yan	character_ceo_manager
3k_main_ceo_initial_data_character_historical_qu_yi	character_ceo_manager
3k_main_ceo_initial_data_character_historical_quan_rou	character_ceo_manager
3k_main_ceo_initial_data_character_historical_qubei	character_ceo_manager
3k_main_ceo_initial_data_character_historical_que_xuan_ironic	character_ceo_manager
3k_main_ceo_initial_data_character_historical_ren_an_title	character_ceo_manager
3k_main_ceo_initial_data_character_historical_ren_qi	character_ceo_manager
3k_main_ceo_initial_data_character_historical_rong_fang_ironic	character_ceo_manager
3k_main_ceo_initial_data_character_historical_ru_xun_title	character_ceo_manager
3k_main_ceo_initial_data_character_historical_ruan_ji	character_ceo_manager
3k_main_ceo_initial_data_character_historical_rui_liang_ironic	character_ceo_manager
3k_main_ceo_initial_data_character_historical_rui_xuan_ironic	character_ceo_manager
3k_main_ceo_initial_data_character_historical_rui_zhi_ironic	character_ceo_manager
3k_main_ceo_initial_data_character_historical_shan_jing_ironic	character_ceo_manager
3k_main_ceo_initial_data_character_historical_shang_sheng	character_ceo_manager
3k_main_ceo_initial_data_character_historical_she_jian_title_ironic	character_ceo_manager
3k_main_ceo_initial_data_character_historical_she_yuan_title_ironic	character_ceo_manager
3k_main_ceo_initial_data_character_historical_shen_cheng	character_ceo_manager
3k_main_ceo_initial_data_character_historical_shen_dan_title	character_ceo_manager
3k_main_ceo_initial_data_character_historical_shen_mi	character_ceo_manager
3k_main_ceo_initial_data_character_historical_shen_yi_title	character_ceo_manager
3k_main_ceo_initial_data_character_historical_sheng_dao_unique	character_ceo_manager
3k_main_ceo_initial_data_character_historical_sheng_kuang_ironic	character_ceo_manager
3k_main_ceo_initial_data_character_historical_sheng_mai_ironic	character_ceo_manager
3k_main_ceo_initial_data_character_historical_sheng_xian	character_ceo_manager
3k_main_ceo_initial_data_character_historical_shentu_xiang_title	character_ceo_manager
3k_main_ceo_initial_data_character_historical_shi_caiwei_title	character_ceo_manager
3k_main_ceo_initial_data_character_historical_shi_changchang_title_ironic	character_ceo_manager
3k_main_ceo_initial_data_character_historical_shi_en_title_ironic	character_ceo_manager
3k_main_ceo_initial_data_character_historical_shi_fen_unique	character_ceo_manager
3k_main_ceo_initial_data_character_historical_shi_gan_title	character_ceo_manager
3k_main_ceo_initial_data_character_historical_shi_han_title	character_ceo_manager
3k_main_ceo_initial_data_character_historical_shi_huan	character_ceo_manager
3k_main_ceo_initial_data_character_historical_shi_huang	character_ceo_manager
3k_main_ceo_initial_data_character_historical_shi_huang_sg	character_ceo_manager
3k_main_ceo_initial_data_character_historical_shi_hui_unique	character_ceo_manager
3k_main_ceo_initial_data_character_historical_shi_kuang_unique	character_ceo_manager
3k_main_ceo_initial_data_character_historical_shi_lihua_title	character_ceo_manager
3k_main_ceo_initial_data_character_historical_shi_qi_title_ironic	character_ceo_manager
3k_main_ceo_initial_data_character_historical_shi_ren_ironic	character_ceo_manager
3k_main_ceo_initial_data_character_historical_shi_song_title	character_ceo_manager
3k_main_ceo_initial_data_character_historical_shi_wei_unique	character_ceo_manager
3k_main_ceo_initial_data_character_historical_shi_wu	character_ceo_manager
3k_main_ceo_initial_data_character_historical_shi_wu_unique	character_ceo_manager
3k_main_ceo_initial_data_character_historical_shi_xie	character_ceo_manager
3k_main_ceo_initial_data_character_historical_shi_xin_unique	character_ceo_manager
3k_main_ceo_initial_data_character_historical_shi_yi	character_ceo_manager
3k_main_ceo_initial_data_character_historical_shi_yi_unique	character_ceo_manager
3k_main_ceo_initial_data_character_historical_shi_yi_w	character_ceo_manager
3k_main_ceo_initial_data_character_historical_shi_zin_unique	character_ceo_manager
3k_main_ceo_initial_data_character_historical_shu_shao_ironic	character_ceo_manager
3k_main_ceo_initial_data_character_historical_si_cong_ironic	character_ceo_manager
3k_main_ceo_initial_data_character_historical_sima_hui_ironic	character_ceo_manager
3k_main_ceo_initial_data_character_historical_sima_hui_ironic_water	character_ceo_manager
3k_main_ceo_initial_data_character_historical_sima_ju_ytr	character_ceo_manager
3k_main_ceo_initial_data_character_historical_sima_yi	character_ceo_manager
3k_main_ceo_initial_data_character_historical_sima_zhi_title_ironic	character_ceo_manager
3k_main_ceo_initial_data_character_historical_song_qian_ironic	character_ceo_manager
3k_main_ceo_initial_data_character_historical_song_shurou_title_ironic	character_ceo_manager
3k_main_ceo_initial_data_character_historical_song_yang	character_ceo_manager
3k_main_ceo_initial_data_character_historical_song_zhong	character_ceo_manager
3k_main_ceo_initial_data_character_historical_su_dai	character_ceo_manager
3k_main_ceo_initial_data_character_historical_su_dai_unique	character_ceo_manager
3k_main_ceo_initial_data_character_historical_su_fei	character_ceo_manager
3k_main_ceo_initial_data_character_historical_su_kelan	character_ceo_manager
3k_main_ceo_initial_data_character_historical_su_ping	character_ceo_manager
3k_main_ceo_initial_data_character_historical_su_ze	character_ceo_manager
3k_main_ceo_initial_data_character_historical_sui_chun_title	character_ceo_manager
3k_main_ceo_initial_data_character_historical_sui_gu	character_ceo_manager
3k_main_ceo_initial_data_character_historical_sun_ben	character_ceo_manager
3k_main_ceo_initial_data_character_historical_sun_ce	character_ceo_manager
3k_main_ceo_initial_data_character_historical_sun_deng	character_ceo_manager
3k_main_ceo_initial_data_character_historical_sun_fu	character_ceo_manager
3k_main_ceo_initial_data_character_historical_sun_guan	character_ceo_manager
3k_main_ceo_initial_data_character_historical_sun_hao	character_ceo_manager
3k_main_ceo_initial_data_character_historical_sun_he	character_ceo_manager
3k_main_ceo_initial_data_character_historical_sun_jian	character_ceo_manager
3k_main_ceo_initial_data_character_historical_sun_jiao	character_ceo_manager
3k_main_ceo_initial_data_character_historical_sun_jing	character_ceo_manager
3k_main_ceo_initial_data_character_historical_sun_kuang	character_ceo_manager
3k_main_ceo_initial_data_character_historical_sun_lang	character_ceo_manager
3k_main_ceo_initial_data_character_historical_sun_qian	character_ceo_manager
3k_main_ceo_initial_data_character_historical_sun_quan	character_ceo_manager
3k_main_ceo_initial_data_character_historical_sun_shao	character_ceo_manager
3k_main_ceo_initial_data_character_historical_sun_shao_sun	character_ceo_manager
3k_main_ceo_initial_data_character_historical_sun_shi_ironic	character_ceo_manager
3k_main_ceo_initial_data_character_historical_sun_yi	character_ceo_manager
3k_main_ceo_initial_data_character_historical_sun_yu	character_ceo_manager
3k_main_ceo_initial_data_character_historical_supuyan	character_ceo_manager
3k_main_ceo_initial_data_character_historical_syiyan	character_ceo_manager
3k_main_ceo_initial_data_character_historical_tadun	character_ceo_manager
3k_main_ceo_initial_data_character_historical_taishi_ci	character_ceo_manager
3k_main_ceo_initial_data_character_historical_tao_qian	character_ceo_manager
3k_main_ceo_initial_data_character_historical_tao_shang	character_ceo_manager
3k_main_ceo_initial_data_character_historical_tao_ying	character_ceo_manager
3k_main_ceo_initial_data_character_historical_teng_dan	character_ceo_manager
3k_main_ceo_initial_data_character_historical_teng_ling	character_ceo_manager
3k_main_ceo_initial_data_character_historical_teng_zhou	character_ceo_manager
3k_main_ceo_initial_data_character_historical_tian_chou	character_ceo_manager
3k_main_ceo_initial_data_character_historical_tian_kai	character_ceo_manager
3k_main_ceo_initial_data_character_historical_tian_le	character_ceo_manager
3k_main_ceo_initial_data_character_historical_tian_yu	character_ceo_manager
3k_main_ceo_initial_data_character_historical_tong_jie	character_ceo_manager
3k_main_ceo_initial_data_character_historical_tong_jie_unique	character_ceo_manager
3k_main_ceo_initial_data_character_historical_tong_yang	character_ceo_manager
3k_main_ceo_initial_data_character_historical_tong_yin	character_ceo_manager
3k_main_ceo_initial_data_character_historical_tong_you	character_ceo_manager
3k_main_ceo_initial_data_character_historical_tong_yurui	character_ceo_manager
3k_main_ceo_initial_data_character_historical_tong_zhi	character_ceo_manager
3k_main_ceo_initial_data_character_historical_tufa_pigu	character_ceo_manager
3k_main_ceo_initial_data_character_historical_tuoba_jiefan	character_ceo_manager
3k_main_ceo_initial_data_character_historical_tuoba_liwei	character_ceo_manager
3k_main_ceo_initial_data_character_historical_wan_bing_ironic	character_ceo_manager
3k_main_ceo_initial_data_character_historical_wan_yan_ironic	character_ceo_manager
3k_main_ceo_initial_data_character_historical_wang_baolan	character_ceo_manager
3k_main_ceo_initial_data_character_historical_wang_can_title_ironic	character_ceo_manager
3k_main_ceo_initial_data_character_historical_wang_dang	character_ceo_manager
3k_main_ceo_initial_data_character_historical_wang_fangyue	character_ceo_manager
3k_main_ceo_initial_data_character_historical_wang_feng	character_ceo_manager
3k_main_ceo_initial_data_character_historical_wang_fu_stra_unique	character_ceo_manager
3k_main_ceo_initial_data_character_historical_wang_fu_unique	character_ceo_manager
3k_main_ceo_initial_data_character_historical_wang_gong_ironic	character_ceo_manager
3k_main_ceo_initial_data_character_historical_wang_hai	character_ceo_manager
3k_main_ceo_initial_data_character_historical_wang_hong	character_ceo_manager
3k_main_ceo_initial_data_character_historical_wang_jin	character_ceo_manager
3k_main_ceo_initial_data_character_historical_wang_kai_ironic	character_ceo_manager
3k_main_ceo_initial_data_character_historical_wang_kai_title_ironic	character_ceo_manager
3k_main_ceo_initial_data_character_historical_wang_kuang	character_ceo_manager
3k_main_ceo_initial_data_character_historical_wang_lang	character_ceo_manager
3k_main_ceo_initial_data_character_historical_wang_lanlan	character_ceo_manager
3k_main_ceo_initial_data_character_historical_wang_lei_unique	character_ceo_manager
3k_main_ceo_initial_data_character_historical_wang_lian_title	character_ceo_manager
3k_main_ceo_initial_data_character_historical_wang_lie_ironic	character_ceo_manager
3k_main_ceo_initial_data_character_historical_wang_men_ironic	character_ceo_manager
3k_main_ceo_initial_data_character_historical_wang_mou_title	character_ceo_manager
3k_main_ceo_initial_data_character_historical_wang_ping	character_ceo_manager
3k_main_ceo_initial_data_character_historical_wang_qian_title_ironic	character_ceo_manager
3k_main_ceo_initial_data_character_historical_wang_shang_title	character_ceo_manager
3k_main_ceo_initial_data_character_historical_wang_sheng	character_ceo_manager
3k_main_ceo_initial_data_character_historical_wang_shi_unique	character_ceo_manager
3k_main_ceo_initial_data_character_historical_wang_song	character_ceo_manager
3k_main_ceo_initial_data_character_historical_wang_su_ironic	character_ceo_manager
3k_main_ceo_initial_data_character_historical_wang_wei	character_ceo_manager
3k_main_ceo_initial_data_character_historical_wang_xian_title	character_ceo_manager
3k_main_ceo_initial_data_character_historical_wang_xian_unique	character_ceo_manager
3k_main_ceo_initial_data_character_historical_wang_xiang	character_ceo_manager
3k_main_ceo_initial_data_character_historical_wang_xiang_unique_ironic	character_ceo_manager
3k_main_ceo_initial_data_character_historical_wang_xiu	character_ceo_manager
3k_main_ceo_initial_data_character_historical_wang_yu	character_ceo_manager
3k_main_ceo_initial_data_character_historical_wang_zifu_ironic	character_ceo_manager
3k_main_ceo_initial_data_character_historical_wangdong	character_ceo_manager
3k_main_ceo_initial_data_character_historical_wei_dan	character_ceo_manager
3k_main_ceo_initial_data_character_historical_wei_duan_ironic	character_ceo_manager
3k_main_ceo_initial_data_character_historical_wei_gu_ironic	character_ceo_manager
3k_main_ceo_initial_data_character_historical_wei_huang	character_ceo_manager
3k_main_ceo_initial_data_character_historical_wei_kang	character_ceo_manager
3k_main_ceo_initial_data_character_historical_wei_qian_ironic	character_ceo_manager
3k_main_ceo_initial_data_character_historical_wei_yan	character_ceo_manager
3k_main_ceo_initial_data_character_historical_wei_you	character_ceo_manager
3k_main_ceo_initial_data_character_historical_wei_zi_ironic	character_ceo_manager
3k_main_ceo_initial_data_character_historical_wen_chou	character_ceo_manager
3k_main_ceo_initial_data_character_historical_wen_gong_title	character_ceo_manager
3k_main_ceo_initial_data_character_historical_wen_ji_ironic	character_ceo_manager
3k_main_ceo_initial_data_character_historical_wen_pin	character_ceo_manager
3k_main_ceo_initial_data_character_historical_wen_qin_ironic	character_ceo_manager
3k_main_ceo_initial_data_character_historical_wen_ying_title_ironic	character_ceo_manager
3k_main_ceo_initial_data_character_historical_wu_ban	character_ceo_manager
3k_main_ceo_initial_data_character_historical_wu_can_ironic	character_ceo_manager
3k_main_ceo_initial_data_character_historical_wu_chen_unique	character_ceo_manager
3k_main_ceo_initial_data_character_historical_wu_dang	character_ceo_manager
3k_main_ceo_initial_data_character_historical_wu_dun_ironic	character_ceo_manager
3k_main_ceo_initial_data_character_historical_wu_fan_ironic	character_ceo_manager
3k_main_ceo_initial_data_character_historical_wu_fen_ironic	character_ceo_manager
3k_main_ceo_initial_data_character_historical_wu_huan	character_ceo_manager
3k_main_ceo_initial_data_character_historical_wu_huan_ytr	character_ceo_manager
3k_main_ceo_initial_data_character_historical_wu_jing_ironic	character_ceo_manager
3k_main_ceo_initial_data_character_historical_wu_ju	character_ceo_manager
3k_main_ceo_initial_data_character_historical_wu_kuang	character_ceo_manager
3k_main_ceo_initial_data_character_historical_wu_lan_title	character_ceo_manager
3k_main_ceo_initial_data_character_historical_wu_mai_title	character_ceo_manager
3k_main_ceo_initial_data_character_historical_wu_mian_ironic	character_ceo_manager
3k_main_ceo_initial_data_character_historical_wu_qi_ironic	character_ceo_manager
3k_main_ceo_initial_data_character_historical_wu_wu	character_ceo_manager
3k_main_ceo_initial_data_character_historical_wu_xi_ironic	character_ceo_manager
3k_main_ceo_initial_data_character_historical_wu_xi_title	character_ceo_manager
3k_main_ceo_initial_data_character_historical_wu_xiang_title	character_ceo_manager
3k_main_ceo_initial_data_character_historical_wu_yi	character_ceo_manager
3k_main_ceo_initial_data_character_historical_wuyan	character_ceo_manager
3k_main_ceo_initial_data_character_historical_xi_jiao	character_ceo_manager
3k_main_ceo_initial_data_character_historical_xi_zhen_title_ironic	character_ceo_manager
3k_main_ceo_initial_data_character_historical_xi_zhicai	character_ceo_manager
3k_main_ceo_initial_data_character_historical_xi_zhicai_unique	character_ceo_manager
3k_main_ceo_initial_data_character_historical_xia_zhao	character_ceo_manager
3k_main_ceo_initial_data_character_historical_xiahou_dun	character_ceo_manager
3k_main_ceo_initial_data_character_historical_xiahou_jie	character_ceo_manager
3k_main_ceo_initial_data_character_historical_xiahou_lan_ironic	character_ceo_manager
3k_main_ceo_initial_data_character_historical_xiahou_mao_ironic	character_ceo_manager
3k_main_ceo_initial_data_character_historical_xiahou_shang	character_ceo_manager
3k_main_ceo_initial_data_character_historical_xiahou_yuan	character_ceo_manager
3k_main_ceo_initial_data_character_historical_xianbei_generic_buddhist_convert	character_ceo_manager
3k_main_ceo_initial_data_character_historical_xianbei_generic_community_leader	character_ceo_manager
3k_main_ceo_initial_data_character_historical_xianbei_generic_exiled_bureaucrat	character_ceo_manager
3k_main_ceo_initial_data_character_historical_xianbei_generic_female_aristocrat	character_ceo_manager
3k_main_ceo_initial_data_character_historical_xianbei_generic_female_metallurgist	character_ceo_manager
3k_main_ceo_initial_data_character_historical_xianbei_generic_female_waymaker	character_ceo_manager
3k_main_ceo_initial_data_character_historical_xianbei_generic_frontiersman	character_ceo_manager
3k_main_ceo_initial_data_character_historical_xianbei_generic_headsman	character_ceo_manager
3k_main_ceo_initial_data_character_historical_xianbei_generic_huntress	character_ceo_manager
3k_main_ceo_initial_data_character_historical_xianbei_generic_lancer	character_ceo_manager
3k_main_ceo_initial_data_character_historical_xianbei_generic_male_aristocrat	character_ceo_manager
3k_main_ceo_initial_data_character_historical_xianbei_generic_male_metallurgist	character_ceo_manager
3k_main_ceo_initial_data_character_historical_xianbei_generic_male_waymaker	character_ceo_manager
3k_main_ceo_initial_data_character_historical_xianbei_generic_marauder	character_ceo_manager
3k_main_ceo_initial_data_character_historical_xianbei_generic_matriarch	character_ceo_manager
3k_main_ceo_initial_data_character_historical_xianbei_generic_soothsayer	character_ceo_manager
3k_main_ceo_initial_data_character_historical_xianbei_generic_swordmaiden	character_ceo_manager
3k_main_ceo_initial_data_character_historical_xianbei_generic_wrangler	character_ceo_manager
3k_main_ceo_initial_data_character_historical_xiang_chong_unique_ironic	character_ceo_manager
3k_main_ceo_initial_data_character_historical_xiang_lang_title_ironic	character_ceo_manager
3k_main_ceo_initial_data_character_historical_xianyu_dan	character_ceo_manager
3k_main_ceo_initial_data_character_historical_xianyu_fu	character_ceo_manager
3k_main_ceo_initial_data_character_historical_xianyu_yin	character_ceo_manager
3k_main_ceo_initial_data_character_historical_xiao_jian_ironic	character_ceo_manager
3k_main_ceo_initial_data_character_historical_xie_cheng_ironic	character_ceo_manager
3k_main_ceo_initial_data_character_historical_xie_jiong_ironic	character_ceo_manager
3k_main_ceo_initial_data_character_historical_xie_mi_ironic	character_ceo_manager
3k_main_ceo_initial_data_character_historical_xie_zhen_ironic	character_ceo_manager
3k_main_ceo_initial_data_character_historical_xin_fangyue	character_ceo_manager
3k_main_ceo_initial_data_character_historical_xin_pi	character_ceo_manager
3k_main_ceo_initial_data_character_historical_xin_ping	character_ceo_manager
3k_main_ceo_initial_data_character_historical_xing_daorong_unique_ironic	character_ceo_manager
3k_main_ceo_initial_data_character_historical_xu_chu	character_ceo_manager
3k_main_ceo_initial_data_character_historical_xu_ci_title	character_ceo_manager
3k_main_ceo_initial_data_character_historical_xu_dan_ironic	character_ceo_manager
3k_main_ceo_initial_data_character_historical_xu_gan_ironic	character_ceo_manager
3k_main_ceo_initial_data_character_historical_xu_gong	character_ceo_manager
3k_main_ceo_initial_data_character_historical_xu_gong_ironic	character_ceo_manager
3k_main_ceo_initial_data_character_historical_xu_he_ytr	character_ceo_manager
3k_main_ceo_initial_data_character_historical_xu_huang	character_ceo_manager
3k_main_ceo_initial_data_character_historical_xu_jing	character_ceo_manager
3k_main_ceo_initial_data_character_historical_xu_kun_ironic	character_ceo_manager
3k_main_ceo_initial_data_character_historical_xu_miao	character_ceo_manager
3k_main_ceo_initial_data_character_historical_xu_qian_ironic	character_ceo_manager
3k_main_ceo_initial_data_character_historical_xu_rong	character_ceo_manager
3k_main_ceo_initial_data_character_historical_xu_shao_ironic	character_ceo_manager
3k_main_ceo_initial_data_character_historical_xu_sheng_ironic	character_ceo_manager
3k_main_ceo_initial_data_character_historical_xu_shu	character_ceo_manager
3k_main_ceo_initial_data_character_historical_xu_si_ironic	character_ceo_manager
3k_main_ceo_initial_data_character_historical_xu_xi	character_ceo_manager
3k_main_ceo_initial_data_character_historical_xu_xiu_ironic	character_ceo_manager
3k_main_ceo_initial_data_character_historical_xu_xuan_ironic	character_ceo_manager
3k_main_ceo_initial_data_character_historical_xu_yi	character_ceo_manager
3k_main_ceo_initial_data_character_historical_xu_yi_ironic	character_ceo_manager
3k_main_ceo_initial_data_character_historical_xu_yuanxian_title	character_ceo_manager
3k_main_ceo_initial_data_character_historical_xu_zhao	character_ceo_manager
3k_main_ceo_initial_data_character_historical_xu_zhao_ironic	character_ceo_manager
3k_main_ceo_initial_data_character_historical_xu_zhen_ironic	character_ceo_manager
3k_main_ceo_initial_data_character_historical_xue_li	character_ceo_manager
3k_main_ceo_initial_data_character_historical_xue_zong_unique_ironic	character_ceo_manager
3k_main_ceo_initial_data_character_historical_xun_chen	character_ceo_manager
3k_main_ceo_initial_data_character_historical_xun_you	character_ceo_manager
3k_main_ceo_initial_data_character_historical_xun_yu	character_ceo_manager
3k_main_ceo_initial_data_character_historical_xun_zheng_ironic	character_ceo_manager
3k_main_ceo_initial_data_character_historical_yalu	character_ceo_manager
3k_main_ceo_initial_data_character_historical_yan_baihu	character_ceo_manager
3k_main_ceo_initial_data_character_historical_yan_gang	character_ceo_manager
3k_main_ceo_initial_data_character_historical_yan_jun	character_ceo_manager
3k_main_ceo_initial_data_character_historical_yan_jun_ironic	character_ceo_manager
3k_main_ceo_initial_data_character_historical_yan_lan_ironic	character_ceo_manager
3k_main_ceo_initial_data_character_historical_yan_lan_unique	character_ceo_manager
3k_main_ceo_initial_data_character_historical_yan_liang	character_ceo_manager
3k_main_ceo_initial_data_character_historical_yan_pu	character_ceo_manager
3k_main_ceo_initial_data_character_historical_yan_rou	character_ceo_manager
3k_main_ceo_initial_data_character_historical_yan_xia_ironic	character_ceo_manager
3k_main_ceo_initial_data_character_historical_yan_xia_unique	character_ceo_manager
3k_main_ceo_initial_data_character_historical_yan_xiang	character_ceo_manager
3k_main_ceo_initial_data_character_historical_yan_xing	character_ceo_manager
3k_main_ceo_initial_data_character_historical_yan_yan	character_ceo_manager
3k_main_ceo_initial_data_character_historical_yan_yu	character_ceo_manager
3k_main_ceo_initial_data_character_historical_yang_ang	character_ceo_manager
3k_main_ceo_initial_data_character_historical_yang_biao	character_ceo_manager
3k_main_ceo_initial_data_character_historical_yang_bo	character_ceo_manager
3k_main_ceo_initial_data_character_historical_yang_chou	character_ceo_manager
3k_main_ceo_initial_data_character_historical_yang_ding_ironic	character_ceo_manager
3k_main_ceo_initial_data_character_historical_yang_feng	character_ceo_manager
3k_main_ceo_initial_data_character_historical_yang_feng_nw	character_ceo_manager
3k_main_ceo_initial_data_character_historical_yang_fu	character_ceo_manager
3k_main_ceo_initial_data_character_historical_yang_hong	character_ceo_manager
3k_main_ceo_initial_data_character_historical_yang_hong_title_ironic	character_ceo_manager
3k_main_ceo_initial_data_character_historical_yang_huai_title	character_ceo_manager
3k_main_ceo_initial_data_character_historical_yang_jun	character_ceo_manager
3k_main_ceo_initial_data_character_historical_yang_kui	character_ceo_manager
3k_main_ceo_initial_data_character_historical_yang_ling_title_ironic	character_ceo_manager
3k_main_ceo_initial_data_character_historical_yang_qianwan	character_ceo_manager
3k_main_ceo_initial_data_character_historical_yang_qiu	character_ceo_manager
3k_main_ceo_initial_data_character_historical_yang_ren	character_ceo_manager
3k_main_ceo_initial_data_character_historical_yang_song	character_ceo_manager
3k_main_ceo_initial_data_character_historical_yang_xiu	character_ceo_manager
3k_main_ceo_initial_data_character_historical_yang_yi_ironic	character_ceo_manager
3k_main_ceo_initial_data_character_historical_yang_yi_title	character_ceo_manager
3k_main_ceo_initial_data_character_historical_yang_yong_title	character_ceo_manager
3k_main_ceo_initial_data_character_historical_yao_zhou_title_ironic	character_ceo_manager
3k_main_ceo_initial_data_character_historical_yi_ji_title_ironic	character_ceo_manager
3k_main_ceo_initial_data_character_historical_yi_liao_title	character_ceo_manager
3k_main_ceo_initial_data_character_historical_yin_feng_ironic	character_ceo_manager
3k_main_ceo_initial_data_character_historical_yin_li	character_ceo_manager
3k_main_ceo_initial_data_character_historical_yin_mo_title_ironic	character_ceo_manager
3k_main_ceo_initial_data_character_historical_ying_lun_ironic	character_ceo_manager
3k_main_ceo_initial_data_character_historical_ying_qu_ironic	character_ceo_manager
3k_main_ceo_initial_data_character_historical_ying_rong_ironic	character_ceo_manager
3k_main_ceo_initial_data_character_historical_ying_rong_title_ironic	character_ceo_manager
3k_main_ceo_initial_data_character_historical_ying_shao	character_ceo_manager
3k_main_ceo_initial_data_character_historical_ying_xun	character_ceo_manager
3k_main_ceo_initial_data_character_historical_yong_kai_unique	character_ceo_manager
3k_main_ceo_initial_data_character_historical_you_mi	character_ceo_manager
3k_main_ceo_initial_data_character_historical_you_tu	character_ceo_manager
3k_main_ceo_initial_data_character_historical_you_yu	character_ceo_manager
3k_main_ceo_initial_data_character_historical_yu_bao_title_ironic	character_ceo_manager
3k_main_ceo_initial_data_character_historical_yu_du	character_ceo_manager
3k_main_ceo_initial_data_character_historical_yu_fan_ironic	character_ceo_manager
3k_main_ceo_initial_data_character_historical_yu_jin	character_ceo_manager
3k_main_ceo_initial_data_character_historical_yu_mi	character_ceo_manager
3k_main_ceo_initial_data_character_historical_yu_minxiang	character_ceo_manager
3k_main_ceo_initial_data_character_historical_yu_she_ironic	character_ceo_manager
3k_main_ceo_initial_data_character_historical_yu_zi_ironic	character_ceo_manager
3k_main_ceo_initial_data_character_historical_yuan_ba_title	character_ceo_manager
3k_main_ceo_initial_data_character_historical_yuan_huan_unique	character_ceo_manager
3k_main_ceo_initial_data_character_historical_yuan_hui_title	character_ceo_manager
3k_main_ceo_initial_data_character_historical_yuan_long	character_ceo_manager
3k_main_ceo_initial_data_character_historical_yuan_min_title	character_ceo_manager
3k_main_ceo_initial_data_character_historical_yuan_shang	character_ceo_manager
3k_main_ceo_initial_data_character_historical_yuan_shao	character_ceo_manager
3k_main_ceo_initial_data_character_historical_yuan_shu	character_ceo_manager
3k_main_ceo_initial_data_character_historical_yuan_tan	character_ceo_manager
3k_main_ceo_initial_data_character_historical_yuan_xi	character_ceo_manager
3k_main_ceo_initial_data_character_historical_yuan_yao	character_ceo_manager
3k_main_ceo_initial_data_character_historical_yuan_yi_unique	character_ceo_manager
3k_main_ceo_initial_data_character_historical_yuan_yin	character_ceo_manager
3k_main_ceo_initial_data_character_historical_yuan_yu	character_ceo_manager
3k_main_ceo_initial_data_character_historical_yuan_zhong_ironic	character_ceo_manager
3k_main_ceo_initial_data_character_historical_yue_jin	character_ceo_manager
3k_main_ceo_initial_data_character_historical_yue_jiu	character_ceo_manager
3k_main_ceo_initial_data_character_historical_yufuluo	character_ceo_manager
3k_main_ceo_initial_data_character_historical_zang_ba	character_ceo_manager
3k_main_ceo_initial_data_character_historical_zang_hong	character_ceo_manager
3k_main_ceo_initial_data_character_historical_zao_zhan	character_ceo_manager
3k_main_ceo_initial_data_character_historical_zao_zhi	character_ceo_manager
3k_main_ceo_initial_data_character_historical_ze_bu	character_ceo_manager
3k_main_ceo_initial_data_character_historical_ze_yue	character_ceo_manager
3k_main_ceo_initial_data_character_historical_zhan_qiang	character_ceo_manager
3k_main_ceo_initial_data_character_historical_zhang_chang_ironic	character_ceo_manager
3k_main_ceo_initial_data_character_historical_zhang_chao	character_ceo_manager
3k_main_ceo_initial_data_character_historical_zhang_cheng	character_ceo_manager
3k_main_ceo_initial_data_character_historical_zhang_cheng_ironic	character_ceo_manager
3k_main_ceo_initial_data_character_historical_zhang_chi	character_ceo_manager
3k_main_ceo_initial_data_character_historical_zhang_cun_title_ironic	character_ceo_manager
3k_main_ceo_initial_data_character_historical_zhang_duo_ironic	character_ceo_manager
3k_main_ceo_initial_data_character_historical_zhang_fei	character_ceo_manager
3k_main_ceo_initial_data_character_historical_zhang_fu	character_ceo_manager
3k_main_ceo_initial_data_character_historical_zhang_gong	character_ceo_manager
3k_main_ceo_initial_data_character_historical_zhang_guang	character_ceo_manager
3k_main_ceo_initial_data_character_historical_zhang_he	character_ceo_manager
3k_main_ceo_initial_data_character_historical_zhang_heng	character_ceo_manager
3k_main_ceo_initial_data_character_historical_zhang_hu	character_ceo_manager
3k_main_ceo_initial_data_character_historical_zhang_ji_dong	character_ceo_manager
3k_main_ceo_initial_data_character_historical_zhang_jin	character_ceo_manager
3k_main_ceo_initial_data_character_historical_zhang_jin_nw	character_ceo_manager
3k_main_ceo_initial_data_character_historical_zhang_jing_title_ironic	character_ceo_manager
3k_main_ceo_initial_data_character_historical_zhang_kai	character_ceo_manager
3k_main_ceo_initial_data_character_historical_zhang_liao	character_ceo_manager
3k_main_ceo_initial_data_character_historical_zhang_lili_title	character_ceo_manager
3k_main_ceo_initial_data_character_historical_zhang_luo	character_ceo_manager
3k_main_ceo_initial_data_character_historical_zhang_luoluo_title	character_ceo_manager
3k_main_ceo_initial_data_character_historical_zhang_meimei_title	character_ceo_manager
3k_main_ceo_initial_data_character_historical_zhang_meng	character_ceo_manager
3k_main_ceo_initial_data_character_historical_zhang_miao	character_ceo_manager
3k_main_ceo_initial_data_character_historical_zhang_min_unique	character_ceo_manager
3k_main_ceo_initial_data_character_historical_zhang_nan	character_ceo_manager
3k_main_ceo_initial_data_character_historical_zhang_ni_title	character_ceo_manager
3k_main_ceo_initial_data_character_historical_zhang_ni_unique	character_ceo_manager
3k_main_ceo_initial_data_character_historical_zhang_ren	character_ceo_manager
3k_main_ceo_initial_data_character_historical_zhang_shuo	character_ceo_manager
3k_main_ceo_initial_data_character_historical_zhang_song_unique	character_ceo_manager
3k_main_ceo_initial_data_character_historical_zhang_su_title	character_ceo_manager
3k_main_ceo_initial_data_character_historical_zhang_tiansheng_title_ironic	character_ceo_manager
3k_main_ceo_initial_data_character_historical_zhang_wei	character_ceo_manager
3k_main_ceo_initial_data_character_historical_zhang_wu_title	character_ceo_manager
3k_main_ceo_initial_data_character_historical_zhang_xian	character_ceo_manager
3k_main_ceo_initial_data_character_historical_zhang_xiang_title_ironic	character_ceo_manager
3k_main_ceo_initial_data_character_historical_zhang_xiu	character_ceo_manager
3k_main_ceo_initial_data_character_historical_zhang_ya	character_ceo_manager
3k_main_ceo_initial_data_character_historical_zhang_yan	character_ceo_manager
3k_main_ceo_initial_data_character_historical_zhang_yan_ironic	character_ceo_manager
3k_main_ceo_initial_data_character_historical_zhang_yang	character_ceo_manager
3k_main_ceo_initial_data_character_historical_zhang_yanyan	character_ceo_manager
3k_main_ceo_initial_data_character_historical_zhang_yi_lai_title_ironic	character_ceo_manager
3k_main_ceo_initial_data_character_historical_zhang_yi_title	character_ceo_manager
3k_main_ceo_initial_data_character_historical_zhang_yi_unique	character_ceo_manager
3k_main_ceo_initial_data_character_historical_zhang_ying	character_ceo_manager
3k_main_ceo_initial_data_character_historical_zhang_yu_title	character_ceo_manager
3k_main_ceo_initial_data_character_historical_zhang_yun	character_ceo_manager
3k_main_ceo_initial_data_character_historical_zhang_zhongjing_title_ironic	character_ceo_manager
3k_main_ceo_initial_data_character_historical_zhao_ang	character_ceo_manager
3k_main_ceo_initial_data_character_historical_zhao_bo_ytr	character_ceo_manager
3k_main_ceo_initial_data_character_historical_zhao_cen_ironic	character_ceo_manager
3k_main_ceo_initial_data_character_historical_zhao_da_ironic	character_ceo_manager
3k_main_ceo_initial_data_character_historical_zhao_e	character_ceo_manager
3k_main_ceo_initial_data_character_historical_zhao_fan	character_ceo_manager
3k_main_ceo_initial_data_character_historical_zhao_lei_title	character_ceo_manager
3k_main_ceo_initial_data_character_historical_zhao_lingjing_title	character_ceo_manager
3k_main_ceo_initial_data_character_historical_zhao_shurou_title	character_ceo_manager
3k_main_ceo_initial_data_character_historical_zhao_wei	character_ceo_manager
3k_main_ceo_initial_data_character_historical_zhao_yu_ironic	character_ceo_manager
3k_main_ceo_initial_data_character_historical_zhao_yuanjiang_title	character_ceo_manager
3k_main_ceo_initial_data_character_historical_zhao_yun	character_ceo_manager
3k_main_ceo_initial_data_character_historical_zheng_bao_ironic	character_ceo_manager
3k_main_ceo_initial_data_character_historical_zheng_du_title	character_ceo_manager
3k_main_ceo_initial_data_character_historical_zheng_fei_ironic	character_ceo_manager
3k_main_ceo_initial_data_character_historical_zheng_hun	character_ceo_manager
3k_main_ceo_initial_data_character_historical_zheng_jiang	character_ceo_manager
3k_main_ceo_initial_data_character_historical_zheng_mao	character_ceo_manager
3k_main_ceo_initial_data_character_historical_zheng_tai	character_ceo_manager
3k_main_ceo_initial_data_character_historical_zheng_yan	character_ceo_manager
3k_main_ceo_initial_data_character_historical_zhongli_xu	character_ceo_manager
3k_main_ceo_initial_data_character_historical_zhou_ang	character_ceo_manager
3k_main_ceo_initial_data_character_historical_zhou_bo_ironic	character_ceo_manager
3k_main_ceo_initial_data_character_historical_zhou_cang	character_ceo_manager
3k_main_ceo_initial_data_character_historical_zhou_che_ironic	character_ceo_manager
3k_main_ceo_initial_data_character_historical_zhou_gu_ironic	character_ceo_manager
3k_main_ceo_initial_data_character_historical_zhou_jing_title	character_ceo_manager
3k_main_ceo_initial_data_character_historical_zhou_qun_title	character_ceo_manager
3k_main_ceo_initial_data_character_historical_zhou_shan	character_ceo_manager
3k_main_ceo_initial_data_character_historical_zhou_shang_ironic	character_ceo_manager
3k_main_ceo_initial_data_character_historical_zhou_shu_ironic	character_ceo_manager
3k_main_ceo_initial_data_character_historical_zhou_tai	character_ceo_manager
3k_main_ceo_initial_data_character_historical_zhou_xin	character_ceo_manager
3k_main_ceo_initial_data_character_historical_zhou_ying_ironic	character_ceo_manager
3k_main_ceo_initial_data_character_historical_zhou_yu	character_ceo_manager
3k_main_ceo_initial_data_character_historical_zhou_yu_renming	character_ceo_manager
3k_main_ceo_initial_data_character_historical_zhu_en_ironic	character_ceo_manager
3k_main_ceo_initial_data_character_historical_zhu_fu	character_ceo_manager
3k_main_ceo_initial_data_character_historical_zhu_fu_unique	character_ceo_manager
3k_main_ceo_initial_data_character_historical_zhu_gui	character_ceo_manager
3k_main_ceo_initial_data_character_historical_zhu_han_ironic	character_ceo_manager
3k_main_ceo_initial_data_character_historical_zhu_hao	character_ceo_manager
3k_main_ceo_initial_data_character_historical_zhu_huan_ironic	character_ceo_manager
3k_main_ceo_initial_data_character_historical_zhu_jun	character_ceo_manager
3k_main_ceo_initial_data_character_historical_zhu_lian_ironic	character_ceo_manager
3k_main_ceo_initial_data_character_historical_zhu_ling_ironic	character_ceo_manager
3k_main_ceo_initial_data_character_historical_zhu_liu_title_ironic	character_ceo_manager
3k_main_ceo_initial_data_character_historical_zhu_min_ironic	character_ceo_manager
3k_main_ceo_initial_data_character_historical_zhu_ran	character_ceo_manager
3k_main_ceo_initial_data_character_historical_zhu_shulian_ironic	character_ceo_manager
3k_main_ceo_initial_data_character_historical_zhu_zhi	character_ceo_manager
3k_main_ceo_initial_data_character_historical_zhuang_zhen_ironic	character_ceo_manager
3k_main_ceo_initial_data_character_historical_zhuge_bin_ironic	character_ceo_manager
3k_main_ceo_initial_data_character_historical_zhuge_dan_ironic	character_ceo_manager
3k_main_ceo_initial_data_character_historical_zhuge_dan_ironic_fire	character_ceo_manager
3k_main_ceo_initial_data_character_historical_zhuge_fu_ironic	character_ceo_manager
3k_main_ceo_initial_data_character_historical_zhuge_gan_ironic	character_ceo_manager
3k_main_ceo_initial_data_character_historical_zhuge_guo_ironic	character_ceo_manager
3k_main_ceo_initial_data_character_historical_zhuge_ji_ironic	character_ceo_manager
3k_main_ceo_initial_data_character_historical_zhuge_jin	character_ceo_manager
3k_main_ceo_initial_data_character_historical_zhuge_jin_ironic	character_ceo_manager
3k_main_ceo_initial_data_character_historical_zhuge_jun_ironic	character_ceo_manager
3k_main_ceo_initial_data_character_historical_zhuge_ke	character_ceo_manager
3k_main_ceo_initial_data_character_historical_zhuge_liang	character_ceo_manager
3k_main_ceo_initial_data_character_historical_zhuge_luo_ironic	character_ceo_manager
3k_main_ceo_initial_data_character_historical_zhuge_pian_ironic	character_ceo_manager
3k_main_ceo_initial_data_character_historical_zhuge_qiong_ironic	character_ceo_manager
3k_main_ceo_initial_data_character_historical_zhuge_xu_ironic	character_ceo_manager
3k_main_ceo_initial_data_character_historical_zhuge_xuan	character_ceo_manager
3k_main_ceo_initial_data_character_historical_zhuo_xiangyun_title	character_ceo_manager
3k_main_ceo_initial_data_character_historical_zhuo_ying_title_ironic	character_ceo_manager
3k_main_ceo_initial_data_character_historical_zi_luan	character_ceo_manager
3k_main_ceo_initial_data_character_historical_zong_bao_ironic	character_ceo_manager
3k_main_ceo_initial_data_character_historical_zong_cheng	character_ceo_manager
3k_main_ceo_initial_data_character_historical_zou_dan_ironic	character_ceo_manager
3k_main_ceo_initial_data_character_historical_zou_lin	character_ceo_manager
3k_main_ceo_initial_data_character_historical_zou_lin_unique	character_ceo_manager
3k_main_ceo_initial_data_character_historical_zou_ta	character_ceo_manager
3k_main_ceo_initial_data_character_historical_zu_cui	character_ceo_manager
3k_main_ceo_initial_data_character_historical_zu_hong	character_ceo_manager
3k_main_ceo_initial_data_character_historical_zu_lang	character_ceo_manager
3k_main_ceo_initial_data_character_historical_zu_mao	character_ceo_manager
3k_main_ceo_initial_data_character_historical_zu_mo	character_ceo_manager
3k_main_ceo_initial_data_character_historical_zu_shan	character_ceo_manager
3k_main_ceo_initial_data_character_historical_zu_si	character_ceo_manager
3k_main_ceo_initial_data_character_historical_zu_si_title_ironic	character_ceo_manager
3k_main_ceo_initial_data_character_historical_zu_ting	character_ceo_manager
3k_main_ceo_initial_data_character_historical_zuo_chengxu_ironic	character_ceo_manager
3k_main_ceo_initial_data_character_historical_zuo_ci	character_ceo_manager
3k_main_ceo_initial_data_character_historical_zuo_xian_ironic	character_ceo_manager
3k_main_ceo_initial_data_character_historical_zuo_yu	character_ceo_manager
3k_main_ceo_initial_data_character_historical_zuozhi_zhulan	character_ceo_manager
3k_main_ceo_initial_data_character_historical_zuozi_zhangba	character_ceo_manager
3k_main_ceo_initial_data_character_transitive	character_ceo_manager
3k_main_ceo_initial_data_faction_cai_mao	faction_ceo_manager
3k_main_ceo_initial_data_faction_cao_cao	faction_ceo_manager
3k_main_ceo_initial_data_faction_chen_wen	faction_ceo_manager
3k_main_ceo_initial_data_faction_dong_zhuo	faction_ceo_manager
3k_main_ceo_initial_data_faction_gao_gan	faction_ceo_manager
3k_main_ceo_initial_data_faction_generic	faction_ceo_manager
3k_main_ceo_initial_data_faction_gongsun_du	faction_ceo_manager
3k_main_ceo_initial_data_faction_gongsun_zan	faction_ceo_manager
3k_main_ceo_initial_data_faction_han_empire	faction_ceo_manager
3k_main_ceo_initial_data_faction_han_fu	faction_ceo_manager
3k_main_ceo_initial_data_faction_han_sui	faction_ceo_manager
3k_main_ceo_initial_data_faction_huang_zu	faction_ceo_manager
3k_main_ceo_initial_data_faction_jia_long	faction_ceo_manager
3k_main_ceo_initial_data_faction_kong_rong	faction_ceo_manager
3k_main_ceo_initial_data_faction_kong_zhou	faction_ceo_manager
3k_main_ceo_initial_data_faction_liu_bei	faction_ceo_manager
3k_main_ceo_initial_data_faction_liu_biao	faction_ceo_manager
3k_main_ceo_initial_data_faction_liu_dai	faction_ceo_manager
3k_main_ceo_initial_data_faction_liu_yan	faction_ceo_manager
3k_main_ceo_initial_data_faction_liu_yao	faction_ceo_manager
3k_main_ceo_initial_data_faction_liu_yu	faction_ceo_manager
3k_main_ceo_initial_data_faction_ma_teng	faction_ceo_manager
3k_main_ceo_initial_data_faction_shi_xie	faction_ceo_manager
3k_main_ceo_initial_data_faction_sun_jian	faction_ceo_manager
3k_main_ceo_initial_data_faction_tao_qian	faction_ceo_manager
3k_main_ceo_initial_data_faction_wang_kuang	faction_ceo_manager
3k_main_ceo_initial_data_faction_wang_lang	faction_ceo_manager
3k_main_ceo_initial_data_faction_ying_shao	faction_ceo_manager
3k_main_ceo_initial_data_faction_yuan_shao	faction_ceo_manager
3k_main_ceo_initial_data_faction_yuan_shu	faction_ceo_manager
3k_main_ceo_initial_data_faction_zhai_rong	faction_ceo_manager
3k_main_ceo_initial_data_faction_zhang_chao	faction_ceo_manager
3k_main_ceo_initial_data_faction_zhang_lu	faction_ceo_manager
3k_main_ceo_initial_data_faction_zhang_yan	faction_ceo_manager
3k_main_ceo_initial_data_faction_zhang_yang	faction_ceo_manager
3k_main_ceo_initial_data_faction_zheng_jiang	faction_ceo_manager
3k_main_old_ceo_initial_data_character_historical_lady_cai	character_ceo_manager
3k_mtu_ceo_initial_data_character_historical_chen_jiu	character_ceo_manager
3k_mtu_ceo_initial_data_character_historical_dong_min	character_ceo_manager
3k_mtu_ceo_initial_data_character_historical_gao_shun	character_ceo_manager
3k_mtu_ceo_initial_data_character_historical_guan_xing	character_ceo_manager
3k_mtu_ceo_initial_data_character_historical_guan_xuo	character_ceo_manager
3k_mtu_ceo_initial_data_character_historical_hua_xin	character_ceo_manager
3k_mtu_ceo_initial_data_character_historical_jian_yong	character_ceo_manager
3k_mtu_ceo_initial_data_character_historical_lady_bian_huilan	character_ceo_manager
3k_mtu_ceo_initial_data_character_historical_lady_da_qiao	character_ceo_manager
3k_mtu_ceo_initial_data_character_historical_lady_diao_chan	character_ceo_manager
3k_mtu_ceo_initial_data_character_historical_lady_dong_bai	character_ceo_manager
3k_mtu_ceo_initial_data_character_historical_lady_dong_li	character_ceo_manager
3k_mtu_ceo_initial_data_character_historical_lady_dong_peishan	character_ceo_manager
3k_mtu_ceo_initial_data_character_historical_lady_fei	character_ceo_manager
3k_mtu_ceo_initial_data_character_historical_lady_gao_zhulan	character_ceo_manager
3k_mtu_ceo_initial_data_character_historical_lady_gongsun_jinting	character_ceo_manager
3k_mtu_ceo_initial_data_character_historical_lady_guan_yinping	character_ceo_manager
3k_mtu_ceo_initial_data_character_historical_lady_lu_ji	character_ceo_manager
3k_mtu_ceo_initial_data_character_historical_lady_lu_zheng	character_ceo_manager
3k_mtu_ceo_initial_data_character_historical_lady_ma_lanli	character_ceo_manager
3k_mtu_ceo_initial_data_character_historical_lady_ma_yunlu	character_ceo_manager
3k_mtu_ceo_initial_data_character_historical_lady_shi	character_ceo_manager
3k_mtu_ceo_initial_data_character_historical_lady_trieu	character_ceo_manager
3k_mtu_ceo_initial_data_character_historical_lady_wang_liting	character_ceo_manager
3k_mtu_ceo_initial_data_character_historical_lady_wu_minyu	character_ceo_manager
3k_mtu_ceo_initial_data_character_historical_lady_xiao_qiao	character_ceo_manager
3k_mtu_ceo_initial_data_character_historical_lady_zhang_jinglan	character_ceo_manager
3k_mtu_ceo_initial_data_character_historical_lady_zhang_xingcai	character_ceo_manager
3k_mtu_ceo_initial_data_character_historical_lady_zou_yuan	character_ceo_manager
3k_mtu_ceo_initial_data_character_historical_liu_shan	character_ceo_manager
3k_mtu_ceo_initial_data_character_historical_lu_jun	character_ceo_manager
3k_mtu_ceo_initial_data_character_historical_luo_jun	character_ceo_manager
3k_mtu_ceo_initial_data_character_historical_ma_dai	character_ceo_manager
3k_mtu_ceo_initial_data_character_historical_qu_gong	character_ceo_manager
3k_mtu_ceo_initial_data_character_historical_wu_anguo	character_ceo_manager
3k_mtu_ceo_initial_data_character_historical_yan_xiang	character_ceo_manager
3k_mtu_ceo_initial_data_character_historical_zhang_bao	character_ceo_manager
3k_ytr_ceo_initial_data_character_generic_f_metal_agent	character_ceo_manager
3k_ytr_ceo_initial_data_character_generic_f_metal_agent_legendary	character_ceo_manager
3k_ytr_ceo_initial_data_character_generic_f_metal_general	character_ceo_manager
3k_ytr_ceo_initial_data_character_generic_f_metal_general_legendary	character_ceo_manager
3k_ytr_ceo_initial_data_character_generic_f_metal_governor	character_ceo_manager
3k_ytr_ceo_initial_data_character_generic_f_metal_governor_legendary	character_ceo_manager
3k_ytr_ceo_initial_data_character_generic_f_metal_minister	character_ceo_manager
3k_ytr_ceo_initial_data_character_generic_f_metal_minister_legendary	character_ceo_manager
3k_ytr_ceo_initial_data_character_generic_f_metal_villager	character_ceo_manager
3k_ytr_ceo_initial_data_character_generic_f_metal_villager_legendary	character_ceo_manager
3k_ytr_ceo_initial_data_character_generic_f_water_agent	character_ceo_manager
3k_ytr_ceo_initial_data_character_generic_f_water_agent_legendary	character_ceo_manager
3k_ytr_ceo_initial_data_character_generic_f_water_general	character_ceo_manager
3k_ytr_ceo_initial_data_character_generic_f_water_general_legendary	character_ceo_manager
3k_ytr_ceo_initial_data_character_generic_f_water_governor	character_ceo_manager
3k_ytr_ceo_initial_data_character_generic_f_water_governor_legendary	character_ceo_manager
3k_ytr_ceo_initial_data_character_generic_f_water_minister	character_ceo_manager
3k_ytr_ceo_initial_data_character_generic_f_water_minister_legendary	character_ceo_manager
3k_ytr_ceo_initial_data_character_generic_f_water_villager	character_ceo_manager
3k_ytr_ceo_initial_data_character_generic_f_water_villager_legendary	character_ceo_manager
3k_ytr_ceo_initial_data_character_generic_m_metal_agent	character_ceo_manager
3k_ytr_ceo_initial_data_character_generic_m_metal_agent_legendary	character_ceo_manager
3k_ytr_ceo_initial_data_character_generic_m_metal_general	character_ceo_manager
3k_ytr_ceo_initial_data_character_generic_m_metal_general_legendary	character_ceo_manager
3k_ytr_ceo_initial_data_character_generic_m_metal_governor	character_ceo_manager
3k_ytr_ceo_initial_data_character_generic_m_metal_governor_legendary	character_ceo_manager
3k_ytr_ceo_initial_data_character_generic_m_metal_minister	character_ceo_manager
3k_ytr_ceo_initial_data_character_generic_m_metal_minister_legendary	character_ceo_manager
3k_ytr_ceo_initial_data_character_generic_m_metal_villager	character_ceo_manager
3k_ytr_ceo_initial_data_character_generic_m_metal_villager_legendary	character_ceo_manager
3k_ytr_ceo_initial_data_character_generic_m_water_agent	character_ceo_manager
3k_ytr_ceo_initial_data_character_generic_m_water_agent_legendary	character_ceo_manager
3k_ytr_ceo_initial_data_character_generic_m_water_general	character_ceo_manager
3k_ytr_ceo_initial_data_character_generic_m_water_general_legendary	character_ceo_manager
3k_ytr_ceo_initial_data_character_generic_m_water_governor	character_ceo_manager
3k_ytr_ceo_initial_data_character_generic_m_water_governor_legendary	character_ceo_manager
3k_ytr_ceo_initial_data_character_generic_m_water_minister	character_ceo_manager
3k_ytr_ceo_initial_data_character_generic_m_water_minister_legendary	character_ceo_manager
3k_ytr_ceo_initial_data_character_generic_m_water_villager	character_ceo_manager
3k_ytr_ceo_initial_data_character_generic_m_water_villager_legendary	character_ceo_manager
3k_ytr_ceo_initial_data_character_generic_m_wood_agent	character_ceo_manager
3k_ytr_ceo_initial_data_character_generic_m_wood_agent_legendary	character_ceo_manager
3k_ytr_ceo_initial_data_character_generic_m_wood_general	character_ceo_manager
3k_ytr_ceo_initial_data_character_generic_m_wood_general_legendary	character_ceo_manager
3k_ytr_ceo_initial_data_character_generic_m_wood_governor	character_ceo_manager
3k_ytr_ceo_initial_data_character_generic_m_wood_governor_legendary	character_ceo_manager
3k_ytr_ceo_initial_data_character_generic_m_wood_minister	character_ceo_manager
3k_ytr_ceo_initial_data_character_generic_m_wood_minister_legendary	character_ceo_manager
3k_ytr_ceo_initial_data_character_generic_m_wood_villager	character_ceo_manager
3k_ytr_ceo_initial_data_character_generic_m_wood_villager_legendary	character_ceo_manager
3k_ytr_ceo_initial_data_character_historical_gong_du	character_ceo_manager
3k_ytr_ceo_initial_data_character_historical_he_man	character_ceo_manager
3k_ytr_ceo_initial_data_character_historical_he_yi	character_ceo_manager
3k_ytr_ceo_initial_data_character_historical_huang_shao	character_ceo_manager
3k_ytr_ceo_initial_data_faction_yellow_turban_generic	faction_ceo_manager
3k_ytr_ceo_initial_data_faction_yellow_turban_gong_du	faction_ceo_manager
3k_ytr_ceo_initial_data_faction_yellow_turban_he_yi	faction_ceo_manager
3k_ytr_ceo_initial_data_faction_yellow_turban_huang_shao	faction_ceo_manager
ep_ceo_initial_data_character_generic_f_earth_agent	character_ceo_manager
ep_ceo_initial_data_character_generic_f_earth_envoy	character_ceo_manager
ep_ceo_initial_data_character_generic_f_earth_general	character_ceo_manager
ep_ceo_initial_data_character_generic_f_earth_governor	character_ceo_manager
ep_ceo_initial_data_character_generic_f_earth_minister	character_ceo_manager
ep_ceo_initial_data_character_generic_f_earth_villager	character_ceo_manager
ep_ceo_initial_data_character_generic_f_fire_agent	character_ceo_manager
ep_ceo_initial_data_character_generic_f_fire_envoy	character_ceo_manager
ep_ceo_initial_data_character_generic_f_fire_general	character_ceo_manager
ep_ceo_initial_data_character_generic_f_fire_governor	character_ceo_manager
ep_ceo_initial_data_character_generic_f_fire_minister	character_ceo_manager
ep_ceo_initial_data_character_generic_f_fire_villager	character_ceo_manager
ep_ceo_initial_data_character_generic_f_metal_agent	character_ceo_manager
ep_ceo_initial_data_character_generic_f_metal_envoy	character_ceo_manager
ep_ceo_initial_data_character_generic_f_metal_general	character_ceo_manager
ep_ceo_initial_data_character_generic_f_metal_governor	character_ceo_manager
ep_ceo_initial_data_character_generic_f_metal_minister	character_ceo_manager
ep_ceo_initial_data_character_generic_f_metal_villager	character_ceo_manager
ep_ceo_initial_data_character_generic_f_water_agent	character_ceo_manager
ep_ceo_initial_data_character_generic_f_water_envoy	character_ceo_manager
ep_ceo_initial_data_character_generic_f_water_general	character_ceo_manager
ep_ceo_initial_data_character_generic_f_water_governor	character_ceo_manager
ep_ceo_initial_data_character_generic_f_water_minister	character_ceo_manager
ep_ceo_initial_data_character_generic_f_water_villager	character_ceo_manager
ep_ceo_initial_data_character_generic_f_wood_agent	character_ceo_manager
ep_ceo_initial_data_character_generic_f_wood_envoy	character_ceo_manager
ep_ceo_initial_data_character_generic_f_wood_general	character_ceo_manager
ep_ceo_initial_data_character_generic_f_wood_governor	character_ceo_manager
ep_ceo_initial_data_character_generic_f_wood_minister	character_ceo_manager
ep_ceo_initial_data_character_generic_f_wood_villager	character_ceo_manager
ep_ceo_initial_data_character_generic_m_earth_agent	character_ceo_manager
ep_ceo_initial_data_character_generic_m_earth_envoy	character_ceo_manager
ep_ceo_initial_data_character_generic_m_earth_general	character_ceo_manager
ep_ceo_initial_data_character_generic_m_earth_governor	character_ceo_manager
ep_ceo_initial_data_character_generic_m_earth_minister	character_ceo_manager
ep_ceo_initial_data_character_generic_m_earth_villager	character_ceo_manager
ep_ceo_initial_data_character_generic_m_fire_agent	character_ceo_manager
ep_ceo_initial_data_character_generic_m_fire_envoy	character_ceo_manager
ep_ceo_initial_data_character_generic_m_fire_general	character_ceo_manager
ep_ceo_initial_data_character_generic_m_fire_governor	character_ceo_manager
ep_ceo_initial_data_character_generic_m_fire_minister	character_ceo_manager
ep_ceo_initial_data_character_generic_m_fire_villager	character_ceo_manager
ep_ceo_initial_data_character_generic_m_metal_agent	character_ceo_manager
ep_ceo_initial_data_character_generic_m_metal_envoy	character_ceo_manager
ep_ceo_initial_data_character_generic_m_metal_general	character_ceo_manager
ep_ceo_initial_data_character_generic_m_metal_governor	character_ceo_manager
ep_ceo_initial_data_character_generic_m_metal_minister	character_ceo_manager
ep_ceo_initial_data_character_generic_m_metal_villager	character_ceo_manager
ep_ceo_initial_data_character_generic_m_water_agent	character_ceo_manager
ep_ceo_initial_data_character_generic_m_water_envoy	character_ceo_manager
ep_ceo_initial_data_character_generic_m_water_general	character_ceo_manager
ep_ceo_initial_data_character_generic_m_water_governor	character_ceo_manager
ep_ceo_initial_data_character_generic_m_water_minister	character_ceo_manager
ep_ceo_initial_data_character_generic_m_water_villager	character_ceo_manager
ep_ceo_initial_data_character_generic_m_wood_agent	character_ceo_manager
ep_ceo_initial_data_character_generic_m_wood_envoy	character_ceo_manager
ep_ceo_initial_data_character_generic_m_wood_general	character_ceo_manager
ep_ceo_initial_data_character_generic_m_wood_governor	character_ceo_manager
ep_ceo_initial_data_character_generic_m_wood_minister	character_ceo_manager
ep_ceo_initial_data_character_generic_m_wood_villager	character_ceo_manager
ep_ceo_initial_data_character_historical_cao_huan	character_ceo_manager
ep_ceo_initial_data_character_historical_gongsun_hong	character_ceo_manager
ep_ceo_initial_data_character_historical_he_lun	character_ceo_manager
ep_ceo_initial_data_character_historical_huangfu_shang	character_ceo_manager
ep_ceo_initial_data_character_historical_jia_mi	character_ceo_manager
ep_ceo_initial_data_character_historical_jia_mo	character_ceo_manager
ep_ceo_initial_data_character_historical_li_han	character_ceo_manager
ep_ceo_initial_data_character_historical_liu_qi	character_ceo_manager
ep_ceo_initial_data_character_historical_liu_shen	character_ceo_manager
ep_ceo_initial_data_character_historical_lu_ji	character_ceo_manager
ep_ceo_initial_data_character_historical_lu_zhi	character_ceo_manager
ep_ceo_initial_data_character_historical_pei_wei	character_ceo_manager
ep_ceo_initial_data_character_historical_princess_pei	character_ceo_manager
ep_ceo_initial_data_character_historical_qi_sheng	character_ceo_manager
ep_ceo_initial_data_character_historical_shi_chao	character_ceo_manager
ep_ceo_initial_data_character_historical_sima_ai	character_ceo_manager
ep_ceo_initial_data_character_historical_sima_cui	character_ceo_manager
ep_ceo_initial_data_character_historical_sima_fu_earth	character_ceo_manager
ep_ceo_initial_data_character_historical_sima_fu_metal	character_ceo_manager
ep_ceo_initial_data_character_historical_sima_jiong	character_ceo_manager
ep_ceo_initial_data_character_historical_sima_ju	character_ceo_manager
ep_ceo_initial_data_character_historical_sima_liang	character_ceo_manager
ep_ceo_initial_data_character_historical_sima_lun	character_ceo_manager
ep_ceo_initial_data_character_historical_sima_qian	character_ceo_manager
ep_ceo_initial_data_character_historical_sima_song	character_ceo_manager
ep_ceo_initial_data_character_historical_sima_wei	character_ceo_manager
ep_ceo_initial_data_character_historical_sima_yang	character_ceo_manager
ep_ceo_initial_data_character_historical_sima_ying	character_ceo_manager
ep_ceo_initial_data_character_historical_sima_yong	character_ceo_manager
ep_ceo_initial_data_character_historical_sima_yue	character_ceo_manager
ep_ceo_initial_data_character_historical_song_zhou	character_ceo_manager
ep_ceo_initial_data_character_historical_sun_xiu	character_ceo_manager
ep_ceo_initial_data_character_historical_wang_bao	character_ceo_manager
ep_ceo_initial_data_character_historical_wei_guan	character_ceo_manager
ep_ceo_initial_data_character_historical_zhang_fang	character_ceo_manager
ep_ceo_initial_data_character_historical_zhang_hua	character_ceo_manager
ep_ceo_initial_data_faction_sima_ai	faction_ceo_manager
ep_ceo_initial_data_faction_sima_jiong	faction_ceo_manager
ep_ceo_initial_data_faction_sima_liang	faction_ceo_manager
ep_ceo_initial_data_faction_sima_lun	faction_ceo_manager
ep_ceo_initial_data_faction_sima_wei	faction_ceo_manager
ep_ceo_initial_data_faction_sima_ying	faction_ceo_manager
ep_ceo_initial_data_faction_sima_yong	faction_ceo_manager
ep_ceo_initial_data_faction_sima_yue	faction_ceo_manager
3k_main_ceo_initial_data_character_historical_yeonbul	character_ceo_manager
3k_main_ceo_initial_data_character_historical_kim_suro	character_ceo_manager
3k_main_ceo_initial_data_character_historical_heo_hwangok	character_ceo_manager
3k_main_ceo_initial_data_character_historical_tam_hari	character_ceo_manager
3k_main_ceo_initial_data_character_historical_kim_geodeung	character_ceo_manager
3k_main_ceo_initial_data_character_historical_go_munseong	character_ceo_manager
3k_main_ceo_initial_data_character_historical_go_seongbang	character_ceo_manager
3k_main_ceo_initial_data_character_historical_go_ik	character_ceo_manager
3k_main_ceo_initial_data_character_historical_hae_mayeo	character_ceo_manager
3k_main_ceo_initial_data_character_historical_woo_wigeo	character_ceo_manager
3k_main_ceo_initial_data_character_historical_go_balgi	character_ceo_manager
3k_main_ceo_initial_data_character_historical_go_yeonu	character_ceo_manager
3k_main_ceo_initial_data_character_historical_go_gyesu	character_ceo_manager
3k_main_ceo_initial_data_character_historical_go_uwugeo	character_ceo_manager
3k_main_ceo_initial_data_character_historical_go_bakwigeo	character_ceo_manager
3k_main_ceo_initial_data_character_historical_lady_woo	character_ceo_manager
3k_main_ceo_initial_data_character_historical_an_ryu	character_ceo_manager
3k_main_ceo_initial_data_character_historical_eul_paso	character_ceo_manager
3k_main_ceo_initial_data_character_historical_jwa_garyeo	character_ceo_manager
3k_main_ceo_initial_data_character_historical_eo_biryu	character_ceo_manager
3k_main_ceo_initial_data_character_historical_myeongrim_eosu	character_ceo_manager
3k_main_ceo_initial_data_character_historical_go_uru	character_ceo_manager
3k_main_ceo_initial_data_character_historical_mil_u	character_ceo_manager
3k_main_ceo_initial_data_character_historical_yu_yu	character_ceo_manager
3k_main_ceo_initial_data_character_historical_yu_okgu	character_ceo_manager
3k_main_ceo_initial_data_character_historical_go_yeonbul	character_ceo_manager
3k_main_ceo_initial_data_character_historical_hu_nyeo	character_ceo_manager
3k_main_ceo_initial_data_character_historical_deuk_rae	character_ceo_manager
3k_main_ceo_initial_data_character_historical_seok_naehae	character_ceo_manager
3k_main_ceo_initial_data_character_historical_lady_sulye	character_ceo_manager
3k_main_ceo_initial_data_character_historical_seok_jobun	character_ceo_manager
3k_main_ceo_initial_data_character_historical_seok_cheomhae	character_ceo_manager
3k_main_ceo_initial_data_character_historical_seok_naeeum	character_ceo_manager
3k_main_ceo_initial_data_character_historical_seok_uro	character_ceo_manager
3k_main_ceo_initial_data_character_historical_seok_aihye	character_ceo_manager
3k_main_ceo_initial_data_character_historical_lady_seok	character_ceo_manager
3k_main_ceo_initial_data_character_historical_kim_gudo	character_ceo_manager
3k_main_ceo_initial_data_character_historical_kim_michu	character_ceo_manager
3k_main_ceo_initial_data_character_historical_kim_malgu	character_ceo_manager
3k_main_ceo_initial_data_character_historical_mul_gyeja	character_ceo_manager
3k_main_ceo_initial_data_character_historical_gu_suhye	character_ceo_manager
3k_main_ceo_initial_data_character_historical_chung_hweon	character_ceo_manager
3k_main_ceo_initial_data_character_historical_yeon_jin	character_ceo_manager
3k_main_ceo_initial_data_character_historical_heung_seon	character_ceo_manager
3k_main_ceo_initial_data_character_historical_seol_bu	character_ceo_manager
3k_main_ceo_initial_data_character_historical_seol_ji	character_ceo_manager
3k_main_ceo_initial_data_character_historical_guk_ryang	character_ceo_manager
3k_main_ceo_initial_data_character_historical_sul_myeong	character_ceo_manager
3k_main_ceo_initial_data_character_historical_hwon_gyeon	character_ceo_manager
3k_main_ceo_initial_data_character_historical_yun_jong	character_ceo_manager
3k_main_ceo_initial_data_character_historical_gang_hwon	character_ceo_manager
