key	accuracy	armour	campaign_action_points	category	charge_bonus	class	dismounted_charge_bonus	dismounted_melee_attack	historical_description_text	melee_attack	melee_defence	morale	primary_melee_weapon	primary_missile_weapon	rank_depth	shield	short_description_text	spacing	strengths_weaknesses_text	supports_first_person	training_level	officers	is_male	visibility_spotting_range_min	visibility_spotting_range_max	ability_global_recharge	attribute_group	spot_dist_tree	spot_dist_scrub	loose_spacing	selection_vo	selected_vo_secondary	selected_vo_tertiary	hiding_scalar	capture_power	ground_stat_effect_group	secondary_ammo	primary_ammo	damage_mod_flame	damage_mod_magic	damage_mod_physical	damage_mod_missile	damage_mod_all	ai_usage_group	can_skirmish	sync_locomotion	melee_attack_interval_reduction_percentage	reload_time_reduction_percentage	personalities_location	is_primarily_melee	secondary_melee_weapon
#land_units_tables;49;db/land_units_tables/data__																																																			
3k_cp01_general_fire_huang_gai	0	3k_cp01_hero_huang_gai_unique	2450	cavalry	241	com	60	0	none	0	0	34	3k_main_general_2h175_spear_common		5	none	none	3k_cavalry_elite	none	false	elite	A_blank_record	true	50.0000	1000.0000	0.0000	3k_hide_forest	50	50	false	battle_vo_order_hero_select	battle_vo_order_select	battle_vo_order_select	1.0000	10.0000	3k_main_cavalry_heavy	0	0	0	0	0	0	0	3k_main_general_vanguard	false	false	0	0	front	false	
3k_cp01_general_water_guo_jia	0	3k_cp01_hero_guo_jia_unique	2450	cavalry	34	com	9	0	none	0	0	23	3k_main_general_1h095_sword_single_edge_common		5	none	none	3k_cavalry_elite	none	false	elite	A_blank_record	true	50.0000	1000.0000	0.0000	3k_hide_forest	50	50	false	battle_vo_order_hero_select	battle_vo_order_select	battle_vo_order_select	1.0000	10.0000	3k_main_cavalry_light	0	0	0	0	0	0	0	3k_main_hero_strategist	true	true	-100	0	front	false	
3k_cp01_general_water_jia_xu	0	3k_cp01_hero_jia_xiu_unique	2450	cavalry	34	com	9	0	none	0	0	23	3k_main_general_1h095_sword_single_edge_common		5	none	none	3k_cavalry_elite	none	false	elite	A_blank_record	true	50.0000	1000.0000	0.0000	3k_hide_forest	50	50	false	battle_vo_order_hero_select	battle_vo_order_select	battle_vo_order_select	1.0000	10.0000	3k_main_cavalry_light	0	0	0	0	0	0	0	3k_main_hero_strategist	true	true	-100	0	front	false	
3k_cp01_general_water_pang_tong	0	3k_cp01_hero_pang_tong_unique	2450	cavalry	34	com	9	0	none	0	0	23	3k_main_general_1h095_sword_single_edge_common		5	none	none	3k_cavalry_elite	none	false	elite	A_blank_record	true	50.0000	1000.0000	0.0000	3k_hide_forest	50	50	false	battle_vo_order_hero_select	battle_vo_order_select	battle_vo_order_select	1.0000	10.0000	3k_main_cavalry_light	0	0	0	0	0	0	0	3k_main_hero_strategist	true	true	-100	0	front	false	
3k_cp01_hero_fire_huang_gai	0	3k_cp01_hero_huang_gai_unique	2450	cavalry	241	com	60	0	none	0	0	40	3k_main_hero_2h175_spear_unique		1	none	none	3k_hero	none	false	elite	A_blank_record	true	50.0000	1000.0000	0.0000	3k_hide_forest	50	50	false	battle_vo_order_hero_select	battle_vo_order_select	battle_vo_order_select	1.0000	25.0000	3k_main_cavalry_heavy	0	10	0	0	0	0	0	3k_main_hero_vanguard	false	false	0	0	front	true	
3k_cp01_hero_water_guo_jia	0	3k_cp01_hero_guo_jia_unique	2450	cavalry	34	com	9	0	none	0	0	40	3k_main_hero_1h095_sword_single_edge_unique		1	none	none	3k_cavalry_elite	none	false	elite	A_blank_record	true	50.0000	1000.0000	0.0000	3k_hide_forest	50	50	false	battle_vo_order_hero_select	battle_vo_order_select	battle_vo_order_select	1.0000	25.0000	3k_main_cavalry_light	0	13	0	0	0	0	0	3k_main_hero_strategist	true	true	-100	0	front	true	
3k_cp01_hero_water_jia_xu	0	3k_cp01_hero_jia_xiu_unique	2450	cavalry	34	com	9	0	none	0	0	40	3k_main_hero_1h095_sword_single_edge_unique		1	none	none	3k_cavalry_elite	none	false	elite	A_blank_record	true	50.0000	1000.0000	0.0000	3k_hide_forest	50	50	false	battle_vo_order_hero_select	battle_vo_order_select	battle_vo_order_select	1.0000	25.0000	3k_main_cavalry_light	0	13	0	0	0	0	0	3k_main_hero_strategist	true	true	-100	0	front	true	
3k_cp01_hero_water_pang_tong	0	3k_cp01_hero_pang_tong_unique	2450	cavalry	34	com	9	0	none	0	0	40	3k_main_hero_1h095_sword_single_edge_unique		1	none	none	3k_cavalry_elite	none	false	elite	A_blank_record	true	50.0000	1000.0000	0.0000	3k_hide_forest	50	50	false	battle_vo_order_hero_select	battle_vo_order_select	battle_vo_order_select	1.0000	25.0000	3k_main_cavalry_light	0	13	0	0	0	0	0	3k_main_hero_strategist	true	true	-100	0	front	true	
3k_dlc04_general_earth_prince_liu_chong	0	3k_dlc04_hero_prince_liu_chong_unique	2450	cavalry	154	com	39	0	none	0	0	65	3k_main_hero_1h095_sword_double_edge_unique		5	none	none	3k_cavalry_elite	none	false	elite	A_blank_record	true	50.0000	1000.0000	0.0000	3k_hide_forest	50	50	false	battle_vo_order_hero_select	battle_vo_order_select	battle_vo_order_select	1.0000	10.0000	3k_main_cavalry_heavy	0	0	0	0	0	0	0	3k_main_general_sentinel	false	false	0	0	front	true	
3k_dlc04_general_fire_empress_he	0	3k_dlc04_hero_empress_he_unique	2450	cavalry	191	com	48	0	none	0	0	34	3k_main_hero_1h095_sword_double_edge_unique		5	none	none	3k_cavalry_elite	none	false	elite	A_blank_record	true	50.0000	1000.0000	0.0000	3k_hide_forest	50	50	false	battle_vo_order_hero_select	battle_vo_order_select	battle_vo_order_select	1.0000	10.0000	3k_main_cavalry_light	0	0	0	0	0	0	0	3k_main_general_commander	false	false	0	0	middle	true	
3k_dlc04_general_metal_he_jin	0	3k_dlc04_hero_he_jin_unique	2450	cavalry	107	com	27	0	none	0	0	34	3k_main_hero_1h095_sword_double_edge_unique		5	none	none	3k_cavalry_elite	none	false	elite	A_blank_record	true	50.0000	1000.0000	0.0000	3k_hide_forest	50	50	false	battle_vo_order_hero_select	battle_vo_order_select	battle_vo_order_select	1.0000	10.0000	3k_main_cavalry_medium	0	0	0	0	0	0	0	3k_main_general_sentinel	false	false	0	0	front	true	
3k_dlc04_general_metal_huangfu_song	0	3k_dlc04_hero_huangfu_song_unique	2450	cavalry	107	com	27	0	none	0	0	34	3k_main_hero_1h095_sword_double_edge_unique		5	none	none	3k_cavalry_elite	none	false	elite	A_blank_record	true	50.0000	1000.0000	0.0000	3k_hide_forest	50	50	false	battle_vo_order_hero_select	battle_vo_order_select	battle_vo_order_select	1.0000	10.0000	3k_main_cavalry_heavy	0	0	0	0	0	0	0	3k_main_general_sentinel	false	false	0	0	front	true	
3k_dlc04_general_metal_zhang_jue	0	3k_dlc04_hero_zhang_jue_unique	2450	cavalry	107	com	27	0	none	0	0	34	3k_dlc04_hero_2h175_zhang_jue_unique		5	none	none	3k_cavalry_elite	none	false	elite	A_blank_record	true	50.0000	1000.0000	0.0000	3k_hide_forest	50	50	false	battle_vo_order_hero_select	battle_vo_order_select	battle_vo_order_select	1.0000	10.0000	3k_main_cavalry_light	0	0	0	0	0	0	0	3k_main_general_sentinel	false	false	0	0	middle	true	
3k_dlc04_general_water_diao_chan	0	3k_dlc04_hero_diao_chan_unique	2450	cavalry	34	com	9	0	none	0	0	23	3k_main_hero_1h095_sword_double_edge_unique		5	none	none	3k_cavalry_elite	none	false	elite	A_blank_record	true	50.0000	1000.0000	0.0000	3k_hide_forest	50	50	false	battle_vo_order_hero_select	battle_vo_order_select	battle_vo_order_select	1.0000	10.0000	3k_main_cavalry_light	0	0	0	0	0	0	0	3k_main_general_commander	true	false	-100	0	middle	true	
3k_dlc04_general_water_lu_zhi	0	3k_dlc04_hero_lu_zhi_unique	2450	cavalry	34	com	9	0	none	0	0	23	3k_main_hero_1h095_sword_double_edge_unique		5	none	none	3k_cavalry_elite	none	false	elite	A_blank_record	true	50.0000	1000.0000	0.0000	3k_hide_forest	50	50	false	battle_vo_order_hero_select	battle_vo_order_select	battle_vo_order_select	1.0000	10.0000	3k_main_cavalry_light	0	0	0	0	0	0	0	3k_main_general_commander	false	false	-100	0	middle	true	
3k_dlc04_general_water_xun_yu	0	3k_dlc04_hero_xun_yu_unique	2450	cavalry	34	com	9	0	none	0	0	23	3k_main_hero_1h095_sword_double_edge_unique		5	none	none	3k_cavalry_elite	none	false	elite	A_blank_record	true	50.0000	1000.0000	0.0000	3k_hide_forest	50	50	false	battle_vo_order_hero_select	battle_vo_order_select	battle_vo_order_select	1.0000	10.0000	3k_main_cavalry_light	0	0	0	0	0	0	0	3k_main_general_commander	true	false	-100	0	middle	true	
3k_dlc04_general_water_zhang_liang	0	3k_dlc04_hero_zhang_liang_unique	2450	cavalry	34	com	9	0	none	0	0	23	3k_main_hero_1h095_sword_double_edge_unique		5	none	none	3k_cavalry_elite	none	false	elite	A_blank_record	true	50.0000	1000.0000	0.0000	3k_hide_forest	50	50	false	battle_vo_order_hero_select	battle_vo_order_select	battle_vo_order_select	1.0000	10.0000	3k_main_cavalry_heavy	0	0	0	0	0	0	0	3k_main_general_commander	false	false	-100	0	front	true	
3k_dlc04_general_wood_zhang_bao	0	3k_dlc04_hero_zhang_bao_unique	2450	cavalry	119	com	30	0	none	0	0	34	3k_main_hero_1h095_sword_double_edge_unique		5	none	none	3k_cavalry_elite	none	false	elite	A_blank_record	true	50.0000	1000.0000	0.0000	3k_hide_forest	50	50	false	battle_vo_order_hero_select	battle_vo_order_select	battle_vo_order_select	1.0000	10.0000	3k_main_cavalry_medium	0	0	0	0	0	0	0	3k_main_general_champion	false	false	0	0	front	true	
3k_dlc04_hero_earth_prince_liu_chong	0	3k_dlc04_hero_prince_liu_chong_unique	2450	cavalry	154	com	39	0	none	0	0	65	3k_main_hero_1h095_sword_double_edge_unique		1	none	none	3k_hero	none	false	elite	A_blank_record	true	50.0000	1000.0000	0.0000	3k_hide_forest	50	50	false	battle_vo_order_hero_select	battle_vo_order_select	battle_vo_order_select	1.0000	10.0000	3k_main_cavalry_heavy	0	10	0	0	0	0	0	3k_main_hero_sentinel	false	false	0	0	front	true	
3k_dlc04_hero_fire_empress_he	0	3k_dlc04_hero_empress_he_unique	2450	cavalry	191	com	48	0	none	0	0	40	3k_main_hero_1h095_sword_double_edge_unique		1	none	none	3k_hero	none	false	elite	A_blank_record	true	50.0000	1000.0000	0.0000	3k_hide_forest	50	50	false	battle_vo_order_hero_select	battle_vo_order_select	battle_vo_order_select	1.0000	10.0000	3k_main_cavalry_light	0	10	0	0	0	0	0	3k_main_hero_commander	false	false	0	0	middle	true	
3k_dlc04_hero_metal_he_jin	0	3k_dlc04_hero_he_jin_unique	2450	cavalry	107	com	27	0	none	0	0	45	3k_main_hero_1h095_sword_double_edge_unique		1	none	none	3k_hero	none	false	elite	A_blank_record	true	50.0000	1000.0000	0.0000	3k_hide_forest	50	50	false	battle_vo_order_hero_select	battle_vo_order_select	battle_vo_order_select	1.0000	10.0000	3k_main_cavalry_medium	0	10	0	0	0	0	0	3k_main_hero_sentinel	false	false	0	0	front	true	
3k_dlc04_hero_metal_huangfu_song	0	3k_dlc04_hero_huangfu_song_unique	2450	cavalry	107	com	27	0	none	0	0	45	3k_main_hero_1h095_sword_double_edge_unique		1	none	none	3k_hero	none	false	elite	A_blank_record	true	50.0000	1000.0000	0.0000	3k_hide_forest	50	50	false	battle_vo_order_hero_select	battle_vo_order_select	battle_vo_order_select	1.0000	10.0000	3k_main_cavalry_heavy	0	10	0	0	0	0	0	3k_main_hero_sentinel	false	false	0	0	front	true	
3k_dlc04_hero_metal_zhang_jue	0	3k_dlc04_hero_zhang_jue_unique	2450	cavalry	107	com	27	0	none	0	0	45	3k_dlc04_hero_2h175_zhang_jue_unique		1	none	none	3k_hero	none	false	elite	A_blank_record	true	50.0000	1000.0000	0.0000	3k_hide_forest	50	50	false	battle_vo_order_hero_select	battle_vo_order_select	battle_vo_order_select	1.0000	10.0000	3k_main_cavalry_light	0	10	0	0	0	0	0	3k_main_hero_sentinel	false	false	0	0	middle	true	
3k_dlc04_hero_water_diao_chan	0	3k_dlc04_hero_diao_chan_unique	2450	cavalry	34	com	9	0	none	0	0	40	3k_main_hero_1h095_sword_double_edge_unique		1	none	none	3k_hero	none	false	elite	A_blank_record	true	50.0000	1000.0000	0.0000	3k_hide_forest	50	50	false	battle_vo_order_hero_select	battle_vo_order_select	battle_vo_order_select	1.0000	10.0000	3k_main_cavalry_light	0	10	0	0	0	0	0	3k_main_hero_strategist	true	false	-100	0	middle	true	
3k_dlc04_hero_water_lu_zhi	0	3k_dlc04_hero_lu_zhi_unique	2450	cavalry	34	com	9	0	none	0	0	40	3k_main_hero_1h095_sword_double_edge_unique		1	none	none	3k_hero	none	false	elite	A_blank_record	true	50.0000	1000.0000	0.0000	3k_hide_forest	50	50	false	battle_vo_order_hero_select	battle_vo_order_select	battle_vo_order_select	1.0000	10.0000	3k_main_cavalry_light	0	13	0	0	0	0	0	3k_main_hero_strategist	true	true	-100	0	middle	true	
3k_dlc04_hero_water_xun_yu	0	3k_dlc04_hero_xun_yu_unique	2450	cavalry	34	com	9	0	none	0	0	40	3k_main_hero_1h095_sword_double_edge_unique		1	none	none	3k_hero	none	false	elite	A_blank_record	true	50.0000	1000.0000	0.0000	3k_hide_forest	50	50	false	battle_vo_order_hero_select	battle_vo_order_select	battle_vo_order_select	1.0000	10.0000	3k_main_cavalry_light	0	10	0	0	0	0	0	3k_main_hero_strategist	true	false	-100	0	middle	true	
3k_dlc04_hero_water_zhang_liang	0	3k_dlc04_hero_zhang_liang_unique	2450	cavalry	34	com	9	0	none	0	0	40	3k_main_hero_1h095_sword_double_edge_unique		1	none	none	3k_hero	none	false	elite	A_blank_record	true	50.0000	1000.0000	0.0000	3k_hide_forest	50	50	false	battle_vo_order_hero_select	battle_vo_order_select	battle_vo_order_select	1.0000	10.0000	3k_main_cavalry_heavy	0	10	0	0	0	0	0	3k_main_hero_strategist	true	false	0	0	front	true	
3k_dlc04_hero_wood_zhang_bao	0	3k_dlc04_hero_zhang_bao_unique	2450	cavalry	119	com	30	0	none	0	0	45	3k_main_hero_1h095_sword_double_edge_unique		1	none	none	3k_hero	none	false	elite	A_blank_record	true	50.0000	1000.0000	0.0000	3k_hide_forest	50	50	false	battle_vo_order_hero_select	battle_vo_order_select	battle_vo_order_select	1.0000	10.0000	3k_main_cavalry_medium	0	10	0	0	0	0	0	3k_main_hero_champion	false	false	0	0	front	true	
3k_dlc04_unit_earth_chen_peacekeepers	0	3k_main_unit_iron_full	2450	cavalry	165	cav_mel	39	0	3k_dlc04_unit_earth_chen_peacekeepers	0	35	60	3k_main_unit_1h095_sword_double_edge_elite	3k_main_unit_crossbow	5	3k_main_unit_cavalry_side_jade	3k_dlc04_unit_earth_chen_peacekeepers	3k_cavalry_elite	3k_dlc04_unit_earth_chen_peacekeepers	false	elite	A_blank_record	true	50.0000	1000.0000	0.0000	3k_hide_forest_encourage	50	50	false	battle_vo_order_chen_peacekeepers	battle_vo_order_cavalry	battle_vo_order_select	1.0000	10.0000	3k_main_cavalry_heavy	0	17	0	0	0	50	0	3k_main_cavalry_melee	true	false	0	0	random	true	
3k_dlc04_unit_earth_imperial_household_cavalry	0	3k_main_unit_iron_full	2450	cavalry	280	cav_mel	70	0	3k_dlc04_unit_earth_imperial_household_cavalry	0	53	70	3k_main_unit_1h095_sword_double_edge		5	3k_main_unit_cavalry_gourd	3k_dlc04_unit_earth_imperial_household_cavalry	3k_cavalry_elite	3k_dlc04_unit_earth_imperial_household_cavalry	false	elite	A_blank_record	true	50.0000	1000.0000	0.0000	3k_hide_forest	50	50	false	battle_vo_order_imperial	battle_vo_order_select	battle_vo_order_select	1.0000	10.0000	3k_main_cavalry_heavy	0	0	0	0	0	50	0	3k_main_cavalry_melee	false	false	0	0	random	true	
3k_dlc04_unit_earth_jaizi_raiders	0	3k_main_unit_iron_full	2450	cavalry	250	cav_mel	39	0	3k_dlc04_unit_earth_jaizi_raiders	0	36	60	3k_main_unit_1h095_sword_double_edge		5	3k_main_unit_cavalry_gourd	3k_dlc04_unit_earth_jaizi_raiders	3k_cavalry_elite	3k_dlc04_unit_earth_jaizi_raiders	false	elite	A_blank_record	true	50.0000	1000.0000	0.0000	3k_hide_forest_causes_fear_raider_guerilla_deploy	50	50	false	battle_vo_order_jaizi_raiders	battle_vo_order_select	battle_vo_order_select	1.0000	10.0000	3k_main_cavalry_heavy	0	0	0	0	0	50	0	3k_main_cavalry_melee	false	false	0	0	random	true	
3k_dlc04_unit_earth_messengers_of_heaven	0	3k_main_unit_tunic	2450	cavalry	175	cav_mel	59	0	3k_dlc04_unit_earth_messengers_of_heaven	0	15	67	3k_dlc04_unit_dw095_sword_double_edge		5	3k_main_hero_none_low	3k_dlc04_unit_earth_messengers_of_heaven	3k_cavalry_militia	3k_dlc04_unit_earth_messengers_of_heaven	false	well_trained	A_blank_record	true	50.0000	1000.0000	0.0000	3k_hide_forest_causes_fear	50	50	false	battle_vo_order_messengers_of_heaven	battle_vo_order_cavalry	battle_vo_order_select	1.0000	10.0000	3k_main_cavalry_light	0	0	0	0	0	50	0	3k_main_cavalry_melee	false	false	-15	0	random	true	
3k_dlc04_unit_earth_mounted_sabre_defectors	0	3k_main_unit_tunic	2450	cavalry	161	cav_mel	32	0	3k_dlc04_unit_earth_mounted_sabre_defectors	0	17	34	3k_main_unit_1h095_sword_single_edge_militia		5	3k_main_unit_cavalry_rattan	3k_dlc04_unit_earth_mounted_sabre_defectors	3k_cavalry_militia	3k_dlc04_unit_earth_mounted_sabre_defectors	false	poorly_trained	A_blank_record	true	50.0000	1000.0000	0.0000	3k_hide_forest	50	50	false	battle_vo_order_cavalry	battle_vo_order_select	battle_vo_order_select	1.0000	10.0000	3k_main_cavalry_light	0	0	0	0	0	50	0	3k_main_cavalry_melee	false	false	0	0	random	true	
3k_dlc04_unit_fire_destroyer_of_traitors	0	3k_main_unit_iron_full	2450	cavalry	241	cav_shk	60	0	3k_dlc04_unit_fire_destroyer_of_traitors	0	12	34	3k_main_unit_2h250_spear		5	none	3k_dlc04_unit_fire_destroyer_of_traitors	3k_cavalry_elite	3k_dlc04_unit_fire_destroyer_of_traitors	false	elite	A_blank_record	true	50.0000	1000.0000	0.0000	3k_hide_forest	50	50	false	battle_vo_order_destroyer_of_traitors	battle_vo_order_select	battle_vo_order_select	1.0000	10.0000	3k_main_cavalry_heavy	0	0	0	0	0	0	0	3k_main_cavalry_shock	false	false	0	0	random	true	
3k_dlc04_unit_fire_imperial_lancer_cavalry	0	3k_main_unit_iron_full	2450	cavalry	424	cav_shk	106	0	3k_dlc04_unit_fire_imperial_lancer_cavalry	0	48	54	3k_main_unit_2h250_spear		5	none	3k_dlc04_unit_fire_imperial_lancer_cavalry	3k_cavalry_elite	3k_dlc04_unit_fire_imperial_lancer_cavalry	false	elite	A_blank_record	true	50.0000	1000.0000	0.0000	3k_hide_forest_mighty_knockback	50	50	false	battle_vo_order_cavalry	battle_vo_order_select	battle_vo_order_select	1.0000	10.0000	3k_main_cavalry_heavy	0	0	0	0	0	0	0	3k_main_cavalry_shock	false	false	0	0	random	true	
3k_dlc04_unit_fire_mounted_lancer_defectors	0	3k_main_unit_leather_partial	2450	cavalry	225	cav_shk	46	0	3k_dlc04_unit_fire_mounted_lancer_defectors	0	8	30	3k_main_unit_2h250_polearm_ji_militia		5	none	3k_dlc04_unit_fire_mounted_lancer_defectors	3k_cavalry_militia	3k_dlc04_unit_fire_mounted_lancer_defectors	false	poorly_trained	A_blank_record	true	50.0000	1000.0000	0.0000	3k_hide_forest	50	50	false	battle_vo_order_cavalry	battle_vo_order_select	battle_vo_order_select	1.0000	10.0000	3k_main_cavalry_light	0	0	0	0	0	0	0	3k_main_cavalry_shock	false	false	0	0	random	true	
3k_dlc04_unit_fire_righteous_vanguards	0	3k_main_unit_iron_lamellar	2450	cavalry	232	cav_shk	58	0	3k_dlc04_unit_fire_righteous_vanguards	0	30	49	3k_main_unit_1h175_spear		5	3k_main_unit_cavalry_side	3k_dlc04_unit_fire_righteous_vanguards	3k_cavalry_militia	3k_dlc04_unit_fire_righteous_vanguards	false	well_trained	A_blank_record	true	50.0000	1000.0000	0.0000	3k_hide_forest	50	50	false	battle_vo_order_righteous_vanguards	battle_vo_order_select	battle_vo_order_select	1.0000	10.0000	3k_main_cavalry_heavy	0	0	0	0	0	0	0	3k_main_cavalry_shock	false	false	0	0	random	true	
3k_dlc04_unit_fire_tyrant_slayers	0	3k_main_unit_leather_heavy	2450	cavalry	311	cav_shk	78	0	3k_dlc04_unit_fire_tyrant_slayers	0	32	34	3k_main_unit_2h250_polearm_ji		5	none	3k_dlc04_unit_fire_tyrant_slayers	3k_cavalry_elite	3k_dlc04_unit_fire_tyrant_slayers	false	elite	A_blank_record	true	50.0000	1000.0000	0.0000	3k_hide_forest_scare_immune_disciplined	50	50	false	battle_vo_order_tyrant_slayers	battle_vo_order_select	battle_vo_order_select	1.0000	10.0000	3k_main_cavalry_medium	0	0	0	0	0	0	0	3k_main_cavalry_shock	false	false	0	0	random	true	
3k_dlc04_unit_metal_bringers_of_peace	0	3k_main_unit_iron_partial	1950	inf_melee	128	inf_mel	118	0	3k_dlc04_unit_metal_bringers_of_peace	0	37	44	3k_main_unit_dw095_axe		5	none	3k_dlc04_unit_metal_bringers_of_peace	3k_infantry_default	3k_dlc04_unit_metal_bringers_of_peace	false	well_trained	A_blank_record	true	50.0000	800.0000	0.0000	3k_hide_forest_unbreakable	50	50	false	battle_vo_order_bringers_of_peace	battle_vo_order_select	battle_vo_order_select	1.0000	10.0000	3k_main_infantry_medium	0	0	0	0	0	0	0	3k_main_infantry_melee	false	false	-25	0	random	true	
3k_dlc04_unit_metal_chosen_of_the_eight_immortals	0	3k_main_unit_leather_reinforced	1950	inf_melee	147	inf_mel	147	0	3k_dlc04_unit_metal_chosen_of_the_eight_immortals	0	60	54	3k_dlc04_unit_dw095_short_ji		5	none	3k_dlc04_unit_metal_chosen_of_the_eight_immortals	3k_infantry_elite	3k_dlc04_unit_metal_chosen_of_the_eight_immortals	false	elite	A_blank_record	true	50.0000	800.0000	0.0000	3k_hide_forest	50	50	false	battle_vo_order_chosen_of_the_eight_immortals	battle_vo_order_select	battle_vo_order_select	1.0000	10.0000	3k_main_infantry_medium	0	0	0	0	0	0	0	3k_main_infantry_melee	false	false	40	0	random	true	
3k_dlc04_unit_metal_exemplars_of_the_tao	0	3k_main_unit_iron_partial	1950	inf_melee	98	inf_mel	98	0	3k_dlc04_unit_metal_exemplars_of_the_tao	0	33	44	3k_ytr_unit_1h095_mace		10	3k_main_unit_infantry_gourd	3k_dlc04_unit_metal_exemplars_of_the_tao	3k_infantry_default	3k_dlc04_unit_metal_exemplars_of_the_tao	false	well_trained	A_blank_record	true	50.0000	800.0000	0.0000	3k_hide_forest	50	50	false	battle_vo_order_exemplars_of_the_tao	battle_vo_order_select	battle_vo_order_select	1.0000	10.0000	3k_main_infantry_medium	0	0	0	0	0	0	0	3k_main_infantry_melee	false	false	10	0	random	true	
3k_dlc04_unit_metal_huanglao_s_paragons	0	3k_main_unit_iron_partial	1950	inf_melee	78	inf_mel	78	0	3k_dlc04_unit_metal_huanglao_s_paragons	0	30	40	3k_ytr_unit_dw095_sword_single_edge_elite		5	none	3k_dlc04_unit_metal_huanglao_s_paragons	3k_infantry_elite	3k_dlc04_unit_metal_huanglao_s_paragons	false	well_trained	A_blank_record	true	50.0000	800.0000	0.0000	3k_hide_forest	50	50	false	battle_vo_order_huanglaos_paragons	battle_vo_order_select	battle_vo_order_select	1.0000	10.0000	3k_main_infantry_medium	0	0	0	0	0	0	0	3k_main_infantry_melee	false	false	-10	0	random	true	
3k_dlc04_unit_metal_imperial_guard_captain	0	3k_main_unit_iron_full	1950	inf_melee	214	inf_mel	204	0	3k_dlc04_unit_metal_imperial_guard_captain	0	55	54	3k_main_unit_1h095_sword_double_edge		10	3k_main_unit_infantry_tower	3k_dlc04_unit_metal_imperial_guard_captain	3k_infantry_elite	3k_dlc04_unit_metal_imperial_guard_captain	false	elite	A_blank_record	true	50.0000	800.0000	0.0000	3k_hide_forest	50	50	false	battle_vo_order_imperial	battle_vo_order_select	battle_vo_order_select	1.0000	10.0000	3k_main_infantry_heavy	0	0	0	0	0	0	0	3k_main_infantry_melee	false	false	25	0	front	true	
3k_dlc04_unit_metal_imperial_sword_guard	0	3k_main_unit_iron_full	1950	inf_melee	214	inf_mel	204	0	3k_dlc04_unit_metal_imperial_sword_guard	0	55	54	3k_main_unit_1h095_sword_double_edge		10	3k_main_unit_infantry_tower	3k_dlc04_unit_metal_imperial_sword_guard	3k_infantry_elite	3k_dlc04_unit_metal_imperial_sword_guard	false	elite	A_blank_record	true	50.0000	800.0000	0.0000	3k_hide_forest	50	50	false	battle_vo_order_imperial	battle_vo_order_select	battle_vo_order_select	1.0000	10.0000	3k_main_infantry_heavy	0	0	0	0	0	0	0	3k_main_infantry_melee	false	false	25	0	front	true	
3k_dlc04_unit_metal_peasant_volunteers	0	3k_main_unit_tunic	1950	inf_melee	70	inf_mel	70	0	3k_dlc04_unit_metal_peasant_volunteers	0	13	24	3k_main_unit_2h175_rake		10	none	3k_dlc04_unit_metal_peasant_volunteers	3k_infantry_militia	3k_dlc04_unit_metal_peasant_volunteers	false	rabble	A_blank_record	true	50.0000	800.0000	0.0000	3k_hide_forest	50	50	false	battle_vo_order_peasants	battle_vo_order_select	battle_vo_order_select	1.0000	10.0000	3k_main_infantry_light	0	0	0	0	0	0	0	3k_main_infantry_melee	false	false	0	0	random	true	
3k_dlc04_unit_metal_qiang_warriors	0	3k_main_unit_leather_reinforced	1950	inf_melee	149	inf_mel	89	0	3k_dlc04_unit_metal_qiang_warriors	0	19	29	3k_dlc04_unit_dw095_axe_mace_basic		10	none	3k_dlc04_unit_metal_qiang_warriors	3k_infantry_militia	3k_dlc04_unit_metal_qiang_warriors	false	trained	A_blank_record	true	50.0000	800.0000	0.0000	3k_hide_forest_causes_fear	50	50	false	battle_vo_order_axes	battle_vo_order_select	battle_vo_order_select	1.0000	10.0000	3k_main_infantry_medium	0	0	0	0	0	0	0	3k_main_infantry_melee	false	false	0	0	random	true	
3k_dlc04_unit_metal_redeemed_outlaws	0	3k_main_unit_leather_partial	1950	inf_melee	99	inf_mel	79	0	3k_dlc04_unit_metal_redeemed_outlaws	0	30	39	3k_main_unit_1h095_sword_single_edge		10	3k_main_unit_infantry_rattan	3k_dlc04_unit_metal_redeemed_outlaws	3k_infantry_militia	3k_dlc04_unit_metal_redeemed_outlaws	false	poorly_trained	A_blank_record	true	50.0000	800.0000	0.0000	3k_hide_forest_ignore_terrain_guerilla_deploy	50	50	false	battle_vo_order_swordsmen	battle_vo_order_select	battle_vo_order_select	1.0000	10.0000	3k_main_infantry_light	0	0	0	0	0	0	0	3k_main_infantry_melee	false	false	0	0	random	true	
3k_dlc04_unit_metal_sabre_defectors	0	3k_main_unit_leather_partial	1950	inf_melee	120	inf_mel	79	0	3k_dlc04_unit_metal_sabre_defectors	0	32	30	3k_main_unit_1h095_sword_single_edge_militia		10	3k_main_unit_infantry_rattan	3k_dlc04_unit_metal_sabre_defectors	3k_infantry_militia	3k_dlc04_unit_metal_sabre_defectors	false	poorly_trained	A_blank_record	true	50.0000	800.0000	0.0000	3k_hide_forest	50	50	false	battle_vo_order_swordsmen	battle_vo_order_select	battle_vo_order_select	1.0000	10.0000	3k_main_infantry_light	0	0	0	0	0	0	0	3k_main_infantry_melee	false	false	0	0	random	true	
3k_dlc04_unit_water_archer_defectors	0	3k_main_unit_tunic	1950	inf_ranged	36	inf_mis	56	0	3k_dlc04_unit_water_archer_defectors	0	11	23	3k_main_unit_1h095_sword_single_edge_weak	3k_main_unit_bow_wooden_composite	10	none	3k_dlc04_unit_water_archer_defectors	3k_infantry_militia	3k_dlc04_unit_water_archer_defectors	false	poorly_trained	A_blank_record	true	50.0000	800.0000	0.0000	3k_hide_forest	50	50	false	battle_vo_order_archers	battle_vo_order_select	battle_vo_order_select	1.0000	10.0000	3k_main_infantry_light	0	26	0	0	0	0	0	3k_main_infantry_ranged	true	false	0	0	random	false	
3k_dlc04_unit_water_archer_gang	0	3k_main_unit_leather_partial	1950	inf_ranged	36	inf_mis	56	0	3k_dlc04_unit_water_archer_gang	0	11	23	3k_main_unit_1h095_sword_single_edge_weak	3k_main_unit_bow_wooden_composite	10	none	3k_dlc04_unit_water_archer_gang	3k_infantry_militia	3k_dlc04_unit_water_archer_gang	false	poorly_trained	A_blank_record	true	50.0000	800.0000	0.0000	3k_hide_forest	50	50	false	battle_vo_order_archers	battle_vo_order_select	battle_vo_order_select	1.0000	10.0000	3k_main_infantry_light	0	26	0	0	0	0	0	3k_main_infantry_ranged	true	false	0	0	random	false	
3k_dlc04_unit_water_chen_royal_guard	0	3k_main_unit_iron_full	1950	inf_ranged	15	inf_mis	75	0	3k_dlc04_unit_water_chen_royal_guard	0	12	43	3k_main_unit_1h175_spear	3k_main_unit_crossbow	10	3k_main_unit_infantry_large	3k_dlc04_unit_water_chen_royal_guard	3k_infantry_elite	3k_dlc04_unit_water_chen_royal_guard	false	trained	A_blank_record	true	50.0000	800.0000	0.0000	3k_hide_forest	50	50	false	battle_vo_order_chen_royal_guard	battle_vo_order_select	battle_vo_order_select	1.0000	10.0000	3k_main_infantry_heavy	0	17	0	0	0	0	0	3k_main_infantry_ranged	true	false	0	0	random	false	
3k_dlc04_unit_water_imperial_palace_cavalry	0	3k_main_unit_iron_full	2450	cavalry	140	cav_mis	40	0	3k_dlc04_unit_water_imperial_palace_cavalry	0	48	43	3k_main_unit_1h095_sword_single_edge	3k_main_unit_crossbow	5	none	3k_dlc04_unit_water_imperial_palace_cavalry	3k_cavalry_elite	3k_dlc04_unit_water_imperial_palace_cavalry	false	elite	A_blank_record	true	50.0000	1000.0000	0.0000	3k_hide_forest	50	50	false	battle_vo_order_cavalry	battle_vo_order_select	battle_vo_order_select	1.0000	10.0000	3k_main_cavalry_heavy	0	46	0	0	0	0	0	3k_main_cavalry_ranged	true	false	0	40	random	false	
3k_dlc04_unit_water_imperial_palace_crossbowmen	0	3k_main_unit_iron_full	1950	inf_ranged	100	inf_mis	180	0	3k_dlc04_unit_water_imperial_palace_crossbowmen	0	48	43	3k_main_unit_1h095_sword_single_edge	3k_main_unit_crossbow_elite	10	none	3k_dlc04_unit_water_imperial_palace_crossbowmen	3k_infantry_elite	3k_dlc04_unit_water_imperial_palace_crossbowmen	false	elite	A_blank_record	true	50.0000	800.0000	0.0000	3k_hide_forest	50	50	false	battle_vo_order_crossbows	battle_vo_order_select	battle_vo_order_select	1.0000	10.0000	3k_main_infantry_heavy	0	32	0	0	0	0	0	3k_main_infantry_ranged	true	false	0	25	random	false	
3k_dlc04_unit_water_multiple_bolt_crossbow	0	3k_main_unit_tunic	1900	artillery	12	art_siege	12	0	3k_dlc04_unit_water_multiple_bolt_crossbow	0	5	18	3k_main_unit_1h095_sword_single_edge_weak	3k_dlc04_unit_bolt_water_crossbow_multi	10	none	3k_dlc04_unit_water_multiple_bolt_crossbow	3k_catapult	3k_dlc04_unit_water_multiple_bolt_crossbow	false	rabble	A_blank_record	true	50.0000	500.0000	0.0000	3k_hide_forest	50	50	false	battle_vo_order_crossbows	battle_vo_order_select	battle_vo_order_select	1.0000	10.0000	3k_main_infantry_light	0	10	0	0	0	0	0	3k_main_artillery	false	false	0	0	random	false	
3k_dlc04_unit_water_multiple_bolt_crossbow_bastion	0	3k_main_unit_tunic	1500	artillery	70	art_siege	70	0	3k_dlc04_unit_water_multiple_bolt_crossbow	0	13	23	3k_main_unit_1h095_sword_single_edge_weak	3k_dlc04_unit_bolt_water_crossbow_multi_bastion	1	none	3k_dlc04_unit_water_multiple_bolt_crossbow	3k_catapult	3k_dlc04_unit_water_multiple_bolt_crossbow	false	rabble	A_blank_record	true	50.0000	800.0000	0.0000	3k_hide_forest	50	50	false	battle_vo_order_crossbows	battle_vo_order_select	battle_vo_order_select	1.0000	10.0000	3k_main_infantry_light	0	13	0	0	0	0	0	3k_main_artillery	false	false	0	0	random	false	
3k_dlc04_unit_water_poachers	0	3k_main_unit_tunic	1950	inf_ranged	32	inf_mis	32	0	3k_dlc04_unit_water_poachers	0	7	21	3k_dlc04_unit_2h175_spear_bamboo_weak	3k_main_unit_bow_wooden_composite	10	none	3k_dlc04_unit_water_poachers	3k_infantry_militia	3k_dlc04_unit_water_poachers	false	rabble	A_blank_record	true	50.0000	800.0000	0.0000	3k_hide_forest_ignore_terrain_guerilla_deploy	50	50	false	battle_vo_order_poachers	battle_vo_order_archers	battle_vo_order_select	1.0000	10.0000	3k_main_infantry_light	0	19	0	0	0	0	0	3k_main_infantry_ranged	true	false	0	0	random	false	
3k_dlc04_unit_water_qiang_archers	0	3k_main_unit_leather_partial	1950	inf_ranged	56	inf_mis	56	0	3k_dlc04_unit_water_qiang_archers	0	11	23	3k_main_unit_1h095_sword_single_edge_weak	3k_main_unit_bow_wooden_composite	10	none	3k_dlc04_unit_water_qiang_archers	3k_infantry_militia	3k_dlc04_unit_water_qiang_archers	false	poorly_trained	A_blank_record	true	50.0000	800.0000	0.0000	3k_hide_forest	50	50	false	battle_vo_order_archers	battle_vo_order_select	battle_vo_order_select	1.0000	10.0000	3k_main_infantry_light	0	29	0	0	0	0	0	3k_main_infantry_ranged	true	false	0	25	random	false	
3k_dlc04_unit_water_territorial_archer	0	3k_main_unit_leather_partial	1950	inf_ranged	21	inf_mis	56	0	3k_dlc04_unit_water_territorial_archer	0	11	23	3k_main_unit_1h095_sword_single_edge_weak	3k_main_unit_bow_wooden_composite	10	none	3k_dlc04_unit_water_territorial_archer	3k_infantry_militia	3k_dlc04_unit_water_territorial_archer	false	poorly_trained	A_blank_record	true	50.0000	800.0000	0.0000	3k_hide_forest	50	50	false	battle_vo_order_archers	battle_vo_order_select	battle_vo_order_select	1.0000	10.0000	3k_main_infantry_light	0	31	0	0	0	0	0	3k_main_infantry_ranged	true	false	0	0	random	false	
3k_dlc04_unit_water_the_lands_chosen	0	3k_main_unit_leather_reinforced	1950	inf_ranged	35	inf_mis	75	0	3k_dlc04_unit_water_the_land_s_chosen	0	12	23	3k_main_unit_1h095_sword_single_edge	3k_ytr_unit_bow_wooden_laminated	10	none	3k_dlc04_unit_water_the_land_s_chosen	3k_infantry_elite	3k_dlc04_unit_water_the_land_s_chosen	false	well_trained	A_blank_record	true	50.0000	800.0000	0.0000	3k_hide_forest	50	50	false	battle_vo_order_the_lands_chosen	battle_vo_order_archers	battle_vo_order_select	1.0000	10.0000	3k_main_infantry_medium	0	33	0	0	0	0	0	3k_main_infantry_ranged	true	false	0	-10	random	false	
3k_dlc04_unit_water_yaoguai_hunters	0	3k_main_unit_leather_partial	1950	inf_ranged	15	inf_mis	75	0	3k_dlc04_unit_water_yaoguai_hunters	0	2	18	3k_ytr_unit_1h095_club	3k_dlc04_unit_bow_wooden_composite_poison	10	none	3k_dlc04_unit_water_yaoguai_hunters	3k_infantry_default	3k_dlc04_unit_water_yaoguai_hunters	false	well_trained	A_blank_record	true	50.0000	800.0000	0.0000	3k_hide_forest_stalk_snipe_causes_fear_guerilla_deploy	800	800	false	battle_vo_order_yaoguai_hunters	battle_vo_order_select	battle_vo_order_select	1.0000	10.0000	3k_dlc04_unit_water_yaoguai_hunters	0	30	0	0	0	0	0	3k_main_infantry_ranged	true	false	0	0	random	false	
3k_dlc04_unit_wood_ascetics_of_the_way	0	3k_main_unit_tunic	1950	inf_melee	80	inf_pik	100	0	3k_dlc04_unit_wood_ascetics_of_the_way	0	56	30	3k_ytr_unit_2h175_staff		10	none	3k_dlc04_unit_wood_ascetics_of_the_way	3k_infantry_default	3k_dlc04_unit_wood_ascetics_of_the_way	false	trained	A_blank_record	true	50.0000	800.0000	0.0000	3k_hide_forest_charge_reflector_vs_large_encourage	50	50	false	battle_vo_order_spearmen	battle_vo_order_select	battle_vo_order_select	1.0000	10.0000	3k_main_infantry_light	0	0	0	0	0	0	0	3k_main_infantry_spear	false	false	0	0	random	true	
3k_dlc04_unit_wood_defenders_of_the_empire	0	3k_main_unit_iron_full	1950	inf_melee	59	inf_pik	119	0	3k_dlc04_unit_wood_defenders_of_the_empire	0	21	32	3k_main_unit_1h175_spear		10	3k_main_unit_infantry_large	3k_dlc04_unit_wood_defenders_of_the_empire	3k_infantry_elite	3k_dlc04_unit_wood_defenders_of_the_empire	false	elite	A_blank_record	true	50.0000	800.0000	0.0000	3k_hide_forest_charge_reflector_vs_large_unbreakable	50	50	false	battle_vo_order_defenders_of_the_empire	battle_vo_order_select	battle_vo_order_select	1.0000	10.0000	3k_main_infantry_heavy	0	0	0	0	0	0	0	3k_main_infantry_spear	false	false	0	0	front	true	
3k_dlc04_unit_wood_fervent_defenders	0	3k_main_unit_leather_reinforced	1950	inf_melee	60	inf_pik	100	0	3k_dlc04_unit_wood_fervent_defenders	0	16	30	3k_main_unit_2h250_polearm_ji		10	none	3k_dlc04_unit_wood_fervent_defenders	3k_infantry_default	3k_dlc04_unit_wood_fervent_defenders	false	trained	A_blank_record	true	50.0000	800.0000	0.0000	3k_hide_forest_charge_reflector_vs_large	50	50	false	battle_vo_order_spearmen	battle_vo_order_select	battle_vo_order_select	1.0000	10.0000	3k_main_infantry_medium	0	0	0	0	0	0	0	3k_main_infantry_pike	false	false	0	0	random	true	
3k_dlc04_unit_wood_gallants_of_the_people	0	3k_main_unit_iron_lamellar	1950	inf_melee	79	inf_pik	119	0	3k_dlc04_unit_wood_gallants_of_the_people	0	21	62	3k_main_unit_1h175_spear		10	3k_main_unit_infantry_gourd	3k_dlc04_unit_wood_gallants_of_the_people	3k_infantry_elite	3k_dlc04_unit_wood_gallants_of_the_people	false	elite	A_blank_record	true	50.0000	800.0000	0.0000	3k_hide_forest_charge_reflector_vs_large_encourage	50	50	false	battle_vo_order_gallants_of_the_people	battle_vo_order_select	battle_vo_order_select	1.0000	10.0000	3k_main_infantry_heavy	0	0	0	0	0	0	0	3k_main_infantry_spear	false	false	0	0	random	true	
3k_dlc04_unit_wood_imperial_gate_guards	0	3k_main_unit_iron_full	1950	inf_melee	175	inf_pik	215	0	3k_dlc04_unit_wood_imperial_gate_guards	0	64	54	3k_main_unit_2h175_polearm_gouliandao		10	3k_main_hero_none_default	3k_dlc04_unit_wood_imperial_gate_guards	3k_infantry_elite	3k_dlc04_unit_wood_imperial_gate_guards	false	elite	A_blank_record	true	50.0000	800.0000	0.0000	3k_hide_forest_charge_reflector_vs_large	50	50	false	battle_vo_order_spearmen	battle_vo_order_select	battle_vo_order_select	1.0000	10.0000	3k_main_infantry_heavy	0	0	0	0	0	0	0	3k_main_infantry_pike	false	false	0	0	random	true	
3k_dlc04_unit_wood_ji_defectors	0	3k_main_unit_leather_partial	1950	inf_melee	51	inf_pik	91	0	3k_dlc04_unit_wood_ji_defectors	0	6	20	3k_main_unit_2h250_polearm_ji_militia		10	none	3k_dlc04_unit_wood_ji_defectors	3k_infantry_militia	3k_dlc04_unit_wood_ji_defectors	false	poorly_trained	A_blank_record	true	50.0000	800.0000	0.0000	3k_hide_forest_charge_reflector_vs_large	50	50	false	battle_vo_order_spearmen	battle_vo_order_select	battle_vo_order_select	1.0000	10.0000	3k_main_infantry_light	0	0	0	0	0	0	0	3k_main_infantry_pike	false	false	0	0	random	true	
3k_dlc04_unit_wood_qiang_polearms	0	3k_main_unit_leather_partial	1950	inf_melee	81	inf_pik	91	0	3k_dlc04_unit_wood_qiang_polearms	0	6	22	3k_main_unit_2h250_spear		10	none	3k_dlc04_unit_wood_qiang_polearms	3k_infantry_militia	3k_dlc04_unit_wood_qiang_polearms	false	poorly_trained	A_blank_record	true	50.0000	800.0000	0.0000	3k_hide_forest_charge_reflector_vs_large	50	50	false	battle_vo_order_spearmen	battle_vo_order_select	battle_vo_order_select	1.0000	10.0000	3k_main_infantry_light	0	0	0	0	0	0	0	3k_main_infantry_spear	false	false	0	0	random	true	
3k_dlc04_unit_wood_spearmen_gang	0	3k_main_unit_leather_partial	1950	inf_melee	41	inf_pik	91	0	3k_dlc04_unit_wood_spearmen_gang	0	14	32	3k_dlc04_unit_1h175_spear_bamboo		10	3k_main_unit_infantry_rattan	3k_dlc04_unit_wood_spearmen_gang	3k_infantry_militia	3k_dlc04_unit_wood_spearmen_gang	false	poorly_trained	A_blank_record	true	50.0000	800.0000	0.0000	3k_hide_forest_charge_reflector_vs_large	50	50	false	battle_vo_order_spearmen	battle_vo_order_select	battle_vo_order_select	1.0000	10.0000	3k_main_infantry_light	0	0	0	0	0	0	0	3k_main_infantry_spear	false	false	0	0	random	true	
3k_dlc04_unit_wood_stalwart_shields	0	3k_main_unit_leather_reinforced	1950	inf_melee	10	inf_pik	20	0	3k_dlc04_unit_wood_stalwart_shields	0	16	47	3k_main_unit_1h175_spear		10	3k_dlc04_unit_infantry_tower_spec	3k_dlc04_unit_wood_stalwart_shields	3k_infantry_elite	3k_dlc04_unit_wood_stalwart_shields	false	trained	A_blank_record	true	50.0000	800.0000	0.0000	3k_hide_forest_charge_reflector_vs_large	50	50	false	battle_vo_order_spearmen	battle_vo_order_select	battle_vo_order_select	1.0000	10.0000	3k_main_infantry_heavy	0	0	0	0	0	0	0	3k_main_infantry_spear	false	false	0	0	front	true	
3k_dlc04_unit_wood_territorial_spearmen	0	3k_main_unit_leather_partial	1950	inf_melee	41	inf_pik	91	0	3k_dlc04_unit_wood_territorial_spearmen	0	6	20	3k_dlc04_unit_2h175_spear_bamboo		10	none	3k_dlc04_unit_wood_territorial_spearmen	3k_infantry_militia	3k_dlc04_unit_wood_territorial_spearmen	false	poorly_trained	A_blank_record	true	50.0000	800.0000	0.0000	3k_hide_forest_charge_reflector_vs_large	50	50	false	battle_vo_order_spearmen	battle_vo_order_select	battle_vo_order_select	1.0000	10.0000	3k_main_infantry_light	0	0	0	0	0	0	0	3k_main_infantry_spear	false	false	0	0	random	true	
3k_dlc04_unit_wood_zealots_of_the_way	0	3k_main_unit_leather_partial	1950	inf_melee	119	inf_pik	119	0	3k_dlc04_unit_wood_zealots_of_the_way	0	38	35	3k_main_unit_2h175_polearm_gouliandao		10	3k_main_hero_none_default	3k_dlc04_unit_wood_zealots_of_the_way	3k_infantry_elite	3k_dlc04_unit_wood_zealots_of_the_way	false	elite	A_blank_record	true	50.0000	800.0000	0.0000	3k_hide_forest_charge_reflector_vs_large	50	50	false	battle_vo_order_zealots_of_the_way	battle_vo_order_select	battle_vo_order_select	1.0000	10.0000	3k_main_infantry_medium	0	0	0	0	0	0	0	3k_main_infantry_pike	false	false	0	0	front	true	
3k_dlc05_general_earth_da_qiao	0	3k_dlc05_hero_da_qiao_unique	2450	cavalry	154	com	39	0	none	0	0	40	3k_main_general_1h095_sword_double_edge_unique		5	none	none	3k_cavalry_elite	none	false	elite	A_blank_record	false	60.0000	300.0000	0.0000	3k_hide_forest	50	50	false	battle_vo_order_hero_select	battle_vo_order_select	battle_vo_order_select	1.0000	10.0000	3k_main_cavalry_light	0	0	0	0	0	0	0	3k_main_general_commander	false	false	0	0	front	true	
3k_dlc05_general_fire_gao_shun	0	3k_dlc05_hero_gao_shun_unique	2450	cavalry	40	com	40	0	none	0	40	40	3k_main_general_1h095_sword_double_edge_unique		5	none	none	3k_cavalry_elite	none	false	elite	A_blank_record	true	60.0000	300.0000	0.0000	3k_hide_forest	50	50	false	battle_vo_order_hero_select	battle_vo_order_select	battle_vo_order_select	1.0000	10.0000	3k_main_cavalry_heavy	0	0	0	0	0	0	0	3k_main_general_vanguard	false	false	0	0	front	true	
3k_dlc05_general_fire_zhou_tai	0	3k_dlc05_hero_zhou_tai_unique	2450	cavalry	241	com	60	0	none	0	0	40	3k_main_general_2h175_spear_common		5	none	none	3k_cavalry_elite	none	false	elite	A_blank_record	true	60.0000	300.0000	0.0000	3k_hide_forest	50	50	false	battle_vo_order_hero_select	battle_vo_order_select	battle_vo_order_select	1.0000	10.0000	3k_main_cavalry_heavy	0	0	0	0	0	0	0	3k_main_general_vanguard	false	false	0	0	front	true	
3k_dlc05_general_metal_cheng_pu	0	3k_dlc05_hero_cheng_pu_unique	2450	cavalry	150	com	38	0	none	0	0	40	3k_main_general_2h175_spear_common		5	none	none	3k_cavalry_elite	none	false	elite	A_blank_record	true	60.0000	300.0000	0.0000	3k_hide_forest	50	50	false	battle_vo_order_hero_select	battle_vo_order_select	battle_vo_order_select	1.0000	10.0000	3k_main_cavalry_medium	0	0	0	0	0	0	0	3k_main_hero_sentinel	false	false	0	0	front	true	
3k_dlc05_general_metal_white_tiger_yan	0	3k_dlc05_hero_white_tiger_yan_unique	2450	cavalry	107	com	27	0	none	0	0	34	3k_main_general_1h095_sword_double_edge_unique		5	none	none	3k_cavalry_elite	none	false	elite	A_blank_record	true	50.0000	1000.0000	0.0000	3k_hide_forest	50	50	false	battle_vo_order_hero_select	battle_vo_order_select	battle_vo_order_select	1.0000	10.0000	3k_main_cavalry_medium	0	10	0	0	0	0	0	3k_main_general_sentinel	false	false	0	0	front	true	
3k_dlc05_general_water_chen_gong	0	3k_dlc05_hero_chen_gong_unique	2450	cavalry	34	com	0	0	none	0	0	40	3k_main_general_1h095_sword_double_edge_unique		5	none	none	3k_cavalry_elite	none	false	elite	A_blank_record	true	60.0000	300.0000	0.0000	3k_hide_forest	50	50	false	battle_vo_order_hero_select	battle_vo_order_select	battle_vo_order_select	1.0000	10.0000	3k_main_cavalry_light	0	0	0	0	0	0	0	3k_main_hero_strategist	false	false	0	0	front	true	
3k_dlc05_general_water_xiao_qiao	0	3k_dlc05_hero_xiao_qiao_unique	2450	cavalry	34	com	0	0	none	0	0	40	3k_main_general_1h095_sword_double_edge_unique		5	none	none	3k_cavalry_elite	none	false	elite	A_blank_record	true	60.0000	300.0000	0.0000	3k_hide_forest	50	50	false	battle_vo_order_hero_select	battle_vo_order_select	battle_vo_order_select	1.0000	10.0000	3k_main_cavalry_light	0	0	0	0	0	0	0	3k_main_hero_strategist	false	false	0	0	front	true	
3k_dlc05_general_water_zhang_hong	0	3k_dlc05_hero_zhang_hong_unique	2450	cavalry	34	com	0	0	none	0	0	40	3k_main_general_1h095_sword_double_edge_unique		5	none	none	3k_cavalry_elite	none	false	elite	A_blank_record	true	60.0000	300.0000	0.0000	3k_hide_forest	50	50	false	battle_vo_order_hero_select	battle_vo_order_select	battle_vo_order_select	1.0000	10.0000	3k_main_cavalry_light	0	0	0	0	0	0	0	3k_main_hero_strategist	false	false	0	0	front	true	
3k_dlc05_general_water_zhang_zhao	0	3k_dlc05_hero_zhang_zhao_unique	2450	cavalry	34	com	0	0	none	0	0	40	3k_main_general_1h095_sword_double_edge_unique		5	none	none	3k_cavalry_elite	none	false	elite	A_blank_record	true	60.0000	300.0000	0.0000	3k_hide_forest	50	50	false	battle_vo_order_hero_select	battle_vo_order_select	battle_vo_order_select	1.0000	10.0000	3k_main_cavalry_light	0	0	0	0	0	0	0	3k_main_hero_strategist	false	false	0	0	front	true	
3k_dlc05_general_wood_yan_yu	0	3k_dlc05_hero_yan_yu_unique	2450	cavalry	215	com	54	0	none	0	0	60	3k_main_general_2h175_spear_exceptional		5	none	none	3k_cavalry_default	none	false	elite	A_blank_record	true	50.0000	1000.0000	0.0000	3k_hide_forest	50	50	false	battle_vo_order_hero_select	battle_vo_order_select	battle_vo_order_select	1.0000	10.0000	3k_main_cavalry_heavy	0	0	0	0	0	0	0	3k_main_general_champion	false	false	0	0	front	false	
3k_dlc05_hero_earth_da_qiao	0	3k_dlc05_hero_da_qiao_unique	2450	cavalry	154	com	39	0	none	0	0	50	3k_main_hero_1h095_sword_double_edge_unique		1	none	none	3k_hero	none	false	elite	A_blank_record	false	60.0000	300.0000	0.0000	3k_hide_forest	50	50	false	battle_vo_order_hero_select	battle_vo_order_select	battle_vo_order_select	1.0000	25.0000	3k_main_cavalry_light	0	10	0	0	0	0	0	3k_main_hero_commander	false	false	0	0	middle	true	
3k_dlc05_hero_fire_gao_shun	0	3k_dlc05_hero_gao_shun_unique	2450	cavalry	40	com	40	0	none	0	40	40	3k_main_hero_1h095_sword_double_edge_unique		1	none	none	3k_cavalry_elite	none	false	elite	A_blank_record	true	60.0000	300.0000	0.0000	3k_hide_forest	50	50	false	battle_vo_order_hero_select	battle_vo_order_select	battle_vo_order_select	1.0000	25.0000	3k_main_cavalry_heavy	0	10	0	0	0	0	0	3k_main_hero_vanguard	false	false	0	0	front	true	
3k_dlc05_hero_fire_zhou_tai	0	3k_dlc05_hero_zhou_tai_unique	2450	cavalry	241	com	60	0	none	0	0	40	3k_main_general_2h175_spear_common		1	none	none	3k_hero	none	false	elite	A_blank_record	true	60.0000	300.0000	0.0000	3k_hide_forest	50	50	false	battle_vo_order_hero_select	battle_vo_order_select	battle_vo_order_select	1.0000	25.0000	3k_main_cavalry_heavy	0	10	0	0	0	0	0	3k_main_hero_vanguard	false	false	0	0	front	true	
3k_dlc05_hero_metal_cheng_pu	0	3k_dlc05_hero_cheng_pu_unique	2450	cavalry	150	com	38	0	none	0	0	45	3k_main_general_2h175_spear_common		1	none	none	3k_hero	none	false	elite	A_blank_record	true	60.0000	300.0000	0.0000	3k_hide_forest	50	50	false	battle_vo_order_hero_select	battle_vo_order_select	battle_vo_order_select	1.0000	25.0000	3k_main_cavalry_medium	0	10	0	0	0	0	0	3k_main_hero_sentinel	false	false	0	0	front	true	
3k_dlc05_hero_metal_white_tiger_yan	0	3k_dlc05_hero_white_tiger_yan_unique	2450	cavalry	107	com	27	0	none	0	0	45	3k_main_hero_1h095_sword_double_edge_unique		1	none	none	3k_cavalry_elite	none	false	elite	A_blank_record	true	50.0000	1000.0000	0.0000	3k_hide_forest	50	50	false	battle_vo_order_hero_select	battle_vo_order_select	battle_vo_order_select	1.0000	25.0000	3k_main_cavalry_medium	0	10	0	0	0	0	0	3k_main_hero_sentinel	false	false	0	0	front	true	
3k_dlc05_hero_water_chen_gong	0	3k_dlc05_hero_chen_gong_unique	2450	cavalry	34	com	9	0	none	0	0	40	3k_main_hero_1h095_sword_double_edge_unique		1	none	none	3k_hero	none	false	elite	A_blank_record	true	60.0000	300.0000	0.0000	3k_hide_forest	50	50	false	battle_vo_order_hero_select	battle_vo_order_select	battle_vo_order_select	1.0000	25.0000	3k_main_cavalry_light	0	10	0	0	0	0	0	3k_main_hero_strategist	true	false	0	0	middle	true	
3k_dlc05_hero_water_xiao_qiao	0	3k_dlc05_hero_xiao_qiao_unique	2450	cavalry	34	com	9	0	none	0	0	40	3k_main_hero_1h095_sword_double_edge_unique		1	none	none	3k_hero	none	false	elite	A_blank_record	true	60.0000	300.0000	0.0000	3k_hide_forest	50	50	false	battle_vo_order_hero_select	battle_vo_order_select	battle_vo_order_select	1.0000	25.0000	3k_main_cavalry_light	0	10	0	0	0	0	0	3k_main_hero_strategist	true	false	0	0	middle	true	
3k_dlc05_hero_water_xu_shu	0	3k_main_unit_leather_heavy	2450	cavalry	100	com	38	0	none	0	0	40	3k_main_hero_1h095_sword_double_edge_unique		1	none	none	3k_hero	none	false	elite	A_blank_record	true	50.0000	1000.0000	0.0000	3k_hide_forest	50	50	false	battle_vo_order_hero_select	battle_vo_order_select	battle_vo_order_select	1.0000	25.0000	3k_main_cavalry_light	0	13	0	0	0	0	0	3k_main_hero_strategist	true	true	0	0	front	true	
3k_dlc05_hero_water_zhang_hong	0	3k_dlc05_hero_zhang_hong_unique	2450	cavalry	34	com	9	0	none	0	0	40	3k_main_hero_1h095_sword_double_edge_unique		1	none	none	3k_hero	none	false	elite	A_blank_record	true	60.0000	300.0000	0.0000	3k_hide_forest	50	50	false	battle_vo_order_hero_select	battle_vo_order_select	battle_vo_order_select	1.0000	25.0000	3k_main_cavalry_light	0	10	0	0	0	0	0	3k_main_hero_strategist	true	false	0	0	middle	true	
3k_dlc05_hero_water_zhang_zhao	0	3k_dlc05_hero_zhang_zhao_unique	2450	cavalry	34	com	9	0	none	0	0	40	3k_main_hero_1h095_sword_double_edge_unique		1	none	none	3k_hero	none	false	elite	A_blank_record	true	60.0000	300.0000	0.0000	3k_hide_forest	50	50	false	battle_vo_order_hero_select	battle_vo_order_select	battle_vo_order_select	1.0000	25.0000	3k_main_cavalry_light	0	10	0	0	0	0	0	3k_main_hero_strategist	true	false	0	0	middle	true	
3k_dlc05_hero_wood_yan_yu	0	3k_dlc05_hero_yan_yu_unique	2450	cavalry	215	com	54	0	none	0	0	60	3k_main_hero_2h175_spear_exceptional		1	none	none	3k_hero	none	false	elite	A_blank_record	true	50.0000	1000.0000	0.0000	3k_hide_forest	50	50	false	battle_vo_order_hero_select	battle_vo_order_select	battle_vo_order_select	1.0000	25.0000	3k_main_cavalry_heavy	0	10	0	0	0	0	0	3k_main_hero_champion	false	false	0	0	front	true	
3k_dlc05_unit_earth_bandit_marauders	0	3k_main_unit_leather_partial	2450	cavalry	106	cav_mel	38	0	3k_dlc05_unit_earth_bandit_marauders	0	12	30	3k_main_unit_dw095_axe		5	3k_main_hero_none_low	3k_dlc05_unit_earth_bandit_marauders	3k_cavalry_militia	3k_dlc05_unit_earth_bandit_marauders	false	mob	A_blank_record	true	50.0000	1000.0000	0.0000	3k_hide_forest_raider	50	50	false	battle_vo_order_cavalry	battle_vo_order_select	battle_vo_order_select	1.0000	10.0000	3k_main_cavalry_light	0	0	0	0	0	50	0	3k_main_cavalry_melee	false	false	-50	0	front	true	
3k_dlc05_unit_earth_handmaid_guard	0	3k_main_unit_leather_heavy	2450	cavalry	159	cav_mel	60	0	3k_dlc05_unit_earth_handmaid_guard	0	30	46	3k_main_unit_1h095_sword_double_edge		5	3k_main_hero_none_low_inaudible	3k_dlc05_unit_earth_handmaid_guard	3k_cavalry_default	3k_dlc05_unit_earth_handmaid_guard	false	well_trained	A_blank_record	false	50.0000	1000.0000	0.0000	3k_hide_forest_encourage	50	50	false	battle_vo_order_cavalry	battle_vo_order_select	battle_vo_order_select	1.0000	10.0000	3k_main_cavalry_medium	0	0	0	0	0	50	0	3k_main_cavalry_melee	false	false	0	0	front	true	
3k_dlc05_unit_fire_bandit_raiders	0	3k_main_unit_leather_partial	2450	cavalry	180	cav_shk	52	0	3k_dlc05_unit_fire_bandit_raiders	0	8	28	3k_main_unit_2h250_spear		5	none	3k_dlc05_unit_fire_bandit_raiders	3k_cavalry_militia	3k_dlc05_unit_fire_bandit_raiders	false	mob	A_blank_record	true	50.0000	1000.0000	0.0000	3k_hide_forest_raider	50	50	false	battle_vo_order_cavalry	battle_vo_order_select	battle_vo_order_select	1.0000	10.0000	3k_main_cavalry_light	0	0	0	0	0	0	0	3k_main_cavalry_shock	false	false	0	0	random	true	
3k_dlc05_unit_fire_formation_breakers	0	3k_main_unit_iron_lamellar	2450	cavalry	226	cav_shk	40	0	3k_dlc05_unit_fire_formation_breakers	0	12	44	3k_main_unit_2h250_polearm_ji		5	none	3k_dlc05_unit_fire_formation_breakers	3k_cavalry_elite	3k_dlc05_unit_fire_formation_breakers	false	elite	A_blank_record	true	60.0000	300.0000	0.0000	3k_hide_forest_causes_fear	50	50	false	battle_vo_order_cavalry	battle_vo_order_select	battle_vo_order_select	1.0000	10.0000	3k_main_cavalry_heavy	0	0	0	0	0	0	0	3k_main_cavalry_shock	false	false	0	0	random	true	
3k_dlc05_unit_metal_bandit_warriors	0	3k_main_unit_leather_partial	1900	inf_melee	65	inf_mel	105	0	3k_dlc05_unit_metal_bandit_warriors	0	14	24	3k_main_unit_dw095_axe		10	none	3k_dlc05_unit_metal_bandit_warriors	3k_infantry_militia	3k_dlc05_unit_metal_bandit_warriors	false	mob	A_blank_record	true	50.0000	800.0000	0.0000	3k_hide_forest_raider	50	50	false	battle_vo_order_axes	battle_vo_order_select	battle_vo_order_select	1.0000	10.0000	3k_main_infantry_light	0	0	0	0	0	0	0	3k_main_infantry_melee	false	false	-50	0	random	true	
3k_dlc05_unit_metal_camp_crushers	0	3k_main_unit_iron_full	1900	inf_melee	162	inf_mel	162	0	3k_dlc05_unit_metal_camp_crushers	0	30	40	3k_dlc05_unit_2h175_sword_double_edge		10	none	3k_dlc05_unit_metal_camp_crushers	3k_infantry_elite	3k_dlc05_unit_metal_camp_crushers	false	elite	A_blank_record	true	60.0000	300.0000	0.0000	3k_hide_forest_disciplined_charge_negate_vs_large_causes_fear	50	50	false	battle_vo_order_swordsmen	battle_vo_order_select	battle_vo_order_select	1.0000	10.0000	3k_main_infantry_heavy	0	0	0	0	0	0	0	3k_main_infantry_melee	false	false	0	0	random	true	
3k_dlc05_unit_metal_white_tiger_warriors	0	3k_main_unit_tunic	1900	inf_melee	124	inf_mel	144	0	3k_dlc05_unit_metal_white_tiger_warriors	0	13	34	3k_dlc05_unit_2h175_axe		10	none	3k_dlc05_unit_metal_white_tiger_warriors	3k_infantry_militia	3k_dlc05_unit_metal_white_tiger_warriors	false	rabble	A_blank_record	true	50.0000	800.0000	0.0000	3k_hide_forest_ignore_terrain_causes_fear_raider_guerilla_deploy	50	50	false	battle_vo_order_axes	battle_vo_order_select	battle_vo_order_select	1.0000	10.0000	3k_main_infantry_light	0	0	0	0	0	0	0	3k_main_infantry_melee	false	false	0	0	random	true	
3k_dlc05_unit_metal_yue_remnant_warriors	0	3k_main_unit_iron_lamellar	1900	inf_melee	105	inf_mel	40	0	3k_dlc05_unit_metal_yue_remnant_warriors	0	22	40	3k_ytr_unit_dw095_sword_single_edge		10	none	3k_dlc05_unit_metal_yue_remnant_warriors	3k_infantry_elite	3k_dlc05_unit_metal_yue_remnant_warriors	false	well_trained	A_blank_record	true	60.0000	800.0000	0.0000	3k_hide_forest_encourage_disciplined	50	50	false	battle_vo_order_swordsmen	battle_vo_order_select	battle_vo_order_select	1.0000	10.0000	3k_main_infantry_heavy	0	0	0	0	0	0	0	3k_main_infantry_melee	false	false	-20	0	random	true	
3k_dlc05_unit_metal_zhanmajian_infantry	0	3k_main_unit_leather_heavy	1900	inf_melee	144	inf_mel	144	0	3k_dlc05_unit_metal_zhanmajian_infantry	0	20	34	3k_dlc05_unit_2h175_sword_double_edge		10	none	3k_dlc05_unit_metal_zhanmajian_infantry	3k_infantry_elite	3k_dlc05_unit_metal_zhanmajian_infantry	false	trained	A_blank_record	true	50.0000	800.0000	0.0000	3k_hide_forest_disciplined_charge_negate_vs_large_causes_fear	50	50	false	battle_vo_order_swordsmen	battle_vo_order_select	battle_vo_order_select	1.0000	10.0000	3k_main_infantry_medium	0	0	0	0	0	0	0	3k_main_infantry_melee	false	false	0	0	random	true	
3k_dlc05_unit_water_bandit_hunters	0	3k_main_unit_leather_partial	1900	inf_ranged	56	inf_mis	12	0	3k_dlc05_unit_water_bandit_hunters	0	11	20	3k_main_general_1h095_axe_1h_common	3k_main_unit_bow_wooden_composite	10	none	3k_dlc05_unit_water_bandit_hunters	3k_infantry_militia	3k_dlc05_unit_water_bandit_hunters	false	mob	A_blank_record	true	50.0000	800.0000	0.0000	3k_hide_forest_raider	50	50	false	battle_vo_order_archers	battle_vo_order_select	battle_vo_order_select	1.0000	10.0000	3k_main_infantry_light	0	22	0	0	0	0	0	3k_main_infantry_ranged	true	false	0	-20	random	false	
3k_dlc05_unit_water_white_tiger_raiders	0	3k_main_unit_tunic	1900	inf_ranged	45	inf_mis	40	0	3k_dlc05_unit_water_white_tiger_raiders	0	22	23	3k_main_unit_1h175_spear	3k_main_unit_bow_wooden_composite	10	3k_main_unit_infantry_rattan	3k_dlc05_unit_water_white_tiger_raiders	3k_infantry_militia	3k_dlc05_unit_water_white_tiger_raiders	false	rabble	A_blank_record	true	60.0000	800.0000	0.0000	3k_hide_forest_ignore_terrain_raider_guerilla_deploy_stalk_snipe	50	50	false	battle_vo_order_archers	battle_vo_order_select	battle_vo_order_select	1.0000	10.0000	3k_main_infantry_light	0	30	0	0	0	0	0	3k_main_infantry_ranged	true	false	0	10	random	false	
3k_dlc05_unit_wood_bandit_gang	0	3k_main_unit_leather_partial	1900	inf_melee	65	inf_spr	31	0	3k_dlc05_unit_wood_bandit_gang	0	6	20	3k_main_unit_1h175_spear		10	3k_main_unit_infantry_oval	3k_dlc05_unit_wood_bandit_gang	3k_infantry_militia	3k_dlc05_unit_wood_bandit_gang	false	mob	A_blank_record	true	50.0000	800.0000	0.0000	3k_hide_forest_charge_reflector_vs_large_raider	50	50	false	battle_vo_order_spearmen	battle_vo_order_select	battle_vo_order_select	1.0000	10.0000	3k_main_infantry_light	0	0	0	0	0	0	0	3k_main_infantry_spear	false	false	0	0	random	true	
3k_dlc05_unit_wood_tiger_guard	0	3k_main_unit_iron_partial	1900	inf_melee	30	inf_spr	0	0	3k_dlc05_unit_wood_tiger_guard	0	35	42	3k_main_unit_1h175_spear		10	3k_main_unit_infantry_large	3k_dlc05_unit_wood_tiger_guard	3k_infantry_elite	3k_dlc05_unit_wood_tiger_guard	false	elite	A_blank_record	true	50.0000	800.0000	0.0000	3k_hide_forest_charge_reflector_vs_large_scare_immune	50	50	false	battle_vo_order_spearmen	battle_vo_order_select	battle_vo_order_select	1.0000	10.0000	3k_main_infantry_medium	0	0	0	0	0	0	0	3k_main_infantry_spear	false	false	0	0	front	true	
3k_dlc05_unit_wood_yue_tribesmen	0	3k_main_unit_iron_partial	1900	inf_melee	100	inf_pik	40	0	3k_dlc05_unit_wood_yue_tribesmen	0	6	34	3k_main_unit_2h250_spear		10	none	3k_dlc05_unit_wood_yue_tribesmen	3k_infantry_default	3k_dlc05_unit_wood_yue_tribesmen	false	poorly_trained	A_blank_record	true	60.0000	800.0000	0.0000	3k_hide_forest_charge_reflector_vs_large_raider	50	50	false	battle_vo_order_spearmen	battle_vo_order_select	battle_vo_order_select	1.0000	10.0000	3k_main_infantry_medium	0	0	0	0	0	0	0	3k_main_infantry_spear	false	false	0	0	random	true	
3k_dlc06_general_fire_zhang_he	0	3k_dlc06_hero_fire_zhang_he_unique	2450	cavalry	154	com	39	0	none	0	0	50	3k_main_general_1h095_sword_double_edge_common		5	none	none	3k_cavalry_elite	none	false	elite	A_blank_record	true	60.0000	1000.0000	0.0000	3k_hide_forest	50	50	false	battle_vo_order_hero_select	battle_vo_order_select	battle_vo_order_select	1.0000	10.0000	3k_main_cavalry_heavy	0	0	0	0	0	0	0	3k_main_general_commander	false	false	0	0	front	false	
3k_dlc06_general_nanman_duosi	0	3k_dlc06_hero_nanman_duosi_unique	2450	cavalry	154	com	39	0	none	0	0	50	3k_main_general_1h095_sword_double_edge_common		5	none	none	3k_cavalry_elite	none	false	elite	A_blank_record	true	60.0000	1000.0000	0.0000	3k_hide_forest	50	50	false	battle_vo_order_hero_select	battle_vo_order_select	battle_vo_order_select	1.0000	10.0000	3k_main_cavalry_medium_nanman	0	0	0	0	0	0	0	3k_main_general_commander	false	false	0	0	front	false	
3k_dlc06_general_nanman_generic	0	3k_main_unit_leather_heavy	2450	cavalry	154	com	39	0	none	0	0	34	3k_main_general_1h095_sword_double_edge_common		5	none	none	3k_cavalry_elite	none	false	elite	A_blank_record	true	60.0000	1000.0000	0.0000	3k_hide_forest	50	50	false	battle_vo_order_hero_select	battle_vo_order_select	battle_vo_order_select	1.0000	10.0000	3k_main_cavalry_medium_nanman	0	0	0	0	0	0	0	3k_main_general_commander	false	false	0	0	front	false	
3k_dlc06_general_nanman_lady_zhurong	0	3k_dlc06_hero_nanman_lady_zhurong_unique	2450	cavalry	154	com	39	0	none	0	0	50	3k_main_general_1h095_sword_double_edge_common		5	none	none	3k_cavalry_elite	none	false	elite	A_blank_record	false	60.0000	1000.0000	0.0000	3k_hide_forest	50	50	false	battle_vo_order_hero_select	battle_vo_order_select	battle_vo_order_select	1.0000	10.0000	3k_main_cavalry_medium_nanman	0	0	0	0	0	0	0	3k_main_general_commander	false	false	0	0	front	false	
3k_dlc06_general_nanman_meng_huo	0	3k_dlc06_hero_nanman_meng_huo_unique	2450	cavalry	154	com	39	0	none	0	0	50	3k_main_general_1h095_sword_double_edge_common		5	none	none	3k_cavalry_elite	none	false	elite	A_blank_record	true	60.0000	1000.0000	0.0000	3k_hide_forest	50	50	false	battle_vo_order_hero_select	battle_vo_order_select	battle_vo_order_select	1.0000	10.0000	3k_main_cavalry_medium_nanman	0	0	0	0	0	0	0	3k_main_general_commander	false	false	0	0	front	false	
3k_dlc06_general_nanman_mulu	0	3k_dlc06_hero_nanman_mulu_unique	2450	cavalry	154	com	39	0	none	0	0	50	3k_main_general_1h095_sword_double_edge_common		5	none	none	3k_cavalry_elite	none	false	elite	A_blank_record	true	60.0000	1000.0000	0.0000	3k_hide_forest	50	50	false	battle_vo_order_hero_select	battle_vo_order_select	battle_vo_order_select	1.0000	10.0000	3k_main_cavalry_medium_nanman	0	0	0	0	0	0	0	3k_main_general_commander	false	false	0	0	front	false	
3k_dlc06_general_nanman_shamoke	0	3k_dlc06_hero_nanman_shamoke_unique	2450	cavalry	154	com	39	0	none	0	0	50	3k_main_general_1h095_sword_double_edge_common		5	none	none	3k_cavalry_elite	none	false	elite	A_blank_record	true	60.0000	1000.0000	0.0000	3k_hide_forest	50	50	false	battle_vo_order_hero_select	battle_vo_order_select	battle_vo_order_select	1.0000	10.0000	3k_main_cavalry_medium_nanman	0	0	0	0	0	0	0	3k_main_general_commander	false	false	0	0	front	false	
3k_dlc06_general_nanman_wutugu	0	3k_dlc06_hero_nanman_wutugu_unique	2450	cavalry	154	com	39	0	none	0	0	50	3k_main_general_1h095_sword_double_edge_common		5	none	none	3k_cavalry_elite	none	false	elite	A_blank_record	true	60.0000	1000.0000	0.0000	3k_hide_forest	50	50	false	battle_vo_order_hero_select	battle_vo_order_select	battle_vo_order_select	1.0000	10.0000	3k_main_cavalry_medium_nanman	0	0	0	0	0	0	0	3k_main_general_commander	false	false	0	0	front	false	
3k_dlc06_general_water_li_ru	0	3k_dlc06_hero_water_li_ru_unique	2450	cavalry	154	com	39	0	none	0	0	50	3k_main_general_1h095_sword_double_edge_common		5	none	none	3k_cavalry_elite	none	false	elite	A_blank_record	true	60.0000	1000.0000	0.0000	3k_hide_forest	50	50	false	battle_vo_order_hero_select	battle_vo_order_select	battle_vo_order_select	1.0000	10.0000	3k_main_cavalry_light	0	0	0	0	0	0	0	3k_main_general_commander	false	false	0	0	front	false	
3k_dlc06_general_water_shi_xie	0	3k_dlc06_hero_water_shi_xie_unique	2450	cavalry	154	com	39	0	none	0	0	50	3k_main_general_1h095_sword_double_edge_common		5	none	none	3k_cavalry_elite	none	false	elite	A_blank_record	true	60.0000	1000.0000	0.0000	3k_hide_forest	50	50	false	battle_vo_order_hero_select	battle_vo_order_select	battle_vo_order_select	1.0000	10.0000	3k_main_cavalry_light	0	0	0	0	0	0	0	3k_main_general_commander	false	false	0	0	front	false	
3k_dlc06_general_water_xun_you	0	3k_dlc06_hero_water_xun_you_unique	2450	cavalry	154	com	39	0	none	0	0	50	3k_main_general_1h095_sword_double_edge_common		5	none	none	3k_cavalry_elite	none	false	elite	A_blank_record	true	60.0000	1000.0000	0.0000	3k_hide_forest	50	50	false	battle_vo_order_hero_select	battle_vo_order_select	battle_vo_order_select	1.0000	10.0000	3k_main_cavalry_light	0	0	0	0	0	0	0	3k_main_general_commander	false	false	0	0	front	false	
3k_dlc06_general_wood_wei_yan	0	3k_dlc06_hero_wood_wei_yan_unique	2450	cavalry	154	com	39	0	none	0	0	50	3k_main_general_1h095_sword_double_edge_common		5	none	none	3k_cavalry_elite	none	false	elite	A_blank_record	true	60.0000	1000.0000	0.0000	3k_hide_forest	50	50	false	battle_vo_order_hero_select	battle_vo_order_select	battle_vo_order_select	1.0000	10.0000	3k_main_cavalry_heavy	0	0	0	0	0	0	0	3k_main_general_commander	false	false	0	0	front	false	
3k_dlc06_hero_fire_zhang_he	0	3k_dlc06_hero_fire_zhang_he_unique	2450	cavalry	154	com	39	0	none	0	0	40	3k_main_hero_1h095_sword_double_edge_unique		1	none	none	3k_hero	none	false	elite	A_blank_record	true	60.0000	1000.0000	0.0000	3k_hide_forest	50	50	false	battle_vo_order_hero_select	battle_vo_order_select	battle_vo_order_select	1.0000	25.0000	3k_main_cavalry_heavy	0	10	0	0	0	0	0	3k_main_hero_vanguard	false	false	0	0	front	true	
3k_dlc06_hero_nanman_duosi	0	3k_dlc06_hero_nanman_duosi_unique	2450	cavalry	154	com	39	0	none	0	0	55	3k_main_hero_1h095_sword_double_edge_unique		1	none	none	3k_hero	none	false	elite	A_blank_record	true	60.0000	1000.0000	0.0000	3k_hide_forest	50	50	false	battle_vo_order_hero_select	battle_vo_order_select	battle_vo_order_select	1.0000	25.0000	3k_main_cavalry_light_nanman	0	10	0	0	0	0	0	3k_main_hero_strategist	false	false	0	0	front	true	
3k_dlc06_hero_nanman_generic	0	3k_main_unit_leather_heavy	2450	cavalry	154	com	39	0	none	0	0	45	3k_main_hero_1h095_sword_double_edge_unique		1	none	none	3k_hero	none	false	elite	A_blank_record	true	60.0000	1000.0000	0.0000	3k_hide_forest	50	50	false	battle_vo_order_hero_select	battle_vo_order_select	battle_vo_order_select	1.0000	10.0000	3k_main_cavalry_light_nanman	0	10	0	0	0	0	0	3k_main_hero_commander	false	false	0	0	front	true	
3k_dlc06_hero_nanman_lady_zhurong	0	3k_dlc06_hero_nanman_lady_zhurong_unique	2450	cavalry	154	com	39	0	none	0	0	55	3k_main_hero_1h095_sword_double_edge_unique		1	none	none	3k_hero	none	false	elite	A_blank_record	false	60.0000	1000.0000	0.0000	3k_hide_forest	50	50	false	battle_vo_order_hero_select	battle_vo_order_select	battle_vo_order_select	1.0000	25.0000	3k_main_cavalry_light_nanman	0	10	0	0	0	0	0	3k_main_hero_vanguard	false	false	0	0	front	true	
3k_dlc06_hero_nanman_meng_huo	0	3k_dlc06_hero_nanman_meng_huo_unique	2450	cavalry	154	com	39	0	none	0	0	55	3k_main_hero_1h095_sword_double_edge_unique		1	none	none	3k_hero	none	false	elite	A_blank_record	true	60.0000	1000.0000	0.0000	3k_hide_forest	50	50	false	battle_vo_order_hero_select	battle_vo_order_select	battle_vo_order_select	1.0000	25.0000	3k_main_cavalry_medium_nanman	0	10	0	0	0	0	0	3k_main_hero_sentinel	false	false	0	0	front	true	
3k_dlc06_hero_nanman_mulu	0	3k_dlc06_hero_nanman_mulu_unique	2450	cavalry	154	com	39	0	none	0	0	55	3k_main_hero_1h095_sword_double_edge_unique		1	none	none	3k_hero	none	false	elite	A_blank_record	true	60.0000	1000.0000	0.0000	3k_hide_forest	50	50	false	battle_vo_order_hero_select	battle_vo_order_select	battle_vo_order_select	1.0000	25.0000	3k_main_cavalry_light_nanman	0	10	0	0	0	0	0	3k_main_hero_sentinel	false	false	0	0	front	true	
3k_dlc06_hero_nanman_shamoke	0	3k_dlc06_hero_nanman_shamoke_unique	2450	cavalry	154	com	39	0	none	0	0	55	3k_main_hero_1h095_sword_double_edge_unique		1	none	none	3k_hero	none	false	elite	A_blank_record	true	60.0000	1000.0000	0.0000	3k_hide_forest	50	50	false	battle_vo_order_hero_select	battle_vo_order_select	battle_vo_order_select	1.0000	25.0000	3k_main_cavalry_medium_nanman	0	10	0	0	0	0	0	3k_main_hero_commander	false	false	0	0	front	true	
3k_dlc06_hero_nanman_wutugu	0	3k_dlc06_hero_nanman_wutugu_unique	2450	cavalry	154	com	39	0	none	0	0	55	3k_main_hero_1h095_sword_double_edge_unique		1	none	none	3k_hero	none	false	elite	A_blank_record	true	60.0000	1000.0000	0.0000	3k_hide_forest	50	50	false	battle_vo_order_hero_select	battle_vo_order_select	battle_vo_order_select	1.0000	25.0000	3k_main_cavalry_medium_nanman	0	10	0	0	0	0	0	3k_main_hero_strategist	false	false	0	0	front	true	
3k_dlc06_hero_water_li_ru	0	3k_dlc06_hero_water_li_ru_unique	2450	cavalry	154	com	39	0	none	0	0	40	3k_main_hero_1h095_sword_double_edge_unique		1	none	none	3k_hero	none	false	elite	A_blank_record	true	60.0000	1000.0000	0.0000	3k_hide_forest	50	50	false	battle_vo_order_hero_select	battle_vo_order_select	battle_vo_order_select	1.0000	25.0000	3k_main_cavalry_light	0	10	0	0	0	0	0	3k_main_hero_strategist	true	true	0	0	front	true	
3k_dlc06_hero_water_shi_xie	0	3k_dlc06_hero_water_shi_xie_unique	2450	cavalry	154	com	39	0	none	0	0	40	3k_main_hero_1h095_sword_double_edge_unique		1	none	none	3k_hero	none	false	elite	A_blank_record	true	60.0000	1000.0000	0.0000	3k_hide_forest	50	50	false	battle_vo_order_hero_select	battle_vo_order_select	battle_vo_order_select	1.0000	25.0000	3k_main_cavalry_light	0	10	0	0	0	0	0	3k_main_hero_strategist	true	true	0	0	front	true	
3k_dlc06_hero_water_xun_you	0	3k_dlc06_hero_water_xun_you_unique	2450	cavalry	154	com	39	0	none	0	0	40	3k_main_hero_1h095_sword_double_edge_unique		1	none	none	3k_hero	none	false	elite	A_blank_record	true	60.0000	1000.0000	0.0000	3k_hide_forest	50	50	false	battle_vo_order_hero_select	battle_vo_order_select	battle_vo_order_select	1.0000	25.0000	3k_main_cavalry_light	0	10	0	0	0	0	0	3k_main_hero_strategist	true	true	0	0	front	true	
3k_dlc06_hero_wood_wei_yan	0	3k_dlc06_hero_wood_wei_yan_unique	2450	cavalry	154	com	39	0	none	0	0	60	3k_main_hero_1h095_sword_double_edge_unique		1	none	none	3k_hero	none	false	elite	A_blank_record	true	60.0000	1000.0000	0.0000	3k_hide_forest	50	50	false	battle_vo_order_hero_select	battle_vo_order_select	battle_vo_order_select	1.0000	25.0000	3k_main_cavalry_heavy	0	10	0	0	0	0	0	3k_main_hero_champion	false	false	0	0	front	true	
3k_dlc06_unit_fire_southern_elephants	0	3k_main_unit_tunic	2450	war_beast	354	elph	0	0	3k_dlc06_unit_fire_southern_elephants	0	9	34	3k_dlc06_unit_elephant_trunk	3k_dlc06_unit_sling	3	none	3k_dlc06_unit_fire_southern_elephants	3k_elephant	3k_dlc06_unit_fire_southern_elephants	false	trained	A_blank_record	true	50.0000	1000.0000	0.0000	3k_hide_forest	50	50	false	battle_vo_order_nanman_southern_elephants	battle_vo_order_nanman_units	battle_vo_order_select	1.0000	10.0000	3k_main_elephant	0	30	0	0	0	0	0	3k_dlc06_elephants	false	false	0	0	random	true	
3k_dlc06_unit_fire_war_elephants	0	3k_main_unit_tunic	2450	war_beast	491	elph	0	0	3k_dlc06_unit_fire_war_elephants	0	12	34	3k_dlc06_unit_elephant_trunk	3k_dlc06_unit_sling	3	none	3k_dlc06_unit_fire_war_elephants	3k_elephant	3k_dlc06_unit_fire_war_elephants	false	elite	A_blank_record	true	50.0000	1000.0000	0.0000	3k_hide_forest_mighty_knockback	50	50	false	battle_vo_order_nanman_war_elephants	battle_vo_order_nanman_units	battle_vo_order_select	1.0000	10.0000	3k_main_elephant	0	30	0	0	0	0	0	3k_dlc06_elephants	false	false	0	-50	random	true	
3k_dlc06_unit_metal_axe_throwers	0	3k_dlc06_unit_rattan_light	1950	inf_melee	98	inf_mel	0	0	3k_dlc06_unit_metal_axe_throwers	0	15	30	3k_dlc06_unit_1h095_flint_axe	3k_dlc06_unit_throwing_axe_precursor	10	3k_main_unit_infantry_rattan	3k_dlc06_unit_metal_axe_throwers	3k_infantry_default	3k_dlc06_unit_metal_axe_throwers	false	well_trained	A_blank_record	true	50.0000	1000.0000	0.0000	3k_hide_forest	50	50	false	battle_vo_order_nanman_axe_throwers	battle_vo_order_nanman_units	battle_vo_order_select	1.0000	10.0000	3k_main_infantry_light_nanman	0	2	-100	0	0	0	0	3k_main_infantry_melee	false	false	0	-15	random	true	
3k_dlc06_unit_metal_followers_of_the_flame	0	3k_main_unit_tunic	1950	inf_melee	70	inf_mel	0	0	3k_dlc06_unit_metal_followers_of_the_flame	0	17	50	3k_dlc06_unit_2h250_mace_burning		8	none	3k_dlc06_unit_metal_followers_of_the_flame	3k_infantry_loose	3k_dlc06_unit_metal_followers_of_the_flame	false	well_trained	A_blank_record	true	50.0000	1000.0000	0.0000	3k_hide_forest	50	50	false	battle_vo_order_followers_of_the_flame	battle_vo_order_nanman_units	battle_vo_order_select	1.0000	10.0000	3k_main_infantry_light_nanman	0	0	0	0	0	0	0	3k_main_infantry_melee	false	false	0	0	random	true	
3k_dlc06_unit_metal_might_of_the_valley	0	3k_dlc06_unit_rattan_partial	1950	inf_melee	207	inf_mel	0	0	3k_dlc06_unit_metal_might_of_the_valley	0	18	38	3k_dlc05_unit_2h175_axe		10	none	3k_dlc06_unit_metal_might_of_the_valley	3k_infantry_elite	3k_dlc06_unit_metal_might_of_the_valley	false	elite	A_blank_record	true	50.0000	1000.0000	0.0000	3k_hide_forest	50	50	false	battle_vo_order_nanman_might_of_the_valley	battle_vo_order_nanman_units	battle_vo_order_select	1.0000	10.0000	3k_main_infantry_light_nanman	0	0	-100	0	0	0	0	3k_main_infantry_melee	false	false	0	0	random	true	
3k_dlc06_unit_metal_nanman_warriors	0	3k_dlc06_unit_rattan_partial	1950	inf_melee	100	inf_mel	0	0	3k_dlc06_unit_metal_nanman_warriors	0	25	24	3k_dlc06_unit_1h095_mixed_mace_axe		10	3k_main_unit_infantry_rattan	3k_dlc06_unit_metal_nanman_warriors	3k_infantry_militia	3k_dlc06_unit_metal_nanman_warriors	false	rabble	A_blank_record	true	50.0000	1000.0000	0.0000	3k_hide_forest	50	50	false	battle_vo_order_nanman_units	battle_vo_order_nanman_units	battle_vo_order_select	1.0000	10.0000	3k_main_infantry_light_nanman	0	0	-100	0	0	0	0	3k_main_infantry_melee	false	false	0	0	front	true	
3k_dlc06_unit_metal_nanman_warriors_captain	0	3k_dlc06_unit_rattan_partial	1950	inf_melee	100	inf_mel	0	0	3k_dlc06_unit_metal_nanman_warriors_captain	0	29	29	3k_dlc06_unit_1h095_mixed_mace_axe		10	3k_main_unit_infantry_rattan	3k_dlc06_unit_metal_nanman_warriors_captain	3k_infantry_default	3k_dlc06_unit_metal_nanman_warriors_captain	false	poorly_trained	A_blank_record	true	50.0000	1000.0000	0.0000	3k_hide_forest	50	50	false	battle_vo_order_nanman_units	battle_vo_order_nanman_units	battle_vo_order_select	1.0000	10.0000	3k_main_infantry_light_nanman	0	0	-100	0	0	0	0	3k_main_infantry_melee	false	false	0	0	front	true	
3k_dlc06_unit_metal_nanzhong_champions	0	3k_dlc06_unit_rattan_heavy	1950	inf_melee	98	inf_mel	0	0	3k_dlc06_unit_metal_nanzhong_champions	0	33	36	3k_dlc06_unit_1h095_flint_axe		10	3k_main_unit_infantry_oval	3k_dlc06_unit_metal_nanzhong_champions	3k_infantry_default	3k_dlc06_unit_metal_nanzhong_champions	false	well_trained	A_blank_record	true	50.0000	1000.0000	0.0000	3k_hide_forest	50	50	false	battle_vo_order_nanman_nanzhong_champions	battle_vo_order_nanman_units	battle_vo_order_select	1.0000	10.0000	3k_main_infantry_medium_nanman	0	0	-100	0	0	0	0	3k_main_infantry_melee	false	false	0	0	front	true	
3k_dlc06_unit_metal_ravine_warriors	0	3k_main_unit_tunic	1950	inf_melee	79	inf_mel	0	0	3k_dlc06_unit_metal_ravine_warriors	0	22	22	3k_dlc06_unit_dw_mixed_mace_axe_weak		10	none	3k_dlc06_unit_metal_ravine_warriors	3k_infantry_militia	3k_dlc06_unit_metal_ravine_warriors	false	poorly_trained	A_blank_record	true	50.0000	1000.0000	0.0000	3k_hide_forest	50	50	false	battle_vo_order_nanman_units	battle_vo_order_nanman_units	battle_vo_order_select	1.0000	10.0000	3k_main_infantry_medium_nanman	0	0	0	0	0	0	0	3k_main_infantry_melee	false	false	0	0	random	true	
3k_dlc06_unit_metal_tiger_warriors	0	3k_dlc06_unit_rattan_heavy	1950	inf_melee	164	inf_mel	0	0	3k_dlc06_unit_metal_tiger_warriors	0	24	34	3k_dlc06_unit_dw_mixed_mace_axe		4	none	3k_dlc06_unit_metal_tiger_warriors	3k_infantry_handlers	3k_dlc06_unit_metal_tiger_warriors	false	elite	A_blank_record	true	50.0000	1000.0000	0.0000	3k_hide_forest_causes_fear_unbreakable	50	50	false	battle_vo_order_nanman_tiger_warriors	battle_vo_order_nanman_units	battle_vo_order_select	1.0000	10.0000	3k_main_infantry_medium_nanman	0	0	-100	0	0	0	0	3k_main_infantry_melee	false	false	0	0	random	false	3k_dlc_06_tiger_handler
3k_dlc06_unit_metal_valley_tribesmen	0	3k_dlc06_unit_rattan_heavy	1950	inf_melee	107	inf_mel	0	0	3k_dlc06_unit_metal_valley_tribesmen	0	38	30	3k_dlc06_unit_1h095_machete		10	3k_main_unit_infantry_rattan	3k_dlc06_unit_metal_valley_tribesmen	3k_infantry_militia	3k_dlc06_unit_metal_valley_tribesmen	false	poorly_trained	A_blank_record	true	50.0000	1000.0000	0.0000	3k_hide_forest	50	50	false	battle_vo_order_nanman_might_of_the_valley	battle_vo_order_nanman_units	battle_vo_order_select	1.0000	10.0000	3k_main_infantry_medium_nanman	0	0	-100	0	0	0	0	3k_main_infantry_melee	false	false	0	0	front	true	
3k_dlc06_unit_metal_wugou_axe_throwers	0	3k_dlc06_unit_rattan_partial	1950	inf_melee	89	inf_mel	0	0	3k_dlc06_unit_metal_wugou_axe_throwers	0	42	38	3k_dlc06_unit_dw095_flint_axe	3k_dlc06_unit_throwing_axe_precursor	10	none	3k_dlc06_unit_metal_wugou_axe_throwers	3k_infantry_default	3k_dlc06_unit_metal_wugou_axe_throwers	false	trained	A_blank_record	true	50.0000	1000.0000	0.0000	3k_hide_forest	50	50	false	battle_vo_order_nanman_axe_throwers	battle_vo_order_nanman_units	battle_vo_order_select	1.0000	10.0000	3k_main_infantry_medium_nanman	5	2	-100	0	0	0	0	3k_main_infantry_melee	false	false	0	0	random	true	
3k_dlc06_unit_metal_wuling_fighters	0	3k_dlc06_unit_rattan_light	1950	inf_melee	89	inf_mel	0	0	3k_dlc06_unit_metal_wuling_fighters	0	37	34	3k_dlc06_unit_1h095_machete		10	3k_main_unit_infantry_rattan	3k_dlc06_unit_metal_wuling_fighters	3k_infantry_default	3k_dlc06_unit_metal_wuling_fighters	false	trained	A_blank_record	true	50.0000	1000.0000	0.0000	3k_hide_forest	50	50	false	battle_vo_order_nanman_units	battle_vo_order_nanman_units	battle_vo_order_select	1.0000	10.0000	3k_main_infantry_medium_nanman	0	0	-100	0	0	0	0	3k_main_infantry_melee	false	false	0	0	front	true	
3k_dlc06_unit_water_fire_archers	0	3k_main_unit_tunic	1950	inf_ranged	65	inf_mis	0	0	3k_dlc06_unit_water_fire_archers	0	12	23	3k_ytr_unit_1h095_club	3k_dlc06_unit_bow_fire	10	none	3k_dlc06_unit_water_fire_archers	3k_infantry_default	3k_dlc06_unit_water_fire_archers	false	trained	A_blank_record	true	50.0000	1000.0000	0.0000	3k_hide_forest	50	50	false	battle_vo_order_nanman_fire_archers	battle_vo_order_nanman_units	battle_vo_order_select	1.0000	10.0000	3k_main_infantry_light_nanman	0	28	0	0	0	0	0	3k_main_infantry_ranged	true	false	0	0	random	false	
3k_dlc06_unit_water_hidden_vipers	0	3k_dlc06_unit_rattan_partial	1950	inf_ranged	75	inf_mis	0	0	3k_dlc06_unit_water_hidden_vipers	0	32	38	3k_dlc06_unit_1h095_machete	3k_dlc06_unit_blowpipe	10	3k_main_unit_infantry_rattan	3k_dlc06_unit_water_hidden_vipers	3k_infantry_default	3k_dlc06_unit_water_hidden_vipers	false	well_trained	A_blank_record	true	50.0000	1000.0000	0.0000	3k_hide_forest_stalk	50	50	false	battle_vo_order_nanman_hidden_vipers	battle_vo_order_nanman_units	battle_vo_order_select	1.0000	10.0000	3k_main_infantry_medium_nanman	0	25	-100	0	0	0	0	3k_main_infantry_melee	true	false	0	0	random	false	
3k_dlc06_unit_water_javelin_throwers	0	3k_dlc06_unit_rattan_light	1950	inf_ranged	75	inf_mis	0	0	3k_dlc06_unit_water_javelin_throwers	0	12	25	3k_dlc04_unit_1h175_spear_bamboo	3k_dlc06_unit_javelin	10	3k_main_unit_infantry_rattan	3k_dlc06_unit_water_javelin_throwers	3k_infantry_default	3k_dlc06_unit_water_javelin_throwers	false	well_trained	A_blank_record	true	50.0000	1000.0000	0.0000	3k_hide_forest	50	50	false	battle_vo_order_nanman_javelins	battle_vo_order_nanman_units	battle_vo_order_select	1.0000	10.0000	3k_main_infantry_light_nanman	0	6	-100	0	0	0	0	3k_main_infantry_ranged	true	false	0	-15	random	false	
3k_dlc06_unit_water_juggernaut	0	3k_main_unit_tunic	1900	artillery	12	art_siege	12	0	3k_dlc06_unit_water_juggernaut	0	5	24	3k_main_unit_1h095_sword_single_edge_weak	3k_dlc06_unit_water_juggernaut	1	3k_main_hero_none_low_inaudible	3k_dlc06_unit_water_juggernaut	3k_catapult	3k_dlc06_unit_water_juggernaut	false	rabble	A_blank_record	true	50.0000	75.0000	0.0000	3k_hide_forest	50	50	false	battle_vo_order_nanman_juggernaut	battle_vo_order_select	battle_vo_order_select	1.0000	10.0000	3k_main_infantry_light	0	12	0	0	0	0	0	3k_main_artillery	false	false	0	0	random	false	
3k_dlc06_unit_water_nanman_slingers	0	3k_main_unit_tunic	1950	inf_ranged	47	inf_mis	0	0	3k_dlc06_unit_water_nanman_slingers	0	10	18	3k_ytr_unit_1h095_club	3k_dlc06_unit_sling	10	none	3k_dlc06_unit_water_nanman_slingers	3k_infantry_militia	3k_dlc06_unit_water_nanman_slingers	false	rabble	A_blank_record	true	50.0000	1000.0000	0.0000	3k_hide_forest	50	50	false	battle_vo_order_nanman_slingers	battle_vo_order_nanman_units	battle_vo_order_select	1.0000	10.0000	3k_main_infantry_light_nanman	0	62	0	0	0	0	0	3k_main_infantry_ranged	true	false	0	0	random	false	
3k_dlc06_unit_water_nanzhong_elephants	0	3k_main_unit_tunic	2450	war_beast	225	elph	0	0	3k_dlc06_unit_water_nanzhong_elephants	0	2	41	3k_dlc06_unit_elephant_trunk		3	none	3k_dlc06_unit_water_nanzhong_elephants	3k_elephant	3k_dlc06_unit_water_nanzhong_elephants	false	well_trained	A_blank_record	true	50.0000	1000.0000	0.0000	3k_hide_forest	50	50	false	battle_vo_order_nanman_nanzhong_elephants	battle_vo_order_nanman_units	battle_vo_order_select	1.0000	10.0000	3k_main_elephant	0	30	0	0	0	0	0	3k_dlc06_elephants	false	false	0	0	random	true	
3k_dlc06_unit_water_sanjiang_poison_darts	0	3k_dlc06_unit_rattan_light	1950	inf_ranged	65	inf_mis	0	0	3k_dlc06_unit_water_sanjiang_poison_darts	0	12	27	3k_dlc06_unit_1h095_mixed_mace_weak	3k_dlc06_unit_blowpipe	10	none	3k_dlc06_unit_water_sanjiang_poison_darts	3k_infantry_default	3k_dlc06_unit_water_sanjiang_poison_darts	false	trained	A_blank_record	true	50.0000	1000.0000	0.0000	3k_hide_forest_stalk	50	50	false	battle_vo_order_nanman_sanjiang_poison_darts	battle_vo_order_nanman_units	battle_vo_order_select	1.0000	10.0000	3k_main_infantry_light_nanman	0	30	-100	0	0	0	0	3k_main_infantry_ranged	true	false	0	0	random	false	
3k_dlc06_unit_water_tiger_slingers	0	3k_dlc06_unit_rattan_light	1950	inf_ranged	132	inf_mis	0	0	3k_dlc06_unit_water_tiger_slingers	0	12	23	3k_dlc06_unit_1h095_mixed_mace_axe	3k_dlc06_unit_sling	4	none	3k_dlc06_unit_water_tiger_slingers	3k_infantry_handlers	3k_dlc06_unit_water_tiger_slingers	false	trained	A_blank_record	true	50.0000	1000.0000	0.0000	3k_hide_forest_causes_fear_unbreakable	50	50	false	battle_vo_order_nanman_slingers	battle_vo_order_nanman_units	battle_vo_order_select	1.0000	10.0000	3k_main_infantry_light_nanman	0	46	-100	0	0	0	0	3k_main_infantry_ranged	true	false	0	0	random	false	3k_dlc_06_tiger_handler
3k_dlc06_unit_water_wuling_slingers	0	3k_dlc06_unit_rattan_light	1950	inf_ranged	56	inf_mis	0	0	3k_dlc06_unit_water_wuling_slingers	0	11	28	3k_dlc06_unit_1h095_mixed_mace_weak	3k_dlc06_unit_sling	10	none	3k_dlc06_unit_water_wuling_slingers	3k_infantry_militia	3k_dlc06_unit_water_wuling_slingers	false	poorly_trained	A_blank_record	true	50.0000	1000.0000	0.0000	3k_hide_forest	50	50	false	battle_vo_order_nanman_slingers	battle_vo_order_nanman_units	battle_vo_order_select	1.0000	10.0000	3k_main_infantry_light_nanman	0	64	-100	0	0	0	0	3k_main_infantry_ranged	true	false	0	0	random	false	
3k_dlc06_unit_wood_javelin_spear_guards	0	3k_dlc06_unit_rattan_partial	1950	inf_melee	125	inf_spr	125	0	3k_dlc06_unit_wood_javelin_spear_guards	0	18	34	3k_dlc06_unit_1h175_spear_bamboo_elite	3k_dlc06_unit_javelin_precursor	10	3k_main_unit_infantry_oval	3k_dlc06_unit_wood_javelin_spear_guards	3k_infantry_elite	3k_dlc06_unit_wood_javelin_spear_guards	false	elite	A_blank_record	true	50.0000	1000.0000	0.0000	3k_hide_forest_charge_reflector_vs_large	50	50	false	battle_vo_order_nanman_spears	battle_vo_order_nanman_units	battle_vo_order_select	1.0000	10.0000	3k_main_infantry_medium_nanman	0	2	-100	0	0	0	0	3k_main_infantry_spear	false	false	0	-25	front	true	
3k_dlc06_unit_wood_javelin_spearmen	0	3k_main_unit_leather_partial	1950	inf_melee	119	inf_spr	119	0	3k_dlc06_unit_wood_javelin_spearmen	0	20	26	3k_dlc04_unit_2h175_spear_bamboo	3k_dlc06_unit_javelin_precursor	10	none	3k_dlc06_unit_wood_javelin_spearmen	3k_infantry_militia	3k_dlc06_unit_wood_javelin_spearmen	false	poorly_trained	A_blank_record	true	50.0000	1000.0000	0.0000	3k_hide_forest_charge_reflector_vs_large	50	50	false	battle_vo_order_nanman_javelins	battle_vo_order_nanman_units	battle_vo_order_select	1.0000	10.0000	3k_main_infantry_light_nanman	0	3	-100	0	0	0	0	3k_main_infantry_spear	false	false	0	0	random	true	
3k_dlc06_unit_wood_nanman_spearmen	0	3k_main_unit_tunic	1950	inf_melee	82	inf_spr	0	0	3k_dlc06_unit_wood_nanman_spearmen	0	11	20	3k_dlc04_unit_1h175_spear_bamboo		10	none	3k_dlc06_unit_wood_nanman_spearmen	3k_infantry_militia	3k_dlc06_unit_wood_nanman_spearmen	false	rabble	A_blank_record	true	50.0000	1000.0000	0.0000	3k_hide_forest_charge_reflector_vs_large	50	50	false	battle_vo_order_nanman_spears	battle_vo_order_nanman_units	battle_vo_order_select	1.0000	10.0000	3k_main_infantry_light_nanman	0	0	0	0	0	0	0	3k_main_infantry_spear	false	false	0	0	random	true	
3k_dlc06_unit_wood_nanzhong_spearmen	0	3k_dlc06_unit_rattan_light	1950	inf_melee	100	inf_spr	0	0	3k_dlc06_unit_wood_nanzhong_spearmen	0	16	28	3k_dlc04_unit_2h175_spear_bamboo		10	none	3k_dlc06_unit_wood_nanzhong_spearmen	3k_infantry_default	3k_dlc06_unit_wood_nanzhong_spearmen	false	trained	A_blank_record	true	50.0000	1000.0000	0.0000	3k_hide_forest_charge_reflector_vs_large	50	50	false	battle_vo_order_nanman_spears	battle_vo_order_nanman_units	battle_vo_order_select	1.0000	10.0000	3k_main_infantry_medium_nanman	0	0	-100	0	0	0	0	3k_main_infantry_spear	false	false	0	0	random	true	
3k_dlc06_unit_wood_sanjiang_poison_spears	0	3k_main_unit_tunic	1950	inf_melee	91	inf_spr	0	0	3k_dlc06_unit_wood_sanjiang_poison_spears	0	14	28	3k_dlc06_unit_2h175_spear_poisoned		10	none	3k_dlc06_unit_wood_sanjiang_poison_spears	3k_infantry_militia	3k_dlc06_unit_wood_sanjiang_poison_spears	false	poorly_trained	A_blank_record	true	50.0000	1000.0000	0.0000	3k_hide_forest_charge_reflector_vs_large	50	50	false	battle_vo_order_nanman_sanjiang_poison_spears	battle_vo_order_nanman_units	battle_vo_order_select	1.0000	10.0000	3k_main_infantry_light_nanman	0	0	0	0	0	0	0	3k_main_infantry_spear	false	false	0	0	random	true	
3k_dlc06_unit_wood_shields_of_the_south	0	3k_dlc06_unit_rattan_heavy	1950	inf_melee	91	inf_spr	0	0	3k_dlc06_unit_wood_shields_of_the_south	0	22	42	3k_dlc04_unit_1h175_spear_bamboo		10	3k_main_unit_infantry_large	3k_dlc06_unit_wood_shields_of_the_south	3k_infantry_elite	3k_dlc06_unit_wood_shields_of_the_south	false	elite	A_blank_record	true	50.0000	1000.0000	0.0000	3k_hide_forest_charge_reflector_vs_large	50	50	false	battle_vo_order_nanman_shields_of_the_south	battle_vo_order_nanman_units	battle_vo_order_select	1.0000	10.0000	3k_main_infantry_heavy_nanman	0	0	-100	0	0	0	0	3k_main_infantry_spear	false	false	0	0	front	true	
3k_dlc06_unit_wood_wolf_pack	0	3k_main_unit_leather_partial	1950	inf_melee	90	inf_spr	90	0	3k_dlc06_unit_wood_wolf_pack	0	30	28	3k_dlc06_unit_1h175_spear_bamboo_elite	3k_dlc06_unit_javelin_precursor	10	none	3k_dlc06_unit_wood_wolf_pack	3k_infantry_default	3k_dlc06_unit_wood_wolf_pack	false	rabble	A_blank_record	true	50.0000	1000.0000	0.0000	3k_hide_forest_charge_reflector_vs_large_ignore_terrain_causes_fear_guerilla_deploy	50	50	false	battle_vo_order_nanman_wolf_handlers	battle_vo_order_nanman_units	battle_vo_order_select	1.0000	10.0000	3k_main_infantry_medium_nanman	0	3	-100	0	0	0	0	3k_main_infantry_spear	false	false	0	0	random	true	
3k_dlc07_general_earth_cao_pi	0	3k_main_hero_light_tunic_unique	2450	cavalry	241	com	60	0	none	0	0	34	3k_main_general_2h175_spear_common		5	none	none	3k_cavalry_elite	none	false	elite	A_blank_record	true	50.0000	1000.0000	0.0000	3k_hide_forest	50	50	false	battle_vo_order_hero_select	battle_vo_order_select	battle_vo_order_select	1.0000	10.0000	3k_main_cavalry_heavy	0	0	0	0	0	0	0	3k_main_general_vanguard	false	false	0	0	front	false	
3k_dlc07_general_earth_cao_ren	0	3k_dlc07_ancillary_armour_cao_ren_armour_unique	2450	cavalry	241	com	60	0	none	0	0	34	3k_main_general_2h175_spear_common		5	none	none	3k_cavalry_elite	none	false	elite	A_blank_record	true	50.0000	1000.0000	0.0000	3k_hide_forest	50	50	false	battle_vo_order_hero_select	battle_vo_order_select	battle_vo_order_select	1.0000	10.0000	3k_main_cavalry_heavy	0	0	0	0	0	0	0	3k_main_general_vanguard	false	false	0	0	front	false	
3k_dlc07_general_earth_yuan_shang	0	3k_dlc07_ancillary_armour_yuan_shang_armour_unique	2450	cavalry	241	com	60	0	none	0	0	34	3k_main_general_2h175_spear_common		5	none	none	3k_cavalry_elite	none	false	elite	A_blank_record	true	50.0000	1000.0000	0.0000	3k_hide_forest	50	50	false	battle_vo_order_hero_select	battle_vo_order_select	battle_vo_order_select	1.0000	10.0000	3k_main_cavalry_heavy	0	0	0	0	0	0	0	3k_main_general_vanguard	false	false	0	0	front	false	
3k_dlc07_general_earth_yuan_tan	0	3k_dlc07_ancillary_armour_yuan_tan_armour_unique	2450	cavalry	241	com	60	0	none	0	0	34	3k_main_general_2h175_spear_common		5	none	none	3k_cavalry_elite	none	false	elite	A_blank_record	true	50.0000	1000.0000	0.0000	3k_hide_forest	50	50	false	battle_vo_order_hero_select	battle_vo_order_select	battle_vo_order_select	1.0000	10.0000	3k_main_cavalry_heavy	0	0	0	0	0	0	0	3k_main_general_vanguard	false	false	0	0	front	false	
3k_dlc07_general_fire_yan_liang	0	3k_dlc07_ancillary_armour_yan_liang_armour_unique	2450	cavalry	241	com	60	0	none	0	0	34	3k_main_general_2h175_spear_common		5	none	none	3k_cavalry_elite	none	false	elite	A_blank_record	true	50.0000	1000.0000	0.0000	3k_hide_forest	50	50	false	battle_vo_order_hero_select	battle_vo_order_select	battle_vo_order_select	1.0000	10.0000	3k_main_cavalry_heavy	0	0	0	0	0	0	0	3k_main_general_vanguard	false	false	0	0	front	false	
3k_dlc07_general_metal_yu_jin	0	3k_dlc07_ancillary_armour_yu_jin_armour_unique	2450	cavalry	241	com	60	0	none	0	0	34	3k_main_general_2h175_spear_common		5	none	none	3k_cavalry_elite	none	false	elite	A_blank_record	true	50.0000	1000.0000	0.0000	3k_hide_forest	50	50	false	battle_vo_order_hero_select	battle_vo_order_select	battle_vo_order_select	1.0000	10.0000	3k_main_cavalry_heavy	0	0	0	0	0	0	0	3k_main_general_vanguard	false	false	0	0	front	false	
3k_dlc07_general_metal_zhang_he	0	3k_dlc07_ancillary_armour_zhang_he_armour_unique	2450	cavalry	241	com	60	0	none	0	0	34	3k_main_general_2h175_spear_common		5	none	none	3k_cavalry_elite	none	false	elite	A_blank_record	true	50.0000	1000.0000	0.0000	3k_hide_forest	50	50	false	battle_vo_order_hero_select	battle_vo_order_select	battle_vo_order_select	1.0000	10.0000	3k_main_cavalry_heavy	0	0	0	0	0	0	0	3k_main_general_sentinel	false	false	0	0	front	false	
3k_dlc07_general_water_fa_zheng	0	3k_dlc07_ancillary_armour_fa_zheng_armour_unique	2450	cavalry	241	com	60	0	none	0	0	34	3k_main_general_2h175_spear_common		5	none	none	3k_cavalry_elite	none	false	elite	A_blank_record	true	50.0000	1000.0000	0.0000	3k_hide_forest	50	50	false	battle_vo_order_hero_select	battle_vo_order_select	battle_vo_order_select	1.0000	10.0000	3k_main_cavalry_heavy	0	0	0	0	0	0	0	3k_main_general_vanguard	false	false	0	0	front	false	
3k_dlc07_general_water_lady_zhen	0	3k_dlc07_ancillary_armour_lady_zhen_armour_unique	2450	cavalry	241	com	60	0	none	0	0	34	3k_main_general_2h175_spear_common		5	none	none	3k_cavalry_elite	none	false	elite	A_blank_record	true	50.0000	1000.0000	0.0000	3k_hide_forest	50	50	false	battle_vo_order_hero_select	battle_vo_order_select	battle_vo_order_select	1.0000	10.0000	3k_main_cavalry_heavy	0	0	0	0	0	0	0	3k_main_general_vanguard	false	false	0	0	front	false	
3k_dlc07_general_water_liu_yan	0	3k_dlc07_ancillary_armour_liu_yan_armour_unique	2450	cavalry	241	com	60	0	none	0	0	34	3k_main_general_2h175_spear_common		5	none	none	3k_cavalry_elite	none	false	elite	A_blank_record	true	50.0000	1000.0000	0.0000	3k_hide_forest	50	50	false	battle_vo_order_hero_select	battle_vo_order_select	battle_vo_order_select	1.0000	10.0000	3k_main_cavalry_heavy	0	0	0	0	0	0	0	3k_main_general_vanguard	false	false	0	0	front	false	
3k_dlc07_general_wood_wen_chou	0	3k_dlc07_ancillary_armour_wen_chou_armour_unique	2450	cavalry	241	com	60	0	none	0	0	34	3k_main_general_2h175_spear_common		5	none	none	3k_cavalry_elite	none	false	elite	A_blank_record	true	50.0000	1000.0000	0.0000	3k_hide_forest	50	50	false	battle_vo_order_hero_select	battle_vo_order_select	battle_vo_order_select	1.0000	10.0000	3k_main_cavalry_heavy	0	0	0	0	0	0	0	3k_main_general_vanguard	false	false	0	0	front	false	
3k_dlc07_hero_earth_cao_pi	0	3k_main_hero_light_tunic_unique	2450	cavalry	241	com	60	0	none	0	0	60	3k_main_hero_1h095_sword_double_edge_exceptional		1	none	none	3k_hero	none	false	elite	A_blank_record	true	50.0000	1000.0000	0.0000	3k_hide_forest	50	50	false	battle_vo_order_hero_select	battle_vo_order_select	battle_vo_order_select	1.0000	25.0000	3k_main_cavalry_heavy	0	10	0	0	0	0	0	3k_main_hero_commander	false	false	0	0	front	true	
3k_dlc07_hero_earth_cao_ren	0	3k_dlc07_ancillary_armour_cao_ren_armour_unique	2450	cavalry	241	com	60	0	none	0	0	55	3k_main_hero_1h095_sword_double_edge_exceptional		1	none	none	3k_hero	none	false	elite	A_blank_record	true	50.0000	1000.0000	0.0000	3k_hide_forest	50	50	false	battle_vo_order_hero_select	battle_vo_order_select	battle_vo_order_select	1.0000	25.0000	3k_main_cavalry_heavy	0	10	0	0	0	0	0	3k_main_hero_commander	false	false	0	0	front	true	
3k_dlc07_hero_earth_yuan_shang	0	3k_dlc07_ancillary_armour_yuan_shang_armour_unique	2450	cavalry	241	com	60	0	none	0	0	55	3k_main_hero_1h095_sword_double_edge_exceptional		1	none	none	3k_hero	none	false	elite	A_blank_record	true	50.0000	1000.0000	0.0000	3k_hide_forest	50	50	false	battle_vo_order_hero_select	battle_vo_order_select	battle_vo_order_select	1.0000	25.0000	3k_main_cavalry_heavy	0	10	0	0	0	0	0	3k_main_hero_commander	false	false	0	0	front	true	
3k_dlc07_hero_earth_yuan_tan	0	3k_dlc07_ancillary_armour_yuan_tan_armour_unique	2450	cavalry	241	com	60	0	none	0	0	55	3k_main_hero_1h095_sword_double_edge_exceptional		1	none	none	3k_hero	none	false	elite	A_blank_record	true	50.0000	1000.0000	0.0000	3k_hide_forest	50	50	false	battle_vo_order_hero_select	battle_vo_order_select	battle_vo_order_select	1.0000	25.0000	3k_main_cavalry_heavy	0	10	0	0	0	0	0	3k_main_hero_commander	false	false	0	0	front	true	
3k_dlc07_hero_fire_yan_liang	0	3k_dlc07_ancillary_armour_yan_liang_armour_unique	2450	cavalry	241	com	60	0	none	0	0	40	3k_main_hero_2h250_halberd_unique		1	none	none	3k_hero	none	false	elite	A_blank_record	true	50.0000	1000.0000	0.0000	3k_hide_forest	50	50	false	battle_vo_order_hero_select	battle_vo_order_select	battle_vo_order_select	1.0000	25.0000	3k_main_cavalry_heavy	0	10	0	0	0	0	0	3k_main_hero_vanguard	false	false	0	0	front	true	
3k_dlc07_hero_fire_zhang_he	0	3k_dlc07_ancillary_armour_zhang_he_armour_unique	2450	cavalry	241	com	60	0	none	0	0	40	3k_main_hero_2h175_spear_unique		1	none	none	3k_hero	none	false	elite	A_blank_record	true	50.0000	1000.0000	0.0000	3k_hide_forest	50	50	false	battle_vo_order_hero_select	battle_vo_order_select	battle_vo_order_select	1.0000	25.0000	3k_main_cavalry_heavy	0	10	0	0	0	0	0	3k_main_hero_sentinel	false	false	0	0	front	true	
3k_dlc07_hero_metal_yu_jin	0	3k_dlc07_ancillary_armour_yu_jin_armour_unique	2450	cavalry	241	com	60	0	none	0	0	45	3k_main_hero_dw095_sword_double_edge_unique		1	none	none	3k_hero	none	false	elite	A_blank_record	true	50.0000	1000.0000	0.0000	3k_hide_forest	50	50	false	battle_vo_order_hero_select	battle_vo_order_select	battle_vo_order_select	1.0000	25.0000	3k_main_cavalry_heavy	0	10	0	0	0	0	0	3k_main_hero_sentinel	false	false	0	0	front	true	
3k_dlc07_hero_water_fa_zheng	0	3k_dlc07_ancillary_armour_fa_zheng_armour_unique	2450	cavalry	241	com	60	0	none	0	0	40	3k_main_hero_1h095_sword_single_edge_refined		1	none	none	3k_hero	none	false	elite	A_blank_record	true	50.0000	1000.0000	0.0000	3k_hide_forest	50	50	false	battle_vo_order_hero_select	battle_vo_order_select	battle_vo_order_select	1.0000	25.0000	3k_main_cavalry_heavy	0	10	0	0	0	0	0	3k_main_hero_strategist	false	false	0	0	front	true	
3k_dlc07_hero_water_lady_zhen	0	3k_dlc07_ancillary_armour_lady_zhen_armour_unique	2450	cavalry	241	com	60	0	none	0	0	40	3k_main_hero_1h095_sword_single_edge_refined		1	none	none	3k_hero	none	false	elite	A_blank_record	true	50.0000	1000.0000	0.0000	3k_hide_forest	50	50	false	battle_vo_order_hero_select	battle_vo_order_select	battle_vo_order_select	1.0000	25.0000	3k_main_cavalry_heavy	0	10	0	0	0	0	0	3k_main_hero_strategist	false	false	0	0	front	true	
3k_dlc07_hero_water_liu_yan	0	3k_dlc07_ancillary_armour_liu_yan_armour_unique	2450	cavalry	241	com	60	0	none	0	0	40	3k_main_hero_1h095_sword_single_edge_refined		1	none	none	3k_hero	none	false	elite	A_blank_record	true	50.0000	1000.0000	0.0000	3k_hide_forest	50	50	false	battle_vo_order_hero_select	battle_vo_order_select	battle_vo_order_select	1.0000	25.0000	3k_main_cavalry_heavy	0	10	0	0	0	0	0	3k_main_hero_strategist	false	false	0	0	front	true	
3k_dlc07_hero_wood_wen_chou	0	3k_dlc07_ancillary_armour_wen_chou_armour_unique	2450	cavalry	241	com	60	0	none	0	0	60	3k_main_hero_2h175_spear_unique		1	none	none	3k_hero	none	false	elite	A_blank_record	true	50.0000	1000.0000	0.0000	3k_hide_forest	50	50	false	battle_vo_order_hero_select	battle_vo_order_select	battle_vo_order_select	1.0000	25.0000	3k_main_cavalry_heavy	0	10	0	0	0	0	0	3k_main_hero_champion	false	false	0	0	front	true	
3k_dlc07_unit_earth_northern_sabre_cavalry	0	3k_main_unit_iron_partial	2450	cavalry	165	cav_mel	126	0	3k_dlc07_unit_earth_northern_sabre_cavalry	0	22	30	3k_main_unit_1h095_sword_single_edge		5	3k_main_unit_cavalry_side	3k_dlc07_unit_earth_northern_sabre_cavalry	3k_cavalry_default	none	false	trained	A_blank_record	true	50.0000	1000.0000	0.0000	3k_hide_forest_disciplined_fatigue_resistant	50	50	false	battle_vo_order_northern_sabre_cavalry	battle_vo_order_cavalry	battle_vo_order_select	1.0000	10.0000	3k_main_cavalry_medium	0	0	0	0	0	50	0	3k_main_cavalry_melee	false	false	0	0	random	true	
3k_dlc07_unit_earth_northern_sabre_cavalry_captain	0	3k_main_unit_iron_lamellar	2450	cavalry	220	cav_mel	175	0	3k_dlc07_unit_earth_northern_sabre_cavalry_captain	0	30	43	3k_main_unit_1h095_sword_single_edge		5	3k_main_unit_cavalry_side	3k_dlc07_unit_earth_northern_sabre_cavalry_captain	3k_cavalry_elite	none	false	well_trained	A_blank_record	true	60.0000	1000.0000	0.0000	3k_hide_forest_disciplined_fatigue_resistant_scare_immune_encourages	50	50	false	battle_vo_order_northern_sabre_cavalry	battle_vo_order_cavalry	battle_vo_order_select	1.0000	10.0000	3k_main_cavalry_heavy	0	0	0	0	0	50	0	3k_main_cavalry_melee	false	false	0	0	front	true	
3k_dlc07_unit_earth_northern_veteran_sabre_cavalry	0	3k_main_unit_iron_lamellar	2450	cavalry	200	cav_mel	135	0	3k_dlc07_unit_earth_northern_veteran_sabre_cavalry	0	28	40	3k_main_unit_1h095_sword_single_edge		5	3k_main_unit_cavalry_side	3k_dlc07_unit_earth_northern_veteran_sabre_cavalry	3k_cavalry_elite	none	false	well_trained	A_blank_record	true	50.0000	1000.0000	0.0000	3k_hide_forest_disciplined_fatigue_resistant_scare_immune_encourages	50	50	false	battle_vo_order_northern_veteran_sabre_cavalry	battle_vo_order_cavalry	battle_vo_order_select	1.0000	10.0000	3k_main_cavalry_heavy	0	0	0	0	0	50	0	3k_main_cavalry_melee	false	false	0	0	random	true	
3k_dlc07_unit_earth_tiger_cubs	0	3k_main_unit_leather_heavy	2450	cavalry	170	cav_mel	144	0	3k_dlc07_unit_earth_tiger_cubs	0	33	40	3k_main_unit_1h095_sword_single_edge		5	3k_main_unit_cavalry_side	3k_dlc07_unit_earth_tiger_cubs	3k_cavalry_elite	none	false	well_trained	A_blank_record	true	50.0000	1000.0000	0.0000	3k_hide_forest_disciplined_guerilla_deploy	50	50	false	battle_vo_order_tiger_cubs	battle_vo_order_cavalry	battle_vo_order_select	1.0000	10.0000	3k_main_cavalry_medium	0	0	0	0	0	50	0	3k_main_cavalry_melee	false	false	0	0	random	false	
3k_dlc07_unit_earth_xiongnu_noble_cavalry	0	3k_main_unit_iron_lamellar	2450	cavalry	235	cav_mel	154	0	3k_dlc07_unit_earth_xiongnu_noble_cavalry	0	22	44	3k_main_unit_1h095_sword_double_edge_elite		5	3k_main_unit_cavalry_side	3k_dlc07_unit_earth_xiongnu_noble_cavalry	3k_cavalry_elite	none	false	trained	A_blank_record	true	50.0000	1000.0000	0.0000	3k_hide_forest_raider_causes_fear	50	50	false	battle_vo_order_xiongnu_noble_cavalry	battle_vo_order_cavalry	battle_vo_order_select	1.0000	10.0000	3k_main_cavalry_heavy	0	0	0	0	0	50	0	3k_main_cavalry_melee	false	false	0	0	random	false	
3k_dlc07_unit_fire_northern_lancer_cavalry	0	3k_main_unit_iron_partial	2450	cavalry	215	cav_shk	135	0	3k_dlc07_unit_fire_northern_lancer_cavalry	0	8	28	3k_main_unit_2h250_polearm_ji		5	none	3k_dlc07_unit_fire_northern_lancer_cavalry	3k_cavalry_default	none	false	poorly_trained	A_blank_record	true	50.0000	1000.0000	0.0000	3k_hide_forest_disciplined_fatigue_resistant	50	50	false	battle_vo_order_northern_lancer_cavalry	battle_vo_order_cavalry	battle_vo_order_select	1.0000	10.0000	3k_main_cavalry_medium	0	0	0	0	0	0	0	3k_main_cavalry_shock	false	false	0	0	random	true	
3k_dlc07_unit_fire_northern_lancer_cavalry_captain	0	3k_main_unit_iron_full	2450	cavalry	275	cav_shk	153	0	3k_dlc07_unit_fire_northern_lancer_cavalry_captain	0	15	40	3k_main_unit_2h250_polearm_ji		5	none	3k_dlc07_unit_fire_northern_lancer_cavalry_captain	3k_cavalry_elite	none	false	well_trained	A_blank_record	true	60.0000	1000.0000	0.0000	3k_hide_forest_disciplined_fatigue_resistant_scare_immune_encourages	50	50	false	battle_vo_order_northern_lancer_cavalry	battle_vo_order_cavalry	battle_vo_order_select	1.0000	10.0000	3k_main_cavalry_heavy	0	0	0	0	0	0	0	3k_main_cavalry_shock	false	false	0	0	front	true	
3k_dlc07_unit_fire_northern_veteran_lancers	0	3k_main_unit_iron_full	2450	cavalry	250	cav_shk	154	0	3k_dlc07_unit_fire_northern_veteran_lancers	0	12	35	3k_main_unit_2h250_polearm_ji		5	none	3k_dlc07_unit_fire_northern_veteran_lancers	3k_cavalry_elite	none	false	well_trained	A_blank_record	true	50.0000	1000.0000	0.0000	3k_hide_forest_disciplined_fatigue_resistant_scare_immune_encourages	50	50	false	battle_vo_order_northern_veteran_lancers	battle_vo_order_cavalry	battle_vo_order_select	1.0000	10.0000	3k_main_cavalry_heavy	0	0	0	0	0	0	0	3k_main_cavalry_shock	false	false	0	0	random	true	
3k_dlc07_unit_metal_liyang_daring_infantry	0	3k_main_unit_leather_partial	1900	inf_melee	125	inf_mel	125	0	3k_dlc07_unit_metal_liyang_daring_infantry	0	52	45	3k_main_unit_1h095_sword_double_edge		10	none	3k_dlc07_unit_metal_liyang_daring_infantry	3k_infantry_militia	none	false	well_trained	A_blank_record	true	60.0000	300.0000	0.0000	3k_hide_forest_fatigue_res	50	50	false	battle_vo_order_liyang_daring_infantry	battle_vo_order_swordsmen	battle_vo_order_select	1.0000	10.0000	3k_main_infantry_light	0	0	0	0	0	0	0	3k_main_infantry_melee	false	false	0	0	random	false	
3k_dlc07_unit_metal_northern_sabre_infantry	0	3k_main_unit_iron_partial	1900	inf_melee	110	inf_mel	89	0	3k_dlc07_unit_metal_northern_sabre_infantry	0	38	30	3k_main_unit_1h095_sword_single_edge		10	3k_main_unit_infantry_oval	3k_dlc07_unit_metal_northern_sabre_infantry	3k_infantry_default	none	false	trained	A_blank_record	true	60.0000	300.0000	0.0000	3k_hide_forest_disciplined_fatigue_resistant	50	50	false	battle_vo_order_northern_sabre_infantry	battle_vo_order_swordsmen	battle_vo_order_select	1.0000	10.0000	3k_main_infantry_medium	0	0	0	0	0	0	0	3k_main_infantry_melee	false	false	0	0	random	true	
3k_dlc07_unit_metal_northern_sabre_infantry_captain	0	3k_main_unit_iron_lamellar	1900	inf_melee	138	inf_mel	138	0	3k_dlc07_unit_metal_northern_sabre_infantry_captain	0	45	43	3k_main_unit_1h095_sword_single_edge		10	3k_main_unit_infantry_oval_elite	3k_dlc07_unit_metal_northern_sabre_infantry_captain	3k_infantry_elite	none	false	well_trained	A_blank_record	true	60.0000	300.0000	0.0000	3k_hide_forest_disciplined_fatigue_resistant_scare_immune_encourages	50	50	false	battle_vo_order_northern_sabre_infantry	battle_vo_order_swordsmen	battle_vo_order_select	1.0000	10.0000	3k_main_infantry_heavy	0	0	0	0	0	0	0	3k_main_infantry_melee	false	false	0	0	front	true	
3k_dlc07_unit_metal_northern_veteran_sabre_infantry	0	3k_main_unit_iron_lamellar	1900	inf_melee	125	inf_mel	70	0	3k_dlc07_unit_metal_northern_veteran_sabre_infantry	0	45	40	3k_main_unit_1h095_sword_single_edge		10	3k_main_unit_infantry_oval_elite	3k_dlc07_unit_metal_northern_veteran_sabre_infantry	3k_infantry_elite	none	false	well_trained	A_blank_record	true	60.0000	300.0000	0.0000	3k_hide_forest_disciplined_fatigue_resistant_scare_immune_encourages	50	50	false	battle_vo_order_northern_veteran_sabre_infantry	battle_vo_order_swordsmen	battle_vo_order_select	1.0000	10.0000	3k_main_infantry_heavy	0	0	0	0	0	0	0	3k_main_infantry_melee	false	false	0	0	random	true	
3k_dlc07_unit_metal_quingzhou_assault_infantry	0	3k_main_unit_iron_partial	1900	inf_melee	135	inf_mel	79	0	3k_dlc07_unit_metal_quingzhou_assault_infantry	0	30	26	3k_dlc07_unit_1h095_short_ji		10	3k_main_unit_infantry_rattan	3k_dlc07_unit_metal_quingzhou_assault_infantry	3k_infantry_militia	none	false	poorly_trained	A_blank_record	true	50.0000	1000.0000	0.0000	3k_hide_forest_causes_fear	50	50	false	battle_vo_order_quingzhou_assault_infantry	battle_vo_order_axes	battle_vo_order_select	1.0000	10.0000	3k_main_infantry_medium	0	0	0	0	0	0	0	3k_main_infantry_melee	false	false	0	0	random	false	
3k_dlc07_unit_water_dongzhoubing_marksmen	0	3k_main_unit_leather_reinforced	1900	inf_ranged	45	inf_mis	40	0	3k_dlc07_unit_water_dongzhoubing_marksmen	0	30	30	3k_main_unit_1h095_sword_single_edge_weak	3k_main_unit_bow_long_siyah_horn	10	none	3k_dlc07_unit_water_dongzhoubing_marksmen	3k_infantry_militia	none	false	trained	A_blank_record	true	60.0000	800.0000	0.0000	3k_hide_forest_ignore_terrain_raider_guerilla_deploy	50	50	false	battle_vo_order_archers	battle_vo_order_select	battle_vo_order_select	1.0000	10.0000	3k_main_infantry_medium	0	30	0	0	0	0	0	3k_main_infantry_ranged	true	false	0	0	random	false	
3k_dlc07_unit_water_northern_mounted_archers	0	3k_main_unit_iron_partial	2450	cavalry	125	cav_mis	82	0	3k_dlc07_unit_water_northern_mounted_archers	0	18	40	3k_main_unit_1h175_spear	3k_main_unit_bow_wooden_composite	5	3k_main_unit_cavalry_side	3k_dlc07_unit_water_northern_mounted_archers	3k_cavalry_default	none	false	well_trained	A_blank_record	true	50.0000	1000.0000	0.0000	3k_hide_forest_mounted_fire_move_mounted_fire_parthian_fatigue_res_disciplined	50	50	false	battle_vo_order_northern_mounted_archers	battle_vo_order_cavalry	battle_vo_order_select	1.0000	10.0000	3k_main_cavalry_medium	0	44	0	0	0	0	0	3k_main_cavalry_ranged	true	false	0	60	random	false	
3k_dlc07_unit_water_northern_mounted_raiders	0	3k_main_unit_iron_partial	2450	cavalry	220	cav_mis	113	0	3k_dlc07_unit_water_northern_mounted_raiders	0	15	40	3k_main_unit_2h250_polearm_ji	3k_main_unit_bow_wooden_composite	5	none	3k_dlc07_unit_water_northern_mounted_raiders	3k_cavalry_default	none	false	well_trained	A_blank_record	true	50.0000	1000.0000	0.0000	3k_hide_forest_mounted_fire_move_mounted_fire_parthian__fatigue_res_guerilla_deploy	50	50	false	battle_vo_order_northern_mounted_raiders	battle_vo_order_cavalry	battle_vo_order_select	1.0000	10.0000	3k_main_cavalry_medium	0	44	0	0	0	0	0	3k_main_cavalry_ranged	true	false	0	60	random	false	
3k_dlc07_unit_water_ye_vanguard_crossbows	0	3k_main_unit_leather_reinforced	1900	inf_ranged	65	inf_mis	65	0	3k_dlc07_unit_water_ye_vanguard_crossbows	0	19	40	3k_main_unit_1h095_sword_double_edge	3k_main_unit_crossbow	10	3k_main_unit_infantry_large	3k_dlc07_unit_water_ye_vanguard_crossbows	3k_infantry_default	none	false	well_trained	A_blank_record	true	50.0000	1000.0000	0.0000	3k_hide_forest_disciplined_scare_immune_guerilla_deploy	50	50	false	battle_vo_order_ye_vanguard_crossbows	battle_vo_order_crossbows	battle_vo_order_select	1.0000	10.0000	3k_main_infantry_medium	0	16	0	0	0	0	0	3k_main_infantry_ranged	true	false	0	30	random	false	
3k_dlc07_unit_wood_dongzhoubing_defenders	0	3k_main_unit_leather_heavy	1900	inf_melee	45	inf_spr	40	0	3k_dlc07_unit_wood_dongzhoubing_defenders	0	22	40	3k_main_unit_1h175_spear	3k_main_unit_bow_wooden_composite	10	3k_main_unit_infantry_rattan	3k_dlc07_unit_wood_dongzhoubing_defenders	3k_infantry_default	none	false	trained	A_blank_record	true	60.0000	800.0000	0.0000	3k_hide_forest_raider_causes_fear	50	50	false	battle_vo_order_spearmen	battle_vo_order_spearmen	battle_vo_order_select	1.0000	10.0000	3k_main_infantry_medium	0	15	0	0	0	0	0	3k_main_infantry_spear	false	false	0	0	random	true	
3k_dlc07_unit_wood_northern_ji_infantry	0	3k_main_unit_iron_partial	1900	inf_melee	34	inf_pik	34	0	3k_dlc07_unit_wood_northern_ji_infantry	0	16	26	3k_main_unit_2h250_polearm_ji		10	none	3k_dlc07_unit_wood_northern_ji_infantry	3k_infantry_default	none	false	trained	A_blank_record	true	50.0000	1000.0000	0.0000	3k_hide_forest_charge_reflector_vs_large_disciplined_fatigue_resistant	50	50	false	battle_vo_order_northern_ji_infantry	battle_vo_order_halberds	battle_vo_order_select	1.0000	10.0000	3k_main_infantry_medium	0	0	0	0	0	0	0	3k_main_infantry_pike	false	false	-20	0	random	true	
3k_dlc07_unit_wood_northern_ji_infantry_captain	0	3k_main_unit_iron_full	1900	inf_melee	45	inf_pik	45	0	3k_dlc07_unit_wood_northern_ji_infantry_captain	0	26	40	3k_main_unit_2h250_polearm_ji		10	none	3k_dlc07_unit_wood_northern_ji_infantry_captain	3k_infantry_elite	none	false	well_trained	A_blank_record	true	60.0000	300.0000	0.0000	3k_hide_forest_charge_reflector_vs_large_disciplined_fatigue_resistant_scare_immune_encourages	50	50	false	battle_vo_order_northern_ji_infantry	battle_vo_order_halberds	battle_vo_order_select	1.0000	10.0000	3k_main_infantry_heavy	0	0	0	0	0	0	0	3k_main_infantry_pike	false	false	-20	0	front	true	
3k_dlc07_unit_wood_northern_spear_guard_captain	0	3k_main_unit_iron_lamellar	1900	inf_melee	50	inf_spr	50	0	3k_dlc07_unit_wood_northern_spear_guard_captain	0	25	43	3k_main_unit_1h175_spear		10	3k_main_unit_infantry_oval_elite	3k_dlc07_unit_wood_northern_spear_guard_captain	3k_infantry_elite	none	false	well_trained	A_blank_record	true	60.0000	300.0000	0.0000	3k_hide_forest_charge_reflector_vs_large_disciplined_fatigue_resistant_scare_immune_encourages	50	50	false	battle_vo_order_northern_spear_guards	battle_vo_order_spearmen	battle_vo_order_select	1.0000	10.0000	3k_main_infantry_heavy	0	0	0	0	0	0	0	3k_main_infantry_spear	false	false	0	0	front	true	
3k_dlc07_unit_wood_northern_spear_guards	0	3k_main_unit_iron_partial	1900	inf_melee	35	inf_spr	100	0	3k_dlc07_unit_wood_northern_spear_guards	0	10	28	3k_main_unit_1h175_spear		10	3k_main_unit_infantry_oval	3k_dlc07_unit_wood_northern_spear_guards	3k_infantry_default	none	false	trained	A_blank_record	true	60.0000	300.0000	0.0000	3k_hide_forest_charge_reflector_vs_large_disciplined_fatigue_resistant	50	50	false	battle_vo_order_northern_spear_guards	battle_vo_order_spearmen	battle_vo_order_select	1.0000	10.0000	3k_main_infantry_medium	0	0	0	0	0	0	0	3k_main_infantry_spear	false	false	0	0	random	true	
3k_dlc07_unit_wood_northern_veteran_ji_infantry	0	3k_main_unit_iron_full	1900	inf_melee	42	inf_pik	42	0	3k_dlc07_unit_wood_northern_veteran_ji_infantry	0	20	36	3k_main_unit_2h250_polearm_ji		10	none	3k_dlc07_unit_wood_northern_veteran_ji_infantry	3k_infantry_elite	none	false	well_trained	A_blank_record	true	50.0000	1000.0000	0.0000	3k_hide_forest_charge_reflector_vs_large_disciplined_fatigue_resistant_scare_immune_encourages	50	50	false	battle_vo_order_northern_veteran_ji_infantry	battle_vo_order_halberds	battle_vo_order_select	1.0000	10.0000	3k_main_infantry_heavy	0	0	0	0	0	0	0	3k_main_infantry_pike	false	false	-20	0	random	true	
3k_dlc07_unit_wood_northern_veteran_spears	0	3k_main_unit_iron_lamellar	1900	inf_melee	45	inf_spr	45	0	3k_dlc07_unit_wood_northern_veteran_spears	0	16	38	3k_main_unit_1h175_spear		10	3k_main_unit_infantry_oval_elite	3k_dlc07_unit_wood_northern_veteran_spears	3k_infantry_elite	none	false	well_trained	A_blank_record	true	60.0000	300.0000	0.0000	3k_hide_forest_charge_reflector_vs_large_disciplined_fatigue_resistant_scare_immune_encourages	50	50	false	battle_vo_order_northern_veteran_spears	battle_vo_order_spearmen	battle_vo_order_select	1.0000	10.0000	3k_main_infantry_heavy	0	0	0	0	0	0	0	3k_main_infantry_spear	false	false	0	0	random	true	
3k_dlc07_unit_wood_quingzhou_halberds	0	3k_main_unit_leather_reinforced	1900	inf_melee	65	inf_pik	91	0	3k_dlc07_unit_wood_quingzhou_halberds	0	6	22	3k_main_unit_2h250_polearm_ji		10	none	3k_dlc07_unit_wood_quingzhou_halberds	3k_infantry_militia	none	false	rabble	A_blank_record	true	50.0000	1000.0000	0.0000	3k_hide_forest_charge_reflector_vs_large_raider	50	50	false	battle_vo_order_quingzhou_halberds	battle_vo_order_halberds	battle_vo_order_select	1.0000	10.0000	3k_main_infantry_light	0	0	0	0	0	0	0	3k_main_infantry_pike	false	false	0	0	random	false	
3k_dlc07_unit_wood_quingzhou_spears	0	3k_main_unit_leather_reinforced	1900	inf_melee	40	inf_spr	91	0	3k_dlc07_unit_wood_quingzhou_spears	0	6	24	3k_main_unit_1h175_spear		10	3k_main_unit_infantry_rattan	3k_dlc07_unit_wood_quingzhou_spears	3k_infantry_militia	none	false	rabble	A_blank_record	true	60.0000	300.0000	0.0000	3k_hide_forest_charge_reflector_vs_large_raider	50	50	false	battle_vo_order_quingzhou_spears	battle_vo_order_spearmen	battle_vo_order_select	1.0000	10.0000	3k_main_infantry_light	0	0	0	0	0	0	0	3k_main_infantry_spear	false	false	0	0	random	false	
3k_dlc07_unit_wood_ye_vanguard_spearmen	0	3k_main_unit_iron_partial	1900	inf_melee	110	inf_spr	110	0	3k_dlc07_unit_wood_ye_vanguard_spearmen	0	22	40	3k_main_unit_1h175_spear	3k_main_unit_crossbow_precursor	10	3k_main_unit_infantry_large	3k_dlc07_unit_wood_ye_vanguard_spearmen	3k_infantry_elite	none	false	well_trained	A_blank_record	true	60.0000	300.0000	0.0000	3k_hide_forest_charge_reflector_vs_large_disciplined_scare_immune_guerrilla_deploy	50	50	false	battle_vo_order_ye_vanguard_spearmen	battle_vo_order_spearmen	battle_vo_order_select	1.0000	10.0000	3k_main_infantry_heavy	0	8	0	0	0	0	0	3k_main_infantry_spear	false	false	0	30	random	true	
3k_main_civilian_rural	0	3k_main_unit_tunic	1900	inf_melee	40	inf_spr	13	0	none	0	40	40	3k_main_unit_2h250_polearm_ji		0	none	none	3k_infantry_militia	none	false	rabble	A_blank_record	true	60.0000	300.0000	0.0000	3k_hide_forest	50	50	false	battle_vo_order_peasants	battle_vo_order_select	battle_vo_order_select	1.0000	0.0000	3k_main_infantry_light	0	0	0	0	0	0	0	3k_main_infantry_spear	false	false	0	0	front	false	
3k_main_civilian_soldier_melee	0	3k_main_unit_iron_partial	1900	inf_melee	40	inf_spr	13	0	none	0	40	40	3k_main_unit_2h250_polearm_ji		0	none	none	3k_infantry_militia	none	false	rabble	A_blank_record	true	60.0000	300.0000	0.0000	3k_hide_forest	50	50	false	battle_vo_order_peasants	battle_vo_order_select	battle_vo_order_select	1.0000	0.0000	3k_main_infantry_light	0	0	0	0	0	0	0	3k_main_infantry_spear	false	false	0	0	front	false	
3k_main_civilian_urban_middle	0	3k_main_unit_tunic	1900	inf_melee	40	inf_mel	13	0	none	0	40	40	3k_main_unit_1h095_sword_single_edge_weak		0	none	none	3k_infantry_militia	none	false	rabble	A_blank_record	true	60.0000	300.0000	0.0000	3k_hide_forest	50	50	false	battle_vo_order_peasants	battle_vo_order_select	battle_vo_order_select	1.0000	0.0000	3k_main_infantry_light	0	0	0	0	0	0	0	3k_main_infantry_melee	false	false	0	0	front	false	
3k_main_civilian_urban_noble	0	3k_main_unit_tunic	1900	inf_melee	40	inf_mel	13	0	none	0	40	40	3k_main_unit_1h095_sword_single_edge_weak		0	none	none	3k_infantry_militia	none	false	rabble	A_blank_record	true	60.0000	300.0000	0.0000	3k_hide_forest	50	50	false	battle_vo_order_peasants	battle_vo_order_select	battle_vo_order_select	1.0000	0.0000	3k_main_infantry_light	0	0	0	0	0	0	0	3k_main_infantry_melee	false	false	0	0	front	false	
3k_main_civilian_urban_poor	0	3k_main_unit_tunic	1900	inf_melee	40	inf_mel	13	0	none	0	40	40	3k_main_unit_1h095_sword_single_edge_weak		0	none	none	3k_infantry_militia	none	false	rabble	A_blank_record	true	60.0000	300.0000	0.0000	3k_hide_forest	50	50	false	battle_vo_order_peasants	battle_vo_order_select	battle_vo_order_select	1.0000	0.0000	3k_main_infantry_light	0	0	0	0	0	0	0	3k_main_infantry_melee	false	false	0	0	front	false	
3k_main_civilian_urban_rich	0	3k_main_unit_tunic	1900	inf_melee	40	inf_mel	13	0	none	0	40	40	3k_main_unit_1h095_sword_single_edge_weak		0	none	none	3k_infantry_militia	none	false	rabble	A_blank_record	true	60.0000	300.0000	0.0000	3k_hide_forest	50	50	false	battle_vo_order_peasants	battle_vo_order_select	battle_vo_order_select	1.0000	0.0000	3k_main_infantry_light	0	0	0	0	0	0	0	3k_main_infantry_melee	false	false	0	0	front	false	
3k_main_civilian_wandering_hero_female	0	3k_main_unit_leather_heavy	1900	inf_melee	40	inf_mel	13	0	none	0	40	40	3k_main_general_1h095_sword_double_edge_common		0	none	none	3k_infantry_militia	none	false	rabble	A_blank_record	false	60.0000	300.0000	0.0000	3k_hide_forest	50	50	false	battle_vo_order_peasants	battle_vo_order_select	battle_vo_order_select	1.0000	0.0000	3k_main_infantry_light	0	10	0	0	0	0	0	3k_main_infantry_melee	false	false	0	0	front	true	
3k_main_civilian_wandering_hero_male	0	3k_main_unit_leather_heavy	1900	inf_melee	40	inf_mel	13	0	none	0	40	40	3k_main_general_1h095_sword_double_edge_common		0	none	none	3k_infantry_militia	none	false	rabble	A_blank_record	true	60.0000	300.0000	0.0000	3k_hide_forest	50	50	false	battle_vo_order_peasants	battle_vo_order_select	battle_vo_order_select	1.0000	0.0000	3k_main_infantry_light	0	10	0	0	0	0	0	3k_main_infantry_melee	false	false	0	0	front	true	
3k_main_general_earth_cao_cao	0	3k_main_hero_cao_cao_unique	2450	cavalry	154	com	39	0	none	0	0	60	3k_main_general_1h095_sword_double_edge_common		5	none	none	3k_cavalry_elite	none	false	elite	A_blank_record	true	50.0000	1000.0000	0.0000	3k_hide_forest	50	50	false	battle_vo_order_hero_select	battle_vo_order_select	battle_vo_order_select	1.0000	10.0000	3k_main_cavalry_heavy	0	0	0	0	0	0	0	3k_main_general_commander	false	false	0	0	front	false	
3k_main_general_earth_generic	0	3k_main_unit_iron_lamellar	2450	cavalry	154	com	39	0	none	0	0	50	3k_main_general_1h095_sword_double_edge_common		5	none	none	3k_cavalry_elite	none	false	elite	A_blank_record	true	50.0000	1000.0000	0.0000	3k_hide_forest	50	50	false	battle_vo_order_hero_select	battle_vo_order_select	battle_vo_order_select	1.0000	10.0000	3k_main_cavalry_heavy	0	0	0	0	0	0	0	3k_main_general_commander	false	false	0	0	front	false	
3k_main_general_earth_liu_bei	0	3k_main_hero_liu_bei_unique	2450	cavalry	154	com	39	0	none	0	0	50	3k_main_general_dw095_shuang_gu_jian_unique		5	none	none	3k_cavalry_elite	none	false	elite	A_blank_record	true	50.0000	1000.0000	0.0000	3k_hide_forest	50	50	false	battle_vo_order_hero_select	battle_vo_order_select	battle_vo_order_select	1.0000	10.0000	3k_main_cavalry_medium	0	0	0	0	0	0	0	3k_main_general_commander	false	false	0	0	front	false	
3k_main_general_earth_liu_biao	0	3k_main_hero_liu_biao_unique	2450	cavalry	154	com	39	0	none	0	0	50	3k_main_general_1h095_sword_single_edge_common		5	none	none	3k_cavalry_default	none	false	elite	A_blank_record	true	50.0000	1000.0000	0.0000	3k_hide_forest	50	50	false	battle_vo_order_hero_select	battle_vo_order_select	battle_vo_order_select	1.0000	10.0000	3k_main_cavalry_light	0	0	0	0	0	0	0	3k_main_general_commander	false	false	0	0	front	false	
3k_main_general_earth_liu_zhang	0	3k_main_hero_liu_zhang_unique	2450	cavalry	154	com	39	0	none	0	0	50	3k_main_general_1h095_sword_single_edge_common		5	none	none	3k_cavalry_default	none	false	elite	A_blank_record	true	50.0000	1000.0000	0.0000	3k_hide_forest	50	50	false	battle_vo_order_hero_select	battle_vo_order_select	battle_vo_order_select	1.0000	10.0000	3k_main_cavalry_light	0	0	0	0	0	0	0	3k_main_general_commander	false	false	0	0	front	false	
3k_main_general_earth_sun_quan	0	3k_main_hero_sun_quan_unique	2450	cavalry	154	com	39	0	none	0	0	50	3k_main_general_1h095_sword_double_edge_common		5	none	none	3k_cavalry_default	none	false	elite	A_blank_record	true	50.0000	1000.0000	0.0000	3k_hide_forest	50	50	false	battle_vo_order_hero_select	battle_vo_order_select	battle_vo_order_select	1.0000	10.0000	3k_main_cavalry_medium	0	0	0	0	0	0	0	3k_main_general_commander	false	false	0	0	front	false	
3k_main_general_earth_yuan_shao	0	3k_main_hero_yuan_shao_unique	2450	cavalry	154	com	39	0	none	0	0	50	3k_main_general_1h095_sword_double_edge_common		5	none	none	3k_cavalry_default	none	false	elite	A_blank_record	true	50.0000	1000.0000	0.0000	3k_hide_forest	50	50	false	battle_vo_order_hero_select	battle_vo_order_select	battle_vo_order_select	1.0000	10.0000	3k_main_cavalry_heavy	0	0	0	0	0	0	0	3k_main_general_commander	false	false	0	0	front	false	
3k_main_general_earth_yuan_shu	0	3k_main_hero_yuan_shu_unique	2450	cavalry	154	com	39	0	none	0	0	50	3k_main_general_1h095_sword_double_edge_common		5	none	none	3k_cavalry_default	none	false	elite	A_blank_record	true	50.0000	1000.0000	0.0000	3k_hide_forest	50	50	false	battle_vo_order_hero_select	battle_vo_order_select	battle_vo_order_select	1.0000	10.0000	3k_main_cavalry_light	0	0	0	0	0	0	0	3k_main_general_commander	false	false	0	0	front	false	
3k_main_general_fire_dong_zhuo	0	3k_main_hero_dong_zhuo_unique	2450	cavalry	241	com	60	0	none	0	0	24	3k_main_general_1h095_blade_of_xiang_yu_unique		5	none	none	3k_cavalry_elite	none	false	elite	A_blank_record	true	50.0000	1000.0000	0.0000	3k_hide_forest	50	50	false	battle_vo_order_hero_select	battle_vo_order_select	battle_vo_order_select	1.0000	10.0000	3k_main_cavalry_heavy	0	0	0	0	0	0	0	3k_main_general_vanguard	false	false	0	0	front	false	
3k_main_general_fire_gan_ning	0	3k_main_hero_gan_ning_unique	2450	cavalry	334	com	84	0	none	0	0	24	3k_main_general_1h095_short_ji_exceptional		5	none	none	3k_cavalry_default	none	false	elite	A_blank_record	true	50.0000	1000.0000	0.0000	3k_hide_forest	50	50	false	battle_vo_order_hero_select	battle_vo_order_select	battle_vo_order_select	1.0000	10.0000	3k_main_cavalry_heavy	0	0	0	0	0	0	0	3k_main_general_vanguard	false	false	0	0	front	false	
3k_main_general_fire_generic	0	3k_main_unit_iron_full	2450	cavalry	241	com	60	0	none	0	0	24	3k_main_general_2h175_spear_common		5	none	none	3k_cavalry_elite	none	false	elite	A_blank_record	true	50.0000	1000.0000	0.0000	3k_hide_forest	50	50	false	battle_vo_order_hero_select	battle_vo_order_select	battle_vo_order_select	1.0000	10.0000	3k_main_cavalry_heavy	0	0	0	0	0	0	0	3k_main_general_vanguard	false	false	0	0	front	false	
3k_main_general_fire_gongsun_zan	0	3k_main_hero_gongsun_zan_unique	2450	cavalry	241	com	60	0	none	0	0	14	3k_main_general_2h175_ma_su_unique		5	none	none	3k_cavalry_default	none	false	elite	A_blank_record	true	50.0000	1000.0000	0.0000	3k_hide_forest	50	50	false	battle_vo_order_hero_select	battle_vo_order_select	battle_vo_order_select	1.0000	10.0000	3k_main_cavalry_heavy	0	0	0	0	0	0	0	3k_main_general_vanguard	false	false	0	0	front	false	
3k_main_general_fire_lady_sun	0	3k_main_hero_lady_sun_unique	2450	cavalry	241	com	60	0	none	0	0	24	3k_main_general_1h095_sword_single_edge_common		5	none	none	3k_cavalry_elite	none	false	elite	A_blank_record	false	50.0000	1000.0000	0.0000	3k_hide_forest	50	50	false	battle_vo_order_hero_select	battle_vo_order_select	battle_vo_order_select	1.0000	10.0000	3k_main_cavalry_heavy	0	0	0	0	0	0	0	3k_main_general_vanguard	false	false	0	0	front	true	
3k_main_general_fire_lu_bu	0	3k_main_hero_lu_bu_unique	2450	cavalry	334	com	84	0	none	0	0	24	3k_main_general_2h175_sky_piercer_unique		5	none	none	3k_cavalry_elite	none	false	elite	A_blank_record	true	50.0000	1000.0000	0.0000	3k_hide_forest	50	50	false	battle_vo_order_hero_select	battle_vo_order_select	battle_vo_order_select	1.0000	10.0000	3k_main_cavalry_heavy	0	0	0	0	0	0	0	3k_main_general_vanguard	false	false	0	0	front	false	
3k_main_general_fire_ma_chao	0	3k_main_hero_ma_chao_unique	2450	cavalry	334	com	84	0	none	0	0	24	3k_main_general_2h175_spear_common		5	none	none	3k_cavalry_elite	none	false	elite	A_blank_record	true	50.0000	1000.0000	0.0000	3k_hide_forest	50	50	false	battle_vo_order_hero_select	battle_vo_order_select	battle_vo_order_select	1.0000	10.0000	3k_main_cavalry_heavy	0	0	0	0	0	0	0	3k_main_general_vanguard	false	false	0	0	front	false	
3k_main_general_fire_ma_teng	0	3k_main_hero_ma_teng_unique	2450	cavalry	241	com	60	0	none	0	0	24	3k_main_general_2h175_spear_common		5	none	none	3k_cavalry_elite	none	false	elite	A_blank_record	true	50.0000	1000.0000	0.0000	3k_hide_forest	50	50	false	battle_vo_order_hero_select	battle_vo_order_select	battle_vo_order_select	1.0000	10.0000	3k_main_cavalry_heavy	0	0	0	0	0	0	0	3k_main_general_vanguard	false	false	0	0	front	false	
3k_main_general_fire_sun_ce	0	3k_main_hero_sun_ce_unique	2450	cavalry	334	com	84	0	none	0	0	24	3k_main_general_1h095_sword_double_edge_common		5	none	none	3k_cavalry_elite	none	false	elite	A_blank_record	true	50.0000	1000.0000	0.0000	3k_hide_forest	50	50	false	battle_vo_order_hero_select	battle_vo_order_select	battle_vo_order_select	1.0000	10.0000	3k_main_cavalry_medium	0	0	0	0	0	0	0	3k_main_general_vanguard	false	false	0	0	front	false	
3k_main_general_fire_xiahou_yuan	0	3k_main_hero_xiahou_yuan_unique	2450	cavalry	241	com	60	0	none	0	0	24	3k_main_general_2h175_spear_common		5	none	none	3k_cavalry_default	none	false	elite	A_blank_record	true	50.0000	1000.0000	0.0000	3k_hide_forest	50	50	false	battle_vo_order_hero_select	battle_vo_order_select	battle_vo_order_select	1.0000	10.0000	3k_main_cavalry_heavy	0	0	0	0	0	0	0	3k_main_general_vanguard	false	false	0	0	front	false	
3k_main_general_fire_zhang_fei	0	3k_main_hero_zhang_fei_unique	2450	cavalry	334	com	84	0	none	0	0	24	3k_main_general_2h175_serpent_spear_unique		5	none	none	3k_cavalry_default	none	false	elite	A_blank_record	true	50.0000	1000.0000	0.0000	3k_hide_forest	50	50	false	battle_vo_order_hero_select	battle_vo_order_select	battle_vo_order_select	1.0000	10.0000	3k_main_cavalry_heavy	0	0	0	0	0	0	0	3k_main_general_vanguard	false	false	0	0	front	false	
3k_main_general_metal_generic	0	3k_main_unit_leather_heavy	2450	cavalry	150	com	38	0	none	0	0	34	3k_main_general_1h095_sword_double_edge_common		5	none	none	3k_cavalry_elite	none	false	elite	A_blank_record	true	50.0000	1000.0000	0.0000	3k_hide_forest	50	50	false	battle_vo_order_hero_select	battle_vo_order_select	battle_vo_order_select	1.0000	10.0000	3k_main_cavalry_medium	0	0	0	0	0	0	0	3k_main_general_sentinel	false	false	0	0	front	false	
3k_main_general_metal_han_sui	0	3k_main_hero_han_sui_unique	2450	cavalry	150	com	38	0	none	0	0	34	3k_main_general_2h175_spear_common		5	none	none	3k_cavalry_default	none	false	elite	A_blank_record	true	50.0000	1000.0000	0.0000	3k_hide_forest	50	50	false	battle_vo_order_hero_select	battle_vo_order_select	battle_vo_order_select	1.0000	10.0000	3k_main_cavalry_heavy	0	0	0	0	0	0	0	3k_main_general_sentinel	false	false	0	0	front	false	
3k_main_general_metal_huang_zhong	0	3k_main_hero_huang_zhong_unique	2450	cavalry	150	com	38	0	none	0	0	34	3k_main_general_1h095_sword_double_edge_common		5	none	none	3k_cavalry_elite	none	false	elite	A_blank_record	true	50.0000	1000.0000	0.0000	3k_hide_forest	50	50	false	battle_vo_order_hero_select	battle_vo_order_select	battle_vo_order_select	1.0000	10.0000	3k_main_cavalry_medium	0	0	0	0	0	0	0	3k_main_general_sentinel	false	true	0	0	front	false	
3k_main_general_metal_sun_jian	0	3k_main_hero_sun_jian_unique	2450	cavalry	150	com	38	0	none	0	0	34	3k_main_general_1h095_sword_double_edge_common		5	none	none	3k_cavalry_default	none	false	elite	A_blank_record	true	50.0000	1000.0000	0.0000	3k_hide_forest	50	50	false	battle_vo_order_hero_select	battle_vo_order_select	battle_vo_order_select	1.0000	10.0000	3k_main_cavalry_medium	0	0	0	0	0	0	0	3k_main_general_sentinel	false	false	0	0	front	false	
3k_main_general_metal_taishi_ci	0	3k_main_hero_taishi_ci_unique	2450	cavalry	150	com	38	0	none	0	0	34	3k_main_general_1h095_sword_double_edge_common		5	none	none	3k_cavalry_elite	none	false	elite	A_blank_record	true	50.0000	1000.0000	0.0000	3k_hide_forest	50	50	false	battle_vo_order_hero_select	battle_vo_order_select	battle_vo_order_select	1.0000	10.0000	3k_main_cavalry_medium	0	0	0	0	0	0	0	3k_main_general_sentinel	false	true	0	0	front	false	
3k_main_general_metal_xu_huang	0	3k_main_hero_xu_huang_unique	2450	cavalry	150	com	38	0	none	0	0	34	3k_main_general_2h175_cleaver_of_mountains_unique		5	none	none	3k_cavalry_default	none	false	elite	A_blank_record	true	50.0000	1000.0000	0.0000	3k_hide_forest	50	50	false	battle_vo_order_hero_select	battle_vo_order_select	battle_vo_order_select	1.0000	10.0000	3k_main_cavalry_heavy	0	0	0	0	0	0	0	3k_main_general_sentinel	false	false	0	0	front	false	
3k_main_general_metal_yue_jin	0	3k_main_hero_yue_jin_unique	2450	cavalry	150	com	38	0	none	0	0	34	3k_main_general_1h095_sword_double_edge_common		5	none	none	3k_cavalry_default	none	false	elite	A_blank_record	true	50.0000	1000.0000	0.0000	3k_hide_forest	50	50	false	battle_vo_order_hero_select	battle_vo_order_select	battle_vo_order_select	1.0000	10.0000	3k_main_cavalry_heavy	0	0	0	0	0	0	0	3k_main_general_sentinel	false	false	0	0	front	false	
3k_main_general_metal_zhang_liao	0	3k_main_hero_zhang_liao_unique	2450	cavalry	150	com	38	0	none	0	0	34	3k_main_general_1h095_sword_double_edge_common		5	none	none	3k_cavalry_default	none	false	elite	A_blank_record	true	50.0000	1000.0000	0.0000	3k_hide_forest	50	50	false	battle_vo_order_hero_select	battle_vo_order_select	battle_vo_order_select	1.0000	10.0000	3k_main_cavalry_heavy	0	0	0	0	0	0	0	3k_main_general_sentinel	false	false	0	0	front	false	
3k_main_general_metal_zhao_yun	0	3k_main_hero_zhao_yun_unique	2450	cavalry	150	com	38	0	none	0	0	34	3k_main_general_2h175_spear_common		5	none	none	3k_cavalry_default	none	false	elite	A_blank_record	true	50.0000	1000.0000	0.0000	3k_hide_forest	50	50	false	battle_vo_order_hero_select	battle_vo_order_select	battle_vo_order_select	1.0000	10.0000	3k_main_cavalry_heavy	0	0	0	0	0	0	0	3k_main_general_sentinel	false	false	0	0	front	false	
3k_main_general_water_generic	0	3k_main_unit_tunic	2450	cavalry	34	com	9	0	none	0	0	23	3k_main_general_1h095_sword_single_edge_common		5	none	none	3k_cavalry_elite	none	false	elite	A_blank_record	true	50.0000	1000.0000	0.0000	3k_hide_forest	50	50	false	battle_vo_order_hero_select	battle_vo_order_select	battle_vo_order_select	1.0000	10.0000	3k_main_cavalry_light	0	0	0	0	0	0	0	3k_main_hero_strategist	true	true	-100	0	front	false	
3k_main_general_water_kong_rong	0	3k_main_hero_kong_rong_unique	2450	cavalry	34	com	9	0	none	0	0	23	3k_main_general_1h095_sword_single_edge_common		5	none	none	3k_cavalry_default	none	false	elite	A_blank_record	true	50.0000	1000.0000	0.0000	3k_hide_forest	50	50	false	battle_vo_order_hero_select	battle_vo_order_select	battle_vo_order_select	1.0000	10.0000	3k_main_cavalry_light	0	0	0	0	0	0	0	3k_main_hero_strategist	false	true	-100	0	front	false	
3k_main_general_water_sima_yi	0	3k_main_hero_sima_yi_unique	2450	cavalry	34	com	9	0	none	0	0	23	3k_main_general_1h095_sword_single_edge_common		5	none	none	3k_cavalry_default	none	false	elite	A_blank_record	true	50.0000	1000.0000	0.0000	3k_hide_forest	50	50	false	battle_vo_order_hero_select	battle_vo_order_select	battle_vo_order_select	1.0000	10.0000	3k_main_cavalry_light	0	0	0	0	0	0	0	3k_main_hero_strategist	false	true	-100	0	front	false	
3k_main_general_water_tao_qian	0	3k_main_hero_tao_qian_unique	2450	cavalry	34	com	9	0	none	0	0	23	3k_main_general_1h095_sword_single_edge_common		5	none	none	3k_cavalry_default	none	false	elite	A_blank_record	true	50.0000	1000.0000	0.0000	3k_hide_forest	50	50	false	battle_vo_order_hero_select	battle_vo_order_select	battle_vo_order_select	1.0000	10.0000	3k_main_cavalry_light	0	0	0	0	0	0	0	3k_main_hero_strategist	false	true	-100	0	front	false	
3k_main_general_water_zhou_yu	0	3k_main_hero_zhou_yu_unique	2450	cavalry	34	com	9	0	none	0	0	23	3k_main_general_1h095_sword_single_edge_common		5	none	none	3k_cavalry_default	none	false	elite	A_blank_record	true	50.0000	1000.0000	0.0000	3k_hide_forest	50	50	false	battle_vo_order_hero_select	battle_vo_order_select	battle_vo_order_select	1.0000	10.0000	3k_main_cavalry_medium	0	0	0	0	0	0	0	3k_main_hero_strategist	false	true	-100	0	front	false	
3k_main_general_water_zhuge_liang	0	3k_main_hero_zhuge_liang_unique	2450	cavalry	34	com	9	0	none	0	0	23	3k_main_general_1h095_sword_single_edge_common		5	none	none	3k_cavalry_default	none	false	elite	A_blank_record	true	50.0000	1000.0000	0.0000	3k_hide_forest	50	50	false	battle_vo_order_hero_select	battle_vo_order_select	battle_vo_order_select	1.0000	10.0000	3k_main_cavalry_light	0	0	0	0	0	0	0	3k_main_hero_strategist	false	true	-100	0	front	false	
3k_main_general_wood_dian_wei	0	3k_main_hero_dian_wei_unique	2450	cavalry	215	com	54	0	none	0	0	70	3k_main_general_dw095_short_ji_exceptional		5	none	none	3k_cavalry_default	none	false	elite	A_blank_record	true	50.0000	1000.0000	0.0000	3k_hide_forest	50	50	false	battle_vo_order_hero_select	battle_vo_order_select	battle_vo_order_select	1.0000	10.0000	3k_main_cavalry_heavy	0	0	0	0	0	0	0	3k_main_general_champion	false	false	0	0	front	false	
3k_main_general_wood_generic	0	3k_main_unit_iron_full	2450	cavalry	215	com	54	0	none	0	0	60	3k_main_general_2h175_spear_common		5	none	none	3k_cavalry_elite	none	false	elite	A_blank_record	true	50.0000	1000.0000	0.0000	3k_hide_forest	50	50	false	battle_vo_order_hero_select	battle_vo_order_select	battle_vo_order_select	1.0000	10.0000	3k_main_cavalry_heavy	0	0	0	0	0	0	0	3k_main_general_champion	false	false	0	0	front	false	
3k_main_general_wood_guan_yu	0	3k_main_hero_guan_yu_unique	2450	cavalry	215	com	54	0	none	0	0	70	3k_main_general_2h175_green_dragon_sabre_unique		5	none	none	3k_cavalry_elite	none	false	elite	A_blank_record	true	50.0000	1000.0000	0.0000	3k_hide_forest	50	50	false	battle_vo_order_hero_select	battle_vo_order_select	battle_vo_order_select	1.0000	10.0000	3k_main_cavalry_heavy	0	0	0	0	0	0	0	3k_main_general_champion	false	false	0	0	front	false	
3k_main_general_wood_xiahou_dun	0	3k_main_hero_xiahou_dun_unique	2450	cavalry	215	com	54	0	none	0	0	70	3k_main_general_2h175_spear_common		5	none	none	3k_cavalry_default	none	false	elite	A_blank_record	true	50.0000	1000.0000	0.0000	3k_hide_forest	50	50	false	battle_vo_order_hero_select	battle_vo_order_select	battle_vo_order_select	1.0000	10.0000	3k_main_cavalry_heavy	0	0	0	0	0	0	0	3k_main_general_champion	false	false	0	0	front	false	
3k_main_general_wood_xu_chu	0	3k_main_hero_xu_chu_unique	2450	cavalry	215	com	54	0	none	0	0	70	3k_main_general_2h175_giant_mace_unique		5	none	none	3k_cavalry_default	none	false	elite	A_blank_record	true	50.0000	1000.0000	0.0000	3k_hide_forest	50	50	false	battle_vo_order_hero_select	battle_vo_order_select	battle_vo_order_select	1.0000	10.0000	3k_main_cavalry_medium	0	0	0	0	0	0	0	3k_main_general_champion	false	false	0	0	front	false	
3k_main_general_wood_zhang_yan	0	3k_main_hero_zhang_yan_unique	2450	cavalry	215	com	54	0	none	0	0	60	3k_main_general_dw095_axe_exceptional		5	none	none	3k_cavalry_default	none	false	elite	A_blank_record	true	50.0000	1000.0000	0.0000	3k_hide_forest	50	50	false	battle_vo_order_hero_select	battle_vo_order_select	battle_vo_order_select	1.0000	10.0000	3k_main_cavalry_heavy	0	0	0	0	0	0	0	3k_main_general_champion	false	false	0	0	front	false	
3k_main_general_wood_zheng_jiang	0	3k_main_hero_zheng_jiang_unique	2450	cavalry	215	com	54	0	none	0	0	70	3k_main_general_dw095_axe_exceptional		5	none	none	3k_cavalry_militia	none	false	elite	A_blank_record	false	50.0000	1000.0000	0.0000	3k_hide_forest	50	50	false	battle_vo_order_hero_select	battle_vo_order_select	battle_vo_order_select	1.0000	10.0000	3k_main_cavalry_heavy	0	0	0	0	0	0	0	3k_main_general_champion	false	false	0	0	front	false	
3k_main_hero_earth_cao_cao	0	3k_main_hero_cao_cao_unique	2450	cavalry	154	com	39	0	none	0	0	60	3k_main_hero_1h095_trust_of_god_unique		1	none	none	3k_hero	none	false	elite	A_blank_record	true	50.0000	1000.0000	0.0000	3k_hide_forest	50	50	false	battle_vo_order_hero_select	battle_vo_order_select	battle_vo_order_select	1.0000	25.0000	3k_main_cavalry_heavy	0	10	0	0	0	0	0	3k_main_hero_commander	false	false	0	0	front	true	
3k_main_hero_earth_generic	0	3k_main_unit_iron_lamellar	2450	cavalry	154	com	39	0	none	0	0	55	3k_main_hero_1h095_sword_double_edge_unique		1	none	none	3k_cavalry_elite	none	false	elite	A_blank_record	true	50.0000	1000.0000	0.0000	3k_hide_forest	50	50	false	battle_vo_order_hero_select	battle_vo_order_select	battle_vo_order_select	1.0000	25.0000	3k_main_cavalry_heavy	0	10	0	0	0	0	0	3k_main_hero_commander	false	false	0	0	front	true	
3k_main_hero_earth_liu_bei	0	3k_main_hero_liu_bei_unique	2450	cavalry	154	com	39	0	none	0	0	55	3k_main_hero_dw095_shuang_gu_jian_unique		1	none	none	3k_hero	none	false	elite	A_blank_record	true	50.0000	1000.0000	0.0000	3k_hide_forest	50	50	false	battle_vo_order_hero_select	battle_vo_order_select	battle_vo_order_select	1.0000	25.0000	3k_main_cavalry_medium	0	10	0	0	0	0	0	3k_main_hero_commander	false	false	0	0	front	true	
3k_main_hero_earth_liu_biao	0	3k_main_hero_liu_biao_unique	2450	cavalry	154	com	39	0	none	0	0	55	3k_main_hero_1h095_sword_double_edge_unique		1	none	none	3k_hero	none	false	elite	A_blank_record	true	50.0000	1000.0000	0.0000	3k_hide_forest	50	50	false	battle_vo_order_hero_select	battle_vo_order_select	battle_vo_order_select	1.0000	25.0000	3k_main_cavalry_light	0	10	0	0	0	0	0	3k_main_hero_commander	false	false	0	0	front	true	
3k_main_hero_earth_liu_zhang	0	3k_main_hero_liu_zhang_unique	2450	cavalry	154	com	39	0	none	0	0	55	3k_main_hero_1h095_sword_double_edge_unique		1	none	none	3k_hero	none	false	elite	A_blank_record	true	50.0000	1000.0000	0.0000	3k_hide_forest	50	50	false	battle_vo_order_hero_select	battle_vo_order_select	battle_vo_order_select	1.0000	25.0000	3k_main_cavalry_light	0	10	0	0	0	0	0	3k_main_hero_commander	false	false	0	0	front	true	
3k_main_hero_earth_sun_quan	0	3k_main_hero_sun_quan_unique	2450	cavalry	154	com	39	0	none	0	0	55	3k_main_hero_1h095_sword_double_edge_unique		1	none	none	3k_hero	none	false	elite	A_blank_record	true	50.0000	1000.0000	0.0000	3k_hide_forest	50	50	false	battle_vo_order_hero_select	battle_vo_order_select	battle_vo_order_select	1.0000	25.0000	3k_main_cavalry_medium	0	10	0	0	0	0	0	3k_main_hero_commander	false	false	0	0	front	true	
3k_main_hero_earth_yuan_shao	0	3k_main_hero_yuan_shao_unique	2450	cavalry	154	com	39	0	none	0	0	55	3k_main_hero_1h095_sword_double_edge_unique		1	none	none	3k_hero	none	false	elite	A_blank_record	true	50.0000	1000.0000	0.0000	3k_hide_forest	50	50	false	battle_vo_order_hero_select	battle_vo_order_select	battle_vo_order_select	1.0000	25.0000	3k_main_cavalry_heavy	0	10	0	0	0	0	0	3k_main_hero_commander	false	false	0	0	front	true	
3k_main_hero_earth_yuan_shu	0	3k_main_hero_yuan_shu_unique	2450	cavalry	154	com	39	0	none	0	0	55	3k_main_hero_1h095_sword_double_edge_unique		1	none	none	3k_hero	none	false	elite	A_blank_record	true	50.0000	1000.0000	0.0000	3k_hide_forest	50	50	false	battle_vo_order_hero_select	battle_vo_order_select	battle_vo_order_select	1.0000	25.0000	3k_main_cavalry_light	0	10	0	0	0	0	0	3k_main_hero_commander	false	false	0	0	front	true	
3k_main_hero_fire_dong_zhuo	0	3k_main_hero_dong_zhuo_unique	2450	cavalry	241	com	60	0	none	0	0	40	3k_main_hero_1h095_blade_of_xiang_yu_unique		1	none	none	3k_hero	none	false	elite	A_blank_record	true	50.0000	1000.0000	0.0000	3k_hide_forest	50	50	false	battle_vo_order_hero_select	battle_vo_order_select	battle_vo_order_select	1.0000	25.0000	3k_main_cavalry_heavy	0	10	0	0	0	0	0	3k_main_hero_vanguard	false	false	0	0	front	true	
3k_main_hero_fire_gan_ning	0	3k_main_hero_gan_ning_unique	2450	cavalry	334	com	84	0	none	0	0	40	3k_main_hero_1h095_short_ji_exceptional		1	none	none	3k_hero	none	false	elite	A_blank_record	true	50.0000	1000.0000	0.0000	3k_hide_forest	50	50	false	battle_vo_order_hero_select	battle_vo_order_select	battle_vo_order_select	1.0000	25.0000	3k_main_cavalry_heavy	0	10	0	0	0	0	0	3k_main_hero_vanguard	false	false	0	0	front	true	
3k_main_hero_fire_generic	0	3k_main_unit_iron_full	2450	cavalry	241	com	60	0	none	0	0	40	3k_main_hero_2h175_spear_unique		1	none	none	3k_hero	none	false	elite	A_blank_record	true	50.0000	1000.0000	0.0000	3k_hide_forest	50	50	false	battle_vo_order_hero_select	battle_vo_order_select	battle_vo_order_select	1.0000	25.0000	3k_main_cavalry_heavy	0	10	0	0	0	0	0	3k_main_hero_vanguard	false	false	0	0	front	true	
3k_main_hero_fire_gongsun_zan	0	3k_main_hero_gongsun_zan_unique	2450	cavalry	334	com	84	0	none	0	0	40	3k_main_hero_2h175_ma_su_unique		1	none	none	3k_hero	none	false	elite	A_blank_record	true	50.0000	1000.0000	0.0000	3k_hide_forest	50	50	false	battle_vo_order_hero_select	battle_vo_order_select	battle_vo_order_select	1.0000	25.0000	3k_main_cavalry_heavy	0	10	0	0	0	0	0	3k_main_hero_vanguard	false	false	0	0	front	true	
3k_main_hero_fire_lady_sun	0	3k_main_hero_lady_sun_unique	2450	cavalry	241	com	60	0	none	0	0	40	3k_main_hero_1h095_sword_double_edge_unique		1	none	none	3k_hero	none	false	elite	A_blank_record	false	50.0000	1000.0000	0.0000	3k_hide_forest	50	50	false	battle_vo_order_hero_select	battle_vo_order_select	battle_vo_order_select	1.0000	25.0000	3k_main_cavalry_heavy	0	10	0	0	0	0	0	3k_main_hero_vanguard	false	false	0	0	front	true	
3k_main_hero_fire_lu_bu	0	3k_main_hero_lu_bu_unique	2450	cavalry	334	com	84	0	none	0	0	40	3k_main_hero_2h175_sky_piercer_unique		1	none	none	3k_hero	none	false	elite	A_blank_record	true	50.0000	1000.0000	0.0000	3k_hide_forest	50	50	false	battle_vo_order_hero_select	battle_vo_order_select	battle_vo_order_select	1.0000	25.0000	3k_main_cavalry_heavy	0	10	0	0	0	0	0	3k_main_hero_vanguard	false	false	0	0	front	true	
3k_main_hero_fire_ma_chao	0	3k_main_hero_ma_chao_unique	2450	cavalry	334	com	84	0	none	0	0	40	3k_main_hero_2h175_spear_unique		1	none	none	3k_hero	none	false	elite	A_blank_record	true	50.0000	1000.0000	0.0000	3k_hide_forest	50	50	false	battle_vo_order_hero_select	battle_vo_order_select	battle_vo_order_select	1.0000	25.0000	3k_main_cavalry_heavy	0	10	0	0	0	0	0	3k_main_hero_vanguard	false	false	0	0	front	true	
3k_main_hero_fire_ma_teng	0	3k_main_hero_ma_teng_unique	2450	cavalry	241	com	60	0	none	0	0	40	3k_main_hero_2h175_spear_unique		1	none	none	3k_hero	none	false	elite	A_blank_record	true	50.0000	1000.0000	0.0000	3k_hide_forest	50	50	false	battle_vo_order_hero_select	battle_vo_order_select	battle_vo_order_select	1.0000	25.0000	3k_main_cavalry_heavy	0	10	0	0	0	0	0	3k_main_hero_vanguard	false	false	0	0	front	true	
3k_main_hero_fire_sun_ce	0	3k_main_hero_sun_ce_unique	2450	cavalry	334	com	84	0	none	0	0	40	3k_main_hero_1h095_ancient_silver_sword_unique		1	none	none	3k_hero	none	false	elite	A_blank_record	true	50.0000	1000.0000	0.0000	3k_hide_forest	50	50	false	battle_vo_order_hero_select	battle_vo_order_select	battle_vo_order_select	1.0000	25.0000	3k_main_cavalry_medium	0	10	0	0	0	0	0	3k_main_hero_vanguard	false	false	0	0	front	true	
3k_main_hero_fire_xiahou_yuan	0	3k_main_hero_xiahou_yuan_unique	2450	cavalry	241	com	60	0	none	0	0	40	3k_main_hero_2h175_spear_unique		1	none	none	3k_hero	none	false	elite	A_blank_record	true	50.0000	1000.0000	0.0000	3k_hide_forest	50	50	false	battle_vo_order_hero_select	battle_vo_order_select	battle_vo_order_select	1.0000	25.0000	3k_main_cavalry_heavy	0	10	0	0	0	0	0	3k_main_hero_vanguard	false	false	0	0	front	true	
3k_main_hero_fire_zhang_fei	0	3k_main_hero_zhang_fei_unique	2450	cavalry	334	com	84	0	none	0	0	40	3k_main_hero_2h175_serpent_spear_unique		1	none	none	3k_hero	none	false	elite	A_blank_record	true	50.0000	1000.0000	0.0000	3k_hide_forest	50	50	false	battle_vo_order_hero_select	battle_vo_order_select	battle_vo_order_select	1.0000	25.0000	3k_main_cavalry_heavy	0	10	0	0	0	0	0	3k_main_hero_vanguard	false	false	0	0	front	true	
3k_main_hero_metal_generic	0	3k_main_unit_leather_heavy	2450	cavalry	150	com	38	0	none	0	0	45	3k_main_hero_1h095_sword_double_edge_unique		1	none	none	3k_cavalry_elite	none	false	elite	A_blank_record	true	50.0000	1000.0000	0.0000	3k_hide_forest	50	50	false	battle_vo_order_hero_select	battle_vo_order_select	battle_vo_order_select	1.0000	25.0000	3k_main_cavalry_medium	0	10	0	0	0	0	0	3k_main_hero_sentinel	false	false	0	0	front	true	
3k_main_hero_metal_han_sui	0	3k_main_hero_han_sui_unique	2450	cavalry	150	com	38	0	none	0	0	45	3k_main_hero_2h175_spear_unique		1	none	none	3k_hero	none	false	elite	A_blank_record	true	50.0000	1000.0000	0.0000	3k_hide_forest	50	50	false	battle_vo_order_hero_select	battle_vo_order_select	battle_vo_order_select	1.0000	25.0000	3k_main_cavalry_heavy	0	10	0	0	0	0	0	3k_main_hero_sentinel	false	false	0	0	front	true	
3k_main_hero_metal_huang_zhong	0	3k_main_hero_huang_zhong_unique	2450	cavalry	150	com	38	0	none	0	0	45	3k_main_hero_1h095_sword_double_edge_exceptional		1	none	none	3k_hero	none	false	elite	A_blank_record	true	50.0000	1000.0000	0.0000	3k_hide_forest	50	50	false	battle_vo_order_hero_select	battle_vo_order_select	battle_vo_order_select	1.0000	25.0000	3k_main_cavalry_medium	0	10	0	0	0	0	0	3k_main_hero_sentinel	true	true	0	0	front	true	
3k_main_hero_metal_sun_jian	0	3k_main_hero_sun_jian_unique	2450	cavalry	150	com	38	0	none	0	0	45	3k_main_hero_1h095_ancient_silver_sword_unique		1	none	none	3k_hero	none	false	elite	A_blank_record	true	50.0000	1000.0000	0.0000	3k_hide_forest	50	50	false	battle_vo_order_hero_select	battle_vo_order_select	battle_vo_order_select	1.0000	25.0000	3k_main_cavalry_medium	0	10	0	0	0	0	0	3k_main_hero_sentinel	false	false	0	0	front	true	
3k_main_hero_metal_taishi_ci	0	3k_main_hero_taishi_ci_unique	2450	cavalry	150	com	38	0	none	0	0	45	3k_main_hero_1h095_sword_double_edge_exceptional		1	none	none	3k_hero	none	false	elite	A_blank_record	true	50.0000	1000.0000	0.0000	3k_hide_forest	50	50	false	battle_vo_order_hero_select	battle_vo_order_select	battle_vo_order_select	1.0000	25.0000	3k_main_cavalry_medium	0	10	0	0	0	0	0	3k_main_hero_sentinel	true	true	0	0	front	true	
3k_main_hero_metal_xu_huang	0	3k_main_hero_xu_huang_unique	2450	cavalry	150	com	38	0	none	0	0	45	3k_main_hero_2h175_cleaver_of_mountains_unique		1	none	none	3k_hero	none	false	elite	A_blank_record	true	50.0000	1000.0000	0.0000	3k_hide_forest	50	50	false	battle_vo_order_hero_select	battle_vo_order_select	battle_vo_order_select	1.0000	25.0000	3k_main_cavalry_heavy	0	10	0	0	0	0	0	3k_main_hero_sentinel	false	false	0	0	front	true	
3k_main_hero_metal_yue_jin	0	3k_main_hero_yue_jin_unique	2450	cavalry	150	com	38	0	none	0	0	45	3k_main_hero_1h095_sword_double_edge_unique		1	none	none	3k_hero	none	false	elite	A_blank_record	true	50.0000	1000.0000	0.0000	3k_hide_forest	50	50	false	battle_vo_order_hero_select	battle_vo_order_select	battle_vo_order_select	1.0000	25.0000	3k_main_cavalry_heavy	0	10	0	0	0	0	0	3k_main_hero_sentinel	false	false	0	0	front	true	
3k_main_hero_metal_zhang_liao	0	3k_main_hero_zhang_liao_unique	2450	cavalry	150	com	38	0	none	0	0	45	3k_main_hero_1h095_sword_double_edge_unique		1	none	none	3k_hero	none	false	elite	A_blank_record	true	50.0000	1000.0000	0.0000	3k_hide_forest	50	50	false	battle_vo_order_hero_select	battle_vo_order_select	battle_vo_order_select	1.0000	25.0000	3k_main_cavalry_heavy	0	10	0	0	0	0	0	3k_main_hero_sentinel	false	false	0	0	front	true	
3k_main_hero_metal_zhao_yun	0	3k_main_hero_zhao_yun_unique	2450	cavalry	150	com	38	0	none	0	0	45	3k_main_hero_1h095_blue_blade_unique		1	none	none	3k_hero	none	false	elite	A_blank_record	true	50.0000	1000.0000	0.0000	3k_hide_forest	50	50	false	battle_vo_order_hero_select	battle_vo_order_select	battle_vo_order_select	1.0000	25.0000	3k_main_cavalry_heavy	0	10	0	0	0	0	0	3k_main_hero_sentinel	false	false	0	0	front	true	
3k_main_hero_water_generic	0	3k_main_unit_tunic	2450	cavalry	34	com	9	0	none	0	0	40	3k_main_hero_1h095_sword_single_edge_unique		1	none	none	3k_cavalry_elite	none	false	elite	A_blank_record	true	50.0000	1000.0000	0.0000	3k_hide_forest	50	50	false	battle_vo_order_hero_select	battle_vo_order_select	battle_vo_order_select	1.0000	25.0000	3k_main_cavalry_light	0	13	0	0	0	0	0	3k_main_hero_strategist	true	true	-100	0	front	true	
3k_main_hero_water_kong_rong	0	3k_main_hero_kong_rong_unique	2450	cavalry	34	com	9	0	none	0	0	40	3k_main_hero_1h095_sword_single_edge_unique		1	none	none	3k_hero	none	false	elite	A_blank_record	true	50.0000	1000.0000	0.0000	3k_hide_forest	50	50	false	battle_vo_order_hero_select	battle_vo_order_select	battle_vo_order_select	1.0000	25.0000	3k_main_cavalry_light	0	13	0	0	0	0	0	3k_main_hero_strategist	true	true	-100	0	front	true	
3k_main_hero_water_sima_yi	0	3k_main_hero_sima_yi_unique	2450	cavalry	34	com	9	0	none	0	0	40	3k_main_hero_1h095_sword_single_edge_unique		1	none	none	3k_hero	none	false	elite	A_blank_record	true	50.0000	1000.0000	0.0000	3k_hide_forest	50	50	false	battle_vo_order_hero_select	battle_vo_order_select	battle_vo_order_select	1.0000	25.0000	3k_main_cavalry_light	0	13	0	0	0	0	0	3k_main_hero_strategist	true	true	-100	0	front	true	
3k_main_hero_water_tao_qian	0	3k_main_hero_tao_qian_unique	2450	cavalry	34	com	9	0	none	0	0	40	3k_main_hero_1h095_sword_single_edge_unique		1	none	none	3k_hero	none	false	elite	A_blank_record	true	50.0000	1000.0000	0.0000	3k_hide_forest	50	50	false	battle_vo_order_hero_select	battle_vo_order_select	battle_vo_order_select	1.0000	25.0000	3k_main_cavalry_light	0	13	0	0	0	0	0	3k_main_hero_strategist	true	true	-100	0	front	true	
3k_main_hero_water_zhou_yu	0	3k_main_hero_zhou_yu_unique	2450	cavalry	34	com	9	0	none	0	0	40	3k_main_hero_1h095_sword_double_edge_unique		1	none	none	3k_hero	none	false	elite	A_blank_record	true	50.0000	1000.0000	0.0000	3k_hide_forest	50	50	false	battle_vo_order_hero_select	battle_vo_order_select	battle_vo_order_select	1.0000	25.0000	3k_main_cavalry_medium	0	13	0	0	0	0	0	3k_main_hero_strategist	true	true	-100	0	front	true	
3k_main_hero_water_zhuge_liang	0	3k_main_hero_zhuge_liang_unique	2450	cavalry	34	com	9	0	none	0	0	40	3k_main_hero_1h095_sword_single_edge_unique		1	none	none	3k_hero	none	false	elite	A_blank_record	true	50.0000	1000.0000	0.0000	3k_hide_forest	50	50	false	battle_vo_order_hero_select	battle_vo_order_select	battle_vo_order_select	1.0000	25.0000	3k_main_cavalry_light	0	13	0	0	0	0	0	3k_main_hero_strategist	true	true	-100	0	front	true	
3k_main_hero_wood_dian_wei	0	3k_main_hero_dian_wei_unique	2450	cavalry	215	com	54	0	none	0	0	70	3k_main_hero_dw095_short_ji_exceptional		1	none	none	3k_hero	none	false	elite	A_blank_record	true	50.0000	1000.0000	0.0000	3k_hide_forest	50	50	false	battle_vo_order_hero_select	battle_vo_order_select	battle_vo_order_select	1.0000	25.0000	3k_main_cavalry_heavy	0	10	0	0	0	0	0	3k_main_hero_champion	false	false	0	0	front	true	
3k_main_hero_wood_generic	0	3k_main_unit_iron_full	2450	cavalry	215	com	54	0	none	0	0	60	3k_main_hero_2h175_spear_unique		1	none	none	3k_cavalry_elite	none	false	elite	A_blank_record	true	50.0000	1000.0000	0.0000	3k_hide_forest	50	50	false	battle_vo_order_hero_select	battle_vo_order_select	battle_vo_order_select	1.0000	25.0000	3k_main_cavalry_heavy	0	10	0	0	0	0	0	3k_main_hero_champion	false	false	0	0	front	true	
3k_main_hero_wood_guan_yu	0	3k_main_hero_guan_yu_unique	2450	cavalry	215	com	54	0	none	0	0	70	3k_main_hero_2h175_green_dragon_sabre_unique		1	none	none	3k_hero	none	false	elite	A_blank_record	true	50.0000	1000.0000	0.0000	3k_hide_forest	50	50	false	battle_vo_order_hero_select	battle_vo_order_select	battle_vo_order_select	1.0000	25.0000	3k_main_cavalry_heavy	0	10	0	0	0	0	0	3k_main_hero_champion	false	false	0	0	front	true	
3k_main_hero_wood_xiahou_dun	0	3k_main_hero_xiahou_dun_unique	2450	cavalry	215	com	54	0	none	0	0	70	3k_main_hero_2h175_spear_unique		1	none	none	3k_hero	none	false	elite	A_blank_record	true	50.0000	1000.0000	0.0000	3k_hide_forest	50	50	false	battle_vo_order_hero_select	battle_vo_order_select	battle_vo_order_select	1.0000	25.0000	3k_main_cavalry_heavy	0	10	0	0	0	0	0	3k_main_hero_champion	false	false	0	0	front	true	
3k_main_hero_wood_xu_chu	0	3k_main_hero_xu_chu_unique	2450	cavalry	215	com	54	0	none	0	0	70	3k_main_hero_2h175_giant_mace_unique		1	none	none	3k_hero	none	false	elite	A_blank_record	true	50.0000	1000.0000	0.0000	3k_hide_forest	50	50	false	battle_vo_order_hero_select	battle_vo_order_select	battle_vo_order_select	1.0000	25.0000	3k_main_cavalry_medium	0	10	0	0	0	0	0	3k_main_hero_champion	false	false	0	0	front	true	
3k_main_hero_wood_zhang_yan	0	3k_main_hero_zhang_yan_unique	2450	cavalry	215	com	54	0	none	0	0	60	3k_main_hero_dw095_axe_exceptional		1	none	none	3k_hero	none	false	elite	A_blank_record	true	50.0000	1000.0000	0.0000	3k_hide_forest	50	50	false	battle_vo_order_hero_select	battle_vo_order_select	battle_vo_order_select	1.0000	25.0000	3k_main_cavalry_heavy	0	10	0	0	0	0	0	3k_main_hero_champion	false	false	0	0	front	true	
3k_main_hero_wood_zheng_jiang	0	3k_main_hero_zheng_jiang_unique	2450	cavalry	215	com	54	0	none	0	0	70	3k_main_hero_dw095_red_sisters_unique		1	none	none	3k_cavalry_elite	none	false	elite	A_blank_record	false	50.0000	1000.0000	0.0000	3k_hide_forest	50	50	false	battle_vo_order_hero_select	battle_vo_order_select	battle_vo_order_select	1.0000	25.0000	3k_main_cavalry_heavy	0	10	0	0	0	0	0	3k_main_hero_champion	false	false	0	0	front	true	
3k_main_unit_earth_jian_cavalry_captain	0	3k_main_unit_iron_partial	2450	cavalry	230	cav_mel	58	0	3k_main_unit_earth_jian_cavalry_captain	0	14	60	3k_main_unit_1h095_sword_double_edge		5	3k_main_unit_cavalry_side	3k_main_unit_earth_jian_cavalry_captain	3k_cavalry_elite	3k_main_unit_earth_jian_cavalry_captain	false	trained	A_blank_record	true	50.0000	1000.0000	0.0000	3k_hide_forest_encourage	50	50	false	battle_vo_order_jian	battle_vo_order_cavalry	battle_vo_order_select	1.0000	25.0000	3k_main_cavalry_heavy	0	0	0	0	0	50	0	3k_main_cavalry_melee	false	false	0	0	random	false	
3k_main_unit_earth_jian_swordguard_cavalry	0	3k_main_unit_leather_heavy	2450	cavalry	156	cav_mel	39	0	3k_main_unit_earth_jian_swordguard_cavalry	0	19	32	3k_main_unit_1h095_sword_double_edge		5	3k_main_unit_cavalry_rattan	3k_main_unit_earth_jian_swordguard_cavalry	3k_cavalry_default	3k_main_unit_earth_jian_swordguard_cavalry	false	poorly_trained	A_blank_record	true	50.0000	1000.0000	0.0000	3k_hide_forest	50	50	false	battle_vo_order_jian	battle_vo_order_cavalry	battle_vo_order_select	1.0000	10.0000	3k_main_cavalry_medium	0	0	0	0	0	50	0	3k_main_cavalry_melee	false	false	0	0	random	false	
3k_main_unit_earth_mounted_sabre_militia	0	3k_main_unit_tunic	2450	cavalry	152	cav_mel	38	0	3k_main_unit_earth_mounted_sabre_militia	0	20	28	3k_main_unit_1h095_sword_single_edge_militia		5	3k_main_unit_cavalry_rattan	3k_main_unit_earth_mounted_sabre_militia	3k_cavalry_militia	3k_main_unit_earth_mounted_sabre_militia	false	rabble	A_blank_record	true	50.0000	1000.0000	0.0000	3k_hide_forest	50	50	false	battle_vo_order_cavalry	battle_vo_order_select	battle_vo_order_select	1.0000	10.0000	3k_main_cavalry_light	0	0	0	0	0	50	0	3k_main_cavalry_melee	false	false	0	0	random	false	
3k_main_unit_earth_qiang_raiders	0	3k_main_unit_leather_reinforced	2450	cavalry	244	cav_mel	61	0	3k_main_unit_earth_qiang_raiders	0	32	36	3k_main_unit_1h095_sword_single_edge		5	3k_main_unit_cavalry_rattan	3k_main_unit_earth_qiang_raiders	3k_cavalry_default	3k_main_unit_earth_qiang_raiders	false	well_trained	A_blank_record	true	50.0000	1000.0000	0.0000	3k_hide_forest_fatigue_immune	50	50	false	battle_vo_order_cavalry	battle_vo_order_select	battle_vo_order_select	1.0000	10.0000	3k_main_cavalry_medium	0	0	0	0	0	50	0	3k_main_cavalry_melee	false	false	15	0	random	false	
3k_main_unit_earth_sabre_cavalry	0	3k_main_unit_leather_reinforced	2450	cavalry	191	cav_mel	48	0	3k_main_unit_earth_sabre_cavalry	0	9	38	3k_main_unit_1h095_sword_single_edge		5	3k_main_unit_cavalry_rattan	3k_main_unit_earth_sabre_cavalry	3k_cavalry_default	3k_main_unit_earth_sabre_cavalry	false	poorly_trained	A_blank_record	true	50.0000	1000.0000	0.0000	3k_hide_forest	50	50	false	battle_vo_order_cavalry	battle_vo_order_select	battle_vo_order_select	1.0000	10.0000	3k_main_cavalry_medium	0	0	0	0	0	50	0	3k_main_cavalry_melee	false	false	0	0	random	false	
3k_main_unit_earth_yellow_dragons	0	3k_main_unit_tunic	1900	inf_melee	304	inf_mel	294	0	3k_main_unit_earth_yellow_dragons	0	17	49	3k_main_unit_1h095_axe		10	3k_main_unit_infantry_oval_elite	3k_main_unit_earth_yellow_dragons	3k_infantry_elite	3k_main_unit_earth_yellow_dragons	false	well_trained	A_blank_record	true	50.0000	800.0000	0.0000	3k_hide_forest_ignore_terrain	50	50	false	battle_vo_order_yellowdragons	battle_vo_order_axes	battle_vo_order_select	1.0000	10.0000	3k_main_infantry_light	0	0	0	0	0	0	0	3k_main_infantry_melee	false	false	0	0	random	false	
3k_main_unit_fire_heavy_tiger_and_leopard_cavalry	0	3k_main_unit_iron_lamellar	2450	cavalry	256	cav_shk	64	0	3k_main_unit_fire_heavy_tiger_and_leopard_cavalry	0	12	49	3k_main_unit_1h175_spear		5	3k_main_unit_cavalry_side	3k_main_unit_fire_heavy_tiger_and_leopard_cavalry	3k_cavalry_elite	3k_main_unit_fire_heavy_tiger_and_leopard_cavalry	false	elite	A_blank_record	true	50.0000	1000.0000	0.0000	3k_hide_forest_scare_immune_disciplined	50	50	false	battle_vo_order_cavalry	battle_vo_order_select	battle_vo_order_select	1.0000	10.0000	3k_main_cavalry_heavy	0	0	0	0	0	0	0	3k_main_cavalry_shock	false	false	0	0	random	false	
3k_main_unit_fire_heavy_xiliang_cavalry	0	3k_main_unit_iron_full	2450	cavalry	281	cav_shk	70	0	3k_main_unit_fire_heavy_xiliang_cavalry	0	12	38	3k_main_unit_2h250_spear		5	none	3k_main_unit_fire_heavy_xiliang_cavalry	3k_cavalry_elite	3k_main_unit_fire_heavy_xiliang_cavalry	false	elite	A_blank_record	true	50.0000	1000.0000	0.0000	3k_hide_forest_raider_scare_immune	50	50	false	battle_vo_order_cavalry	battle_vo_order_select	battle_vo_order_select	1.0000	25.0000	3k_main_cavalry_heavy	0	0	0	0	0	0	0	3k_main_cavalry_shock	false	false	0	0	random	false	
3k_main_unit_fire_jade_dragons	0	3k_main_unit_iron_full	2450	cavalry	232	cav_shk	58	0	3k_main_unit_fire_jade_dragons	0	28	40	3k_main_unit_1h175_spear		5	3k_main_unit_cavalry_side_jade	3k_main_unit_fire_jade_dragons	3k_cavalry_elite	3k_main_unit_fire_jade_dragons	false	well_trained	A_blank_record	true	50.0000	1000.0000	0.0000	3k_hide_forest	50	50	false	battle_vo_order_jadedragons	battle_vo_order_cavalry	battle_vo_order_select	1.0000	10.0000	3k_main_cavalry_heavy	0	0	0	0	0	0	0	3k_main_cavalry_shock	false	false	0	0	random	false	
3k_main_unit_fire_lance_cavalry	0	3k_main_unit_iron_partial	2450	cavalry	235	cav_shk	59	0	3k_main_unit_fire_lance_cavalry	0	8	30	3k_main_unit_2h250_polearm_ji		5	none	3k_main_unit_fire_lance_cavalry	3k_cavalry_default	3k_main_unit_fire_lance_cavalry	false	poorly_trained	A_blank_record	true	50.0000	1000.0000	0.0000	3k_hide_forest	50	50	false	battle_vo_order_cavalry	battle_vo_order_select	battle_vo_order_select	1.0000	10.0000	3k_main_cavalry_medium	0	0	0	0	0	0	0	3k_main_cavalry_shock	false	false	0	0	random	false	
3k_main_unit_fire_lance_cavalry_captain	0	3k_main_unit_iron_full	2450	cavalry	244	cav_shk	61	0	3k_main_unit_fire_lance_cavalry_captain	0	9	34	3k_main_unit_2h250_spear		5	none	3k_main_unit_fire_lance_cavalry_captain	3k_cavalry_elite	3k_main_unit_fire_lance_cavalry_captain	false	trained	A_blank_record	true	50.0000	1000.0000	0.0000	3k_hide_forest_encourage	50	50	false	battle_vo_order_cavalry	battle_vo_order_select	battle_vo_order_select	1.0000	25.0000	3k_main_cavalry_heavy	0	0	0	0	0	0	0	3k_main_cavalry_shock	false	false	0	0	random	false	
3k_main_unit_fire_mercenary_cavalry	0	3k_main_unit_leather_heavy	2450	cavalry	292	cav_shk	73	0	3k_main_unit_fire_mercenary_cavalry	0	30	23	3k_main_unit_2h250_spear		5	none	3k_main_unit_fire_mercenary_cavalry	3k_cavalry_militia	3k_main_unit_fire_mercenary_cavalry	false	well_trained	A_blank_record	true	50.0000	1000.0000	0.0000	3k_hide_forest_resist_heat	50	50	false	battle_vo_order_cavalry	battle_vo_order_select	battle_vo_order_select	1.0000	25.0000	3k_main_cavalry_medium	0	0	0	0	0	0	0	3k_main_cavalry_shock	false	false	0	0	random	false	
3k_main_unit_fire_mercenary_cavalry_captain	0	3k_main_unit_leather_heavy	2450	cavalry	292	cav_shk	73	0	3k_main_unit_fire_mercenary_cavalry_captain	0	30	29	3k_main_unit_2h250_spear		5	none	3k_main_unit_fire_mercenary_cavalry_captain	3k_cavalry_elite	3k_main_unit_fire_mercenary_cavalry_captain	false	well_trained	A_blank_record	true	50.0000	1000.0000	0.0000	3k_hide_forest_resist_heat_encourage	50	50	false	battle_vo_order_cavalry	battle_vo_order_select	battle_vo_order_select	1.0000	10.0000	3k_main_cavalry_medium	0	0	0	0	0	0	0	3k_main_cavalry_shock	false	false	0	0	random	false	
3k_main_unit_fire_mounted_lancer_militia	0	3k_main_unit_leather_partial	2450	cavalry	207	cav_shk	52	0	3k_main_unit_fire_mounted_lancer_militia	0	6	26	3k_main_unit_2h250_polearm_ji_militia		5	none	3k_main_unit_fire_mounted_lancer_militia	3k_cavalry_militia	3k_main_unit_fire_mounted_lancer_militia	false	rabble	A_blank_record	true	50.0000	1000.0000	0.0000	3k_hide_forest	50	50	false	battle_vo_order_cavalry	battle_vo_order_select	battle_vo_order_select	1.0000	10.0000	3k_main_cavalry_light	0	0	0	0	0	0	0	3k_main_cavalry_shock	false	false	0	0	random	false	
3k_main_unit_fire_peasant_raiders	0	3k_main_unit_tunic	2450	cavalry	130	cav_shk	33	0	3k_main_unit_fire_peasant_raiders	0	6	20	3k_main_unit_2h250_spear		5	none	3k_main_unit_fire_peasant_raiders	3k_cavalry_militia	3k_main_unit_fire_peasant_raiders	false	rabble	A_blank_record	true	50.0000	1000.0000	0.0000	3k_hide_forest_raider	50	50	false	battle_vo_order_cavalry	battle_vo_order_peasants	battle_vo_order_select	1.0000	25.0000	3k_main_cavalry_light	0	0	0	0	0	0	0	3k_main_cavalry_shock	false	false	0	0	random	false	
3k_main_unit_fire_qiang_marauders	0	3k_main_unit_leather_heavy	2450	cavalry	297	cav_shk	74	0	3k_main_unit_fire_qiang_marauders	0	10	31	3k_main_unit_2h250_spear		5	none	3k_main_unit_fire_qiang_marauders	3k_cavalry_default	3k_main_unit_fire_qiang_marauders	false	well_trained	A_blank_record	true	50.0000	1000.0000	0.0000	3k_hide_forest_fatigue_immune	50	50	false	battle_vo_order_cavalry	battle_vo_order_select	battle_vo_order_select	1.0000	10.0000	3k_main_cavalry_medium	0	0	0	0	0	0	0	3k_main_cavalry_shock	false	false	0	0	random	false	
3k_main_unit_fire_raider_cavalry	0	3k_main_unit_tunic	2450	cavalry	150	cav_shk	38	0	3k_main_unit_fire_raider_cavalry	0	12	30	3k_main_unit_2h250_spear		5	none	3k_main_unit_fire_raider_cavalry	3k_cavalry_militia	3k_main_unit_fire_raider_cavalry	false	rabble	A_blank_record	true	50.0000	1000.0000	0.0000	3k_hide_forest_raider	50	50	false	battle_vo_order_cavalry	battle_vo_order_select	battle_vo_order_select	1.0000	10.0000	3k_main_cavalry_light	0	0	0	0	0	0	0	3k_main_cavalry_shock	false	false	0	0	random	false	
3k_main_unit_fire_tiger_and_leopard_cavalry	0	3k_main_unit_leather_heavy	2450	cavalry	247	cav_shk	62	0	3k_main_unit_fire_tiger_and_leopard_cavalry	0	15	38	3k_main_unit_1h175_spear		5	3k_main_unit_cavalry_side	3k_main_unit_fire_tiger_and_leopard_cavalry	3k_cavalry_elite	3k_main_unit_fire_tiger_and_leopard_cavalry	false	well_trained	A_blank_record	true	50.0000	1000.0000	0.0000	3k_hide_forest_scare_immune_disciplined	50	50	false	battle_vo_order_cavalry	battle_vo_order_select	battle_vo_order_select	1.0000	10.0000	3k_main_cavalry_medium	0	0	0	0	0	0	0	3k_main_cavalry_shock	false	false	0	0	random	false	
3k_main_unit_fire_xiliang_cavalry	0	3k_main_unit_iron_partial	2450	cavalry	272	cav_shk	68	0	3k_main_unit_fire_xiliang_cavalry	0	10	30	3k_main_unit_2h250_spear		5	none	3k_main_unit_fire_xiliang_cavalry	3k_cavalry_elite	3k_main_unit_fire_xiliang_cavalry	false	well_trained	A_blank_record	true	50.0000	1000.0000	0.0000	3k_hide_forest_raider_scare_immune	50	50	false	battle_vo_order_cavalry	battle_vo_order_select	battle_vo_order_select	1.0000	25.0000	3k_main_cavalry_medium	0	0	0	0	0	0	0	3k_main_cavalry_shock	false	false	0	0	random	false	
3k_main_unit_metal_axe_band	0	3k_main_unit_tunic	1900	inf_melee	115	inf_mel	105	0	3k_main_unit_metal_axe_band	0	15	26	3k_main_unit_1h095_axe_militia		10	3k_main_unit_infantry_oval	3k_main_unit_metal_axe_band	3k_infantry_militia	3k_main_unit_metal_axe_band	false	rabble	A_blank_record	true	50.0000	800.0000	0.0000	3k_hide_forest	50	50	false	battle_vo_order_axes	battle_vo_order_select	battle_vo_order_select	1.0000	10.0000	3k_main_infantry_light	0	0	0	0	0	0	0	3k_main_infantry_melee	false	false	0	0	random	false	
3k_main_unit_metal_black_mountain_marauders	0	3k_main_unit_tunic	1900	inf_melee	144	inf_mel	134	0	3k_main_unit_metal_black_mountain_marauders	0	39	33	3k_main_unit_dw095_axe		10	none	3k_main_unit_metal_black_mountain_marauders	3k_infantry_militia	3k_main_unit_metal_black_mountain_marauders	false	trained	A_blank_record	true	50.0000	800.0000	0.0000	3k_hide_forest_causes_fear_raider_guerilla_deploy	50	50	false	battle_vo_order_axes	battle_vo_order_select	battle_vo_order_select	1.0000	25.0000	3k_main_infantry_light	0	0	0	0	0	0	0	3k_main_infantry_melee	false	false	0	0	random	false	
3k_main_unit_metal_fists_of_the_bandit_queen	0	3k_main_unit_leather_heavy	1900	inf_melee	145	inf_mel	135	0	3k_main_unit_metal_fists_of_the_bandit_queen	0	30	48	3k_main_unit_dw095_axe	3k_main_unit_bow_wooden_composite	10	none	3k_main_unit_metal_fists_of_the_bandit_queen	3k_infantry_elite	3k_main_unit_metal_fists_of_the_bandit_queen	false	elite	A_blank_record	true	50.0000	800.0000	0.0000	3k_hide_forest_causes_fear	50	50	false	battle_vo_order_axes	battle_vo_order_select	battle_vo_order_select	1.0000	25.0000	3k_main_infantry_medium	0	10	0	0	0	0	0	3k_main_infantry_melee	true	false	0	0	front	true	
3k_main_unit_metal_hidden_axes	0	3k_main_unit_tunic	1900	inf_melee	120	inf_mel	110	0	3k_main_unit_metal_hidden_axes	0	26	37	3k_main_unit_dw095_axe	3k_main_unit_bow_wooden_composite	10	none	3k_main_unit_metal_hidden_axes	3k_infantry_militia	3k_main_unit_metal_hidden_axes	false	well_trained	A_blank_record	true	50.0000	800.0000	0.0000	3k_hide_forest_stalk_snipe_causes_fear_guerilla_deploy	50	50	false	battle_vo_order_axes	battle_vo_order_select	battle_vo_order_select	1.0000	25.0000	3k_main_infantry_light	0	5	0	0	0	0	0	3k_main_infantry_melee	true	false	0	0	front	true	
3k_main_unit_metal_jian_infantry_captain	0	3k_main_unit_leather_partial	1900	inf_melee	144	inf_mel	134	0	3k_main_unit_metal_jian_infantry_captain	0	35	35	3k_main_unit_1h095_sword_double_edge		10	3k_main_unit_infantry_oval	3k_main_unit_metal_jian_infantry_captain	3k_infantry_elite	3k_main_unit_metal_jian_infantry_captain	false	trained	A_blank_record	true	50.0000	800.0000	0.0000	3k_hide_forest_encourage	50	50	false	battle_vo_order_swordsmen	battle_vo_order_select	battle_vo_order_select	1.0000	25.0000	3k_main_infantry_medium	0	0	0	0	0	0	0	3k_main_infantry_melee	false	false	0	0	random	false	
3k_main_unit_metal_jian_swordguards	0	3k_main_unit_leather_heavy	1900	inf_melee	88	inf_mel	78	0	3k_main_unit_metal_jian_swordguards	0	38	42	3k_main_unit_1h095_sword_double_edge		10	3k_main_unit_infantry_gourd	3k_main_unit_metal_jian_swordguards	3k_infantry_default	3k_main_unit_metal_jian_swordguards	false	poorly_trained	A_blank_record	true	50.0000	800.0000	0.0000	3k_hide_forest	50	50	false	battle_vo_order_jian	battle_vo_order_swordsmen	battle_vo_order_select	1.0000	10.0000	3k_main_infantry_medium	0	0	0	0	0	0	0	3k_main_infantry_melee	false	false	0	0	random	false	
3k_main_unit_metal_mercenary_infantry	0	3k_main_unit_leather_heavy	1900	inf_melee	128	inf_mel	118	0	3k_main_unit_metal_mercenary_infantry	0	24	30	3k_main_unit_1h095_axe		10	3k_main_unit_infantry_rattan	3k_main_unit_metal_mercenary_infantry	3k_infantry_militia	3k_main_unit_metal_mercenary_infantry	false	well_trained	A_blank_record	true	50.0000	800.0000	0.0000	3k_hide_forest_resist_heat	50	50	false	battle_vo_order_axes	battle_vo_order_select	battle_vo_order_select	1.0000	25.0000	3k_main_infantry_medium	0	0	0	0	0	0	0	3k_main_infantry_melee	false	false	0	0	random	false	
3k_main_unit_metal_mercenary_infantry_captain	0	3k_main_unit_leather_heavy	1900	inf_melee	128	inf_mel	118	0	3k_main_unit_metal_mercenary_infantry_captain	0	24	29	3k_main_unit_1h095_axe		10	3k_main_unit_infantry_rattan	3k_main_unit_metal_mercenary_infantry_captain	3k_infantry_elite	3k_main_unit_metal_mercenary_infantry_captain	false	well_trained	A_blank_record	true	50.0000	800.0000	0.0000	3k_hide_forest_resist_heat_encourage	50	50	false	battle_vo_order_axes	battle_vo_order_select	battle_vo_order_select	1.0000	10.0000	3k_main_infantry_medium	0	0	0	0	0	0	0	3k_main_infantry_melee	false	false	0	0	random	false	
3k_main_unit_metal_pearl_dragons	0	3k_main_unit_tunic	1900	inf_melee	125	inf_mel	125	0	3k_main_unit_metal_pearl_dragons	0	65	49	3k_main_unit_2h175_polearm_gouliandao		10	3k_main_hero_none_elite	3k_main_unit_metal_pearl_dragons	3k_infantry_elite	3k_main_unit_metal_pearl_dragons	false	well_trained	A_blank_record	true	50.0000	800.0000	0.0000	3k_hide_forest	50	50	false	battle_vo_order_pearldragons	battle_vo_order_select	battle_vo_order_select	1.0000	10.0000	3k_main_infantry_light	0	0	0	0	0	0	0	3k_main_infantry_melee	false	false	0	0	random	false	
3k_main_unit_metal_rapid_tiger_infantry	0	3k_main_unit_iron_partial	1900	inf_melee	110	inf_mel	100	0	3k_main_unit_metal_rapid_tiger_infantry	0	52	42	3k_main_unit_1h095_sword_double_edge_elite		10	none	3k_main_unit_metal_rapid_tiger_infantry	3k_infantry_elite	3k_main_unit_metal_rapid_tiger_infantry	false	well_trained	A_blank_record	true	50.0000	800.0000	0.0000	3k_hide_forest_scare_immune_disciplined	50	50	false	battle_vo_order_swordsmen	battle_vo_order_select	battle_vo_order_select	1.0000	10.0000	3k_main_infantry_medium	0	0	0	0	0	0	0	3k_main_infantry_melee	false	false	0	0	front	false	
3k_main_unit_metal_sabre_infantry	0	3k_main_unit_iron_partial	1900	inf_melee	115	inf_mel	105	0	3k_main_unit_metal_sabre_infantry	0	40	34	3k_main_unit_1h095_sword_single_edge		10	3k_main_unit_infantry_rattan	3k_main_unit_metal_sabre_infantry	3k_infantry_default	3k_main_unit_metal_sabre_infantry	false	poorly_trained	A_blank_record	true	50.0000	800.0000	0.0000	3k_hide_forest	50	50	false	battle_vo_order_swordsmen	battle_vo_order_select	battle_vo_order_select	1.0000	10.0000	3k_main_infantry_medium	0	0	0	0	0	0	0	3k_main_infantry_melee	false	false	0	0	random	false	
3k_main_unit_metal_sabre_militia	0	3k_main_unit_leather_partial	1900	inf_melee	100	inf_mel	90	0	3k_main_unit_metal_sabre_militia	0	32	26	3k_main_unit_1h095_sword_single_edge_militia		10	3k_main_unit_infantry_rattan	3k_main_unit_metal_sabre_militia	3k_infantry_militia	3k_main_unit_metal_sabre_militia	false	rabble	A_blank_record	true	50.0000	800.0000	0.0000	3k_hide_forest	50	50	false	battle_vo_order_swordsmen	battle_vo_order_select	battle_vo_order_select	1.0000	10.0000	3k_main_infantry_light	0	0	0	0	0	0	0	3k_main_infantry_melee	false	false	0	0	random	false	
3k_main_unit_metal_warriors_of_the_left	0	3k_main_unit_iron_full	1900	inf_melee	122	inf_mel	112	0	3k_main_unit_metal_warriors_of_the_left	0	58	58	3k_main_unit_1h095_sword_double_edge_elite		10	none	3k_main_unit_metal_warriors_of_the_left	3k_infantry_default	3k_main_unit_metal_warriors_of_the_left	false	elite	A_blank_record	true	50.0000	800.0000	0.0000	3k_hide_forest_scare_immune_disciplined	50	50	false	battle_vo_order_swordsmen	battle_vo_order_select	battle_vo_order_select	1.0000	10.0000	3k_main_infantry_heavy	0	0	0	0	0	0	0	3k_main_infantry_melee	false	false	0	0	front	false	
3k_main_unit_water_archer_captain	0	3k_main_unit_leather_partial	1900	inf_ranged	65	inf_mis	65	0	3k_main_unit_water_archer_captain	0	7	27	3k_main_unit_1h095_sword_single_edge	3k_main_unit_bow_long_siyah_horn	10	none	3k_main_unit_water_archer_captain	3k_infantry_elite	3k_main_unit_water_archer_captain	false	trained	A_blank_record	true	50.0000	800.0000	0.0000	3k_hide_forest_encourage	50	50	false	battle_vo_order_archers	battle_vo_order_select	battle_vo_order_select	1.0000	25.0000	3k_main_infantry_light	0	28	0	0	0	0	0	3k_main_infantry_ranged	true	false	0	0	random	false	
3k_main_unit_water_archer_militia	0	3k_main_unit_tunic	1900	inf_ranged	12	inf_mis	12	0	3k_main_unit_water_archer_militia	0	5	19	3k_main_unit_1h095_sword_single_edge_weak	3k_main_unit_bow_wooden_composite_militia	10	none	3k_main_unit_water_archer_militia	3k_infantry_militia	3k_main_unit_water_archer_militia	false	rabble	A_blank_record	true	50.0000	800.0000	0.0000	3k_hide_forest	50	50	false	battle_vo_order_archers	battle_vo_order_select	battle_vo_order_select	1.0000	10.0000	3k_main_infantry_light	0	19	0	0	0	0	0	3k_main_infantry_ranged	true	false	0	-25	random	false	
3k_main_unit_water_archers	0	3k_main_unit_iron_partial	1900	inf_ranged	21	inf_mis	21	0	3k_main_unit_water_archers	0	6	25	3k_main_unit_1h095_sword_single_edge_weak	3k_main_unit_bow_wooden_composite	10	none	3k_main_unit_water_archers	3k_infantry_default	3k_main_unit_water_archers	false	poorly_trained	A_blank_record	true	50.0000	800.0000	0.0000	3k_hide_forest	50	50	false	battle_vo_order_archers	battle_vo_order_select	battle_vo_order_select	1.0000	10.0000	3k_main_infantry_medium	0	26	0	0	0	0	0	3k_main_infantry_ranged	true	false	0	0	random	false	
3k_main_unit_water_black_mountain_hunters	0	3k_main_unit_tunic	1900	inf_ranged	135	inf_mis	135	0	3k_main_unit_water_black_mountain_hunters	0	20	30	3k_main_unit_1h095_axe_militia	3k_main_unit_bow_wooden_composite	10	none	3k_main_unit_water_black_mountain_hunters	3k_infantry_militia	3k_main_unit_water_black_mountain_hunters	false	trained	A_blank_record	true	50.0000	800.0000	0.0000	3k_hide_forest_causes_fear_raider_guerilla_deploy	50	50	false	battle_vo_order_archers	battle_vo_order_select	battle_vo_order_select	1.0000	25.0000	3k_main_infantry_light	0	28	0	0	0	0	0	3k_main_infantry_ranged	true	false	0	0	random	false	
3k_main_unit_water_crossbowmen	0	3k_main_unit_iron_partial	1900	inf_ranged	21	inf_mis	21	0	3k_main_unit_water_crossbowmen	0	6	25	3k_main_unit_1h095_sword_single_edge_weak	3k_main_unit_crossbow	10	none	3k_main_unit_water_crossbowmen	3k_infantry_default	3k_main_unit_water_crossbowmen	false	poorly_trained	A_blank_record	true	50.0000	800.0000	0.0000	3k_hide_forest	50	50	false	battle_vo_order_crossbows	battle_vo_order_select	battle_vo_order_select	1.0000	10.0000	3k_main_infantry_medium	0	13	0	0	0	0	0	3k_main_infantry_ranged	true	false	0	0	random	false	
3k_main_unit_water_defenders_of_earth	0	3k_main_unit_leather_heavy	1900	inf_ranged	144	inf_mis	144	0	3k_main_unit_water_defenders_of_earth	0	48	58	3k_main_unit_1h095_sword_double_edge	3k_main_unit_bow_oil	4	none	3k_main_unit_water_defenders_of_earth	3k_infantry_elite	3k_main_unit_water_defenders_of_earth	false	elite	A_blank_record	true	50.0000	800.0000	0.0000	3k_hide_forest_scare_immune_disciplined	50	50	false	battle_vo_order_protectorsofearth	battle_vo_order_select	battle_vo_order_select	1.0000	10.0000	3k_main_infantry_medium	0	14	0	0	0	0	0	3k_main_infantry_ranged	true	false	0	0	random	false	
3k_main_unit_water_fury_of_beihai	0	3k_main_unit_leather_partial	1900	inf_ranged	65	inf_mis	65	0	3k_main_unit_water_fury_of_beihai	0	7	41	3k_main_unit_1h095_sword_single_edge	3k_main_unit_crossbow_elite	10	none	3k_main_unit_water_fury_of_beihai	3k_infantry_default	3k_main_unit_water_fury_of_beihai	false	well_trained	A_blank_record	true	50.0000	800.0000	0.0000	3k_hide_forest_disciplined	50	50	false	battle_vo_order_crossbows	battle_vo_order_select	battle_vo_order_select	1.0000	10.0000	3k_main_infantry_light	0	25	0	0	0	0	0	3k_main_infantry_ranged	true	false	0	0	front	false	
3k_main_unit_water_heavy_crossbowmen	0	3k_main_unit_iron_full	1900	inf_ranged	30	inf_mis	30	0	3k_main_unit_water_heavy_crossbowmen	0	7	34	3k_main_unit_1h095_sword_single_edge_weak	3k_main_unit_crossbow	10	none	3k_main_unit_water_heavy_crossbowmen	3k_infantry_elite	3k_main_unit_water_heavy_crossbowmen	false	trained	A_blank_record	true	50.0000	800.0000	0.0000	3k_hide_forest	50	50	false	battle_vo_order_crossbows	battle_vo_order_select	battle_vo_order_select	1.0000	10.0000	3k_main_infantry_heavy	0	16	0	0	0	0	0	3k_main_infantry_ranged	true	false	0	-10	random	false	
3k_main_unit_water_heavy_repeating_crossbowmen	0	3k_main_unit_iron_full	1900	inf_ranged	30	inf_mis	30	0	3k_main_unit_water_heavy_repeating_crossbowmen	0	7	34	3k_main_unit_1h095_sword_single_edge_weak	3k_main_unit_crossbow_repeating	10	none	3k_main_unit_water_heavy_repeating_crossbowmen	3k_infantry_elite	3k_main_unit_water_heavy_repeating_crossbowmen	false	trained	A_blank_record	true	50.0000	800.0000	0.0000	3k_hide_forest	50	50	false	battle_vo_order_crossbows	battle_vo_order_select	battle_vo_order_select	1.0000	10.0000	3k_main_infantry_heavy	0	12	0	0	0	0	0	3k_main_infantry_ranged	true	false	0	-10	random	false	
3k_main_unit_water_mercenary_archers	0	3k_main_unit_leather_partial	1900	inf_ranged	35	inf_mis	35	0	3k_main_unit_water_mercenary_archers	0	7	20	3k_main_unit_1h095_axe_militia	3k_main_unit_bow_long_siyah_horn	10	none	3k_main_unit_water_mercenary_archers	3k_infantry_militia	3k_main_unit_water_mercenary_archers	false	well_trained	A_blank_record	true	50.0000	800.0000	0.0000	3k_hide_forest_resist_heat	50	50	false	battle_vo_order_archers	battle_vo_order_select	battle_vo_order_select	1.0000	25.0000	3k_main_infantry_light	0	30	0	0	0	0	0	3k_main_infantry_ranged	true	false	0	0	random	false	
3k_main_unit_water_mercenary_archers_captain	0	3k_main_unit_leather_partial	1900	inf_ranged	35	inf_mis	35	0	3k_main_unit_water_mercenary_archers_captain	0	7	23	3k_main_unit_1h095_axe_militia	3k_main_unit_bow_long_siyah_horn	10	none	3k_main_unit_water_mercenary_archers_captain	3k_infantry_elite	3k_main_unit_water_mercenary_archers_captain	false	well_trained	A_blank_record	true	50.0000	800.0000	0.0000	3k_hide_forest_resist_heat_encourage	50	50	false	battle_vo_order_archers	battle_vo_order_select	battle_vo_order_select	1.0000	10.0000	3k_main_infantry_light	0	30	0	0	0	0	0	3k_main_infantry_ranged	true	false	0	0	random	false	
3k_main_unit_water_mounted_archers	0	3k_main_unit_iron_partial	2450	cavalry	56	cav_mis	14	0	3k_main_unit_water_mounted_archers	0	6	25	3k_main_unit_1h095_sword_single_edge	3k_main_unit_bow_wooden_composite	5	none	3k_main_unit_water_mounted_archers	3k_cavalry_default	3k_main_unit_water_mounted_archers	false	poorly_trained	A_blank_record	true	50.0000	1000.0000	0.0000	3k_hide_forest_mounted_fire_move_mounted_fire_parthian	50	50	false	battle_vo_order_cavalry	battle_vo_order_select	battle_vo_order_select	1.0000	10.0000	3k_main_cavalry_medium	0	50	0	0	0	0	0	3k_main_cavalry_ranged	true	false	0	60	random	false	
3k_main_unit_water_onyx_dragons	0	3k_main_unit_tunic	1900	inf_ranged	100	inf_mis	100	0	3k_main_unit_water_onyx_dragons	0	52	49	3k_main_unit_1h095_sword_double_edge	3k_main_unit_bow_long_siyah_horn_elite	10	none	3k_main_unit_water_onyx_dragons	3k_infantry_elite	3k_main_unit_water_onyx_dragons	false	well_trained	A_blank_record	true	50.0000	800.0000	0.0000	3k_hide_forest	50	50	false	battle_vo_order_onyxdragons	battle_vo_order_archers	battle_vo_order_select	1.0000	10.0000	3k_main_infantry_light	0	30	0	0	0	0	0	3k_main_infantry_ranged	true	false	0	0	random	false	
3k_main_unit_water_qiang_hunters	0	3k_main_unit_leather_heavy	2450	cavalry	120	cav_mis	30	0	3k_main_unit_water_qiang_hunters	0	32	31	3k_main_unit_2h175_polearm_gouliandao	3k_main_unit_bow_long_siyah_horn_elite	5	none	3k_main_unit_water_qiang_hunters	3k_cavalry_default	3k_main_unit_water_qiang_hunters	false	well_trained	A_blank_record	true	50.0000	1000.0000	0.0000	3k_hide_forest_fatigue_immune_mounted_fire_move_mounted_fire_parthian	50	50	false	battle_vo_order_cavalry	battle_vo_order_select	battle_vo_order_select	1.0000	10.0000	3k_main_cavalry_medium	0	50	0	0	0	0	0	3k_main_cavalry_ranged	true	false	-25	60	random	false	
3k_main_unit_water_repeating_crossbowmen	0	3k_main_unit_iron_partial	1900	inf_ranged	21	inf_mis	21	0	3k_main_unit_water_repeating_crossbowmen	0	6	25	3k_main_unit_1h095_sword_single_edge_weak	3k_main_unit_crossbow_repeating	10	none	3k_main_unit_water_repeating_crossbowmen	3k_infantry_default	3k_main_unit_water_repeating_crossbowmen	false	poorly_trained	A_blank_record	true	50.0000	800.0000	0.0000	3k_hide_forest	50	50	false	battle_vo_order_crossbows	battle_vo_order_select	battle_vo_order_select	1.0000	10.0000	3k_main_infantry_medium	0	12	0	0	0	0	0	3k_main_infantry_ranged	true	false	0	0	random	false	
3k_main_unit_water_thunder_of_jian_an	0	3k_main_unit_leather_heavy	1900	inf_ranged	84	inf_mis	84	0	3k_main_unit_water_thunder_of_jian_an	0	8	45	3k_main_unit_1h095_sword_single_edge	3k_main_unit_crossbow_elite	10	none	3k_main_unit_water_thunder_of_jian_an	3k_infantry_elite	3k_main_unit_water_thunder_of_jian_an	false	elite	A_blank_record	true	50.0000	800.0000	0.0000	3k_hide_forest_disciplined	50	50	false	battle_vo_order_crossbows	battle_vo_order_select	battle_vo_order_select	1.0000	10.0000	3k_main_infantry_medium	0	27	0	0	0	0	0	3k_main_infantry_ranged	true	false	0	0	front	false	
3k_main_unit_water_trebuchet	0	3k_main_unit_tunic	1900	artillery	12	art_siege	12	0	3k_main_unit_water_trebuchet	0	5	18	3k_main_unit_1h095_sword_single_edge_weak	3k_main_unit_water_catapult	10	none	3k_main_unit_water_trebuchet	3k_catapult	3k_main_unit_water_trebuchet	false	rabble	A_blank_record	true	50.0000	500.0000	0.0000	3k_hide_forest	50	50	false	battle_vo_order_artillery	battle_vo_order_select	battle_vo_order_select	1.0000	10.0000	3k_main_infantry_light	0	10	0	0	0	0	0	3k_main_artillery	false	false	0	0	random	false	
3k_main_unit_water_trebuchet_bastion	0	3k_main_unit_tunic	1500	artillery	70	art_siege	70	0	3k_main_unit_water_trebuchet	0	13	23	3k_main_unit_1h095_sword_single_edge_weak	3k_main_unit_water_catapult_bastion	1	none	3k_main_unit_water_trebuchet	3k_catapult	3k_main_unit_water_trebuchet	false	rabble	A_blank_record	true	50.0000	800.0000	0.0000	3k_hide_forest	50	50	false	battle_vo_order_artillery	battle_vo_order_select	battle_vo_order_select	1.0000	10.0000	3k_main_infantry_light	0	13	0	0	0	0	0	3k_main_artillery	false	false	0	0	random	false	
3k_main_unit_water_white_horse_fellows	0	3k_main_unit_leather_reinforced	2450	cavalry	233	cav_mis	58	0	3k_main_unit_water_white_horse_fellows	0	48	45	3k_main_unit_1h095_sword_single_edge	3k_main_unit_bow_long_siyah_horn_elite	5	none	3k_main_unit_water_white_horse_fellows	3k_cavalry_elite	3k_main_unit_water_white_horse_fellows	false	elite	A_blank_record	true	50.0000	1000.0000	0.0000	3k_hide_forest_scare_immune_scare_mounted_fire_move_mounted_fire_parthian	50	50	false	battle_vo_order_cavalry	battle_vo_order_select	battle_vo_order_select	1.0000	10.0000	3k_main_cavalry_medium	0	48	0	0	0	0	0	3k_main_cavalry_ranged	true	false	0	45	front	false	
3k_main_unit_water_white_horse_raiders	0	3k_main_unit_leather_partial	2450	cavalry	225	cav_mis	56	0	3k_main_unit_water_white_horse_raiders	0	42	38	3k_main_unit_1h095_sword_single_edge	3k_main_unit_bow_long_siyah_horn	5	none	3k_main_unit_water_white_horse_raiders	3k_cavalry_elite	3k_main_unit_water_white_horse_raiders	false	well_trained	A_blank_record	true	50.0000	1000.0000	0.0000	3k_hide_forest_scare_immune_scare_mounted_fire_move_mounted_fire_parthian	50	50	false	battle_vo_order_cavalry	battle_vo_order_select	battle_vo_order_select	1.0000	10.0000	3k_main_cavalry_light	0	42	0	0	0	0	0	3k_main_cavalry_ranged	true	false	0	45	random	false	
3k_main_unit_water_yi_archers	0	3k_main_unit_tunic	1900	inf_ranged	55	inf_mis	55	0	3k_main_unit_water_yi_archers	0	40	34	3k_main_unit_1h095_sword_single_edge	3k_main_unit_bow_long_siyah_horn	10	none	3k_main_unit_water_yi_archers	3k_infantry_elite	3k_main_unit_water_yi_archers	false	trained	A_blank_record	true	50.0000	800.0000	0.0000	3k_hide_forest_mounted_fire_move	50	50	false	battle_vo_order_archers	battle_vo_order_select	battle_vo_order_select	1.0000	10.0000	3k_main_infantry_light	0	28	0	0	0	0	0	3k_main_infantry_ranged	true	false	0	0	random	false	
3k_main_unit_water_yi_marksmen	0	3k_main_unit_leather_heavy	1900	inf_ranged	75	inf_mis	75	0	3k_main_unit_water_yi_marksmen	0	43	42	3k_main_unit_1h095_sword_single_edge	3k_main_unit_bow_long_siyah_horn	10	none	3k_main_unit_water_yi_marksmen	3k_infantry_elite	3k_main_unit_water_yi_marksmen	false	well_trained	A_blank_record	true	50.0000	800.0000	0.0000	3k_hide_forest_mounted_fire_move	50	50	false	battle_vo_order_archers	battle_vo_order_select	battle_vo_order_select	1.0000	10.0000	3k_main_infantry_medium	0	30	0	0	0	0	0	3k_main_infantry_ranged	true	false	0	0	random	false	
3k_main_unit_wood_azure_dragons	0	3k_main_unit_iron_full	1900	inf_ranged	70	inf_mis	70	0	3k_main_unit_wood_azure_dragons	0	39	49	3k_main_unit_2h175_polearm_gouliandao	3k_main_unit_bow_long_siyah_horn	10	none	3k_main_unit_wood_azure_dragons	3k_infantry_elite	3k_main_unit_wood_azure_dragons	false	well_trained	A_blank_record	true	50.0000	800.0000	0.0000	3k_hide_forest_charge_reflector_vs_large	50	50	false	battle_vo_order_azuredragons	battle_vo_order_select	battle_vo_order_select	1.0000	10.0000	3k_main_infantry_heavy	0	9	0	0	0	0	0	3k_main_infantry_spear	false	false	0	-50	random	true	
3k_main_unit_wood_black_mountain_outlaws	0	3k_main_unit_tunic	1900	inf_melee	100	inf_spr	100	0	3k_main_unit_wood_black_mountain_outlaws	0	41	28	3k_main_unit_2h250_spear		10	none	3k_main_unit_wood_black_mountain_outlaws	3k_infantry_militia	3k_main_unit_wood_black_mountain_outlaws	false	trained	A_blank_record	true	50.0000	800.0000	0.0000	3k_hide_forest_charge_reflector_vs_large_raider_causes_fear_guerrilla_deploy	50	50	false	battle_vo_order_spearmen	battle_vo_order_select	battle_vo_order_select	1.0000	25.0000	3k_main_infantry_light	0	0	0	0	0	0	0	3k_main_infantry_spear	false	false	15	0	random	false	
3k_main_unit_wood_defenders_of_hebei	0	3k_main_unit_iron_full	1900	inf_melee	139	inf_pik	139	0	3k_main_unit_wood_defenders_of_hebei	0	20	50	3k_main_unit_2h250_polearm_ji		10	none	3k_main_unit_wood_defenders_of_hebei	3k_infantry_elite	3k_main_unit_wood_defenders_of_hebei	false	elite	A_blank_record	true	50.0000	800.0000	0.0000	3k_hide_forest_charge_reflector_vs_large	50	50	false	battle_vo_order_halberds	battle_vo_order_select	battle_vo_order_select	1.0000	10.0000	3k_main_infantry_heavy	0	0	0	0	0	0	0	3k_main_infantry_pike	false	false	15	0	front	false	
3k_main_unit_wood_heavy_ji_infantry	0	3k_main_unit_iron_full	1900	inf_melee	40	inf_pik	40	0	3k_main_unit_wood_heavy_ji_infantry	0	8	36	3k_main_unit_2h250_polearm_ji		10	none	3k_main_unit_wood_heavy_ji_infantry	3k_infantry_elite	3k_main_unit_wood_heavy_ji_infantry	false	trained	A_blank_record	true	50.0000	800.0000	0.0000	3k_hide_forest_charge_reflector_vs_large	50	50	false	battle_vo_order_halberds	battle_vo_order_select	battle_vo_order_select	1.0000	10.0000	3k_main_infantry_heavy	0	0	0	0	0	0	0	3k_main_infantry_pike	false	false	0	0	random	false	
3k_main_unit_wood_heavy_spear_guards	0	3k_main_unit_iron_partial	1900	inf_melee	40	inf_spr	40	0	3k_main_unit_wood_heavy_spear_guards	0	14	38	3k_main_unit_1h175_spear		10	3k_main_unit_infantry_tower	3k_main_unit_wood_heavy_spear_guards	3k_infantry_elite	3k_main_unit_wood_heavy_spear_guards	false	trained	A_blank_record	true	50.0000	800.0000	0.0000	3k_hide_forest_charge_reflector_vs_large	50	50	false	battle_vo_order_spearmen	battle_vo_order_select	battle_vo_order_select	1.0000	10.0000	3k_main_infantry_heavy	0	0	0	0	0	0	0	3k_main_infantry_spear	false	false	0	0	random	false	
3k_main_unit_wood_imperial_defenders	0	3k_main_unit_iron_partial	1900	inf_melee	44	inf_spr	44	0	3k_main_unit_wood_imperial_defenders	0	35	54	3k_main_unit_1h175_spear		10	3k_main_unit_infantry_tower	3k_main_unit_wood_imperial_defenders	3k_infantry_elite	3k_main_unit_wood_imperial_defenders	false	elite	A_blank_record	true	50.0000	800.0000	0.0000	3k_hide_forest_charge_reflector_vs_large_disciplined	50	50	false	battle_vo_order_spearmen	battle_vo_order_select	battle_vo_order_select	1.0000	10.0000	3k_main_infantry_heavy	0	0	0	0	0	0	0	3k_main_infantry_spear	false	false	0	0	front	false	
3k_main_unit_wood_infantry_of_jing	0	3k_main_unit_leather_partial	1900	inf_melee	35	inf_spr	35	0	3k_main_unit_wood_infantry_of_jing	0	29	45	3k_main_unit_1h175_spear		10	3k_main_unit_infantry_large	3k_main_unit_wood_infantry_of_jing	3k_infantry_default	3k_main_unit_wood_infantry_of_jing	false	well_trained	A_blank_record	true	50.0000	800.0000	0.0000	3k_hide_forest_charge_reflector_vs_large	50	50	false	battle_vo_order_spearmen	battle_vo_order_select	battle_vo_order_select	1.0000	10.0000	3k_main_infantry_medium	0	0	0	0	0	0	0	3k_main_infantry_spear	false	false	0	0	front	false	
3k_main_unit_wood_ji_infantry	0	3k_main_unit_iron_partial	1900	inf_melee	31	inf_pik	31	0	3k_main_unit_wood_ji_infantry	0	6	30	3k_main_unit_2h250_polearm_ji		10	none	3k_main_unit_wood_ji_infantry	3k_infantry_default	3k_main_unit_wood_ji_infantry	false	poorly_trained	A_blank_record	true	50.0000	800.0000	0.0000	3k_hide_forest_charge_reflector_vs_large	50	50	false	battle_vo_order_halberds	battle_vo_order_select	battle_vo_order_select	1.0000	10.0000	3k_main_infantry_medium	0	0	0	0	0	0	0	3k_main_infantry_pike	false	false	0	0	random	false	
3k_main_unit_wood_ji_infantry_captain	0	3k_main_unit_iron_partial	1900	inf_melee	40	inf_pik	40	0	3k_main_unit_wood_ji_infantry_captain	0	31	34	3k_main_unit_2h250_polearm_ji		10	none	3k_main_unit_wood_ji_infantry_captain	3k_infantry_elite	3k_main_unit_wood_ji_infantry_captain	false	trained	A_blank_record	true	50.0000	800.0000	0.0000	3k_hide_forest_charge_reflector_vs_large_encourage	50	50	false	battle_vo_order_halberds	battle_vo_order_select	battle_vo_order_select	1.0000	25.0000	3k_main_infantry_medium	0	0	0	0	0	0	0	3k_main_infantry_pike	false	false	0	0	random	false	
3k_main_unit_wood_ji_militia	0	3k_main_unit_leather_partial	1900	inf_melee	22	inf_pik	22	0	3k_main_unit_wood_ji_militia	0	6	22	3k_main_unit_2h250_polearm_ji_militia		10	none	3k_main_unit_wood_ji_militia	3k_infantry_militia	3k_main_unit_wood_ji_militia	false	rabble	A_blank_record	true	50.0000	800.0000	0.0000	3k_hide_forest_charge_reflector_vs_large	50	50	false	battle_vo_order_halberds	battle_vo_order_select	battle_vo_order_select	1.0000	10.0000	3k_main_infantry_light	0	0	0	0	0	0	0	3k_main_infantry_pike	false	false	0	0	random	false	
3k_main_unit_wood_peasant_band	0	3k_main_unit_tunic	1900	inf_melee	22	inf_spr	22	0	3k_main_unit_wood_peasant_band	0	6	18	3k_main_unit_2h250_spear		10	none	3k_main_unit_wood_peasant_band	3k_infantry_militia	3k_main_unit_wood_peasant_band	false	rabble	A_blank_record	true	50.0000	800.0000	0.0000	3k_hide_forest_charge_reflector_vs_large	50	50	false	battle_vo_order_peasants	battle_vo_order_select	battle_vo_order_select	1.0000	25.0000	3k_main_infantry_light	0	0	0	0	0	0	0	3k_main_infantry_spear	false	false	0	0	random	false	
3k_main_unit_wood_protectors_of_heaven	0	3k_main_unit_iron_full	1900	inf_melee	154	inf_spr	154	0	3k_main_unit_wood_protectors_of_heaven	0	51	54	3k_main_unit_2h175_polearm_gouliandao_elite		10	3k_main_hero_none_default	3k_main_unit_wood_protectors_of_heaven	3k_infantry_elite	3k_main_unit_wood_protectors_of_heaven	false	elite	A_blank_record	true	50.0000	800.0000	0.0000	3k_hide_forest_charge_reflector_vs_large_disciplined_scare	50	50	false	battle_vo_order_protectorsofheaven	battle_vo_order_select	battle_vo_order_select	1.0000	10.0000	3k_main_infantry_heavy	0	0	0	0	0	0	0	3k_main_infantry_spear	false	false	25	0	random	false	
3k_main_unit_wood_spear_guards	0	3k_main_unit_leather_partial	1900	inf_melee	31	inf_spr	31	0	3k_main_unit_wood_spear_guards	0	6	30	3k_main_unit_1h175_spear_militia		10	3k_main_unit_infantry_large	3k_main_unit_wood_spear_guards	3k_infantry_default	3k_main_unit_wood_spear_guards	false	poorly_trained	A_blank_record	true	50.0000	800.0000	0.0000	3k_hide_forest_charge_reflector_vs_large	50	50	false	battle_vo_order_spearmen	battle_vo_order_select	battle_vo_order_select	1.0000	10.0000	3k_main_infantry_medium	0	0	0	0	0	0	0	3k_main_infantry_spear	false	false	0	0	random	false	
3k_main_unit_wood_spear_warriors	0	3k_main_unit_iron_partial	1900	inf_melee	82	inf_spr	82	0	3k_main_unit_wood_spear_warriors	0	6	30	3k_main_unit_2h250_spear		10	none	3k_main_unit_wood_spear_warriors	3k_infantry_default	3k_main_unit_wood_spear_warriors	false	rabble	A_blank_record	true	50.0000	800.0000	0.0000	3k_hide_forest_charge_reflector_vs_large	50	50	false	battle_vo_order_spearmen	battle_vo_order_select	battle_vo_order_select	1.0000	10.0000	3k_main_infantry_medium	0	0	0	0	0	0	0	3k_main_infantry_spear	false	false	0	0	random	true	
3k_main_unit_wood_warriors_of_ye	0	3k_main_unit_iron_partial	1900	inf_melee	110	inf_pik	110	0	3k_main_unit_wood_warriors_of_ye	0	12	36	3k_main_unit_2h250_polearm_ji		10	none	3k_main_unit_wood_warriors_of_ye	3k_infantry_default	3k_main_unit_wood_warriors_of_ye	false	well_trained	A_blank_record	true	50.0000	800.0000	0.0000	3k_hide_forest_charge_reflector_vs_large	50	50	false	battle_vo_order_halberds	battle_vo_order_select	battle_vo_order_select	1.0000	10.0000	3k_main_infantry_medium	0	0	0	0	0	0	0	3k_main_infantry_pike	false	false	15	0	front	false	
3k_ytr_general_metal_generic	0	3k_main_unit_leather_heavy	2450	cavalry	98	com	25	0	none	0	0	34	3k_main_general_1h095_sword_single_edge_common		5	none	none	3k_cavalry_default	none	false	well_trained	A_blank_record	true	50.0000	1000.0000	0.0000	3k_hide_forest	50	50	false	battle_vo_order_hero_select	battle_vo_order_cavalry	battle_vo_order_select	1.0000	10.0000	3k_main_cavalry_medium	0	0	0	0	0	0	0	3k_main_general_sentinel	false	false	0	0	front	false	
3k_ytr_general_metal_he_man	0	3k_ytr_hero_he_man_unique	2450	cavalry	107	com	107	0	none	0	54	34	3k_main_general_dw095_sword_double_edge_common		5	none	none	3k_cavalry_elite	none	false	elite	A_blank_record	true	50.0000	1000.0000	0.0000	3k_hide_forest	50	50	false	battle_vo_order_hero_select	battle_vo_order_cavalry	battle_vo_order_select	1.0000	10.0000	3k_main_cavalry_medium	0	0	0	0	0	0	0	3k_main_general_champion	false	false	0	0	front	false	
3k_ytr_general_metal_huang_shao	0	3k_ytr_hero_huang_shao_unique	2450	cavalry	107	com	27	0	none	0	0	34	3k_main_general_dw095_sword_double_edge_common		5	none	none	3k_cavalry_elite	none	false	elite	A_blank_record	true	50.0000	1000.0000	0.0000	3k_hide_forest	50	50	false	battle_vo_order_hero_select	battle_vo_order_cavalry	battle_vo_order_select	1.0000	10.0000	3k_main_cavalry_heavy	0	0	0	0	0	0	0	3k_main_general_champion	false	false	0	0	front	false	
3k_ytr_general_water_generic	0	3k_main_unit_tunic	2450	cavalry	75	com	19	0	none	0	0	23	3k_main_general_1h095_sword_single_edge_common		5	none	none	3k_cavalry_default	none	false	well_trained	A_blank_record	true	50.0000	1000.0000	0.0000	3k_hide_forest	50	50	false	battle_vo_order_hero_select	battle_vo_order_cavalry	battle_vo_order_select	1.0000	10.0000	3k_main_cavalry_light	0	0	0	0	0	0	0	3k_main_hero_strategist	false	false	-100	0	front	false	
3k_ytr_general_water_he_yi	0	3k_ytr_hero_he_yi_unique	2450	cavalry	84	com	21	0	none	0	0	23	3k_main_general_2h175_spear_common		5	none	none	3k_cavalry_elite	none	false	elite	A_blank_record	true	50.0000	1000.0000	0.0000	3k_hide_forest	50	50	false	battle_vo_order_hero_select	battle_vo_order_cavalry	battle_vo_order_select	1.0000	10.0000	3k_main_cavalry_heavy	0	0	0	0	0	0	0	3k_main_general_champion	false	false	-100	0	front	false	
3k_ytr_general_wood_generic	0	3k_main_unit_iron_full	2450	cavalry	225	com	56	0	none	0	0	34	3k_main_general_2h175_spear_common		5	none	none	3k_cavalry_default	none	false	well_trained	A_blank_record	true	50.0000	1000.0000	0.0000	3k_hide_forest	50	50	false	battle_vo_order_hero_select	battle_vo_order_cavalry	battle_vo_order_select	1.0000	10.0000	3k_main_cavalry_heavy	0	0	0	0	0	0	0	3k_main_general_champion	false	false	0	0	front	false	
3k_ytr_general_wood_gong_du	0	3k_ytr_hero_gong_du_unique	2450	cavalry	260	com	65	0	none	0	0	34	3k_ytr_general_dw095_mace_common		5	none	none	3k_cavalry_elite	none	false	elite	A_blank_record	true	50.0000	1000.0000	0.0000	3k_hide_forest	50	50	false	battle_vo_order_hero_select	battle_vo_order_cavalry	battle_vo_order_select	1.0000	25.0000	3k_main_cavalry_heavy	0	0	0	0	0	0	0	3k_main_general_champion	false	false	0	0	front	false	
3k_ytr_general_wood_pei_yuanshao	0	3k_ytr_hero_pei_yuanshao_unique	2450	cavalry	84	com	84	0	none	0	22	23	3k_main_general_2h175_spear_common		5	none	none	3k_cavalry_elite	none	false	elite	A_blank_record	true	50.0000	1000.0000	0.0000	3k_hide_forest	50	50	false	battle_vo_order_hero_select	battle_vo_order_cavalry	battle_vo_order_select	1.0000	10.0000	3k_main_cavalry_medium	0	0	0	0	0	0	0	3k_main_general_champion	false	false	-100	0	front	false	
3k_ytr_general_wood_zhang_kai	0	3k_ytr_hero_zhang_kai_unique	2450	cavalry	84	com	84	0	none	0	22	23	3k_main_general_2h175_spear_common		5	none	none	3k_cavalry_elite	none	false	elite	A_blank_record	true	50.0000	1000.0000	0.0000	3k_hide_forest	50	50	false	battle_vo_order_hero_select	battle_vo_order_cavalry	battle_vo_order_select	1.0000	10.0000	3k_main_cavalry_medium	0	0	0	0	0	0	0	3k_main_general_champion	false	false	-100	0	front	false	
3k_ytr_hero_metal_generic	0	3k_main_unit_leather_heavy	2450	cavalry	98	com	25	0	none	0	0	45	3k_main_general_1h095_sword_single_edge_unique		1	none	none	3k_cavalry_default	none	false	well_trained	A_blank_record	true	50.0000	1000.0000	0.0000	3k_hide_forest	50	50	false	battle_vo_order_hero_select	battle_vo_order_select	battle_vo_order_select	1.0000	10.0000	3k_main_cavalry_medium	0	10	0	0	0	0	0	3k_main_hero_sentinel	false	false	0	0	front	true	
3k_ytr_hero_metal_he_man	0	3k_ytr_hero_he_man_unique	2450	cavalry	107	com	107	0	none	0	54	50	3k_main_hero_dw095_sword_double_edge_exceptional		1	none	none	3k_cavalry_elite	none	false	elite	A_blank_record	true	50.0000	1000.0000	0.0000	3k_hide_forest	50	50	false	battle_vo_order_hero_select	battle_vo_order_select	battle_vo_order_select	1.0000	25.0000	3k_main_cavalry_medium	0	10	0	0	0	0	0	3k_main_hero_champion	false	false	0	0	front	true	
3k_ytr_hero_metal_huang_shao	0	3k_ytr_hero_huang_shao_unique	2450	cavalry	107	com	27	0	none	0	0	50	3k_main_hero_dw095_sword_double_edge_exceptional		1	none	none	3k_cavalry_elite	none	false	elite	A_blank_record	true	50.0000	1000.0000	0.0000	3k_hide_forest	50	50	false	battle_vo_order_hero_select	battle_vo_order_select	battle_vo_order_select	1.0000	25.0000	3k_main_cavalry_heavy	0	10	0	0	0	0	0	3k_main_hero_champion	false	false	0	0	front	true	
3k_ytr_hero_water_generic	0	3k_main_unit_tunic	2450	cavalry	75	com	19	0	none	0	0	40	3k_main_general_1h095_sword_single_edge_unique		1	none	none	3k_cavalry_default	none	false	well_trained	A_blank_record	true	50.0000	1000.0000	0.0000	3k_hide_forest	50	50	false	battle_vo_order_hero_select	battle_vo_order_select	battle_vo_order_select	1.0000	10.0000	3k_main_cavalry_light	0	10	0	0	0	0	0	3k_main_hero_strategist	true	false	-100	0	front	true	
3k_ytr_hero_water_he_yi	0	3k_ytr_hero_he_yi_unique	2450	cavalry	84	com	21	0	none	0	0	40	3k_main_unit_2h250_polearm_ji		1	none	none	3k_cavalry_elite	none	false	elite	A_blank_record	true	50.0000	1000.0000	0.0000	3k_hide_forest	50	50	false	battle_vo_order_hero_select	battle_vo_order_select	battle_vo_order_select	1.0000	25.0000	3k_main_cavalry_heavy	0	10	0	0	0	0	0	3k_main_hero_champion	true	false	-100	0	front	true	
3k_ytr_hero_wood_generic	0	3k_main_unit_iron_full	2450	cavalry	225	com	56	0	none	0	0	45	3k_main_general_2h175_spear_unique		1	none	none	3k_cavalry_default	none	false	well_trained	A_blank_record	true	50.0000	1000.0000	0.0000	3k_hide_forest	50	50	false	battle_vo_order_hero_select	battle_vo_order_select	battle_vo_order_select	1.0000	10.0000	3k_main_cavalry_heavy	0	10	0	0	0	0	0	3k_main_hero_champion	false	false	0	0	front	true	
3k_ytr_hero_wood_gong_du	0	3k_ytr_hero_gong_du_unique	2450	cavalry	260	com	65	0	none	0	0	50	3k_ytr_hero_dw095_mace_exceptional		1	none	none	3k_cavalry_elite	none	false	elite	A_blank_record	true	50.0000	1000.0000	0.0000	3k_hide_forest	50	50	false	battle_vo_order_hero_select	battle_vo_order_select	battle_vo_order_select	1.0000	25.0000	3k_main_cavalry_heavy	0	10	0	0	0	0	0	3k_main_hero_champion	false	false	0	0	front	true	
3k_ytr_hero_wood_pei_yuanshao	0	3k_ytr_hero_pei_yuanshao_unique	2450	cavalry	84	com	84	0	none	0	15	40	3k_main_unit_2h250_polearm_ji		1	none	none	3k_cavalry_elite	none	false	elite	A_blank_record	true	50.0000	1000.0000	0.0000	3k_hide_forest	50	50	false	battle_vo_order_hero_select	battle_vo_order_select	battle_vo_order_select	1.0000	25.0000	3k_main_cavalry_medium	0	10	0	0	0	0	0	3k_main_hero_champion	false	false	-100	0	front	true	
3k_ytr_hero_wood_zhang_kai	0	3k_ytr_hero_zhang_kai_unique	2450	cavalry	84	com	84	0	none	0	15	40	3k_main_unit_2h250_polearm_ji		1	none	none	3k_cavalry_elite	none	false	elite	A_blank_record	true	50.0000	1000.0000	0.0000	3k_hide_forest	50	50	false	battle_vo_order_hero_select	battle_vo_order_select	battle_vo_order_select	1.0000	25.0000	3k_main_cavalry_medium	0	10	0	0	0	0	0	3k_main_hero_champion	false	false	-100	0	front	true	
3k_ytr_unit_earth_virtuous_noblemen	0	3k_main_unit_iron_lamellar	2450	cavalry	164	cav_mel	41	0	3k_ytr_unit_earth_virtuous_noblemen	0	16	50	3k_main_unit_1h095_axe		5	3k_main_unit_cavalry_gourd	3k_ytr_unit_earth_virtuous_noblemen	3k_cavalry_default	3k_ytr_unit_earth_virtuous_noblemen	false	elite	A_blank_record	true	50.0000	1000.0000	0.0000	3k_hide_forest_fatigue_immune_scare_immune_disciplined	50	50	false	battle_vo_order_noblemen	battle_vo_order_cavalry	battle_vo_order_select	1.0000	25.0000	3k_main_cavalry_heavy	0	0	0	0	0	50	0	3k_main_cavalry_melee	false	false	0	0	front	false	
3k_ytr_unit_earth_white_wave_horsemen	0	3k_main_unit_leather_partial	2450	cavalry	250	cav_shk	63	0	3k_ytr_unit_fire_white_wave_horsemen	0	8	32	3k_main_unit_1h175_spear		5	3k_main_unit_cavalry_side	3k_ytr_unit_fire_white_wave_horsemen	3k_cavalry_default	3k_ytr_unit_fire_white_wave_horsemen	false	trained	A_blank_record	true	50.0000	1000.0000	0.0000	3k_hide_forest_disciplined_guerilla_deploy	50	50	false	battle_vo_order_cavalry	battle_vo_order_select	battle_vo_order_select	1.0000	25.0000	3k_main_cavalry_medium	0	0	0	0	0	50	0	3k_main_cavalry_shock	false	false	0	0	front	false	
3k_ytr_unit_earth_yellow_turban_horsemen	0	3k_main_unit_leather_partial	2450	cavalry	156	cav_mel	39	0	3k_ytr_unit_earth_yellow_turban_horsemen	0	18	26	3k_main_unit_1h095_sword_single_edge		5	3k_main_unit_cavalry_rattan	3k_ytr_unit_earth_yellow_turban_horsemen	3k_cavalry_default	3k_ytr_unit_earth_yellow_turban_horsemen	false	poorly_trained	A_blank_record	true	50.0000	1000.0000	0.0000	3k_hide_forest_raider	50	50	false	battle_vo_order_cavalry	battle_vo_order_yellowturbans	battle_vo_order_select	1.0000	25.0000	3k_main_cavalry_medium	0	0	0	0	0	50	0	3k_main_cavalry_melee	false	false	-25	0	front	false	
3k_ytr_unit_metal_arm_of_the_supreme_peace	0	3k_main_unit_iron_partial	1900	inf_melee	157	inf_mel	157	0	3k_ytr_unit_metal_arm_of_the_supreme_peace	0	43	44	3k_ytr_unit_2h175_giant_mace		4	none	3k_ytr_unit_metal_arm_of_the_supreme_peace	3k_infantry_default	3k_ytr_unit_metal_arm_of_the_supreme_peace	false	elite	A_blank_record	true	50.0000	800.0000	0.0000	3k_hide_forest_raider_scare_immune	50	50	false	battle_vo_order_select	battle_vo_order_select	battle_vo_order_select	1.0000	25.0000	3k_main_infantry_medium	0	0	0	0	0	0	0	3k_main_infantry_melee	false	false	0	0	front	false	
3k_ytr_unit_metal_chanters	0	3k_main_unit_tunic	1900	inf_melee	50	inf_mel	50	0	3k_ytr_unit_metal_chanters	0	15	40	3k_ytr_unit_1h095_club		10	none	3k_ytr_unit_metal_chanters	3k_infantry_default	3k_ytr_unit_metal_chanters	false	trained	A_blank_record	true	50.0000	800.0000	0.0000	3k_hide_forest_encourage	50	50	false	battle_vo_order_select	battle_vo_order_select	battle_vo_order_select	1.0000	25.0000	3k_main_infantry_light	0	0	0	0	0	0	0	3k_main_infantry_melee_support	false	false	0	0	front	false	
3k_ytr_unit_metal_peasant_warriors	0	3k_main_unit_tunic	1900	inf_melee	90	inf_mel	90	0	3k_ytr_unit_metal_peasant_warriors	0	13	18	3k_main_unit_2h175_rake		10	none	3k_ytr_unit_metal_peasant_warriors	3k_infantry_militia	3k_ytr_unit_metal_peasant_warriors	false	rabble	A_blank_record	true	50.0000	800.0000	0.0000	3k_hide_forest_raider	50	50	false	battle_vo_order_peasants	battle_vo_order_select	battle_vo_order_select	1.0000	10.0000	3k_main_infantry_light	0	0	0	0	0	0	0	3k_main_infantry_melee	false	false	-50	0	front	false	
3k_ytr_unit_metal_peoples_warband	0	3k_main_unit_leather_partial	1900	inf_melee	89	inf_mel	89	0	3k_ytr_unit_metal_peoples_warband	0	15	34	3k_ytr_unit_dw095_sword_single_edge		10	none	3k_ytr_unit_metal_peoples_warband	3k_infantry_default	3k_ytr_unit_metal_peoples_warband	false	trained	A_blank_record	true	50.0000	800.0000	0.0000	3k_hide_forest	50	50	false	battle_vo_order_swordsmen	battle_vo_order_select	battle_vo_order_select	1.0000	10.0000	3k_main_infantry_light	0	0	0	0	0	0	0	3k_main_infantry_melee	false	false	0	0	front	false	
3k_ytr_unit_metal_scholar_warriors	0	3k_main_unit_leather_heavy	1900	inf_melee	117	inf_mel	117	0	3k_ytr_unit_metal_scholar_warriors	0	60	59	3k_ytr_unit_dw095_sword_single_edge_elite		6	3k_ytr_unit_infantry_dodging	3k_ytr_unit_metal_scholar_warriors	3k_infantry_default	3k_ytr_unit_metal_scholar_warriors	false	elite	A_blank_record	true	50.0000	800.0000	0.0000	3k_hide_forest_encourage_fatigue_immune	50	50	false	battle_vo_order_scholars	battle_vo_order_swordsmen	battle_vo_order_select	1.0000	10.0000	3k_main_infantry_medium	0	0	0	0	0	0	0	3k_main_infantry_melee	false	false	-25	0	front	false	
3k_ytr_unit_metal_venerable_wu	0	3k_main_unit_tunic	1900	inf_melee	118	inf_mel	108	0	3k_ytr_unit_metal_venerable_wu	0	65	54	3k_ytr_unit_1h095_sword_double_edge_poisoned		6	3k_ytr_unit_infantry_dodging	3k_ytr_unit_metal_venerable_wu	3k_infantry_default	3k_ytr_unit_metal_venerable_wu	false	well_trained	A_blank_record	true	50.0000	800.0000	0.0000	3k_hide_forest_causes_fear	50	50	false	battle_vo_order_swordsmen	battle_vo_order_select	battle_vo_order_select	1.0000	10.0000	3k_main_infantry_light	0	0	0	0	0	0	0	3k_main_infantry_melee	false	false	0	0	front	false	
3k_ytr_unit_metal_white_wave_veterans	0	3k_main_unit_leather_partial	1900	inf_melee	134	inf_mel	124	0	3k_ytr_unit_metal_white_wave_veterans	0	30	34	3k_main_unit_1h095_sword_single_edge		10	3k_main_unit_infantry_rattan	3k_ytr_unit_metal_white_wave_veterans	3k_infantry_default	3k_ytr_unit_metal_white_wave_veterans	false	trained	A_blank_record	true	50.0000	800.0000	0.0000	3k_hide_forest_disciplined_guerilla_deploy	50	50	false	battle_vo_order_swordsmen	battle_vo_order_select	battle_vo_order_select	1.0000	10.0000	3k_main_infantry_light	0	0	0	0	0	0	0	3k_main_infantry_melee	false	false	0	0	front	false	
3k_ytr_unit_metal_yellow_sky_heralds	0	3k_main_unit_tunic	1900	inf_melee	89	inf_mel	89	0	3k_ytr_unit_metal_yellow_sky_heralds	0	15	44	3k_ytr_unit_1h095_mace		10	none	3k_ytr_unit_metal_yellow_sky_heralds	3k_infantry_default	3k_ytr_unit_metal_yellow_sky_heralds	false	trained	A_blank_record	true	50.0000	800.0000	0.0000	3k_hide_forest_unbreakable_raider_unruly	50	50	false	battle_vo_order_select	battle_vo_order_select	battle_vo_order_select	1.0000	10.0000	3k_main_infantry_light	0	0	0	0	0	0	0	3k_main_infantry_melee	false	false	-25	0	front	false	
3k_ytr_unit_metal_yellow_turban_warriors	0	3k_main_unit_leather_partial	1900	inf_melee	104	inf_mel	94	0	3k_ytr_unit_metal_yellow_turban_warriors	0	29	24	3k_main_unit_1h095_sword_single_edge		10	3k_main_unit_infantry_rattan	3k_ytr_unit_metal_yellow_turban_warriors	3k_infantry_militia	3k_ytr_unit_metal_yellow_turban_warriors	false	poorly_trained	A_blank_record	true	50.0000	800.0000	0.0000	3k_hide_forest_raider	50	50	false	battle_vo_order_swordsmen	battle_vo_order_yellowturbans	battle_vo_order_select	1.0000	10.0000	3k_main_infantry_light	0	0	0	0	0	0	0	3k_main_infantry_melee	false	false	-25	0	front	false	
3k_ytr_unit_metal_yellow_turban_warriors_captain	0	3k_main_unit_leather_reinforced	1900	inf_melee	114	inf_mel	104	0	3k_ytr_unit_metal_yellow_turban_warriors	0	20	44	3k_main_unit_1h095_sword_single_edge		10	3k_main_unit_infantry_rattan	3k_ytr_unit_metal_yellow_turban_warriors	3k_infantry_default	3k_ytr_unit_metal_yellow_turban_warriors	false	trained	A_blank_record	true	50.0000	800.0000	0.0000	3k_hide_forest_encourage	50	50	false	battle_vo_order_swordsmen	battle_vo_order_yellowturbans	battle_vo_order_select	1.0000	10.0000	3k_main_infantry_medium	0	0	0	0	0	0	0	3k_main_infantry_melee	false	false	0	0	front	false	
3k_ytr_unit_metal_youxia	0	3k_main_unit_iron_full	1900	inf_melee	108	inf_mel	98	0	3k_ytr_unit_metal_youxia	0	45	64	3k_main_unit_1h095_sword_double_edge_elite		6	3k_main_unit_infantry_gourd	3k_ytr_unit_metal_youxia	3k_infantry_default	3k_ytr_unit_metal_youxia	false	well_trained	A_blank_record	true	50.0000	800.0000	0.0000	3k_hide_forest_scare_immune_guerilla_deploy_unbreakable	50	50	false	battle_vo_order_youxia	battle_vo_order_swordsmen	battle_vo_order_select	1.0000	10.0000	3k_main_infantry_heavy	0	0	0	0	0	0	0	3k_main_infantry_melee	false	false	0	0	front	false	
3k_ytr_unit_water_archery_masters	0	3k_main_unit_tunic	1900	inf_ranged	75	inf_mis	75	0	3k_ytr_unit_water_archery_masters	0	12	57	3k_main_unit_1h095_sword_single_edge_weak	3k_ytr_unit_bow_wooden_laminated	6	3k_ytr_unit_infantry_dodging	3k_ytr_unit_water_archery_masters	3k_infantry_default	3k_ytr_unit_water_archery_masters	false	well_trained	A_blank_record	true	50.0000	800.0000	0.0000	3k_hide_forest	50	50	false	battle_vo_order_archers	battle_vo_order_select	battle_vo_order_select	1.0000	10.0000	3k_main_infantry_light	0	42	0	0	0	0	0	3k_main_infantry_ranged	true	false	0	40	front	false	
3k_ytr_unit_water_horseback_huntsmen	0	3k_main_unit_leather_partial	2450	cavalry	40	cav_mis	10	0	3k_ytr_unit_water_horseback_huntsmen	0	12	20	3k_main_unit_1h095_sword_single_edge_weak	3k_main_unit_bow_long_siyah_horn	5	none	3k_ytr_unit_water_horseback_huntsmen	3k_cavalry_default	3k_ytr_unit_water_horseback_huntsmen	false	trained	A_blank_record	true	50.0000	1000.0000	0.0000	3k_hide_forest_mounted_fire_move_mounted_fire_parthian_guerilla_deploy	50	50	false	battle_vo_order_archers	battle_vo_order_cavalry	battle_vo_order_select	1.0000	10.0000	3k_main_cavalry_light	0	44	0	0	0	0	0	3k_main_cavalry_ranged	true	false	0	45	front	false	
3k_ytr_unit_water_men_of_the_forest	0	3k_main_unit_leather_partial	1900	inf_ranged	65	inf_mis	65	0	3k_ytr_unit_water_men_of_the_forest	0	12	23	3k_main_unit_1h095_axe_militia	3k_main_unit_bow_wooden_composite	10	none	3k_ytr_unit_water_men_of_the_forest	3k_infantry_default	3k_ytr_unit_water_men_of_the_forest	false	trained	A_blank_record	true	50.0000	800.0000	0.0000	3k_hide_forest_ignore_terrain_guerilla_deploy	50	50	false	battle_vo_order_archers	battle_vo_order_select	battle_vo_order_select	1.0000	25.0000	3k_main_infantry_light	0	26	0	0	0	0	0	3k_main_infantry_ranged	true	false	0	25	front	false	
3k_ytr_unit_water_peasant_archers	0	3k_main_unit_tunic	1900	inf_ranged	10	inf_mis	10	0	3k_ytr_unit_water_peasant_archers	0	10	13	3k_main_unit_1h095_sword_single_edge_weak	3k_main_unit_bow_wooden_composite_militia	10	none	3k_ytr_unit_water_peasant_archers	3k_infantry_militia	3k_ytr_unit_water_peasant_archers	false	rabble	A_blank_record	true	50.0000	800.0000	0.0000	3k_hide_forest_raider	50	50	false	battle_vo_order_archers	battle_vo_order_peasants	battle_vo_order_select	1.0000	25.0000	3k_main_infantry_light	0	14	0	0	0	0	0	3k_main_infantry_ranged	true	false	-50	-25	front	false	
3k_ytr_unit_water_watchmen_of_the_peace	0	3k_main_unit_leather_heavy	1900	inf_ranged	75	inf_mis	75	0	3k_ytr_unit_water_watchmen_of_the_peace	0	12	25	3k_main_unit_1h095_sword_single_edge	3k_main_unit_crossbow	10	3k_main_unit_infantry_rattan	3k_ytr_unit_water_watchmen_of_the_peace	3k_infantry_default	3k_ytr_unit_water_watchmen_of_the_peace	false	well_trained	A_blank_record	true	50.0000	800.0000	0.0000	3k_hide_forest	50	50	false	battle_vo_order_crossbows	battle_vo_order_select	battle_vo_order_select	1.0000	25.0000	3k_main_infantry_medium	0	17	0	0	0	0	0	3k_main_infantry_ranged	true	false	0	0	front	false	
3k_ytr_unit_water_yellow_turban_archers	0	3k_main_unit_leather_partial	1900	inf_ranged	41	inf_mis	41	0	3k_ytr_unit_water_yellow_turban_archers	0	11	18	3k_main_unit_1h095_sword_single_edge_weak	3k_main_unit_bow_wooden_composite	10	none	3k_ytr_unit_water_yellow_turban_archers	3k_infantry_default	3k_ytr_unit_water_yellow_turban_archers	false	poorly_trained	A_blank_record	true	50.0000	800.0000	0.0000	3k_hide_forest_raider	50	50	false	battle_vo_order_archers	battle_vo_order_yellowturbans	battle_vo_order_select	1.0000	25.0000	3k_main_infantry_light	0	25	0	0	0	0	0	3k_main_infantry_ranged	true	false	-25	0	front	false	
3k_ytr_unit_water_yellow_turban_archers_captain	0	3k_main_unit_leather_partial	1900	inf_ranged	50	inf_mis	50	0	3k_ytr_unit_water_yellow_turban_archers	0	12	23	3k_main_unit_1h095_sword_single_edge_weak	3k_main_unit_bow_long_siyah_horn	10	none	3k_ytr_unit_water_yellow_turban_archers	3k_infantry_default	3k_ytr_unit_water_yellow_turban_archers	false	trained	A_blank_record	true	50.0000	800.0000	0.0000	3k_hide_forest_encourage	50	50	false	battle_vo_order_archers	battle_vo_order_yellowturbans	battle_vo_order_select	1.0000	25.0000	3k_main_infantry_light	0	27	0	0	0	0	0	3k_main_infantry_ranged	true	false	0	0	front	false	
3k_ytr_unit_wood_bringers_of_righteousness	0	3k_main_unit_leather_reinforced	1900	inf_melee	90	inf_spr	90	0	3k_ytr_unit_wood_bringers_of_righteousness	0	19	30	3k_main_unit_2h175_polearm_gouliandao	3k_main_unit_bow_wooden_composite	10	none	3k_ytr_unit_wood_bringers_of_righteousness	3k_infantry_default	3k_ytr_unit_wood_bringers_of_righteousness	false	well_trained	A_blank_record	true	50.0000	800.0000	0.0000	3k_hide_forest	50	50	false	battle_vo_order_archers	battle_vo_order_select	battle_vo_order_select	1.0000	25.0000	3k_main_infantry_medium	0	20	0	0	0	0	0	3k_main_infantry_ranged	true	false	0	-100	random	false	
3k_ytr_unit_wood_guardians_of_the_land	0	3k_main_unit_iron_lamellar	1900	inf_melee	80	inf_spr	80	0	3k_ytr_unit_wood_guardians_of_the_land	0	34	30	3k_main_unit_2h250_polearm_ji		10	none	3k_ytr_unit_wood_guardians_of_the_land	3k_infantry_default	3k_ytr_unit_wood_guardians_of_the_land	false	well_trained	A_blank_record	true	50.0000	800.0000	0.0000	3k_hide_forest_charge_reflector_vs_large_disciplined	50	50	false	battle_vo_order_halberds	battle_vo_order_select	battle_vo_order_select	1.0000	25.0000	3k_main_infantry_heavy	0	0	0	0	0	0	0	3k_main_infantry_melee	false	false	0	0	front	false	
3k_ytr_unit_wood_militia_of_virtue	0	3k_main_unit_leather_partial	1900	inf_melee	40	inf_spr	40	0	3k_ytr_unit_wood_militia_of_virtue	0	60	30	3k_ytr_unit_2h175_staff		6	none	3k_ytr_unit_wood_militia_of_virtue	3k_infantry_default	3k_ytr_unit_wood_militia_of_virtue	false	trained	A_blank_record	true	50.0000	800.0000	0.0000	3k_hide_forest_fatigue_immune_unbreakable	50	50	false	battle_vo_order_spearmen	battle_vo_order_select	battle_vo_order_select	1.0000	10.0000	3k_main_infantry_light	0	0	0	0	0	0	0	3k_main_infantry_spear	false	false	0	0	front	false	
3k_ytr_unit_wood_peasant_spearmen	0	3k_main_unit_tunic	1900	inf_melee	22	inf_spr	22	0	3k_ytr_unit_wood_peasant_spearmen	0	11	16	3k_main_unit_2h250_spear		10	none	3k_ytr_unit_wood_peasant_spearmen	3k_infantry_militia	3k_ytr_unit_wood_peasant_spearmen	false	rabble	A_blank_record	true	50.0000	800.0000	0.0000	3k_hide_forest_charge_reflector_vs_large_raider	50	50	false	battle_vo_order_peasants	battle_vo_order_spearmen	battle_vo_order_select	1.0000	10.0000	3k_main_infantry_light	0	0	0	0	0	0	0	3k_main_infantry_spear	false	false	-50	0	front	false	
3k_ytr_unit_wood_reclaimers	0	3k_main_unit_leather_reinforced	1900	inf_melee	70	inf_spr	70	0	3k_ytr_unit_wood_reclaimers	0	16	28	3k_main_unit_1h175_spear		10	3k_main_unit_infantry_tower	3k_ytr_unit_wood_reclaimers	3k_infantry_default	3k_ytr_unit_wood_reclaimers	false	trained	A_blank_record	true	50.0000	800.0000	0.0000	3k_hide_forest_charge_reflector_vs_large_raider	50	50	false	battle_vo_order_spearmen	battle_vo_order_select	battle_vo_order_select	1.0000	10.0000	3k_main_infantry_heavy	0	0	0	0	0	0	0	3k_main_infantry_spear	false	false	0	0	front	false	
3k_ytr_unit_wood_yellow_turban_spearmen	0	3k_main_unit_leather_partial	1900	inf_melee	41	inf_spr	41	0	3k_ytr_unit_wood_yellow_turban_spearmen	0	14	22	3k_main_unit_1h175_spear		10	3k_main_unit_infantry_oval	3k_ytr_unit_wood_yellow_turban_spearmen	3k_infantry_default	3k_ytr_unit_wood_yellow_turban_spearmen	false	poorly_trained	A_blank_record	true	50.0000	800.0000	0.0000	3k_hide_forest_charge_reflector_vs_large_raider	50	50	false	battle_vo_order_spearmen	battle_vo_order_yellowturbans	battle_vo_order_select	1.0000	10.0000	3k_main_infantry_medium	0	0	0	0	0	0	0	3k_main_infantry_spear	false	false	-25	0	front	false	
3k_ytr_unit_wood_yellow_turban_spearmen_captain	0	3k_main_unit_leather_partial	1900	inf_melee	50	inf_spr	50	0	3k_ytr_unit_wood_yellow_turban_spearmen	0	16	40	3k_main_unit_1h175_spear		10	3k_main_unit_infantry_oval	3k_ytr_unit_wood_yellow_turban_spearmen	3k_infantry_default	3k_ytr_unit_wood_yellow_turban_spearmen	false	trained	A_blank_record	true	50.0000	800.0000	0.0000	3k_hide_forest_charge_reflector_vs_large_encourage	50	50	false	battle_vo_order_spearmen	battle_vo_order_yellowturbans	battle_vo_order_select	1.0000	10.0000	3k_main_infantry_medium	0	0	0	0	0	0	0	3k_main_infantry_spear	false	false	0	0	front	false	
ep_dyn_hero_earth_cao_cao	0	ep_dyn_hero_cao_cao_unique	2450	cavalry	100	com	50	0	none	0	20	55	ep_dyn_hero_1h095_trust_of_god_unique		1	3k_main_hero_none_low	none	3k_hero	none	false	elite	A_blank_record	true	50.0000	1000.0000	0.0000	3k_unbreakable	50	50	false	battle_vo_order_hero_select	battle_vo_order_select	battle_vo_order_select	1.0000	25.0000	3k_main_cavalry_heavy	0	9999	0	0	0	0	0	3k_main_hero_commander	false	false	0	0	front	false	
ep_dyn_hero_earth_liu_bei	0	ep_dyn_hero_liu_bei_unique	2450	cavalry	100	com	50	0	none	0	20	55	ep_dyn_hero_dw095_shuang_gu_jian_unique		1	3k_main_hero_none_low	none	3k_hero	none	false	elite	A_blank_record	true	50.0000	1000.0000	0.0000	3k_unbreakable	50	50	false	battle_vo_order_hero_select	battle_vo_order_select	battle_vo_order_select	1.0000	25.0000	3k_main_cavalry_medium	0	9999	0	0	0	0	0	3k_main_hero_commander	false	false	0	0	front	false	
ep_dyn_hero_earth_liu_biao	0	ep_dyn_hero_liu_biao_unique	2450	cavalry	100	com	50	0	none	0	20	55	ep_dyn_hero_1h095_sword_double_edge_unique		1	3k_main_hero_none_low	none	3k_hero	none	false	elite	A_blank_record	true	50.0000	1000.0000	0.0000	3k_unbreakable	50	50	false	battle_vo_order_hero_select	battle_vo_order_select	battle_vo_order_select	1.0000	25.0000	3k_main_cavalry_light	0	9999	0	0	0	0	0	3k_main_hero_commander	false	false	0	0	front	false	
ep_dyn_hero_earth_liu_zhang	0	ep_dyn_hero_liu_zhang_unique	2450	cavalry	100	com	50	0	none	0	20	55	ep_dyn_hero_1h095_sword_double_edge_unique		1	3k_main_hero_none_low	none	3k_hero	none	false	elite	A_blank_record	true	50.0000	1000.0000	0.0000	3k_unbreakable	50	50	false	battle_vo_order_hero_select	battle_vo_order_select	battle_vo_order_select	1.0000	25.0000	3k_main_cavalry_light	0	9999	0	0	0	0	0	3k_main_hero_commander	false	false	0	0	front	false	
ep_dyn_hero_earth_sun_quan	0	ep_dyn_hero_sun_quan_unique	2450	cavalry	100	com	50	0	none	0	20	55	ep_dyn_hero_1h095_sword_double_edge_unique		1	3k_main_hero_none_low	none	3k_hero	none	false	elite	A_blank_record	true	50.0000	1000.0000	0.0000	3k_unbreakable	50	50	false	battle_vo_order_hero_select	battle_vo_order_select	battle_vo_order_select	1.0000	25.0000	3k_main_cavalry_medium	0	9999	0	0	0	0	0	3k_main_hero_commander	false	false	0	0	front	false	
ep_dyn_hero_earth_yuan_shao	0	ep_dyn_hero_yuan_shao_unique	2450	cavalry	100	com	50	0	none	0	20	55	ep_dyn_hero_1h095_sword_double_edge_unique		1	3k_main_hero_none_low	none	3k_hero	none	false	elite	A_blank_record	true	50.0000	1000.0000	0.0000	3k_unbreakable	50	50	false	battle_vo_order_hero_select	battle_vo_order_select	battle_vo_order_select	1.0000	25.0000	3k_main_cavalry_heavy	0	9999	0	0	0	0	0	3k_main_hero_commander	false	false	0	0	front	false	
ep_dyn_hero_earth_yuan_shu	0	ep_dyn_hero_yuan_shu_unique	2450	cavalry	100	com	50	0	none	0	20	55	ep_dyn_hero_1h095_sword_double_edge_unique		1	3k_main_hero_none_low	none	3k_hero	none	false	elite	A_blank_record	true	50.0000	1000.0000	0.0000	3k_unbreakable	50	50	false	battle_vo_order_hero_select	battle_vo_order_select	battle_vo_order_select	1.0000	25.0000	3k_main_cavalry_light	0	9999	0	0	0	0	0	3k_main_hero_commander	false	false	0	0	front	false	
ep_dyn_hero_fire_dong_zhuo	0	ep_dyn_hero_dong_zhuo_unique	2450	cavalry	100	com	50	0	none	0	20	55	ep_dyn_hero_1h095_blade_of_xiang_yu_unique		1	3k_main_hero_none_low	none	3k_hero	none	false	elite	A_blank_record	true	50.0000	1000.0000	0.0000	3k_unbreakable	50	50	false	battle_vo_order_hero_select	battle_vo_order_select	battle_vo_order_select	1.0000	25.0000	3k_main_cavalry_heavy	0	0	0	0	0	0	0	3k_main_hero_vanguard	false	false	0	0	front	true	
ep_dyn_hero_fire_gan_ning	0	ep_dyn_hero_gan_ning_unique	2450	cavalry	100	com	50	0	none	0	20	55	ep_dyn_hero_1h095_short_ji_exceptional		1	3k_main_hero_none_low	none	3k_hero	none	false	elite	A_blank_record	true	50.0000	1000.0000	0.0000	3k_unbreakable	50	50	false	battle_vo_order_hero_select	battle_vo_order_select	battle_vo_order_select	1.0000	25.0000	3k_main_cavalry_heavy	0	9999	0	0	0	0	0	3k_main_hero_vanguard	false	false	0	0	front	true	
ep_dyn_hero_fire_gongsun_zan	0	ep_dyn_hero_gongsun_zan_unique	2450	cavalry	100	com	50	0	none	0	20	55	ep_dyn_hero_2h175_ma_su_unique		1	3k_main_hero_none_low	none	3k_hero	none	false	elite	A_blank_record	true	50.0000	1000.0000	0.0000	3k_unbreakable	50	50	false	battle_vo_order_hero_select	battle_vo_order_select	battle_vo_order_select	1.0000	25.0000	3k_main_cavalry_heavy	0	0	0	0	0	0	0	3k_main_hero_vanguard	false	false	0	0	front	true	
ep_dyn_hero_fire_lady_sun	0	ep_dyn_hero_lady_sun_unique	2450	cavalry	100	com	50	0	none	0	20	55	ep_dyn_hero_1h095_sword_double_edge_unique		1	3k_main_hero_none_low	none	3k_hero	none	false	elite	A_blank_record	false	50.0000	1000.0000	0.0000	3k_unbreakable	50	50	false	battle_vo_order_hero_select	battle_vo_order_select	battle_vo_order_select	1.0000	25.0000	3k_main_cavalry_heavy	0	9999	0	0	0	0	0	3k_main_hero_vanguard	false	false	0	0	front	false	
ep_dyn_hero_fire_lu_bu	0	ep_dyn_hero_lu_bu_unique	2450	cavalry	100	com	50	0	none	0	20	55	ep_dyn_hero_2h175_sky_piercer_unique		1	3k_main_hero_none_low	none	3k_hero	none	false	elite	A_blank_record	true	50.0000	1000.0000	0.0000	3k_unbreakable	50	50	false	battle_vo_order_hero_select	battle_vo_order_select	battle_vo_order_select	1.0000	25.0000	3k_main_cavalry_heavy	0	0	0	0	0	0	0	3k_main_hero_vanguard	false	false	0	0	front	true	
ep_dyn_hero_fire_ma_chao	0	ep_dyn_hero_ma_chao_unique	2450	cavalry	100	com	50	0	none	0	20	55	ep_dyn_hero_2h175_spear_unique		1	3k_main_hero_none_low	none	3k_hero	none	false	elite	A_blank_record	true	50.0000	1000.0000	0.0000	3k_unbreakable	50	50	false	battle_vo_order_hero_select	battle_vo_order_select	battle_vo_order_select	1.0000	25.0000	3k_main_cavalry_heavy	0	0	0	0	0	0	0	3k_main_hero_vanguard	false	false	0	0	front	true	
ep_dyn_hero_fire_ma_teng	0	ep_dyn_hero_ma_teng_unique	2450	cavalry	100	com	50	0	none	0	20	55	ep_dyn_hero_2h175_spear_unique		1	3k_main_hero_none_low	none	3k_hero	none	false	elite	A_blank_record	true	50.0000	1000.0000	0.0000	3k_unbreakable	50	50	false	battle_vo_order_hero_select	battle_vo_order_select	battle_vo_order_select	1.0000	25.0000	3k_main_cavalry_heavy	0	0	0	0	0	0	0	3k_main_hero_vanguard	false	false	0	0	front	true	
ep_dyn_hero_fire_sun_ce	0	ep_dyn_hero_sun_ce_unique	2450	cavalry	100	com	50	0	none	0	20	55	ep_dyn_hero_1h095_sword_single_edge_unique		1	3k_main_hero_none_low	none	3k_hero	none	false	elite	A_blank_record	true	50.0000	1000.0000	0.0000	3k_unbreakable	50	50	false	battle_vo_order_hero_select	battle_vo_order_select	battle_vo_order_select	1.0000	25.0000	3k_main_cavalry_medium	0	0	0	0	0	0	0	3k_main_hero_vanguard	false	false	0	0	front	true	
ep_dyn_hero_fire_xiahou_yuan	0	ep_dyn_hero_xiahou_yuan_unique	2450	cavalry	100	com	50	0	none	0	20	55	ep_dyn_hero_2h175_spear_unique		1	3k_main_hero_none_low	none	3k_hero	none	false	elite	A_blank_record	true	50.0000	1000.0000	0.0000	3k_unbreakable	50	50	false	battle_vo_order_hero_select	battle_vo_order_select	battle_vo_order_select	1.0000	25.0000	3k_main_cavalry_heavy	0	0	0	0	0	0	0	3k_main_hero_vanguard	false	false	0	0	front	true	
ep_dyn_hero_fire_zhang_fei	0	ep_dyn_hero_zhang_fei_unique	2450	cavalry	100	com	50	0	none	0	20	55	ep_dyn_hero_2h175_serpent_spear_unique		1	3k_main_hero_none_low	none	3k_hero	none	false	elite	A_blank_record	true	50.0000	1000.0000	0.0000	3k_unbreakable	50	50	false	battle_vo_order_hero_select	battle_vo_order_select	battle_vo_order_select	1.0000	25.0000	3k_main_cavalry_heavy	0	0	0	0	0	0	0	3k_main_hero_vanguard	false	false	0	0	front	true	
ep_dyn_hero_metal_han_sui	0	ep_dyn_hero_han_sui_unique	2450	cavalry	100	com	50	0	none	0	20	55	ep_dyn_hero_2h175_spear_unique		1	3k_main_hero_none_low	none	3k_hero	none	false	elite	A_blank_record	true	50.0000	1000.0000	0.0000	3k_unbreakable	50	50	false	battle_vo_order_hero_select	battle_vo_order_select	battle_vo_order_select	1.0000	25.0000	3k_main_cavalry_heavy	0	9999	0	0	0	0	0	3k_main_hero_sentinel	false	false	0	0	front	false	
ep_dyn_hero_metal_huang_zhong	0	ep_dyn_hero_huang_zhong_unique	2450	cavalry	100	com	50	0	none	0	20	55	ep_dyn_hero_1h095_sword_double_edge_unique		1	3k_main_hero_none_low	none	3k_hero	none	false	elite	A_blank_record	true	50.0000	1000.0000	0.0000	3k_unbreakable	50	50	false	battle_vo_order_hero_select	battle_vo_order_select	battle_vo_order_select	1.0000	25.0000	3k_main_cavalry_medium	0	9999	0	0	0	0	0	3k_main_hero_sentinel	false	false	0	0	front	false	
ep_dyn_hero_metal_sun_jian	0	ep_dyn_hero_sun_jian_unique	2450	cavalry	100	com	50	0	none	0	20	55	ep_dyn_hero_1h095_sword_single_edge_unique		1	3k_main_hero_none_low	none	3k_hero	none	false	elite	A_blank_record	true	50.0000	1000.0000	0.0000	3k_unbreakable	50	50	false	battle_vo_order_hero_select	battle_vo_order_select	battle_vo_order_select	1.0000	25.0000	3k_main_cavalry_medium	0	9999	0	0	0	0	0	3k_main_hero_sentinel	false	false	0	0	front	false	
ep_dyn_hero_metal_taishi_ci	0	ep_dyn_hero_taishi_ci_unique	2450	cavalry	100	com	50	0	none	0	20	55	ep_dyn_hero_1h095_sword_double_edge_unique		1	3k_main_hero_none_low	none	3k_hero	none	false	elite	A_blank_record	true	50.0000	1000.0000	0.0000	3k_unbreakable	50	50	false	battle_vo_order_hero_select	battle_vo_order_select	battle_vo_order_select	1.0000	25.0000	3k_main_cavalry_medium	0	9999	0	0	0	0	0	3k_main_hero_sentinel	false	false	0	0	front	false	
ep_dyn_hero_metal_xu_huang	0	ep_dyn_hero_xu_huang_unique	2450	cavalry	100	com	50	0	none	0	20	55	ep_dyn_hero_2h175_cleaver_of_mountains_unique		1	3k_main_hero_none_low	none	3k_hero	none	false	elite	A_blank_record	true	50.0000	1000.0000	0.0000	3k_unbreakable	50	50	false	battle_vo_order_hero_select	battle_vo_order_select	battle_vo_order_select	1.0000	25.0000	3k_main_cavalry_heavy	0	9999	0	0	0	0	0	3k_main_hero_sentinel	false	false	0	0	front	false	
ep_dyn_hero_metal_yue_jin	0	ep_dyn_hero_yue_jin_unique	2450	cavalry	100	com	50	0	none	0	20	55	ep_dyn_hero_1h095_sword_double_edge_unique		1	3k_main_hero_none_low	none	3k_hero	none	false	elite	A_blank_record	true	50.0000	1000.0000	0.0000	3k_unbreakable	50	50	false	battle_vo_order_hero_select	battle_vo_order_select	battle_vo_order_select	1.0000	25.0000	3k_main_cavalry_heavy	0	9999	0	0	0	0	0	3k_main_hero_sentinel	false	false	0	0	front	false	
ep_dyn_hero_metal_zhang_liao	0	ep_dyn_hero_zhang_liao_unique	2450	cavalry	100	com	50	0	none	0	20	55	ep_dyn_hero_1h095_sword_double_edge_unique		1	3k_main_hero_none_low	none	3k_hero	none	false	elite	A_blank_record	true	50.0000	1000.0000	0.0000	3k_unbreakable	50	50	false	battle_vo_order_hero_select	battle_vo_order_select	battle_vo_order_select	1.0000	25.0000	3k_main_cavalry_heavy	0	9999	0	0	0	0	0	3k_main_hero_sentinel	false	false	0	0	front	false	
ep_dyn_hero_metal_zhao_yun	0	ep_dyn_hero_zhao_yun_unique	2450	cavalry	100	com	50	0	none	0	20	55	ep_dyn_hero_2h175_spear_unique		1	3k_main_hero_none_low	none	3k_hero	none	false	elite	A_blank_record	true	50.0000	1000.0000	0.0000	3k_unbreakable	50	50	false	battle_vo_order_hero_select	battle_vo_order_select	battle_vo_order_select	1.0000	25.0000	3k_main_cavalry_heavy	0	9999	0	0	0	0	0	3k_main_hero_sentinel	false	false	0	0	front	false	
ep_dyn_hero_water_kong_rong	0	ep_dyn_hero_kong_rong_unique	2450	cavalry	100	com	50	0	none	0	20	55	ep_dyn_hero_1h095_sword_single_edge_unique		1	3k_main_hero_none_low	none	3k_hero	none	false	elite	A_blank_record	true	50.0000	1000.0000	0.0000	3k_unbreakable	50	50	false	battle_vo_order_hero_select	battle_vo_order_select	battle_vo_order_select	1.0000	25.0000	3k_main_cavalry_light	0	9999	0	0	0	0	0	3k_main_hero_strategist	false	true	0	10	front	false	
ep_dyn_hero_water_sima_yi	0	ep_dyn_hero_sima_yi_unique	2450	cavalry	100	com	50	0	none	0	20	55	ep_dyn_hero_1h095_sword_single_edge_unique		1	3k_main_hero_none_low	none	3k_hero	none	false	elite	A_blank_record	true	50.0000	1000.0000	0.0000	3k_unbreakable	50	50	false	battle_vo_order_hero_select	battle_vo_order_select	battle_vo_order_select	1.0000	25.0000	3k_main_cavalry_light	0	9999	0	0	0	0	0	3k_main_hero_strategist	false	true	0	10	front	false	
ep_dyn_hero_water_tao_qian	0	ep_dyn_hero_tao_qian_unique	2450	cavalry	100	com	50	0	none	0	20	55	ep_dyn_hero_1h095_sword_single_edge_unique		1	3k_main_hero_none_low	none	3k_hero	none	false	elite	A_blank_record	true	50.0000	1000.0000	0.0000	3k_unbreakable	50	50	false	battle_vo_order_hero_select	battle_vo_order_select	battle_vo_order_select	1.0000	25.0000	3k_main_cavalry_light	0	9999	0	0	0	0	0	3k_main_hero_strategist	false	true	0	10	front	false	
ep_dyn_hero_water_zhou_yu	0	ep_dyn_hero_zhou_yu_unique	2450	cavalry	100	com	50	0	none	0	20	55	ep_dyn_hero_1h095_sword_double_edge_unique		1	3k_main_hero_none_low	none	3k_hero	none	false	elite	A_blank_record	true	50.0000	1000.0000	0.0000	3k_unbreakable	50	50	false	battle_vo_order_hero_select	battle_vo_order_select	battle_vo_order_select	1.0000	25.0000	3k_main_cavalry_medium	0	9999	0	0	0	0	0	3k_main_hero_strategist	false	true	0	10	front	false	
ep_dyn_hero_water_zhuge_liang	0	ep_dyn_hero_zhuge_liang_unique	2450	cavalry	100	com	50	0	none	0	20	55	ep_dyn_hero_1h095_sword_single_edge_unique		1	3k_main_hero_none_low	none	3k_hero	none	false	elite	A_blank_record	true	50.0000	1000.0000	0.0000	3k_unbreakable	50	50	false	battle_vo_order_hero_select	battle_vo_order_select	battle_vo_order_select	1.0000	25.0000	3k_main_cavalry_light	0	9999	0	0	0	0	0	3k_main_hero_strategist	false	true	0	10	front	false	
ep_dyn_hero_wood_dian_wei	0	ep_dyn_hero_dian_wei_unique	2450	cavalry	100	com	50	0	none	0	20	55	ep_dyn_hero_1h095_short_ji_exceptional		1	3k_main_hero_none_low	none	3k_hero	none	false	elite	A_blank_record	true	50.0000	1000.0000	0.0000	3k_unbreakable	50	50	false	battle_vo_order_hero_select	battle_vo_order_select	battle_vo_order_select	1.0000	25.0000	3k_main_cavalry_heavy	0	0	0	0	0	0	0	3k_main_hero_champion	false	false	0	0	front	true	
ep_dyn_hero_wood_guan_yu	0	ep_dyn_hero_guan_yu_unique	2450	cavalry	100	com	50	0	none	0	20	55	ep_dyn_hero_2h175_green_dragon_sabre_unique		1	3k_main_hero_none_low	none	3k_hero	none	false	elite	A_blank_record	true	50.0000	1000.0000	0.0000	3k_unbreakable	50	50	false	battle_vo_order_hero_select	battle_vo_order_select	battle_vo_order_select	1.0000	25.0000	3k_main_cavalry_heavy	0	0	0	0	0	0	0	3k_main_hero_champion	false	false	0	0	front	true	
ep_dyn_hero_wood_xiahou_dun	0	ep_dyn_hero_xiahou_dun_unique	2450	cavalry	100	com	50	0	none	0	20	55	ep_dyn_hero_2h175_spear_unique		1	3k_main_hero_none_low	none	3k_hero	none	false	elite	A_blank_record	true	50.0000	1000.0000	0.0000	3k_unbreakable	50	50	false	battle_vo_order_hero_select	battle_vo_order_select	battle_vo_order_select	1.0000	25.0000	3k_main_cavalry_heavy	0	0	0	0	0	0	0	3k_main_hero_champion	false	false	0	0	front	true	
ep_dyn_hero_wood_xu_chu	0	ep_dyn_hero_xu_chu_unique	2450	cavalry	100	com	50	0	none	0	20	55	ep_dyn_hero_2h175_giant_mace_unique		1	3k_main_hero_none_low	none	3k_hero	none	false	elite	A_blank_record	true	50.0000	1000.0000	0.0000	3k_unbreakable	50	50	false	battle_vo_order_hero_select	battle_vo_order_select	battle_vo_order_select	1.0000	25.0000	3k_main_cavalry_medium	0	0	0	0	0	0	0	3k_main_hero_champion	false	false	0	0	front	true	
ep_dyn_hero_wood_zhang_yan	0	ep_dyn_hero_zhang_yan_unique	2450	cavalry	100	com	50	0	none	0	20	55	ep_dyn_hero_dw095_axe_exceptional		1	3k_main_hero_none_low	none	3k_hero	none	false	elite	A_blank_record	true	50.0000	1000.0000	0.0000	3k_unbreakable	50	50	false	battle_vo_order_hero_select	battle_vo_order_select	battle_vo_order_select	1.0000	25.0000	3k_main_cavalry_heavy	0	9999	0	0	0	0	0	3k_main_hero_champion	false	false	0	0	front	false	
ep_dyn_hero_wood_zheng_jiang	0	ep_dyn_hero_zheng_jiang_unique	2450	cavalry	100	com	50	0	none	0	20	55	ep_dyn_hero_dw095_red_sisters_unique		1	3k_main_hero_none_low	none	3k_hero	none	false	elite	A_blank_record	false	50.0000	1000.0000	0.0000	3k_unbreakable	50	50	false	battle_vo_order_hero_select	battle_vo_order_select	battle_vo_order_select	1.0000	25.0000	3k_main_cavalry_heavy	0	0	0	0	0	0	0	3k_main_hero_champion	false	false	0	0	front	true	
ep_dyn_unit_water_archer_militia	0	3k_main_unit_tunic	1900	inf_ranged	12	inf_mis	12	0	3k_main_unit_water_archer_militia	0	5	19	3k_main_unit_1h095_sword_single_edge_weak	ep_dyn_unit_bow	10	none	3k_main_unit_water_archer_militia	3k_infantry_militia	3k_main_unit_water_archer_militia	false	rabble	A_blank_record	true	50.0000	800.0000	0.0000	3k_hide_forest	50	50	false	battle_vo_order_archers	battle_vo_order_select	battle_vo_order_select	1.0000	10.0000	3k_main_infantry_light	0	19	0	0	0	0	0	3k_main_infantry_ranged	false	false	0	-25	random	false	
ep_dyn_unit_water_archers	0	3k_main_unit_iron_partial	1900	inf_ranged	21	inf_mis	21	0	3k_main_unit_water_archers	0	6	25	3k_main_unit_1h095_sword_single_edge_weak	ep_dyn_unit_bow	10	none	3k_main_unit_water_archers	3k_infantry_default	3k_main_unit_water_archers	false	poorly_trained	A_blank_record	true	50.0000	800.0000	0.0000	3k_hide_forest	50	50	false	battle_vo_order_archers	battle_vo_order_select	battle_vo_order_select	1.0000	10.0000	3k_main_infantry_medium	0	26	0	0	0	0	0	3k_main_infantry_ranged	false	false	0	0	random	false	
ep_dyn_unit_water_crossbowmen	0	3k_main_unit_iron_partial	1900	inf_ranged	21	inf_mis	21	0	3k_main_unit_water_crossbowmen	0	6	25	3k_main_unit_1h095_sword_single_edge_weak	ep_dyn_unit_crossbow	10	none	3k_main_unit_water_crossbowmen	3k_infantry_default	3k_main_unit_water_crossbowmen	false	poorly_trained	A_blank_record	true	50.0000	800.0000	0.0000	3k_hide_forest	50	50	false	battle_vo_order_crossbows	battle_vo_order_select	battle_vo_order_select	1.0000	10.0000	3k_main_infantry_medium	0	13	0	0	0	0	0	3k_main_infantry_ranged	false	false	0	0	random	false	
ep_dyn_unit_water_onyx_dragons	0	3k_main_unit_tunic	1900	inf_ranged	100	inf_mis	100	0	3k_main_unit_water_onyx_dragons	0	52	49	3k_main_unit_1h095_sword_double_edge	ep_dyn_unit_bow	10	none	3k_main_unit_water_onyx_dragons	3k_infantry_elite	3k_main_unit_water_onyx_dragons	false	well_trained	A_blank_record	true	50.0000	800.0000	0.0000	3k_hide_forest	50	50	false	battle_vo_order_onyxdragons	battle_vo_order_archers	battle_vo_order_select	1.0000	10.0000	3k_main_infantry_light	0	30	0	0	0	0	0	3k_main_infantry_ranged	false	false	0	25	random	false	
ep_dyn_unit_water_repeating_crossbowmen	0	3k_main_unit_iron_partial	1900	inf_ranged	21	inf_mis	21	0	3k_main_unit_water_repeating_crossbowmen	0	6	25	3k_main_unit_1h095_sword_single_edge_weak	ep_dyn_unit_repeating_crossbow	10	none	3k_main_unit_water_repeating_crossbowmen	3k_infantry_default	3k_main_unit_water_repeating_crossbowmen	false	poorly_trained	A_blank_record	true	50.0000	800.0000	0.0000	3k_hide_forest	50	50	false	battle_vo_order_crossbows	battle_vo_order_select	battle_vo_order_select	1.0000	10.0000	3k_main_infantry_medium	0	12	0	0	0	0	0	3k_main_infantry_ranged	false	false	0	0	random	false	
ep_general_sima_ai	0	3k_main_unit_iron_full	2450	cavalry	215	com	54	0	none	0	0	60	3k_main_general_2h175_spear_common		5	none	none	3k_cavalry_elite	none	false	elite	A_blank_record	true	50.0000	1000.0000	0.0000	3k_hide_forest	50	50	false	battle_vo_order_hero_select	battle_vo_order_select	battle_vo_order_select	1.0000	10.0000	3k_main_cavalry_heavy	0	0	0	0	0	0	0	3k_main_general_champion	false	false	0	0	front	false	
ep_general_sima_jiong	0	3k_main_unit_iron_lamellar	2450	cavalry	154	com	39	0	none	0	0	50	3k_main_general_1h095_sword_double_edge_common		5	none	none	3k_cavalry_elite	none	false	elite	A_blank_record	true	50.0000	1000.0000	0.0000	3k_hide_forest	50	50	false	battle_vo_order_hero_select	battle_vo_order_select	battle_vo_order_select	1.0000	10.0000	3k_main_cavalry_heavy	0	0	0	0	0	0	0	3k_main_general_commander	false	false	0	0	front	false	
ep_general_sima_liang	0	3k_main_unit_iron_full	2450	cavalry	215	com	54	0	none	0	0	60	3k_main_general_2h175_spear_common		5	none	none	3k_cavalry_elite	none	false	elite	A_blank_record	true	50.0000	1000.0000	0.0000	3k_hide_forest	50	50	false	battle_vo_order_hero_select	battle_vo_order_select	battle_vo_order_select	1.0000	10.0000	3k_main_cavalry_heavy	0	0	0	0	0	0	0	3k_main_general_champion	false	false	0	0	front	false	
ep_general_sima_lun	0	3k_main_unit_iron_lamellar	2450	cavalry	154	com	39	0	none	0	0	50	3k_main_general_1h095_sword_double_edge_common		5	none	none	3k_cavalry_elite	none	false	elite	A_blank_record	true	50.0000	1000.0000	0.0000	3k_hide_forest	50	50	false	battle_vo_order_hero_select	battle_vo_order_select	battle_vo_order_select	1.0000	10.0000	3k_main_cavalry_heavy	0	0	0	0	0	0	0	3k_main_general_commander	false	false	0	0	front	false	
ep_general_sima_wei	0	3k_main_unit_iron_full	2450	cavalry	241	com	60	0	none	0	0	24	3k_main_general_2h175_spear_common		5	none	none	3k_cavalry_elite	none	false	elite	A_blank_record	true	50.0000	1000.0000	0.0000	3k_hide_forest	50	50	false	battle_vo_order_hero_select	battle_vo_order_select	battle_vo_order_select	1.0000	10.0000	3k_main_cavalry_heavy	0	0	0	0	0	0	0	3k_main_general_vanguard	false	false	0	0	front	false	
ep_general_sima_ying	0	3k_main_unit_tunic	2450	cavalry	34	com	9	0	none	0	0	23	3k_main_general_1h095_sword_single_edge_common		5	none	none	3k_cavalry_elite	none	false	elite	A_blank_record	true	50.0000	1000.0000	0.0000	3k_hide_forest	50	50	false	battle_vo_order_hero_select	battle_vo_order_select	battle_vo_order_select	1.0000	10.0000	3k_main_cavalry_light	0	0	0	0	0	0	0	3k_main_hero_strategist	true	true	-100	0	front	false	
ep_general_sima_yong	0	3k_main_unit_iron_full	2450	cavalry	241	com	60	0	none	0	0	24	3k_main_general_2h175_spear_common		5	none	none	3k_cavalry_elite	none	false	elite	A_blank_record	true	50.0000	1000.0000	0.0000	3k_hide_forest	50	50	false	battle_vo_order_hero_select	battle_vo_order_select	battle_vo_order_select	1.0000	10.0000	3k_main_cavalry_heavy	0	0	0	0	0	0	0	3k_main_general_vanguard	false	false	0	0	front	false	
ep_general_sima_yue	0	3k_main_unit_leather_heavy	2450	cavalry	150	com	38	0	none	0	0	34	3k_main_general_1h095_sword_double_edge_common		5	none	none	3k_cavalry_elite	none	false	elite	A_blank_record	true	50.0000	1000.0000	0.0000	3k_hide_forest	50	50	false	battle_vo_order_hero_select	battle_vo_order_select	battle_vo_order_select	1.0000	10.0000	3k_main_cavalry_medium	0	0	0	0	0	0	0	3k_main_general_sentinel	false	false	0	0	front	false	
ep_hero_sima_ai	0	3k_main_unit_iron_full	2450	cavalry	215	com	54	0	none	0	0	60	3k_main_hero_2h175_spear_unique		1	none	none	3k_cavalry_elite	none	false	elite	A_blank_record	true	50.0000	1000.0000	0.0000	3k_hide_forest	50	50	false	battle_vo_order_hero_select	battle_vo_order_select	battle_vo_order_select	1.0000	25.0000	3k_main_cavalry_heavy	0	10	0	0	0	0	0	3k_main_hero_champion	false	false	0	0	front	true	
ep_hero_sima_jiong	0	3k_main_unit_iron_lamellar	2450	cavalry	154	com	39	0	none	0	0	55	3k_main_hero_1h095_sword_double_edge_unique		1	none	none	3k_cavalry_elite	none	false	elite	A_blank_record	true	50.0000	1000.0000	0.0000	3k_hide_forest	50	50	false	battle_vo_order_hero_select	battle_vo_order_select	battle_vo_order_select	1.0000	25.0000	3k_main_cavalry_heavy	0	10	0	0	0	0	0	3k_main_hero_commander	false	false	0	0	front	true	
ep_hero_sima_liang	0	3k_main_unit_iron_full	2450	cavalry	215	com	54	0	none	0	0	60	3k_main_hero_2h175_spear_unique		1	none	none	3k_cavalry_elite	none	false	elite	A_blank_record	true	50.0000	1000.0000	0.0000	3k_hide_forest	50	50	false	battle_vo_order_hero_select	battle_vo_order_select	battle_vo_order_select	1.0000	25.0000	3k_main_cavalry_heavy	0	10	0	0	0	0	0	3k_main_hero_champion	false	false	0	0	front	true	
ep_hero_sima_lun	0	3k_main_unit_iron_lamellar	2450	cavalry	154	com	39	0	none	0	0	55	3k_main_hero_1h095_sword_double_edge_unique		1	none	none	3k_cavalry_elite	none	false	elite	A_blank_record	true	50.0000	1000.0000	0.0000	3k_hide_forest	50	50	false	battle_vo_order_hero_select	battle_vo_order_select	battle_vo_order_select	1.0000	25.0000	3k_main_cavalry_heavy	0	10	0	0	0	0	0	3k_main_hero_commander	false	false	0	0	front	true	
ep_hero_sima_wei	0	3k_main_unit_iron_full	2450	cavalry	241	com	60	0	none	0	0	40	3k_main_hero_2h175_spear_unique		1	none	none	3k_hero	none	false	elite	A_blank_record	true	50.0000	1000.0000	0.0000	3k_hide_forest	50	50	false	battle_vo_order_hero_select	battle_vo_order_select	battle_vo_order_select	1.0000	25.0000	3k_main_cavalry_heavy	0	10	0	0	0	0	0	3k_main_hero_vanguard	false	false	0	0	front	true	
ep_hero_sima_ying	0	3k_main_unit_tunic	2450	cavalry	34	com	9	0	none	0	0	40	3k_main_hero_1h095_sword_single_edge_unique		1	none	none	3k_cavalry_elite	none	false	elite	A_blank_record	true	50.0000	1000.0000	0.0000	3k_hide_forest	50	50	false	battle_vo_order_hero_select	battle_vo_order_select	battle_vo_order_select	1.0000	25.0000	3k_main_cavalry_light	0	13	0	0	0	0	0	3k_main_hero_strategist	false	true	-100	0	front	true	
ep_hero_sima_yong	0	3k_main_unit_iron_full	2450	cavalry	241	com	60	0	none	0	0	40	3k_main_hero_2h175_spear_unique		1	none	none	3k_hero	none	false	elite	A_blank_record	true	50.0000	1000.0000	0.0000	3k_hide_forest	50	50	false	battle_vo_order_hero_select	battle_vo_order_select	battle_vo_order_select	1.0000	25.0000	3k_main_cavalry_heavy	0	10	0	0	0	0	0	3k_main_hero_vanguard	false	false	0	0	front	true	
ep_hero_sima_yue	0	3k_main_unit_leather_heavy	2450	cavalry	150	com	38	0	none	0	0	45	3k_main_hero_1h095_sword_double_edge_unique		1	none	none	3k_cavalry_elite	none	false	elite	A_blank_record	true	50.0000	1000.0000	0.0000	3k_hide_forest	50	50	false	battle_vo_order_hero_select	battle_vo_order_select	battle_vo_order_select	1.0000	25.0000	3k_main_cavalry_medium	0	10	0	0	0	0	0	3k_main_hero_sentinel	false	false	0	0	front	true	
ep_unit_earth_dao_swordguard_cavalry	0	3k_main_unit_leather_heavy	2450	cavalry	156	cav_mel	60	0	ep_unit_dao_swordguard_cavalry	0	15	32	3k_main_unit_1h095_sword_single_edge_elite		5	3k_main_unit_cavalry_rattan	ep_unit_dao_swordguard_cavalry	3k_cavalry_default	3k_main_unit_earth_jian_swordguard_cavalry	false	poorly_trained	A_blank_record	true	50.0000	1000.0000	0.0000	3k_hide_forest	50	50	false	battle_vo_order_jian	battle_vo_order_cavalry	battle_vo_order_select	1.0000	10.0000	3k_main_cavalry_medium	0	0	0	0	0	50	0	3k_main_cavalry_melee	false	false	0	0	random	false	
ep_unit_fire_cataphracts	0	3k_main_unit_iron_full	2450	cavalry	230	cav_shk	70	0	ep_unit_cataphracts	0	9	34	3k_main_unit_2h250_spear		5	ep_unit_cavalry_cataphract	ep_unit_cataphracts	3k_cavalry_elite	3k_main_unit_fire_heavy_xiliang_cavalry	false	well_trained	A_blank_record	true	50.0000	1000.0000	0.0000	3k_hide_forest	50	50	false	battle_vo_order_cataphract	battle_vo_order_cavalry	battle_vo_order_select	1.0000	25.0000	3k_main_cavalry_heavy	0	0	0	0	0	0	0	3k_main_cavalry_shock	false	false	0	0	random	false	
ep_unit_fire_heavy_cataphracts	0	ep_unit_cataphract	2450	cavalry	287	cav_shk	72	0	ep_unit_cataphracts	0	10	38	3k_main_unit_2h250_spear		5	3k_main_hero_none_low	ep_unit_cataphracts	3k_cavalry_elite	3k_main_unit_fire_xiliang_cavalry	false	well_trained	A_blank_record	true	50.0000	1000.0000	0.0000	3k_hide_forest	50	50	false	battle_vo_order_cataphract	battle_vo_order_cavalry	battle_vo_order_select	1.0000	25.0000	3k_main_cavalry_heavy	0	0	0	0	0	0	0	3k_main_cavalry_shock	false	false	0	0	random	false	
ep_unit_fire_xianbei_riders	0	3k_main_unit_iron_partial	2450	cavalry	250	cav_shk	63	0	ep_unit_xianbei_riders	0	25	34	3k_main_unit_2h250_polearm_ji		5	none	ep_unit_xianbei_riders	3k_cavalry_default	3k_main_unit_fire_lance_cavalry	false	poorly_trained	A_blank_record	true	50.0000	1000.0000	0.0000	3k_hide_forest_raider_guerilla_deploy	50	50	false	battle_vo_order_cavalry	battle_vo_order_select	battle_vo_order_select	1.0000	10.0000	3k_main_cavalry_medium	0	0	0	0	0	0	0	3k_main_cavalry_shock	false	false	0	0	random	false	
ep_unit_fire_xiongnu_cataphracts	0	3k_main_unit_iron_full	2450	cavalry	262	cav_shk	66	0	ep_unit_xiongnu_cataphracts	0	10	40	3k_main_unit_1h175_spear		5	3k_main_unit_cavalry_side	ep_unit_xiongnu_cataphracts	3k_cavalry_elite	3k_main_unit_fire_heavy_tiger_and_leopard_cavalry	false	well_trained	A_blank_record	true	50.0000	1000.0000	0.0000	3k_hide_forest_raider_causes_fear	50	50	false	battle_vo_order_cataphract	battle_vo_order_cavalry	battle_vo_order_select	1.0000	10.0000	3k_main_cavalry_heavy	0	0	0	0	0	0	0	3k_main_cavalry_shock	false	false	0	0	random	false	
ep_unit_fire_xiongnu_cavalry	0	3k_main_unit_iron_partial	2450	cavalry	250	cav_shk	63	0	ep_unit_xiongnu_cavalry	0	8	34	3k_main_unit_1h175_spear		5	3k_main_unit_cavalry_side	ep_unit_xiongnu_cavalry	3k_cavalry_default	3k_main_unit_fire_lance_cavalry	false	poorly_trained	A_blank_record	true	50.0000	1000.0000	0.0000	3k_hide_forest_raider_causes_fear	50	50	false	battle_vo_order_cavalry	battle_vo_order_select	battle_vo_order_select	1.0000	10.0000	3k_main_cavalry_light	0	0	0	0	0	0	0	3k_main_cavalry_shock	false	false	0	0	random	false	
ep_unit_metal_chu_infantry	0	3k_main_unit_iron_full	1900	inf_melee	118	inf_mel	117	0	ep_unit_chu_infantry	0	45	49	3k_main_unit_1h095_sword_single_edge_elite		10	none	ep_unit_chu_infantry	3k_infantry_default	3k_main_unit_metal_warriors_of_the_left	false	elite	A_blank_record	true	50.0000	800.0000	0.0000	3k_hide_forest_fatigue_res	50	50	false	battle_vo_order_swordsmen	battle_vo_order_select	battle_vo_order_select	1.0000	10.0000	3k_main_infantry_heavy	0	0	0	0	0	0	0	3k_main_infantry_melee	false	false	0	0	front	false	
ep_unit_metal_dao_swordguard_captain	0	3k_main_unit_leather_partial	1900	inf_melee	144	inf_mel	134	0	ep_unit_dao_swordguard	0	35	35	3k_main_unit_1h095_sword_single_edge_elite		10	3k_main_unit_infantry_oval	ep_unit_dao_swordguard	3k_infantry_elite	3k_main_unit_metal_jian_infantry_captain	false	trained	A_blank_record	true	50.0000	800.0000	0.0000	3k_hide_forest_encourage	50	50	false	battle_vo_order_swordsmen	battle_vo_order_select	battle_vo_order_select	1.0000	25.0000	3k_main_infantry_medium	0	0	0	0	0	0	0	3k_main_infantry_melee	false	false	0	0	random	false	
ep_unit_metal_dao_swordguards	0	3k_main_unit_leather_heavy	1900	inf_melee	88	inf_mel	78	0	ep_unit_dao_swordguard	0	25	39	3k_main_unit_1h095_sword_single_edge_elite		10	3k_main_unit_infantry_gourd	ep_unit_dao_swordguard	3k_infantry_default	3k_main_unit_metal_jian_swordguards	false	poorly_trained	A_blank_record	true	50.0000	800.0000	0.0000	3k_hide_forest	50	50	false	battle_vo_order_jian	battle_vo_order_swordsmen	battle_vo_order_select	1.0000	10.0000	3k_main_infantry_medium	0	0	0	0	0	0	0	3k_main_infantry_melee	false	false	0	0	random	false	
ep_unit_metal_imperial_guards	0	3k_main_unit_iron_full	1900	inf_melee	88	inf_mel	78	0	ep_unit_imperial_guard	0	39	58	3k_main_unit_1h095_sword_single_edge_elite		10	3k_main_unit_infantry_tower	ep_unit_imperial_guard	3k_infantry_elite	3k_main_unit_metal_jian_swordguards	false	poorly_trained	A_blank_record	true	50.0000	800.0000	0.0000	3k_hide_forest_scare_immune_disciplined	50	50	false	battle_vo_order_jian	battle_vo_order_swordsmen	battle_vo_order_select	1.0000	10.0000	3k_main_infantry_medium	0	0	0	0	0	0	0	3k_main_infantry_melee	false	false	0	0	random	false	
ep_unit_metal_warriors_of_xu	0	3k_main_unit_iron_partial	1900	inf_melee	128	inf_mel	118	0	ep_unit_warriors_of_xu	0	24	38	3k_main_unit_1h095_axe		10	3k_main_unit_infantry_oval_elite	ep_unit_warriors_of_xu	3k_infantry_default	3k_main_unit_metal_mercenary_infantry	false	well_trained	A_blank_record	true	50.0000	800.0000	0.0000	3k_hide_forest_raider_causes_fear	50	50	false	battle_vo_order_axes	battle_vo_order_select	battle_vo_order_select	1.0000	25.0000	3k_main_infantry_heavy	0	0	0	0	0	0	0	3k_main_infantry_melee	false	false	0	0	random	false	
ep_unit_metal_xu_raiders	0	3k_main_unit_leather_partial	1900	inf_melee	152	inf_mel	142	0	ep_unit_xu_raiders	0	8	34	3k_main_unit_1h095_axe		10	3k_main_unit_infantry_oval	ep_unit_xu_raiders	3k_infantry_default	3k_main_unit_metal_axe_band	false	rabble	A_blank_record	true	50.0000	800.0000	0.0000	3k_hide_forest_raider_causes_fear	50	50	false	battle_vo_order_axes	battle_vo_order_select	battle_vo_order_select	1.0000	10.0000	3k_main_infantry_light	0	0	0	0	0	0	0	3k_main_infantry_melee	false	false	0	0	random	false	
ep_unit_water_archers_of_jing	0	3k_main_unit_leather_heavy	1900	inf_ranged	60	inf_mis	120	0	ep_unit_archers_of_jing	0	27	30	3k_main_unit_1h095_sword_single_edge_elite	3k_main_unit_bow_long_siyah_horn	10	none	ep_unit_archers_of_jing	3k_infantry_elite	3k_main_unit_water_yi_marksmen	false	well_trained	A_blank_record	true	50.0000	800.0000	0.0000	3k_hide_forest_mounted_fire_move	50	50	false	battle_vo_order_archers	battle_vo_order_select	battle_vo_order_select	1.0000	10.0000	3k_main_infantry_medium	0	30	0	0	0	0	0	3k_main_infantry_ranged	true	false	0	0	random	false	
ep_unit_water_heavy_mounted_archers	0	3k_main_unit_iron_lamellar	2450	cavalry	84	cav_mis	14	0	ep_unit_heavy_mounted_archers	0	6	27	3k_main_unit_1h095_sword_single_edge	3k_main_unit_bow_wooden_composite	5	none	ep_unit_heavy_mounted_archers	3k_cavalry_default	3k_main_unit_water_mounted_archers	false	poorly_trained	A_blank_record	true	50.0000	1000.0000	0.0000	3k_hide_forest_mounted_fire_move_mounted_fire_parthian	50	50	false	battle_vo_order_cavalry	battle_vo_order_select	battle_vo_order_select	1.0000	10.0000	3k_main_cavalry_medium	0	44	0	0	0	0	0	3k_main_cavalry_ranged	true	false	0	60	random	false	
ep_unit_water_mounted_crossbows	0	3k_main_unit_iron_partial	2450	cavalry	56	cav_mis	14	0	ep_unit_mounted_crossbows	0	6	25	3k_main_unit_1h095_sword_single_edge	3k_main_unit_crossbow	5	none	ep_unit_mounted_crossbows	3k_cavalry_default	3k_main_unit_water_mounted_archers	false	poorly_trained	A_blank_record	true	50.0000	1000.0000	0.0000	3k_hide_forest_mounted_fire_move_mounted_fire_parthian	50	50	false	battle_vo_order_cavalry	battle_vo_order_select	battle_vo_order_select	1.0000	10.0000	3k_main_cavalry_medium	0	26	0	0	0	0	0	3k_main_cavalry_ranged	true	false	0	40	random	false	
ep_unit_water_qi_crossbowmen	0	3k_main_unit_iron_full	1900	inf_ranged	30	inf_mis	30	0	ep_unit_qi_crossbowmen	0	7	42	3k_main_unit_1h095_sword_single_edge_weak	3k_main_unit_crossbow	10	none	ep_unit_qi_crossbowmen	3k_infantry_elite	3k_main_unit_water_heavy_crossbowmen	false	well_trained	A_blank_record	true	50.0000	800.0000	0.0000	3k_hide_forest_disciplined	50	50	false	battle_vo_order_crossbows	battle_vo_order_select	battle_vo_order_select	1.0000	10.0000	3k_main_infantry_heavy	0	20	0	0	0	0	0	3k_main_infantry_ranged	true	false	0	20	random	false	
ep_unit_water_xianbei_horse_archers	0	3k_main_unit_iron_partial	2450	cavalry	56	cav_mis	14	0	ep_unit_xianbei_horse_archers	0	6	20	3k_main_unit_1h095_sword_single_edge	3k_main_unit_bow_wooden_composite	5	none	ep_unit_xianbei_horse_archers	3k_cavalry_default	3k_main_unit_water_mounted_archers	false	poorly_trained	A_blank_record	true	50.0000	1000.0000	0.0000	3k_hide_forest_mounted_fire_move_mounted_fire_parthian__fatigue_res_guerilla_deploy	50	50	false	battle_vo_order_cavalry	battle_vo_order_select	battle_vo_order_select	1.0000	10.0000	3k_main_cavalry_medium	0	50	0	0	0	0	0	3k_main_cavalry_ranged	true	false	0	60	random	false	
ep_unit_wood_chu_spearmen	0	3k_main_unit_iron_full	1900	inf_melee	60	inf_spr	40	0	ep_unit_chu_spearmen	0	6	35	3k_main_unit_2h250_spear		10	none	ep_unit_chu_spearmen	3k_infantry_elite	3k_main_unit_wood_heavy_ji_infantry	false	trained	A_blank_record	true	50.0000	800.0000	0.0000	3k_hide_forest_charge_reflector_vs_large	50	50	false	battle_vo_order_spearmen	battle_vo_order_select	battle_vo_order_select	1.0000	10.0000	3k_main_infantry_heavy	0	0	0	0	0	0	0	3k_main_infantry_spear	false	false	0	0	random	false	
ep_unit_wood_qi_guardsmen	0	3k_main_unit_iron_full	1900	inf_melee	40	inf_pik	40	0	ep_unit_qi_guardsmen	0	25	35	3k_main_unit_2h250_polearm_ji		10	none	ep_unit_qi_guardsmen	3k_infantry_elite	3k_main_unit_wood_heavy_ji_infantry	false	trained	A_blank_record	true	50.0000	800.0000	0.0000	3k_hide_forest_charge_reflector_vs_large_disciplined	50	50	false	battle_vo_order_halberds	battle_vo_order_select	battle_vo_order_select	1.0000	10.0000	3k_main_infantry_heavy	0	0	0	0	0	0	0	3k_main_infantry_pike	false	false	0	0	random	false	
