key	ceo	point_threshold_to_activate	point_theshold_to_destroy	starting_points	max_points	resets_to_starting_points_when_deactivated
#ceo_thresholds_tables;0;ceo_db/ceo_thresholds_tables/career						
3k_dlc04_ceo_career_historical_bao_dan	3k_dlc04_ceo_career_historical_bao_dan	1	0	1	1	false
3k_dlc04_ceo_career_historical_bi_lan	3k_dlc04_ceo_career_historical_bi_lan	1	0	1	1	false
3k_dlc04_ceo_career_historical_duan_gui_ziyin	3k_dlc04_ceo_career_historical_duan_gui_ziyin	1	0	1	1	false
3k_dlc04_ceo_career_historical_feng_fang	3k_dlc04_ceo_career_historical_feng_fang	1	0	1	1	false
3k_dlc04_ceo_career_historical_gao_wang	3k_dlc04_ceo_career_historical_gao_wang	1	0	1	1	false
3k_dlc04_ceo_career_historical_guo_sheng	3k_dlc04_ceo_career_historical_guo_sheng	1	0	1	1	false
3k_dlc04_ceo_career_historical_jiu_dan	3k_dlc04_ceo_career_historical_jiu_dan	1	0	1	1	false
3k_dlc04_ceo_career_historical_qiao_xuan_gongzu	3k_dlc04_ceo_career_historical_qiao_xuan_gongzu	1	0	1	1	false
3k_dlc04_ceo_career_historical_song_dian	3k_dlc04_ceo_career_historical_song_dian	1	0	1	1	false
3k_dlc04_ceo_career_historical_xia_yun	3k_dlc04_ceo_career_historical_xia_yun	1	0	1	1	false
3k_dlc04_ceo_career_historical_xun_shuang_ciming	3k_dlc04_ceo_career_historical_xun_shuang_ciming	1	0	1	1	false
3k_dlc04_ceo_career_historical_zhang_rang	3k_dlc04_ceo_career_historical_zhang_rang	1	0	1	1	false
3k_dlc04_ceo_career_historical_zhao_zhong	3k_dlc04_ceo_career_historical_zhao_zhong	1	0	1	1	false
3k_dlc04_ceo_threshold_career_historical_beigong_boyu	3k_dlc04_ceo_career_historical_beigong_boyu	1	0	1	1	false
3k_dlc04_ceo_threshold_career_historical_bian_zhang	3k_dlc04_ceo_career_historical_bian_zhang	1	0	1	1	false
3k_dlc04_ceo_threshold_career_historical_bo_cai	3k_dlc04_ceo_career_historical_bo_cai	1	0	1	1	false
3k_dlc04_ceo_threshold_career_historical_cai_yong_bojie	3k_dlc04_ceo_career_historical_cai_yong_bojie	1	0	1	1	false
3k_dlc04_ceo_threshold_career_historical_cao_de	3k_dlc04_ceo_career_historical_cao_de	1	0	1	1	false
3k_dlc04_ceo_threshold_career_historical_cao_song_jugao	3k_dlc04_ceo_career_historical_cao_song_jugao	1	0	1	1	false
3k_dlc04_ceo_threshold_career_historical_chen_deng_yuanlong	3k_dlc04_ceo_career_historical_chen_deng_yuanlong	1	0	1	1	false
3k_dlc04_ceo_threshold_career_historical_chen_gui_hanyu	3k_dlc04_ceo_career_historical_chen_gui_hanyu	1	0	1	1	false
3k_dlc04_ceo_threshold_career_historical_chen_su	3k_dlc04_ceo_career_historical_chen_su	1	0	1	1	false
3k_dlc04_ceo_threshold_career_historical_cheng_qiu	3k_dlc04_ceo_career_historical_cheng_qiu	1	0	1	1	false
3k_dlc04_ceo_threshold_career_historical_diao_chan	3k_dlc04_ceo_career_historical_diao_chan	1	0	1	1	false
3k_dlc04_ceo_threshold_career_historical_ding_yuan_jianyang	3k_dlc04_ceo_career_historical_ding_yuan_jianyang	1	0	1	1	false
3k_dlc04_ceo_threshold_career_historical_dong_he_youzai	3k_dlc04_ceo_career_historical_dong_he_youzai	1	0	1	1	false
3k_dlc04_ceo_threshold_career_historical_du_ji_bohou	3k_dlc04_ceo_career_historical_du_ji_bohou	1	0	1	1	false
3k_dlc04_ceo_threshold_career_historical_emperor_ling	3k_dlc04_ceo_career_historical_emperor_ling	1	0	1	2	false
3k_dlc04_ceo_threshold_career_historical_emperor_shao	3k_dlc04_ceo_career_historical_emperor_shao	1	0	1	1	false
3k_dlc04_ceo_threshold_career_historical_empress_he	3k_dlc04_ceo_career_historical_empress_he	1	0	1	1	false
3k_dlc04_ceo_threshold_career_historical_fu_xie_nanrong	3k_dlc04_ceo_career_historical_fu_xie_nanrong	1	0	1	1	false
3k_dlc04_ceo_threshold_career_historical_gao_you	3k_dlc04_ceo_career_historical_gao_you	1	0	1	1	false
3k_dlc04_ceo_threshold_career_historical_guan_hai	3k_dlc04_ceo_career_historical_guan_hai	1	0	1	1	false
3k_dlc04_ceo_threshold_career_historical_han_xian	3k_dlc04_ceo_career_historical_han_xian	1	0	1	1	false
3k_dlc04_ceo_threshold_career_historical_he_jin	3k_dlc04_ceo_career_historical_he_jin	1	0	1	1	false
3k_dlc04_ceo_threshold_career_historical_huangfu_song	3k_dlc04_ceo_career_historical_huangfu_song	1	0	1	1	false
3k_dlc04_ceo_threshold_career_historical_jin_xuan_yuanji	3k_dlc04_ceo_career_historical_jin_xuan_yuanji	1	0	1	1	false
3k_dlc04_ceo_threshold_career_historical_lady_cai_yan_wenji	3k_dlc04_ceo_career_historical_lady_cai_yan_wenji	1	0	1	1	false
3k_dlc04_ceo_threshold_career_historical_lady_da_qiao	3k_dlc04_ceo_career_historical_lady_da_qiao	1	0	1	1	false
3k_dlc04_ceo_threshold_career_historical_lady_wang_song	3k_dlc04_ceo_career_historical_lady_wang_song	1	0	1	1	false
3k_dlc04_ceo_threshold_career_historical_lady_xiao_qiao	3k_dlc04_ceo_career_historical_lady_xiao_qiao	1	0	1	1	false
3k_dlc04_ceo_threshold_career_historical_li_wenhou	3k_dlc04_ceo_career_historical_li_wenhou	1	0	1	1	false
3k_dlc04_ceo_threshold_career_historical_liu_chong	3k_dlc04_ceo_career_historical_liu_chong	1	0	1	1	false
3k_dlc04_ceo_threshold_career_historical_liu_hong_yuanzhuo	3k_dlc04_ceo_career_historical_liu_hong_yuanzhuo	1	0	1	1	false
3k_dlc04_ceo_threshold_career_historical_liu_pi	3k_dlc04_ceo_career_historical_liu_pi	1	0	1	1	false
3k_dlc04_ceo_threshold_career_historical_liu_xun_zitai	3k_dlc04_ceo_career_historical_liu_xun_zitai	1	0	1	1	false
3k_dlc04_ceo_threshold_career_historical_liu_zhi	3k_dlc04_ceo_career_historical_lu_zhi	1	0	1	1	false
3k_dlc04_ceo_threshold_career_historical_lu_boshe	3k_dlc04_ceo_career_historical_lu_boshe	1	0	1	1	false
3k_dlc04_ceo_threshold_career_historical_lu_ji_gongji	3k_dlc04_ceo_career_historical_lu_ji_gongji	1	0	1	1	false
3k_dlc04_ceo_threshold_career_historical_lu_jun	3k_dlc04_ceo_career_historical_lu_jun	1	0	1	1	false
3k_dlc04_ceo_threshold_career_historical_lu_kang_jining	3k_dlc04_ceo_career_historical_lu_kang_jining	1	0	1	1	false
3k_dlc04_ceo_threshold_career_historical_lu_yu_zijia	3k_dlc04_ceo_career_historical_lu_yu_zijia	1	0	1	1	false
3k_dlc04_ceo_threshold_career_historical_luo_jun_xiaoyuan	3k_dlc04_ceo_career_historical_luo_jun_xiaoyuan	1	0	1	1	false
3k_dlc04_ceo_threshold_career_historical_luo_tong_gongxu	3k_dlc04_ceo_career_historical_luo_tong_gongxu	1	0	1	1	false
3k_dlc04_ceo_threshold_career_historical_ma_midi_wengshu	3k_dlc04_ceo_career_historical_ma_midi_wengshu	1	0	1	1	false
3k_dlc04_ceo_threshold_career_historical_ma_yuanyi	3k_dlc04_ceo_career_historical_ma_yuanyi	1	0	1	1	false
3k_dlc04_ceo_threshold_career_historical_qiao_mao_yuanwei	3k_dlc04_ceo_career_historical_qiao_mao_yuanwei	1	0	1	1	false
3k_dlc04_ceo_threshold_career_historical_song_jian	3k_dlc04_ceo_career_historical_song_jian	1	0	1	1	false
3k_dlc04_ceo_threshold_career_historical_tang_zhou	3k_dlc04_ceo_career_historical_tang_zhou	1	0	1	1	false
3k_dlc04_ceo_threshold_career_historical_wang_guo	3k_dlc04_ceo_career_historical_wang_guo	1	0	1	1	false
3k_dlc04_ceo_threshold_career_historical_wu_qiong_deyu	3k_dlc04_ceo_career_historical_wu_qiong_deyu	1	0	1	1	false
3k_dlc04_ceo_threshold_career_historical_xue_zhou	3k_dlc04_ceo_career_historical_xue_zhou	1	0	1	1	false
3k_dlc04_ceo_threshold_career_historical_ying_qu_xiulian	3k_dlc04_ceo_career_historical_ying_qu_xiulian	1	0	1	1	false
3k_dlc04_ceo_threshold_career_historical_ying_shao_zhongyuan	3k_dlc04_ceo_career_historical_ying_shao_zhongyuan	1	0	1	1	false
3k_dlc04_ceo_threshold_career_historical_ying_yang_delian	3k_dlc04_ceo_career_historical_ying_yang_delian	1	0	1	1	false
3k_dlc04_ceo_threshold_career_historical_yuan_yi_boye	3k_dlc04_ceo_career_historical_yuan_yi_boye	1	0	1	1	false
3k_dlc04_ceo_threshold_career_historical_zhang_bao	3k_dlc04_ceo_career_historical_zhang_bao	1	0	1	1	false
3k_dlc04_ceo_threshold_career_historical_zhang_jue	3k_dlc04_ceo_career_historical_zhang_jue	1	0	1	1	false
3k_dlc04_ceo_threshold_career_historical_zhang_liang	3k_dlc04_ceo_career_historical_zhang_liang	1	0	1	1	false
3k_dlc04_ceo_threshold_career_historical_zhang_mancheng	3k_dlc04_ceo_career_historical_zhang_mancheng	1	0	1	1	false
3k_dlc04_ceo_threshold_career_historical_zhang_wen_boshen	3k_dlc04_ceo_career_historical_zhang_wen_boshen	1	0	1	1	false
3k_dlc04_ceo_threshold_career_historical_zhao_hong	3k_dlc04_ceo_career_historical_zhao_hong	1	0	1	1	false
3k_dlc04_ceo_threshold_career_historical_zhou_bi_zhongyuan	3k_dlc04_ceo_career_historical_zhou_bi_zhongyuan	1	0	1	1	false
3k_dlc04_ceo_threshold_career_historical_zhou_xin_daming	3k_dlc04_ceo_career_historical_zhou_xin_daming	1	0	1	1	false
3k_dlc04_ceo_threshold_career_historical_zong_yuan	3k_dlc04_ceo_career_historical_zong_yuan	1	0	1	1	false
3k_dlc05_ceo_career_historical_zhang_fang	3k_dlc05_ceo_career_historical_zhang_fang	1	0	1	1	false
3k_dlc05_ceo_threshold_career_generated_assassin	3k_dlc05_ceo_career_generated_assassin	1	0	1	1	false
3k_dlc05_ceo_threshold_career_generated_avenger	3k_dlc05_ceo_career_generated_avenger	1	0	1	1	false
3k_dlc05_ceo_threshold_career_generated_bandit	3k_dlc05_ceo_career_generated_bandit	1	0	1	1	false
3k_dlc05_ceo_threshold_career_generated_brute	3k_dlc05_ceo_career_generated_brute	1	0	1	1	false
3k_dlc05_ceo_threshold_career_generated_charlatan	3k_dlc05_ceo_career_generated_charlatan	1	0	1	1	false
3k_dlc05_ceo_threshold_career_generated_demagogue	3k_dlc05_ceo_career_generated_demagogue	1	0	1	1	false
3k_dlc05_ceo_threshold_career_generated_disgraced_noble	3k_dlc05_ceo_career_generated_disgraced_noble	1	0	1	1	false
3k_dlc05_ceo_threshold_career_generated_embezzler	3k_dlc05_ceo_career_generated_embezzler	1	0	1	1	false
3k_dlc05_ceo_threshold_career_generated_enforcer	3k_dlc05_ceo_career_generated_enforcer	1	0	1	1	false
3k_dlc05_ceo_threshold_career_generated_escaped_convict	3k_dlc05_ceo_career_generated_escaped_convict	1	0	1	1	false
3k_dlc05_ceo_threshold_career_generated_fugitive_officer	3k_dlc05_ceo_career_generated_fugitive_officer	1	0	1	1	false
3k_dlc05_ceo_threshold_career_generated_hermit	3k_dlc05_ceo_career_generated_hermit	1	0	1	1	false
3k_dlc05_ceo_threshold_career_generated_magician	3k_dlc05_ceo_career_generated_magician	1	0	1	1	false
3k_dlc05_ceo_threshold_career_generated_mastermind	3k_dlc05_ceo_career_generated_mastermind	1	0	1	1	false
3k_dlc05_ceo_threshold_career_generated_murderer	3k_dlc05_ceo_career_generated_murderer	1	0	1	1	false
3k_dlc05_ceo_threshold_career_generated_pillager	3k_dlc05_ceo_career_generated_pillager	1	0	1	1	false
3k_dlc05_ceo_threshold_career_generated_poacher	3k_dlc05_ceo_career_generated_poacher	1	0	1	1	false
3k_dlc05_ceo_threshold_career_generated_ringleader	3k_dlc05_ceo_career_generated_ringleader	1	0	1	1	false
3k_dlc05_ceo_threshold_career_generated_rogue	3k_dlc05_ceo_career_generated_rogue	1	0	1	1	false
3k_dlc05_ceo_threshold_career_generated_saboteur	3k_dlc05_ceo_career_generated_saboteur	1	0	1	1	false
3k_dlc05_ceo_threshold_career_generated_thief	3k_dlc05_ceo_career_generated_thief	1	0	1	1	false
3k_dlc05_ceo_threshold_career_generated_town_drunk	3k_dlc05_ceo_career_generated_town_drunk	1	0	1	1	false
3k_dlc05_ceo_threshold_career_generated_tribal_exile	3k_dlc05_ceo_career_generated_tribal_exile	1	0	1	1	false
3k_dlc05_ceo_threshold_career_generated_trickster	3k_dlc05_ceo_career_generated_trickster	1	0	1	1	false
3k_dlc05_ceo_threshold_career_generated_wanderer	3k_dlc05_ceo_career_generated_wanderer	1	0	1	1	false
3k_dlc05_ceo_threshold_career_historical_chen_ji	3k_dlc05_ceo_career_historical_chen_ji	1	0	1	1	false
3k_dlc05_ceo_threshold_career_historical_cheng_pu_elder	3k_dlc05_ceo_career_historical_cheng_pu_elder	1	0	1	1	false
3k_dlc05_ceo_threshold_career_historical_cheng_yu	3k_dlc05_ceo_career_historical_cheng_yu	1	0	1	1	false
3k_dlc05_ceo_threshold_career_historical_chunyu_qiong	3k_dlc05_ceo_career_historical_chunyu_qiong	1	0	1	1	false
3k_dlc05_ceo_threshold_career_historical_diaochan	3k_dlc05_ceo_career_historical_diaochan	1	0	1	1	false
3k_dlc05_ceo_threshold_career_historical_gao_shun	3k_dlc05_ceo_career_historical_gao_shun	1	0	1	1	false
3k_dlc05_ceo_threshold_career_historical_gongsun_xu	3k_main_ceo_career_historical_gongsun_xu	1	0	1	1	false
3k_dlc05_ceo_threshold_career_historical_guo_si	3k_dlc05_ceo_career_historical_guo_si	1	0	1	1	false
3k_dlc05_ceo_threshold_career_historical_guo_tu	3k_dlc05_ceo_career_historical_guo_tu	1	0	1	1	false
3k_dlc05_ceo_threshold_career_historical_han_dang	3k_dlc05_ceo_career_historical_han_dang	1	0	1	1	false
3k_dlc05_ceo_threshold_career_historical_han_hao	3k_dlc05_ceo_career_historical_han_hao	1	0	1	1	false
3k_dlc05_ceo_threshold_career_historical_hao_meng	3k_dlc05_ceo_career_historical_hao_meng	1	0	1	1	false
3k_dlc05_ceo_threshold_career_historical_hua_xin	3k_dlc05_ceo_career_historical_hua_xin	1	0	1	1	false
3k_dlc05_ceo_threshold_career_historical_ji_ling	3k_dlc05_ceo_career_historical_ji_ling	1	0	1	1	false
3k_dlc05_ceo_threshold_career_historical_ju_shou	3k_dlc05_ceo_career_historical_ju_shou	1	0	1	1	false
3k_dlc05_ceo_threshold_career_historical_lady_mi	3k_dlc05_ceo_career_historical_lady_mi	1	0	1	1	false
3k_dlc05_ceo_threshold_career_historical_li_jue	3k_dlc05_ceo_career_historical_li_jue	1	0	1	1	false
3k_dlc05_ceo_threshold_career_historical_lou_gui	3k_dlc05_ceo_career_historical_lou_gui	1	0	1	1	false
3k_dlc05_ceo_threshold_career_historical_lu_lingqi	3k_dlc05_ceo_career_historical_lu_lingqi	1	0	1	1	false
3k_dlc05_ceo_threshold_career_historical_mao_jie	3k_dlc05_ceo_career_historical_mao_jie	1	0	1	1	false
3k_dlc05_ceo_threshold_career_historical_pang_ji	3k_dlc05_ceo_career_historical_pang_ji	1	0	1	1	false
3k_dlc05_ceo_threshold_career_historical_shen_pei	3k_dlc05_ceo_career_historical_shen_pei	1	0	1	1	false
3k_dlc05_ceo_threshold_career_historical_tian_feng	3k_dlc05_ceo_career_historical_tian_feng	1	0	1	1	false
3k_dlc05_ceo_threshold_career_historical_tian_kai	3k_dlc05_ceo_career_historical_tian_kai	1	0	1	1	false
3k_dlc05_ceo_threshold_career_historical_wu_jing	3k_dlc05_ceo_career_historical_wu_jing	1	0	1	1	false
3k_dlc05_ceo_threshold_career_historical_xu_shao	3k_dlc05_ceo_career_historical_xu_shao	1	0	1	1	false
3k_dlc05_ceo_threshold_career_historical_xu_shu_early	3k_dlc05_ceo_career_historical_xu_shu_early	1	0	1	1	false
3k_dlc05_ceo_threshold_career_historical_xu_you	3k_dlc05_ceo_career_historical_xu_you	1	0	1	1	false
3k_dlc05_ceo_threshold_career_historical_xue_li	3k_dlc05_ceo_career_historical_xue_li	1	0	1	1	false
3k_dlc05_ceo_threshold_career_historical_yang_feng	3k_dlc05_ceo_career_historical_yang_feng	1	0	1	1	false
3k_dlc05_ceo_threshold_career_historical_yang_hong	3k_dlc05_ceo_career_historical_yang_hong	1	0	1	1	false
3k_dlc05_ceo_threshold_career_historical_yu_fan	3k_dlc05_ceo_career_historical_yu_fan	1	0	1	1	false
3k_dlc05_ceo_threshold_career_historical_yuan_huan	3k_dlc05_ceo_career_historical_yuan_huan	1	0	1	1	false
3k_dlc05_ceo_threshold_career_historical_yuan_tan	3k_dlc05_ceo_career_historical_yuan_tan	1	0	1	1	false
3k_dlc05_ceo_threshold_career_historical_zang_ba	3k_dlc05_ceo_career_historical_zang_ba	1	0	1	1	false
3k_dlc05_ceo_threshold_career_historical_ze_rong	3k_dlc05_ceo_career_historical_ze_rong	1	0	1	1	false
3k_dlc05_ceo_threshold_career_historical_zhang_hong	3k_dlc05_ceo_career_historical_zhang_hong	1	0	1	1	false
3k_dlc05_ceo_threshold_career_historical_zhang_miao	3k_dlc05_ceo_career_historical_zhang_miao	1	0	1	1	false
3k_dlc05_ceo_threshold_career_historical_zhang_xiu	3k_dlc05_ceo_career_historical_zhang_xiu	1	0	1	1	false
3k_dlc05_ceo_threshold_career_historical_zhang_zhao	3k_dlc05_ceo_career_historical_zhang_zhao	1	0	1	1	false
3k_dlc05_ceo_threshold_career_historical_zhou_tai_scarred	3k_dlc05_ceo_career_historical_zhou_tai_scarred	1	0	1	1	false
3k_dlc05_threshold_career_historical_lady_bian	3k_dlc05_ceo_career_historical_lady_bian	1	0	1	1	false
3k_dlc05_threshold_career_historical_zao_zhi	3k_dlc05_ceo_career_historical_zao_zhi	1	0	1	1	false
3k_dlc06_ceo_career_generated_nanman_common_earth_01	3k_dlc06_ceo_career_generated_nanman_common_earth_01	1	0	1	10	false
3k_dlc06_ceo_career_generated_nanman_common_earth_02	3k_dlc06_ceo_career_generated_nanman_common_earth_02	1	0	1	10	false
3k_dlc06_ceo_career_generated_nanman_common_fire_01	3k_dlc06_ceo_career_generated_nanman_common_fire_01	1	0	1	10	false
3k_dlc06_ceo_career_generated_nanman_common_fire_02	3k_dlc06_ceo_career_generated_nanman_common_fire_02	1	0	1	10	false
3k_dlc06_ceo_career_generated_nanman_common_metal_01	3k_dlc06_ceo_career_generated_nanman_common_metal_01	1	0	1	10	false
3k_dlc06_ceo_career_generated_nanman_common_metal_02	3k_dlc06_ceo_career_generated_nanman_common_metal_02	1	0	1	10	false
3k_dlc06_ceo_career_generated_nanman_common_water_01	3k_dlc06_ceo_career_generated_nanman_common_water_01	1	0	1	10	false
3k_dlc06_ceo_career_generated_nanman_common_water_02	3k_dlc06_ceo_career_generated_nanman_common_water_02	1	0	1	10	false
3k_dlc06_ceo_career_generated_nanman_common_wood_01	3k_dlc06_ceo_career_generated_nanman_common_wood_01	1	0	1	10	false
3k_dlc06_ceo_career_generated_nanman_common_wood_02	3k_dlc06_ceo_career_generated_nanman_common_wood_02	1	0	1	10	false
3k_dlc06_ceo_career_generated_nanman_exceptional_earth	3k_dlc06_ceo_career_generated_nanman_exceptional_earth	1	0	1	10	false
3k_dlc06_ceo_career_generated_nanman_exceptional_fire	3k_dlc06_ceo_career_generated_nanman_exceptional_fire	1	0	1	10	false
3k_dlc06_ceo_career_generated_nanman_exceptional_metal	3k_dlc06_ceo_career_generated_nanman_exceptional_metal	1	0	1	10	false
3k_dlc06_ceo_career_generated_nanman_exceptional_water	3k_dlc06_ceo_career_generated_nanman_exceptional_water	1	0	1	10	false
3k_dlc06_ceo_career_generated_nanman_exceptional_wood	3k_dlc06_ceo_career_generated_nanman_exceptional_wood	1	0	1	10	false
3k_dlc06_ceo_career_generated_nanman_rare_earth	3k_dlc06_ceo_career_generated_nanman_rare_earth	1	0	1	10	false
3k_dlc06_ceo_career_generated_nanman_rare_fire	3k_dlc06_ceo_career_generated_nanman_rare_fire	1	0	1	10	false
3k_dlc06_ceo_career_generated_nanman_rare_metal	3k_dlc06_ceo_career_generated_nanman_rare_metal	1	0	1	10	false
3k_dlc06_ceo_career_generated_nanman_rare_water	3k_dlc06_ceo_career_generated_nanman_rare_water	1	0	1	10	false
3k_dlc06_ceo_career_generated_nanman_rare_wood	3k_dlc06_ceo_career_generated_nanman_rare_wood	1	0	1	10	false
3k_dlc06_ceo_career_historical_nanman_ahuinan	3k_dlc06_ceo_career_historical_nanman_ahuinan	1	0	1	10	false
3k_dlc06_ceo_career_historical_nanman_dailaidongzhu	3k_dlc06_ceo_career_historical_nanman_dailaidongzhu	1	0	1	10	false
3k_dlc06_ceo_career_historical_nanman_dongtuna	3k_dlc06_ceo_career_historical_nanman_dongtuna	1	0	1	10	false
3k_dlc06_ceo_career_historical_nanman_jinhuansanjie	3k_dlc06_ceo_career_historical_nanman_jinhuansanjie	1	0	1	10	false
3k_dlc06_ceo_career_historical_nanman_king_duosi	3k_dlc06_ceo_career_historical_nanman_king_duosi	1	0	1	10	false
3k_dlc06_ceo_career_historical_nanman_king_meng_huo	3k_dlc06_ceo_career_historical_nanman_king_meng_huo	1	0	1	10	false
3k_dlc06_ceo_career_historical_nanman_king_mulu	3k_dlc06_ceo_career_historical_nanman_king_mulu	1	0	1	10	false
3k_dlc06_ceo_career_historical_nanman_king_shamoke	3k_dlc06_ceo_career_historical_nanman_king_shamoke	1	0	1	10	false
3k_dlc06_ceo_career_historical_nanman_king_wutugu	3k_dlc06_ceo_career_historical_nanman_king_wutugu	1	0	1	10	false
3k_dlc06_ceo_career_historical_nanman_lady_zhurong	3k_dlc06_ceo_career_historical_nanman_lady_zhurong	1	0	1	10	false
3k_dlc06_ceo_career_historical_nanman_mangyachang	3k_dlc06_ceo_career_historical_nanman_mangyachang	1	0	1	10	false
3k_dlc06_ceo_career_historical_nanman_meng_jie	3k_dlc06_ceo_career_historical_nanman_meng_jie	1	0	1	10	false
3k_dlc06_ceo_career_historical_nanman_meng_you	3k_dlc06_ceo_career_historical_nanman_meng_you	1	0	1	10	false
3k_dlc06_ceo_career_historical_nanman_tu_an	3k_dlc06_ceo_career_historical_nanman_tu_an	1	0	1	10	false
3k_dlc06_ceo_career_historical_nanman_xi_ni	3k_dlc06_ceo_career_historical_nanman_xi_ni	1	0	1	10	false
3k_dlc06_ceo_career_historical_nanman_yang_feng	3k_dlc06_ceo_career_historical_nanman_yang_feng	1	0	1	10	false
3k_dlc06_ceo_threshold_career_historical_shi_hui	3k_dlc06_ceo_career_historical_shi_hui	1	0	1	1	false
3k_dlc06_ceo_threshold_career_historical_shi_kuang	3k_dlc06_ceo_career_historical_shi_kuang	1	0	1	1	false
3k_dlc06_ceo_threshold_career_historical_shi_wei	3k_dlc06_ceo_career_historical_shi_wei	1	0	1	1	false
3k_dlc06_ceo_threshold_career_historical_shi_xin	3k_dlc06_ceo_career_historical_shi_xin	1	0	1	1	false
3k_dlc06_ceo_threshold_career_historical_shi_zhi	3k_dlc06_ceo_career_historical_shi_zhi	1	0	1	1	false
3k_ironic_ceo_career_historical_bi_jieyan	3k_ironic_ceo_career_historical_bi_jieyan	1	0	1	1	false
3k_ironic_ceo_career_historical_chen_chao	3k_ironic_ceo_career_historical_chen_chao	1	0	1	1	false
3k_ironic_ceo_career_historical_dong_fu	3k_ironic_ceo_career_historical_dong_fu	1	0	1	1	false
3k_ironic_ceo_career_historical_fu_gan	3k_ironic_ceo_career_historical_fu_gan	1	0	1	1	false
3k_ironic_ceo_career_historical_huang_quan	3k_ironic_ceo_career_historical_huang_quan	1	0	1	1	false
3k_ironic_ceo_career_historical_lady_liu_mengan	3k_ironic_ceo_career_historical_lady_liu_mengan	1	0	1	1	false
3k_ironic_ceo_career_historical_lady_liu_zhang	3k_ironic_ceo_career_historical_lady_liu_zhang	1	0	1	1	false
3k_ironic_ceo_career_historical_lady_wu_xian	3k_ironic_ceo_career_historical_lady_wu_xian	1	0	1	1	false
3k_ironic_ceo_career_historical_lady_yang	3k_ironic_ceo_career_historical_lady_yang	1	0	1	1	false
3k_ironic_ceo_career_historical_lei_tong	3k_ironic_ceo_career_historical_lei_tong	1	0	1	1	false
3k_ironic_ceo_career_historical_li_xiu	3k_ironic_ceo_career_historical_li_xiu	1	0	1	1	false
3k_ironic_ceo_career_historical_liu_dan	3k_ironic_ceo_career_historical_liu_dan	1	0	1	1	false
3k_ironic_ceo_career_historical_liu_fan	3k_ironic_ceo_career_historical_liu_fan	1	0	1	1	false
3k_ironic_ceo_career_historical_liu_mao	3k_ironic_ceo_career_historical_liu_mao	1	0	1	1	false
3k_ironic_ceo_career_historical_liu_xun	3k_ironic_ceo_career_historical_liu_xun	1	0	1	1	false
3k_ironic_ceo_career_historical_ma_tie	3k_ironic_ceo_career_historical_ma_tie	1	0	1	1	false
3k_ironic_ceo_career_historical_ma_xiu	3k_ironic_ceo_career_historical_ma_xiu	1	0	1	1	false
3k_ironic_ceo_career_historical_pang_xi	3k_ironic_ceo_career_historical_pang_xi	1	0	1	1	false
3k_ironic_ceo_career_historical_peng_yang	3k_ironic_ceo_career_historical_peng_yang	1	0	1	1	false
3k_ironic_ceo_career_historical_ren_qi	3k_ironic_ceo_career_historical_ren_qi	1	0	1	1	false
3k_ironic_ceo_career_historical_wang_yun	3k_ironic_ceo_career_historical_wang_yun	1	0	1	1	false
3k_ironic_ceo_career_historical_wu_ban	3k_ironic_ceo_career_historical_wu_ban	1	0	1	1	false
3k_ironic_ceo_career_historical_wu_kuang	3k_ironic_ceo_career_historical_wu_kuang	1	0	1	1	false
3k_ironic_ceo_career_historical_wu_yi	3k_ironic_ceo_career_historical_wu_yi	1	0	1	1	false
3k_ironic_ceo_career_historical_yan_pu	3k_ironic_ceo_career_historical_yan_pu	1	0	1	1	false
3k_ironic_ceo_career_historical_yan_yan	3k_ironic_ceo_career_historical_yan_yan	1	0	1	1	false
3k_ironic_ceo_career_historical_yang_ang	3k_ironic_ceo_career_historical_yang_ang	1	0	1	1	false
3k_ironic_ceo_career_historical_yang_bo	3k_ironic_ceo_career_historical_yang_bo	1	0	1	1	false
3k_ironic_ceo_career_historical_yang_ren	3k_ironic_ceo_career_historical_yang_ren	1	0	1	1	false
3k_ironic_ceo_career_historical_yang_song	3k_ironic_ceo_career_historical_yang_song	1	0	1	1	false
3k_ironic_ceo_career_historical_yu_minxiang	3k_ironic_ceo_career_historical_yu_minxiang	1	0	1	1	false
3k_ironic_ceo_career_historical_zhang_fu	3k_ironic_ceo_career_historical_zhang_fu	1	0	1	1	false
3k_ironic_ceo_career_historical_zhang_guang	3k_ironic_ceo_career_historical_zhang_guang	1	0	1	1	false
3k_ironic_ceo_career_historical_zhang_ren	3k_ironic_ceo_career_historical_zhang_ren	1	0	1	1	false
3k_ironic_ceo_career_historical_zhang_wei	3k_ironic_ceo_career_historical_zhang_wei	1	0	1	1	false
3k_ironic_ceo_career_historical_zhao_wei	3k_ironic_ceo_career_historical_zhao_wei	1	0	1	1	false
3k_ironic_ceo_career_historical_zhu_gui	3k_ironic_ceo_career_historical_zhu_gui	1	0	1	1	false
3k_main_ceo_career_historical_Bao_Sanniang	3k_main_ceo_career_historical_Bao_Sanniang	1	0	1	1	false
3k_main_ceo_career_historical_Budugen	3k_main_ceo_career_historical_Budugen	1	0	1	1	false
3k_main_ceo_career_historical_Cao_Xing	3k_main_ceo_career_historical_Cao_Xing	1	0	1	1	false
3k_main_ceo_career_historical_Chen_Dao	3k_main_ceo_career_historical_Chen_Dao	1	0	1	1	false
3k_main_ceo_career_historical_Chenglugui	3k_main_ceo_career_historical_Chenglugui	1	0	1	1	false
3k_main_ceo_career_historical_Deng_Ai	3k_main_ceo_career_historical_Deng_Ai	1	0	1	1	false
3k_main_ceo_career_historical_Fulohan	3k_main_ceo_career_historical_Fulohan	1	0	1	1	false
3k_main_ceo_career_historical_Guan_Ping	3k_main_ceo_career_historical_Guan_Ping	1	0	1	1	false
3k_main_ceo_career_historical_Guan_Suo	3k_main_ceo_career_historical_Guan_Suo	1	0	1	1	false
3k_main_ceo_career_historical_Guan_Xing	3k_main_ceo_career_historical_Guan_Xing	1	0	1	1	false
3k_main_ceo_career_historical_Guo_Huai	3k_main_ceo_career_historical_Guo_Huai	1	0	1	1	false
3k_main_ceo_career_historical_Hou_Cheng	3k_main_ceo_career_historical_Hou_Cheng	1	0	1	1	false
3k_main_ceo_career_historical_Jia_Chong	3k_main_ceo_career_historical_Jia_Chong	1	0	1	1	false
3k_main_ceo_career_historical_Jia_Kui	3k_main_ceo_career_historical_Jia_Kui	1	0	1	1	false
3k_main_ceo_career_historical_Jiang_Wei	3k_main_ceo_career_historical_Jiang_Wei	1	0	1	1	false
3k_main_ceo_career_historical_Kebineng	3k_main_ceo_career_historical_Kebineng	1	0	1	1	false
3k_main_ceo_career_historical_Kuitou	3k_main_ceo_career_historical_Kuitou	1	0	1	1	false
3k_main_ceo_career_historical_Li_Dian	3k_main_ceo_career_historical_Li_Dian	1	0	1	1	false
3k_main_ceo_career_historical_Li_Yan	3k_main_ceo_career_historical_Li_Yan	1	0	1	1	false
3k_main_ceo_career_historical_Liu_Feng	3k_main_ceo_career_historical_Liu_Feng	1	0	1	1	false
3k_main_ceo_career_historical_Liu_Shan	3k_main_ceo_career_historical_Liu_Shan	1	0	1	1	false
3k_main_ceo_career_historical_Luo_Tong	3k_main_ceo_career_historical_Luo_Tong	1	0	1	1	false
3k_main_ceo_career_historical_Man_Chong	3k_main_ceo_career_historical_Man_Chong	1	0	1	1	false
3k_main_ceo_career_historical_Mi_Heng	3k_main_ceo_career_historical_Mi_Heng	1	0	1	1	false
3k_main_ceo_career_historical_Mohuba	3k_main_ceo_career_historical_Mohuba	1	0	1	1	false
3k_main_ceo_career_historical_Pan_Feng	3k_main_ceo_career_historical_Pan_Feng	1	0	1	1	false
3k_main_ceo_career_historical_QIianman	3k_main_ceo_career_historical_QIianman	1	0	1	1	false
3k_main_ceo_career_historical_Sima_Shi	3k_main_ceo_career_historical_Sima_Shi	1	0	1	1	false
3k_main_ceo_career_historical_Sima_Zhao	3k_main_ceo_career_historical_Sima_Zhao	1	0	1	1	false
3k_main_ceo_career_historical_Song_Xian	3k_main_ceo_career_historical_Song_Xian	1	0	1	1	false
3k_main_ceo_career_historical_Suli	3k_main_ceo_career_historical_Suli	1	0	1	1	false
3k_main_ceo_career_historical_Wang_Yi	3k_main_ceo_career_historical_Wang_Yi	1	0	1	1	false
3k_main_ceo_career_historical_Wang_Yuanji	3k_main_ceo_career_historical_Wang_Yuanji	1	0	1	1	false
3k_main_ceo_career_historical_Wei_Xu	3k_main_ceo_career_historical_Wei_Xu	1	0	1	1	false
3k_main_ceo_career_historical_Xiahou_Ba	3k_main_ceo_career_historical_Xiahou_Ba	1	0	1	1	false
3k_main_ceo_career_historical_Xin_Xianying	3k_main_ceo_career_historical_Xin_Xianying	1	0	1	1	false
3k_main_ceo_career_historical_Zhang_Chunhua	3k_main_ceo_career_historical_Zhang_Chunhua	1	0	1	1	false
3k_main_ceo_career_historical_Zhong_Hui	3k_main_ceo_career_historical_Zhong_Hui	1	0	1	1	false
3k_main_ceo_career_historical_Zhong_Yao	3k_main_ceo_career_historical_Zhong_Yao	1	0	1	1	false
3k_main_ceo_career_historical_agui	3k_main_ceo_career_historical_agui	1	0	1	1	false
3k_main_ceo_career_historical_bao_long	3k_main_ceo_career_historical_bao_long	1	0	1	1	false
3k_main_ceo_career_historical_bao_tao_ironic	3k_main_ceo_career_historical_bao_tao_ironic	1	0	1	1	false
3k_main_ceo_career_historical_bao_xin	3k_main_ceo_career_historical_bao_xin	1	0	1	1	false
3k_main_ceo_career_historical_bao_xun	3k_main_ceo_career_historical_bao_xun	1	0	1	1	false
3k_main_ceo_career_historical_bao_zhong_ironic	3k_main_ceo_career_historical_bao_zhong_ironic	1	0	1	1	false
3k_main_ceo_career_historical_bei_chong	3k_main_ceo_career_historical_bei_chong	1	0	1	1	false
3k_main_ceo_career_historical_bei_jia	3k_main_ceo_career_historical_bei_jia	1	0	1	1	false
3k_main_ceo_career_historical_bei_yu	3k_main_ceo_career_historical_bei_yu	1	0	1	1	false
3k_main_ceo_career_historical_beolhyu	3k_main_ceo_career_historical_beolhyu	1	0	1	1	false
3k_main_ceo_career_historical_bi_chen_ironic	3k_main_ceo_career_historical_bi_chen_ironic	1	0	1	1	false
3k_main_ceo_career_historical_bian_baozhai	3k_main_ceo_career_historical_bian_baozhai	1	0	1	1	false
3k_main_ceo_career_historical_bian_hong_ironic	3k_main_ceo_career_historical_bian_hong_ironic	1	0	1	1	false
3k_main_ceo_career_historical_bian_rang	3k_main_ceo_career_historical_bian_rang	1	0	1	1	false
3k_main_ceo_career_historical_bian_rang_ironic	3k_main_ceo_career_historical_bian_rang_ironic	1	0	1	1	false
3k_main_ceo_career_historical_bian_rou	3k_main_ceo_career_historical_bian_rou	1	0	1	1	false
3k_main_ceo_career_historical_bian_xi	3k_main_ceo_career_historical_bian_xi	1	0	1	1	false
3k_main_ceo_career_historical_bing_yuan	3k_main_ceo_career_historical_bing_yuan	1	0	1	1	false
3k_main_ceo_career_historical_bing_zhi_ironic	3k_main_ceo_career_historical_bing_zhi_ironic	1	0	1	1	false
3k_main_ceo_career_historical_bu_lianshi	3k_main_ceo_career_historical_bu_lianshi	1	0	1	1	false
3k_main_ceo_career_historical_bu_zhi_ironic	3k_main_ceo_career_historical_bu_zhi_ironic	1	0	1	1	false
3k_main_ceo_career_historical_cai_he	3k_main_ceo_career_historical_cai_he	1	0	1	1	false
3k_main_ceo_career_historical_cai_hui	3k_main_ceo_career_historical_cai_hui	1	0	1	1	false
3k_main_ceo_career_historical_cai_huizhen	3k_main_ceo_career_historical_cai_huizhen	1	0	1	1	false
3k_main_ceo_career_historical_cai_pingwan_title	3k_main_ceo_career_historical_cai_pingwan_title	1	0	1	1	false
3k_main_ceo_career_historical_cai_xun	3k_main_ceo_career_historical_cai_xun	1	0	1	1	false
3k_main_ceo_career_historical_cai_yan_m	3k_main_ceo_career_historical_cai_yan_m	1	0	1	1	false
3k_main_ceo_career_historical_cai_yang	3k_main_ceo_career_historical_cai_yang	1	0	1	1	false
3k_main_ceo_career_historical_cai_zan	3k_main_ceo_career_historical_cai_zan	1	0	1	1	false
3k_main_ceo_career_historical_cai_zhong	3k_main_ceo_career_historical_cai_zhong	1	0	1	1	false
3k_main_ceo_career_historical_cang_ci	3k_main_ceo_career_historical_cang_ci	1	0	1	1	false
3k_main_ceo_career_historical_cang_qinting	3k_main_ceo_career_historical_cang_qinting	1	0	1	1	false
3k_main_ceo_career_historical_cao_anmin	3k_main_ceo_career_historical_cao_anmin	1	0	1	1	false
3k_main_ceo_career_historical_cao_anmin_unique	3k_main_ceo_career_historical_cao_anmin_unique	1	0	1	1	false
3k_main_ceo_career_historical_cao_bao_ironic	3k_main_ceo_career_historical_cao_bao_ironic	1	0	1	1	false
3k_main_ceo_career_historical_cao_hong_ironic	3k_main_ceo_career_historical_cao_hong_ironic	1	0	1	1	false
3k_main_ceo_career_historical_cao_qinghe_ironic	3k_main_ceo_career_historical_cao_qinghe_ironic	1	0	1	1	false
3k_main_ceo_career_historical_cao_qinghe_unique	3k_main_ceo_career_historical_cao_qinghe_unique	1	0	1	1	false
3k_main_ceo_career_historical_chang_xi	3k_main_ceo_career_historical_chang_xi	1	0	1	1	false
3k_main_ceo_career_historical_chang_xi_ironic	3k_main_ceo_career_historical_chang_xi_ironic	1	0	1	1	false
3k_main_ceo_career_historical_chen_bai_ironic	3k_main_ceo_career_historical_chen_bai_ironic	1	0	1	1	false
3k_main_ceo_career_historical_chen_bao_ironic	3k_main_ceo_career_historical_chen_bao_ironic	1	0	1	1	false
3k_main_ceo_career_historical_chen_ce_ironic	3k_main_ceo_career_historical_chen_ce_ironic	1	0	1	1	false
3k_main_ceo_career_historical_chen_cong_ironic	3k_main_ceo_career_historical_chen_cong_ironic	1	0	1	1	false
3k_main_ceo_career_historical_chen_deng	3k_main_ceo_career_historical_chen_deng	1	0	1	1	false
3k_main_ceo_career_historical_chen_duan	3k_main_ceo_career_historical_chen_duan	1	0	1	1	false
3k_main_ceo_career_historical_chen_fu_title	3k_main_ceo_career_historical_chen_fu_title	1	0	1	1	false
3k_main_ceo_career_historical_chen_gui	3k_main_ceo_career_historical_chen_gui	1	0	1	1	false
3k_main_ceo_career_historical_chen_heng	3k_main_ceo_career_historical_chen_heng	1	0	1	1	false
3k_main_ceo_career_historical_chen_ji	3k_main_ceo_career_historical_chen_ji	1	0	1	1	false
3k_main_ceo_career_historical_chen_jiao_ironic	3k_main_ceo_career_historical_chen_jiao_ironic	1	0	1	1	false
3k_main_ceo_career_historical_chen_jiu	3k_main_ceo_career_historical_chen_jiu	1	0	1	1	false
3k_main_ceo_career_historical_chen_lan	3k_main_ceo_career_historical_chen_lan	1	0	1	1	false
3k_main_ceo_career_historical_chen_mu_ironic	3k_main_ceo_career_historical_chen_mu_ironic	1	0	1	1	false
3k_main_ceo_career_historical_chen_pu	3k_main_ceo_career_historical_chen_pu	1	0	1	1	false
3k_main_ceo_career_historical_chen_sheng	3k_main_ceo_career_historical_chen_sheng	1	0	1	1	false
3k_main_ceo_career_historical_chen_shi_title_ironic	3k_main_ceo_career_historical_chen_shi_title_ironic	1	0	1	1	false
3k_main_ceo_career_historical_chen_su	3k_main_ceo_career_historical_chen_su	1	0	1	1	false
3k_main_ceo_career_historical_chen_sun_title	3k_main_ceo_career_historical_chen_sun_title	1	0	1	1	false
3k_main_ceo_career_historical_chen_wen	3k_main_ceo_career_historical_chen_wen	1	0	1	1	false
3k_main_ceo_career_historical_chen_wu_unique	3k_main_ceo_career_historical_chen_wu_unique	1	0	1	1	false
3k_main_ceo_career_historical_chen_ying_ironic	3k_main_ceo_career_historical_chen_ying_ironic	1	0	1	1	false
3k_main_ceo_career_historical_chen_ying_z	3k_main_ceo_career_historical_chen_ying_z	1	0	1	1	false
3k_main_ceo_career_historical_chen_yu	3k_main_ceo_career_historical_chen_yu	1	0	1	1	false
3k_main_ceo_career_historical_chen_zhen	3k_main_ceo_career_historical_chen_zhen	1	0	1	1	false
3k_main_ceo_career_historical_cheng_bing_unique_ironic	3k_main_ceo_career_historical_cheng_bing_unique_ironic	1	0	1	1	false
3k_main_ceo_career_historical_cheng_fu	3k_main_ceo_career_historical_cheng_fu	1	0	1	1	false
3k_main_ceo_career_historical_cheng_ji_title	3k_main_ceo_career_historical_cheng_ji_title	1	0	1	1	false
3k_main_ceo_career_historical_cheng_yi	3k_main_ceo_career_historical_cheng_yi	1	0	1	1	false
3k_main_ceo_career_historical_cheng_yin	3k_main_ceo_career_historical_cheng_yin	1	0	1	1	false
3k_main_ceo_career_historical_cheng_yu	3k_main_ceo_career_historical_cheng_yu	1	0	1	1	false
3k_main_ceo_career_historical_cheng_yu_title	3k_main_ceo_career_historical_cheng_yu_title	1	0	1	1	false
3k_main_ceo_career_historical_chenggong_ying	3k_main_ceo_career_historical_chenggong_ying	1	0	1	1	false
3k_main_ceo_career_historical_chogo	3k_main_ceo_career_historical_chogo	1	0	1	1	false
3k_main_ceo_career_historical_chunyu_dan	3k_main_ceo_career_historical_chunyu_dan	1	0	1	1	false
3k_main_ceo_career_historical_chunyu_shi_ironic	3k_main_ceo_career_historical_chunyu_shi_ironic	1	0	1	1	false
3k_main_ceo_career_historical_congqian	3k_main_ceo_career_historical_congqian	1	0	1	1	false
3k_main_ceo_career_historical_cuan_xi_title	3k_main_ceo_career_historical_cuan_xi_title	1	0	1	1	false
3k_main_ceo_career_historical_cui_jun	3k_main_ceo_career_historical_cui_jun	1	0	1	1	false
3k_main_ceo_career_historical_cui_lie	3k_main_ceo_career_historical_cui_lie	1	0	1	1	false
3k_main_ceo_career_historical_dai_liang	3k_main_ceo_career_historical_dai_liang	1	0	1	1	false
3k_main_ceo_career_historical_dai_yuan_ironic	3k_main_ceo_career_historical_dai_yuan_ironic	1	0	1	1	false
3k_main_ceo_career_historical_dan_meng_title	3k_main_ceo_career_historical_dan_meng_title	1	0	1	1	false
3k_main_ceo_career_historical_dang_lianhua	3k_main_ceo_career_historical_dang_lianhua	1	0	1	1	false
3k_main_ceo_career_historical_deng_ji	3k_main_ceo_career_historical_deng_ji	1	0	1	1	false
3k_main_ceo_career_historical_deng_kai_title	3k_main_ceo_career_historical_deng_kai_title	1	0	1	1	false
3k_main_ceo_career_historical_deng_long	3k_main_ceo_career_historical_deng_long	1	0	1	1	false
3k_main_ceo_career_historical_deng_xi_title_ironic	3k_main_ceo_career_historical_deng_xi_title_ironic	1	0	1	1	false
3k_main_ceo_career_historical_deng_xian_unique_ironic	3k_main_ceo_career_historical_deng_xian_unique_ironic	1	0	1	1	false
3k_main_ceo_career_historical_deng_yi	3k_main_ceo_career_historical_deng_yi	1	0	1	1	false
3k_main_ceo_career_historical_deng_yuan	3k_main_ceo_career_historical_deng_yuan	1	0	1	1	false
3k_main_ceo_career_historical_deng_zhi_unique_ironic	3k_main_ceo_career_historical_deng_zhi_unique_ironic	1	0	1	1	false
3k_main_ceo_career_historical_deng_zixiao_title_ironic	3k_main_ceo_career_historical_deng_zixiao_title_ironic	1	0	1	1	false
3k_main_ceo_career_historical_ding_fan	3k_main_ceo_career_historical_ding_fan	1	0	1	1	false
3k_main_ceo_career_historical_ding_feng	3k_main_ceo_career_historical_ding_feng	1	0	1	1	false
3k_main_ceo_career_historical_dong_he_unique_ironic	3k_main_ceo_career_historical_dong_he_unique_ironic	1	0	1	1	false
3k_main_ceo_career_historical_dong_li	3k_main_ceo_career_historical_dong_li	1	0	1	1	false
3k_main_ceo_career_historical_dong_xi_ironic	3k_main_ceo_career_historical_dong_xi_ironic	1	0	1	1	false
3k_main_ceo_career_historical_dong_zhao	3k_main_ceo_career_historical_dong_zhao	1	0	1	1	false
3k_main_ceo_career_historical_dong_zhao_unique	3k_main_ceo_career_historical_dong_zhao_unique	1	0	1	1	false
3k_main_ceo_career_historical_dou_mao	3k_main_ceo_career_historical_dou_mao	1	0	1	1	false
3k_main_ceo_career_historical_du_kui_title_ironic	3k_main_ceo_career_historical_du_kui_title_ironic	1	0	1	1	false
3k_main_ceo_career_historical_du_qiong_title_ironic	3k_main_ceo_career_historical_du_qiong_title_ironic	1	0	1	1	false
3k_main_ceo_career_historical_du_song	3k_main_ceo_career_historical_du_song	1	0	1	1	false
3k_main_ceo_career_historical_duan_wei_ironic	3k_main_ceo_career_historical_duan_wei_ironic	1	0	1	1	false
3k_main_ceo_career_historical_fan_chou	3k_main_ceo_career_historical_fan_chou	1	0	1	1	false
3k_main_ceo_career_historical_fan_fang_ironic	3k_main_ceo_career_historical_fan_fang_ironic	1	0	1	1	false
3k_main_ceo_career_historical_fan_liyan	3k_main_ceo_career_historical_fan_liyan	1	0	1	1	false
3k_main_ceo_career_historical_fan_neng	3k_main_ceo_career_historical_fan_neng	1	0	1	1	false
3k_main_ceo_career_historical_fan_xian_ironic	3k_main_ceo_career_historical_fan_xian_ironic	1	0	1	1	false
3k_main_ceo_career_historical_fan_yufeng	3k_main_ceo_career_historical_fan_yufeng	1	0	1	1	false
3k_main_ceo_career_historical_fang_yue_ironic	3k_main_ceo_career_historical_fang_yue_ironic	1	0	1	1	false
3k_main_ceo_career_historical_fei_guan_title	3k_main_ceo_career_historical_fei_guan_title	1	0	1	1	false
3k_main_ceo_career_historical_fei_shi_title	3k_main_ceo_career_historical_fei_shi_title	1	0	1	1	false
3k_main_ceo_career_historical_fei_xin_title	3k_main_ceo_career_historical_fei_xin_title	1	0	1	1	false
3k_main_ceo_career_historical_fei_yang_title	3k_main_ceo_career_historical_fei_yang_title	1	0	1	1	false
3k_main_ceo_career_historical_fei_yi_title	3k_main_ceo_career_historical_fei_yi_title	1	0	1	1	false
3k_main_ceo_career_historical_fei_yuelan_title	3k_main_ceo_career_historical_fei_yuelan_title	1	0	1	1	false
3k_main_ceo_career_historical_fei_zhan_unique	3k_main_ceo_career_historical_fei_zhan_unique	1	0	1	1	false
3k_main_ceo_career_historical_feng_fang	3k_main_ceo_career_historical_feng_fang	1	0	1	1	false
3k_main_ceo_career_historical_fu_qun_title	3k_main_ceo_career_historical_fu_qun_title	1	0	1	1	false
3k_main_ceo_career_historical_fu_rong_unique_ironic	3k_main_ceo_career_historical_fu_rong_unique_ironic	1	0	1	1	false
3k_main_ceo_career_historical_fu_xun	3k_main_ceo_career_historical_fu_xun	1	0	1	1	false
3k_main_ceo_career_historical_gan_ji	3k_main_ceo_career_historical_gan_ji	1	0	1	1	false
3k_main_ceo_career_historical_gan_li_title	3k_main_ceo_career_historical_gan_li_title	1	0	1	1	false
3k_main_ceo_career_historical_gan_mei_ironic	3k_main_ceo_career_historical_gan_mei_ironic	1	0	1	1	false
3k_main_ceo_career_historical_ganwiego	3k_main_ceo_career_historical_ganwiego	1	0	1	1	false
3k_main_ceo_career_historical_gao_dai_ironic	3k_main_ceo_career_historical_gao_dai_ironic	1	0	1	1	false
3k_main_ceo_career_historical_gao_lan	3k_main_ceo_career_historical_gao_lan	1	0	1	1	false
3k_main_ceo_career_historical_gao_pei_unique	3k_main_ceo_career_historical_gao_pei_unique	1	0	1	1	false
3k_main_ceo_career_historical_gao_rou	3k_main_ceo_career_historical_gao_rou	1	0	1	1	false
3k_main_ceo_career_historical_gao_sheng_title	3k_main_ceo_career_historical_gao_sheng_title	1	0	1	1	false
3k_main_ceo_career_historical_ge_jing_ironic	3k_main_ceo_career_historical_ge_jing_ironic	1	0	1	1	false
3k_main_ceo_career_historical_geng_wu	3k_main_ceo_career_historical_geng_wu	1	0	1	1	false
3k_main_ceo_career_historical_gogukcheon	3k_main_ceo_career_historical_gogukcheon	1	0	1	1	false
3k_main_ceo_career_historical_gong_zhi_title_ironic	3k_main_ceo_career_historical_gong_zhi_title_ironic	1	0	1	1	false
3k_main_ceo_career_historical_gongsun_baoyue_ironic	3k_main_ceo_career_historical_gongsun_baoyue_ironic	1	0	1	1	false
3k_main_ceo_career_historical_gongsun_fan	3k_main_ceo_career_historical_gongsun_fan	1	0	1	1	false
3k_main_ceo_career_historical_gongsun_gong	3k_main_ceo_career_historical_gongsun_gong	1	0	1	1	false
3k_main_ceo_career_historical_gongsun_kang	3k_main_ceo_career_historical_gongsun_kang	1	0	1	1	false
3k_main_ceo_career_historical_gongsun_mo_ironic	3k_main_ceo_career_historical_gongsun_mo_ironic	1	0	1	1	false
3k_main_ceo_career_historical_gongsun_ya_ironic	3k_main_ceo_career_historical_gongsun_ya_ironic	1	0	1	1	false
3k_main_ceo_career_historical_gongsun_yuan	3k_main_ceo_career_historical_gongsun_yuan	1	0	1	1	false
3k_main_ceo_career_historical_gongsun_yue	3k_main_ceo_career_historical_gongsun_yue	1	0	1	1	false
3k_main_ceo_career_historical_gu_hui_ironic	3k_main_ceo_career_historical_gu_hui_ironic	1	0	1	1	false
3k_main_ceo_career_historical_gu_li_ironic	3k_main_ceo_career_historical_gu_li_ironic	1	0	1	1	false
3k_main_ceo_career_historical_gu_ruilan	3k_main_ceo_career_historical_gu_ruilan	1	0	1	1	false
3k_main_ceo_career_historical_gu_shao_ironic	3k_main_ceo_career_historical_gu_shao_ironic	1	0	1	1	false
3k_main_ceo_career_historical_gu_yong_ironic	3k_main_ceo_career_historical_gu_yong_ironic	1	0	1	1	false
3k_main_ceo_career_historical_guan_chun	3k_main_ceo_career_historical_guan_chun	1	0	1	1	false
3k_main_ceo_career_historical_guan_ning	3k_main_ceo_career_historical_guan_ning	1	0	1	1	false
3k_main_ceo_career_historical_gui_lan_ironic	3k_main_ceo_career_historical_gui_lan_ironic	1	0	1	1	false
3k_main_ceo_career_historical_gujin	3k_main_ceo_career_historical_gujin	1	0	1	1	false
3k_main_ceo_career_historical_guo_da	3k_main_ceo_career_historical_guo_da	1	0	1	1	false
3k_main_ceo_career_historical_guo_gong_ironic	3k_main_ceo_career_historical_guo_gong_ironic	1	0	1	1	false
3k_main_ceo_career_historical_guo_nuwang	3k_main_ceo_career_historical_guo_nuwang	1	0	1	1	false
3k_main_ceo_career_historical_guo_tu	3k_main_ceo_career_historical_guo_tu	1	0	1	1	false
3k_main_ceo_career_historical_guo_xian	3k_main_ceo_career_historical_guo_xian	1	0	1	1	false
3k_main_ceo_career_historical_gurudun	3k_main_ceo_career_historical_gurudun	1	0	1	1	false
3k_main_ceo_career_historical_han_anyue	3k_main_ceo_career_historical_han_anyue	1	0	1	1	false
3k_main_ceo_career_historical_han_chong	3k_main_ceo_career_historical_han_chong	1	0	1	1	false
3k_main_ceo_career_historical_han_dang	3k_main_ceo_career_historical_han_dang	1	0	1	1	false
3k_main_ceo_career_historical_han_ji_unique_ironic	3k_main_ceo_career_historical_han_ji_unique_ironic	1	0	1	1	false
3k_main_ceo_career_historical_han_lian	3k_main_ceo_career_historical_han_lian	1	0	1	1	false
3k_main_ceo_career_historical_han_song	3k_main_ceo_career_historical_han_song	1	0	1	1	false
3k_main_ceo_career_historical_han_tong	3k_main_ceo_career_historical_han_tong	1	0	1	1	false
3k_main_ceo_career_historical_han_xi_title_ironic	3k_main_ceo_career_historical_han_xi_title_ironic	1	0	1	1	false
3k_main_ceo_career_historical_han_xin	3k_main_ceo_career_historical_han_xin	1	0	1	1	false
3k_main_ceo_career_historical_han_xuan_ironic	3k_main_ceo_career_historical_han_xuan_ironic	1	0	1	1	false
3k_main_ceo_career_historical_han_yan_ironic	3k_main_ceo_career_historical_han_yan_ironic	1	0	1	1	false
3k_main_ceo_career_historical_handan_shang	3k_main_ceo_career_historical_handan_shang	1	0	1	1	false
3k_main_ceo_career_historical_hao_meng	3k_main_ceo_career_historical_hao_meng	1	0	1	1	false
3k_main_ceo_career_historical_hao_pu_title	3k_main_ceo_career_historical_hao_pu_title	1	0	1	1	false
3k_main_ceo_career_historical_he_kui_ironic	3k_main_ceo_career_historical_he_kui_ironic	1	0	1	1	false
3k_main_ceo_career_historical_he_luan_ironic	3k_main_ceo_career_historical_he_luan_ironic	1	0	1	1	false
3k_main_ceo_career_historical_he_qi_ironic	3k_main_ceo_career_historical_he_qi_ironic	1	0	1	1	false
3k_main_ceo_career_historical_he_qia_title_ironic	3k_main_ceo_career_historical_he_qia_title_ironic	1	0	1	1	false
3k_main_ceo_career_historical_he_xiong	3k_main_ceo_career_historical_he_xiong	1	0	1	1	false
3k_main_ceo_career_historical_he_zong_title_ironic	3k_main_ceo_career_historical_he_zong_title_ironic	1	0	1	1	false
3k_main_ceo_career_historical_heng_ruiling	3k_main_ceo_career_historical_heng_ruiling	1	0	1	1	false
3k_main_ceo_career_historical_hong_jin	3k_main_ceo_career_historical_hong_jin	1	0	1	1	false
3k_main_ceo_career_historical_hong_ming	3k_main_ceo_career_historical_hong_ming	1	0	1	1	false
3k_main_ceo_career_historical_hou_xuan	3k_main_ceo_career_historical_hou_xuan	1	0	1	1	false
3k_main_ceo_career_historical_hou_yin	3k_main_ceo_career_historical_hou_yin	1	0	1	1	false
3k_main_ceo_career_historical_hu_cai_ironic	3k_main_ceo_career_historical_hu_cai_ironic	1	0	1	1	false
3k_main_ceo_career_historical_hu_man_title_ironic	3k_main_ceo_career_historical_hu_man_title_ironic	1	0	1	1	false
3k_main_ceo_career_historical_hu_mao	3k_main_ceo_career_historical_hu_mao	1	0	1	1	false
3k_main_ceo_career_historical_hu_qian_title	3k_main_ceo_career_historical_hu_qian_title	1	0	1	1	false
3k_main_ceo_career_historical_hu_yu_title_ironic	3k_main_ceo_career_historical_hu_yu_title_ironic	1	0	1	1	false
3k_main_ceo_career_historical_hu_zhen	3k_main_ceo_career_historical_hu_zhen	1	0	1	1	false
3k_main_ceo_career_historical_hua_dang_ironic	3k_main_ceo_career_historical_hua_dang_ironic	1	0	1	1	false
3k_main_ceo_career_historical_hua_ji	3k_main_ceo_career_historical_hua_ji	1	0	1	1	false
3k_main_ceo_career_historical_hua_ji_unique	3k_main_ceo_career_historical_hua_ji_unique	1	0	1	1	false
3k_main_ceo_career_historical_hua_tuo	3k_main_ceo_career_historical_hua_tuo	1	0	1	1	false
3k_main_ceo_career_historical_huan_jie_title_ironic	3k_main_ceo_career_historical_huan_jie_title_ironic	1	0	1	1	false
3k_main_ceo_career_historical_huan_lin_unique	3k_main_ceo_career_historical_huan_lin_unique	1	0	1	1	false
3k_main_ceo_career_historical_huan_shao	3k_main_ceo_career_historical_huan_shao	1	0	1	1	false
3k_main_ceo_career_historical_huan_ye_title	3k_main_ceo_career_historical_huan_ye_title	1	0	1	1	false
3k_main_ceo_career_historical_huan_zhi_unique	3k_main_ceo_career_historical_huan_zhi_unique	1	0	1	1	false
3k_main_ceo_career_historical_huang_anbao	3k_main_ceo_career_historical_huang_anbao	1	0	1	1	false
3k_main_ceo_career_historical_huang_ang	3k_main_ceo_career_historical_huang_ang	1	0	1	1	false
3k_main_ceo_career_historical_huang_chengyan	3k_main_ceo_career_historical_huang_chengyan	1	0	1	1	false
3k_main_ceo_career_historical_huang_chun_ironic	3k_main_ceo_career_historical_huang_chun_ironic	1	0	1	1	false
3k_main_ceo_career_historical_huang_hua	3k_main_ceo_career_historical_huang_hua	1	0	1	1	false
3k_main_ceo_career_historical_huang_kui_ironic	3k_main_ceo_career_historical_huang_kui_ironic	1	0	1	1	false
3k_main_ceo_career_historical_huang_min_ironic	3k_main_ceo_career_historical_huang_min_ironic	1	0	1	1	false
3k_main_ceo_career_historical_huang_she	3k_main_ceo_career_historical_huang_she	1	0	1	1	false
3k_main_ceo_career_historical_huang_wan	3k_main_ceo_career_historical_huang_wan	1	0	1	1	false
3k_main_ceo_career_historical_huang_xun_ironic	3k_main_ceo_career_historical_huang_xun_ironic	1	0	1	1	false
3k_main_ceo_career_historical_huang_yueying	3k_main_ceo_career_historical_huang_yueying	1	0	1	1	false
3k_main_ceo_career_historical_huangfu_jianshou_ironic	3k_main_ceo_career_historical_huangfu_jianshou_ironic	1	0	1	1	false
3k_main_ceo_career_historical_huangfu_qi_title_ironic	3k_main_ceo_career_historical_huangfu_qi_title_ironic	1	0	1	1	false
3k_main_ceo_career_historical_huanglong	3k_main_ceo_career_historical_huanglong	1	0	1	1	false
3k_main_ceo_career_historical_huanglong_luo_ironic	3k_main_ceo_career_historical_huanglong_luo_ironic	1	0	1	1	false
3k_main_ceo_career_historical_huche_er	3k_main_ceo_career_historical_huche_er	1	0	1	1	false
3k_main_ceo_career_historical_huchuquan	3k_main_ceo_career_historical_huchuquan	1	0	1	1	false
3k_main_ceo_career_historical_hui_qu_ironic	3k_main_ceo_career_historical_hui_qu_ironic	1	0	1	1	false
3k_main_ceo_career_historical_huo_du	3k_main_ceo_career_historical_huo_du	1	0	1	1	false
3k_main_ceo_career_historical_huo_jun	3k_main_ceo_career_historical_huo_jun	1	0	1	1	false
3k_main_ceo_career_historical_huo_nu	3k_main_ceo_career_historical_huo_nu	1	0	1	1	false
3k_main_ceo_career_historical_ji_ben	3k_main_ceo_career_historical_ji_ben	1	0	1	1	false
3k_main_ceo_career_historical_jia_hua	3k_main_ceo_career_historical_jia_hua	1	0	1	1	false
3k_main_ceo_career_historical_jia_mei_title	3k_main_ceo_career_historical_jia_mei_title	1	0	1	1	false
3k_main_ceo_career_historical_jiang_gan	3k_main_ceo_career_historical_jiang_gan	1	0	1	1	false
3k_main_ceo_career_historical_jiang_gong	3k_main_ceo_career_historical_jiang_gong	1	0	1	1	false
3k_main_ceo_career_historical_jiang_qin	3k_main_ceo_career_historical_jiang_qin	1	0	1	1	false
3k_main_ceo_career_historical_jiang_shi	3k_main_ceo_career_historical_jiang_shi	1	0	1	1	false
3k_main_ceo_career_historical_jiang_wan_unique	3k_main_ceo_career_historical_jiang_wan_unique	1	0	1	1	false
3k_main_ceo_career_historical_jiao_yi	3k_main_ceo_career_historical_jiao_yi	1	0	1	1	false
3k_main_ceo_career_historical_jin_qi	3k_main_ceo_career_historical_jin_qi	1	0	1	1	false
3k_main_ceo_career_historical_jin_xuan_unique	3k_main_ceo_career_historical_jin_xuan_unique	1	0	1	1	false
3k_main_ceo_career_historical_jin_yi_title	3k_main_ceo_career_historical_jin_yi_title	1	0	1	1	false
3k_main_ceo_career_historical_jing_yi_title	3k_main_ceo_career_historical_jing_yi_title	1	0	1	1	false
3k_main_ceo_career_historical_jiong_mu	3k_main_ceo_career_historical_jiong_mu	1	0	1	1	false
3k_main_ceo_career_historical_ju_shou	3k_main_ceo_career_historical_ju_shou	1	0	1	1	false
3k_main_ceo_career_historical_jue_jiejie	3k_main_ceo_career_historical_jue_jiejie	1	0	1	1	false
3k_main_ceo_career_historical_jueji	3k_main_ceo_career_historical_jueji	1	0	1	1	false
3k_main_ceo_career_historical_kan_ze_ironic	3k_main_ceo_career_historical_kan_ze_ironic	1	0	1	1	false
3k_main_ceo_career_historical_kang_qinmeng_ironic	3k_main_ceo_career_historical_kang_qinmeng_ironic	1	0	1	1	false
3k_main_ceo_career_historical_ke_ren	3k_main_ceo_career_historical_ke_ren	1	0	1	1	false
3k_main_ceo_career_historical_ke_wu	3k_main_ceo_career_historical_ke_wu	1	0	1	1	false
3k_main_ceo_career_historical_kong_gui	3k_main_ceo_career_historical_kong_gui	1	0	1	1	false
3k_main_ceo_career_historical_kou_xiaolan_title_ironic	3k_main_ceo_career_historical_kou_xiaolan_title_ironic	1	0	1	1	false
3k_main_ceo_career_historical_kuai_liang	3k_main_ceo_career_historical_kuai_liang	1	0	1	1	false
3k_main_ceo_career_historical_kuai_qi_ironic	3k_main_ceo_career_historical_kuai_qi_ironic	1	0	1	1	false
3k_main_ceo_career_historical_kuai_yue	3k_main_ceo_career_historical_kuai_yue	1	0	1	1	false
3k_main_ceo_career_historical_kuang_gan_ironic	3k_main_ceo_career_historical_kuang_gan_ironic	1	0	1	1	false
3k_main_ceo_career_historical_lady_cai	3k_main_ceo_career_historical_lady_cai	1	0	1	1	false
3k_main_ceo_career_historical_lady_gan	3k_main_ceo_career_historical_lady_gan	1	0	1	1	false
3k_main_ceo_career_historical_lady_huang_xie	3k_main_ceo_career_historical_lady_huang_xie	1	0	1	1	false
3k_main_ceo_career_historical_lady_liu	3k_main_ceo_career_historical_lady_liu	1	0	1	1	false
3k_main_ceo_career_historical_lady_liu_huimin	3k_main_ceo_career_historical_lady_liu_huimin	1	0	1	1	false
3k_main_ceo_career_historical_lady_lu_yang	3k_main_ceo_career_historical_lady_lu_yang	1	0	1	1	false
3k_main_ceo_career_historical_lady_xiahou	3k_main_ceo_career_historical_lady_xiahou	1	0	1	1	false
3k_main_ceo_career_historical_lady_yan	3k_main_ceo_career_historical_lady_yan	1	0	1	1	false
3k_main_ceo_career_historical_lady_yang_di	3k_main_ceo_career_historical_lady_yang_di	1	0	1	1	false
3k_main_ceo_career_historical_lady_ze_deng	3k_main_ceo_career_historical_lady_ze_deng	1	0	1	1	false
3k_main_ceo_career_historical_lady_zhang_shangxiu	3k_main_ceo_career_historical_lady_zhang_shangxiu	1	0	1	1	false
3k_main_ceo_career_historical_lady_zhang_xiangyang	3k_main_ceo_career_historical_lady_zhang_xiangyang	1	0	1	1	false
3k_main_ceo_career_historical_lady_zhang_zhumeng	3k_main_ceo_career_historical_lady_zhang_zhumeng	1	0	1	1	false
3k_main_ceo_career_historical_lai_feng_title	3k_main_ceo_career_historical_lai_feng_title	1	0	1	1	false
3k_main_ceo_career_historical_lai_gong	3k_main_ceo_career_historical_lai_gong	1	0	1	1	false
3k_main_ceo_career_historical_lai_min_ironic	3k_main_ceo_career_historical_lai_min_ironic	1	0	1	1	false
3k_main_ceo_career_historical_lai_shuang_ironic	3k_main_ceo_career_historical_lai_shuang_ironic	1	0	1	1	false
3k_main_ceo_career_historical_lai_xun_unique	3k_main_ceo_career_historical_lai_xun_unique	1	0	1	1	false
3k_main_ceo_career_historical_lai_zu_title	3k_main_ceo_career_historical_lai_zu_title	1	0	1	1	false
3k_main_ceo_career_historical_lang_zhi	3k_main_ceo_career_historical_lang_zhi	1	0	1	1	false
3k_main_ceo_career_historical_lei_ding	3k_main_ceo_career_historical_lei_ding	1	0	1	1	false
3k_main_ceo_career_historical_lei_xu	3k_main_ceo_career_historical_lei_xu	1	0	1	1	false
3k_main_ceo_career_historical_leipan	3k_main_ceo_career_historical_leipan	1	0	1	1	false
3k_main_ceo_career_historical_leng_bao_unique	3k_main_ceo_career_historical_leng_bao_unique	1	0	1	1	false
3k_main_ceo_career_historical_li_chao_title	3k_main_ceo_career_historical_li_chao_title	1	0	1	1	false
3k_main_ceo_career_historical_li_damu	3k_main_ceo_career_historical_li_damu	1	0	1	1	false
3k_main_ceo_career_historical_li_feng_ironic	3k_main_ceo_career_historical_li_feng_ironic	1	0	1	1	false
3k_main_ceo_career_historical_li_fu_title	3k_main_ceo_career_historical_li_fu_title	1	0	1	1	false
3k_main_ceo_career_historical_li_gui	3k_main_ceo_career_historical_li_gui	1	0	1	1	false
3k_main_ceo_career_historical_li_huan_title	3k_main_ceo_career_historical_li_huan_title	1	0	1	1	false
3k_main_ceo_career_historical_li_hui_title	3k_main_ceo_career_historical_li_hui_title	1	0	1	1	false
3k_main_ceo_career_historical_li_hui_van_unique	3k_main_ceo_career_historical_li_hui_van_unique	1	0	1	1	false
3k_main_ceo_career_historical_li_kan	3k_main_ceo_career_historical_li_kan	1	0	1	1	false
3k_main_ceo_career_historical_li_le_ironic	3k_main_ceo_career_historical_li_le_ironic	1	0	1	1	false
3k_main_ceo_career_historical_li_li	3k_main_ceo_career_historical_li_li	1	0	1	1	false
3k_main_ceo_career_historical_li_meng_ironic	3k_main_ceo_career_historical_li_meng_ironic	1	0	1	1	false
3k_main_ceo_career_historical_li_miao_title	3k_main_ceo_career_historical_li_miao_title	1	0	1	1	false
3k_main_ceo_career_historical_li_qian_ironic	3k_main_ceo_career_historical_li_qian_ironic	1	0	1	1	false
3k_main_ceo_career_historical_li_quan_title	3k_main_ceo_career_historical_li_quan_title	1	0	1	1	false
3k_main_ceo_career_historical_li_shao_title	3k_main_ceo_career_historical_li_shao_title	1	0	1	1	false
3k_main_ceo_career_historical_li_shi_unique	3k_main_ceo_career_historical_li_shi_unique	1	0	1	1	false
3k_main_ceo_career_historical_li_shu	3k_main_ceo_career_historical_li_shu	1	0	1	1	false
3k_main_ceo_career_historical_li_si_title	3k_main_ceo_career_historical_li_si_title	1	0	1	1	false
3k_main_ceo_career_historical_li_su	3k_main_ceo_career_historical_li_su	1	0	1	1	false
3k_main_ceo_career_historical_li_tiao	3k_main_ceo_career_historical_li_tiao	1	0	1	1	false
3k_main_ceo_career_historical_li_tong	3k_main_ceo_career_historical_li_tong	1	0	1	1	false
3k_main_ceo_career_historical_li_xian	3k_main_ceo_career_historical_li_xian	1	0	1	1	false
3k_main_ceo_career_historical_li_yi_title	3k_main_ceo_career_historical_li_yi_title	1	0	1	1	false
3k_main_ceo_career_historical_li_ying	3k_main_ceo_career_historical_li_ying	1	0	1	1	false
3k_main_ceo_career_historical_li_yu	3k_main_ceo_career_historical_li_yu	1	0	1	1	false
3k_main_ceo_career_historical_lian_zhi	3k_main_ceo_career_historical_lian_zhi	1	0	1	1	false
3k_main_ceo_career_historical_liang_mao	3k_main_ceo_career_historical_liang_mao	1	0	1	1	false
3k_main_ceo_career_historical_liang_shuang	3k_main_ceo_career_historical_liang_shuang	1	0	1	1	false
3k_main_ceo_career_historical_liang_xing	3k_main_ceo_career_historical_liang_xing	1	0	1	1	false
3k_main_ceo_career_historical_liao_hua_ytr	3k_main_ceo_career_historical_liao_hua_ytr	1	0	1	1	false
3k_main_ceo_career_historical_liao_li_title	3k_main_ceo_career_historical_liao_li_title	1	0	1	1	false
3k_main_ceo_career_historical_liao_shi_title	3k_main_ceo_career_historical_liao_shi_title	1	0	1	1	false
3k_main_ceo_career_historical_ling_cao_ironic	3k_main_ceo_career_historical_ling_cao_ironic	1	0	1	1	false
3k_main_ceo_career_historical_ling_tong_fix	3k_main_ceo_career_historical_ling_tong_fix	1	0	1	1	false
3k_main_ceo_career_historical_ling_tong_ironic	3k_main_ceo_career_historical_ling_tong_ironic	1	0	1	1	false
3k_main_ceo_career_historical_linghu_na_unique	3k_main_ceo_career_historical_linghu_na_unique	1	0	1	1	false
3k_main_ceo_career_historical_linghu_qian	3k_main_ceo_career_historical_linghu_qian	1	0	1	1	false
3k_main_ceo_career_historical_liu_ai	3k_main_ceo_career_historical_liu_ai	1	0	1	1	false
3k_main_ceo_career_historical_liu_ba_unique_ironic	3k_main_ceo_career_historical_liu_ba_unique_ironic	1	0	1	1	false
3k_main_ceo_career_historical_liu_bao	3k_main_ceo_career_historical_liu_bao	1	0	1	1	false
3k_main_ceo_career_historical_liu_chan_title	3k_main_ceo_career_historical_liu_chan_title	1	0	1	1	false
3k_main_ceo_career_historical_liu_cong	3k_main_ceo_career_historical_liu_cong	1	0	1	1	false
3k_main_ceo_career_historical_liu_du_unique_ironic	3k_main_ceo_career_historical_liu_du_unique_ironic	1	0	1	1	false
3k_main_ceo_career_historical_liu_dun	3k_main_ceo_career_historical_liu_dun	1	0	1	1	false
3k_main_ceo_career_historical_liu_fu	3k_main_ceo_career_historical_liu_fu	1	0	1	1	false
3k_main_ceo_career_historical_liu_gui_unique	3k_main_ceo_career_historical_liu_gui_unique	1	0	1	1	false
3k_main_ceo_career_historical_liu_he	3k_main_ceo_career_historical_liu_he	1	0	1	1	false
3k_main_ceo_career_historical_liu_he_pirate	3k_main_ceo_career_historical_liu_he_pirate	1	0	1	1	false
3k_main_ceo_career_historical_liu_he_pirate_unique	3k_main_ceo_career_historical_liu_he_pirate_unique	1	0	1	1	false
3k_main_ceo_career_historical_liu_hu_title_ironic	3k_main_ceo_career_historical_liu_hu_title_ironic	1	0	1	1	false
3k_main_ceo_career_historical_liu_ji	3k_main_ceo_career_historical_liu_ji	1	0	1	1	false
3k_main_ceo_career_historical_liu_jin	3k_main_ceo_career_historical_liu_jin	1	0	1	1	false
3k_main_ceo_career_historical_liu_jing	3k_main_ceo_career_historical_liu_jing	1	0	1	1	false
3k_main_ceo_career_historical_liu_jue	3k_main_ceo_career_historical_liu_jue	1	0	1	1	false
3k_main_ceo_career_historical_liu_min	3k_main_ceo_career_historical_liu_min	1	0	1	1	false
3k_main_ceo_career_historical_liu_min_title	3k_main_ceo_career_historical_liu_min_title	1	0	1	1	false
3k_main_ceo_career_historical_liu_pan	3k_main_ceo_career_historical_liu_pan	1	0	1	1	false
3k_main_ceo_career_historical_liu_pi_unique	3k_main_ceo_career_historical_liu_pi_unique	1	0	1	1	false
3k_main_ceo_career_historical_liu_pingming	3k_main_ceo_career_historical_liu_pingming	1	0	1	1	false
3k_main_ceo_career_historical_liu_qi	3k_main_ceo_career_historical_liu_qi	1	0	1	1	false
3k_main_ceo_career_historical_liu_rui_title_ironic	3k_main_ceo_career_historical_liu_rui_title_ironic	1	0	1	1	false
3k_main_ceo_career_historical_liu_shang	3k_main_ceo_career_historical_liu_shang	1	0	1	1	false
3k_main_ceo_career_historical_liu_shuo	3k_main_ceo_career_historical_liu_shuo	1	0	1	1	false
3k_main_ceo_career_historical_liu_ting_title	3k_main_ceo_career_historical_liu_ting_title	1	0	1	1	false
3k_main_ceo_career_historical_liu_wei	3k_main_ceo_career_historical_liu_wei	1	0	1	1	false
3k_main_ceo_career_historical_liu_xi_title_ironic	3k_main_ceo_career_historical_liu_xi_title_ironic	1	0	1	1	false
3k_main_ceo_career_historical_liu_xian	3k_main_ceo_career_historical_liu_xian	1	0	1	1	false
3k_main_ceo_career_historical_liu_xian_unique_ironic	3k_main_ceo_career_historical_liu_xian_unique_ironic	1	0	1	1	false
3k_main_ceo_career_historical_liu_xie_zitai	3k_main_ceo_career_historical_liu_xie_zitai	1	0	1	1	false
3k_main_ceo_career_historical_liu_xiu	3k_main_ceo_career_historical_liu_xiu	1	0	1	1	false
3k_main_ceo_career_historical_liu_xun	3k_main_ceo_career_historical_liu_xun	1	0	1	1	false
3k_main_ceo_career_historical_liu_xun_zitai	3k_main_ceo_career_historical_liu_xun_zitai	1	0	1	1	false
3k_main_ceo_career_historical_liu_yan_drunk	3k_main_ceo_career_historical_liu_yan_drunk	1	0	1	1	false
3k_main_ceo_career_historical_liu_yan_title_ironic	3k_main_ceo_career_historical_liu_yan_title_ironic	1	0	1	1	false
3k_main_ceo_career_historical_liu_ye	3k_main_ceo_career_historical_liu_ye	1	0	1	1	false
3k_main_ceo_career_historical_liu_yi	3k_main_ceo_career_historical_liu_yi	1	0	1	1	false
3k_main_ceo_career_historical_liu_yi_ironic	3k_main_ceo_career_historical_liu_yi_ironic	1	0	1	1	false
3k_main_ceo_career_historical_liu_zan	3k_main_ceo_career_historical_liu_zan	1	0	1	1	false
3k_main_ceo_career_historical_liu_zhen_ironic	3k_main_ceo_career_historical_liu_zhen_ironic	1	0	1	1	false
3k_main_ceo_career_historical_lou_fa	3k_main_ceo_career_historical_lou_fa	1	0	1	1	false
3k_main_ceo_career_historical_lou_gui	3k_main_ceo_career_historical_lou_gui	1	0	1	1	false
3k_main_ceo_career_historical_lu_bing	3k_main_ceo_career_historical_lu_bing	1	0	1	1	false
3k_main_ceo_career_historical_lu_bing_ironic	3k_main_ceo_career_historical_lu_bing_ironic	1	0	1	1	false
3k_main_ceo_career_historical_lu_dai	3k_main_ceo_career_historical_lu_dai	1	0	1	1	false
3k_main_ceo_career_historical_lu_dang_ironic	3k_main_ceo_career_historical_lu_dang_ironic	1	0	1	1	false
3k_main_ceo_career_historical_lu_fan_ironic	3k_main_ceo_career_historical_lu_fan_ironic	1	0	1	1	false
3k_main_ceo_career_historical_lu_fei_ironic	3k_main_ceo_career_historical_lu_fei_ironic	1	0	1	1	false
3k_main_ceo_career_historical_lu_gong	3k_main_ceo_career_historical_lu_gong	1	0	1	1	false
3k_main_ceo_career_historical_lu_he	3k_main_ceo_career_historical_lu_he	1	0	1	1	false
3k_main_ceo_career_historical_lu_he_title	3k_main_ceo_career_historical_lu_he_title	1	0	1	1	false
3k_main_ceo_career_historical_lu_ji	3k_main_ceo_career_historical_lu_ji	1	0	1	1	false
3k_main_ceo_career_historical_lu_ju	3k_main_ceo_career_historical_lu_ju	1	0	1	1	false
3k_main_ceo_career_historical_lu_jun	3k_main_ceo_career_historical_lu_jun	1	0	1	1	false
3k_main_ceo_career_historical_lu_kang	3k_main_ceo_career_historical_lu_kang	1	0	1	1	false
3k_main_ceo_career_historical_lu_mao_ironic	3k_main_ceo_career_historical_lu_mao_ironic	1	0	1	1	false
3k_main_ceo_career_historical_lu_mei_ironic	3k_main_ceo_career_historical_lu_mei_ironic	1	0	1	1	false
3k_main_ceo_career_historical_lu_meng_unique_ironic	3k_main_ceo_career_historical_lu_meng_unique_ironic	1	0	1	1	false
3k_main_ceo_career_historical_lu_qian	3k_main_ceo_career_historical_lu_qian	1	0	1	1	false
3k_main_ceo_career_historical_lu_shang	3k_main_ceo_career_historical_lu_shang	1	0	1	1	false
3k_main_ceo_career_historical_lu_xu_ironic	3k_main_ceo_career_historical_lu_xu_ironic	1	0	1	1	false
3k_main_ceo_career_historical_lu_yi_title_ironic	3k_main_ceo_career_historical_lu_yi_title_ironic	1	0	1	1	false
3k_main_ceo_career_historical_lu_yu_ironic	3k_main_ceo_career_historical_lu_yu_ironic	1	0	1	1	false
3k_main_ceo_career_historical_lu_yu_ironic_water	3k_main_ceo_career_historical_lu_yu_ironic_water	1	0	1	1	false
3k_main_ceo_career_historical_luo_li_title	3k_main_ceo_career_historical_luo_li_title	1	0	1	1	false
3k_main_ceo_career_historical_lü_you_ironic	3k_main_ceo_career_historical_lü_you_ironic	1	0	1	1	false
3k_main_ceo_career_historical_ma_ai	3k_main_ceo_career_historical_ma_ai	1	0	1	1	false
3k_main_ceo_career_historical_ma_han_title	3k_main_ceo_career_historical_ma_han_title	1	0	1	1	false
3k_main_ceo_career_historical_ma_liang_unique_ironic	3k_main_ceo_career_historical_ma_liang_unique_ironic	1	0	1	1	false
3k_main_ceo_career_historical_ma_midi	3k_main_ceo_career_historical_ma_midi	1	0	1	1	false
3k_main_ceo_career_historical_ma_qin_title	3k_main_ceo_career_historical_ma_qin_title	1	0	1	1	false
3k_main_ceo_career_historical_ma_su_unique_ironic	3k_main_ceo_career_historical_ma_su_unique_ironic	1	0	1	1	false
3k_main_ceo_career_historical_ma_wan	3k_main_ceo_career_historical_ma_wan	1	0	1	1	false
3k_main_ceo_career_historical_ma_xun_title	3k_main_ceo_career_historical_ma_xun_title	1	0	1	1	false
3k_main_ceo_career_historical_ma_zhong_unique	3k_main_ceo_career_historical_ma_zhong_unique	1	0	1	1	false
3k_main_ceo_career_historical_mao_gan_ironic	3k_main_ceo_career_historical_mao_gan_ironic	1	0	1	1	false
3k_main_ceo_career_historical_mao_jie	3k_main_ceo_career_historical_mao_jie	1	0	1	1	false
3k_main_ceo_career_historical_mao_jun	3k_main_ceo_career_historical_mao_jun	1	0	1	1	false
3k_main_ceo_career_historical_mei_cheng	3k_main_ceo_career_historical_mei_cheng	1	0	1	1	false
3k_main_ceo_career_historical_meng_da	3k_main_ceo_career_historical_meng_da	1	0	1	1	false
3k_main_ceo_career_historical_meng_guang_title	3k_main_ceo_career_historical_meng_guang_title	1	0	1	1	false
3k_main_ceo_career_historical_mi_fang	3k_main_ceo_career_historical_mi_fang	1	0	1	1	false
3k_main_ceo_career_historical_miao_shang_ironic	3k_main_ceo_career_historical_miao_shang_ironic	1	0	1	1	false
3k_main_ceo_career_historical_miao_wanwan	3k_main_ceo_career_historical_miao_wanwan	1	0	1	1	false
3k_main_ceo_career_historical_mike	3k_main_ceo_career_historical_mike	1	0	1	1	false
3k_main_ceo_career_historical_min_chun_ironic	3k_main_ceo_career_historical_min_chun_ironic	1	0	1	1	false
3k_main_ceo_career_historical_mou_rong_title	3k_main_ceo_career_historical_mou_rong_title	1	0	1	1	false
3k_main_ceo_career_historical_mu_shun_ironic	3k_main_ceo_career_historical_mu_shun_ironic	1	0	1	1	false
3k_main_ceo_career_historical_nangong_xinyu_unique	3k_main_ceo_career_historical_nangong_xinyu_unique	1	0	1	1	false
3k_main_ceo_career_historical_nangong_zixiao_unique	3k_main_ceo_career_historical_nangong_zixiao_unique	1	0	1	1	false
3k_main_ceo_career_historical_nanlou	3k_main_ceo_career_historical_nanlou	1	0	1	1	false
3k_main_ceo_career_historical_ni_kan_ironic	3k_main_ceo_career_historical_ni_kan_ironic	1	0	1	1	false
3k_main_ceo_career_historical_ni_lu_ironic	3k_main_ceo_career_historical_ni_lu_ironic	1	0	1	1	false
3k_main_ceo_career_historical_ni_nu_title	3k_main_ceo_career_historical_ni_nu_title	1	0	1	1	false
3k_main_ceo_career_historical_ni_nü_ironic	3k_main_ceo_career_historical_ni_nü_ironic	1	0	1	1	false
3k_main_ceo_career_historical_ni_xiaode_ironic	3k_main_ceo_career_historical_ni_xiaode_ironic	1	0	1	1	false
3k_main_ceo_career_historical_ni_xiaode_unique	3k_main_ceo_career_historical_ni_xiaode_unique	1	0	1	1	false
3k_main_ceo_career_historical_nie_tingping	3k_main_ceo_career_historical_nie_tingping	1	0	1	1	false
3k_main_ceo_career_historical_niu_dan_title_ironic	3k_main_ceo_career_historical_niu_dan_title_ironic	1	0	1	1	false
3k_main_ceo_career_historical_niu_fu	3k_main_ceo_career_historical_niu_fu	1	0	1	1	false
3k_main_ceo_career_historical_niu_wei_title_ironic	3k_main_ceo_career_historical_niu_wei_title_ironic	1	0	1	1	false
3k_main_ceo_career_historical_ouhou_cai	3k_main_ceo_career_historical_ouhou_cai	1	0	1	1	false
3k_main_ceo_career_historical_ouyang_su_ironic	3k_main_ceo_career_historical_ouyang_su_ironic	1	0	1	1	false
3k_main_ceo_career_historical_pan_juan	3k_main_ceo_career_historical_pan_juan	1	0	1	1	false
3k_main_ceo_career_historical_pan_jun_unique	3k_main_ceo_career_historical_pan_jun_unique	1	0	1	1	false
3k_main_ceo_career_historical_pan_ke	3k_main_ceo_career_historical_pan_ke	1	0	1	1	false
3k_main_ceo_career_historical_pan_lin	3k_main_ceo_career_historical_pan_lin	1	0	1	1	false
3k_main_ceo_career_historical_pan_man	3k_main_ceo_career_historical_pan_man	1	0	1	1	false
3k_main_ceo_career_historical_pan_miao_title	3k_main_ceo_career_historical_pan_miao_title	1	0	1	1	false
3k_main_ceo_career_historical_pan_shun	3k_main_ceo_career_historical_pan_shun	1	0	1	1	false
3k_main_ceo_career_historical_pan_xin_title	3k_main_ceo_career_historical_pan_xin_title	1	0	1	1	false
3k_main_ceo_career_historical_pan_zhang_ironic	3k_main_ceo_career_historical_pan_zhang_ironic	1	0	1	1	false
3k_main_ceo_career_historical_pang_degong_ironic	3k_main_ceo_career_historical_pang_degong_ironic	1	0	1	1	false
3k_main_ceo_career_historical_pang_degong_ironic_water	3k_main_ceo_career_historical_pang_degong_ironic_water	1	0	1	1	false
3k_main_ceo_career_historical_pang_ji`	3k_main_ceo_career_historical_pang_ji`	1	0	1	1	false
3k_main_ceo_career_historical_pang_le_title	3k_main_ceo_career_historical_pang_le_title	1	0	1	1	false
3k_main_ceo_career_historical_pang_shanmin_ironic	3k_main_ceo_career_historical_pang_shanmin_ironic	1	0	1	1	false
3k_main_ceo_career_historical_pang_yu	3k_main_ceo_career_historical_pang_yu	1	0	1	1	false
3k_main_ceo_career_historical_pei_qian_title_ironic	3k_main_ceo_career_historical_pei_qian_title_ironic	1	0	1	1	false
3k_main_ceo_career_historical_peng_cai	3k_main_ceo_career_historical_peng_cai	1	0	1	1	false
3k_main_ceo_career_historical_peng_hu_ironic	3k_main_ceo_career_historical_peng_hu_ironic	1	0	1	1	false
3k_main_ceo_career_historical_peng_shi_title	3k_main_ceo_career_historical_peng_shi_title	1	0	1	1	false
3k_main_ceo_career_historical_puyang_lian_ironic	3k_main_ceo_career_historical_puyang_lian_ironic	1	0	1	1	false
3k_main_ceo_career_historical_puyang_yi_ironic	3k_main_ceo_career_historical_puyang_yi_ironic	1	0	1	1	false
3k_main_ceo_career_historical_qian_bo_ironic	3k_main_ceo_career_historical_qian_bo_ironic	1	0	1	1	false
3k_main_ceo_career_historical_qian_bo_title	3k_main_ceo_career_historical_qian_bo_title	1	0	1	1	false
3k_main_ceo_career_historical_qian_tong	3k_main_ceo_career_historical_qian_tong	1	0	1	1	false
3k_main_ceo_career_historical_qian_zhao_ironic	3k_main_ceo_career_historical_qian_zhao_ironic	1	0	1	1	false
3k_main_ceo_career_historical_qiang_duan	3k_main_ceo_career_historical_qiang_duan	1	0	1	1	false
3k_main_ceo_career_historical_qimu_kai	3k_main_ceo_career_historical_qimu_kai	1	0	1	1	false
3k_main_ceo_career_historical_qin_lang	3k_main_ceo_career_historical_qin_lang	1	0	1	1	false
3k_main_ceo_career_historical_qin_mi_title	3k_main_ceo_career_historical_qin_mi_title	1	0	1	1	false
3k_main_ceo_career_historical_qin_song	3k_main_ceo_career_historical_qin_song	1	0	1	1	false
3k_main_ceo_career_historical_qin_yilu	3k_main_ceo_career_historical_qin_yilu	1	0	1	1	false
3k_main_ceo_career_historical_qu_chuntao	3k_main_ceo_career_historical_qu_chuntao	1	0	1	1	false
3k_main_ceo_career_historical_qu_jing_title	3k_main_ceo_career_historical_qu_jing_title	1	0	1	1	false
3k_main_ceo_career_historical_qu_pan	3k_main_ceo_career_historical_qu_pan	1	0	1	1	false
3k_main_ceo_career_historical_qu_yan	3k_main_ceo_career_historical_qu_yan	1	0	1	1	false
3k_main_ceo_career_historical_qu_yi	3k_main_ceo_career_historical_qu_yi	1	0	1	1	false
3k_main_ceo_career_historical_quan_rou	3k_main_ceo_career_historical_quan_rou	1	0	1	1	false
3k_main_ceo_career_historical_qubei	3k_main_ceo_career_historical_qubei	1	0	1	1	false
3k_main_ceo_career_historical_que_xuan_ironic	3k_main_ceo_career_historical_que_xuan_ironic	1	0	1	1	false
3k_main_ceo_career_historical_ren_an_title	3k_main_ceo_career_historical_ren_an_title	1	0	1	1	false
3k_main_ceo_career_historical_rong_fang_ironic	3k_main_ceo_career_historical_rong_fang_ironic	1	0	1	1	false
3k_main_ceo_career_historical_ru_xun_title	3k_main_ceo_career_historical_ru_xun_title	1	0	1	1	false
3k_main_ceo_career_historical_ruan_ji	3k_main_ceo_career_historical_ruan_ji	1	0	1	1	false
3k_main_ceo_career_historical_rui_liang_ironic	3k_main_ceo_career_historical_rui_liang_ironic	1	0	1	1	false
3k_main_ceo_career_historical_rui_xuan_ironic	3k_main_ceo_career_historical_rui_xuan_ironic	1	0	1	1	false
3k_main_ceo_career_historical_rui_zhi_ironic	3k_main_ceo_career_historical_rui_zhi_ironic	1	0	1	1	false
3k_main_ceo_career_historical_shan_jing_ironic	3k_main_ceo_career_historical_shan_jing_ironic	1	0	1	1	false
3k_main_ceo_career_historical_shang_sheng	3k_main_ceo_career_historical_shang_sheng	1	0	1	1	false
3k_main_ceo_career_historical_she_jian_title_ironic	3k_main_ceo_career_historical_she_jian_title_ironic	1	0	1	1	false
3k_main_ceo_career_historical_she_yuan_title_ironic	3k_main_ceo_career_historical_she_yuan_title_ironic	1	0	1	1	false
3k_main_ceo_career_historical_shen_cheng	3k_main_ceo_career_historical_shen_cheng	1	0	1	1	false
3k_main_ceo_career_historical_shen_dan_title	3k_main_ceo_career_historical_shen_dan_title	1	0	1	1	false
3k_main_ceo_career_historical_shen_mi	3k_main_ceo_career_historical_shen_mi	1	0	1	1	false
3k_main_ceo_career_historical_shen_yi_title	3k_main_ceo_career_historical_shen_yi_title	1	0	1	1	false
3k_main_ceo_career_historical_sheng_dao_unique	3k_main_ceo_career_historical_sheng_dao_unique	1	0	1	1	false
3k_main_ceo_career_historical_sheng_kuang_ironic	3k_main_ceo_career_historical_sheng_kuang_ironic	1	0	1	1	false
3k_main_ceo_career_historical_sheng_mai_ironic	3k_main_ceo_career_historical_sheng_mai_ironic	1	0	1	1	false
3k_main_ceo_career_historical_shentu_xiang_title	3k_main_ceo_career_historical_shentu_xiang_title	1	0	1	1	false
3k_main_ceo_career_historical_shi_caiwei_title	3k_main_ceo_career_historical_shi_caiwei_title	1	0	1	1	false
3k_main_ceo_career_historical_shi_changchang_title_ironic	3k_main_ceo_career_historical_shi_changchang_title_ironic	1	0	1	1	false
3k_main_ceo_career_historical_shi_en_title_ironic	3k_main_ceo_career_historical_shi_en_title_ironic	1	0	1	1	false
3k_main_ceo_career_historical_shi_fen_unique	3k_main_ceo_career_historical_shi_fen_unique	1	0	1	1	false
3k_main_ceo_career_historical_shi_gan_title	3k_main_ceo_career_historical_shi_gan_title	1	0	1	1	false
3k_main_ceo_career_historical_shi_han_title	3k_main_ceo_career_historical_shi_han_title	1	0	1	1	false
3k_main_ceo_career_historical_shi_huan	3k_main_ceo_career_historical_shi_huan	1	0	1	1	false
3k_main_ceo_career_historical_shi_huang_sg	3k_main_ceo_career_historical_shi_huang_sg	1	0	1	1	false
3k_main_ceo_career_historical_shi_hui_unique	3k_main_ceo_career_historical_shi_hui_unique	1	0	1	1	false
3k_main_ceo_career_historical_shi_kuang_unique	3k_main_ceo_career_historical_shi_kuang_unique	1	0	1	1	false
3k_main_ceo_career_historical_shi_lihua_title	3k_main_ceo_career_historical_shi_lihua_title	1	0	1	1	false
3k_main_ceo_career_historical_shi_qi_title_ironic	3k_main_ceo_career_historical_shi_qi_title_ironic	1	0	1	1	false
3k_main_ceo_career_historical_shi_ren_ironic	3k_main_ceo_career_historical_shi_ren_ironic	1	0	1	1	false
3k_main_ceo_career_historical_shi_song_title	3k_main_ceo_career_historical_shi_song_title	1	0	1	1	false
3k_main_ceo_career_historical_shi_wei_unique	3k_main_ceo_career_historical_shi_wei_unique	1	0	1	1	false
3k_main_ceo_career_historical_shi_wu_unique	3k_main_ceo_career_historical_shi_wu_unique	1	0	1	1	false
3k_main_ceo_career_historical_shi_xin_unique	3k_main_ceo_career_historical_shi_xin_unique	1	0	1	1	false
3k_main_ceo_career_historical_shi_yi_unique	3k_main_ceo_career_historical_shi_yi_unique	1	0	1	1	false
3k_main_ceo_career_historical_shi_yi_w	3k_main_ceo_career_historical_shi_yi_w	1	0	1	1	false
3k_main_ceo_career_historical_shi_zin_unique	3k_main_ceo_career_historical_shi_zin_unique	1	0	1	1	false
3k_main_ceo_career_historical_shu_shao_ironic	3k_main_ceo_career_historical_shu_shao_ironic	1	0	1	1	false
3k_main_ceo_career_historical_si_cong_ironic	3k_main_ceo_career_historical_si_cong_ironic	1	0	1	1	false
3k_main_ceo_career_historical_sima_hui_ironic	3k_main_ceo_career_historical_sima_hui_ironic	1	0	1	1	false
3k_main_ceo_career_historical_sima_hui_ironic_water	3k_main_ceo_career_historical_sima_hui_ironic_water	1	0	1	1	false
3k_main_ceo_career_historical_sima_ju_ytr	3k_main_ceo_career_historical_sima_ju_ytr	1	0	1	1	false
3k_main_ceo_career_historical_sima_zhi_title_ironic	3k_main_ceo_career_historical_sima_zhi_title_ironic	1	0	1	1	false
3k_main_ceo_career_historical_song_qian_ironic	3k_main_ceo_career_historical_song_qian_ironic	1	0	1	1	false
3k_main_ceo_career_historical_song_shurou_title_ironic	3k_main_ceo_career_historical_song_shurou_title_ironic	1	0	1	1	false
3k_main_ceo_career_historical_song_zhong	3k_main_ceo_career_historical_song_zhong	1	0	1	1	false
3k_main_ceo_career_historical_su_dai	3k_main_ceo_career_historical_su_dai	1	0	1	1	false
3k_main_ceo_career_historical_su_dai_unique	3k_main_ceo_career_historical_su_dai_unique	1	0	1	1	false
3k_main_ceo_career_historical_su_fei	3k_main_ceo_career_historical_su_fei	1	0	1	1	false
3k_main_ceo_career_historical_su_kelan	3k_main_ceo_career_historical_su_kelan	1	0	1	1	false
3k_main_ceo_career_historical_su_ping	3k_main_ceo_career_historical_su_ping	1	0	1	1	false
3k_main_ceo_career_historical_su_ze	3k_main_ceo_career_historical_su_ze	1	0	1	1	false
3k_main_ceo_career_historical_sui_chun_title	3k_main_ceo_career_historical_sui_chun_title	1	0	1	1	false
3k_main_ceo_career_historical_sui_gu	3k_main_ceo_career_historical_sui_gu	1	0	1	1	false
3k_main_ceo_career_historical_sun_ben	3k_main_ceo_career_historical_sun_ben	1	0	1	1	false
3k_main_ceo_career_historical_sun_deng	3k_main_ceo_career_historical_sun_deng	1	0	1	1	false
3k_main_ceo_career_historical_sun_fu	3k_main_ceo_career_historical_sun_fu	1	0	1	1	false
3k_main_ceo_career_historical_sun_guan	3k_main_ceo_career_historical_sun_guan	1	0	1	1	false
3k_main_ceo_career_historical_sun_hao	3k_main_ceo_career_historical_sun_hao	1	0	1	1	false
3k_main_ceo_career_historical_sun_he	3k_main_ceo_career_historical_sun_he	1	0	1	1	false
3k_main_ceo_career_historical_sun_jiao	3k_main_ceo_career_historical_sun_jiao	1	0	1	1	false
3k_main_ceo_career_historical_sun_jing	3k_main_ceo_career_historical_sun_jing	1	0	1	1	false
3k_main_ceo_career_historical_sun_kuang	3k_main_ceo_career_historical_sun_kuang	1	0	1	1	false
3k_main_ceo_career_historical_sun_lang	3k_main_ceo_career_historical_sun_lang	1	0	1	1	false
3k_main_ceo_career_historical_sun_shao	3k_main_ceo_career_historical_sun_shao	1	0	1	1	false
3k_main_ceo_career_historical_sun_shao_sun	3k_main_ceo_career_historical_sun_shao_sun	1	0	1	1	false
3k_main_ceo_career_historical_sun_shi_ironic	3k_main_ceo_career_historical_sun_shi_ironic	1	0	1	1	false
3k_main_ceo_career_historical_sun_yi	3k_main_ceo_career_historical_sun_yi	1	0	1	1	false
3k_main_ceo_career_historical_sun_yu	3k_main_ceo_career_historical_sun_yu	1	0	1	1	false
3k_main_ceo_career_historical_supuyan	3k_main_ceo_career_historical_supuyan	1	0	1	1	false
3k_main_ceo_career_historical_syiyan	3k_main_ceo_career_historical_syiyan	1	0	1	1	false
3k_main_ceo_career_historical_tadun	3k_main_ceo_career_historical_tadun	1	0	1	1	false
3k_main_ceo_career_historical_tao_shang	3k_main_ceo_career_historical_tao_shang	1	0	1	1	false
3k_main_ceo_career_historical_tao_ying	3k_main_ceo_career_historical_tao_ying	1	0	1	1	false
3k_main_ceo_career_historical_teng_dan	3k_main_ceo_career_historical_teng_dan	1	0	1	1	false
3k_main_ceo_career_historical_teng_ling	3k_main_ceo_career_historical_teng_ling	1	0	1	1	false
3k_main_ceo_career_historical_teng_zhou	3k_main_ceo_career_historical_teng_zhou	1	0	1	1	false
3k_main_ceo_career_historical_tian_chou	3k_main_ceo_career_historical_tian_chou	1	0	1	1	false
3k_main_ceo_career_historical_tian_kai	3k_main_ceo_career_historical_tian_kai	1	0	1	1	false
3k_main_ceo_career_historical_tian_le	3k_main_ceo_career_historical_tian_le	1	0	1	1	false
3k_main_ceo_career_historical_tian_yu	3k_main_ceo_career_historical_tian_yu	1	0	1	1	false
3k_main_ceo_career_historical_tong_jie	3k_main_ceo_career_historical_tong_jie	1	0	1	1	false
3k_main_ceo_career_historical_tong_jie_unique	3k_main_ceo_career_historical_tong_jie_unique	1	0	1	1	false
3k_main_ceo_career_historical_tong_yang	3k_main_ceo_career_historical_tong_yang	1	0	1	1	false
3k_main_ceo_career_historical_tong_yin	3k_main_ceo_career_historical_tong_yin	1	0	1	1	false
3k_main_ceo_career_historical_tong_you	3k_main_ceo_career_historical_tong_you	1	0	1	1	false
3k_main_ceo_career_historical_tong_yurui	3k_main_ceo_career_historical_tong_yurui	1	0	1	1	false
3k_main_ceo_career_historical_tong_zhi	3k_main_ceo_career_historical_tong_zhi	1	0	1	1	false
3k_main_ceo_career_historical_tufa_pigu	3k_main_ceo_career_historical_tufa_pigu	1	0	1	1	false
3k_main_ceo_career_historical_tuoba_jiefan	3k_main_ceo_career_historical_tuoba_jiefan	1	0	1	1	false
3k_main_ceo_career_historical_tuoba_liwei	3k_main_ceo_career_historical_tuoba_liwei	1	0	1	1	false
3k_main_ceo_career_historical_wan_bing_ironic	3k_main_ceo_career_historical_wan_bing_ironic	1	0	1	1	false
3k_main_ceo_career_historical_wan_yan_ironic	3k_main_ceo_career_historical_wan_yan_ironic	1	0	1	1	false
3k_main_ceo_career_historical_wang_baolan	3k_main_ceo_career_historical_wang_baolan	1	0	1	1	false
3k_main_ceo_career_historical_wang_can_title_ironic	3k_main_ceo_career_historical_wang_can_title_ironic	1	0	1	1	false
3k_main_ceo_career_historical_wang_dang	3k_main_ceo_career_historical_wang_dang	1	0	1	1	false
3k_main_ceo_career_historical_wang_fangyue	3k_main_ceo_career_historical_wang_fangyue	1	0	1	1	false
3k_main_ceo_career_historical_wang_feng	3k_main_ceo_career_historical_wang_feng	1	0	1	1	false
3k_main_ceo_career_historical_wang_fu_stra_unique	3k_main_ceo_career_historical_wang_fu_stra_unique	1	0	1	1	false
3k_main_ceo_career_historical_wang_fu_unique	3k_main_ceo_career_historical_wang_fu_unique	1	0	1	1	false
3k_main_ceo_career_historical_wang_gong_ironic	3k_main_ceo_career_historical_wang_gong_ironic	1	0	1	1	false
3k_main_ceo_career_historical_wang_hai	3k_main_ceo_career_historical_wang_hai	1	0	1	1	false
3k_main_ceo_career_historical_wang_hong	3k_main_ceo_career_historical_wang_hong	1	0	1	1	false
3k_main_ceo_career_historical_wang_jin	3k_main_ceo_career_historical_wang_jin	1	0	1	1	false
3k_main_ceo_career_historical_wang_kai_ironic	3k_main_ceo_career_historical_wang_kai_ironic	1	0	1	1	false
3k_main_ceo_career_historical_wang_kai_title_ironic	3k_main_ceo_career_historical_wang_kai_title_ironic	1	0	1	1	false
3k_main_ceo_career_historical_wang_lanlan	3k_main_ceo_career_historical_wang_lanlan	1	0	1	1	false
3k_main_ceo_career_historical_wang_lei_unique	3k_main_ceo_career_historical_wang_lei_unique	1	0	1	1	false
3k_main_ceo_career_historical_wang_lian_title	3k_main_ceo_career_historical_wang_lian_title	1	0	1	1	false
3k_main_ceo_career_historical_wang_lie_ironic	3k_main_ceo_career_historical_wang_lie_ironic	1	0	1	1	false
3k_main_ceo_career_historical_wang_men_ironic	3k_main_ceo_career_historical_wang_men_ironic	1	0	1	1	false
3k_main_ceo_career_historical_wang_mou_title	3k_main_ceo_career_historical_wang_mou_title	1	0	1	1	false
3k_main_ceo_career_historical_wang_ping	3k_main_ceo_career_historical_wang_ping	1	0	1	1	false
3k_main_ceo_career_historical_wang_qian_title_ironic	3k_main_ceo_career_historical_wang_qian_title_ironic	1	0	1	1	false
3k_main_ceo_career_historical_wang_shang_title	3k_main_ceo_career_historical_wang_shang_title	1	0	1	1	false
3k_main_ceo_career_historical_wang_sheng	3k_main_ceo_career_historical_wang_sheng	1	0	1	1	false
3k_main_ceo_career_historical_wang_shi_unique	3k_main_ceo_career_historical_wang_shi_unique	1	0	1	1	false
3k_main_ceo_career_historical_wang_song	3k_main_ceo_career_historical_wang_song	1	0	1	1	false
3k_main_ceo_career_historical_wang_su_ironic	3k_main_ceo_career_historical_wang_su_ironic	1	0	1	1	false
3k_main_ceo_career_historical_wang_wei	3k_main_ceo_career_historical_wang_wei	1	0	1	1	false
3k_main_ceo_career_historical_wang_xian_title	3k_main_ceo_career_historical_wang_xian_title	1	0	1	1	false
3k_main_ceo_career_historical_wang_xian_unique	3k_main_ceo_career_historical_wang_xian_unique	1	0	1	1	false
3k_main_ceo_career_historical_wang_xiang	3k_main_ceo_career_historical_wang_xiang	1	0	1	1	false
3k_main_ceo_career_historical_wang_xiang_unique_ironic	3k_main_ceo_career_historical_wang_xiang_unique_ironic	1	0	1	1	false
3k_main_ceo_career_historical_wang_yu	3k_main_ceo_career_historical_wang_yu	1	0	1	1	false
3k_main_ceo_career_historical_wang_zifu_ironic	3k_main_ceo_career_historical_wang_zifu_ironic	1	0	1	1	false
3k_main_ceo_career_historical_wangdong	3k_main_ceo_career_historical_wangdong	1	0	1	1	false
3k_main_ceo_career_historical_wei_dan	3k_main_ceo_career_historical_wei_dan	1	0	1	1	false
3k_main_ceo_career_historical_wei_duan_ironic	3k_main_ceo_career_historical_wei_duan_ironic	1	0	1	1	false
3k_main_ceo_career_historical_wei_gu_ironic	3k_main_ceo_career_historical_wei_gu_ironic	1	0	1	1	false
3k_main_ceo_career_historical_wei_huang	3k_main_ceo_career_historical_wei_huang	1	0	1	1	false
3k_main_ceo_career_historical_wei_kang	3k_main_ceo_career_historical_wei_kang	1	0	1	1	false
3k_main_ceo_career_historical_wei_qian_ironic	3k_main_ceo_career_historical_wei_qian_ironic	1	0	1	1	false
3k_main_ceo_career_historical_wei_you	3k_main_ceo_career_historical_wei_you	1	0	1	1	false
3k_main_ceo_career_historical_wei_zi_ironic	3k_main_ceo_career_historical_wei_zi_ironic	1	0	1	1	false
3k_main_ceo_career_historical_wen_gong_title	3k_main_ceo_career_historical_wen_gong_title	1	0	1	1	false
3k_main_ceo_career_historical_wen_ji_ironic	3k_main_ceo_career_historical_wen_ji_ironic	1	0	1	1	false
3k_main_ceo_career_historical_wen_pin	3k_main_ceo_career_historical_wen_pin	1	0	1	1	false
3k_main_ceo_career_historical_wen_qin_ironic	3k_main_ceo_career_historical_wen_qin_ironic	1	0	1	1	false
3k_main_ceo_career_historical_wen_ying_title_ironic	3k_main_ceo_career_historical_wen_ying_title_ironic	1	0	1	1	false
3k_main_ceo_career_historical_wu_can_ironic	3k_main_ceo_career_historical_wu_can_ironic	1	0	1	1	false
3k_main_ceo_career_historical_wu_chen_unique	3k_main_ceo_career_historical_wu_chen_unique	1	0	1	1	false
3k_main_ceo_career_historical_wu_dang	3k_main_ceo_career_historical_wu_dang	1	0	1	1	false
3k_main_ceo_career_historical_wu_dun_ironic	3k_main_ceo_career_historical_wu_dun_ironic	1	0	1	1	false
3k_main_ceo_career_historical_wu_fan_ironic	3k_main_ceo_career_historical_wu_fan_ironic	1	0	1	1	false
3k_main_ceo_career_historical_wu_fen_ironic	3k_main_ceo_career_historical_wu_fen_ironic	1	0	1	1	false
3k_main_ceo_career_historical_wu_huan_ytr	3k_main_ceo_career_historical_wu_huan_ytr	1	0	1	1	false
3k_main_ceo_career_historical_wu_jing_ironic	3k_main_ceo_career_historical_wu_jing_ironic	1	0	1	1	false
3k_main_ceo_career_historical_wu_ju	3k_main_ceo_career_historical_wu_ju	1	0	1	1	false
3k_main_ceo_career_historical_wu_lan_title	3k_main_ceo_career_historical_wu_lan_title	1	0	1	1	false
3k_main_ceo_career_historical_wu_mai_title	3k_main_ceo_career_historical_wu_mai_title	1	0	1	1	false
3k_main_ceo_career_historical_wu_mian_ironic	3k_main_ceo_career_historical_wu_mian_ironic	1	0	1	1	false
3k_main_ceo_career_historical_wu_qi_ironic	3k_main_ceo_career_historical_wu_qi_ironic	1	0	1	1	false
3k_main_ceo_career_historical_wu_wu	3k_main_ceo_career_historical_wu_wu	1	0	1	1	false
3k_main_ceo_career_historical_wu_xi_ironic	3k_main_ceo_career_historical_wu_xi_ironic	1	0	1	1	false
3k_main_ceo_career_historical_wu_xi_title	3k_main_ceo_career_historical_wu_xi_title	1	0	1	1	false
3k_main_ceo_career_historical_wu_xiang_title	3k_main_ceo_career_historical_wu_xiang_title	1	0	1	1	false
3k_main_ceo_career_historical_wuyan	3k_main_ceo_career_historical_wuyan	1	0	1	1	false
3k_main_ceo_career_historical_xi_jiao	3k_main_ceo_career_historical_xi_jiao	1	0	1	1	false
3k_main_ceo_career_historical_xi_zhen_title_ironic	3k_main_ceo_career_historical_xi_zhen_title_ironic	1	0	1	1	false
3k_main_ceo_career_historical_xi_zhicai	3k_main_ceo_career_historical_xi_zhicai	1	0	1	1	false
3k_main_ceo_career_historical_xi_zhicai_unique	3k_main_ceo_career_historical_xi_zhicai_unique	1	0	1	1	false
3k_main_ceo_career_historical_xiahou_jie	3k_main_ceo_career_historical_xiahou_jie	1	0	1	1	false
3k_main_ceo_career_historical_xiahou_lan_ironic	3k_main_ceo_career_historical_xiahou_lan_ironic	1	0	1	1	false
3k_main_ceo_career_historical_xiahou_mao_ironic	3k_main_ceo_career_historical_xiahou_mao_ironic	1	0	1	1	false
3k_main_ceo_career_historical_xiahou_shang	3k_main_ceo_career_historical_xiahou_shang	1	0	1	1	false
3k_main_ceo_career_historical_xianbei_generic_buddhist_convert	3k_main_ceo_career_historical_xianbei_generic_buddhist_convert	1	0	1	1	false
3k_main_ceo_career_historical_xianbei_generic_community_leader	3k_main_ceo_career_historical_xianbei_generic_community_leader	1	0	1	1	false
3k_main_ceo_career_historical_xianbei_generic_exiled_bureaucrat	3k_main_ceo_career_historical_xianbei_generic_exiled_bureaucrat	1	0	1	1	false
3k_main_ceo_career_historical_xianbei_generic_female_aristocrat	3k_main_ceo_career_historical_xianbei_generic_female_aristocrat	1	0	1	1	false
3k_main_ceo_career_historical_xianbei_generic_female_metallurgist	3k_main_ceo_career_historical_xianbei_generic_female_metallurgist	1	0	1	1	false
3k_main_ceo_career_historical_xianbei_generic_female_waymaker	3k_main_ceo_career_historical_xianbei_generic_female_waymaker	1	0	1	1	false
3k_main_ceo_career_historical_xianbei_generic_frontiersman	3k_main_ceo_career_historical_xianbei_generic_frontiersman	1	0	1	1	false
3k_main_ceo_career_historical_xianbei_generic_headsman	3k_main_ceo_career_historical_xianbei_generic_headsman	1	0	1	1	false
3k_main_ceo_career_historical_xianbei_generic_huntress	3k_main_ceo_career_historical_xianbei_generic_huntress	1	0	1	1	false
3k_main_ceo_career_historical_xianbei_generic_lancer	3k_main_ceo_career_historical_xianbei_generic_lancer	1	0	1	1	false
3k_main_ceo_career_historical_xianbei_generic_male_aristocrat	3k_main_ceo_career_historical_xianbei_generic_male_aristocrat	1	0	1	1	false
3k_main_ceo_career_historical_xianbei_generic_male_metallurgist	3k_main_ceo_career_historical_xianbei_generic_male_metallurgist	1	0	1	1	false
3k_main_ceo_career_historical_xianbei_generic_male_waymaker	3k_main_ceo_career_historical_xianbei_generic_male_waymaker	1	0	1	1	false
3k_main_ceo_career_historical_xianbei_generic_marauder	3k_main_ceo_career_historical_xianbei_generic_marauder	1	0	1	1	false
3k_main_ceo_career_historical_xianbei_generic_matriarch	3k_main_ceo_career_historical_xianbei_generic_matriarch	1	0	1	1	false
3k_main_ceo_career_historical_xianbei_generic_soothsayer	3k_main_ceo_career_historical_xianbei_generic_soothsayer	1	0	1	1	false
3k_main_ceo_career_historical_xianbei_generic_swordmaiden	3k_main_ceo_career_historical_xianbei_generic_swordmaiden	1	0	1	1	false
3k_main_ceo_career_historical_xianbei_generic_wrangler	3k_main_ceo_career_historical_xianbei_generic_wrangler	1	0	1	1	false
3k_main_ceo_career_historical_xiang_chong_unique_ironic	3k_main_ceo_career_historical_xiang_chong_unique_ironic	1	0	1	1	false
3k_main_ceo_career_historical_xiang_lang_title_ironic	3k_main_ceo_career_historical_xiang_lang_title_ironic	1	0	1	1	false
3k_main_ceo_career_historical_xianyu_dan	3k_main_ceo_career_historical_xianyu_dan	1	0	1	1	false
3k_main_ceo_career_historical_xianyu_fu	3k_main_ceo_career_historical_xianyu_fu	1	0	1	1	false
3k_main_ceo_career_historical_xianyu_yin	3k_main_ceo_career_historical_xianyu_yin	1	0	1	1	false
3k_main_ceo_career_historical_xiao_jian_ironic	3k_main_ceo_career_historical_xiao_jian_ironic	1	0	1	1	false
3k_main_ceo_career_historical_xie_cheng_ironic	3k_main_ceo_career_historical_xie_cheng_ironic	1	0	1	1	false
3k_main_ceo_career_historical_xie_jiong_ironic	3k_main_ceo_career_historical_xie_jiong_ironic	1	0	1	1	false
3k_main_ceo_career_historical_xie_mi_ironic	3k_main_ceo_career_historical_xie_mi_ironic	1	0	1	1	false
3k_main_ceo_career_historical_xie_zhen_ironic	3k_main_ceo_career_historical_xie_zhen_ironic	1	0	1	1	false
3k_main_ceo_career_historical_xin_fangyue	3k_main_ceo_career_historical_xin_fangyue	1	0	1	1	false
3k_main_ceo_career_historical_xin_pi	3k_main_ceo_career_historical_xin_pi	1	0	1	1	false
3k_main_ceo_career_historical_xin_ping	3k_main_ceo_career_historical_xin_ping	1	0	1	1	false
3k_main_ceo_career_historical_xing_daorong_unique_ironic	3k_main_ceo_career_historical_xing_daorong_unique_ironic	1	0	1	1	false
3k_main_ceo_career_historical_xu_ci_title	3k_main_ceo_career_historical_xu_ci_title	1	0	1	1	false
3k_main_ceo_career_historical_xu_dan_ironic	3k_main_ceo_career_historical_xu_dan_ironic	1	0	1	1	false
3k_main_ceo_career_historical_xu_gan_ironic	3k_main_ceo_career_historical_xu_gan_ironic	1	0	1	1	false
3k_main_ceo_career_historical_xu_gong_ironic	3k_main_ceo_career_historical_xu_gong_ironic	1	0	1	1	false
3k_main_ceo_career_historical_xu_he_ytr	3k_main_ceo_career_historical_xu_he_ytr	1	0	1	1	false
3k_main_ceo_career_historical_xu_jing	3k_main_ceo_career_historical_xu_jing	1	0	1	1	false
3k_main_ceo_career_historical_xu_kun_ironic	3k_main_ceo_career_historical_xu_kun_ironic	1	0	1	1	false
3k_main_ceo_career_historical_xu_miao	3k_main_ceo_career_historical_xu_miao	1	0	1	1	false
3k_main_ceo_career_historical_xu_qian_ironic	3k_main_ceo_career_historical_xu_qian_ironic	1	0	1	1	false
3k_main_ceo_career_historical_xu_rong	3k_main_ceo_career_historical_xu_rong	1	0	1	1	false
3k_main_ceo_career_historical_xu_shao_ironic	3k_main_ceo_career_historical_xu_shao_ironic	1	0	1	1	false
3k_main_ceo_career_historical_xu_sheng_ironic	3k_main_ceo_career_historical_xu_sheng_ironic	1	0	1	1	false
3k_main_ceo_career_historical_xu_si_ironic	3k_main_ceo_career_historical_xu_si_ironic	1	0	1	1	false
3k_main_ceo_career_historical_xu_xi	3k_main_ceo_career_historical_xu_xi	1	0	1	1	false
3k_main_ceo_career_historical_xu_xiu_ironic	3k_main_ceo_career_historical_xu_xiu_ironic	1	0	1	1	false
3k_main_ceo_career_historical_xu_xuan_ironic	3k_main_ceo_career_historical_xu_xuan_ironic	1	0	1	1	false
3k_main_ceo_career_historical_xu_yi	3k_main_ceo_career_historical_xu_yi	1	0	1	1	false
3k_main_ceo_career_historical_xu_yi_ironic	3k_main_ceo_career_historical_xu_yi_ironic	1	0	1	1	false
3k_main_ceo_career_historical_xu_yuanxian_title	3k_main_ceo_career_historical_xu_yuanxian_title	1	0	1	1	false
3k_main_ceo_career_historical_xu_zhao_ironic	3k_main_ceo_career_historical_xu_zhao_ironic	1	0	1	1	false
3k_main_ceo_career_historical_xu_zhen_ironic	3k_main_ceo_career_historical_xu_zhen_ironic	1	0	1	1	false
3k_main_ceo_career_historical_xue_li	3k_main_ceo_career_historical_xue_li	1	0	1	1	false
3k_main_ceo_career_historical_xue_zong_unique_ironic	3k_main_ceo_career_historical_xue_zong_unique_ironic	1	0	1	1	false
3k_main_ceo_career_historical_xun_chen	3k_main_ceo_career_historical_xun_chen	1	0	1	1	false
3k_main_ceo_career_historical_xun_zheng_ironic	3k_main_ceo_career_historical_xun_zheng_ironic	1	0	1	1	false
3k_main_ceo_career_historical_yalu	3k_main_ceo_career_historical_yalu	1	0	1	1	false
3k_main_ceo_career_historical_yan_gang	3k_main_ceo_career_historical_yan_gang	1	0	1	1	false
3k_main_ceo_career_historical_yan_jun	3k_main_ceo_career_historical_yan_jun	1	0	1	1	false
3k_main_ceo_career_historical_yan_jun_ironic	3k_main_ceo_career_historical_yan_jun_ironic	1	0	1	1	false
3k_main_ceo_career_historical_yan_lan_ironic	3k_main_ceo_career_historical_yan_lan_ironic	1	0	1	1	false
3k_main_ceo_career_historical_yan_lan_unique	3k_main_ceo_career_historical_yan_lan_unique	1	0	1	1	false
3k_main_ceo_career_historical_yan_rou	3k_main_ceo_career_historical_yan_rou	1	0	1	1	false
3k_main_ceo_career_historical_yan_xia_ironic	3k_main_ceo_career_historical_yan_xia_ironic	1	0	1	1	false
3k_main_ceo_career_historical_yan_xia_unique	3k_main_ceo_career_historical_yan_xia_unique	1	0	1	1	false
3k_main_ceo_career_historical_yan_xiang	3k_main_ceo_career_historical_yan_xiang	1	0	1	1	false
3k_main_ceo_career_historical_yan_xing	3k_main_ceo_career_historical_yan_xing	1	0	1	1	false
3k_main_ceo_career_historical_yang_biao	3k_main_ceo_career_historical_yang_biao	1	0	1	1	false
3k_main_ceo_career_historical_yang_chou	3k_main_ceo_career_historical_yang_chou	1	0	1	1	false
3k_main_ceo_career_historical_yang_ding_ironic	3k_main_ceo_career_historical_yang_ding_ironic	1	0	1	1	false
3k_main_ceo_career_historical_yang_feng	3k_main_ceo_career_historical_yang_feng	1	0	1	1	false
3k_main_ceo_career_historical_yang_feng_nw	3k_main_ceo_career_historical_yang_feng_nw	1	0	1	1	false
3k_main_ceo_career_historical_yang_fu	3k_main_ceo_career_historical_yang_fu	1	0	1	1	false
3k_main_ceo_career_historical_yang_hong	3k_main_ceo_career_historical_yang_hong	1	0	1	1	false
3k_main_ceo_career_historical_yang_hong_title_ironic	3k_main_ceo_career_historical_yang_hong_title_ironic	1	0	1	1	false
3k_main_ceo_career_historical_yang_huai_title	3k_main_ceo_career_historical_yang_huai_title	1	0	1	1	false
3k_main_ceo_career_historical_yang_jun	3k_main_ceo_career_historical_yang_jun	1	0	1	1	false
3k_main_ceo_career_historical_yang_kui	3k_main_ceo_career_historical_yang_kui	1	0	1	1	false
3k_main_ceo_career_historical_yang_ling_title_ironic	3k_main_ceo_career_historical_yang_ling_title_ironic	1	0	1	1	false
3k_main_ceo_career_historical_yang_qianwan	3k_main_ceo_career_historical_yang_qianwan	1	0	1	1	false
3k_main_ceo_career_historical_yang_qiu	3k_main_ceo_career_historical_yang_qiu	1	0	1	1	false
3k_main_ceo_career_historical_yang_xiu	3k_main_ceo_career_historical_yang_xiu	1	0	1	1	false
3k_main_ceo_career_historical_yang_yi_ironic	3k_main_ceo_career_historical_yang_yi_ironic	1	0	1	1	false
3k_main_ceo_career_historical_yang_yi_title	3k_main_ceo_career_historical_yang_yi_title	1	0	1	1	false
3k_main_ceo_career_historical_yang_yong_title	3k_main_ceo_career_historical_yang_yong_title	1	0	1	1	false
3k_main_ceo_career_historical_yao_zhou_title_ironic	3k_main_ceo_career_historical_yao_zhou_title_ironic	1	0	1	1	false
3k_main_ceo_career_historical_yi_ji_title_ironic	3k_main_ceo_career_historical_yi_ji_title_ironic	1	0	1	1	false
3k_main_ceo_career_historical_yi_liao_title	3k_main_ceo_career_historical_yi_liao_title	1	0	1	1	false
3k_main_ceo_career_historical_yin_feng_ironic	3k_main_ceo_career_historical_yin_feng_ironic	1	0	1	1	false
3k_main_ceo_career_historical_yin_li	3k_main_ceo_career_historical_yin_li	1	0	1	1	false
3k_main_ceo_career_historical_yin_mo_title_ironic	3k_main_ceo_career_historical_yin_mo_title_ironic	1	0	1	1	false
3k_main_ceo_career_historical_ying_lun_ironic	3k_main_ceo_career_historical_ying_lun_ironic	1	0	1	1	false
3k_main_ceo_career_historical_ying_qu_ironic	3k_main_ceo_career_historical_ying_qu_ironic	1	0	1	1	false
3k_main_ceo_career_historical_ying_rong_ironic	3k_main_ceo_career_historical_ying_rong_ironic	1	0	1	1	false
3k_main_ceo_career_historical_ying_rong_title_ironic	3k_main_ceo_career_historical_ying_rong_title_ironic	1	0	1	1	false
3k_main_ceo_career_historical_ying_shao	3k_main_ceo_career_historical_ying_shao	1	0	1	1	false
3k_main_ceo_career_historical_ying_xun	3k_main_ceo_career_historical_ying_xun	1	0	1	1	false
3k_main_ceo_career_historical_yong_kai_unique	3k_main_ceo_career_historical_yong_kai_unique	1	0	1	1	false
3k_main_ceo_career_historical_you_mi	3k_main_ceo_career_historical_you_mi	1	0	1	1	false
3k_main_ceo_career_historical_you_tu	3k_main_ceo_career_historical_you_tu	1	0	1	1	false
3k_main_ceo_career_historical_you_yu	3k_main_ceo_career_historical_you_yu	1	0	1	1	false
3k_main_ceo_career_historical_yu_bao_title_ironic	3k_main_ceo_career_historical_yu_bao_title_ironic	1	0	1	1	false
3k_main_ceo_career_historical_yu_du	3k_main_ceo_career_historical_yu_du	1	0	1	1	false
3k_main_ceo_career_historical_yu_fan_ironic	3k_main_ceo_career_historical_yu_fan_ironic	1	0	1	1	false
3k_main_ceo_career_historical_yu_mi	3k_main_ceo_career_historical_yu_mi	1	0	1	1	false
3k_main_ceo_career_historical_yu_she_ironic	3k_main_ceo_career_historical_yu_she_ironic	1	0	1	1	false
3k_main_ceo_career_historical_yu_zi_ironic	3k_main_ceo_career_historical_yu_zi_ironic	1	0	1	1	false
3k_main_ceo_career_historical_yuan_ba_title	3k_main_ceo_career_historical_yuan_ba_title	1	0	1	1	false
3k_main_ceo_career_historical_yuan_huan_unique	3k_main_ceo_career_historical_yuan_huan_unique	1	0	1	1	false
3k_main_ceo_career_historical_yuan_hui_title	3k_main_ceo_career_historical_yuan_hui_title	1	0	1	1	false
3k_main_ceo_career_historical_yuan_long	3k_main_ceo_career_historical_yuan_long	1	0	1	1	false
3k_main_ceo_career_historical_yuan_min_title	3k_main_ceo_career_historical_yuan_min_title	1	0	1	1	false
3k_main_ceo_career_historical_yuan_xi	3k_main_ceo_career_historical_yuan_xi	1	0	1	1	false
3k_main_ceo_career_historical_yuan_yao	3k_main_ceo_career_historical_yuan_yao	1	0	1	1	false
3k_main_ceo_career_historical_yuan_yi_unique	3k_main_ceo_career_historical_yuan_yi_unique	1	0	1	1	false
3k_main_ceo_career_historical_yuan_yin	3k_main_ceo_career_historical_yuan_yin	1	0	1	1	false
3k_main_ceo_career_historical_yuan_yu	3k_main_ceo_career_historical_yuan_yu	1	0	1	1	false
3k_main_ceo_career_historical_yuan_zhong_ironic	3k_main_ceo_career_historical_yuan_zhong_ironic	1	0	1	1	false
3k_main_ceo_career_historical_yue_jiu	3k_main_ceo_career_historical_yue_jiu	1	0	1	1	false
3k_main_ceo_career_historical_zang_ba	3k_main_ceo_career_historical_zang_ba	1	0	1	1	false
3k_main_ceo_career_historical_zang_hong	3k_main_ceo_career_historical_zang_hong	1	0	1	1	false
3k_main_ceo_career_historical_zao_zhan	3k_main_ceo_career_historical_zao_zhan	1	0	1	1	false
3k_main_ceo_career_historical_zao_zhi	3k_main_ceo_career_historical_zao_zhi	1	0	1	1	false
3k_main_ceo_career_historical_ze_bu	3k_main_ceo_career_historical_ze_bu	1	0	1	1	false
3k_main_ceo_career_historical_ze_yue	3k_main_ceo_career_historical_ze_yue	1	0	1	1	false
3k_main_ceo_career_historical_zhan_qiang	3k_main_ceo_career_historical_zhan_qiang	1	0	1	1	false
3k_main_ceo_career_historical_zhang_chang_ironic	3k_main_ceo_career_historical_zhang_chang_ironic	1	0	1	1	false
3k_main_ceo_career_historical_zhang_cheng	3k_main_ceo_career_historical_zhang_cheng	1	0	1	1	false
3k_main_ceo_career_historical_zhang_cheng_ironic	3k_main_ceo_career_historical_zhang_cheng_ironic	1	0	1	1	false
3k_main_ceo_career_historical_zhang_chi	3k_main_ceo_career_historical_zhang_chi	1	0	1	1	false
3k_main_ceo_career_historical_zhang_cun_title_ironic	3k_main_ceo_career_historical_zhang_cun_title_ironic	1	0	1	1	false
3k_main_ceo_career_historical_zhang_duo_ironic	3k_main_ceo_career_historical_zhang_duo_ironic	1	0	1	1	false
3k_main_ceo_career_historical_zhang_gong	3k_main_ceo_career_historical_zhang_gong	1	0	1	1	false
3k_main_ceo_career_historical_zhang_heng	3k_main_ceo_career_historical_zhang_heng	1	0	1	1	false
3k_main_ceo_career_historical_zhang_hu	3k_main_ceo_career_historical_zhang_hu	1	0	1	1	false
3k_main_ceo_career_historical_zhang_ji_dong	3k_main_ceo_career_historical_zhang_ji_dong	1	0	1	1	false
3k_main_ceo_career_historical_zhang_jin	3k_main_ceo_career_historical_zhang_jin	1	0	1	1	false
3k_main_ceo_career_historical_zhang_jin_nw	3k_main_ceo_career_historical_zhang_jin_nw	1	0	1	1	false
3k_main_ceo_career_historical_zhang_jing_title_ironic	3k_main_ceo_career_historical_zhang_jing_title_ironic	1	0	1	1	false
3k_main_ceo_career_historical_zhang_lili_title	3k_main_ceo_career_historical_zhang_lili_title	1	0	1	1	false
3k_main_ceo_career_historical_zhang_luo	3k_main_ceo_career_historical_zhang_luo	1	0	1	1	false
3k_main_ceo_career_historical_zhang_luoluo_title	3k_main_ceo_career_historical_zhang_luoluo_title	1	0	1	1	false
3k_main_ceo_career_historical_zhang_meimei_title	3k_main_ceo_career_historical_zhang_meimei_title	1	0	1	1	false
3k_main_ceo_career_historical_zhang_meng	3k_main_ceo_career_historical_zhang_meng	1	0	1	1	false
3k_main_ceo_career_historical_zhang_miao	3k_main_ceo_career_historical_zhang_miao	1	0	1	1	false
3k_main_ceo_career_historical_zhang_min_unique	3k_main_ceo_career_historical_zhang_min_unique	1	0	1	1	false
3k_main_ceo_career_historical_zhang_nan	3k_main_ceo_career_historical_zhang_nan	1	0	1	1	false
3k_main_ceo_career_historical_zhang_ni_title	3k_main_ceo_career_historical_zhang_ni_title	1	0	1	1	false
3k_main_ceo_career_historical_zhang_ni_unique	3k_main_ceo_career_historical_zhang_ni_unique	1	0	1	1	false
3k_main_ceo_career_historical_zhang_shuo	3k_main_ceo_career_historical_zhang_shuo	1	0	1	1	false
3k_main_ceo_career_historical_zhang_song_unique	3k_main_ceo_career_historical_zhang_song_unique	1	0	1	1	false
3k_main_ceo_career_historical_zhang_su_title	3k_main_ceo_career_historical_zhang_su_title	1	0	1	1	false
3k_main_ceo_career_historical_zhang_tiansheng_title_ironic	3k_main_ceo_career_historical_zhang_tiansheng_title_ironic	1	0	1	1	false
3k_main_ceo_career_historical_zhang_wu_title	3k_main_ceo_career_historical_zhang_wu_title	1	0	1	1	false
3k_main_ceo_career_historical_zhang_xian	3k_main_ceo_career_historical_zhang_xian	1	0	1	1	false
3k_main_ceo_career_historical_zhang_xiang_title_ironic	3k_main_ceo_career_historical_zhang_xiang_title_ironic	1	0	1	1	false
3k_main_ceo_career_historical_zhang_xiu	3k_main_ceo_career_historical_zhang_xiu	1	0	1	1	false
3k_main_ceo_career_historical_zhang_ya	3k_main_ceo_career_historical_zhang_ya	1	0	1	1	false
3k_main_ceo_career_historical_zhang_yan_ironic	3k_main_ceo_career_historical_zhang_yan_ironic	1	0	1	1	false
3k_main_ceo_career_historical_zhang_yanyan	3k_main_ceo_career_historical_zhang_yanyan	1	0	1	1	false
3k_main_ceo_career_historical_zhang_yi_lai_title_ironic	3k_main_ceo_career_historical_zhang_yi_lai_title_ironic	1	0	1	1	false
3k_main_ceo_career_historical_zhang_yi_title	3k_main_ceo_career_historical_zhang_yi_title	1	0	1	1	false
3k_main_ceo_career_historical_zhang_yi_unique	3k_main_ceo_career_historical_zhang_yi_unique	1	0	1	1	false
3k_main_ceo_career_historical_zhang_ying	3k_main_ceo_career_historical_zhang_ying	1	0	1	1	false
3k_main_ceo_career_historical_zhang_yu_title	3k_main_ceo_career_historical_zhang_yu_title	1	0	1	1	false
3k_main_ceo_career_historical_zhang_yun	3k_main_ceo_career_historical_zhang_yun	1	0	1	1	false
3k_main_ceo_career_historical_zhang_zhongjing_title_ironic	3k_main_ceo_career_historical_zhang_zhongjing_title_ironic	1	0	1	1	false
3k_main_ceo_career_historical_zhao_ang	3k_main_ceo_career_historical_zhao_ang	1	0	1	1	false
3k_main_ceo_career_historical_zhao_bo_ytr	3k_main_ceo_career_historical_zhao_bo_ytr	1	0	1	1	false
3k_main_ceo_career_historical_zhao_cen_ironic	3k_main_ceo_career_historical_zhao_cen_ironic	1	0	1	1	false
3k_main_ceo_career_historical_zhao_da_ironic	3k_main_ceo_career_historical_zhao_da_ironic	1	0	1	1	false
3k_main_ceo_career_historical_zhao_e	3k_main_ceo_career_historical_zhao_e	1	0	1	1	false
3k_main_ceo_career_historical_zhao_fan	3k_main_ceo_career_historical_zhao_fan	1	0	1	1	false
3k_main_ceo_career_historical_zhao_lei_title	3k_main_ceo_career_historical_zhao_lei_title	1	0	1	1	false
3k_main_ceo_career_historical_zhao_lingjing_title	3k_main_ceo_career_historical_zhao_lingjing_title	1	0	1	1	false
3k_main_ceo_career_historical_zhao_shurou_title	3k_main_ceo_career_historical_zhao_shurou_title	1	0	1	1	false
3k_main_ceo_career_historical_zhao_yu_ironic	3k_main_ceo_career_historical_zhao_yu_ironic	1	0	1	1	false
3k_main_ceo_career_historical_zhao_yuanjiang_title	3k_main_ceo_career_historical_zhao_yuanjiang_title	1	0	1	1	false
3k_main_ceo_career_historical_zheng_bao_ironic	3k_main_ceo_career_historical_zheng_bao_ironic	1	0	1	1	false
3k_main_ceo_career_historical_zheng_du_title	3k_main_ceo_career_historical_zheng_du_title	1	0	1	1	false
3k_main_ceo_career_historical_zheng_fei_ironic	3k_main_ceo_career_historical_zheng_fei_ironic	1	0	1	1	false
3k_main_ceo_career_historical_zheng_hun	3k_main_ceo_career_historical_zheng_hun	1	0	1	1	false
3k_main_ceo_career_historical_zheng_mao	3k_main_ceo_career_historical_zheng_mao	1	0	1	1	false
3k_main_ceo_career_historical_zheng_tai	3k_main_ceo_career_historical_zheng_tai	1	0	1	1	false
3k_main_ceo_career_historical_zheng_yan	3k_main_ceo_career_historical_zheng_yan	1	0	1	1	false
3k_main_ceo_career_historical_zhongli_xu	3k_main_ceo_career_historical_zhongli_xu	1	0	1	1	false
3k_main_ceo_career_historical_zhou_ang	3k_main_ceo_career_historical_zhou_ang	1	0	1	1	false
3k_main_ceo_career_historical_zhou_bo_ironic	3k_main_ceo_career_historical_zhou_bo_ironic	1	0	1	1	false
3k_main_ceo_career_historical_zhou_cang	3k_main_ceo_career_historical_zhou_cang	1	0	1	1	false
3k_main_ceo_career_historical_zhou_che_ironic	3k_main_ceo_career_historical_zhou_che_ironic	1	0	1	1	false
3k_main_ceo_career_historical_zhou_gu_ironic	3k_main_ceo_career_historical_zhou_gu_ironic	1	0	1	1	false
3k_main_ceo_career_historical_zhou_jing_title	3k_main_ceo_career_historical_zhou_jing_title	1	0	1	1	false
3k_main_ceo_career_historical_zhou_qun_title	3k_main_ceo_career_historical_zhou_qun_title	1	0	1	1	false
3k_main_ceo_career_historical_zhou_shan	3k_main_ceo_career_historical_zhou_shan	1	0	1	1	false
3k_main_ceo_career_historical_zhou_shang_ironic	3k_main_ceo_career_historical_zhou_shang_ironic	1	0	1	1	false
3k_main_ceo_career_historical_zhou_shu_ironic	3k_main_ceo_career_historical_zhou_shu_ironic	1	0	1	1	false
3k_main_ceo_career_historical_zhou_xin	3k_main_ceo_career_historical_zhou_xin	1	0	1	1	false
3k_main_ceo_career_historical_zhou_ying_ironic	3k_main_ceo_career_historical_zhou_ying_ironic	1	0	1	1	false
3k_main_ceo_career_historical_zhou_yu_renming	3k_main_ceo_career_historical_zhou_yu_renming	1	0	1	1	false
3k_main_ceo_career_historical_zhu_en_ironic	3k_main_ceo_career_historical_zhu_en_ironic	1	0	1	1	false
3k_main_ceo_career_historical_zhu_fu_unique	3k_main_ceo_career_historical_zhu_fu_unique	1	0	1	1	false
3k_main_ceo_career_historical_zhu_han_ironic	3k_main_ceo_career_historical_zhu_han_ironic	1	0	1	1	false
3k_main_ceo_career_historical_zhu_hao	3k_main_ceo_career_historical_zhu_hao	1	0	1	1	false
3k_main_ceo_career_historical_zhu_huan_ironic	3k_main_ceo_career_historical_zhu_huan_ironic	1	0	1	1	false
3k_main_ceo_career_historical_zhu_jun	3k_main_ceo_career_historical_zhu_jun	1	0	1	1	false
3k_main_ceo_career_historical_zhu_lian_ironic	3k_main_ceo_career_historical_zhu_lian_ironic	1	0	1	1	false
3k_main_ceo_career_historical_zhu_ling_ironic	3k_main_ceo_career_historical_zhu_ling_ironic	1	0	1	1	false
3k_main_ceo_career_historical_zhu_liu_title_ironic	3k_main_ceo_career_historical_zhu_liu_title_ironic	1	0	1	1	false
3k_main_ceo_career_historical_zhu_min_ironic	3k_main_ceo_career_historical_zhu_min_ironic	1	0	1	1	false
3k_main_ceo_career_historical_zhu_ran	3k_main_ceo_career_historical_zhu_ran	1	0	1	1	false
3k_main_ceo_career_historical_zhu_shulian_ironic	3k_main_ceo_career_historical_zhu_shulian_ironic	1	0	1	1	false
3k_main_ceo_career_historical_zhu_zhi	3k_main_ceo_career_historical_zhu_zhi	1	0	1	1	false
3k_main_ceo_career_historical_zhuang_zhen_ironic	3k_main_ceo_career_historical_zhuang_zhen_ironic	1	0	1	1	false
3k_main_ceo_career_historical_zhuge_bin_ironic	3k_main_ceo_career_historical_zhuge_bin_ironic	1	0	1	1	false
3k_main_ceo_career_historical_zhuge_dan_ironic	3k_main_ceo_career_historical_zhuge_dan_ironic	1	0	1	1	false
3k_main_ceo_career_historical_zhuge_dan_ironic_fire	3k_main_ceo_career_historical_zhuge_dan_ironic_fire	1	0	1	1	false
3k_main_ceo_career_historical_zhuge_fu_ironic	3k_main_ceo_career_historical_zhuge_fu_ironic	1	0	1	1	false
3k_main_ceo_career_historical_zhuge_gan_ironic	3k_main_ceo_career_historical_zhuge_gan_ironic	1	0	1	1	false
3k_main_ceo_career_historical_zhuge_guo_ironic	3k_main_ceo_career_historical_zhuge_guo_ironic	1	0	1	1	false
3k_main_ceo_career_historical_zhuge_ji_ironic	3k_main_ceo_career_historical_zhuge_ji_ironic	1	0	1	1	false
3k_main_ceo_career_historical_zhuge_jin_ironic	3k_main_ceo_career_historical_zhuge_jin_ironic	1	0	1	1	false
3k_main_ceo_career_historical_zhuge_jun_ironic	3k_main_ceo_career_historical_zhuge_jun_ironic	1	0	1	1	false
3k_main_ceo_career_historical_zhuge_ke	3k_main_ceo_career_historical_zhuge_ke	1	0	1	1	false
3k_main_ceo_career_historical_zhuge_luo_ironic	3k_main_ceo_career_historical_zhuge_luo_ironic	1	0	1	1	false
3k_main_ceo_career_historical_zhuge_pian_ironic	3k_main_ceo_career_historical_zhuge_pian_ironic	1	0	1	1	false
3k_main_ceo_career_historical_zhuge_qiong_ironic	3k_main_ceo_career_historical_zhuge_qiong_ironic	1	0	1	1	false
3k_main_ceo_career_historical_zhuge_xu_ironic	3k_main_ceo_career_historical_zhuge_xu_ironic	1	0	1	1	false
3k_main_ceo_career_historical_zhuge_xuan	3k_main_ceo_career_historical_zhuge_xuan	1	0	1	1	false
3k_main_ceo_career_historical_zhuo_xiangyun_title	3k_main_ceo_career_historical_zhuo_xiangyun_title	1	0	1	1	false
3k_main_ceo_career_historical_zhuo_ying_title_ironic	3k_main_ceo_career_historical_zhuo_ying_title_ironic	1	0	1	1	false
3k_main_ceo_career_historical_zi_luan	3k_main_ceo_career_historical_zi_luan	1	0	1	1	false
3k_main_ceo_career_historical_zong_bao_ironic	3k_main_ceo_career_historical_zong_bao_ironic	1	0	1	1	false
3k_main_ceo_career_historical_zong_cheng	3k_main_ceo_career_historical_zong_cheng	1	0	1	1	false
3k_main_ceo_career_historical_zou_dan_ironic	3k_main_ceo_career_historical_zou_dan_ironic	1	0	1	1	false
3k_main_ceo_career_historical_zou_lin	3k_main_ceo_career_historical_zou_lin	1	0	1	1	false
3k_main_ceo_career_historical_zou_lin_unique	3k_main_ceo_career_historical_zou_lin_unique	1	0	1	1	false
3k_main_ceo_career_historical_zou_ta	3k_main_ceo_career_historical_zou_ta	1	0	1	1	false
3k_main_ceo_career_historical_zu_cui	3k_main_ceo_career_historical_zu_cui	1	0	1	1	false
3k_main_ceo_career_historical_zu_hong	3k_main_ceo_career_historical_zu_hong	1	0	1	1	false
3k_main_ceo_career_historical_zu_lang	3k_main_ceo_career_historical_zu_lang	1	0	1	1	false
3k_main_ceo_career_historical_zu_mao	3k_main_ceo_career_historical_zu_mao	1	0	1	1	false
3k_main_ceo_career_historical_zu_mo	3k_main_ceo_career_historical_zu_mo	1	0	1	1	false
3k_main_ceo_career_historical_zu_shan	3k_main_ceo_career_historical_zu_shan	1	0	1	1	false
3k_main_ceo_career_historical_zu_si	3k_main_ceo_career_historical_zu_si	1	0	1	1	false
3k_main_ceo_career_historical_zu_si_title_ironic	3k_main_ceo_career_historical_zu_si_title_ironic	1	0	1	1	false
3k_main_ceo_career_historical_zu_ting	3k_main_ceo_career_historical_zu_ting	1	0	1	1	false
3k_main_ceo_career_historical_zuo_chengxu_ironic	3k_main_ceo_career_historical_zuo_chengxu_ironic	1	0	1	1	false
3k_main_ceo_career_historical_zuo_ci	3k_main_ceo_career_historical_zuo_ci	1	0	1	1	false
3k_main_ceo_career_historical_zuo_xian_ironic	3k_main_ceo_career_historical_zuo_xian_ironic	1	0	1	1	false
3k_main_ceo_career_historical_zuo_yu	3k_main_ceo_career_historical_zuo_yu	1	0	1	1	false
3k_main_ceo_career_historical_zuozi_zhangba	3k_main_ceo_career_historical_zuozi_zhangba	1	0	1	1	false
3k_main_ceo_theshold_career_generated_agent_water	3k_main_ceo_career_generated_agent_water	1	0	1	1	false
3k_main_ceo_theshold_career_generated_envoy_water	3k_main_ceo_career_generated_envoy_water	1	0	1	1	false
3k_main_ceo_theshold_career_generated_general_water	3k_main_ceo_career_generated_general_water	1	0	1	1	false
3k_main_ceo_theshold_career_generated_governor_water	3k_main_ceo_career_generated_governor_water	1	0	1	1	false
3k_main_ceo_theshold_career_generated_minister_water	3k_main_ceo_career_generated_minister_water	1	0	1	1	false
3k_main_ceo_threshold_career_generated_agent_earth	3k_main_ceo_career_generated_agent_earth	1	0	1	1	false
3k_main_ceo_threshold_career_generated_agent_fire	3k_main_ceo_career_generated_agent_fire	1	0	1	1	false
3k_main_ceo_threshold_career_generated_agent_metal	3k_main_ceo_career_generated_agent_metal	1	0	1	1	false
3k_main_ceo_threshold_career_generated_agent_wood	3k_main_ceo_career_generated_agent_wood	1	0	1	1	false
3k_main_ceo_threshold_career_generated_envoy_earth	3k_main_ceo_career_generated_envoy_earth	1	0	1	1	false
3k_main_ceo_threshold_career_generated_envoy_fire	3k_main_ceo_career_generated_envoy_fire	1	0	1	1	false
3k_main_ceo_threshold_career_generated_envoy_metal	3k_main_ceo_career_generated_envoy_metal	1	0	1	1	false
3k_main_ceo_threshold_career_generated_envoy_wood	3k_main_ceo_career_generated_envoy_wood	1	0	1	1	false
3k_main_ceo_threshold_career_generated_general_earth	3k_main_ceo_career_generated_general_earth	1	0	1	1	false
3k_main_ceo_threshold_career_generated_general_fire	3k_main_ceo_career_generated_general_fire	1	0	1	1	false
3k_main_ceo_threshold_career_generated_general_metal	3k_main_ceo_career_generated_general_metal	1	0	1	1	false
3k_main_ceo_threshold_career_generated_general_wood	3k_main_ceo_career_generated_general_wood	1	0	1	1	false
3k_main_ceo_threshold_career_generated_governor_earth	3k_main_ceo_career_generated_governor_earth	1	0	1	1	false
3k_main_ceo_threshold_career_generated_governor_fire	3k_main_ceo_career_generated_governor_fire	1	0	1	1	false
3k_main_ceo_threshold_career_generated_governor_metal	3k_main_ceo_career_generated_governor_metal	1	0	1	1	false
3k_main_ceo_threshold_career_generated_governor_wood	3k_main_ceo_career_generated_governor_wood	1	0	1	1	false
3k_main_ceo_threshold_career_generated_minister_earth	3k_main_ceo_career_generated_minister_earth	1	0	1	1	false
3k_main_ceo_threshold_career_generated_minister_fire	3k_main_ceo_career_generated_minister_fire	1	0	1	1	false
3k_main_ceo_threshold_career_generated_minister_metal	3k_main_ceo_career_generated_minister_metal	1	0	1	1	false
3k_main_ceo_threshold_career_generated_minister_wood	3k_main_ceo_career_generated_minister_wood	1	0	1	1	false
3k_main_ceo_threshold_career_generated_villager_earth	3k_main_ceo_career_generated_villager_earth	1	0	1	1	false
3k_main_ceo_threshold_career_generated_villager_fire	3k_main_ceo_career_generated_villager_fire	1	0	1	1	false
3k_main_ceo_threshold_career_generated_villager_metal	3k_main_ceo_career_generated_villager_metal	1	0	1	1	false
3k_main_ceo_threshold_career_generated_villager_water	3k_main_ceo_career_generated_villager_water	1	0	1	1	false
3k_main_ceo_threshold_career_generated_villager_wood	3k_main_ceo_career_generated_villager_wood	1	0	1	1	false
3k_main_ceo_threshold_career_historical_cai_mao	3k_main_ceo_career_historical_cai_mao	1	0	1	1	false
3k_main_ceo_threshold_career_historical_cao_ang	3k_main_ceo_career_historical_cao_ang	1	0	1	1	false
3k_main_ceo_threshold_career_historical_cao_cao	3k_main_ceo_career_historical_cao_cao	1	0	1	1	false
3k_main_ceo_threshold_career_historical_cao_chun	3k_main_ceo_career_historical_cao_chun	1	0	1	1	false
3k_main_ceo_threshold_career_historical_cao_hong	3k_main_ceo_career_historical_cao_hong	1	0	1	1	false
3k_main_ceo_threshold_career_historical_cao_pi	3k_main_ceo_career_historical_cao_pi	1	0	1	1	false
3k_main_ceo_threshold_career_historical_cao_ren	3k_main_ceo_career_historical_cao_ren	1	0	1	1	false
3k_main_ceo_threshold_career_historical_cao_xiu	3k_main_ceo_career_historical_cao_xiu	1	0	1	1	false
3k_main_ceo_threshold_career_historical_cao_zhen	3k_main_ceo_career_historical_cao_zhen	1	0	1	1	false
3k_main_ceo_threshold_career_historical_chen_gong	3k_main_ceo_career_historical_chen_gong	1	0	1	1	false
3k_main_ceo_threshold_career_historical_cheng_pu	3k_main_ceo_career_historical_cheng_pu	1	0	1	1	false
3k_main_ceo_threshold_career_historical_deng_sheng	3k_main_ceo_career_historical_deng_sheng	1	0	1	1	false
3k_main_ceo_threshold_career_historical_dian_wei	3k_main_ceo_career_historical_dian_wei	1	0	1	1	false
3k_main_ceo_threshold_career_historical_dong_zhuo	3k_main_ceo_career_historical_dong_zhuo	1	0	1	1	false
3k_main_ceo_threshold_career_historical_fa_zheng	3k_main_ceo_career_historical_fa_zheng	1	0	1	1	false
3k_main_ceo_threshold_career_historical_gan_ning	3k_main_ceo_career_historical_gan_ning	1	0	1	1	false
3k_main_ceo_threshold_career_historical_gao_gan	3k_main_ceo_career_historical_gao_gan	1	0	1	1	false
3k_main_ceo_threshold_career_historical_gong_du	3k_ytr_ceo_career_historical_gong_du	1	0	1	1	false
3k_main_ceo_threshold_career_historical_gongsun_du	3k_main_ceo_career_historical_gongsun_du	1	0	1	1	false
3k_main_ceo_threshold_career_historical_gongsun_zan	3k_main_ceo_career_historical_gongsun_zan	1	0	1	1	false
3k_main_ceo_threshold_career_historical_guan_jing	3k_main_ceo_career_historical_guan_jing	1	0	1	1	false
3k_main_ceo_threshold_career_historical_guan_yu	3k_main_ceo_career_historical_guan_yu	1	0	1	1	false
3k_main_ceo_threshold_career_historical_guo_jia	3k_main_ceo_career_historical_guo_jia	1	0	1	1	false
3k_main_ceo_threshold_career_historical_guo_yuan	3k_main_ceo_career_historical_guo_yuan	1	0	1	1	false
3k_main_ceo_threshold_career_historical_han_fu	3k_main_ceo_career_historical_han_fu	1	0	1	1	false
3k_main_ceo_threshold_career_historical_han_sui	3k_main_ceo_career_historical_han_sui	1	0	1	1	false
3k_main_ceo_threshold_career_historical_he_man	3k_ytr_ceo_career_historical_he_man	1	0	1	1	false
3k_main_ceo_threshold_career_historical_he_yi	3k_ytr_ceo_career_historical_he_yi	1	0	1	1	false
3k_main_ceo_threshold_career_historical_hua_xiong	3k_main_ceo_career_historical_hua_xiong	1	0	1	1	false
3k_main_ceo_threshold_career_historical_huang_gai	3k_main_ceo_career_historical_huang_gai	1	0	1	1	false
3k_main_ceo_threshold_career_historical_huang_shao	3k_ytr_ceo_career_historical_huang_shao	1	0	1	1	false
3k_main_ceo_threshold_career_historical_huang_zhong	3k_main_ceo_career_historical_huang_zhong	1	0	1	1	false
3k_main_ceo_threshold_career_historical_huang_zu	3k_main_ceo_career_historical_huang_zu	1	0	1	1	false
3k_main_ceo_threshold_career_historical_huangfu_song	3k_main_ceo_career_historical_huangfu_song	1	0	1	1	false
3k_main_ceo_threshold_career_historical_jia_long	3k_main_ceo_career_historical_jia_long	1	0	1	1	false
3k_main_ceo_threshold_career_historical_jia_xu	3k_main_ceo_career_historical_jia_xu	1	0	1	1	false
3k_main_ceo_threshold_career_historical_jiang_wei	3k_main_ceo_career_historical_jiang_wei	1	0	1	1	false
3k_main_ceo_threshold_career_historical_kong_rong	3k_main_ceo_career_historical_kong_rong	1	0	1	1	false
3k_main_ceo_threshold_career_historical_kong_zhou	3k_main_ceo_career_historical_kong_zhou	1	0	1	1	false
3k_main_ceo_threshold_career_historical_lady_sun	3k_main_ceo_career_historical_lady_sun	1	0	1	1	false
3k_main_ceo_threshold_career_historical_lady_zhen	3k_main_ceo_career_historical_lady_zhen	1	0	1	1	false
3k_main_ceo_threshold_career_historical_li_ru	3k_main_ceo_career_historical_li_ru	1	0	1	1	false
3k_main_ceo_threshold_career_historical_ling_tong	3k_main_ceo_career_historical_ling_tong	1	0	1	1	false
3k_main_ceo_threshold_career_historical_liu_bei	3k_main_ceo_career_historical_liu_bei	1	0	1	1	false
3k_main_ceo_threshold_career_historical_liu_biao	3k_main_ceo_career_historical_liu_biao	1	0	1	1	false
3k_main_ceo_threshold_career_historical_liu_dai	3k_main_ceo_career_historical_liu_dai	1	0	1	1	false
3k_main_ceo_threshold_career_historical_liu_xie	3k_main_ceo_career_historical_liu_xie	1	0	1	2	false
3k_main_ceo_threshold_career_historical_liu_yan	3k_main_ceo_career_historical_liu_yan	1	0	1	1	false
3k_main_ceo_threshold_career_historical_liu_yao	3k_main_ceo_career_historical_liu_yao	1	0	1	1	false
3k_main_ceo_threshold_career_historical_liu_yu	3k_main_ceo_career_historical_liu_yu	1	0	1	1	false
3k_main_ceo_threshold_career_historical_liu_zhang	3k_main_ceo_career_historical_liu_zhang	1	0	1	1	false
3k_main_ceo_threshold_career_historical_lu_bu	3k_main_ceo_career_historical_lu_bu	1	0	1	1	false
3k_main_ceo_threshold_career_historical_lu_fan	3k_main_ceo_career_historical_lu_fan	1	0	1	1	false
3k_main_ceo_threshold_career_historical_lu_meng	3k_main_ceo_career_historical_lu_meng	1	0	1	1	false
3k_main_ceo_threshold_career_historical_lu_su	3k_main_ceo_career_historical_lu_su	1	0	1	1	false
3k_main_ceo_threshold_career_historical_lu_xun	3k_main_ceo_career_historical_lu_xun	1	0	1	1	false
3k_main_ceo_threshold_career_historical_ma_chao	3k_main_ceo_career_historical_ma_chao	1	0	1	1	false
3k_main_ceo_threshold_career_historical_ma_dai	3k_main_ceo_career_historical_ma_dai	1	0	1	1	false
3k_main_ceo_threshold_career_historical_ma_teng	3k_main_ceo_career_historical_ma_teng	1	0	1	1	false
3k_main_ceo_threshold_career_historical_mi_zhu	3k_main_ceo_career_historical_mi_zhu	1	0	1	1	false
3k_main_ceo_threshold_career_historical_pang_de	3k_main_ceo_career_historical_pang_de	1	0	1	1	false
3k_main_ceo_threshold_career_historical_pang_tong	3k_main_ceo_career_historical_pang_tong	1	0	1	1	false
3k_main_ceo_threshold_career_historical_pei_yuanshao	3k_ytr_ceo_career_historical_pei_yuanshao	1	0	1	1	false
3k_main_ceo_threshold_career_historical_sheng_xian	3k_main_ceo_career_historical_sheng_xian	1	0	1	1	false
3k_main_ceo_threshold_career_historical_shi_xie	3k_main_ceo_career_historical_shi_xie	1	0	1	1	false
3k_main_ceo_threshold_career_historical_sima_yi	3k_main_ceo_career_historical_sima_yi	1	0	1	1	false
3k_main_ceo_threshold_career_historical_sun_ce	3k_main_ceo_career_historical_sun_ce	1	0	1	1	false
3k_main_ceo_threshold_career_historical_sun_jian	3k_main_ceo_career_historical_sun_jian	1	0	1	1	false
3k_main_ceo_threshold_career_historical_sun_qian	3k_main_ceo_career_historical_sun_qian	1	0	1	1	false
3k_main_ceo_threshold_career_historical_sun_quan	3k_main_ceo_career_historical_sun_quan	1	0	1	1	false
3k_main_ceo_threshold_career_historical_taishi_ci	3k_main_ceo_career_historical_taishi_ci	1	0	1	1	false
3k_main_ceo_threshold_career_historical_tao_qian	3k_main_ceo_career_historical_tao_qian	1	0	1	1	false
3k_main_ceo_threshold_career_historical_wang_bao	ep_ceo_career_historical_wang_bao	1	0	1	1	false
3k_main_ceo_threshold_career_historical_wang_kuang	3k_main_ceo_career_historical_wang_kuang	1	0	1	1	false
3k_main_ceo_threshold_career_historical_wang_lang	3k_main_ceo_career_historical_wang_lang	1	0	1	1	false
3k_main_ceo_threshold_career_historical_wang_xiu	3k_main_ceo_career_historical_wang_xiu	1	0	1	1	false
3k_main_ceo_threshold_career_historical_wei_yan	3k_main_ceo_career_historical_wei_yan	1	0	1	1	false
3k_main_ceo_threshold_career_historical_wen_chou	3k_main_ceo_career_historical_wen_chou	1	0	1	1	false
3k_main_ceo_threshold_career_historical_xia_zhao	3k_main_ceo_career_historical_xia_zhao	1	0	1	1	false
3k_main_ceo_threshold_career_historical_xiahou_dun	3k_main_ceo_career_historical_xiahou_dun	1	0	1	1	false
3k_main_ceo_threshold_career_historical_xiahou_dun_blinded	3k_main_ceo_career_historical_xiahou_dun_blinded	1	0	1	1	false
3k_main_ceo_threshold_career_historical_xiahou_yuan	3k_main_ceo_career_historical_xiahou_yuan	1	0	1	1	false
3k_main_ceo_threshold_career_historical_xu_chu	3k_main_ceo_career_historical_xu_chu	1	0	1	1	false
3k_main_ceo_threshold_career_historical_xu_huang	3k_main_ceo_career_historical_xu_huang	1	0	1	1	false
3k_main_ceo_threshold_career_historical_xu_shu	3k_main_ceo_career_historical_xu_shu	1	0	1	1	false
3k_main_ceo_threshold_career_historical_xun_you	3k_main_ceo_career_historical_xun_you	1	0	1	1	false
3k_main_ceo_threshold_career_historical_xun_yu	3k_main_ceo_career_historical_xun_yu	1	0	1	1	false
3k_main_ceo_threshold_career_historical_yan_liang	3k_main_ceo_career_historical_yan_liang	1	0	1	1	false
3k_main_ceo_threshold_career_historical_yu_jin	3k_main_ceo_career_historical_yu_jin	1	0	1	1	false
3k_main_ceo_threshold_career_historical_yuan_shang	3k_main_ceo_career_historical_yuan_shang	1	0	1	1	false
3k_main_ceo_threshold_career_historical_yuan_shao	3k_main_ceo_career_historical_yuan_shao	1	0	1	1	false
3k_main_ceo_threshold_career_historical_yuan_shu	3k_main_ceo_career_historical_yuan_shu	1	0	1	1	false
3k_main_ceo_threshold_career_historical_yue_jin	3k_main_ceo_career_historical_yue_jin	1	0	1	1	false
3k_main_ceo_threshold_career_historical_zhang_chao	3k_main_ceo_career_historical_zhang_chao	1	0	1	1	false
3k_main_ceo_threshold_career_historical_zhang_fei	3k_main_ceo_career_historical_zhang_fei	1	0	1	1	false
3k_main_ceo_threshold_career_historical_zhang_he	3k_main_ceo_career_historical_zhang_he	1	0	1	1	false
3k_main_ceo_threshold_career_historical_zhang_kai	3k_ytr_ceo_career_historical_zhang_kai	1	0	1	1	false
3k_main_ceo_threshold_career_historical_zhang_liao	3k_main_ceo_career_historical_zhang_liao	1	0	1	1	false
3k_main_ceo_threshold_career_historical_zhang_lu	3k_main_ceo_career_historical_zhang_lu	1	0	1	1	false
3k_main_ceo_threshold_career_historical_zhang_yan	3k_main_ceo_career_historical_zhang_yan	1	0	1	1	false
3k_main_ceo_threshold_career_historical_zhang_yang	3k_main_ceo_career_historical_zhang_yang	1	0	1	1	false
3k_main_ceo_threshold_career_historical_zhao_yun	3k_main_ceo_career_historical_zhao_yun	1	0	1	1	false
3k_main_ceo_threshold_career_historical_zheng_jiang	3k_main_ceo_career_historical_zheng_jiang	1	0	1	1	false
3k_main_ceo_threshold_career_historical_zhou_tai	3k_main_ceo_career_historical_zhou_tai	1	0	1	1	false
3k_main_ceo_threshold_career_historical_zhou_yu	3k_main_ceo_career_historical_zhou_yu	1	0	1	1	false
3k_main_ceo_threshold_career_historical_zhuge_jin	3k_main_ceo_career_historical_zhuge_jin	1	0	1	1	false
3k_main_ceo_threshold_career_historical_zhuge_liang	3k_main_ceo_career_historical_zhuge_liang	1	0	1	1	false
3k_main_ceo_threshold_career_historical_zuozhi_zhulan	3k_main_ceo_career_historical_zuozhi_zhulan	1	0	1	1	false
3k_main_ceo_threshold_historical_cao_biao	3k_main_ceo_career_historical_cao_biao	1	0	1	1	false
3k_main_ceo_threshold_historical_cao_jie	3k_main_ceo_career_historical_cao_jie	1	0	1	1	false
3k_main_ceo_threshold_historical_cao_rui	3k_main_ceo_career_historical_cao_rui	1	0	1	1	false
3k_main_ceo_threshold_historical_cao_shuang	3k_main_ceo_career_historical_cao_shuang	1	0	1	1	false
3k_main_ceo_threshold_historical_cao_xi	3k_main_ceo_career_historical_cao_xi	1	0	1	1	false
3k_main_ceo_threshold_historical_cao_zhang	3k_main_ceo_career_historical_cao_zhang	1	0	1	1	false
3k_main_ceo_threshold_historical_cao_zhi	3k_main_ceo_career_historical_cao_zhi	1	0	1	1	false
3k_main_threshold_career_historical_cao_xing	3k_dlc05_ceo_career_historical_cao_xing	1	0	1	1	false
3k_main_threshold_career_historical_gao_dai	3k_main_ceo_career_historical_gao_dai	1	0	1	1	false
3k_main_threshold_career_historical_shi_huang	3k_main_ceo_career_historical_shi_huang	1	0	1	1	false
3k_main_threshold_career_historical_shi_wu	3k_main_ceo_career_historical_shi_wu	1	0	1	1	false
3k_main_threshold_career_historical_shi_yi	3k_main_ceo_career_historical_shi_yi	1	0	1	1	false
3k_main_threshold_career_historical_wu_huan	3k_main_ceo_career_historical_wu_huan	1	0	1	1	false
3k_main_threshold_career_historical_xu_gong	3k_main_ceo_career_historical_xu_gong	1	0	1	1	false
3k_main_threshold_career_historical_xu_zhao	3k_main_ceo_career_historical_xu_zhao	1	0	1	1	false
3k_main_threshold_career_historical_yan_baihu	3k_main_ceo_career_historical_yan_baihu	1	0	1	1	false
3k_main_threshold_career_historical_yan_yu	3k_main_ceo_career_historical_yan_yu	1	0	1	1	false
3k_main_threshold_career_historical_zhu_fu	3k_main_ceo_career_historical_zhu_fu	1	0	1	1	false
3k_main_threshold_ceo_career_historical_qiulijiu	3k_main_ceo_career_historical_qiulijiu	1	0	1	1	false
3k_main_threshold_ceo_career_historical_yufuluo	3k_main_ceo_career_historical_yufuluo	1	0	1	1	false
3k_mtu_ceo_threshold_career_historical_chen_jiu	3k_mtu_ceo_career_historical_chen_jiu	1	0	1	1	false
3k_mtu_ceo_threshold_career_historical_chunyu_qiong_reborn	3k_mtu_ceo_career_historical_chunyu_qiong_reborn	1	0	1	1	false
3k_mtu_ceo_threshold_career_historical_dong_min	3k_mtu_ceo_career_historical_dong_min	1	0	1	1	false
3k_mtu_ceo_threshold_career_historical_gao_shun	3k_mtu_ceo_career_historical_gao_shun	1	0	1	1	false
3k_mtu_ceo_threshold_career_historical_guan_xing	3k_mtu_ceo_career_historical_guan_xing	1	0	1	1	false
3k_mtu_ceo_threshold_career_historical_guan_xuo	3k_mtu_ceo_career_historical_guan_xuo	1	0	1	1	false
3k_mtu_ceo_threshold_career_historical_hua_xin	3k_mtu_ceo_career_historical_hua_xin	1	0	1	1	false
3k_mtu_ceo_threshold_career_historical_jian_yong	3k_mtu_ceo_career_historical_jian_yong	1	0	1	1	false
3k_mtu_ceo_threshold_career_historical_lady_bian_huilan	3k_mtu_ceo_career_historical_lady_bian_huilan	1	0	1	1	false
3k_mtu_ceo_threshold_career_historical_lady_da_qiao	3k_mtu_ceo_career_historical_lady_da_qiao	1	0	1	1	false
3k_mtu_ceo_threshold_career_historical_lady_diao_chan	3k_mtu_ceo_career_historical_lady_diao_chan	1	0	1	1	false
3k_mtu_ceo_threshold_career_historical_lady_dong_bai	3k_mtu_ceo_career_historical_lady_dong_bai	1	0	1	1	false
3k_mtu_ceo_threshold_career_historical_lady_dong_li	3k_mtu_ceo_career_historical_lady_dong_li	1	0	1	1	false
3k_mtu_ceo_threshold_career_historical_lady_dong_peishan	3k_mtu_ceo_career_historical_lady_dong_peishan	1	0	1	1	false
3k_mtu_ceo_threshold_career_historical_lady_fei	3k_mtu_ceo_career_historical_lady_fei	1	0	1	1	false
3k_mtu_ceo_threshold_career_historical_lady_gao_zhulan	3k_mtu_ceo_career_historical_lady_gao_zhulan	1	0	1	1	false
3k_mtu_ceo_threshold_career_historical_lady_gongsun_jinting	3k_mtu_ceo_career_historical_lady_gongsun_jinting	1	0	1	1	false
3k_mtu_ceo_threshold_career_historical_lady_guan_yinping	3k_mtu_ceo_career_historical_lady_guan_yinping	1	0	1	1	false
3k_mtu_ceo_threshold_career_historical_lady_lu_ji	3k_mtu_ceo_career_historical_lady_lu_ji	1	0	1	1	false
3k_mtu_ceo_threshold_career_historical_lady_lu_zheng	3k_mtu_ceo_career_historical_lady_lu_zheng	1	0	1	1	false
3k_mtu_ceo_threshold_career_historical_lady_ma_lanli	3k_mtu_ceo_career_historical_lady_ma_lanli	1	0	1	1	false
3k_mtu_ceo_threshold_career_historical_lady_ma_yunlu	3k_mtu_ceo_career_historical_lady_ma_yunlu	1	0	1	1	false
3k_mtu_ceo_threshold_career_historical_lady_shi	3k_mtu_ceo_career_historical_lady_shi	1	0	1	1	false
3k_mtu_ceo_threshold_career_historical_lady_trieu	3k_mtu_ceo_career_historical_lady_trieu	1	0	1	1	false
3k_mtu_ceo_threshold_career_historical_lady_wang_liting	3k_mtu_ceo_career_historical_lady_wang_liting	1	0	1	1	false
3k_mtu_ceo_threshold_career_historical_lady_wu_minyu	3k_mtu_ceo_career_historical_lady_wu_minyu	1	0	1	1	false
3k_mtu_ceo_threshold_career_historical_lady_xiao_qiao	3k_mtu_ceo_career_historical_lady_xiao_qiao	1	0	1	1	false
3k_mtu_ceo_threshold_career_historical_lady_zhang_jinglan	3k_mtu_ceo_career_historical_lady_zhang_jinglan	1	0	1	1	false
3k_mtu_ceo_threshold_career_historical_lady_zhang_xingcai	3k_mtu_ceo_career_historical_lady_zhang_xingcai	1	0	1	1	false
3k_mtu_ceo_threshold_career_historical_lady_zou_yuan	3k_mtu_ceo_career_historical_lady_zou_yuan	1	0	1	1	false
3k_mtu_ceo_threshold_career_historical_liu_shan	3k_mtu_ceo_career_historical_liu_shan	1	0	1	1	false
3k_mtu_ceo_threshold_career_historical_lu_jun	3k_mtu_ceo_career_historical_lu_jun	1	0	1	1	false
3k_mtu_ceo_threshold_career_historical_ma_dai	3k_mtu_ceo_career_historical_ma_dai	1	0	1	1	false
3k_mtu_ceo_threshold_career_historical_qu_gong	3k_mtu_ceo_career_historical_qu_gong	1	0	1	1	false
3k_mtu_ceo_threshold_career_historical_wu_anguo	3k_mtu_ceo_career_historical_wu_anguo	1	0	1	1	false
3k_mtu_ceo_threshold_career_historical_yan_xiang	3k_mtu_ceo_career_historical_yan_xiang	1	0	1	1	false
3k_mtu_ceo_threshold_career_historical_zhang_bao	3k_mtu_ceo_career_historical_zhang_bao	1	0	1	1	false
3k_mtu_ceo_threshold_career_historical_zhao_yun	3k_mtu_ceo_career_historical_zhao_yun	1	0	1	1	false
3k_mtu_ceo_threshold_career_historical_zhu_beng	3k_mtu_ceo_career_historical_zhu_beng	1	0	1	1	false
3k_mtu_ceo_threshold_career_historical_zhu_tu	3k_mtu_ceo_career_historical_zhu_tu	1	0	1	1	false
3k_ytr_ceo_threshold_career_heaven_astrologer	3k_ytr_ceo_career_heaven_astrologer	1	0	1	1	false
3k_ytr_ceo_threshold_career_heaven_monk	3k_ytr_ceo_career_heaven_monk	1	0	1	1	false
3k_ytr_ceo_threshold_career_heaven_philosopher	3k_ytr_ceo_career_heaven_philosopher	1	0	1	1	false
3k_ytr_ceo_threshold_career_heaven_sorcerer	3k_ytr_ceo_career_heaven_sorcerer	1	0	1	1	false
3k_ytr_ceo_threshold_career_heaven_writer	3k_ytr_ceo_career_heaven_writer	1	0	1	1	false
3k_ytr_ceo_threshold_career_land_brewer	3k_ytr_ceo_career_land_brewer	1	0	1	1	false
3k_ytr_ceo_threshold_career_land_builder	3k_ytr_ceo_career_land_builder	1	0	1	1	false
3k_ytr_ceo_threshold_career_land_farmer	3k_ytr_ceo_career_land_farmer	1	0	1	1	false
3k_ytr_ceo_threshold_career_land_jade_carver	3k_ytr_ceo_career_land_jade_carver	1	0	1	1	false
3k_ytr_ceo_threshold_career_land_potter	3k_ytr_ceo_career_land_potter	1	0	1	1	false
3k_ytr_ceo_threshold_career_people_advisor	3k_ytr_ceo_career_people_advisor	1	0	1	1	false
3k_ytr_ceo_threshold_career_people_entertainer	3k_ytr_ceo_career_people_entertainer	1	0	1	1	false
3k_ytr_ceo_threshold_career_people_fortune_teller	3k_ytr_ceo_career_people_fortune_teller	1	0	1	1	false
3k_ytr_ceo_threshold_career_people_musician	3k_ytr_ceo_career_people_musician	1	0	1	1	false
3k_ytr_ceo_threshold_career_people_physician	3k_ytr_ceo_career_people_physician	1	0	1	1	false
ep_ceo_threshold_career_historical_cao_huan	ep_ceo_career_historical_cao_huan	1	0	1	1	false
ep_ceo_threshold_career_historical_gongsun_hong	ep_ceo_career_historical_gongsun_hong	1	0	1	1	false
ep_ceo_threshold_career_historical_he_lun	ep_ceo_career_historical_he_lun	1	0	1	1	false
ep_ceo_threshold_career_historical_huangfu_shang	ep_ceo_career_historical_huangfu_shang	1	0	1	1	false
ep_ceo_threshold_career_historical_jia_mi	ep_ceo_career_historical_jia_mi	1	0	1	1	false
ep_ceo_threshold_career_historical_jia_mo	ep_ceo_career_historical_jia_mo	1	0	1	1	false
ep_ceo_threshold_career_historical_li_han	ep_ceo_career_historical_li_han	1	0	1	1	false
ep_ceo_threshold_career_historical_liu_qi	ep_ceo_career_historical_liu_qi	1	0	1	1	false
ep_ceo_threshold_career_historical_liu_shen	ep_ceo_career_historical_liu_shen	1	0	1	1	false
ep_ceo_threshold_career_historical_lu_ji	ep_ceo_career_historical_lu_ji	1	0	1	1	false
ep_ceo_threshold_career_historical_lu_zhi	ep_ceo_career_historical_lu_zhi	1	0	1	1	false
ep_ceo_threshold_career_historical_pei_wei	ep_ceo_career_historical_pei_wei	1	0	1	1	false
ep_ceo_threshold_career_historical_princess_pei	ep_ceo_career_historical_princess_pei	1	0	1	1	false
ep_ceo_threshold_career_historical_qi_sheng	ep_ceo_career_historical_qi_sheng	1	0	1	1	false
ep_ceo_threshold_career_historical_shi_chao	ep_ceo_career_historical_shi_chao	1	0	1	1	false
ep_ceo_threshold_career_historical_sima_ai	ep_ceo_career_historical_sima_ai	1	0	1	1	false
ep_ceo_threshold_career_historical_sima_cui	ep_ceo_career_historical_sima_cui	1	0	1	1	false
ep_ceo_threshold_career_historical_sima_jiong	ep_ceo_career_historical_sima_jiong	1	0	1	1	false
ep_ceo_threshold_career_historical_sima_ju	ep_ceo_career_historical_sima_ju	1	0	1	1	false
ep_ceo_threshold_career_historical_sima_liang	ep_ceo_career_historical_sima_liang	1	0	1	1	false
ep_ceo_threshold_career_historical_sima_lun	ep_ceo_career_historical_sima_lun	1	0	1	1	false
ep_ceo_threshold_career_historical_sima_song	ep_ceo_career_historical_sima_song	1	0	1	1	false
ep_ceo_threshold_career_historical_sima_wei	ep_ceo_career_historical_sima_wei	1	0	1	1	false
ep_ceo_threshold_career_historical_sima_ying	ep_ceo_career_historical_sima_ying	1	0	1	1	false
ep_ceo_threshold_career_historical_sima_yong	ep_ceo_career_historical_sima_yong	1	0	1	1	false
ep_ceo_threshold_career_historical_sima_yu_earth	ep_ceo_career_historical_sima_yu_earth	1	0	1	1	false
ep_ceo_threshold_career_historical_sima_yu_metal	ep_ceo_career_historical_sima_yu_metal	1	0	1	1	false
ep_ceo_threshold_career_historical_sima_yue	ep_ceo_career_historical_sima_yue	1	0	1	1	false
ep_ceo_threshold_career_historical_sun_xiu	ep_ceo_career_historical_sun_xiu	1	0	1	1	false
ep_ceo_threshold_career_historical_wei_guan	ep_ceo_career_historical_wei_guan	1	0	1	1	false
ep_ceo_threshold_career_historical_zhang_fang	ep_ceo_career_historical_zhang_fang	1	0	1	1	false
ep_ceo_threshold_career_historical_zhang_hua	ep_ceo_career_historical_zhang_hua	1	0	1	1	false
3k_main_ceo_career_historical_buyeo_gusu	3k_main_ceo_career_historical_buyeo_gusu	1	0	1	1	false
3k_main_ceo_career_historical_buyeo_gol	3k_main_ceo_career_historical_buyeo_gol	1	0	1	1	false
3k_main_ceo_career_historical_buyeo_usu	3k_main_ceo_career_historical_buyeo_usu	1	0	1	1	false
3k_main_ceo_career_historical_buyeo_jil	3k_main_ceo_career_historical_buyeo_jil	1	0	1	1	false
3k_main_ceo_career_historical_buyeo_saban	3k_main_ceo_career_historical_buyeo_saban	1	0	1	1	false
3k_main_ceo_career_historical_gil_seon	3k_main_ceo_career_historical_gil_seon	1	0	1	1	false
3k_main_ceo_career_historical_jin_gwa	3k_main_ceo_career_historical_jin_gwa	1	0	1	1	false
3k_main_ceo_career_historical_jin_chung	3k_main_ceo_career_historical_jin_chung	1	0	1	1	false
3k_main_ceo_career_historical_jin_mul	3k_main_ceo_career_historical_jin_mul	1	0	1	1	false
3k_main_ceo_career_historical_jin_ga	3k_main_ceo_career_historical_jin_ga	1	0	1	1	false
3k_main_ceo_career_historical_hoe_hoe	3k_main_ceo_career_historical_hoe_hoe	1	0	1	1	false
3k_main_ceo_career_historical_woo_du	3k_main_ceo_career_historical_woo_du	1	0	1	1	false
3k_main_ceo_career_historical_go_su	3k_main_ceo_career_historical_go_su	1	0	1	1	false
3k_main_ceo_career_historical_yu_gi	3k_main_ceo_career_historical_yu_gi	1	0	1	1	false
3k_main_ceo_career_historical_gon_no	3k_main_ceo_career_historical_gon_no	1	0	1	1	false
3k_main_ceo_career_historical_go_balgi	3k_main_ceo_career_historical_go_balgi	1	0	1	1	false
3k_main_ceo_career_historical_go_yeonu	3k_main_ceo_career_historical_go_yeonu	1	0	1	1	false
3k_main_ceo_career_historical_go_gyesu	3k_main_ceo_career_historical_go_gyesu	1	0	1	1	false
3k_main_ceo_career_historical_go_uwugeo	3k_main_ceo_career_historical_go_uwugeo	1	0	1	1	false
3k_main_ceo_career_historical_go_bakwigeo	3k_main_ceo_career_historical_go_bakwigeo	1	0	1	1	false
3k_main_ceo_career_historical_lady_woo	3k_main_ceo_career_historical_lady_woo	1	0	1	1	false
3k_main_ceo_career_historical_an_ryu	3k_main_ceo_career_historical_an_ryu	1	0	1	1	false
3k_main_ceo_career_historical_eul_paso	3k_main_ceo_career_historical_eul_paso	1	0	1	1	false
3k_main_ceo_career_historical_jwa_garyeo	3k_main_ceo_career_historical_jwa_garyeo	1	0	1	1	false
3k_main_ceo_career_historical_eo_biryu	3k_main_ceo_career_historical_eo_biryu	1	0	1	1	false
3k_main_ceo_career_historical_myeongrim_eosu	3k_main_ceo_career_historical_myeongrim_eosu	1	0	1	1	false
3k_main_ceo_career_historical_go_uru	3k_main_ceo_career_historical_go_uru	1	0	1	1	false
3k_main_ceo_career_historical_mil_u	3k_main_ceo_career_historical_mil_u	1	0	1	1	false
3k_main_ceo_career_historical_yu_yu	3k_main_ceo_career_historical_yu_yu	1	0	1	1	false
3k_main_ceo_career_historical_yu_okgu	3k_main_ceo_career_historical_yu_okgu	1	0	1	1	false
3k_main_ceo_career_historical_go_yeonbul	3k_main_ceo_career_historical_go_yeonbul	1	0	1	1	false
3k_main_ceo_career_historical_hu_nyeo	3k_main_ceo_career_historical_hu_nyeo	1	0	1	1	false
3k_main_ceo_career_historical_deuk_rae	3k_main_ceo_career_historical_deuk_rae	1	0	1	1	false
3k_main_ceo_career_historical_go_munseong	3k_main_ceo_career_historical_go_munseong	1	0	1	1	false
3k_main_ceo_career_historical_go_seongbang	3k_main_ceo_career_historical_go_seongbang	1	0	1	1	false
3k_main_ceo_career_historical_go_ik	3k_main_ceo_career_historical_go_ik	1	0	1	1	false
3k_main_ceo_career_historical_hae_mayeo	3k_main_ceo_career_historical_hae_mayeo	1	0	1	1	false
3k_main_ceo_career_historical_woo_wigeo	3k_main_ceo_career_historical_woo_wigeo	1	0	1	1	false
3k_main_ceo_career_historical_kim_suro	3k_main_ceo_career_historical_kim_suro	1	0	1	1	false
3k_main_ceo_career_historical_heo_hwangok	3k_main_ceo_career_historical_heo_hwangok	1	0	1	1	false
3k_main_ceo_career_historical_tam_hari	3k_main_ceo_career_historical_tam_hari	1	0	1	1	false
3k_main_ceo_career_historical_kim_geodeung	3k_main_ceo_career_historical_kim_geodeung	1	0	1	1	false
3k_main_ceo_career_historical_seok_naehae	3k_main_ceo_career_historical_seok_naehae	1	0	1	1	false
3k_main_ceo_career_historical_lady_sulye	3k_main_ceo_career_historical_lady_sulye	1	0	1	1	false
3k_main_ceo_career_historical_seok_jobun	3k_main_ceo_career_historical_seok_jobun	1	0	1	1	false
3k_main_ceo_career_historical_seok_cheomhae	3k_main_ceo_career_historical_seok_cheomhae	1	0	1	1	false
3k_main_ceo_career_historical_seok_naeeum	3k_main_ceo_career_historical_seok_naeeum	1	0	1	1	false
3k_main_ceo_career_historical_seok_uro	3k_main_ceo_career_historical_seok_uro	1	0	1	1	false
3k_main_ceo_career_historical_seok_aihye	3k_main_ceo_career_historical_seok_aihye	1	0	1	1	false
3k_main_ceo_career_historical_lady_seok	3k_main_ceo_career_historical_lady_seok	1	0	1	1	false
3k_main_ceo_career_historical_kim_gudo	3k_main_ceo_career_historical_kim_gudo	1	0	1	1	false
3k_main_ceo_career_historical_kim_michu	3k_main_ceo_career_historical_kim_michu	1	0	1	1	false
3k_main_ceo_career_historical_kim_malgu	3k_main_ceo_career_historical_kim_malgu	1	0	1	1	false
3k_main_ceo_career_historical_mul_gyeja	3k_main_ceo_career_historical_mul_gyeja	1	0	1	1	false
3k_main_ceo_career_historical_gu_suhye	3k_main_ceo_career_historical_gu_suhye	1	0	1	1	false
3k_main_ceo_career_historical_chung_hweon	3k_main_ceo_career_historical_chung_hweon	1	0	1	1	false
3k_main_ceo_career_historical_yeon_jin	3k_main_ceo_career_historical_yeon_jin	1	0	1	1	false
3k_main_ceo_career_historical_heung_seon	3k_main_ceo_career_historical_heung_seon	1	0	1	1	false
3k_main_ceo_career_historical_seol_bu	3k_main_ceo_career_historical_seol_bu	1	0	1	1	false
3k_main_ceo_career_historical_seol_ji	3k_main_ceo_career_historical_seol_ji	1	0	1	1	false
3k_main_ceo_career_historical_guk_ryang	3k_main_ceo_career_historical_guk_ryang	1	0	1	1	false
3k_main_ceo_career_historical_sul_myeong	3k_main_ceo_career_historical_sul_myeong	1	0	1	1	false
3k_main_ceo_career_historical_hwon_gyeon	3k_main_ceo_career_historical_hwon_gyeon	1	0	1	1	false
3k_main_ceo_career_historical_yun_jong	3k_main_ceo_career_historical_yun_jong	1	0	1	1	false
3k_main_ceo_career_historical_gang_hwon	3k_main_ceo_career_historical_gang_hwon	1	0	1	1	false
3k_main_ceo_career_historical_yeonbul	3k_main_ceo_career_historical_yeonbul	1	0	1	1	false
