key	ceo	point_threshold_to_activate	point_theshold_to_destroy	starting_points	max_points	resets_to_starting_points_when_deactivated
#ceo_thresholds_tables;0;ceo_db/ceo_thresholds_tables/data__						
3k_cp01_threshold_ancillary_guo_jias_armour_unique	3k_cp01_ancillary_armour_guo_jias_armour_unique	1	0	1	1	false
3k_cp01_threshold_ancillary_huang_gais_armour_unique	3k_cp01_ancillary_armour_huang_gais_armour_unique	1	0	1	1	false
3k_cp01_threshold_ancillary_jia_xus_armour_unique	3k_cp01_ancillary_armour_jia_xus_armour_unique	1	0	1	1	false
3k_cp01_threshold_ancillary_pang_tongs_armour_unique	3k_cp01_ancillary_armour_pang_tongs_armour_unique	1	0	1	1	false
3k_dlc04_ancillary_armour_non_deployable_armour_red_common	3k_dlc04_ancillary_armour_non_deployable_armour_red_common	1	0	1	1	false
3k_dlc04_ancillary_armour_non_deployable_armour_red_refined	3k_dlc04_ancillary_armour_non_deployable_armour_red_refined	1	0	1	1	false
3k_dlc04_ancillary_armour_non_deployable_armour_yellow_common	3k_dlc04_ancillary_armour_non_deployable_armour_yellow_common	1	0	1	1	false
3k_dlc04_ceo_career_historical_bao_dan	3k_dlc04_ceo_career_historical_bao_dan	1	0	1	1	false
3k_dlc04_ceo_career_historical_bi_lan	3k_dlc04_ceo_career_historical_bi_lan	1	0	1	1	false
3k_dlc04_ceo_career_historical_duan_gui_ziyin	3k_dlc04_ceo_career_historical_duan_gui_ziyin	1	0	1	1	false
3k_dlc04_ceo_career_historical_feng_fang	3k_dlc04_ceo_career_historical_feng_fang	1	0	1	1	false
3k_dlc04_ceo_career_historical_gao_wang	3k_dlc04_ceo_career_historical_gao_wang	1	0	1	1	false
3k_dlc04_ceo_career_historical_guo_sheng	3k_dlc04_ceo_career_historical_guo_sheng	1	0	1	1	false
3k_dlc04_ceo_career_historical_jiu_dan	3k_dlc04_ceo_career_historical_jiu_dan	1	0	1	1	false
3k_dlc04_ceo_career_historical_qiao_xuan_gongzu	3k_dlc04_ceo_career_historical_qiao_xuan_gongzu	1	0	1	1	false
3k_dlc04_ceo_career_historical_song_dian	3k_dlc04_ceo_career_historical_song_dian	1	0	1	1	false
3k_dlc04_ceo_career_historical_xia_yun	3k_dlc04_ceo_career_historical_xia_yun	1	0	1	1	false
3k_dlc04_ceo_career_historical_xun_shuang_ciming	3k_dlc04_ceo_career_historical_xun_shuang_ciming	1	0	1	1	false
3k_dlc04_ceo_career_historical_zhang_rang	3k_dlc04_ceo_career_historical_zhang_rang	1	0	1	1	false
3k_dlc04_ceo_career_historical_zhao_zhong	3k_dlc04_ceo_career_historical_zhao_zhong	1	0	1	1	false
3k_dlc04_ceo_factional_great_library_authority_common	3k_dlc04_ceo_factional_great_library_authority_common	1	0	1	2	false
3k_dlc04_ceo_factional_great_library_authority_common_locked	3k_dlc04_ceo_factional_great_library_authority_common_locked	1	0	1	2	false
3k_dlc04_ceo_factional_great_library_authority_exceptional	3k_dlc04_ceo_factional_great_library_authority_exceptional	1	0	1	11	false
3k_dlc04_ceo_factional_great_library_authority_exceptional_locked	3k_dlc04_ceo_factional_great_library_authority_exceptional_locked	1	0	1	11	false
3k_dlc04_ceo_factional_great_library_authority_refined	3k_dlc04_ceo_factional_great_library_authority_refined	1	0	1	2	false
3k_dlc04_ceo_factional_great_library_authority_refined_locked	3k_dlc04_ceo_factional_great_library_authority_refined_locked	1	0	1	2	false
3k_dlc04_ceo_factional_great_library_authority_unique	3k_dlc04_ceo_factional_great_library_authority_unique	1	0	1	11	false
3k_dlc04_ceo_factional_great_library_authority_unique_locked	3k_dlc04_ceo_factional_great_library_authority_unique_locked	1	0	1	11	false
3k_dlc04_ceo_factional_great_library_cunning_common	3k_dlc04_ceo_factional_great_library_cunning_common	1	0	1	2	false
3k_dlc04_ceo_factional_great_library_cunning_common_locked	3k_dlc04_ceo_factional_great_library_cunning_common_locked	1	0	1	2	false
3k_dlc04_ceo_factional_great_library_cunning_exceptional	3k_dlc04_ceo_factional_great_library_cunning_exceptional	1	0	1	3001	false
3k_dlc04_ceo_factional_great_library_cunning_exceptional_locked	3k_dlc04_ceo_factional_great_library_cunning_exceptional_locked	1	0	1	3001	false
3k_dlc04_ceo_factional_great_library_cunning_refined	3k_dlc04_ceo_factional_great_library_cunning_refined	1	0	1	6	false
3k_dlc04_ceo_factional_great_library_cunning_refined_locked	3k_dlc04_ceo_factional_great_library_cunning_refined_locked	1	0	1	6	false
3k_dlc04_ceo_factional_great_library_cunning_unique	3k_dlc04_ceo_factional_great_library_cunning_unique	1	0	1	2	false
3k_dlc04_ceo_factional_great_library_cunning_unique_locked	3k_dlc04_ceo_factional_great_library_cunning_unique_locked	1	0	1	2	false
3k_dlc04_ceo_factional_great_library_expertise_common	3k_dlc04_ceo_factional_great_library_expertise_common	1	0	1	2	false
3k_dlc04_ceo_factional_great_library_expertise_common_locked	3k_dlc04_ceo_factional_great_library_expertise_common_locked	1	0	1	2	false
3k_dlc04_ceo_factional_great_library_expertise_exceptional	3k_dlc04_ceo_factional_great_library_expertise_exceptional	1	0	1	11	false
3k_dlc04_ceo_factional_great_library_expertise_exceptional_locked	3k_dlc04_ceo_factional_great_library_expertise_exceptional_locked	1	0	1	11	false
3k_dlc04_ceo_factional_great_library_expertise_refined	3k_dlc04_ceo_factional_great_library_expertise_refined	1	0	1	2	false
3k_dlc04_ceo_factional_great_library_expertise_refined_locked	3k_dlc04_ceo_factional_great_library_expertise_refined_locked	1	0	1	2	false
3k_dlc04_ceo_factional_great_library_expertise_unique	3k_dlc04_ceo_factional_great_library_expertise_unique	1	0	1	2	false
3k_dlc04_ceo_factional_great_library_expertise_unique_locked	3k_dlc04_ceo_factional_great_library_expertise_unique_locked	1	0	1	2	false
3k_dlc04_ceo_factional_great_library_instinct_common	3k_dlc04_ceo_factional_great_library_instinct_common	1	0	1	11	false
3k_dlc04_ceo_factional_great_library_instinct_common_locked	3k_dlc04_ceo_factional_great_library_instinct_common_locked	1	0	1	11	false
3k_dlc04_ceo_factional_great_library_instinct_exceptional	3k_dlc04_ceo_factional_great_library_instinct_exceptional	1	0	1	11	false
3k_dlc04_ceo_factional_great_library_instinct_exceptional_locked	3k_dlc04_ceo_factional_great_library_instinct_exceptional_locked	1	0	1	11	false
3k_dlc04_ceo_factional_great_library_instinct_refined	3k_dlc04_ceo_factional_great_library_instinct_refined	1	0	1	2	false
3k_dlc04_ceo_factional_great_library_instinct_refined_locked	3k_dlc04_ceo_factional_great_library_instinct_refined_locked	1	0	1	2	false
3k_dlc04_ceo_factional_great_library_instinct_unique	3k_dlc04_ceo_factional_great_library_instinct_unique	1	0	1	31	false
3k_dlc04_ceo_factional_great_library_instinct_unique_locked	3k_dlc04_ceo_factional_great_library_instinct_unique_locked	1	0	1	31	false
3k_dlc04_ceo_factional_great_library_resolve_common	3k_dlc04_ceo_factional_great_library_resolve_common	1	0	1	2	false
3k_dlc04_ceo_factional_great_library_resolve_common_locked	3k_dlc04_ceo_factional_great_library_resolve_common_locked	1	0	1	2	false
3k_dlc04_ceo_factional_great_library_resolve_exceptional	3k_dlc04_ceo_factional_great_library_resolve_exceptional	1	0	1	10000001	false
3k_dlc04_ceo_factional_great_library_resolve_exceptional_locked	3k_dlc04_ceo_factional_great_library_resolve_exceptional_locked	1	0	1	10000001	false
3k_dlc04_ceo_factional_great_library_resolve_refined	3k_dlc04_ceo_factional_great_library_resolve_refined	1	0	1	3	false
3k_dlc04_ceo_factional_great_library_resolve_refined_locked	3k_dlc04_ceo_factional_great_library_resolve_refined_locked	1	0	1	3	false
3k_dlc04_ceo_factional_great_library_resolve_unique	3k_dlc04_ceo_factional_great_library_resolve_unique	1	0	1	6	false
3k_dlc04_ceo_factional_great_library_resolve_unique_locked	3k_dlc04_ceo_factional_great_library_resolve_unique_locked	1	0	1	6	false
3k_dlc04_ceo_factional_trophy_cabinet_heroes_unique	3k_dlc04_ceo_factional_trophy_cabinet_heroes_unique	1	0	1	2	false
3k_dlc04_ceo_factional_trophy_cabinet_heroes_unique_locked	3k_dlc04_ceo_factional_trophy_cabinet_heroes_unique_locked	1	0	1	2	false
3k_dlc04_ceo_factional_trophy_cabinet_melee_cav_common	3k_dlc04_ceo_factional_trophy_cabinet_melee_cav_common	1	0	1	2	false
3k_dlc04_ceo_factional_trophy_cabinet_melee_cav_common_locked	3k_dlc04_ceo_factional_trophy_cabinet_melee_cav_common_locked	1	0	1	2	false
3k_dlc04_ceo_factional_trophy_cabinet_melee_cav_refined	3k_dlc04_ceo_factional_trophy_cabinet_melee_cav_refined	1	0	1	4	false
3k_dlc04_ceo_factional_trophy_cabinet_melee_cav_refined_locked	3k_dlc04_ceo_factional_trophy_cabinet_melee_cav_refined_locked	1	0	1	4	false
3k_dlc04_ceo_factional_trophy_cabinet_melee_cav_unique	3k_dlc04_ceo_factional_trophy_cabinet_melee_cav_unique	1	0	1	6	false
3k_dlc04_ceo_factional_trophy_cabinet_melee_cav_unique_locked	3k_dlc04_ceo_factional_trophy_cabinet_melee_cav_unique_locked	1	0	1	6	false
3k_dlc04_ceo_factional_trophy_cabinet_melee_inf_common	3k_dlc04_ceo_factional_trophy_cabinet_melee_inf_common	1	0	1	2	false
3k_dlc04_ceo_factional_trophy_cabinet_melee_inf_common_locked	3k_dlc04_ceo_factional_trophy_cabinet_melee_inf_common_locked	1	0	1	2	false
3k_dlc04_ceo_factional_trophy_cabinet_melee_inf_refined	3k_dlc04_ceo_factional_trophy_cabinet_melee_inf_refined	1	0	1	16	false
3k_dlc04_ceo_factional_trophy_cabinet_melee_inf_refined_locked	3k_dlc04_ceo_factional_trophy_cabinet_melee_inf_refined_locked	1	0	1	16	false
3k_dlc04_ceo_factional_trophy_cabinet_melee_inf_unique	3k_dlc04_ceo_factional_trophy_cabinet_melee_inf_unique	1	0	1	2	false
3k_dlc04_ceo_factional_trophy_cabinet_melee_inf_unique_locked	3k_dlc04_ceo_factional_trophy_cabinet_melee_inf_unique_locked	1	0	1	2	false
3k_dlc04_ceo_factional_trophy_cabinet_people_unique	3k_dlc04_ceo_factional_trophy_cabinet_people_unique	1	0	1	6	false
3k_dlc04_ceo_factional_trophy_cabinet_people_unique_locked	3k_dlc04_ceo_factional_trophy_cabinet_people_unique_locked	1	0	1	6	false
3k_dlc04_ceo_factional_trophy_cabinet_ranged_common	3k_dlc04_ceo_factional_trophy_cabinet_ranged_common	1	0	1	16	false
3k_dlc04_ceo_factional_trophy_cabinet_ranged_common_locked	3k_dlc04_ceo_factional_trophy_cabinet_ranged_common_locked	1	0	1	16	false
3k_dlc04_ceo_factional_trophy_cabinet_ranged_refined	3k_dlc04_ceo_factional_trophy_cabinet_ranged_refined	1	0	1	16	false
3k_dlc04_ceo_factional_trophy_cabinet_ranged_refined_locked	3k_dlc04_ceo_factional_trophy_cabinet_ranged_refined_locked	1	0	1	16	false
3k_dlc04_ceo_factional_trophy_cabinet_ranged_unique	3k_dlc04_ceo_factional_trophy_cabinet_ranged_unique	1	0	1	16	false
3k_dlc04_ceo_factional_trophy_cabinet_ranged_unique_locked	3k_dlc04_ceo_factional_trophy_cabinet_ranged_unique_locked	1	0	1	16	false
3k_dlc04_ceo_factional_trophy_cabinet_shock_cav_common	3k_dlc04_ceo_factional_trophy_cabinet_shock_cav_common	1	0	1	6	false
3k_dlc04_ceo_factional_trophy_cabinet_shock_cav_common_locked	3k_dlc04_ceo_factional_trophy_cabinet_shock_cav_common_locked	1	0	1	6	false
3k_dlc04_ceo_factional_trophy_cabinet_shock_cav_refined	3k_dlc04_ceo_factional_trophy_cabinet_shock_cav_refined	1	0	1	16	false
3k_dlc04_ceo_factional_trophy_cabinet_shock_cav_refined_locked	3k_dlc04_ceo_factional_trophy_cabinet_shock_cav_refined_locked	1	0	1	16	false
3k_dlc04_ceo_factional_trophy_cabinet_shock_cav_unique	3k_dlc04_ceo_factional_trophy_cabinet_shock_cav_unique	1	0	1	16	false
3k_dlc04_ceo_factional_trophy_cabinet_shock_cav_unique_locked	3k_dlc04_ceo_factional_trophy_cabinet_shock_cav_unique_locked	1	0	1	16	false
3k_dlc04_ceo_factional_trophy_cabinet_siege_common	3k_dlc04_ceo_factional_trophy_cabinet_siege_common	1	0	1	2	false
3k_dlc04_ceo_factional_trophy_cabinet_siege_common_locked	3k_dlc04_ceo_factional_trophy_cabinet_siege_common_locked	1	0	1	2	false
3k_dlc04_ceo_factional_trophy_cabinet_siege_refined	3k_dlc04_ceo_factional_trophy_cabinet_siege_refined	1	0	1	6	false
3k_dlc04_ceo_factional_trophy_cabinet_siege_refined_locked	3k_dlc04_ceo_factional_trophy_cabinet_siege_refined_locked	1	0	1	6	false
3k_dlc04_ceo_factional_trophy_cabinet_siege_unique	3k_dlc04_ceo_factional_trophy_cabinet_siege_unique	1	0	1	6	false
3k_dlc04_ceo_factional_trophy_cabinet_siege_unique_locked	3k_dlc04_ceo_factional_trophy_cabinet_siege_unique_locked	1	0	1	6	false
3k_dlc04_ceo_factional_trophy_cabinet_spear_inf_common	3k_dlc04_ceo_factional_trophy_cabinet_spear_inf_common	1	0	1	2	false
3k_dlc04_ceo_factional_trophy_cabinet_spear_inf_common_locked	3k_dlc04_ceo_factional_trophy_cabinet_spear_inf_common_locked	1	0	1	2	false
3k_dlc04_ceo_factional_trophy_cabinet_spear_inf_refined	3k_dlc04_ceo_factional_trophy_cabinet_spear_inf_refined	1	0	1	16	false
3k_dlc04_ceo_factional_trophy_cabinet_spear_inf_refined_locked	3k_dlc04_ceo_factional_trophy_cabinet_spear_inf_refined_locked	1	0	1	16	false
3k_dlc04_ceo_factional_trophy_cabinet_spear_inf_unique	3k_dlc04_ceo_factional_trophy_cabinet_spear_inf_unique	1	0	1	31	false
3k_dlc04_ceo_factional_trophy_cabinet_spear_inf_unique_locked	3k_dlc04_ceo_factional_trophy_cabinet_spear_inf_unique_locked	1	0	1	31	false
3k_dlc04_ceo_threshold_ancillary_accessory_calligraphy_set_unique	3k_dlc04_ancillary_accessory_calligraphy_set_unique	1	0	1	1	false
3k_dlc04_ceo_threshold_ancillary_accessory_nushe_bifa_unique	3k_dlc04_ancillary_accessory_nushe_bifa_unique	1	0	1	1	false
3k_dlc04_ceo_threshold_ancillary_accessory_religious_bell_unique	3k_dlc04_ancillary_accessory_religious_bell_unique	1	0	1	1	false
3k_dlc04_ceo_threshold_ancillary_accessory_zhang_liang_unique	3k_dlc04_ancillary_accessory_zhang_liang_unique	1	0	1	1	false
3k_dlc04_ceo_threshold_ancillary_armour_emperor_ling_armour_unique	3k_dlc04_ancillary_armour_emperor_ling_armour_unique	1	0	1	1	false
3k_dlc04_ceo_threshold_ancillary_armour_empress_hes_armour_unique	3k_dlc04_ancillary_armour_empress_hes_armour_unique	1	0	1	1	false
3k_dlc04_ceo_threshold_ancillary_armour_he_jins_armour_unique	3k_dlc04_ancillary_armour_he_jins_armour_unique	1	0	1	1	false
3k_dlc04_ceo_threshold_ancillary_armour_huangfu_songs_armour_unique	3k_dlc04_ancillary_armour_huangfu_songs_armour_unique	1	0	1	1	false
3k_dlc04_ceo_threshold_ancillary_armour_lu_zhis_armour_unique	3k_dlc04_ancillary_armour_lu_zhis_armour_unique	1	0	1	1	false
3k_dlc04_ceo_threshold_ancillary_armour_prince_liu_chongs_armour_unique	3k_dlc04_ancillary_armour_prince_liu_chongs_armour_unique	1	0	1	1	false
3k_dlc04_ceo_threshold_ancillary_armour_zhang_baos_armour_unique	3k_dlc04_ancillary_armour_zhang_baos_armour_unique	1	0	1	1	false
3k_dlc04_ceo_threshold_ancillary_armour_zhang_jues_armour_unique	3k_dlc04_ancillary_armour_zhang_jues_armour_unique	1	0	1	1	false
3k_dlc04_ceo_threshold_ancillary_armour_zhang_liangs_armour_unique	3k_dlc04_ancillary_armour_zhang_liangs_armour_unique	1	0	1	1	false
3k_dlc04_ceo_threshold_ancillary_weapon_bow_huangfu_song_unique	3k_dlc04_ancillary_weapon_bow_huangfu_song_unique	1	0	1	1	false
3k_dlc04_ceo_threshold_ancillary_weapon_crossbow_prince_liu_chong_unique	3k_dlc04_ancillary_weapon_crossbow_prince_liu_chong_unique	1	0	1	1	false
3k_dlc04_ceo_threshold_ancillary_weapon_staff_zhang_jue_unique	3k_dlc04_ancillary_weapon_staff_zhang_jue_unique	1	0	1	1	false
3k_dlc04_ceo_threshold_career_historical_beigong_boyu	3k_dlc04_ceo_career_historical_beigong_boyu	1	0	1	1	false
3k_dlc04_ceo_threshold_career_historical_bian_zhang	3k_dlc04_ceo_career_historical_bian_zhang	1	0	1	1	false
3k_dlc04_ceo_threshold_career_historical_bo_cai	3k_dlc04_ceo_career_historical_bo_cai	1	0	1	1	false
3k_dlc04_ceo_threshold_career_historical_cai_yong_bojie	3k_dlc04_ceo_career_historical_cai_yong_bojie	1	0	1	1	false
3k_dlc04_ceo_threshold_career_historical_cao_de	3k_dlc04_ceo_career_historical_cao_de	1	0	1	1	false
3k_dlc04_ceo_threshold_career_historical_cao_song_jugao	3k_dlc04_ceo_career_historical_cao_song_jugao	1	0	1	1	false
3k_dlc04_ceo_threshold_career_historical_chen_deng_yuanlong	3k_dlc04_ceo_career_historical_chen_deng_yuanlong	1	0	1	1	false
3k_dlc04_ceo_threshold_career_historical_chen_gui_hanyu	3k_dlc04_ceo_career_historical_chen_gui_hanyu	1	0	1	1	false
3k_dlc04_ceo_threshold_career_historical_chen_su	3k_dlc04_ceo_career_historical_chen_su	1	0	1	1	false
3k_dlc04_ceo_threshold_career_historical_cheng_qiu	3k_dlc04_ceo_career_historical_cheng_qiu	1	0	1	1	false
3k_dlc04_ceo_threshold_career_historical_diao_chan	3k_dlc04_ceo_career_historical_diao_chan	1	0	1	1	false
3k_dlc04_ceo_threshold_career_historical_ding_yuan_jianyang	3k_dlc04_ceo_career_historical_ding_yuan_jianyang	1	0	1	1	false
3k_dlc04_ceo_threshold_career_historical_dong_he_youzai	3k_dlc04_ceo_career_historical_dong_he_youzai	1	0	1	1	false
3k_dlc04_ceo_threshold_career_historical_du_ji_bohou	3k_dlc04_ceo_career_historical_du_ji_bohou	1	0	1	1	false
3k_dlc04_ceo_threshold_career_historical_emperor_ling	3k_dlc04_ceo_career_historical_emperor_ling	1	0	1	2	false
3k_dlc04_ceo_threshold_career_historical_emperor_shao	3k_dlc04_ceo_career_historical_emperor_shao	1	0	1	1	false
3k_dlc04_ceo_threshold_career_historical_empress_he	3k_dlc04_ceo_career_historical_empress_he	1	0	1	1	false
3k_dlc04_ceo_threshold_career_historical_fu_xie_nanrong	3k_dlc04_ceo_career_historical_fu_xie_nanrong	1	0	1	1	false
3k_dlc04_ceo_threshold_career_historical_gao_you	3k_dlc04_ceo_career_historical_gao_you	1	0	1	1	false
3k_dlc04_ceo_threshold_career_historical_guan_hai	3k_dlc04_ceo_career_historical_guan_hai	1	0	1	1	false
3k_dlc04_ceo_threshold_career_historical_han_xian	3k_dlc04_ceo_career_historical_han_xian	1	0	1	1	false
3k_dlc04_ceo_threshold_career_historical_he_jin	3k_dlc04_ceo_career_historical_he_jin	1	0	1	1	false
3k_dlc04_ceo_threshold_career_historical_huangfu_song	3k_dlc04_ceo_career_historical_huangfu_song	1	0	1	1	false
3k_dlc04_ceo_threshold_career_historical_jin_xuan_yuanji	3k_dlc04_ceo_career_historical_jin_xuan_yuanji	1	0	1	1	false
3k_dlc04_ceo_threshold_career_historical_lady_cai_yan_wenji	3k_dlc04_ceo_career_historical_lady_cai_yan_wenji	1	0	1	1	false
3k_dlc04_ceo_threshold_career_historical_lady_da_qiao	3k_dlc04_ceo_career_historical_lady_da_qiao	1	0	1	1	false
3k_dlc04_ceo_threshold_career_historical_lady_wang_song	3k_dlc04_ceo_career_historical_lady_wang_song	1	0	1	1	false
3k_dlc04_ceo_threshold_career_historical_lady_xiao_qiao	3k_dlc04_ceo_career_historical_lady_xiao_qiao	1	0	1	1	false
3k_dlc04_ceo_threshold_career_historical_li_wenhou	3k_dlc04_ceo_career_historical_li_wenhou	1	0	1	1	false
3k_dlc04_ceo_threshold_career_historical_liu_chong	3k_dlc04_ceo_career_historical_liu_chong	1	0	1	1	false
3k_dlc04_ceo_threshold_career_historical_liu_hong_yuanzhuo	3k_dlc04_ceo_career_historical_liu_hong_yuanzhuo	1	0	1	1	false
3k_dlc04_ceo_threshold_career_historical_liu_pi	3k_dlc04_ceo_career_historical_liu_pi	1	0	1	1	false
3k_dlc04_ceo_threshold_career_historical_liu_xun_zitai	3k_dlc04_ceo_career_historical_liu_xun_zitai	1	0	1	1	false
3k_dlc04_ceo_threshold_career_historical_liu_zhi	3k_dlc04_ceo_career_historical_lu_zhi	1	0	1	1	false
3k_dlc04_ceo_threshold_career_historical_lu_boshe	3k_dlc04_ceo_career_historical_lu_boshe	1	0	1	1	false
3k_dlc04_ceo_threshold_career_historical_lu_ji_gongji	3k_dlc04_ceo_career_historical_lu_ji_gongji	1	0	1	1	false
3k_dlc04_ceo_threshold_career_historical_lu_jun	3k_dlc04_ceo_career_historical_lu_jun	1	0	1	1	false
3k_dlc04_ceo_threshold_career_historical_lu_kang_jining	3k_dlc04_ceo_career_historical_lu_kang_jining	1	0	1	1	false
3k_dlc04_ceo_threshold_career_historical_lu_yu_zijia	3k_dlc04_ceo_career_historical_lu_yu_zijia	1	0	1	1	false
3k_dlc04_ceo_threshold_career_historical_luo_jun_xiaoyuan	3k_dlc04_ceo_career_historical_luo_jun_xiaoyuan	1	0	1	1	false
3k_dlc04_ceo_threshold_career_historical_luo_tong_gongxu	3k_dlc04_ceo_career_historical_luo_tong_gongxu	1	0	1	1	false
3k_dlc04_ceo_threshold_career_historical_ma_midi_wengshu	3k_dlc04_ceo_career_historical_ma_midi_wengshu	1	0	1	1	false
3k_dlc04_ceo_threshold_career_historical_ma_yuanyi	3k_dlc04_ceo_career_historical_ma_yuanyi	1	0	1	1	false
3k_dlc04_ceo_threshold_career_historical_qiao_mao_yuanwei	3k_dlc04_ceo_career_historical_qiao_mao_yuanwei	1	0	1	1	false
3k_dlc04_ceo_threshold_career_historical_song_jian	3k_dlc04_ceo_career_historical_song_jian	1	0	1	1	false
3k_dlc04_ceo_threshold_career_historical_tang_zhou	3k_dlc04_ceo_career_historical_tang_zhou	1	0	1	1	false
3k_dlc04_ceo_threshold_career_historical_wang_guo	3k_dlc04_ceo_career_historical_wang_guo	1	0	1	1	false
3k_dlc04_ceo_threshold_career_historical_wu_qiong_deyu	3k_dlc04_ceo_career_historical_wu_qiong_deyu	1	0	1	1	false
3k_dlc04_ceo_threshold_career_historical_xue_zhou	3k_dlc04_ceo_career_historical_xue_zhou	1	0	1	1	false
3k_dlc04_ceo_threshold_career_historical_ying_qu_xiulian	3k_dlc04_ceo_career_historical_ying_qu_xiulian	1	0	1	1	false
3k_dlc04_ceo_threshold_career_historical_ying_shao_zhongyuan	3k_dlc04_ceo_career_historical_ying_shao_zhongyuan	1	0	1	1	false
3k_dlc04_ceo_threshold_career_historical_ying_yang_delian	3k_dlc04_ceo_career_historical_ying_yang_delian	1	0	1	1	false
3k_dlc04_ceo_threshold_career_historical_yuan_yi_boye	3k_dlc04_ceo_career_historical_yuan_yi_boye	1	0	1	1	false
3k_dlc04_ceo_threshold_career_historical_zhang_bao	3k_dlc04_ceo_career_historical_zhang_bao	1	0	1	1	false
3k_dlc04_ceo_threshold_career_historical_zhang_jue	3k_dlc04_ceo_career_historical_zhang_jue	1	0	1	1	false
3k_dlc04_ceo_threshold_career_historical_zhang_liang	3k_dlc04_ceo_career_historical_zhang_liang	1	0	1	1	false
3k_dlc04_ceo_threshold_career_historical_zhang_mancheng	3k_dlc04_ceo_career_historical_zhang_mancheng	1	0	1	1	false
3k_dlc04_ceo_threshold_career_historical_zhang_wen_boshen	3k_dlc04_ceo_career_historical_zhang_wen_boshen	1	0	1	1	false
3k_dlc04_ceo_threshold_career_historical_zhao_hong	3k_dlc04_ceo_career_historical_zhao_hong	1	0	1	1	false
3k_dlc04_ceo_threshold_career_historical_zhou_bi_zhongyuan	3k_dlc04_ceo_career_historical_zhou_bi_zhongyuan	1	0	1	1	false
3k_dlc04_ceo_threshold_career_historical_zhou_xin_daming	3k_dlc04_ceo_career_historical_zhou_xin_daming	1	0	1	1	false
3k_dlc04_ceo_threshold_career_historical_zong_yuan	3k_dlc04_ceo_career_historical_zong_yuan	1	0	1	1	false
3k_dlc04_political_support_party01	3k_dlc04_political_support_party01	1	0	1	10	false
3k_dlc04_political_support_party02	3k_dlc04_political_support_party02	1	0	1	10	false
3k_dlc04_political_support_party03	3k_dlc04_political_support_party03	1	0	1	10	false
3k_dlc04_threshold_ancillary_apprentice_crafter	3k_dlc04_ancillary_follower_apprentice_crafter	1	0	1	1	false
3k_dlc04_threshold_ancillary_diao_chans_armour_unique	3k_dlc04_ancillary_armour_diao_chans_armour_unique	1	0	1	1	false
3k_dlc04_threshold_ancillary_master_crafter	3k_dlc04_ancillary_follower_master_crafter	1	0	1	1	false
3k_dlc04_threshold_ancillary_mount_liu_chong	3k_dlc04_ancillary_mount_liu_chong	1	0	1	1	false
3k_dlc04_threshold_ancillary_xun_yus_armour_unique	3k_dlc04_ancillary_armour_xun_yus_armour_unique	1	0	1	1	false
3k_dlc05_ancillary_title_attendant	3k_dlc05_ancillary_title_attendant	2	0	2	2	false
3k_dlc05_ceo_career_historical_zhang_fang	3k_dlc05_ceo_career_historical_zhang_fang	1	0	1	1	false
3k_dlc05_ceo_factional_warrior_defeated_gongsun_du	3k_dlc05_ceo_factional_warrior_defeated_gongsun_du	1	0	1	1	false
3k_dlc05_ceo_factional_warrior_defeated_liu_pi	3k_dlc05_ceo_factional_warrior_defeated_liu_pi	1	0	1	2	false
3k_dlc05_ceo_factional_warrior_defeated_song_jian	3k_dlc05_ceo_factional_warrior_defeated_song_jian	1	0	1	2	false
3k_dlc05_ceo_factional_warrior_defeated_wu_huan	3k_dlc05_ceo_factional_warrior_defeated_wu_huan	1	0	1	2	false
3k_dlc05_ceo_factional_warrior_defeated_yuan_shang	3k_dlc05_ceo_factional_warrior_defeated_yuan_shang	1	0	1	2	false
3k_dlc05_ceo_factional_warrior_defeated_yuan_tan	3k_dlc05_ceo_factional_warrior_defeated_yuan_tan	1	0	1	2	false
3k_dlc05_ceo_factional_warrior_defeated_yuan_yao	3k_dlc05_ceo_factional_warrior_defeated_yuan_yao	1	0	1	2	false
3k_dlc05_ceo_threshold_ambition_achieve_artery_of_the_world	3k_dlc05_ceo_sun_ce_ambition_achieve_artery_of_the_world	1	0	1	11	false
3k_dlc05_ceo_threshold_ambition_achieve_defeat_huang_zu	3k_dlc05_ceo_sun_ce_ambition_achieve_defeat_huang_zu	1	0	1	2	false
3k_dlc05_ceo_threshold_ambition_achieve_defeat_the_white_tiger	3k_dlc05_ceo_sun_ce_ambition_achieve_defeat_the_white_tiger	1	0	1	2	false
3k_dlc05_ceo_threshold_ambition_achieve_independence	3k_dlc05_ceo_sun_ce_ambition_achieve_independence	1	0	1	2	false
3k_dlc05_ceo_threshold_ambition_achieve_new_centrum	3k_dlc05_ceo_sun_ce_ambition_achieve_new_centrum	1	0	1	2	false
3k_dlc05_ceo_threshold_ambition_achieve_sun_familiy_rises_again	3k_dlc05_ceo_sun_ce_ambition_achieve_sun_familiy_rises_again	1	0	1	2	false
3k_dlc05_ceo_threshold_ambition_achieve_tiny_conquerer	3k_dlc05_ceo_sun_ce_ambition_achieve_tiny_conqueror	1	0	1	6	false
3k_dlc05_ceo_threshold_ambition_achieve_unbeatable	3k_dlc05_ceo_sun_ce_ambition_achieve_unbeatable	1	0	1	6	false
3k_dlc05_ceo_threshold_ambition_achieve_wolf_cub_roars	3k_dlc05_ceo_sun_ce_ambition_achieve_wolf_cub_roars	1	0	1	26	false
3k_dlc05_ceo_threshold_ambition_recruit_female_earth_wood	3k_dlc05_ceo_sun_ce_ambition_recruit_female_earth_wood	1	0	1	3	false
3k_dlc05_ceo_threshold_ambition_recruit_female_metal_fire	3k_dlc05_ceo_sun_ce_ambition_recruit_female_metal_fire	1	0	1	3	false
3k_dlc05_ceo_threshold_ambition_recruit_grandmasters_earth	3k_dlc05_ceo_sun_ce_ambition_recruit_grandmasters_earth	1	0	1	2	false
3k_dlc05_ceo_threshold_ambition_recruit_grandmasters_fire	3k_dlc05_ceo_sun_ce_ambition_recruit_grandmasters_fire	1	0	1	2	false
3k_dlc05_ceo_threshold_ambition_recruit_grandmasters_metal	3k_dlc05_ceo_sun_ce_ambition_recruit_grandmasters_metal	1	0	1	2	false
3k_dlc05_ceo_threshold_ambition_recruit_grandmasters_water	3k_dlc05_ceo_sun_ce_ambition_recruit_grandmasters_water	1	0	1	2	false
3k_dlc05_ceo_threshold_ambition_recruit_grandmasters_wood	3k_dlc05_ceo_sun_ce_ambition_recruit_grandmasters_wood	1	0	1	2	false
3k_dlc05_ceo_threshold_ambition_recruit_high_level_lady_sun	3k_dlc05_ceo_sun_ce_ambition_recruit_high_level_lady_sun	1	0	1	2	false
3k_dlc05_ceo_threshold_ambition_recruit_high_level_sun_ce	3k_dlc05_ceo_sun_ce_ambition_recruit_high_level_sun_ce	1	0	1	2	false
3k_dlc05_ceo_threshold_ambition_recruit_high_level_sun_quan	3k_dlc05_ceo_sun_ce_ambition_recruit_high_level_sun_quan	1	0	1	2	false
3k_dlc05_ceo_threshold_ambition_recruit_high_level_zhou_yu	3k_dlc05_ceo_sun_ce_ambition_recruit_high_level_zhou_yu	1	0	1	2	false
3k_dlc05_ceo_threshold_ambition_recruit_official_earth	3k_dlc05_ceo_sun_ce_ambition_recruit_official_earth	1	0	1	3	false
3k_dlc05_ceo_threshold_ambition_recruit_official_water	3k_dlc05_ceo_sun_ce_ambition_recruit_official_water	1	0	1	3	false
3k_dlc05_ceo_threshold_ambition_recruit_old_fire	3k_dlc05_ceo_sun_ce_ambition_recruit_old_fire	1	0	1	2	false
3k_dlc05_ceo_threshold_ambition_recruit_old_metal	3k_dlc05_ceo_sun_ce_ambition_recruit_old_metal	1	0	1	2	false
3k_dlc05_ceo_threshold_ambition_recruit_old_wood	3k_dlc05_ceo_sun_ce_ambition_recruit_old_wood	1	0	1	2	false
3k_dlc05_ceo_threshold_ambition_recruit_young_earth_wood	3k_dlc05_ceo_sun_ce_ambition_recruit_young_earth_wood	1	0	1	2	false
3k_dlc05_ceo_threshold_ambition_recruit_young_metal_fire	3k_dlc05_ceo_sun_ce_ambition_recruit_young_metal_fire	1	0	1	2	false
3k_dlc05_ceo_threshold_ambition_recruit_young_water	3k_dlc05_ceo_sun_ce_ambition_recruit_young_water	1	0	1	2	false
3k_dlc05_ceo_threshold_ambition_secure_changsha_armour_craftsmen	3k_dlc05_ceo_sun_ce_ambition_secure_changsha_armour_craftsmen	1	0	1	2	false
3k_dlc05_ceo_threshold_ambition_secure_changsha_capital	3k_dlc05_ceo_sun_ce_ambition_secure_changsha_capital	1	0	1	2	false
3k_dlc05_ceo_threshold_ambition_secure_changsha_teahouse	3k_dlc05_ceo_sun_ce_ambition_secure_changsha_teahouse	1	0	1	2	false
3k_dlc05_ceo_threshold_ambition_secure_changsha_trade_port	3k_dlc05_ceo_sun_ce_ambition_secure_changsha_trade_port	1	0	1	2	false
3k_dlc05_ceo_threshold_ambition_secure_jiangling_capital	3k_dlc05_ceo_sun_ce_ambition_secure_jiangling_capital	1	0	1	2	false
3k_dlc05_ceo_threshold_ambition_secure_jiangling_livestock	3k_dlc05_ceo_sun_ce_ambition_secure_jiangling_livestock	1	0	1	2	false
3k_dlc05_ceo_threshold_ambition_secure_jianyue_capital	3k_dlc05_ceo_sun_ce_ambition_secure_jianye_capital	1	0	1	2	false
3k_dlc05_ceo_threshold_ambition_secure_jianyue_copper_mine	3k_dlc05_ceo_sun_ce_ambition_secure_jianye_copper_mine	1	0	1	2	false
3k_dlc05_ceo_threshold_ambition_secure_jianyue_salt_mine	3k_dlc05_ceo_sun_ce_ambition_secure_jianye_salt_mine	1	0	1	2	false
3k_dlc05_ceo_threshold_ambition_secure_kuaiji_capital	3k_dlc05_ceo_sun_ce_ambition_secure_kuaiji_capital	1	0	1	2	false
3k_dlc05_ceo_threshold_ambition_secure_kuaiji_livestock	3k_dlc05_ceo_sun_ce_ambition_secure_kuaiji_livestock	1	0	1	2	false
3k_dlc05_ceo_threshold_ambition_secure_kuaiji_rice_paddy	3k_dlc05_ceo_sun_ce_ambition_secure_kuaiji_rice_paddy	1	0	1	2	false
3k_dlc05_ceo_threshold_ambition_secure_poyang_capital	3k_dlc05_ceo_sun_ce_ambition_secure_poyang_capital	1	0	1	2	false
3k_dlc05_ceo_threshold_ambition_secure_poyang_copper_mine	3k_dlc05_ceo_sun_ce_ambition_secure_poyang_copper_mine	1	0	1	2	false
3k_dlc05_ceo_threshold_ambition_secure_poyang_iron_mine	3k_dlc05_ceo_sun_ce_ambition_secure_poyang_iron_mine	1	0	1	2	false
3k_dlc05_ceo_threshold_ambition_secure_poyang_weapon_craftsmen	3k_dlc05_ceo_sun_ce_ambition_secure_poyang_weapon_craftsmen	1	0	1	2	false
3k_dlc05_ceo_threshold_ambition_secure_xiangyang_capital	3k_dlc05_ceo_sun_ce_ambition_secure_xiangyang_capital	1	0	1	2	false
3k_dlc05_ceo_threshold_ambition_secure_xiangyang_toolmaker	3k_dlc05_ceo_sun_ce_ambition_secure_xiangyang_toolmaker	1	0	1	2	false
3k_dlc05_ceo_threshold_ambition_secure_xindu_capital	3k_dlc05_ceo_sun_ce_ambition_secure_xindu_capital	1	0	1	2	false
3k_dlc05_ceo_threshold_ambition_secure_xindu_fishing_port	3k_dlc05_ceo_sun_ce_ambition_secure_xindu_fishing_port	1	0	1	2	false
3k_dlc05_ceo_threshold_ambition_secure_xindu_lumber_yard	3k_dlc05_ceo_sun_ce_ambition_secure_xindu_lumber_yard	1	0	1	2	false
3k_dlc05_ceo_threshold_ancillary_weapon_white_tigers_claws_faction	3k_dlc05_ancillary_weapon_white_tigers_claws_faction	1	0	1	1	false
3k_dlc05_ceo_threshold_ancillary_white_tigers_claws	3k_dlc05_ancillary_weapon_white_tigers_claws	1	0	1	1	false
3k_dlc05_ceo_threshold_ancilliary_chen_gong_armour_unique	3k_dlc05_ancilliary_armour_chen_gong_armour_unique	1	0	1	1	false
3k_dlc05_ceo_threshold_ancilliary_cheng_pu_armour_unique	3k_dlc05_ancilliary_armour_cheng_pu_armour_unique	1	0	1	1	false
3k_dlc05_ceo_threshold_ancilliary_da_qiao_armour_unique	3k_dlc05_ancilliary_armour_da_qiao_armour_unique	1	0	1	1	false
3k_dlc05_ceo_threshold_ancilliary_gao_shun_armour_unique	3k_dlc05_ancilliary_armour_gao_shun_armour_unique	1	0	1	1	false
3k_dlc05_ceo_threshold_ancilliary_ji_ling_armour_unique	3k_dlc05_ancilliary_armour_ji_ling_armour_unique	1	0	1	1	false
3k_dlc05_ceo_threshold_ancilliary_lady_bian_armour_unique	3k_dlc05_ancilliary_armour_lady_bian_armour_unique	1	0	1	1	false
3k_dlc05_ceo_threshold_ancilliary_lady_mi_armour_unique	3k_dlc05_ancilliary_armour_lady_mi_armour_unique	1	0	1	1	false
3k_dlc05_ceo_threshold_ancilliary_li_jue_armour_unique	3k_dlc05_ancilliary_armour_li_jue_armour_unique	1	0	1	1	false
3k_dlc05_ceo_threshold_ancilliary_liu_yao_armour_unique	3k_dlc05_ancilliary_armour_liu_yao_armour_unique	1	0	1	1	false
3k_dlc05_ceo_threshold_ancilliary_wang_lang_armour_unique	3k_dlc05_ancilliary_armour_wang_lang_armour_unique	1	0	1	1	false
3k_dlc05_ceo_threshold_ancilliary_xiao_qiao_armour_unique	3k_dlc05_ancilliary_armour_xiao_qiao_armour_unique	1	0	1	1	false
3k_dlc05_ceo_threshold_ancilliary_xu_shu_armour_unique	3k_dlc05_ancilliary_armour_xu_shu_armour_unique	1	0	1	1	false
3k_dlc05_ceo_threshold_ancilliary_yan_yu_armour_unique	3k_dlc05_ancilliary_armour_yan_yu_armour_unique	1	0	1	1	false
3k_dlc05_ceo_threshold_ancilliary_zhang_hong_armour_unique	3k_dlc05_ancilliary_armour_zhang_hong_armour_unique	1	0	1	1	false
3k_dlc05_ceo_threshold_ancilliary_zhang_zhao_armour_unique	3k_dlc05_ancilliary_armour_zhang_zhao_armour_unique	1	0	1	1	false
3k_dlc05_ceo_threshold_ancilliary_zhou_tai_armour_unique	3k_dlc05_ancilliary_armour_zhou_tai_armour_unique	1	0	1	1	false
3k_dlc05_ceo_threshold_career_generated_assassin	3k_dlc05_ceo_career_generated_assassin	1	0	1	1	false
3k_dlc05_ceo_threshold_career_generated_avenger	3k_dlc05_ceo_career_generated_avenger	1	0	1	1	false
3k_dlc05_ceo_threshold_career_generated_bandit	3k_dlc05_ceo_career_generated_bandit	1	0	1	1	false
3k_dlc05_ceo_threshold_career_generated_brute	3k_dlc05_ceo_career_generated_brute	1	0	1	1	false
3k_dlc05_ceo_threshold_career_generated_charlatan	3k_dlc05_ceo_career_generated_charlatan	1	0	1	1	false
3k_dlc05_ceo_threshold_career_generated_demagogue	3k_dlc05_ceo_career_generated_demagogue	1	0	1	1	false
3k_dlc05_ceo_threshold_career_generated_disgraced_noble	3k_dlc05_ceo_career_generated_disgraced_noble	1	0	1	1	false
3k_dlc05_ceo_threshold_career_generated_embezzler	3k_dlc05_ceo_career_generated_embezzler	1	0	1	1	false
3k_dlc05_ceo_threshold_career_generated_enforcer	3k_dlc05_ceo_career_generated_enforcer	1	0	1	1	false
3k_dlc05_ceo_threshold_career_generated_escaped_convict	3k_dlc05_ceo_career_generated_escaped_convict	1	0	1	1	false
3k_dlc05_ceo_threshold_career_generated_fugitive_officer	3k_dlc05_ceo_career_generated_fugitive_officer	1	0	1	1	false
3k_dlc05_ceo_threshold_career_generated_hermit	3k_dlc05_ceo_career_generated_hermit	1	0	1	1	false
3k_dlc05_ceo_threshold_career_generated_magician	3k_dlc05_ceo_career_generated_magician	1	0	1	1	false
3k_dlc05_ceo_threshold_career_generated_mastermind	3k_dlc05_ceo_career_generated_mastermind	1	0	1	1	false
3k_dlc05_ceo_threshold_career_generated_murderer	3k_dlc05_ceo_career_generated_murderer	1	0	1	1	false
3k_dlc05_ceo_threshold_career_generated_pillager	3k_dlc05_ceo_career_generated_pillager	1	0	1	1	false
3k_dlc05_ceo_threshold_career_generated_poacher	3k_dlc05_ceo_career_generated_poacher	1	0	1	1	false
3k_dlc05_ceo_threshold_career_generated_ringleader	3k_dlc05_ceo_career_generated_ringleader	1	0	1	1	false
3k_dlc05_ceo_threshold_career_generated_rogue	3k_dlc05_ceo_career_generated_rogue	1	0	1	1	false
3k_dlc05_ceo_threshold_career_generated_saboteur	3k_dlc05_ceo_career_generated_saboteur	1	0	1	1	false
3k_dlc05_ceo_threshold_career_generated_thief	3k_dlc05_ceo_career_generated_thief	1	0	1	1	false
3k_dlc05_ceo_threshold_career_generated_town_drunk	3k_dlc05_ceo_career_generated_town_drunk	1	0	1	1	false
3k_dlc05_ceo_threshold_career_generated_tribal_exile	3k_dlc05_ceo_career_generated_tribal_exile	1	0	1	1	false
3k_dlc05_ceo_threshold_career_generated_trickster	3k_dlc05_ceo_career_generated_trickster	1	0	1	1	false
3k_dlc05_ceo_threshold_career_generated_wanderer	3k_dlc05_ceo_career_generated_wanderer	1	0	1	1	false
3k_dlc05_ceo_threshold_career_historical_chen_ji	3k_dlc05_ceo_career_historical_chen_ji	1	0	1	1	false
3k_dlc05_ceo_threshold_career_historical_cheng_pu_elder	3k_dlc05_ceo_career_historical_cheng_pu_elder	1	0	1	1	false
3k_dlc05_ceo_threshold_career_historical_cheng_yu	3k_dlc05_ceo_career_historical_cheng_yu	1	0	1	1	false
3k_dlc05_ceo_threshold_career_historical_chunyu_qiong	3k_dlc05_ceo_career_historical_chunyu_qiong	1	0	1	1	false
3k_dlc05_ceo_threshold_career_historical_diaochan	3k_dlc05_ceo_career_historical_diaochan	1	0	1	1	false
3k_dlc05_ceo_threshold_career_historical_gao_shun	3k_dlc05_ceo_career_historical_gao_shun	1	0	1	1	false
3k_dlc05_ceo_threshold_career_historical_gongsun_xu	3k_main_ceo_career_historical_gongsun_xu	1	0	1	1	false
3k_dlc05_ceo_threshold_career_historical_guo_si	3k_dlc05_ceo_career_historical_guo_si	1	0	1	1	false
3k_dlc05_ceo_threshold_career_historical_guo_tu	3k_dlc05_ceo_career_historical_guo_tu	1	0	1	1	false
3k_dlc05_ceo_threshold_career_historical_han_dang	3k_dlc05_ceo_career_historical_han_dang	1	0	1	1	false
3k_dlc05_ceo_threshold_career_historical_han_hao	3k_dlc05_ceo_career_historical_han_hao	1	0	1	1	false
3k_dlc05_ceo_threshold_career_historical_hao_meng	3k_dlc05_ceo_career_historical_hao_meng	1	0	1	1	false
3k_dlc05_ceo_threshold_career_historical_hua_xin	3k_dlc05_ceo_career_historical_hua_xin	1	0	1	1	false
3k_dlc05_ceo_threshold_career_historical_ji_ling	3k_dlc05_ceo_career_historical_ji_ling	1	0	1	1	false
3k_dlc05_ceo_threshold_career_historical_ju_shou	3k_dlc05_ceo_career_historical_ju_shou	1	0	1	1	false
3k_dlc05_ceo_threshold_career_historical_lady_mi	3k_dlc05_ceo_career_historical_lady_mi	1	0	1	1	false
3k_dlc05_ceo_threshold_career_historical_li_jue	3k_dlc05_ceo_career_historical_li_jue	1	0	1	1	false
3k_dlc05_ceo_threshold_career_historical_lou_gui	3k_dlc05_ceo_career_historical_lou_gui	1	0	1	1	false
3k_dlc05_ceo_threshold_career_historical_lu_lingqi	3k_dlc05_ceo_career_historical_lu_lingqi	1	0	1	1	false
3k_dlc05_ceo_threshold_career_historical_mao_jie	3k_dlc05_ceo_career_historical_mao_jie	1	0	1	1	false
3k_dlc05_ceo_threshold_career_historical_pang_ji	3k_dlc05_ceo_career_historical_pang_ji	1	0	1	1	false
3k_dlc05_ceo_threshold_career_historical_shen_pei	3k_dlc05_ceo_career_historical_shen_pei	1	0	1	1	false
3k_dlc05_ceo_threshold_career_historical_tian_feng	3k_dlc05_ceo_career_historical_tian_feng	1	0	1	1	false
3k_dlc05_ceo_threshold_career_historical_tian_kai	3k_dlc05_ceo_career_historical_tian_kai	1	0	1	1	false
3k_dlc05_ceo_threshold_career_historical_wu_jing	3k_dlc05_ceo_career_historical_wu_jing	1	0	1	1	false
3k_dlc05_ceo_threshold_career_historical_xu_shao	3k_dlc05_ceo_career_historical_xu_shao	1	0	1	1	false
3k_dlc05_ceo_threshold_career_historical_xu_shu_early	3k_dlc05_ceo_career_historical_xu_shu_early	1	0	1	1	false
3k_dlc05_ceo_threshold_career_historical_xu_you	3k_dlc05_ceo_career_historical_xu_you	1	0	1	1	false
3k_dlc05_ceo_threshold_career_historical_xue_li	3k_dlc05_ceo_career_historical_xue_li	1	0	1	1	false
3k_dlc05_ceo_threshold_career_historical_yang_feng	3k_dlc05_ceo_career_historical_yang_feng	1	0	1	1	false
3k_dlc05_ceo_threshold_career_historical_yang_hong	3k_dlc05_ceo_career_historical_yang_hong	1	0	1	1	false
3k_dlc05_ceo_threshold_career_historical_yu_fan	3k_dlc05_ceo_career_historical_yu_fan	1	0	1	1	false
3k_dlc05_ceo_threshold_career_historical_yuan_huan	3k_dlc05_ceo_career_historical_yuan_huan	1	0	1	1	false
3k_dlc05_ceo_threshold_career_historical_yuan_tan	3k_dlc05_ceo_career_historical_yuan_tan	1	0	1	1	false
3k_dlc05_ceo_threshold_career_historical_zang_ba	3k_dlc05_ceo_career_historical_zang_ba	1	0	1	1	false
3k_dlc05_ceo_threshold_career_historical_ze_rong	3k_dlc05_ceo_career_historical_ze_rong	1	0	1	1	false
3k_dlc05_ceo_threshold_career_historical_zhang_hong	3k_dlc05_ceo_career_historical_zhang_hong	1	0	1	1	false
3k_dlc05_ceo_threshold_career_historical_zhang_miao	3k_dlc05_ceo_career_historical_zhang_miao	1	0	1	1	false
3k_dlc05_ceo_threshold_career_historical_zhang_xiu	3k_dlc05_ceo_career_historical_zhang_xiu	1	0	1	1	false
3k_dlc05_ceo_threshold_career_historical_zhang_zhao	3k_dlc05_ceo_career_historical_zhang_zhao	1	0	1	1	false
3k_dlc05_ceo_threshold_career_historical_zhou_tai_scarred	3k_dlc05_ceo_career_historical_zhou_tai_scarred	1	0	1	1	false
3k_dlc05_ceo_threshold_hidden_shared_expertise	3k_dlc05_ceo_hidden_shared_expertise	1	0	1	1	false
3k_dlc05_threshold_ancillary_title_blood_dragon	3k_dlc05_ancillary_title_blood_dragon	2	0	1	2	false
3k_dlc05_threshold_ancillary_title_chief_of_records	3k_dlc05_ancillary_title_chief_of_records	2	0	2	2	false
3k_dlc05_threshold_ancillary_title_coiled_dragon	3k_dlc05_ancillary_title_coiled_dragon	2	0	1	2	false
3k_dlc05_threshold_ancillary_title_director_of_astronomy	3k_dlc05_ancillary_title_director_of_astronomy	4	0	1	4	false
3k_dlc05_threshold_ancillary_title_director_of_retainers_who_scales_the_city_wall	3k_dlc05_ancillary_title_director_of_retainers_who_scales_the_city_wall	11	0	1	11	false
3k_dlc05_threshold_ancillary_title_divine_mathematician	3k_dlc05_ancillary_title_divine_mathematician	6	0	1	6	false
3k_dlc05_threshold_ancillary_title_divine_physician	3k_dlc05_ancillary_title_divine_physician	6	0	1	6	false
3k_dlc05_threshold_ancillary_title_earth_dragon	3k_dlc05_ancillary_title_earth_dragon	2	0	1	2	false
3k_dlc05_threshold_ancillary_title_flying_swallow_general	3k_dlc05_ancillary_title_flying_swallow_general	2	0	1	2	false
3k_dlc05_threshold_ancillary_title_general_in_chief	3k_dlc05_ancillary_title_general_in_chief	2	0	2	2	false
3k_dlc05_threshold_ancillary_title_general_of_a_hundred_victories	3k_dlc05_ancillary_title_general_of_a_hundred_victories	101	0	1	101	false
3k_dlc05_threshold_ancillary_title_general_of_chariots_and_cavalry	3k_dlc05_ancillary_title_general_of_chariots_and_cavalry	11	0	1	11	false
3k_dlc05_threshold_ancillary_title_general_of_flying_cavalry	3k_dlc05_ancillary_title_general_of_flying_cavalry	2	0	2	2	false
3k_dlc05_threshold_ancillary_title_general_of_heavenly_vision	3k_dlc05_ancillary_title_general_of_heavenly_vision	11	0	1	11	false
3k_dlc05_threshold_ancillary_title_general_of_the_front	3k_dlc05_ancillary_title_general_of_the_front	2	0	1	2	false
3k_dlc05_threshold_ancillary_title_general_of_the_guards	3k_dlc05_ancillary_title_general_of_the_guards	11	0	1	11	false
3k_dlc05_threshold_ancillary_title_general_of_the_left	3k_dlc05_ancillary_title_general_of_the_left	2	0	2	2	false
3k_dlc05_threshold_ancillary_title_general_of_the_right	3k_dlc05_ancillary_title_general_of_the_right	2	0	2	2	false
3k_dlc05_threshold_ancillary_title_general_of_the_standard	3k_dlc05_ancillary_title_general_of_the_standard	11	0	1	11	false
3k_dlc05_threshold_ancillary_title_general_who_brings_tranquillity_to_the_north	3k_dlc05_ancillary_title_general_who_brings_tranquillity_to_the_north	6	0	1	6	false
3k_dlc05_threshold_ancillary_title_general_who_calms_the_waves	3k_dlc05_ancillary_title_general_who_calms_the_waves	2	0	1	2	false
3k_dlc05_threshold_ancillary_title_general_who_pacifies_the_south	3k_dlc05_ancillary_title_general_who_pacifies_the_south	6	0	1	6	false
3k_dlc05_threshold_ancillary_title_general_who_smashes_the_caitiffs	3k_dlc05_ancillary_title_general_who_smashes_the_caitiffs	11	0	1	11	false
3k_dlc05_threshold_ancillary_title_general_who_stands_his_ground	3k_dlc05_ancillary_title_general_who_stands_his_ground	2	0	1	2	false
3k_dlc05_threshold_ancillary_title_general_who_supports_the_han	3k_dlc05_ancillary_title_general_who_supports_the_han	11	0	1	11	false
3k_dlc05_threshold_ancillary_title_general_whom_expands_the_centre	3k_dlc05_ancillary_title_general_whom_expands_the_centre	6	0	1	6	false
3k_dlc05_threshold_ancillary_title_gold_coin_spotted_leopard	3k_dlc05_ancillary_title_gold_spotted_leopard	15001	0	1	15001	false
3k_dlc05_threshold_ancillary_title_guardian_of_three_mountains	3k_dlc05_ancillary_title_guardian_of_three_mountains	2	0	1	2	false
3k_dlc05_threshold_ancillary_title_iron_general	3k_dlc05_ancillary_title_iron_general	2	0	1	2	false
3k_dlc05_threshold_ancillary_title_lord_of_thunder	3k_dlc05_ancillary_title_lord_of_thunder	2	0	1	2	false
3k_dlc05_threshold_ancillary_title_master_of_the_hunt	3k_dlc05_ancillary_title_master_of_the_hunt	2	0	1	2	false
3k_dlc05_threshold_ancillary_title_master_of_writing	3k_dlc05_ancillary_title_master_of_writing	2	0	1	11	false
3k_dlc05_threshold_ancillary_title_orator	3k_dlc05_ancillary_title_orator	2	0	2	2	false
3k_dlc05_threshold_ancillary_title_ox_horn_general	3k_dlc05_ancillary_title_ox_horn_general	11	0	1	11	false
3k_dlc05_threshold_ancillary_title_pacifier_of_the_han	3k_dlc05_ancillary_title_pacifier_of_the_han	21	0	1	21	false
3k_dlc05_threshold_ancillary_title_patrol_commander	3k_dlc05_ancillary_title_patrol_commander	2	0	2	2	false
3k_dlc05_threshold_ancillary_title_protector_of_righteousness	3k_dlc05_ancillary_title_protector_of_righteousness	16	0	1	16	false
3k_dlc05_threshold_ancillary_title_senior_officer	3k_dlc05_ancillary_title_senior_officer	2	0	2	2	false
3k_dlc05_threshold_ancillary_title_steward_of_the_changle_palace	3k_dlc05_ancillary_title_steward_of_the_changle_palace	2	0	1	2	false
3k_dlc05_threshold_ancillary_title_yellow_dragon	3k_dlc05_ancillary_title_yellow_dragon	6	0	1	6	false
3k_dlc05_threshold_ancillary_yan_baihus_armour_unique	3k_dlc05_ancillary_armour_yan_baihus_armour_unique	1	0	1	1	false
3k_dlc05_threshold_career_historical_lady_bian	3k_dlc05_ceo_career_historical_lady_bian	1	0	1	1	false
3k_dlc05_threshold_career_historical_zao_zhi	3k_dlc05_ceo_career_historical_zao_zhi	1	0	1	1	false
3k_dlc06_ancillary_accessory_flying_daggers	3k_dlc06_ancillary_accessory_flying_daggers	1	0	1	1	false
3k_dlc06_ancillary_accessory_malaria_cure	3k_dlc06_ancillary_accessory_malaria_cure	1	0	1	1	false
3k_dlc06_ancillary_accessory_mulus_bell_unique	3k_dlc06_ancillary_accessory_mulus_bell_unique	1	0	1	1	false
3k_dlc06_ancillary_armour_nanman_ahuinan_unique	3k_dlc06_ancillary_armour_nanman_ahuinan_unique	1	0	1	1	false
3k_dlc06_ancillary_armour_nanman_dailaidongzhu_unique	3k_dlc06_ancillary_armour_nanman_dailaidongzhu_unique	1	0	1	1	false
3k_dlc06_ancillary_armour_nanman_dongtuna_unique	3k_dlc06_ancillary_armour_nanman_dongtuna_unique	1	0	1	1	false
3k_dlc06_ancillary_armour_nanman_jinhuansanjie_unique	3k_dlc06_ancillary_armour_nanman_jinhuansanjie_unique	1	0	1	1	false
3k_dlc06_ancillary_armour_nanman_king_duosi_unique	3k_dlc06_ancillary_armour_nanman_king_duosi_unique	1	0	1	1	false
3k_dlc06_ancillary_armour_nanman_king_meng_huo_unique	3k_dlc06_ancillary_armour_nanman_king_meng_huo_unique	1	0	1	1	false
3k_dlc06_ancillary_armour_nanman_king_mulu_unique	3k_dlc06_ancillary_armour_nanman_king_mulu_unique	1	0	1	1	false
3k_dlc06_ancillary_armour_nanman_king_shamoke_unique	3k_dlc06_ancillary_armour_nanman_king_shamoke_unique	1	0	1	1	false
3k_dlc06_ancillary_armour_nanman_king_wutugu_unique	3k_dlc06_ancillary_armour_nanman_king_wutugu_unique	1	0	1	1	false
3k_dlc06_ancillary_armour_nanman_lady_zhurong_unique	3k_dlc06_ancillary_armour_nanman_lady_zhurong_unique	1	0	1	1	false
3k_dlc06_ancillary_armour_nanman_mangyachang_unique	3k_dlc06_ancillary_armour_nanman_mangyachang_unique	1	0	1	1	false
3k_dlc06_ancillary_armour_nanman_medium_common	3k_dlc06_ancillary_armour_nanman_medium_common	1	0	1	1	false
3k_dlc06_ancillary_armour_nanman_medium_exceptional	3k_dlc06_ancillary_armour_nanman_medium_exceptional	1	0	1	1	false
3k_dlc06_ancillary_armour_nanman_medium_refined	3k_dlc06_ancillary_armour_nanman_medium_refined	1	0	1	1	false
3k_dlc06_ancillary_armour_nanman_medium_unique	3k_dlc06_ancillary_armour_nanman_medium_unique	1	0	1	1	false
3k_dlc06_ancillary_armour_nanman_meng_jie_unique	3k_dlc06_ancillary_armour_nanman_meng_jie_unique	1	0	1	1	false
3k_dlc06_ancillary_armour_nanman_meng_you_unique	3k_dlc06_ancillary_armour_nanman_meng_you_unique	1	0	1	1	false
3k_dlc06_ancillary_armour_nanman_tu_an_unique	3k_dlc06_ancillary_armour_nanman_tu_an_unique	1	0	1	1	false
3k_dlc06_ancillary_armour_nanman_xi_ni_unique	3k_dlc06_ancillary_armour_nanman_xi_ni_unique	1	0	1	1	false
3k_dlc06_ancillary_armour_nanman_yang_feng_unique	3k_dlc06_ancillary_armour_nanman_yang_feng_unique	1	0	1	1	false
3k_dlc06_ancillary_follower_shaman	3k_dlc06_ancillary_follower_shaman	1	0	1	1	false
3k_dlc06_ancillary_follower_translator	3k_dlc06_ancillary_follower_translator	1	0	1	1	false
3k_dlc06_ancillary_weapon_axe_stone_common	3k_dlc06_ancillary_weapon_axe_stone_common	1	0	1	1	false
3k_dlc06_ancillary_weapon_burning_mace_unique	3k_dlc06_ancillary_weapon_burning_mace_unique	1	0	1	1	false
3k_dlc06_ancillary_weapon_machete_common	3k_dlc06_ancillary_weapon_machete_common	1	0	1	1	false
3k_dlc06_ancillary_weapon_mixed_flint_common	3k_dlc06_ancillary_weapon_mixed_flint_common	1	0	1	1	false
3k_dlc06_ancilliary_armour_li_ru_armour_unique	3k_dlc06_ancilliary_armour_li_ru_armour_unique	1	0	1	1	false
3k_dlc06_ancilliary_armour_wei_yan_armour_unique	3k_dlc06_ancilliary_armour_wei_yan_armour_unique	1	0	1	1	false
3k_dlc06_ancilliary_armour_xun_you_armour_unique	3k_dlc06_ancilliary_armour_xun_you_armour_unique	1	0	1	1	false
3k_dlc06_ceo_career_generated_nanman_common_earth_01	3k_dlc06_ceo_career_generated_nanman_common_earth_01	1	0	1	10	false
3k_dlc06_ceo_career_generated_nanman_common_earth_02	3k_dlc06_ceo_career_generated_nanman_common_earth_02	1	0	1	10	false
3k_dlc06_ceo_career_generated_nanman_common_fire_01	3k_dlc06_ceo_career_generated_nanman_common_fire_01	1	0	1	10	false
3k_dlc06_ceo_career_generated_nanman_common_fire_02	3k_dlc06_ceo_career_generated_nanman_common_fire_02	1	0	1	10	false
3k_dlc06_ceo_career_generated_nanman_common_metal_01	3k_dlc06_ceo_career_generated_nanman_common_metal_01	1	0	1	10	false
3k_dlc06_ceo_career_generated_nanman_common_metal_02	3k_dlc06_ceo_career_generated_nanman_common_metal_02	1	0	1	10	false
3k_dlc06_ceo_career_generated_nanman_common_water_01	3k_dlc06_ceo_career_generated_nanman_common_water_01	1	0	1	10	false
3k_dlc06_ceo_career_generated_nanman_common_water_02	3k_dlc06_ceo_career_generated_nanman_common_water_02	1	0	1	10	false
3k_dlc06_ceo_career_generated_nanman_common_wood_01	3k_dlc06_ceo_career_generated_nanman_common_wood_01	1	0	1	10	false
3k_dlc06_ceo_career_generated_nanman_common_wood_02	3k_dlc06_ceo_career_generated_nanman_common_wood_02	1	0	1	10	false
3k_dlc06_ceo_career_generated_nanman_exceptional_earth	3k_dlc06_ceo_career_generated_nanman_exceptional_earth	1	0	1	10	false
3k_dlc06_ceo_career_generated_nanman_exceptional_fire	3k_dlc06_ceo_career_generated_nanman_exceptional_fire	1	0	1	10	false
3k_dlc06_ceo_career_generated_nanman_exceptional_metal	3k_dlc06_ceo_career_generated_nanman_exceptional_metal	1	0	1	10	false
3k_dlc06_ceo_career_generated_nanman_exceptional_water	3k_dlc06_ceo_career_generated_nanman_exceptional_water	1	0	1	10	false
3k_dlc06_ceo_career_generated_nanman_exceptional_wood	3k_dlc06_ceo_career_generated_nanman_exceptional_wood	1	0	1	10	false
3k_dlc06_ceo_career_generated_nanman_rare_earth	3k_dlc06_ceo_career_generated_nanman_rare_earth	1	0	1	10	false
3k_dlc06_ceo_career_generated_nanman_rare_fire	3k_dlc06_ceo_career_generated_nanman_rare_fire	1	0	1	10	false
3k_dlc06_ceo_career_generated_nanman_rare_metal	3k_dlc06_ceo_career_generated_nanman_rare_metal	1	0	1	10	false
3k_dlc06_ceo_career_generated_nanman_rare_water	3k_dlc06_ceo_career_generated_nanman_rare_water	1	0	1	10	false
3k_dlc06_ceo_career_generated_nanman_rare_wood	3k_dlc06_ceo_career_generated_nanman_rare_wood	1	0	1	10	false
3k_dlc06_ceo_career_historical_nanman_ahuinan	3k_dlc06_ceo_career_historical_nanman_ahuinan	1	0	1	10	false
3k_dlc06_ceo_career_historical_nanman_dailaidongzhu	3k_dlc06_ceo_career_historical_nanman_dailaidongzhu	1	0	1	10	false
3k_dlc06_ceo_career_historical_nanman_dongtuna	3k_dlc06_ceo_career_historical_nanman_dongtuna	1	0	1	10	false
3k_dlc06_ceo_career_historical_nanman_jinhuansanjie	3k_dlc06_ceo_career_historical_nanman_jinhuansanjie	1	0	1	10	false
3k_dlc06_ceo_career_historical_nanman_king_duosi	3k_dlc06_ceo_career_historical_nanman_king_duosi	1	0	1	10	false
3k_dlc06_ceo_career_historical_nanman_king_meng_huo	3k_dlc06_ceo_career_historical_nanman_king_meng_huo	1	0	1	10	false
3k_dlc06_ceo_career_historical_nanman_king_mulu	3k_dlc06_ceo_career_historical_nanman_king_mulu	1	0	1	10	false
3k_dlc06_ceo_career_historical_nanman_king_shamoke	3k_dlc06_ceo_career_historical_nanman_king_shamoke	1	0	1	10	false
3k_dlc06_ceo_career_historical_nanman_king_wutugu	3k_dlc06_ceo_career_historical_nanman_king_wutugu	1	0	1	10	false
3k_dlc06_ceo_career_historical_nanman_lady_zhurong	3k_dlc06_ceo_career_historical_nanman_lady_zhurong	1	0	1	10	false
3k_dlc06_ceo_career_historical_nanman_mangyachang	3k_dlc06_ceo_career_historical_nanman_mangyachang	1	0	1	10	false
3k_dlc06_ceo_career_historical_nanman_meng_jie	3k_dlc06_ceo_career_historical_nanman_meng_jie	1	0	1	10	false
3k_dlc06_ceo_career_historical_nanman_meng_you	3k_dlc06_ceo_career_historical_nanman_meng_you	1	0	1	10	false
3k_dlc06_ceo_career_historical_nanman_tu_an	3k_dlc06_ceo_career_historical_nanman_tu_an	1	0	1	10	false
3k_dlc06_ceo_career_historical_nanman_xi_ni	3k_dlc06_ceo_career_historical_nanman_xi_ni	1	0	1	10	false
3k_dlc06_ceo_career_historical_nanman_yang_feng	3k_dlc06_ceo_career_historical_nanman_yang_feng	1	0	1	10	false
3k_dlc06_ceo_character_nanman_skills_butcher	3k_dlc06_ceo_character_nanman_skills_fire_instinct_butcher	1	0	1	901	false
3k_dlc06_ceo_character_nanman_skills_cavalry_chief	3k_dlc06_ceo_character_nanman_skills_earth_authority_cavalry_chief	1	0	1	16	false
3k_dlc06_ceo_character_nanman_skills_cave_defender	3k_dlc06_ceo_character_nanman_skills_metal_expertise_cave_defender	1	0	1	11	false
3k_dlc06_ceo_character_nanman_skills_flurry	3k_dlc06_ceo_character_nanman_skills_metal_expertise_flurry	1	0	1	21	false
3k_dlc06_ceo_character_nanman_skills_hit_and_run	3k_dlc06_ceo_character_nanman_skills_earth_authority_hit_and_run	1	0	1	16	false
3k_dlc06_ceo_character_nanman_skills_infantry_chief	3k_dlc06_ceo_character_nanman_skills_wood_resolve_infantry_chief	1	0	1	31	false
3k_dlc06_ceo_character_nanman_skills_marshal	3k_dlc06_ceo_character_nanman_skills_wood_resolve_marshal	1	0	1	46	false
3k_dlc06_ceo_character_nanman_skills_missile_chief	3k_dlc06_ceo_character_nanman_skills_water_cunning_missile_chief	1	0	1	26	false
3k_dlc06_ceo_character_nanman_skills_prudence	3k_dlc06_ceo_character_nanman_skills_fire_instinct_prudence	1	0	1	6	false
3k_dlc06_ceo_character_nanman_skills_role_model	3k_dlc06_ceo_character_nanman_skills_wood_resolve_role_model	1	0	1	11	false
3k_dlc06_ceo_character_nanman_skills_shaman_rites	3k_dlc06_ceo_character_nanman_skills_water_cunning_shaman_rites	1	0	1	16	false
3k_dlc06_ceo_character_nanman_skills_stalker	3k_dlc06_ceo_character_nanman_skills_water_cunning_stalker	1	0	1	4	false
3k_dlc06_ceo_character_nanman_skills_tireless_soul	3k_dlc06_ceo_character_nanman_skills_earth_authority_tireless_soul	1	0	1	11	false
3k_dlc06_ceo_character_nanman_skills_tribal_hero	3k_dlc06_ceo_character_nanman_skills_metal_expertise_tribal_hero	1	0	1	16	false
3k_dlc06_ceo_character_nanman_skills_warmonger	3k_dlc06_ceo_character_nanman_skills_fire_instinct_warmonger	1	0	1	16	false
3k_dlc06_ceo_class_nanman	3k_dlc06_ceo_class_nanman	1	0	1	1	false
3k_dlc06_ceo_equipment_permissions_armour_nanman	3k_dlc06_ceo_equipment_permissions_armour_nanman	1	0	1	1	false
3k_dlc06_ceo_factional_nanman_fealty_ahuinan	3k_dlc06_ceo_factional_nanman_fealty_minor_ahuinan	1	0	1	1	false
3k_dlc06_ceo_factional_nanman_fealty_dongtuna	3k_dlc06_ceo_factional_nanman_fealty_minor_dongtuna	1	0	1	1	false
3k_dlc06_ceo_factional_nanman_fealty_jiangyang	3k_dlc06_ceo_factional_nanman_fealty_minor_jiangyang	1	0	1	1	false
3k_dlc06_ceo_factional_nanman_fealty_jianning	3k_dlc06_ceo_factional_nanman_fealty_minor_jianning	1	0	1	1	false
3k_dlc06_ceo_factional_nanman_fealty_jiaozhi	3k_dlc06_ceo_factional_nanman_fealty_minor_jiaozhi	1	0	1	1	false
3k_dlc06_ceo_factional_nanman_fealty_jinhuansanjie	3k_dlc06_ceo_factional_nanman_fealty_minor_jinhuansanjie	1	0	1	1	false
3k_dlc06_ceo_factional_nanman_fealty_king_duosi	3k_dlc06_ceo_factional_nanman_fealty_major_king_duosi	1	0	1	1	false
3k_dlc06_ceo_factional_nanman_fealty_king_meng_huo	3k_dlc06_ceo_factional_nanman_fealty_major_king_meng_huo	1	0	1	1	false
3k_dlc06_ceo_factional_nanman_fealty_king_mulu	3k_dlc06_ceo_factional_nanman_fealty_major_king_mulu	1	0	1	1	false
3k_dlc06_ceo_factional_nanman_fealty_king_shamoke	3k_dlc06_ceo_factional_nanman_fealty_major_king_shamoke	1	0	1	1	false
3k_dlc06_ceo_factional_nanman_fealty_king_wutugu	3k_dlc06_ceo_factional_nanman_fealty_major_king_wutugu	1	0	1	1	false
3k_dlc06_ceo_factional_nanman_fealty_lady_zhurong	3k_dlc06_ceo_factional_nanman_fealty_major_lady_zhurong	1	0	1	1	false
3k_dlc06_ceo_factional_nanman_fealty_mangyachang	3k_dlc06_ceo_factional_nanman_fealty_minor_mangyachang	1	0	1	1	false
3k_dlc06_ceo_factional_nanman_fealty_tu_an	3k_dlc06_ceo_factional_nanman_fealty_minor_tu_an	1	0	1	1	false
3k_dlc06_ceo_factional_nanman_fealty_xi_ni	3k_dlc06_ceo_factional_nanman_fealty_minor_xi_ni	1	0	1	1	false
3k_dlc06_ceo_factional_nanman_fealty_yang_feng	3k_dlc06_ceo_factional_nanman_fealty_major_yang_feng	1	0	1	1	false
3k_dlc06_ceo_factional_nanman_fealty_yongchang	3k_dlc06_ceo_factional_nanman_fealty_minor_yongchang	1	0	1	1	false
3k_dlc06_ceo_factional_nanman_fealty_yunnan	3k_dlc06_ceo_factional_nanman_fealty_minor_yunnan	1	0	1	1	false
3k_dlc06_ceo_factional_nanman_fealty_zangke	3k_dlc06_ceo_factional_nanman_fealty_minor_zangke	1	0	1	1	false
3k_dlc06_ceo_factional_nanman_king_mulu_rituals_dragon	3k_dlc06_ceo_factional_nanman_king_mulu_rituals_dragon	1	0	1	1	false
3k_dlc06_ceo_factional_nanman_king_mulu_rituals_eagle	3k_dlc06_ceo_factional_nanman_king_mulu_rituals_eagle	1	0	1	1	false
3k_dlc06_ceo_factional_nanman_king_mulu_rituals_elephant	3k_dlc06_ceo_factional_nanman_king_mulu_rituals_elephant	1	0	1	1	false
3k_dlc06_ceo_factional_nanman_king_mulu_rituals_fish	3k_dlc06_ceo_factional_nanman_king_mulu_rituals_fish	1	0	1	1	false
3k_dlc06_ceo_factional_nanman_king_mulu_rituals_goat	3k_dlc06_ceo_factional_nanman_king_mulu_rituals_goat	1	0	1	1	false
3k_dlc06_ceo_factional_nanman_king_mulu_rituals_monkey	3k_dlc06_ceo_factional_nanman_king_mulu_rituals_monkey	1	0	1	1	false
3k_dlc06_ceo_factional_nanman_king_mulu_rituals_ox	3k_dlc06_ceo_factional_nanman_king_mulu_rituals_ox	1	0	1	1	false
3k_dlc06_ceo_factional_nanman_king_mulu_rituals_tiger	3k_dlc06_ceo_factional_nanman_king_mulu_rituals_tiger	1	0	1	1	false
3k_dlc06_ceo_threshold_ancillary_weapon_2h_ball_mace_king_shamoke_unique	3k_dlc06_ancillary_weapon_2h_ball_mace_king_shamoke_unique	1	0	1	1	false
3k_dlc06_ceo_threshold_ancillary_weapon_two_handed_axe_king_wutugu_unique	3k_dlc06_ancillary_weapon_two_handed_axe_king_wutugu_unique	1	0	1	1	false
3k_dlc06_ceo_threshold_career_historical_shi_hui	3k_dlc06_ceo_career_historical_shi_hui	1	0	1	1	false
3k_dlc06_ceo_threshold_career_historical_shi_kuang	3k_dlc06_ceo_career_historical_shi_kuang	1	0	1	1	false
3k_dlc06_ceo_threshold_career_historical_shi_wei	3k_dlc06_ceo_career_historical_shi_wei	1	0	1	1	false
3k_dlc06_ceo_threshold_career_historical_shi_xin	3k_dlc06_ceo_career_historical_shi_xin	1	0	1	1	false
3k_dlc06_ceo_threshold_career_historical_shi_zhi	3k_dlc06_ceo_career_historical_shi_zhi	1	0	1	1	false
3k_dlc06_ceo_threshold_family_member_tag	3k_dlc06_ceo_family_member_tag	1	0	1	1	false
3k_dlc06_ceo_trait_personality_animal_friend	3k_dlc06_ceo_trait_personality_animal_friend	1	0	1	1	false
3k_dlc06_threshold_ancillary_accessory_tribute_chest_diplomacy_extraordinary	3k_dlc06_ancillary_accessory_tribute_chest_diplomacy_extraordinary	1	0	20	20	false
3k_dlc06_threshold_ancillary_accessory_tribute_chest_diplomacy_simple	3k_dlc06_ancillary_accessory_tribute_chest_diplomacy_simple	1	0	20	20	false
3k_dlc06_threshold_ancillary_accessory_tribute_chest_personal_extraordinary	3k_dlc06_ancillary_accessory_tribute_chest_personal_extraordinary	1	0	20	20	false
3k_dlc06_threshold_ancillary_accessory_tribute_chest_personal_simple	3k_dlc06_ancillary_accessory_tribute_chest_personal_simple	1	0	20	20	false
3k_dlc06_threshold_ancillary_accessory_tribute_chest_regional_extraordinary	3k_dlc06_ancillary_accessory_tribute_chest_regional_extraordinary	1	0	20	20	false
3k_dlc06_threshold_ancillary_accessory_tribute_chest_regional_simple	3k_dlc06_ancillary_accessory_tribute_chest_regional_simple	1	0	20	20	false
3k_dlc06_threshold_ancillary_mount_elephant_common	3k_dlc06_ancillary_mount_elephant_common	1	0	1	1	false
3k_dlc06_threshold_ancillary_mount_elephant_exceptional	3k_dlc06_ancillary_mount_elephant_exceptional	1	0	1	1	false
3k_dlc06_threshold_ancillary_mount_elephant_refined	3k_dlc06_ancillary_mount_elephant_refined	1	0	1	1	false
3k_dlc06_threshold_ancillary_mount_elephant_unique	3k_dlc06_ancillary_mount_elephant_unique	1	0	1	1	false
3k_dlc06_threshold_ancillary_weapon_bow_king_shamoke_unique	3k_dlc06_ancillary_weapon_bow_king_shamoke_unique	1	0	1	1	false
3k_dlc06_threshold_ceo_shi_xie_non_family_unsatisfied	3k_dlc06_ceo_shi_xie_non_family_unsatisfied	1	0	1	1	false
3k_dlc07_ceo_factional_yuan_shao_captain_quest_combat	3k_dlc07_ceo_factional_yuan_shao_captain_quest_combat	1	0	1	501	false
3k_dlc07_ceo_factional_yuan_shao_captain_quest_recruitment	3k_dlc07_ceo_factional_yuan_shao_captain_quest_recruitment	1	0	1	8	false
3k_dlc07_ceo_factional_yuan_shao_captain_quest_victory	3k_dlc07_ceo_factional_yuan_shao_captain_quest_victory	1	0	1	8	false
3k_dlc07_ceo_threshold_liu_yan_ambition_inheritance_delayed_character_portion	3k_dlc07_ceo_liu_yan_ambition_inheritance_delayed_character_portion	1	0	1	1	false
3k_dlc07_ceo_threshold_liu_yan_ambition_inheritance_forgotten_character_portion	3k_dlc07_ceo_liu_yan_ambition_inheritance_forgotten_character_portion	1	0	1	1	false
3k_dlc07_ceo_trait_personality_frivolous	3k_dlc07_ceo_trait_personality_frivolous	1	0	1	1	false
3k_dlc07_ceothreshold_liu_yan_ambition_inheritance_late_character_portion	3k_dlc07_ceo_liu_yan_ambition_inheritance_late_character_portion	1	0	1	1	false
3k_dlc07_ceothreshold_liu_yan_ambition_inheritance_timely_character_portion	3k_dlc07_ceo_liu_yan_ambition_inheritance_timely_character_portion	1	0	1	1	false
3k_dlc07_threshold_ancillary_armour_cao_pi_armour_unique	3k_dlc07_ancillary_armour_cao_pi_armour_unique	1	0	1	1	false
3k_dlc07_threshold_ancillary_armour_cao_ren_armour_unique	3k_dlc07_ancillary_armour_cao_ren_armour_unique	1	0	1	1	false
3k_dlc07_threshold_ancillary_armour_emperor_xian_armour_unique	3k_dlc07_ancillary_armour_emperor_xian_armour_unique	1	0	1	1	false
3k_dlc07_threshold_ancillary_armour_fa_zheng_armour_unique	3k_dlc07_ancillary_armour_fa_zheng_armour_unique	1	0	1	1	false
3k_dlc07_threshold_ancillary_armour_lady_zhen_armour_unique	3k_dlc07_ancillary_armour_lady_zhen_armour_unique	1	0	1	1	false
3k_dlc07_threshold_ancillary_armour_liu_yan_armour_unique	3k_dlc07_ancillary_armour_liu_yan_armour_unique	1	0	1	1	false
3k_dlc07_threshold_ancillary_armour_wen_chou_armour_unique	3k_dlc07_ancillary_armour_wen_chou_armour_unique	1	0	1	1	false
3k_dlc07_threshold_ancillary_armour_yan_liang_armour_unique	3k_dlc07_ancillary_armour_yan_liang_armour_unique	1	0	1	1	false
3k_dlc07_threshold_ancillary_armour_yu_jin_armour_unique	3k_dlc07_ancillary_armour_yu_jin_armour_unique	1	0	1	1	false
3k_dlc07_threshold_ancillary_armour_yuan_shang_armour_unique	3k_dlc07_ancillary_armour_yuan_shang_armour_unique	1	0	1	1	false
3k_dlc07_threshold_ancillary_armour_yuan_tan_armour_unique	3k_dlc07_ancillary_armour_yuan_tan_armour_unique	1	0	1	1	false
3k_dlc07_threshold_ancillary_armour_zhang_he_armour_unique	3k_dlc07_ancillary_armour_zhang_he_armour_unique	1	0	1	1	false
3k_dlc07_threshold_ancillary_follower_northern_army_captain	3k_dlc07_ancillary_follower_northern_army_captain	1	0	1	1	false
3k_dlc07_threshold_ancillary_weapon_defence_of_levity	3k_dlc07_ancillary_weapon_defence_of_levity	1	0	1	1	false
3k_dlc07_threshold_ancillary_weapon_emperor_xian_weapon_unique	3k_dlc07_ancillary_weapon_emperor_xian_weapon_unique	1	0	1	1	false
3k_dlc07_threshold_ancillary_weapon_fear_and_discipline	3k_dlc07_ancillary_weapon_fear_and_discipline	1	0	1	1	false
3k_dlc07_threshold_ancillary_weapon_honour_manifested	3k_dlc07_ancillary_weapon_honour_manifested	1	0	1	1	false
3k_dlc07_threshold_ancillary_weapon_sequencer	3k_dlc07_ancillary_weapon_sequencer	1	0	1	1	false
3k_dlc07_threshold_ancillary_weapon_the_rule	3k_dlc07_ancillary_weapon_the_rule	1	0	1	1	false
3k_gsz_ancillary_follower_bandit_earth	3k_gsz_ancillary_follower_bandit_earth	1	0	20	20	false
3k_gsz_ancillary_follower_bandit_fire	3k_gsz_ancillary_follower_bandit_fire	1	0	20	20	false
3k_gsz_ancillary_follower_bandit_metal	3k_gsz_ancillary_follower_bandit_metal	1	0	20	20	false
3k_gsz_ancillary_follower_bandit_water	3k_gsz_ancillary_follower_bandit_water	1	0	20	20	false
3k_gsz_ancillary_follower_bandit_wood	3k_gsz_ancillary_follower_bandit_wood	1	0	20	20	false
3k_gsz_ancillary_follower_barbarian_earth	3k_gsz_ancillary_follower_barbarian_earth	1	0	20	20	false
3k_gsz_ancillary_follower_barbarian_fire	3k_gsz_ancillary_follower_barbarian_fire	1	0	20	20	false
3k_gsz_ancillary_follower_barbarian_metal	3k_gsz_ancillary_follower_barbarian_metal	1	0	20	20	false
3k_gsz_ancillary_follower_barbarian_water	3k_gsz_ancillary_follower_barbarian_water	1	0	20	20	false
3k_gsz_ancillary_follower_barbarian_wood	3k_gsz_ancillary_follower_barbarian_wood	1	0	20	20	false
3k_gsz_ancillary_follower_han_earth	3k_gsz_ancillary_follower_han_earth	1	0	20	20	false
3k_gsz_ancillary_follower_han_fire	3k_gsz_ancillary_follower_han_fire	1	0	20	20	false
3k_gsz_ancillary_follower_han_metal	3k_gsz_ancillary_follower_han_metal	1	0	20	20	false
3k_gsz_ancillary_follower_han_water	3k_gsz_ancillary_follower_han_water	1	0	20	20	false
3k_gsz_ancillary_follower_han_wood	3k_gsz_ancillary_follower_han_wood	1	0	20	20	false
3k_gsz_ancillary_follower_korea_earth	3k_gsz_ancillary_follower_korea_earth	1	0	20	20	false
3k_gsz_ancillary_follower_korea_fire	3k_gsz_ancillary_follower_korea_fire	1	0	20	20	false
3k_gsz_ancillary_follower_korea_metal	3k_gsz_ancillary_follower_korea_metal	1	0	20	20	false
3k_gsz_ancillary_follower_korea_water	3k_gsz_ancillary_follower_korea_water	1	0	20	20	false
3k_gsz_ancillary_follower_korea_wood	3k_gsz_ancillary_follower_korea_wood	1	0	20	20	false
3k_gsz_ancillary_follower_nanman_animal	3k_gsz_ancillary_follower_nanman_animal	1	0	20	20	false
3k_gsz_ancillary_follower_nanman_infantry	3k_gsz_ancillary_follower_nanman_infantry	1	0	20	20	false
3k_ironic_ancillary_accessory_commander_lu	3k_ironic_ancillary_accessory_commander_lu	1	0	1	1	false
3k_ironic_ancillary_accessory_daoist_manual	3k_ironic_ancillary_accessory_daoist_manual	1	0	1	1	false
3k_ironic_ancillary_accessory_drunken_bottle	3k_ironic_ancillary_accessory_drunken_bottle	1	0	1	1	false
3k_ironic_ancillary_accessory_scripture_of_rice_pecks	3k_ironic_ancillary_accessory_scripture_of_rice_pecks	1	0	1	1	false
3k_ironic_ancillary_follower_xiliang_commander	3k_ironic_ancillary_follower_xiliang_commander	1	0	1	1	false
3k_ironic_ancillary_weapon_hua_xiong_glaive_unique	3k_ironic_ancillary_weapon_hua_xiong_glaive_unique	1	0	1	1	false
3k_ironic_ancillary_weapon_ma_dai_spear_unique	3k_ironic_ancillary_weapon_ma_dai_spear_unique	1	0	1	1	false
3k_ironic_ancillary_weapon_pang_de_spear_unique	3k_ironic_ancillary_weapon_pang_de_spear_unique	1	0	1	1	false
3k_ironic_ancillary_weapon_two_handed_axe_unique	3k_ironic_ancillary_weapon_two_handed_axe_unique	1	0	1	1	false
3k_ironic_ancillary_weapon_two_handed_trident_unique	3k_ironic_ancillary_weapon_two_handed_trident_unique	1	0	1	1	false
3k_ironic_ancilliary_armour_bi_jieyan_armour_unique	3k_ironic_ancilliary_armour_bi_jieyan_armour_unique	1	0	1	1	false
3k_ironic_ancilliary_armour_chen_chao_armour_unique	3k_ironic_ancilliary_armour_chen_chao_armour_unique	1	0	1	1	false
3k_ironic_ancilliary_armour_fu_gan_armour_unique	3k_ironic_ancilliary_armour_fu_gan_armour_unique	1	0	1	1	false
3k_ironic_ancilliary_armour_huang_quan_armour_unique	3k_ironic_ancilliary_armour_huang_quan_armour_unique	1	0	1	1	false
3k_ironic_ancilliary_armour_lady_liu_mengan_armour_unique	3k_ironic_ancilliary_armour_lady_liu_mengan_armour_unique	1	0	1	1	false
3k_ironic_ancilliary_armour_lady_liu_zhang_armour_unique	3k_ironic_ancilliary_armour_lady_liu_zhang_armour_unique	1	0	1	1	false
3k_ironic_ancilliary_armour_lady_wu_xian_armour_unique	3k_ironic_ancilliary_armour_lady_wu_xian_armour_unique	1	0	1	1	false
3k_ironic_ancilliary_armour_lady_yang_armour_unique	3k_ironic_ancilliary_armour_lady_yang_armour_unique	1	0	1	1	false
3k_ironic_ancilliary_armour_lei_tong_armour_unique	3k_ironic_ancilliary_armour_lei_tong_armour_unique	1	0	1	1	false
3k_ironic_ancilliary_armour_li_xiu_armour_unique	3k_ironic_ancilliary_armour_li_xiu_armour_unique	1	0	1	1	false
3k_ironic_ancilliary_armour_liu_dan_armour_unique	3k_ironic_ancilliary_armour_liu_dan_armour_unique	1	0	1	1	false
3k_ironic_ancilliary_armour_liu_fan_armour_unique	3k_ironic_ancilliary_armour_liu_fan_armour_unique	1	0	1	1	false
3k_ironic_ancilliary_armour_liu_mao_armour_unique	3k_ironic_ancilliary_armour_liu_mao_armour_unique	1	0	1	1	false
3k_ironic_ancilliary_armour_liu_xun_armour_unique	3k_ironic_ancilliary_armour_liu_xun_armour_unique	1	0	1	1	false
3k_ironic_ancilliary_armour_ma_tie_armour_unique	3k_ironic_ancilliary_armour_ma_tie_armour_unique	1	0	1	1	false
3k_ironic_ancilliary_armour_ma_xiu_armour_unique	3k_ironic_ancilliary_armour_ma_xiu_armour_unique	1	0	1	1	false
3k_ironic_ancilliary_armour_pang_xi_armour_unique	3k_ironic_ancilliary_armour_pang_xi_armour_unique	1	0	1	1	false
3k_ironic_ancilliary_armour_peng_yang_armour_unique	3k_ironic_ancilliary_armour_peng_yang_armour_unique	1	0	1	1	false
3k_ironic_ancilliary_armour_ren_qi_armour_unique	3k_ironic_ancilliary_armour_ren_qi_armour_unique	1	0	1	1	false
3k_ironic_ancilliary_armour_wang_yun_armour_unique	3k_ironic_ancilliary_armour_wang_yun_armour_unique	1	0	1	1	false
3k_ironic_ancilliary_armour_wu_ban_armour_unique	3k_ironic_ancilliary_armour_wu_ban_armour_unique	1	0	1	1	false
3k_ironic_ancilliary_armour_wu_kuang_armour_unique	3k_ironic_ancilliary_armour_wu_kuang_armour_unique	1	0	1	1	false
3k_ironic_ancilliary_armour_wu_yi_armour_unique	3k_ironic_ancilliary_armour_wu_yi_armour_unique	1	0	1	1	false
3k_ironic_ancilliary_armour_yan_pu_armour_unique	3k_ironic_ancilliary_armour_yan_pu_armour_unique	1	0	1	1	false
3k_ironic_ancilliary_armour_yan_yan_armour_unique	3k_ironic_ancilliary_armour_yan_yan_armour_unique	1	0	1	1	false
3k_ironic_ancilliary_armour_yang_ang_armour_unique	3k_ironic_ancilliary_armour_yang_ang_armour_unique	1	0	1	1	false
3k_ironic_ancilliary_armour_yang_bo_armour_unique	3k_ironic_ancilliary_armour_yang_bo_armour_unique	1	0	1	1	false
3k_ironic_ancilliary_armour_yang_ren_armour_unique	3k_ironic_ancilliary_armour_yang_ren_armour_unique	1	0	1	1	false
3k_ironic_ancilliary_armour_yang_song_armour_unique	3k_ironic_ancilliary_armour_yang_song_armour_unique	1	0	1	1	false
3k_ironic_ancilliary_armour_yu_minxiang_armour_unique	3k_ironic_ancilliary_armour_yu_minxiang_armour_unique	1	0	1	1	false
3k_ironic_ancilliary_armour_zhang_fu_armour_unique	3k_ironic_ancilliary_armour_zhang_fu_armour_unique	1	0	1	1	false
3k_ironic_ancilliary_armour_zhang_guang_armour_unique	3k_ironic_ancilliary_armour_zhang_guang_armour_unique	1	0	1	1	false
3k_ironic_ancilliary_armour_zhang_ren_armour_unique	3k_ironic_ancilliary_armour_zhang_ren_armour_unique	1	0	1	1	false
3k_ironic_ancilliary_armour_zhang_wei_armour_unique	3k_ironic_ancilliary_armour_zhang_wei_armour_unique	1	0	1	1	false
3k_ironic_ancilliary_armour_zhao_wei_armour_unique	3k_ironic_ancilliary_armour_zhao_wei_armour_unique	1	0	1	1	false
3k_ironic_ancilliary_armour_zhu_gui_armour_unique	3k_ironic_ancilliary_armour_zhu_gui_armour_unique	1	0	1	1	false
3k_ironic_ceo_career_historical_bi_jieyan	3k_ironic_ceo_career_historical_bi_jieyan	1	0	1	1	false
3k_ironic_ceo_career_historical_chen_chao	3k_ironic_ceo_career_historical_chen_chao	1	0	1	1	false
3k_ironic_ceo_career_historical_dong_fu	3k_ironic_ceo_career_historical_dong_fu	1	0	1	1	false
3k_ironic_ceo_career_historical_fu_gan	3k_ironic_ceo_career_historical_fu_gan	1	0	1	1	false
3k_ironic_ceo_career_historical_huang_quan	3k_ironic_ceo_career_historical_huang_quan	1	0	1	1	false
3k_ironic_ceo_career_historical_lady_liu_mengan	3k_ironic_ceo_career_historical_lady_liu_mengan	1	0	1	1	false
3k_ironic_ceo_career_historical_lady_liu_zhang	3k_ironic_ceo_career_historical_lady_liu_zhang	1	0	1	1	false
3k_ironic_ceo_career_historical_lady_wu_xian	3k_ironic_ceo_career_historical_lady_wu_xian	1	0	1	1	false
3k_ironic_ceo_career_historical_lady_yang	3k_ironic_ceo_career_historical_lady_yang	1	0	1	1	false
3k_ironic_ceo_career_historical_lei_tong	3k_ironic_ceo_career_historical_lei_tong	1	0	1	1	false
3k_ironic_ceo_career_historical_li_xiu	3k_ironic_ceo_career_historical_li_xiu	1	0	1	1	false
3k_ironic_ceo_career_historical_liu_dan	3k_ironic_ceo_career_historical_liu_dan	1	0	1	1	false
3k_ironic_ceo_career_historical_liu_fan	3k_ironic_ceo_career_historical_liu_fan	1	0	1	1	false
3k_ironic_ceo_career_historical_liu_mao	3k_ironic_ceo_career_historical_liu_mao	1	0	1	1	false
3k_ironic_ceo_career_historical_liu_xun	3k_ironic_ceo_career_historical_liu_xun	1	0	1	1	false
3k_ironic_ceo_career_historical_ma_tie	3k_ironic_ceo_career_historical_ma_tie	1	0	1	1	false
3k_ironic_ceo_career_historical_ma_xiu	3k_ironic_ceo_career_historical_ma_xiu	1	0	1	1	false
3k_ironic_ceo_career_historical_pang_xi	3k_ironic_ceo_career_historical_pang_xi	1	0	1	1	false
3k_ironic_ceo_career_historical_peng_yang	3k_ironic_ceo_career_historical_peng_yang	1	0	1	1	false
3k_ironic_ceo_career_historical_ren_qi	3k_ironic_ceo_career_historical_ren_qi	1	0	1	1	false
3k_ironic_ceo_career_historical_wang_yun	3k_ironic_ceo_career_historical_wang_yun	1	0	1	1	false
3k_ironic_ceo_career_historical_wu_ban	3k_ironic_ceo_career_historical_wu_ban	1	0	1	1	false
3k_ironic_ceo_career_historical_wu_kuang	3k_ironic_ceo_career_historical_wu_kuang	1	0	1	1	false
3k_ironic_ceo_career_historical_wu_yi	3k_ironic_ceo_career_historical_wu_yi	1	0	1	1	false
3k_ironic_ceo_career_historical_yan_pu	3k_ironic_ceo_career_historical_yan_pu	1	0	1	1	false
3k_ironic_ceo_career_historical_yan_yan	3k_ironic_ceo_career_historical_yan_yan	1	0	1	1	false
3k_ironic_ceo_career_historical_yang_ang	3k_ironic_ceo_career_historical_yang_ang	1	0	1	1	false
3k_ironic_ceo_career_historical_yang_bo	3k_ironic_ceo_career_historical_yang_bo	1	0	1	1	false
3k_ironic_ceo_career_historical_yang_ren	3k_ironic_ceo_career_historical_yang_ren	1	0	1	1	false
3k_ironic_ceo_career_historical_yang_song	3k_ironic_ceo_career_historical_yang_song	1	0	1	1	false
3k_ironic_ceo_career_historical_yu_minxiang	3k_ironic_ceo_career_historical_yu_minxiang	1	0	1	1	false
3k_ironic_ceo_career_historical_zhang_fu	3k_ironic_ceo_career_historical_zhang_fu	1	0	1	1	false
3k_ironic_ceo_career_historical_zhang_guang	3k_ironic_ceo_career_historical_zhang_guang	1	0	1	1	false
3k_ironic_ceo_career_historical_zhang_ren	3k_ironic_ceo_career_historical_zhang_ren	1	0	1	1	false
3k_ironic_ceo_career_historical_zhang_wei	3k_ironic_ceo_career_historical_zhang_wei	1	0	1	1	false
3k_ironic_ceo_career_historical_zhao_wei	3k_ironic_ceo_career_historical_zhao_wei	1	0	1	1	false
3k_ironic_ceo_career_historical_zhu_gui	3k_ironic_ceo_career_historical_zhu_gui	1	0	1	1	false
3k_ironic_wu_jing_ceo_family_member_tag	3k_ironic_wu_jing_ceo_family_member_tag	1	0	1	1	false
3k_ironic_wu_jing_ceo_non_family_member_tag	3k_ironic_wu_jing_ceo_non_family_member_tag	1	0	1	1	false
3k_main_ancillary_follower_weapon_craftsman	3k_main_ancillary_follower_weapon_craftsman	1	0	1	1	false
3k_main_ancillary_mount_wuhuan_horse	3k_main_ancillary_mount_wuhuan_horse	1	0	1	1	false
3k_main_ancillary_mount_xianbei_horse	3k_main_ancillary_mount_xianbei_horse	1	0	1	1	false
3k_main_ancillary_mount_xiongnu_horse	3k_main_ancillary_mount_xiongnu_horse	1	0	1	1	false
3k_main_ancillary_weapon_tribal_recurve_bow_exceptional	3k_main_ancillary_weapon_tribal_recurve_bow_exceptional	1	0	1	1	false
3k_main_ancillary_weapon_yue_jin_bow_unique	3k_main_ancillary_weapon_yue_jin_bow_unique	1	0	1	1	false
3k_main_ancillary_weapon_zhanmadao_unique	3k_main_ancillary_weapon_zhanmadao_unique	1	0	1	1	false
3k_main_ancilliary_armour_Bao_Sanniang_armour_unique	3k_main_ancilliary_armour_Bao_Sanniang_armour_unique	1	0	1	1	false
3k_main_ancilliary_armour_Budugen_armour_unique	3k_main_ancilliary_armour_Budugen_armour_unique	1	0	1	1	false
3k_main_ancilliary_armour_Cao_Xing_armour_unique	3k_main_ancilliary_armour_Cao_Xing_armour_unique	1	0	1	1	false
3k_main_ancilliary_armour_Chen_Dao_armour_unique	3k_main_ancilliary_armour_Chen_Dao_armour_unique	1	0	1	1	false
3k_main_ancilliary_armour_Chenglugui_armour_unique	3k_main_ancilliary_armour_Chenglugui_armour_unique	1	0	1	1	false
3k_main_ancilliary_armour_Deng_Ai_armour_unique	3k_main_ancilliary_armour_Deng_Ai_armour_unique	1	0	1	1	false
3k_main_ancilliary_armour_Fulohan_armour_unique	3k_main_ancilliary_armour_Fulohan_armour_unique	1	0	1	1	false
3k_main_ancilliary_armour_Guan_Ping_armour_unique	3k_main_ancilliary_armour_Guan_Ping_armour_unique	1	0	1	1	false
3k_main_ancilliary_armour_Guan_Suo_armour_unique	3k_main_ancilliary_armour_Guan_Suo_armour_unique	1	0	1	1	false
3k_main_ancilliary_armour_Guan_Xing_armour_unique	3k_main_ancilliary_armour_Guan_Xing_armour_unique	1	0	1	1	false
3k_main_ancilliary_armour_Guo_Huai_armour_unique	3k_main_ancilliary_armour_Guo_Huai_armour_unique	1	0	1	1	false
3k_main_ancilliary_armour_Hou_Cheng_armour_unique	3k_main_ancilliary_armour_Hou_Cheng_armour_unique	1	0	1	1	false
3k_main_ancilliary_armour_Jia_Chong_armour_unique	3k_main_ancilliary_armour_Jia_Chong_armour_unique	1	0	1	1	false
3k_main_ancilliary_armour_Jia_Kui_armour_unique	3k_main_ancilliary_armour_Jia_Kui_armour_unique	1	0	1	1	false
3k_main_ancilliary_armour_Jiang_Wei_armour_unique	3k_main_ancilliary_armour_Jiang_Wei_armour_unique	1	0	1	1	false
3k_main_ancilliary_armour_Kebineng_armour_unique	3k_main_ancilliary_armour_Kebineng_armour_unique	1	0	1	1	false
3k_main_ancilliary_armour_Kuitou_armour_unique	3k_main_ancilliary_armour_Kuitou_armour_unique	1	0	1	1	false
3k_main_ancilliary_armour_Li_Dian_armour_unique	3k_main_ancilliary_armour_Li_Dian_armour_unique	1	0	1	1	false
3k_main_ancilliary_armour_Li_Yan_armour_unique	3k_main_ancilliary_armour_Li_Yan_armour_unique	1	0	1	1	false
3k_main_ancilliary_armour_Liu_Feng_armour_unique	3k_main_ancilliary_armour_Liu_Feng_armour_unique	1	0	1	1	false
3k_main_ancilliary_armour_Liu_Shan_armour_unique	3k_main_ancilliary_armour_Liu_Shan_armour_unique	1	0	1	1	false
3k_main_ancilliary_armour_Luo_Tong_armour_unique	3k_main_ancilliary_armour_Luo_Tong_armour_unique	1	0	1	1	false
3k_main_ancilliary_armour_Man_Chong_armour_unique	3k_main_ancilliary_armour_Man_Chong_armour_unique	1	0	1	1	false
3k_main_ancilliary_armour_Mi_Heng_armour_unique	3k_main_ancilliary_armour_Mi_Heng_armour_unique	1	0	1	1	false
3k_main_ancilliary_armour_Mohuba_armour_unique	3k_main_ancilliary_armour_Mohuba_armour_unique	1	0	1	1	false
3k_main_ancilliary_armour_Pan_Feng_armour_unique	3k_main_ancilliary_armour_Pan_Feng_armour_unique	1	0	1	1	false
3k_main_ancilliary_armour_QIianman_armour_unique	3k_main_ancilliary_armour_QIianman_armour_unique	1	0	1	1	false
3k_main_ancilliary_armour_Sima_Shi_armour_unique	3k_main_ancilliary_armour_Sima_Shi_armour_unique	1	0	1	1	false
3k_main_ancilliary_armour_Sima_Zhao_armour_unique	3k_main_ancilliary_armour_Sima_Zhao_armour_unique	1	0	1	1	false
3k_main_ancilliary_armour_Song_Xian_armour_unique	3k_main_ancilliary_armour_Song_Xian_armour_unique	1	0	1	1	false
3k_main_ancilliary_armour_Suli_armour_unique	3k_main_ancilliary_armour_Suli_armour_unique	1	0	1	1	false
3k_main_ancilliary_armour_Wang_Yi_armour_unique	3k_main_ancilliary_armour_Wang_Yi_armour_unique	1	0	1	1	false
3k_main_ancilliary_armour_Wang_Yuanji_armour_unique	3k_main_ancilliary_armour_Wang_Yuanji_armour_unique	1	0	1	1	false
3k_main_ancilliary_armour_Wei_Xu_armour_unique	3k_main_ancilliary_armour_Wei_Xu_armour_unique	1	0	1	1	false
3k_main_ancilliary_armour_Xiahou_Ba_armour_unique	3k_main_ancilliary_armour_Xiahou_Ba_armour_unique	1	0	1	1	false
3k_main_ancilliary_armour_Xin_Xianying_armour_unique	3k_main_ancilliary_armour_Xin_Xianying_armour_unique	1	0	1	1	false
3k_main_ancilliary_armour_Zhang_Chunhua_armour_unique	3k_main_ancilliary_armour_Zhang_Chunhua_armour_unique	1	0	1	1	false
3k_main_ancilliary_armour_Zhong_Hui_armour_unique	3k_main_ancilliary_armour_Zhong_Hui_armour_unique	1	0	1	1	false
3k_main_ancilliary_armour_Zhong_Yao_armour_unique	3k_main_ancilliary_armour_Zhong_Yao_armour_unique	1	0	1	1	false
3k_main_ancilliary_armour_agui_armour_unique	3k_main_ancilliary_armour_agui_armour_unique	1	0	1	1	false
3k_main_ancilliary_armour_bao_xin_armour_unique	3k_main_ancilliary_armour_bao_xin_armour_unique	1	0	1	1	false
3k_main_ancilliary_armour_bao_xun_armour_unique	3k_main_ancilliary_armour_bao_xun_armour_unique	1	0	1	1	false
3k_main_ancilliary_armour_beolhyu_armour_unique	3k_main_ancilliary_armour_beolhyu_armour_unique	1	0	1	1	false
3k_main_ancilliary_armour_bian_rang_ironic_armour_unique	3k_main_ancilliary_armour_bian_rang_ironic_armour_unique	1	0	1	1	false
3k_main_ancilliary_armour_bu_lianshi_armour_unique	3k_main_ancilliary_armour_bu_lianshi_armour_unique	1	0	1	1	false
3k_main_ancilliary_armour_bu_zhi_ironic_armour_unique	3k_main_ancilliary_armour_bu_zhi_ironic_armour_unique	1	0	1	1	false
3k_main_ancilliary_armour_cai_he_armour_unique	3k_main_ancilliary_armour_cai_he_armour_unique	1	0	1	1	false
3k_main_ancilliary_armour_cai_huizhen_armour_unique	3k_main_ancilliary_armour_cai_huizhen_armour_unique	1	0	1	1	false
3k_main_ancilliary_armour_cai_xun_armour_unique	3k_main_ancilliary_armour_cai_xun_armour_unique	1	0	1	1	false
3k_main_ancilliary_armour_cai_yan_m_armour_unique	3k_main_ancilliary_armour_cai_yan_m_armour_unique	1	0	1	1	false
3k_main_ancilliary_armour_cai_yang_armour_unique	3k_main_ancilliary_armour_cai_yang_armour_unique	1	0	1	1	false
3k_main_ancilliary_armour_cai_zan_armour_unique	3k_main_ancilliary_armour_cai_zan_armour_unique	1	0	1	1	false
3k_main_ancilliary_armour_cai_zhong_armour_unique	3k_main_ancilliary_armour_cai_zhong_armour_unique	1	0	1	1	false
3k_main_ancilliary_armour_cang_qinting_armour_unique	3k_main_ancilliary_armour_cang_qinting_armour_unique	1	0	1	1	false
3k_main_ancilliary_armour_cao_anmin_unique_armour_unique	3k_main_ancilliary_armour_cao_anmin_unique_armour_unique	1	0	1	1	false
3k_main_ancilliary_armour_cao_qinghe_unique_armour_unique	3k_main_ancilliary_armour_cao_qinghe_unique_armour_unique	1	0	1	1	false
3k_main_ancilliary_armour_chang_xi_armour_unique	3k_main_ancilliary_armour_chang_xi_armour_unique	1	0	1	1	false
3k_main_ancilliary_armour_chang_xi_ironic_armour_unique	3k_main_ancilliary_armour_chang_xi_ironic_armour_unique	1	0	1	1	false
3k_main_ancilliary_armour_chen_bai_ironic_armour_unique	3k_main_ancilliary_armour_chen_bai_ironic_armour_unique	1	0	1	1	false
3k_main_ancilliary_armour_chen_deng_armour_unique	3k_main_ancilliary_armour_chen_deng_armour_unique	1	0	1	1	false
3k_main_ancilliary_armour_chen_gui_armour_unique	3k_main_ancilliary_armour_chen_gui_armour_unique	1	0	1	1	false
3k_main_ancilliary_armour_chen_heng_armour_unique	3k_main_ancilliary_armour_chen_heng_armour_unique	1	0	1	1	false
3k_main_ancilliary_armour_chen_ji_armour_unique	3k_main_ancilliary_armour_chen_ji_armour_unique	1	0	1	1	false
3k_main_ancilliary_armour_chen_jiu_armour_unique	3k_main_ancilliary_armour_chen_jiu_armour_unique	1	0	1	1	false
3k_main_ancilliary_armour_chen_lan_armour_unique	3k_main_ancilliary_armour_chen_lan_armour_unique	1	0	1	1	false
3k_main_ancilliary_armour_chen_su_armour_unique	3k_main_ancilliary_armour_chen_su_armour_unique	1	0	1	1	false
3k_main_ancilliary_armour_chen_wen_armour_unique	3k_main_ancilliary_armour_chen_wen_armour_unique	1	0	1	1	false
3k_main_ancilliary_armour_chen_wu_unique_armour_unique	3k_main_ancilliary_armour_chen_wu_unique_armour_unique	1	0	1	1	false
3k_main_ancilliary_armour_chen_ying_z_armour_unique	3k_main_ancilliary_armour_chen_ying_z_armour_unique	1	0	1	1	false
3k_main_ancilliary_armour_chen_yu_armour_unique	3k_main_ancilliary_armour_chen_yu_armour_unique	1	0	1	1	false
3k_main_ancilliary_armour_chen_zhen_armour_unique	3k_main_ancilliary_armour_chen_zhen_armour_unique	1	0	1	1	false
3k_main_ancilliary_armour_cheng_bing_unique_ironic_armour_unique	3k_main_ancilliary_armour_cheng_bing_unique_ironic_armour_unique	1	0	1	1	false
3k_main_ancilliary_armour_cheng_yi_armour_unique	3k_main_ancilliary_armour_cheng_yi_armour_unique	1	0	1	1	false
3k_main_ancilliary_armour_cheng_yin_armour_unique	3k_main_ancilliary_armour_cheng_yin_armour_unique	1	0	1	1	false
3k_main_ancilliary_armour_cheng_yu_armour_unique	3k_main_ancilliary_armour_cheng_yu_armour_unique	1	0	1	1	false
3k_main_ancilliary_armour_chenggong_ying_armour_unique	3k_main_ancilliary_armour_chenggong_ying_armour_unique	1	0	1	1	false
3k_main_ancilliary_armour_chogo_armour_unique	3k_main_ancilliary_armour_chogo_armour_unique	1	0	1	1	false
3k_main_ancilliary_armour_congqian_armour_unique	3k_main_ancilliary_armour_congqian_armour_unique	1	0	1	1	false
3k_main_ancilliary_armour_cui_jun_armour_unique	3k_main_ancilliary_armour_cui_jun_armour_unique	1	0	1	1	false
3k_main_ancilliary_armour_cui_lie_armour_unique	3k_main_ancilliary_armour_cui_lie_armour_unique	1	0	1	1	false
3k_main_ancilliary_armour_dang_lianhua_armour_unique	3k_main_ancilliary_armour_dang_lianhua_armour_unique	1	0	1	1	false
3k_main_ancilliary_armour_deng_xian_unique_ironic_armour_unique	3k_main_ancilliary_armour_deng_xian_unique_ironic_armour_unique	1	0	1	1	false
3k_main_ancilliary_armour_deng_yuan_armour_unique	3k_main_ancilliary_armour_deng_yuan_armour_unique	1	0	1	1	false
3k_main_ancilliary_armour_deng_zhi_unique_ironic_armour_unique	3k_main_ancilliary_armour_deng_zhi_unique_ironic_armour_unique	1	0	1	1	false
3k_main_ancilliary_armour_ding_feng_armour_unique	3k_main_ancilliary_armour_ding_feng_armour_unique	1	0	1	1	false
3k_main_ancilliary_armour_dong_he_unique_ironic_armour_unique	3k_main_ancilliary_armour_dong_he_unique_ironic_armour_unique	1	0	1	1	false
3k_main_ancilliary_armour_dong_li_armour_unique	3k_main_ancilliary_armour_dong_li_armour_unique	1	0	1	1	false
3k_main_ancilliary_armour_dong_xi_ironic_armour_unique	3k_main_ancilliary_armour_dong_xi_ironic_armour_unique	1	0	1	1	false
3k_main_ancilliary_armour_dong_zhao_unique_armour_unique	3k_main_ancilliary_armour_dong_zhao_unique_armour_unique	1	0	1	1	false
3k_main_ancilliary_armour_dou_mao_armour_unique	3k_main_ancilliary_armour_dou_mao_armour_unique	1	0	1	1	false
3k_main_ancilliary_armour_du_ji_armour_unique	3k_main_ancilliary_armour_du_ji_armour_unique	1	0	1	1	false
3k_main_ancilliary_armour_fan_chou_armour_unique	3k_main_ancilliary_armour_fan_chou_armour_unique	1	0	1	1	false
3k_main_ancilliary_armour_fan_yufeng_armour_unique	3k_main_ancilliary_armour_fan_yufeng_armour_unique	1	0	1	1	false
3k_main_ancilliary_armour_fei_yi_title_armour_unique	3k_main_ancilliary_armour_fei_yi_title_armour_unique	1	0	1	1	false
3k_main_ancilliary_armour_fei_zhan_unique_armour_unique	3k_main_ancilliary_armour_fei_zhan_unique_armour_unique	1	0	1	1	false
3k_main_ancilliary_armour_fu_rong_unique_ironic_armour_unique	3k_main_ancilliary_armour_fu_rong_unique_ironic_armour_unique	1	0	1	1	false
3k_main_ancilliary_armour_gan_ji_armour_unique	3k_main_ancilliary_armour_gan_ji_armour_unique	1	0	1	1	false
3k_main_ancilliary_armour_gan_mei_ironic_armour_unique	3k_main_ancilliary_armour_gan_mei_ironic_armour_unique	1	0	1	1	false
3k_main_ancilliary_armour_ganwiego_armour_unique	3k_main_ancilliary_armour_ganwiego_armour_unique	1	0	1	1	false
3k_main_ancilliary_armour_gao_dai_ironic_armour_unique	3k_main_ancilliary_armour_gao_dai_ironic_armour_unique	1	0	1	1	false
3k_main_ancilliary_armour_gao_lan_armour_unique	3k_main_ancilliary_armour_gao_lan_armour_unique	1	0	1	1	false
3k_main_ancilliary_armour_gao_pei_unique_armour_unique	3k_main_ancilliary_armour_gao_pei_unique_armour_unique	1	0	1	1	false
3k_main_ancilliary_armour_gogukcheon_armour_unique	3k_main_ancilliary_armour_gogukcheon_armour_unique	1	0	1	1	false
3k_main_ancilliary_armour_gongsun_gong_armour_unique	3k_main_ancilliary_armour_gongsun_gong_armour_unique	1	0	1	1	false
3k_main_ancilliary_armour_gongsun_kang_armour_unique	3k_main_ancilliary_armour_gongsun_kang_armour_unique	1	0	1	1	false
3k_main_ancilliary_armour_gongsun_xu_armour_unique	3k_main_ancilliary_armour_gongsun_xu_armour_unique	1	0	1	1	false
3k_main_ancilliary_armour_gongsun_yuan_armour_unique	3k_main_ancilliary_armour_gongsun_yuan_armour_unique	1	0	1	1	false
3k_main_ancilliary_armour_gu_yong_ironic_armour_unique	3k_main_ancilliary_armour_gu_yong_ironic_armour_unique	1	0	1	1	false
3k_main_ancilliary_armour_guan_hai_ytr_armour_unique	3k_main_ancilliary_armour_guan_hai_ytr_armour_unique	1	0	1	1	false
3k_main_ancilliary_armour_guan_jing_armour_unique	3k_main_ancilliary_armour_guan_jing_armour_unique	1	0	1	1	false
3k_main_ancilliary_armour_guo_da_armour_unique	3k_main_ancilliary_armour_guo_da_armour_unique	1	0	1	1	false
3k_main_ancilliary_armour_guo_nuwang_armour_unique	3k_main_ancilliary_armour_guo_nuwang_armour_unique	1	0	1	1	false
3k_main_ancilliary_armour_guo_si_armour_unique	3k_main_ancilliary_armour_guo_si_armour_unique	1	0	1	1	false
3k_main_ancilliary_armour_guo_tu_armour_unique	3k_main_ancilliary_armour_guo_tu_armour_unique	1	0	1	1	false
3k_main_ancilliary_armour_guo_xian_armour_unique	3k_main_ancilliary_armour_guo_xian_armour_unique	1	0	1	1	false
3k_main_ancilliary_armour_han_anyue_armour_unique	3k_main_ancilliary_armour_han_anyue_armour_unique	1	0	1	1	false
3k_main_ancilliary_armour_han_chong_armour_unique	3k_main_ancilliary_armour_han_chong_armour_unique	1	0	1	1	false
3k_main_ancilliary_armour_han_dang_armour_unique	3k_main_ancilliary_armour_han_dang_armour_unique	1	0	1	1	false
3k_main_ancilliary_armour_han_ji_unique_ironic_armour_unique	3k_main_ancilliary_armour_han_ji_unique_ironic_armour_unique	1	0	1	1	false
3k_main_ancilliary_armour_han_lian_armour_unique	3k_main_ancilliary_armour_han_lian_armour_unique	1	0	1	1	false
3k_main_ancilliary_armour_han_xian_ytr_armour_unique	3k_main_ancilliary_armour_han_xian_ytr_armour_unique	1	0	1	1	false
3k_main_ancilliary_armour_han_xin_armour_unique	3k_main_ancilliary_armour_han_xin_armour_unique	1	0	1	1	false
3k_main_ancilliary_armour_han_xuan_ironic_armour_unique	3k_main_ancilliary_armour_han_xuan_ironic_armour_unique	1	0	1	1	false
3k_main_ancilliary_armour_handan_shang_armour_unique	3k_main_ancilliary_armour_handan_shang_armour_unique	1	0	1	1	false
3k_main_ancilliary_armour_hao_meng_armour_unique	3k_main_ancilliary_armour_hao_meng_armour_unique	1	0	1	1	false
3k_main_ancilliary_armour_he_qi_ironic_armour_unique	3k_main_ancilliary_armour_he_qi_ironic_armour_unique	1	0	1	1	false
3k_main_ancilliary_armour_hou_xuan_armour_unique	3k_main_ancilliary_armour_hou_xuan_armour_unique	1	0	1	1	false
3k_main_ancilliary_armour_hou_yin_armour_unique	3k_main_ancilliary_armour_hou_yin_armour_unique	1	0	1	1	false
3k_main_ancilliary_armour_hu_mao_armour_unique	3k_main_ancilliary_armour_hu_mao_armour_unique	1	0	1	1	false
3k_main_ancilliary_armour_hu_zhen_armour_unique	3k_main_ancilliary_armour_hu_zhen_armour_unique	1	0	1	1	false
3k_main_ancilliary_armour_hua_ji_unique_armour_unique	3k_main_ancilliary_armour_hua_ji_unique_armour_unique	1	0	1	1	false
3k_main_ancilliary_armour_hua_tuo_armour_unique	3k_main_ancilliary_armour_hua_tuo_armour_unique	1	0	1	1	false
3k_main_ancilliary_armour_hua_xiong_armour_unique	3k_main_ancilliary_armour_hua_xiong_armour_unique	1	0	1	1	false
3k_main_ancilliary_armour_huan_lin_unique_armour_unique	3k_main_ancilliary_armour_huan_lin_unique_armour_unique	1	0	1	1	false
3k_main_ancilliary_armour_huan_zhi_unique_armour_unique	3k_main_ancilliary_armour_huan_zhi_unique_armour_unique	1	0	1	1	false
3k_main_ancilliary_armour_huang_anbao_armour_unique	3k_main_ancilliary_armour_huang_anbao_armour_unique	1	0	1	1	false
3k_main_ancilliary_armour_huang_ang_armour_unique	3k_main_ancilliary_armour_huang_ang_armour_unique	1	0	1	1	false
3k_main_ancilliary_armour_huang_chengyan_armour_unique	3k_main_ancilliary_armour_huang_chengyan_armour_unique	1	0	1	1	false
3k_main_ancilliary_armour_huang_hua_armour_unique	3k_main_ancilliary_armour_huang_hua_armour_unique	1	0	1	1	false
3k_main_ancilliary_armour_huang_she_armour_unique	3k_main_ancilliary_armour_huang_she_armour_unique	1	0	1	1	false
3k_main_ancilliary_armour_huang_wan_armour_unique	3k_main_ancilliary_armour_huang_wan_armour_unique	1	0	1	1	false
3k_main_ancilliary_armour_huang_yueying_armour_unique	3k_main_ancilliary_armour_huang_yueying_armour_unique	1	0	1	1	false
3k_main_ancilliary_armour_huanglong_armour_unique	3k_main_ancilliary_armour_huanglong_armour_unique	1	0	1	1	false
3k_main_ancilliary_armour_huanglong_luo_ironic_armour_unique	3k_main_ancilliary_armour_huanglong_luo_ironic_armour_unique	1	0	1	1	false
3k_main_ancilliary_armour_huche_er_armour_unique	3k_main_ancilliary_armour_huche_er_armour_unique	1	0	1	1	false
3k_main_ancilliary_armour_huo_jun_armour_unique	3k_main_ancilliary_armour_huo_jun_armour_unique	1	0	1	1	false
3k_main_ancilliary_armour_huo_nu_armour_unique	3k_main_ancilliary_armour_huo_nu_armour_unique	1	0	1	1	false
3k_main_ancilliary_armour_ji_ben_armour_unique	3k_main_ancilliary_armour_ji_ben_armour_unique	1	0	1	1	false
3k_main_ancilliary_armour_jiang_gan_armour_unique	3k_main_ancilliary_armour_jiang_gan_armour_unique	1	0	1	1	false
3k_main_ancilliary_armour_jiang_gong_armour_unique	3k_main_ancilliary_armour_jiang_gong_armour_unique	1	0	1	1	false
3k_main_ancilliary_armour_jiang_qin_armour_unique	3k_main_ancilliary_armour_jiang_qin_armour_unique	1	0	1	1	false
3k_main_ancilliary_armour_jiang_wan_unique_armour_unique	3k_main_ancilliary_armour_jiang_wan_unique_armour_unique	1	0	1	1	false
3k_main_ancilliary_armour_jin_xuan_unique_armour_unique	3k_main_ancilliary_armour_jin_xuan_unique_armour_unique	1	0	1	1	false
3k_main_ancilliary_armour_jue_jiejie_armour_unique	3k_main_ancilliary_armour_jue_jiejie_armour_unique	1	0	1	1	false
3k_main_ancilliary_armour_jueji_armour_unique	3k_main_ancilliary_armour_jueji_armour_unique	1	0	1	1	false
3k_main_ancilliary_armour_kan_ze_ironic_armour_unique	3k_main_ancilliary_armour_kan_ze_ironic_armour_unique	1	0	1	1	false
3k_main_ancilliary_armour_kang_qinmeng_ironic_armour_unique	3k_main_ancilliary_armour_kang_qinmeng_ironic_armour_unique	1	0	1	1	false
3k_main_ancilliary_armour_ke_ren_armour_unique	3k_main_ancilliary_armour_ke_ren_armour_unique	1	0	1	1	false
3k_main_ancilliary_armour_ke_wu_armour_unique	3k_main_ancilliary_armour_ke_wu_armour_unique	1	0	1	1	false
3k_main_ancilliary_armour_kuai_liang_armour_unique	3k_main_ancilliary_armour_kuai_liang_armour_unique	1	0	1	1	false
3k_main_ancilliary_armour_kuai_yue_armour_unique	3k_main_ancilliary_armour_kuai_yue_armour_unique	1	0	1	1	false
3k_main_ancilliary_armour_kuang_gan_ironic_armour_unique	3k_main_ancilliary_armour_kuang_gan_ironic_armour_unique	1	0	1	1	false
3k_main_ancilliary_armour_lady_cai_armour_unique	3k_main_ancilliary_armour_lady_cai_armour_unique	1	0	1	1	false
3k_main_ancilliary_armour_lady_gan_armour_unique	3k_main_ancilliary_armour_lady_gan_armour_unique	1	0	1	1	false
3k_main_ancilliary_armour_lady_huang_xie_armour_unique	3k_main_ancilliary_armour_lady_huang_xie_armour_unique	1	0	1	1	false
3k_main_ancilliary_armour_lady_liu_armour_unique	3k_main_ancilliary_armour_lady_liu_armour_unique	1	0	1	1	false
3k_main_ancilliary_armour_lady_liu_huimin_armour_unique	3k_main_ancilliary_armour_lady_liu_huimin_armour_unique	1	0	1	1	false
3k_main_ancilliary_armour_lady_lu_yang_armour_unique	3k_main_ancilliary_armour_lady_lu_yang_armour_unique	1	0	1	1	false
3k_main_ancilliary_armour_lady_xiahou_armour_unique	3k_main_ancilliary_armour_lady_xiahou_armour_unique	1	0	1	1	false
3k_main_ancilliary_armour_lady_yan_armour_unique	3k_main_ancilliary_armour_lady_yan_armour_unique	1	0	1	1	false
3k_main_ancilliary_armour_lady_yang_di_armour_unique	3k_main_ancilliary_armour_lady_yang_di_armour_unique	1	0	1	1	false
3k_main_ancilliary_armour_lady_ze_deng_armour_unique	3k_main_ancilliary_armour_lady_ze_deng_armour_unique	1	0	1	1	false
3k_main_ancilliary_armour_lady_zhang_shangxiu_armour_unique	3k_main_ancilliary_armour_lady_zhang_shangxiu_armour_unique	1	0	1	1	false
3k_main_ancilliary_armour_lady_zhang_xiangyang_armour_unique	3k_main_ancilliary_armour_lady_zhang_xiangyang_armour_unique	1	0	1	1	false
3k_main_ancilliary_armour_lady_zhang_zhumeng_armour_unique	3k_main_ancilliary_armour_lady_zhang_zhumeng_armour_unique	1	0	1	1	false
3k_main_ancilliary_armour_lai_gong_armour_unique	3k_main_ancilliary_armour_lai_gong_armour_unique	1	0	1	1	false
3k_main_ancilliary_armour_lai_xun_unique_armour_unique	3k_main_ancilliary_armour_lai_xun_unique_armour_unique	1	0	1	1	false
3k_main_ancilliary_armour_lei_xu_armour_unique	3k_main_ancilliary_armour_lei_xu_armour_unique	1	0	1	1	false
3k_main_ancilliary_armour_leng_bao_unique_armour_unique	3k_main_ancilliary_armour_leng_bao_unique_armour_unique	1	0	1	1	false
3k_main_ancilliary_armour_li_damu_armour_unique	3k_main_ancilliary_armour_li_damu_armour_unique	1	0	1	1	false
3k_main_ancilliary_armour_li_hui_van_unique_armour_unique	3k_main_ancilliary_armour_li_hui_van_unique_armour_unique	1	0	1	1	false
3k_main_ancilliary_armour_li_kan_armour_unique	3k_main_ancilliary_armour_li_kan_armour_unique	1	0	1	1	false
3k_main_ancilliary_armour_li_li_armour_unique	3k_main_ancilliary_armour_li_li_armour_unique	1	0	1	1	false
3k_main_ancilliary_armour_li_shi_unique_armour_unique	3k_main_ancilliary_armour_li_shi_unique_armour_unique	1	0	1	1	false
3k_main_ancilliary_armour_li_shu_armour_unique	3k_main_ancilliary_armour_li_shu_armour_unique	1	0	1	1	false
3k_main_ancilliary_armour_li_su_armour_unique	3k_main_ancilliary_armour_li_su_armour_unique	1	0	1	1	false
3k_main_ancilliary_armour_li_tong_armour_unique	3k_main_ancilliary_armour_li_tong_armour_unique	1	0	1	1	false
3k_main_ancilliary_armour_li_xian_armour_unique	3k_main_ancilliary_armour_li_xian_armour_unique	1	0	1	1	false
3k_main_ancilliary_armour_li_ying_armour_unique	3k_main_ancilliary_armour_li_ying_armour_unique	1	0	1	1	false
3k_main_ancilliary_armour_liang_mao_armour_unique	3k_main_ancilliary_armour_liang_mao_armour_unique	1	0	1	1	false
3k_main_ancilliary_armour_liang_xing_armour_unique	3k_main_ancilliary_armour_liang_xing_armour_unique	1	0	1	1	false
3k_main_ancilliary_armour_liao_hua_ytr_armour_unique	3k_main_ancilliary_armour_liao_hua_ytr_armour_unique	1	0	1	1	false
3k_main_ancilliary_armour_ling_cao_ironic_armour_unique	3k_main_ancilliary_armour_ling_cao_ironic_armour_unique	1	0	1	1	false
3k_main_ancilliary_armour_ling_tong_fix_armour_unique	3k_main_ancilliary_armour_ling_tong_fix_armour_unique	1	0	1	1	false
3k_main_ancilliary_armour_ling_tong_ironic_armour_unique	3k_main_ancilliary_armour_ling_tong_ironic_armour_unique	1	0	1	1	false
3k_main_ancilliary_armour_linghu_na_unique_armour_unique	3k_main_ancilliary_armour_linghu_na_unique_armour_unique	1	0	1	1	false
3k_main_ancilliary_armour_liu_ai_armour_unique	3k_main_ancilliary_armour_liu_ai_armour_unique	1	0	1	1	false
3k_main_ancilliary_armour_liu_ba_unique_ironic_armour_unique	3k_main_ancilliary_armour_liu_ba_unique_ironic_armour_unique	1	0	1	1	false
3k_main_ancilliary_armour_liu_cong_armour_unique	3k_main_ancilliary_armour_liu_cong_armour_unique	1	0	1	1	false
3k_main_ancilliary_armour_liu_dai_armour_unique	3k_main_ancilliary_armour_liu_dai_armour_unique	1	0	1	1	false
3k_main_ancilliary_armour_liu_du_unique_ironic_armour_unique	3k_main_ancilliary_armour_liu_du_unique_ironic_armour_unique	1	0	1	1	false
3k_main_ancilliary_armour_liu_gui_unique_armour_unique	3k_main_ancilliary_armour_liu_gui_unique_armour_unique	1	0	1	1	false
3k_main_ancilliary_armour_liu_he_pirate_unique_armour_unique	3k_main_ancilliary_armour_liu_he_pirate_unique_armour_unique	1	0	1	1	false
3k_main_ancilliary_armour_liu_ji_armour_unique	3k_main_ancilliary_armour_liu_ji_armour_unique	1	0	1	1	false
3k_main_ancilliary_armour_liu_pan_armour_unique	3k_main_ancilliary_armour_liu_pan_armour_unique	1	0	1	1	false
3k_main_ancilliary_armour_liu_pi_unique_armour_unique	3k_main_ancilliary_armour_liu_pi_unique_armour_unique	1	0	1	1	false
3k_main_ancilliary_armour_liu_pingming_armour_unique	3k_main_ancilliary_armour_liu_pingming_armour_unique	1	0	1	1	false
3k_main_ancilliary_armour_liu_qi_armour_unique	3k_main_ancilliary_armour_liu_qi_armour_unique	1	0	1	1	false
3k_main_ancilliary_armour_liu_shang_armour_unique	3k_main_ancilliary_armour_liu_shang_armour_unique	1	0	1	1	false
3k_main_ancilliary_armour_liu_shuo_armour_unique	3k_main_ancilliary_armour_liu_shuo_armour_unique	1	0	1	1	false
3k_main_ancilliary_armour_liu_xian_unique_ironic_armour_unique	3k_main_ancilliary_armour_liu_xian_unique_ironic_armour_unique	1	0	1	1	false
3k_main_ancilliary_armour_liu_xun_armour_unique	3k_main_ancilliary_armour_liu_xun_armour_unique	1	0	1	1	false
3k_main_ancilliary_armour_liu_xun_zitai_armour_unique	3k_main_ancilliary_armour_liu_xun_zitai_armour_unique	1	0	1	1	false
3k_main_ancilliary_armour_liu_ye_armour_unique	3k_main_ancilliary_armour_liu_ye_armour_unique	1	0	1	1	false
3k_main_ancilliary_armour_lou_gui_armour_unique	3k_main_ancilliary_armour_lou_gui_armour_unique	1	0	1	1	false
3k_main_ancilliary_armour_lu_dai_armour_unique	3k_main_ancilliary_armour_lu_dai_armour_unique	1	0	1	1	false
3k_main_ancilliary_armour_lu_fan_ironic_armour_unique	3k_main_ancilliary_armour_lu_fan_ironic_armour_unique	1	0	1	1	false
3k_main_ancilliary_armour_lu_gong_armour_unique	3k_main_ancilliary_armour_lu_gong_armour_unique	1	0	1	1	false
3k_main_ancilliary_armour_lu_ji_armour_unique	3k_main_ancilliary_armour_lu_ji_armour_unique	1	0	1	1	false
3k_main_ancilliary_armour_lu_ju_armour_unique	3k_main_ancilliary_armour_lu_ju_armour_unique	1	0	1	1	false
3k_main_ancilliary_armour_lu_jun_armour_unique	3k_main_ancilliary_armour_lu_jun_armour_unique	1	0	1	1	false
3k_main_ancilliary_armour_lu_kang_armour_unique	3k_main_ancilliary_armour_lu_kang_armour_unique	1	0	1	1	false
3k_main_ancilliary_armour_lu_meng_unique_ironic_armour_unique	3k_main_ancilliary_armour_lu_meng_unique_ironic_armour_unique	1	0	1	1	false
3k_main_ancilliary_armour_lu_qian_armour_unique	3k_main_ancilliary_armour_lu_qian_armour_unique	1	0	1	1	false
3k_main_ancilliary_armour_lu_shang_armour_unique	3k_main_ancilliary_armour_lu_shang_armour_unique	1	0	1	1	false
3k_main_ancilliary_armour_lu_xun_armour_unique	3k_main_ancilliary_armour_lu_xun_armour_unique	1	0	1	1	false
3k_main_ancilliary_armour_ma_ai_armour_unique	3k_main_ancilliary_armour_ma_ai_armour_unique	1	0	1	1	false
3k_main_ancilliary_armour_ma_liang_unique_ironic_armour_unique	3k_main_ancilliary_armour_ma_liang_unique_ironic_armour_unique	1	0	1	1	false
3k_main_ancilliary_armour_ma_midi_armour_unique	3k_main_ancilliary_armour_ma_midi_armour_unique	1	0	1	1	false
3k_main_ancilliary_armour_ma_su_unique_ironic_armour_unique	3k_main_ancilliary_armour_ma_su_unique_ironic_armour_unique	1	0	1	1	false
3k_main_ancilliary_armour_ma_wan_armour_unique	3k_main_ancilliary_armour_ma_wan_armour_unique	1	0	1	1	false
3k_main_ancilliary_armour_ma_zhong_unique_armour_unique	3k_main_ancilliary_armour_ma_zhong_unique_armour_unique	1	0	1	1	false
3k_main_ancilliary_armour_mao_jie_armour_unique	3k_main_ancilliary_armour_mao_jie_armour_unique	1	0	1	1	false
3k_main_ancilliary_armour_mei_cheng_armour_unique	3k_main_ancilliary_armour_mei_cheng_armour_unique	1	0	1	1	false
3k_main_ancilliary_armour_meng_da_armour_unique	3k_main_ancilliary_armour_meng_da_armour_unique	1	0	1	1	false
3k_main_ancilliary_armour_mi_fang_armour_unique	3k_main_ancilliary_armour_mi_fang_armour_unique	1	0	1	1	false
3k_main_ancilliary_armour_mi_zhu_armour_unique	3k_main_ancilliary_armour_mi_zhu_armour_unique	1	0	1	1	false
3k_main_ancilliary_armour_miao_wanwan_armour_unique	3k_main_ancilliary_armour_miao_wanwan_armour_unique	1	0	1	1	false
3k_main_ancilliary_armour_mike_armour_unique	3k_main_ancilliary_armour_mike_armour_unique	1	0	1	1	false
3k_main_ancilliary_armour_nangong_xinyu_unique_armour_unique	3k_main_ancilliary_armour_nangong_xinyu_unique_armour_unique	1	0	1	1	false
3k_main_ancilliary_armour_nangong_zixiao_unique_armour_unique	3k_main_ancilliary_armour_nangong_zixiao_unique_armour_unique	1	0	1	1	false
3k_main_ancilliary_armour_nanlou_armour_unique	3k_main_ancilliary_armour_nanlou_armour_unique	1	0	1	1	false
3k_main_ancilliary_armour_ni_xiaode_unique_armour_unique	3k_main_ancilliary_armour_ni_xiaode_unique_armour_unique	1	0	1	1	false
3k_main_ancilliary_armour_nie_tingping_armour_unique	3k_main_ancilliary_armour_nie_tingping_armour_unique	1	0	1	1	false
3k_main_ancilliary_armour_niu_fu_armour_unique	3k_main_ancilliary_armour_niu_fu_armour_unique	1	0	1	1	false
3k_main_ancilliary_armour_ouhou_cai_armour_unique	3k_main_ancilliary_armour_ouhou_cai_armour_unique	1	0	1	1	false
3k_main_ancilliary_armour_pan_juan_armour_unique	3k_main_ancilliary_armour_pan_juan_armour_unique	1	0	1	1	false
3k_main_ancilliary_armour_pan_jun_unique_armour_unique	3k_main_ancilliary_armour_pan_jun_unique_armour_unique	1	0	1	1	false
3k_main_ancilliary_armour_pan_lin_armour_unique	3k_main_ancilliary_armour_pan_lin_armour_unique	1	0	1	1	false
3k_main_ancilliary_armour_pan_shun_armour_unique	3k_main_ancilliary_armour_pan_shun_armour_unique	1	0	1	1	false
3k_main_ancilliary_armour_pan_zhang_ironic_armour_unique	3k_main_ancilliary_armour_pan_zhang_ironic_armour_unique	1	0	1	1	false
3k_main_ancilliary_armour_pang_degong_ironic_water_armour_unique	3k_main_ancilliary_armour_pang_degong_ironic_water_armour_unique	1	0	1	1	false
3k_main_ancilliary_armour_pang_ji`_armour_unique	3k_main_ancilliary_armour_pang_ji`_armour_unique	1	0	1	1	false
3k_main_ancilliary_armour_pang_yu_armour_unique	3k_main_ancilliary_armour_pang_yu_armour_unique	1	0	1	1	false
3k_main_ancilliary_armour_puyang_lian_ironic_armour_unique	3k_main_ancilliary_armour_puyang_lian_ironic_armour_unique	1	0	1	1	false
3k_main_ancilliary_armour_qian_zhao_ironic_armour_unique	3k_main_ancilliary_armour_qian_zhao_ironic_armour_unique	1	0	1	1	false
3k_main_ancilliary_armour_qiang_duan_armour_unique	3k_main_ancilliary_armour_qiang_duan_armour_unique	1	0	1	1	false
3k_main_ancilliary_armour_qin_yilu_armour_unique	3k_main_ancilliary_armour_qin_yilu_armour_unique	1	0	1	1	false
3k_main_ancilliary_armour_qu_chuntao_armour_unique	3k_main_ancilliary_armour_qu_chuntao_armour_unique	1	0	1	1	false
3k_main_ancilliary_armour_qu_pan_armour_unique	3k_main_ancilliary_armour_qu_pan_armour_unique	1	0	1	1	false
3k_main_ancilliary_armour_qu_yi_armour_unique	3k_main_ancilliary_armour_qu_yi_armour_unique	1	0	1	1	false
3k_main_ancilliary_armour_quan_rou_armour_unique	3k_main_ancilliary_armour_quan_rou_armour_unique	1	0	1	1	false
3k_main_ancilliary_armour_que_xuan_ironic_armour_unique	3k_main_ancilliary_armour_que_xuan_ironic_armour_unique	1	0	1	1	false
3k_main_ancilliary_armour_rong_fang_ironic_armour_unique	3k_main_ancilliary_armour_rong_fang_ironic_armour_unique	1	0	1	1	false
3k_main_ancilliary_armour_sheng_dao_unique_armour_unique	3k_main_ancilliary_armour_sheng_dao_unique_armour_unique	1	0	1	1	false
3k_main_ancilliary_armour_shi_fen_unique_armour_unique	3k_main_ancilliary_armour_shi_fen_unique_armour_unique	1	0	1	1	false
3k_main_ancilliary_armour_shi_huan_armour_unique	3k_main_ancilliary_armour_shi_huan_armour_unique	1	0	1	1	false
3k_main_ancilliary_armour_shi_huang_sg_armour_unique	3k_main_ancilliary_armour_shi_huang_sg_armour_unique	1	0	1	1	false
3k_main_ancilliary_armour_shi_hui_unique_armour_unique	3k_main_ancilliary_armour_shi_hui_unique_armour_unique	1	0	1	1	false
3k_main_ancilliary_armour_shi_kuang_unique_armour_unique	3k_main_ancilliary_armour_shi_kuang_unique_armour_unique	1	0	1	1	false
3k_main_ancilliary_armour_shi_wei_unique_armour_unique	3k_main_ancilliary_armour_shi_wei_unique_armour_unique	1	0	1	1	false
3k_main_ancilliary_armour_shi_wu_unique_armour_unique	3k_main_ancilliary_armour_shi_wu_unique_armour_unique	1	0	1	1	false
3k_main_ancilliary_armour_shi_xin_unique_armour_unique	3k_main_ancilliary_armour_shi_xin_unique_armour_unique	1	0	1	1	false
3k_main_ancilliary_armour_shi_yi_unique_armour_unique	3k_main_ancilliary_armour_shi_yi_unique_armour_unique	1	0	1	1	false
3k_main_ancilliary_armour_shi_yi_w_armour_unique	3k_main_ancilliary_armour_shi_yi_w_armour_unique	1	0	1	1	false
3k_main_ancilliary_armour_shi_zin_unique_armour_unique	3k_main_ancilliary_armour_shi_zin_unique_armour_unique	1	0	1	1	false
3k_main_ancilliary_armour_sima_hui_ironic_water_armour_unique	3k_main_ancilliary_armour_sima_hui_ironic_water_armour_unique	1	0	1	1	false
3k_main_ancilliary_armour_sima_ju_ytr_armour_unique	3k_main_ancilliary_armour_sima_ju_ytr_armour_unique	1	0	1	1	false
3k_main_ancilliary_armour_su_dai_unique_armour_unique	3k_main_ancilliary_armour_su_dai_unique_armour_unique	1	0	1	1	false
3k_main_ancilliary_armour_su_fei_armour_unique	3k_main_ancilliary_armour_su_fei_armour_unique	1	0	1	1	false
3k_main_ancilliary_armour_su_ze_armour_unique	3k_main_ancilliary_armour_su_ze_armour_unique	1	0	1	1	false
3k_main_ancilliary_armour_sun_ben_armour_unique	3k_main_ancilliary_armour_sun_ben_armour_unique	1	0	1	1	false
3k_main_ancilliary_armour_sun_deng_armour_unique	3k_main_ancilliary_armour_sun_deng_armour_unique	1	0	1	1	false
3k_main_ancilliary_armour_sun_fu_armour_unique	3k_main_ancilliary_armour_sun_fu_armour_unique	1	0	1	1	false
3k_main_ancilliary_armour_sun_guan_armour_unique	3k_main_ancilliary_armour_sun_guan_armour_unique	1	0	1	1	false
3k_main_ancilliary_armour_sun_hao_armour_unique	3k_main_ancilliary_armour_sun_hao_armour_unique	1	0	1	1	false
3k_main_ancilliary_armour_sun_he_armour_unique	3k_main_ancilliary_armour_sun_he_armour_unique	1	0	1	1	false
3k_main_ancilliary_armour_sun_jiao_armour_unique	3k_main_ancilliary_armour_sun_jiao_armour_unique	1	0	1	1	false
3k_main_ancilliary_armour_sun_jing_armour_unique	3k_main_ancilliary_armour_sun_jing_armour_unique	1	0	1	1	false
3k_main_ancilliary_armour_sun_kuang_armour_unique	3k_main_ancilliary_armour_sun_kuang_armour_unique	1	0	1	1	false
3k_main_ancilliary_armour_sun_lang_armour_unique	3k_main_ancilliary_armour_sun_lang_armour_unique	1	0	1	1	false
3k_main_ancilliary_armour_sun_qian_armour_unique	3k_main_ancilliary_armour_sun_qian_armour_unique	1	0	1	1	false
3k_main_ancilliary_armour_sun_shao_armour_unique	3k_main_ancilliary_armour_sun_shao_armour_unique	1	0	1	1	false
3k_main_ancilliary_armour_sun_shao_sun_armour_unique	3k_main_ancilliary_armour_sun_shao_sun_armour_unique	1	0	1	1	false
3k_main_ancilliary_armour_sun_shi_ironic_armour_unique	3k_main_ancilliary_armour_sun_shi_ironic_armour_unique	1	0	1	1	false
3k_main_ancilliary_armour_sun_yi_armour_unique	3k_main_ancilliary_armour_sun_yi_armour_unique	1	0	1	1	false
3k_main_ancilliary_armour_sun_yu_armour_unique	3k_main_ancilliary_armour_sun_yu_armour_unique	1	0	1	1	false
3k_main_ancilliary_armour_syiyan_armour_unique	3k_main_ancilliary_armour_syiyan_armour_unique	1	0	1	1	false
3k_main_ancilliary_armour_tao_shang_armour_unique	3k_main_ancilliary_armour_tao_shang_armour_unique	1	0	1	1	false
3k_main_ancilliary_armour_tao_ying_armour_unique	3k_main_ancilliary_armour_tao_ying_armour_unique	1	0	1	1	false
3k_main_ancilliary_armour_teng_ling_armour_unique	3k_main_ancilliary_armour_teng_ling_armour_unique	1	0	1	1	false
3k_main_ancilliary_armour_tian_feng_armour_unique	3k_main_ancilliary_armour_tian_feng_armour_unique	1	0	1	1	false
3k_main_ancilliary_armour_tian_kai_armour_unique	3k_main_ancilliary_armour_tian_kai_armour_unique	1	0	1	1	false
3k_main_ancilliary_armour_tian_yu_armour_unique	3k_main_ancilliary_armour_tian_yu_armour_unique	1	0	1	1	false
3k_main_ancilliary_armour_tong_jie_unique_armour_unique	3k_main_ancilliary_armour_tong_jie_unique_armour_unique	1	0	1	1	false
3k_main_ancilliary_armour_tong_yin_armour_unique	3k_main_ancilliary_armour_tong_yin_armour_unique	1	0	1	1	false
3k_main_ancilliary_armour_tong_yurui_armour_unique	3k_main_ancilliary_armour_tong_yurui_armour_unique	1	0	1	1	false
3k_main_ancilliary_armour_tong_zhi_armour_unique	3k_main_ancilliary_armour_tong_zhi_armour_unique	1	0	1	1	false
3k_main_ancilliary_armour_tufa_pigu_armour_unique	3k_main_ancilliary_armour_tufa_pigu_armour_unique	1	0	1	1	false
3k_main_ancilliary_armour_tuoba_jiefan_armour_unique	3k_main_ancilliary_armour_tuoba_jiefan_armour_unique	1	0	1	1	false
3k_main_ancilliary_armour_tuoba_liwei_armour_unique	3k_main_ancilliary_armour_tuoba_liwei_armour_unique	1	0	1	1	false
3k_main_ancilliary_armour_wan_bing_ironic_armour_unique	3k_main_ancilliary_armour_wan_bing_ironic_armour_unique	1	0	1	1	false
3k_main_ancilliary_armour_wang_dang_armour_unique	3k_main_ancilliary_armour_wang_dang_armour_unique	1	0	1	1	false
3k_main_ancilliary_armour_wang_feng_armour_unique	3k_main_ancilliary_armour_wang_feng_armour_unique	1	0	1	1	false
3k_main_ancilliary_armour_wang_fu_stra_unique_armour_unique	3k_main_ancilliary_armour_wang_fu_stra_unique_armour_unique	1	0	1	1	false
3k_main_ancilliary_armour_wang_fu_unique_armour_unique	3k_main_ancilliary_armour_wang_fu_unique_armour_unique	1	0	1	1	false
3k_main_ancilliary_armour_wang_hong_armour_unique	3k_main_ancilliary_armour_wang_hong_armour_unique	1	0	1	1	false
3k_main_ancilliary_armour_wang_lei_unique_armour_unique	3k_main_ancilliary_armour_wang_lei_unique_armour_unique	1	0	1	1	false
3k_main_ancilliary_armour_wang_ping_armour_unique	3k_main_ancilliary_armour_wang_ping_armour_unique	1	0	1	1	false
3k_main_ancilliary_armour_wang_sheng_armour_unique	3k_main_ancilliary_armour_wang_sheng_armour_unique	1	0	1	1	false
3k_main_ancilliary_armour_wang_shi_unique_armour_unique	3k_main_ancilliary_armour_wang_shi_unique_armour_unique	1	0	1	1	false
3k_main_ancilliary_armour_wang_song_armour_unique	3k_main_ancilliary_armour_wang_song_armour_unique	1	0	1	1	false
3k_main_ancilliary_armour_wang_su_ironic_armour_unique	3k_main_ancilliary_armour_wang_su_ironic_armour_unique	1	0	1	1	false
3k_main_ancilliary_armour_wang_xian_unique_armour_unique	3k_main_ancilliary_armour_wang_xian_unique_armour_unique	1	0	1	1	false
3k_main_ancilliary_armour_wang_xiang_unique_ironic_armour_unique	3k_main_ancilliary_armour_wang_xiang_unique_ironic_armour_unique	1	0	1	1	false
3k_main_ancilliary_armour_wang_xiu_armour_unique	3k_main_ancilliary_armour_wang_xiu_armour_unique	1	0	1	1	false
3k_main_ancilliary_armour_wang_yu_armour_unique	3k_main_ancilliary_armour_wang_yu_armour_unique	1	0	1	1	false
3k_main_ancilliary_armour_wei_gu_ironic_armour_unique	3k_main_ancilliary_armour_wei_gu_ironic_armour_unique	1	0	1	1	false
3k_main_ancilliary_armour_wei_huang_armour_unique	3k_main_ancilliary_armour_wei_huang_armour_unique	1	0	1	1	false
3k_main_ancilliary_armour_wei_kang_armour_unique	3k_main_ancilliary_armour_wei_kang_armour_unique	1	0	1	1	false
3k_main_ancilliary_armour_wen_pin_armour_unique	3k_main_ancilliary_armour_wen_pin_armour_unique	1	0	1	1	false
3k_main_ancilliary_armour_wen_qin_ironic_armour_unique	3k_main_ancilliary_armour_wen_qin_ironic_armour_unique	1	0	1	1	false
3k_main_ancilliary_armour_wu_chen_unique_armour_unique	3k_main_ancilliary_armour_wu_chen_unique_armour_unique	1	0	1	1	false
3k_main_ancilliary_armour_wu_huan_ytr_armour_unique	3k_main_ancilliary_armour_wu_huan_ytr_armour_unique	1	0	1	1	false
3k_main_ancilliary_armour_wu_jing_ironic_armour_unique	3k_main_ancilliary_armour_wu_jing_ironic_armour_unique	1	0	1	1	false
3k_main_ancilliary_armour_wu_ju_armour_unique	3k_main_ancilliary_armour_wu_ju_armour_unique	1	0	1	1	false
3k_main_ancilliary_armour_xi_zhicai_unique_armour_unique	3k_main_ancilliary_armour_xi_zhicai_unique_armour_unique	1	0	1	1	false
3k_main_ancilliary_armour_xiahou_jie_armour_unique	3k_main_ancilliary_armour_xiahou_jie_armour_unique	1	0	1	1	false
3k_main_ancilliary_armour_xiahou_shang_armour_unique	3k_main_ancilliary_armour_xiahou_shang_armour_unique	1	0	1	1	false
3k_main_ancilliary_armour_xiang_chong_unique_ironic_armour_unique	3k_main_ancilliary_armour_xiang_chong_unique_ironic_armour_unique	1	0	1	1	false
3k_main_ancilliary_armour_xie_mi_ironic_armour_unique	3k_main_ancilliary_armour_xie_mi_ironic_armour_unique	1	0	1	1	false
3k_main_ancilliary_armour_xin_pi_armour_unique	3k_main_ancilliary_armour_xin_pi_armour_unique	1	0	1	1	false
3k_main_ancilliary_armour_xing_daorong_unique_ironic_armour_unique	3k_main_ancilliary_armour_xing_daorong_unique_ironic_armour_unique	1	0	1	1	false
3k_main_ancilliary_armour_xu_gong_ironic_armour_unique	3k_main_ancilliary_armour_xu_gong_ironic_armour_unique	1	0	1	1	false
3k_main_ancilliary_armour_xu_he_ytr_armour_unique	3k_main_ancilliary_armour_xu_he_ytr_armour_unique	1	0	1	1	false
3k_main_ancilliary_armour_xu_jing_armour_unique	3k_main_ancilliary_armour_xu_jing_armour_unique	1	0	1	1	false
3k_main_ancilliary_armour_xu_kun_ironic_armour_unique	3k_main_ancilliary_armour_xu_kun_ironic_armour_unique	1	0	1	1	false
3k_main_ancilliary_armour_xu_rong_armour_unique	3k_main_ancilliary_armour_xu_rong_armour_unique	1	0	1	1	false
3k_main_ancilliary_armour_xu_shao_ironic_armour_unique	3k_main_ancilliary_armour_xu_shao_ironic_armour_unique	1	0	1	1	false
3k_main_ancilliary_armour_xu_sheng_ironic_armour_unique	3k_main_ancilliary_armour_xu_sheng_ironic_armour_unique	1	0	1	1	false
3k_main_ancilliary_armour_xu_you_armour_unique	3k_main_ancilliary_armour_xu_you_armour_unique	1	0	1	1	false
3k_main_ancilliary_armour_xu_zhao_ironic_armour_unique	3k_main_ancilliary_armour_xu_zhao_ironic_armour_unique	1	0	1	1	false
3k_main_ancilliary_armour_xue_li_armour_unique	3k_main_ancilliary_armour_xue_li_armour_unique	1	0	1	1	false
3k_main_ancilliary_armour_xue_zong_unique_ironic_armour_unique	3k_main_ancilliary_armour_xue_zong_unique_ironic_armour_unique	1	0	1	1	false
3k_main_ancilliary_armour_xun_chen_armour_unique	3k_main_ancilliary_armour_xun_chen_armour_unique	1	0	1	1	false
3k_main_ancilliary_armour_yalu_armour_unique	3k_main_ancilliary_armour_yalu_armour_unique	1	0	1	1	false
3k_main_ancilliary_armour_yan_gang_armour_unique	3k_main_ancilliary_armour_yan_gang_armour_unique	1	0	1	1	false
3k_main_ancilliary_armour_yan_lan_unique_armour_unique	3k_main_ancilliary_armour_yan_lan_unique_armour_unique	1	0	1	1	false
3k_main_ancilliary_armour_yan_rou_armour_unique	3k_main_ancilliary_armour_yan_rou_armour_unique	1	0	1	1	false
3k_main_ancilliary_armour_yan_xia_unique_armour_unique	3k_main_ancilliary_armour_yan_xia_unique_armour_unique	1	0	1	1	false
3k_main_ancilliary_armour_yan_xing_armour_unique	3k_main_ancilliary_armour_yan_xing_armour_unique	1	0	1	1	false
3k_main_ancilliary_armour_yang_biao_armour_unique	3k_main_ancilliary_armour_yang_biao_armour_unique	1	0	1	1	false
3k_main_ancilliary_armour_yang_feng_armour_unique	3k_main_ancilliary_armour_yang_feng_armour_unique	1	0	1	1	false
3k_main_ancilliary_armour_yang_feng_nw_armour_unique	3k_main_ancilliary_armour_yang_feng_nw_armour_unique	1	0	1	1	false
3k_main_ancilliary_armour_yang_hong_armour_unique	3k_main_ancilliary_armour_yang_hong_armour_unique	1	0	1	1	false
3k_main_ancilliary_armour_yang_kui_armour_unique	3k_main_ancilliary_armour_yang_kui_armour_unique	1	0	1	1	false
3k_main_ancilliary_armour_yang_qianwan_armour_unique	3k_main_ancilliary_armour_yang_qianwan_armour_unique	1	0	1	1	false
3k_main_ancilliary_armour_yang_qiu_armour_unique	3k_main_ancilliary_armour_yang_qiu_armour_unique	1	0	1	1	false
3k_main_ancilliary_armour_yang_xiu_armour_unique	3k_main_ancilliary_armour_yang_xiu_armour_unique	1	0	1	1	false
3k_main_ancilliary_armour_yin_li_armour_unique	3k_main_ancilliary_armour_yin_li_armour_unique	1	0	1	1	false
3k_main_ancilliary_armour_ying_shao_armour_unique	3k_main_ancilliary_armour_ying_shao_armour_unique	1	0	1	1	false
3k_main_ancilliary_armour_ying_xun_armour_unique	3k_main_ancilliary_armour_ying_xun_armour_unique	1	0	1	1	false
3k_main_ancilliary_armour_yong_kai_unique_armour_unique	3k_main_ancilliary_armour_yong_kai_unique_armour_unique	1	0	1	1	false
3k_main_ancilliary_armour_you_tu_armour_unique	3k_main_ancilliary_armour_you_tu_armour_unique	1	0	1	1	false
3k_main_ancilliary_armour_yu_du_armour_unique	3k_main_ancilliary_armour_yu_du_armour_unique	1	0	1	1	false
3k_main_ancilliary_armour_yu_fan_ironic_armour_unique	3k_main_ancilliary_armour_yu_fan_ironic_armour_unique	1	0	1	1	false
3k_main_ancilliary_armour_yuan_huan_unique_armour_unique	3k_main_ancilliary_armour_yuan_huan_unique_armour_unique	1	0	1	1	false
3k_main_ancilliary_armour_yuan_xi_armour_unique	3k_main_ancilliary_armour_yuan_xi_armour_unique	1	0	1	1	false
3k_main_ancilliary_armour_yuan_yao_armour_unique	3k_main_ancilliary_armour_yuan_yao_armour_unique	1	0	1	1	false
3k_main_ancilliary_armour_yuan_yi_unique_armour_unique	3k_main_ancilliary_armour_yuan_yi_unique_armour_unique	1	0	1	1	false
3k_main_ancilliary_armour_yuan_yin_armour_unique	3k_main_ancilliary_armour_yuan_yin_armour_unique	1	0	1	1	false
3k_main_ancilliary_armour_yue_jiu_armour_unique	3k_main_ancilliary_armour_yue_jiu_armour_unique	1	0	1	1	false
3k_main_ancilliary_armour_zang_ba_armour_unique	3k_main_ancilliary_armour_zang_ba_armour_unique	1	0	1	1	false
3k_main_ancilliary_armour_zang_hong_armour_unique	3k_main_ancilliary_armour_zang_hong_armour_unique	1	0	1	1	false
3k_main_ancilliary_armour_zao_zhi_armour_unique	3k_main_ancilliary_armour_zao_zhi_armour_unique	1	0	1	1	false
3k_main_ancilliary_armour_ze_bu_armour_unique	3k_main_ancilliary_armour_ze_bu_armour_unique	1	0	1	1	false
3k_main_ancilliary_armour_ze_yue_armour_unique	3k_main_ancilliary_armour_ze_yue_armour_unique	1	0	1	1	false
3k_main_ancilliary_armour_zhang_cheng_armour_unique	3k_main_ancilliary_armour_zhang_cheng_armour_unique	1	0	1	1	false
3k_main_ancilliary_armour_zhang_fang_armour_unique	3k_main_ancilliary_armour_zhang_fang_armour_unique	1	0	1	1	false
3k_main_ancilliary_armour_zhang_gong_armour_unique	3k_main_ancilliary_armour_zhang_gong_armour_unique	1	0	1	1	false
3k_main_ancilliary_armour_zhang_heng_armour_unique	3k_main_ancilliary_armour_zhang_heng_armour_unique	1	0	1	1	false
3k_main_ancilliary_armour_zhang_hu_armour_unique	3k_main_ancilliary_armour_zhang_hu_armour_unique	1	0	1	1	false
3k_main_ancilliary_armour_zhang_ji_dong_armour_unique	3k_main_ancilliary_armour_zhang_ji_dong_armour_unique	1	0	1	1	false
3k_main_ancilliary_armour_zhang_jin_armour_unique	3k_main_ancilliary_armour_zhang_jin_armour_unique	1	0	1	1	false
3k_main_ancilliary_armour_zhang_meng_armour_unique	3k_main_ancilliary_armour_zhang_meng_armour_unique	1	0	1	1	false
3k_main_ancilliary_armour_zhang_miao_armour_unique	3k_main_ancilliary_armour_zhang_miao_armour_unique	1	0	1	1	false
3k_main_ancilliary_armour_zhang_min_unique_armour_unique	3k_main_ancilliary_armour_zhang_min_unique_armour_unique	1	0	1	1	false
3k_main_ancilliary_armour_zhang_ni_unique_armour_unique	3k_main_ancilliary_armour_zhang_ni_unique_armour_unique	1	0	1	1	false
3k_main_ancilliary_armour_zhang_song_unique_armour_unique	3k_main_ancilliary_armour_zhang_song_unique_armour_unique	1	0	1	1	false
3k_main_ancilliary_armour_zhang_xian_armour_unique	3k_main_ancilliary_armour_zhang_xian_armour_unique	1	0	1	1	false
3k_main_ancilliary_armour_zhang_xiu_armour_unique	3k_main_ancilliary_armour_zhang_xiu_armour_unique	1	0	1	1	false
3k_main_ancilliary_armour_zhang_yi_unique_armour_unique	3k_main_ancilliary_armour_zhang_yi_unique_armour_unique	1	0	1	1	false
3k_main_ancilliary_armour_zhang_ying_armour_unique	3k_main_ancilliary_armour_zhang_ying_armour_unique	1	0	1	1	false
3k_main_ancilliary_armour_zhang_yun_armour_unique	3k_main_ancilliary_armour_zhang_yun_armour_unique	1	0	1	1	false
3k_main_ancilliary_armour_zhao_ang_armour_unique	3k_main_ancilliary_armour_zhao_ang_armour_unique	1	0	1	1	false
3k_main_ancilliary_armour_zhao_bo_ytr_armour_unique	3k_main_ancilliary_armour_zhao_bo_ytr_armour_unique	1	0	1	1	false
3k_main_ancilliary_armour_zhao_e_armour_unique	3k_main_ancilliary_armour_zhao_e_armour_unique	1	0	1	1	false
3k_main_ancilliary_armour_zhao_fan_armour_unique	3k_main_ancilliary_armour_zhao_fan_armour_unique	1	0	1	1	false
3k_main_ancilliary_armour_zheng_mao_armour_unique	3k_main_ancilliary_armour_zheng_mao_armour_unique	1	0	1	1	false
3k_main_ancilliary_armour_zheng_tai_armour_unique	3k_main_ancilliary_armour_zheng_tai_armour_unique	1	0	1	1	false
3k_main_ancilliary_armour_zheng_yan_armour_unique	3k_main_ancilliary_armour_zheng_yan_armour_unique	1	0	1	1	false
3k_main_ancilliary_armour_zhou_ang_armour_unique	3k_main_ancilliary_armour_zhou_ang_armour_unique	1	0	1	1	false
3k_main_ancilliary_armour_zhou_bo_ironic_armour_unique	3k_main_ancilliary_armour_zhou_bo_ironic_armour_unique	1	0	1	1	false
3k_main_ancilliary_armour_zhou_cang_armour_unique	3k_main_ancilliary_armour_zhou_cang_armour_unique	1	0	1	1	false
3k_main_ancilliary_armour_zhou_xin_armour_unique	3k_main_ancilliary_armour_zhou_xin_armour_unique	1	0	1	1	false
3k_main_ancilliary_armour_zhou_yu_renming_armour_unique	3k_main_ancilliary_armour_zhou_yu_renming_armour_unique	1	0	1	1	false
3k_main_ancilliary_armour_zhu_fu_unique_armour_unique	3k_main_ancilliary_armour_zhu_fu_unique_armour_unique	1	0	1	1	false
3k_main_ancilliary_armour_zhu_hao_armour_unique	3k_main_ancilliary_armour_zhu_hao_armour_unique	1	0	1	1	false
3k_main_ancilliary_armour_zhu_huan_ironic_armour_unique	3k_main_ancilliary_armour_zhu_huan_ironic_armour_unique	1	0	1	1	false
3k_main_ancilliary_armour_zhu_jun_armour_unique	3k_main_ancilliary_armour_zhu_jun_armour_unique	1	0	1	1	false
3k_main_ancilliary_armour_zhu_lian_ironic_armour_unique	3k_main_ancilliary_armour_zhu_lian_ironic_armour_unique	1	0	1	1	false
3k_main_ancilliary_armour_zhu_ling_ironic_armour_unique	3k_main_ancilliary_armour_zhu_ling_ironic_armour_unique	1	0	1	1	false
3k_main_ancilliary_armour_zhu_min_ironic_armour_unique	3k_main_ancilliary_armour_zhu_min_ironic_armour_unique	1	0	1	1	false
3k_main_ancilliary_armour_zhu_ran_armour_unique	3k_main_ancilliary_armour_zhu_ran_armour_unique	1	0	1	1	false
3k_main_ancilliary_armour_zhu_zhi_armour_unique	3k_main_ancilliary_armour_zhu_zhi_armour_unique	1	0	1	1	false
3k_main_ancilliary_armour_zhuang_zhen_ironic_armour_unique	3k_main_ancilliary_armour_zhuang_zhen_ironic_armour_unique	1	0	1	1	false
3k_main_ancilliary_armour_zhuge_dan_ironic_fire_armour_unique	3k_main_ancilliary_armour_zhuge_dan_ironic_fire_armour_unique	1	0	1	1	false
3k_main_ancilliary_armour_zhuge_jin_ironic_armour_unique	3k_main_ancilliary_armour_zhuge_jin_ironic_armour_unique	1	0	1	1	false
3k_main_ancilliary_armour_zhuge_ke_armour_unique	3k_main_ancilliary_armour_zhuge_ke_armour_unique	1	0	1	1	false
3k_main_ancilliary_armour_zhuge_xuan_armour_unique	3k_main_ancilliary_armour_zhuge_xuan_armour_unique	1	0	1	1	false
3k_main_ancilliary_armour_zong_cheng_armour_unique	3k_main_ancilliary_armour_zong_cheng_armour_unique	1	0	1	1	false
3k_main_ancilliary_armour_zou_lin_unique_armour_unique	3k_main_ancilliary_armour_zou_lin_unique_armour_unique	1	0	1	1	false
3k_main_ancilliary_armour_zu_cui_armour_unique	3k_main_ancilliary_armour_zu_cui_armour_unique	1	0	1	1	false
3k_main_ancilliary_armour_zu_lang_armour_unique	3k_main_ancilliary_armour_zu_lang_armour_unique	1	0	1	1	false
3k_main_ancilliary_armour_zu_mao_armour_unique	3k_main_ancilliary_armour_zu_mao_armour_unique	1	0	1	1	false
3k_main_ancilliary_armour_zu_ting_armour_unique	3k_main_ancilliary_armour_zu_ting_armour_unique	1	0	1	1	false
3k_main_ancilliary_armour_zuo_ci_armour_unique	3k_main_ancilliary_armour_zuo_ci_armour_unique	1	0	1	1	false
3k_main_ancilliary_armour_zuozi_zhangba_armour_unique	3k_main_ancilliary_armour_zuozi_zhangba_armour_unique	1	0	1	1	false
3k_main_ceo_career_historical_Bao_Sanniang	3k_main_ceo_career_historical_Bao_Sanniang	1	0	1	1	false
3k_main_ceo_career_historical_Budugen	3k_main_ceo_career_historical_Budugen	1	0	1	1	false
3k_main_ceo_career_historical_Cao_Xing	3k_main_ceo_career_historical_Cao_Xing	1	0	1	1	false
3k_main_ceo_career_historical_Chen_Dao	3k_main_ceo_career_historical_Chen_Dao	1	0	1	1	false
3k_main_ceo_career_historical_Chenglugui	3k_main_ceo_career_historical_Chenglugui	1	0	1	1	false
3k_main_ceo_career_historical_Deng_Ai	3k_main_ceo_career_historical_Deng_Ai	1	0	1	1	false
3k_main_ceo_career_historical_Fulohan	3k_main_ceo_career_historical_Fulohan	1	0	1	1	false
3k_main_ceo_career_historical_Guan_Ping	3k_main_ceo_career_historical_Guan_Ping	1	0	1	1	false
3k_main_ceo_career_historical_Guan_Suo	3k_main_ceo_career_historical_Guan_Suo	1	0	1	1	false
3k_main_ceo_career_historical_Guan_Xing	3k_main_ceo_career_historical_Guan_Xing	1	0	1	1	false
3k_main_ceo_career_historical_Guo_Huai	3k_main_ceo_career_historical_Guo_Huai	1	0	1	1	false
3k_main_ceo_career_historical_Hou_Cheng	3k_main_ceo_career_historical_Hou_Cheng	1	0	1	1	false
3k_main_ceo_career_historical_Jia_Chong	3k_main_ceo_career_historical_Jia_Chong	1	0	1	1	false
3k_main_ceo_career_historical_Jia_Kui	3k_main_ceo_career_historical_Jia_Kui	1	0	1	1	false
3k_main_ceo_career_historical_Jiang_Wei	3k_main_ceo_career_historical_Jiang_Wei	1	0	1	1	false
3k_main_ceo_career_historical_Kebineng	3k_main_ceo_career_historical_Kebineng	1	0	1	1	false
3k_main_ceo_career_historical_Kuitou	3k_main_ceo_career_historical_Kuitou	1	0	1	1	false
3k_main_ceo_career_historical_Li_Dian	3k_main_ceo_career_historical_Li_Dian	1	0	1	1	false
3k_main_ceo_career_historical_Li_Yan	3k_main_ceo_career_historical_Li_Yan	1	0	1	1	false
3k_main_ceo_career_historical_Liu_Feng	3k_main_ceo_career_historical_Liu_Feng	1	0	1	1	false
3k_main_ceo_career_historical_Liu_Shan	3k_main_ceo_career_historical_Liu_Shan	1	0	1	1	false
3k_main_ceo_career_historical_Luo_Tong	3k_main_ceo_career_historical_Luo_Tong	1	0	1	1	false
3k_main_ceo_career_historical_Man_Chong	3k_main_ceo_career_historical_Man_Chong	1	0	1	1	false
3k_main_ceo_career_historical_Mi_Heng	3k_main_ceo_career_historical_Mi_Heng	1	0	1	1	false
3k_main_ceo_career_historical_Mohuba	3k_main_ceo_career_historical_Mohuba	1	0	1	1	false
3k_main_ceo_career_historical_Pan_Feng	3k_main_ceo_career_historical_Pan_Feng	1	0	1	1	false
3k_main_ceo_career_historical_QIianman	3k_main_ceo_career_historical_QIianman	1	0	1	1	false
3k_main_ceo_career_historical_Sima_Shi	3k_main_ceo_career_historical_Sima_Shi	1	0	1	1	false
3k_main_ceo_career_historical_Sima_Zhao	3k_main_ceo_career_historical_Sima_Zhao	1	0	1	1	false
3k_main_ceo_career_historical_Song_Xian	3k_main_ceo_career_historical_Song_Xian	1	0	1	1	false
3k_main_ceo_career_historical_Suli	3k_main_ceo_career_historical_Suli	1	0	1	1	false
3k_main_ceo_career_historical_Wang_Yi	3k_main_ceo_career_historical_Wang_Yi	1	0	1	1	false
3k_main_ceo_career_historical_Wang_Yuanji	3k_main_ceo_career_historical_Wang_Yuanji	1	0	1	1	false
3k_main_ceo_career_historical_Wei_Xu	3k_main_ceo_career_historical_Wei_Xu	1	0	1	1	false
3k_main_ceo_career_historical_Xiahou_Ba	3k_main_ceo_career_historical_Xiahou_Ba	1	0	1	1	false
3k_main_ceo_career_historical_Xin_Xianying	3k_main_ceo_career_historical_Xin_Xianying	1	0	1	1	false
3k_main_ceo_career_historical_Zhang_Chunhua	3k_main_ceo_career_historical_Zhang_Chunhua	1	0	1	1	false
3k_main_ceo_career_historical_Zhong_Hui	3k_main_ceo_career_historical_Zhong_Hui	1	0	1	1	false
3k_main_ceo_career_historical_Zhong_Yao	3k_main_ceo_career_historical_Zhong_Yao	1	0	1	1	false
3k_main_ceo_career_historical_agui	3k_main_ceo_career_historical_agui	1	0	1	1	false
3k_main_ceo_career_historical_bao_long	3k_main_ceo_career_historical_bao_long	1	0	1	1	false
3k_main_ceo_career_historical_bao_tao_ironic	3k_main_ceo_career_historical_bao_tao_ironic	1	0	1	1	false
3k_main_ceo_career_historical_bao_xin	3k_main_ceo_career_historical_bao_xin	1	0	1	1	false
3k_main_ceo_career_historical_bao_xun	3k_main_ceo_career_historical_bao_xun	1	0	1	1	false
3k_main_ceo_career_historical_bao_zhong_ironic	3k_main_ceo_career_historical_bao_zhong_ironic	1	0	1	1	false
3k_main_ceo_career_historical_bei_chong	3k_main_ceo_career_historical_bei_chong	1	0	1	1	false
3k_main_ceo_career_historical_bei_jia	3k_main_ceo_career_historical_bei_jia	1	0	1	1	false
3k_main_ceo_career_historical_bei_yu	3k_main_ceo_career_historical_bei_yu	1	0	1	1	false
3k_main_ceo_career_historical_beolhyu	3k_main_ceo_career_historical_beolhyu	1	0	1	1	false
3k_main_ceo_career_historical_bi_chen_ironic	3k_main_ceo_career_historical_bi_chen_ironic	1	0	1	1	false
3k_main_ceo_career_historical_bian_baozhai	3k_main_ceo_career_historical_bian_baozhai	1	0	1	1	false
3k_main_ceo_career_historical_bian_hong_ironic	3k_main_ceo_career_historical_bian_hong_ironic	1	0	1	1	false
3k_main_ceo_career_historical_bian_rang	3k_main_ceo_career_historical_bian_rang	1	0	1	1	false
3k_main_ceo_career_historical_bian_rang_ironic	3k_main_ceo_career_historical_bian_rang_ironic	1	0	1	1	false
3k_main_ceo_career_historical_bian_rou	3k_main_ceo_career_historical_bian_rou	1	0	1	1	false
3k_main_ceo_career_historical_bian_xi	3k_main_ceo_career_historical_bian_xi	1	0	1	1	false
3k_main_ceo_career_historical_bing_yuan	3k_main_ceo_career_historical_bing_yuan	1	0	1	1	false
3k_main_ceo_career_historical_bing_zhi_ironic	3k_main_ceo_career_historical_bing_zhi_ironic	1	0	1	1	false
3k_main_ceo_career_historical_bu_lianshi	3k_main_ceo_career_historical_bu_lianshi	1	0	1	1	false
3k_main_ceo_career_historical_bu_zhi_ironic	3k_main_ceo_career_historical_bu_zhi_ironic	1	0	1	1	false
3k_main_ceo_career_historical_cai_he	3k_main_ceo_career_historical_cai_he	1	0	1	1	false
3k_main_ceo_career_historical_cai_hui	3k_main_ceo_career_historical_cai_hui	1	0	1	1	false
3k_main_ceo_career_historical_cai_huizhen	3k_main_ceo_career_historical_cai_huizhen	1	0	1	1	false
3k_main_ceo_career_historical_cai_pingwan_title	3k_main_ceo_career_historical_cai_pingwan_title	1	0	1	1	false
3k_main_ceo_career_historical_cai_xun	3k_main_ceo_career_historical_cai_xun	1	0	1	1	false
3k_main_ceo_career_historical_cai_yan_m	3k_main_ceo_career_historical_cai_yan_m	1	0	1	1	false
3k_main_ceo_career_historical_cai_yang	3k_main_ceo_career_historical_cai_yang	1	0	1	1	false
3k_main_ceo_career_historical_cai_zan	3k_main_ceo_career_historical_cai_zan	1	0	1	1	false
3k_main_ceo_career_historical_cai_zhong	3k_main_ceo_career_historical_cai_zhong	1	0	1	1	false
3k_main_ceo_career_historical_cang_ci	3k_main_ceo_career_historical_cang_ci	1	0	1	1	false
3k_main_ceo_career_historical_cang_qinting	3k_main_ceo_career_historical_cang_qinting	1	0	1	1	false
3k_main_ceo_career_historical_cao_anmin	3k_main_ceo_career_historical_cao_anmin	1	0	1	1	false
3k_main_ceo_career_historical_cao_anmin_unique	3k_main_ceo_career_historical_cao_anmin_unique	1	0	1	1	false
3k_main_ceo_career_historical_cao_bao_ironic	3k_main_ceo_career_historical_cao_bao_ironic	1	0	1	1	false
3k_main_ceo_career_historical_cao_hong_ironic	3k_main_ceo_career_historical_cao_hong_ironic	1	0	1	1	false
3k_main_ceo_career_historical_cao_qinghe_ironic	3k_main_ceo_career_historical_cao_qinghe_ironic	1	0	1	1	false
3k_main_ceo_career_historical_cao_qinghe_unique	3k_main_ceo_career_historical_cao_qinghe_unique	1	0	1	1	false
3k_main_ceo_career_historical_chang_xi	3k_main_ceo_career_historical_chang_xi	1	0	1	1	false
3k_main_ceo_career_historical_chang_xi_ironic	3k_main_ceo_career_historical_chang_xi_ironic	1	0	1	1	false
3k_main_ceo_career_historical_chen_bai_ironic	3k_main_ceo_career_historical_chen_bai_ironic	1	0	1	1	false
3k_main_ceo_career_historical_chen_bao_ironic	3k_main_ceo_career_historical_chen_bao_ironic	1	0	1	1	false
3k_main_ceo_career_historical_chen_ce_ironic	3k_main_ceo_career_historical_chen_ce_ironic	1	0	1	1	false
3k_main_ceo_career_historical_chen_cong_ironic	3k_main_ceo_career_historical_chen_cong_ironic	1	0	1	1	false
3k_main_ceo_career_historical_chen_deng	3k_main_ceo_career_historical_chen_deng	1	0	1	1	false
3k_main_ceo_career_historical_chen_duan	3k_main_ceo_career_historical_chen_duan	1	0	1	1	false
3k_main_ceo_career_historical_chen_fu_title	3k_main_ceo_career_historical_chen_fu_title	1	0	1	1	false
3k_main_ceo_career_historical_chen_gui	3k_main_ceo_career_historical_chen_gui	1	0	1	1	false
3k_main_ceo_career_historical_chen_heng	3k_main_ceo_career_historical_chen_heng	1	0	1	1	false
3k_main_ceo_career_historical_chen_ji	3k_main_ceo_career_historical_chen_ji	1	0	1	1	false
3k_main_ceo_career_historical_chen_jiao_ironic	3k_main_ceo_career_historical_chen_jiao_ironic	1	0	1	1	false
3k_main_ceo_career_historical_chen_jiu	3k_main_ceo_career_historical_chen_jiu	1	0	1	1	false
3k_main_ceo_career_historical_chen_lan	3k_main_ceo_career_historical_chen_lan	1	0	1	1	false
3k_main_ceo_career_historical_chen_mu_ironic	3k_main_ceo_career_historical_chen_mu_ironic	1	0	1	1	false
3k_main_ceo_career_historical_chen_pu	3k_main_ceo_career_historical_chen_pu	1	0	1	1	false
3k_main_ceo_career_historical_chen_sheng	3k_main_ceo_career_historical_chen_sheng	1	0	1	1	false
3k_main_ceo_career_historical_chen_shi_title_ironic	3k_main_ceo_career_historical_chen_shi_title_ironic	1	0	1	1	false
3k_main_ceo_career_historical_chen_su	3k_main_ceo_career_historical_chen_su	1	0	1	1	false
3k_main_ceo_career_historical_chen_sun_title	3k_main_ceo_career_historical_chen_sun_title	1	0	1	1	false
3k_main_ceo_career_historical_chen_wen	3k_main_ceo_career_historical_chen_wen	1	0	1	1	false
3k_main_ceo_career_historical_chen_wu_unique	3k_main_ceo_career_historical_chen_wu_unique	1	0	1	1	false
3k_main_ceo_career_historical_chen_ying_ironic	3k_main_ceo_career_historical_chen_ying_ironic	1	0	1	1	false
3k_main_ceo_career_historical_chen_ying_z	3k_main_ceo_career_historical_chen_ying_z	1	0	1	1	false
3k_main_ceo_career_historical_chen_yu	3k_main_ceo_career_historical_chen_yu	1	0	1	1	false
3k_main_ceo_career_historical_chen_zhen	3k_main_ceo_career_historical_chen_zhen	1	0	1	1	false
3k_main_ceo_career_historical_cheng_bing_unique_ironic	3k_main_ceo_career_historical_cheng_bing_unique_ironic	1	0	1	1	false
3k_main_ceo_career_historical_cheng_fu	3k_main_ceo_career_historical_cheng_fu	1	0	1	1	false
3k_main_ceo_career_historical_cheng_ji_title	3k_main_ceo_career_historical_cheng_ji_title	1	0	1	1	false
3k_main_ceo_career_historical_cheng_yi	3k_main_ceo_career_historical_cheng_yi	1	0	1	1	false
3k_main_ceo_career_historical_cheng_yin	3k_main_ceo_career_historical_cheng_yin	1	0	1	1	false
3k_main_ceo_career_historical_cheng_yu	3k_main_ceo_career_historical_cheng_yu	1	0	1	1	false
3k_main_ceo_career_historical_cheng_yu_title	3k_main_ceo_career_historical_cheng_yu_title	1	0	1	1	false
3k_main_ceo_career_historical_chenggong_ying	3k_main_ceo_career_historical_chenggong_ying	1	0	1	1	false
3k_main_ceo_career_historical_chogo	3k_main_ceo_career_historical_chogo	1	0	1	1	false
3k_main_ceo_career_historical_chunyu_dan	3k_main_ceo_career_historical_chunyu_dan	1	0	1	1	false
3k_main_ceo_career_historical_chunyu_shi_ironic	3k_main_ceo_career_historical_chunyu_shi_ironic	1	0	1	1	false
3k_main_ceo_career_historical_congqian	3k_main_ceo_career_historical_congqian	1	0	1	1	false
3k_main_ceo_career_historical_cuan_xi_title	3k_main_ceo_career_historical_cuan_xi_title	1	0	1	1	false
3k_main_ceo_career_historical_cui_jun	3k_main_ceo_career_historical_cui_jun	1	0	1	1	false
3k_main_ceo_career_historical_cui_lie	3k_main_ceo_career_historical_cui_lie	1	0	1	1	false
3k_main_ceo_career_historical_dai_liang	3k_main_ceo_career_historical_dai_liang	1	0	1	1	false
3k_main_ceo_career_historical_dai_yuan_ironic	3k_main_ceo_career_historical_dai_yuan_ironic	1	0	1	1	false
3k_main_ceo_career_historical_dan_meng_title	3k_main_ceo_career_historical_dan_meng_title	1	0	1	1	false
3k_main_ceo_career_historical_dang_lianhua	3k_main_ceo_career_historical_dang_lianhua	1	0	1	1	false
3k_main_ceo_career_historical_deng_ji	3k_main_ceo_career_historical_deng_ji	1	0	1	1	false
3k_main_ceo_career_historical_deng_kai_title	3k_main_ceo_career_historical_deng_kai_title	1	0	1	1	false
3k_main_ceo_career_historical_deng_long	3k_main_ceo_career_historical_deng_long	1	0	1	1	false
3k_main_ceo_career_historical_deng_xi_title_ironic	3k_main_ceo_career_historical_deng_xi_title_ironic	1	0	1	1	false
3k_main_ceo_career_historical_deng_xian_unique_ironic	3k_main_ceo_career_historical_deng_xian_unique_ironic	1	0	1	1	false
3k_main_ceo_career_historical_deng_yi	3k_main_ceo_career_historical_deng_yi	1	0	1	1	false
3k_main_ceo_career_historical_deng_yuan	3k_main_ceo_career_historical_deng_yuan	1	0	1	1	false
3k_main_ceo_career_historical_deng_zhi_unique_ironic	3k_main_ceo_career_historical_deng_zhi_unique_ironic	1	0	1	1	false
3k_main_ceo_career_historical_deng_zixiao_title_ironic	3k_main_ceo_career_historical_deng_zixiao_title_ironic	1	0	1	1	false
3k_main_ceo_career_historical_ding_fan	3k_main_ceo_career_historical_ding_fan	1	0	1	1	false
3k_main_ceo_career_historical_ding_feng	3k_main_ceo_career_historical_ding_feng	1	0	1	1	false
3k_main_ceo_career_historical_dong_he_unique_ironic	3k_main_ceo_career_historical_dong_he_unique_ironic	1	0	1	1	false
3k_main_ceo_career_historical_dong_li	3k_main_ceo_career_historical_dong_li	1	0	1	1	false
3k_main_ceo_career_historical_dong_xi_ironic	3k_main_ceo_career_historical_dong_xi_ironic	1	0	1	1	false
3k_main_ceo_career_historical_dong_zhao	3k_main_ceo_career_historical_dong_zhao	1	0	1	1	false
3k_main_ceo_career_historical_dong_zhao_unique	3k_main_ceo_career_historical_dong_zhao_unique	1	0	1	1	false
3k_main_ceo_career_historical_dou_mao	3k_main_ceo_career_historical_dou_mao	1	0	1	1	false
3k_main_ceo_career_historical_du_kui_title_ironic	3k_main_ceo_career_historical_du_kui_title_ironic	1	0	1	1	false
3k_main_ceo_career_historical_du_qiong_title_ironic	3k_main_ceo_career_historical_du_qiong_title_ironic	1	0	1	1	false
3k_main_ceo_career_historical_du_song	3k_main_ceo_career_historical_du_song	1	0	1	1	false
3k_main_ceo_career_historical_duan_wei_ironic	3k_main_ceo_career_historical_duan_wei_ironic	1	0	1	1	false
3k_main_ceo_career_historical_fan_chou	3k_main_ceo_career_historical_fan_chou	1	0	1	1	false
3k_main_ceo_career_historical_fan_fang_ironic	3k_main_ceo_career_historical_fan_fang_ironic	1	0	1	1	false
3k_main_ceo_career_historical_fan_liyan	3k_main_ceo_career_historical_fan_liyan	1	0	1	1	false
3k_main_ceo_career_historical_fan_neng	3k_main_ceo_career_historical_fan_neng	1	0	1	1	false
3k_main_ceo_career_historical_fan_xian_ironic	3k_main_ceo_career_historical_fan_xian_ironic	1	0	1	1	false
3k_main_ceo_career_historical_fan_yufeng	3k_main_ceo_career_historical_fan_yufeng	1	0	1	1	false
3k_main_ceo_career_historical_fang_yue_ironic	3k_main_ceo_career_historical_fang_yue_ironic	1	0	1	1	false
3k_main_ceo_career_historical_fei_guan_title	3k_main_ceo_career_historical_fei_guan_title	1	0	1	1	false
3k_main_ceo_career_historical_fei_shi_title	3k_main_ceo_career_historical_fei_shi_title	1	0	1	1	false
3k_main_ceo_career_historical_fei_xin_title	3k_main_ceo_career_historical_fei_xin_title	1	0	1	1	false
3k_main_ceo_career_historical_fei_yang_title	3k_main_ceo_career_historical_fei_yang_title	1	0	1	1	false
3k_main_ceo_career_historical_fei_yi_title	3k_main_ceo_career_historical_fei_yi_title	1	0	1	1	false
3k_main_ceo_career_historical_fei_yuelan_title	3k_main_ceo_career_historical_fei_yuelan_title	1	0	1	1	false
3k_main_ceo_career_historical_fei_zhan_unique	3k_main_ceo_career_historical_fei_zhan_unique	1	0	1	1	false
3k_main_ceo_career_historical_feng_fang	3k_main_ceo_career_historical_feng_fang	1	0	1	1	false
3k_main_ceo_career_historical_fu_qun_title	3k_main_ceo_career_historical_fu_qun_title	1	0	1	1	false
3k_main_ceo_career_historical_fu_rong_unique_ironic	3k_main_ceo_career_historical_fu_rong_unique_ironic	1	0	1	1	false
3k_main_ceo_career_historical_fu_xun	3k_main_ceo_career_historical_fu_xun	1	0	1	1	false
3k_main_ceo_career_historical_gan_ji	3k_main_ceo_career_historical_gan_ji	1	0	1	1	false
3k_main_ceo_career_historical_gan_li_title	3k_main_ceo_career_historical_gan_li_title	1	0	1	1	false
3k_main_ceo_career_historical_gan_mei_ironic	3k_main_ceo_career_historical_gan_mei_ironic	1	0	1	1	false
3k_main_ceo_career_historical_ganwiego	3k_main_ceo_career_historical_ganwiego	1	0	1	1	false
3k_main_ceo_career_historical_gao_dai_ironic	3k_main_ceo_career_historical_gao_dai_ironic	1	0	1	1	false
3k_main_ceo_career_historical_gao_lan	3k_main_ceo_career_historical_gao_lan	1	0	1	1	false
3k_main_ceo_career_historical_gao_pei_unique	3k_main_ceo_career_historical_gao_pei_unique	1	0	1	1	false
3k_main_ceo_career_historical_gao_rou	3k_main_ceo_career_historical_gao_rou	1	0	1	1	false
3k_main_ceo_career_historical_gao_sheng_title	3k_main_ceo_career_historical_gao_sheng_title	1	0	1	1	false
3k_main_ceo_career_historical_ge_jing_ironic	3k_main_ceo_career_historical_ge_jing_ironic	1	0	1	1	false
3k_main_ceo_career_historical_geng_wu	3k_main_ceo_career_historical_geng_wu	1	0	1	1	false
3k_main_ceo_career_historical_gogukcheon	3k_main_ceo_career_historical_gogukcheon	1	0	1	1	false
3k_main_ceo_career_historical_gong_zhi_title_ironic	3k_main_ceo_career_historical_gong_zhi_title_ironic	1	0	1	1	false
3k_main_ceo_career_historical_gongsun_baoyue_ironic	3k_main_ceo_career_historical_gongsun_baoyue_ironic	1	0	1	1	false
3k_main_ceo_career_historical_gongsun_fan	3k_main_ceo_career_historical_gongsun_fan	1	0	1	1	false
3k_main_ceo_career_historical_gongsun_gong	3k_main_ceo_career_historical_gongsun_gong	1	0	1	1	false
3k_main_ceo_career_historical_gongsun_kang	3k_main_ceo_career_historical_gongsun_kang	1	0	1	1	false
3k_main_ceo_career_historical_gongsun_mo_ironic	3k_main_ceo_career_historical_gongsun_mo_ironic	1	0	1	1	false
3k_main_ceo_career_historical_gongsun_ya_ironic	3k_main_ceo_career_historical_gongsun_ya_ironic	1	0	1	1	false
3k_main_ceo_career_historical_gongsun_yuan	3k_main_ceo_career_historical_gongsun_yuan	1	0	1	1	false
3k_main_ceo_career_historical_gongsun_yue	3k_main_ceo_career_historical_gongsun_yue	1	0	1	1	false
3k_main_ceo_career_historical_gu_hui_ironic	3k_main_ceo_career_historical_gu_hui_ironic	1	0	1	1	false
3k_main_ceo_career_historical_gu_li_ironic	3k_main_ceo_career_historical_gu_li_ironic	1	0	1	1	false
3k_main_ceo_career_historical_gu_ruilan	3k_main_ceo_career_historical_gu_ruilan	1	0	1	1	false
3k_main_ceo_career_historical_gu_shao_ironic	3k_main_ceo_career_historical_gu_shao_ironic	1	0	1	1	false
3k_main_ceo_career_historical_gu_yong_ironic	3k_main_ceo_career_historical_gu_yong_ironic	1	0	1	1	false
3k_main_ceo_career_historical_guan_chun	3k_main_ceo_career_historical_guan_chun	1	0	1	1	false
3k_main_ceo_career_historical_guan_ning	3k_main_ceo_career_historical_guan_ning	1	0	1	1	false
3k_main_ceo_career_historical_gui_lan_ironic	3k_main_ceo_career_historical_gui_lan_ironic	1	0	1	1	false
3k_main_ceo_career_historical_gujin	3k_main_ceo_career_historical_gujin	1	0	1	1	false
3k_main_ceo_career_historical_guo_da	3k_main_ceo_career_historical_guo_da	1	0	1	1	false
3k_main_ceo_career_historical_guo_gong_ironic	3k_main_ceo_career_historical_guo_gong_ironic	1	0	1	1	false
3k_main_ceo_career_historical_guo_nuwang	3k_main_ceo_career_historical_guo_nuwang	1	0	1	1	false
3k_main_ceo_career_historical_guo_tu	3k_main_ceo_career_historical_guo_tu	1	0	1	1	false
3k_main_ceo_career_historical_guo_xian	3k_main_ceo_career_historical_guo_xian	1	0	1	1	false
3k_main_ceo_career_historical_gurudun	3k_main_ceo_career_historical_gurudun	1	0	1	1	false
3k_main_ceo_career_historical_han_anyue	3k_main_ceo_career_historical_han_anyue	1	0	1	1	false
3k_main_ceo_career_historical_han_chong	3k_main_ceo_career_historical_han_chong	1	0	1	1	false
3k_main_ceo_career_historical_han_dang	3k_main_ceo_career_historical_han_dang	1	0	1	1	false
3k_main_ceo_career_historical_han_ji_unique_ironic	3k_main_ceo_career_historical_han_ji_unique_ironic	1	0	1	1	false
3k_main_ceo_career_historical_han_lian	3k_main_ceo_career_historical_han_lian	1	0	1	1	false
3k_main_ceo_career_historical_han_song	3k_main_ceo_career_historical_han_song	1	0	1	1	false
3k_main_ceo_career_historical_han_tong	3k_main_ceo_career_historical_han_tong	1	0	1	1	false
3k_main_ceo_career_historical_han_xi_title_ironic	3k_main_ceo_career_historical_han_xi_title_ironic	1	0	1	1	false
3k_main_ceo_career_historical_han_xin	3k_main_ceo_career_historical_han_xin	1	0	1	1	false
3k_main_ceo_career_historical_han_xuan_ironic	3k_main_ceo_career_historical_han_xuan_ironic	1	0	1	1	false
3k_main_ceo_career_historical_han_yan_ironic	3k_main_ceo_career_historical_han_yan_ironic	1	0	1	1	false
3k_main_ceo_career_historical_handan_shang	3k_main_ceo_career_historical_handan_shang	1	0	1	1	false
3k_main_ceo_career_historical_hao_meng	3k_main_ceo_career_historical_hao_meng	1	0	1	1	false
3k_main_ceo_career_historical_hao_pu_title	3k_main_ceo_career_historical_hao_pu_title	1	0	1	1	false
3k_main_ceo_career_historical_he_kui_ironic	3k_main_ceo_career_historical_he_kui_ironic	1	0	1	1	false
3k_main_ceo_career_historical_he_luan_ironic	3k_main_ceo_career_historical_he_luan_ironic	1	0	1	1	false
3k_main_ceo_career_historical_he_qi_ironic	3k_main_ceo_career_historical_he_qi_ironic	1	0	1	1	false
3k_main_ceo_career_historical_he_qia_title_ironic	3k_main_ceo_career_historical_he_qia_title_ironic	1	0	1	1	false
3k_main_ceo_career_historical_he_xiong	3k_main_ceo_career_historical_he_xiong	1	0	1	1	false
3k_main_ceo_career_historical_he_zong_title_ironic	3k_main_ceo_career_historical_he_zong_title_ironic	1	0	1	1	false
3k_main_ceo_career_historical_heng_ruiling	3k_main_ceo_career_historical_heng_ruiling	1	0	1	1	false
3k_main_ceo_career_historical_hong_jin	3k_main_ceo_career_historical_hong_jin	1	0	1	1	false
3k_main_ceo_career_historical_hong_ming	3k_main_ceo_career_historical_hong_ming	1	0	1	1	false
3k_main_ceo_career_historical_hou_xuan	3k_main_ceo_career_historical_hou_xuan	1	0	1	1	false
3k_main_ceo_career_historical_hou_yin	3k_main_ceo_career_historical_hou_yin	1	0	1	1	false
3k_main_ceo_career_historical_hu_cai_ironic	3k_main_ceo_career_historical_hu_cai_ironic	1	0	1	1	false
3k_main_ceo_career_historical_hu_man_title_ironic	3k_main_ceo_career_historical_hu_man_title_ironic	1	0	1	1	false
3k_main_ceo_career_historical_hu_mao	3k_main_ceo_career_historical_hu_mao	1	0	1	1	false
3k_main_ceo_career_historical_hu_qian_title	3k_main_ceo_career_historical_hu_qian_title	1	0	1	1	false
3k_main_ceo_career_historical_hu_yu_title_ironic	3k_main_ceo_career_historical_hu_yu_title_ironic	1	0	1	1	false
3k_main_ceo_career_historical_hu_zhen	3k_main_ceo_career_historical_hu_zhen	1	0	1	1	false
3k_main_ceo_career_historical_hua_dang_ironic	3k_main_ceo_career_historical_hua_dang_ironic	1	0	1	1	false
3k_main_ceo_career_historical_hua_ji	3k_main_ceo_career_historical_hua_ji	1	0	1	1	false
3k_main_ceo_career_historical_hua_ji_unique	3k_main_ceo_career_historical_hua_ji_unique	1	0	1	1	false
3k_main_ceo_career_historical_hua_tuo	3k_main_ceo_career_historical_hua_tuo	1	0	1	1	false
3k_main_ceo_career_historical_huan_jie_title_ironic	3k_main_ceo_career_historical_huan_jie_title_ironic	1	0	1	1	false
3k_main_ceo_career_historical_huan_lin_unique	3k_main_ceo_career_historical_huan_lin_unique	1	0	1	1	false
3k_main_ceo_career_historical_huan_shao	3k_main_ceo_career_historical_huan_shao	1	0	1	1	false
3k_main_ceo_career_historical_huan_ye_title	3k_main_ceo_career_historical_huan_ye_title	1	0	1	1	false
3k_main_ceo_career_historical_huan_zhi_unique	3k_main_ceo_career_historical_huan_zhi_unique	1	0	1	1	false
3k_main_ceo_career_historical_huang_anbao	3k_main_ceo_career_historical_huang_anbao	1	0	1	1	false
3k_main_ceo_career_historical_huang_ang	3k_main_ceo_career_historical_huang_ang	1	0	1	1	false
3k_main_ceo_career_historical_huang_chengyan	3k_main_ceo_career_historical_huang_chengyan	1	0	1	1	false
3k_main_ceo_career_historical_huang_chun_ironic	3k_main_ceo_career_historical_huang_chun_ironic	1	0	1	1	false
3k_main_ceo_career_historical_huang_hua	3k_main_ceo_career_historical_huang_hua	1	0	1	1	false
3k_main_ceo_career_historical_huang_kui_ironic	3k_main_ceo_career_historical_huang_kui_ironic	1	0	1	1	false
3k_main_ceo_career_historical_huang_min_ironic	3k_main_ceo_career_historical_huang_min_ironic	1	0	1	1	false
3k_main_ceo_career_historical_huang_she	3k_main_ceo_career_historical_huang_she	1	0	1	1	false
3k_main_ceo_career_historical_huang_wan	3k_main_ceo_career_historical_huang_wan	1	0	1	1	false
3k_main_ceo_career_historical_huang_xun_ironic	3k_main_ceo_career_historical_huang_xun_ironic	1	0	1	1	false
3k_main_ceo_career_historical_huang_yueying	3k_main_ceo_career_historical_huang_yueying	1	0	1	1	false
3k_main_ceo_career_historical_huangfu_jianshou_ironic	3k_main_ceo_career_historical_huangfu_jianshou_ironic	1	0	1	1	false
3k_main_ceo_career_historical_huangfu_qi_title_ironic	3k_main_ceo_career_historical_huangfu_qi_title_ironic	1	0	1	1	false
3k_main_ceo_career_historical_huanglong	3k_main_ceo_career_historical_huanglong	1	0	1	1	false
3k_main_ceo_career_historical_huanglong_luo_ironic	3k_main_ceo_career_historical_huanglong_luo_ironic	1	0	1	1	false
3k_main_ceo_career_historical_huche_er	3k_main_ceo_career_historical_huche_er	1	0	1	1	false
3k_main_ceo_career_historical_huchuquan	3k_main_ceo_career_historical_huchuquan	1	0	1	1	false
3k_main_ceo_career_historical_hui_qu_ironic	3k_main_ceo_career_historical_hui_qu_ironic	1	0	1	1	false
3k_main_ceo_career_historical_huo_du	3k_main_ceo_career_historical_huo_du	1	0	1	1	false
3k_main_ceo_career_historical_huo_jun	3k_main_ceo_career_historical_huo_jun	1	0	1	1	false
3k_main_ceo_career_historical_huo_nu	3k_main_ceo_career_historical_huo_nu	1	0	1	1	false
3k_main_ceo_career_historical_ji_ben	3k_main_ceo_career_historical_ji_ben	1	0	1	1	false
3k_main_ceo_career_historical_jia_hua	3k_main_ceo_career_historical_jia_hua	1	0	1	1	false
3k_main_ceo_career_historical_jia_mei_title	3k_main_ceo_career_historical_jia_mei_title	1	0	1	1	false
3k_main_ceo_career_historical_jiang_gan	3k_main_ceo_career_historical_jiang_gan	1	0	1	1	false
3k_main_ceo_career_historical_jiang_gong	3k_main_ceo_career_historical_jiang_gong	1	0	1	1	false
3k_main_ceo_career_historical_jiang_qin	3k_main_ceo_career_historical_jiang_qin	1	0	1	1	false
3k_main_ceo_career_historical_jiang_shi	3k_main_ceo_career_historical_jiang_shi	1	0	1	1	false
3k_main_ceo_career_historical_jiang_wan_unique	3k_main_ceo_career_historical_jiang_wan_unique	1	0	1	1	false
3k_main_ceo_career_historical_jiao_yi	3k_main_ceo_career_historical_jiao_yi	1	0	1	1	false
3k_main_ceo_career_historical_jin_qi	3k_main_ceo_career_historical_jin_qi	1	0	1	1	false
3k_main_ceo_career_historical_jin_xuan_unique	3k_main_ceo_career_historical_jin_xuan_unique	1	0	1	1	false
3k_main_ceo_career_historical_jin_yi_title	3k_main_ceo_career_historical_jin_yi_title	1	0	1	1	false
3k_main_ceo_career_historical_jing_yi_title	3k_main_ceo_career_historical_jing_yi_title	1	0	1	1	false
3k_main_ceo_career_historical_jiong_mu	3k_main_ceo_career_historical_jiong_mu	1	0	1	1	false
3k_main_ceo_career_historical_ju_shou	3k_main_ceo_career_historical_ju_shou	1	0	1	1	false
3k_main_ceo_career_historical_jue_jiejie	3k_main_ceo_career_historical_jue_jiejie	1	0	1	1	false
3k_main_ceo_career_historical_jueji	3k_main_ceo_career_historical_jueji	1	0	1	1	false
3k_main_ceo_career_historical_kan_ze_ironic	3k_main_ceo_career_historical_kan_ze_ironic	1	0	1	1	false
3k_main_ceo_career_historical_kang_qinmeng_ironic	3k_main_ceo_career_historical_kang_qinmeng_ironic	1	0	1	1	false
3k_main_ceo_career_historical_ke_ren	3k_main_ceo_career_historical_ke_ren	1	0	1	1	false
3k_main_ceo_career_historical_ke_wu	3k_main_ceo_career_historical_ke_wu	1	0	1	1	false
3k_main_ceo_career_historical_kong_gui	3k_main_ceo_career_historical_kong_gui	1	0	1	1	false
3k_main_ceo_career_historical_kou_xiaolan_title_ironic	3k_main_ceo_career_historical_kou_xiaolan_title_ironic	1	0	1	1	false
3k_main_ceo_career_historical_kuai_liang	3k_main_ceo_career_historical_kuai_liang	1	0	1	1	false
3k_main_ceo_career_historical_kuai_qi_ironic	3k_main_ceo_career_historical_kuai_qi_ironic	1	0	1	1	false
3k_main_ceo_career_historical_kuai_yue	3k_main_ceo_career_historical_kuai_yue	1	0	1	1	false
3k_main_ceo_career_historical_kuang_gan_ironic	3k_main_ceo_career_historical_kuang_gan_ironic	1	0	1	1	false
3k_main_ceo_career_historical_lady_cai	3k_main_ceo_career_historical_lady_cai	1	0	1	1	false
3k_main_ceo_career_historical_lady_gan	3k_main_ceo_career_historical_lady_gan	1	0	1	1	false
3k_main_ceo_career_historical_lady_huang_xie	3k_main_ceo_career_historical_lady_huang_xie	1	0	1	1	false
3k_main_ceo_career_historical_lady_liu	3k_main_ceo_career_historical_lady_liu	1	0	1	1	false
3k_main_ceo_career_historical_lady_liu_huimin	3k_main_ceo_career_historical_lady_liu_huimin	1	0	1	1	false
3k_main_ceo_career_historical_lady_lu_yang	3k_main_ceo_career_historical_lady_lu_yang	1	0	1	1	false
3k_main_ceo_career_historical_lady_xiahou	3k_main_ceo_career_historical_lady_xiahou	1	0	1	1	false
3k_main_ceo_career_historical_lady_yan	3k_main_ceo_career_historical_lady_yan	1	0	1	1	false
3k_main_ceo_career_historical_lady_yang_di	3k_main_ceo_career_historical_lady_yang_di	1	0	1	1	false
3k_main_ceo_career_historical_lady_ze_deng	3k_main_ceo_career_historical_lady_ze_deng	1	0	1	1	false
3k_main_ceo_career_historical_lady_zhang_shangxiu	3k_main_ceo_career_historical_lady_zhang_shangxiu	1	0	1	1	false
3k_main_ceo_career_historical_lady_zhang_xiangyang	3k_main_ceo_career_historical_lady_zhang_xiangyang	1	0	1	1	false
3k_main_ceo_career_historical_lady_zhang_zhumeng	3k_main_ceo_career_historical_lady_zhang_zhumeng	1	0	1	1	false
3k_main_ceo_career_historical_lai_feng_title	3k_main_ceo_career_historical_lai_feng_title	1	0	1	1	false
3k_main_ceo_career_historical_lai_gong	3k_main_ceo_career_historical_lai_gong	1	0	1	1	false
3k_main_ceo_career_historical_lai_min_ironic	3k_main_ceo_career_historical_lai_min_ironic	1	0	1	1	false
3k_main_ceo_career_historical_lai_shuang_ironic	3k_main_ceo_career_historical_lai_shuang_ironic	1	0	1	1	false
3k_main_ceo_career_historical_lai_xun_unique	3k_main_ceo_career_historical_lai_xun_unique	1	0	1	1	false
3k_main_ceo_career_historical_lai_zu_title	3k_main_ceo_career_historical_lai_zu_title	1	0	1	1	false
3k_main_ceo_career_historical_lang_zhi	3k_main_ceo_career_historical_lang_zhi	1	0	1	1	false
3k_main_ceo_career_historical_lei_ding	3k_main_ceo_career_historical_lei_ding	1	0	1	1	false
3k_main_ceo_career_historical_lei_xu	3k_main_ceo_career_historical_lei_xu	1	0	1	1	false
3k_main_ceo_career_historical_leipan	3k_main_ceo_career_historical_leipan	1	0	1	1	false
3k_main_ceo_career_historical_leng_bao_unique	3k_main_ceo_career_historical_leng_bao_unique	1	0	1	1	false
3k_main_ceo_career_historical_li_chao_title	3k_main_ceo_career_historical_li_chao_title	1	0	1	1	false
3k_main_ceo_career_historical_li_damu	3k_main_ceo_career_historical_li_damu	1	0	1	1	false
3k_main_ceo_career_historical_li_feng_ironic	3k_main_ceo_career_historical_li_feng_ironic	1	0	1	1	false
3k_main_ceo_career_historical_li_fu_title	3k_main_ceo_career_historical_li_fu_title	1	0	1	1	false
3k_main_ceo_career_historical_li_gui	3k_main_ceo_career_historical_li_gui	1	0	1	1	false
3k_main_ceo_career_historical_li_huan_title	3k_main_ceo_career_historical_li_huan_title	1	0	1	1	false
3k_main_ceo_career_historical_li_hui_title	3k_main_ceo_career_historical_li_hui_title	1	0	1	1	false
3k_main_ceo_career_historical_li_hui_van_unique	3k_main_ceo_career_historical_li_hui_van_unique	1	0	1	1	false
3k_main_ceo_career_historical_li_kan	3k_main_ceo_career_historical_li_kan	1	0	1	1	false
3k_main_ceo_career_historical_li_le_ironic	3k_main_ceo_career_historical_li_le_ironic	1	0	1	1	false
3k_main_ceo_career_historical_li_li	3k_main_ceo_career_historical_li_li	1	0	1	1	false
3k_main_ceo_career_historical_li_meng_ironic	3k_main_ceo_career_historical_li_meng_ironic	1	0	1	1	false
3k_main_ceo_career_historical_li_miao_title	3k_main_ceo_career_historical_li_miao_title	1	0	1	1	false
3k_main_ceo_career_historical_li_qian_ironic	3k_main_ceo_career_historical_li_qian_ironic	1	0	1	1	false
3k_main_ceo_career_historical_li_quan_title	3k_main_ceo_career_historical_li_quan_title	1	0	1	1	false
3k_main_ceo_career_historical_li_shao_title	3k_main_ceo_career_historical_li_shao_title	1	0	1	1	false
3k_main_ceo_career_historical_li_shi_unique	3k_main_ceo_career_historical_li_shi_unique	1	0	1	1	false
3k_main_ceo_career_historical_li_shu	3k_main_ceo_career_historical_li_shu	1	0	1	1	false
3k_main_ceo_career_historical_li_si_title	3k_main_ceo_career_historical_li_si_title	1	0	1	1	false
3k_main_ceo_career_historical_li_su	3k_main_ceo_career_historical_li_su	1	0	1	1	false
3k_main_ceo_career_historical_li_tiao	3k_main_ceo_career_historical_li_tiao	1	0	1	1	false
3k_main_ceo_career_historical_li_tong	3k_main_ceo_career_historical_li_tong	1	0	1	1	false
3k_main_ceo_career_historical_li_xian	3k_main_ceo_career_historical_li_xian	1	0	1	1	false
3k_main_ceo_career_historical_li_yi_title	3k_main_ceo_career_historical_li_yi_title	1	0	1	1	false
3k_main_ceo_career_historical_li_ying	3k_main_ceo_career_historical_li_ying	1	0	1	1	false
3k_main_ceo_career_historical_li_yu	3k_main_ceo_career_historical_li_yu	1	0	1	1	false
3k_main_ceo_career_historical_lian_zhi	3k_main_ceo_career_historical_lian_zhi	1	0	1	1	false
3k_main_ceo_career_historical_liang_mao	3k_main_ceo_career_historical_liang_mao	1	0	1	1	false
3k_main_ceo_career_historical_liang_shuang	3k_main_ceo_career_historical_liang_shuang	1	0	1	1	false
3k_main_ceo_career_historical_liang_xing	3k_main_ceo_career_historical_liang_xing	1	0	1	1	false
3k_main_ceo_career_historical_liao_hua_ytr	3k_main_ceo_career_historical_liao_hua_ytr	1	0	1	1	false
3k_main_ceo_career_historical_liao_li_title	3k_main_ceo_career_historical_liao_li_title	1	0	1	1	false
3k_main_ceo_career_historical_liao_shi_title	3k_main_ceo_career_historical_liao_shi_title	1	0	1	1	false
3k_main_ceo_career_historical_ling_cao_ironic	3k_main_ceo_career_historical_ling_cao_ironic	1	0	1	1	false
3k_main_ceo_career_historical_ling_tong_fix	3k_main_ceo_career_historical_ling_tong_fix	1	0	1	1	false
3k_main_ceo_career_historical_ling_tong_ironic	3k_main_ceo_career_historical_ling_tong_ironic	1	0	1	1	false
3k_main_ceo_career_historical_linghu_na_unique	3k_main_ceo_career_historical_linghu_na_unique	1	0	1	1	false
3k_main_ceo_career_historical_linghu_qian	3k_main_ceo_career_historical_linghu_qian	1	0	1	1	false
3k_main_ceo_career_historical_liu_ai	3k_main_ceo_career_historical_liu_ai	1	0	1	1	false
3k_main_ceo_career_historical_liu_ba_unique_ironic	3k_main_ceo_career_historical_liu_ba_unique_ironic	1	0	1	1	false
3k_main_ceo_career_historical_liu_bao	3k_main_ceo_career_historical_liu_bao	1	0	1	1	false
3k_main_ceo_career_historical_liu_chan_title	3k_main_ceo_career_historical_liu_chan_title	1	0	1	1	false
3k_main_ceo_career_historical_liu_cong	3k_main_ceo_career_historical_liu_cong	1	0	1	1	false
3k_main_ceo_career_historical_liu_du_unique_ironic	3k_main_ceo_career_historical_liu_du_unique_ironic	1	0	1	1	false
3k_main_ceo_career_historical_liu_dun	3k_main_ceo_career_historical_liu_dun	1	0	1	1	false
3k_main_ceo_career_historical_liu_fu	3k_main_ceo_career_historical_liu_fu	1	0	1	1	false
3k_main_ceo_career_historical_liu_gui_unique	3k_main_ceo_career_historical_liu_gui_unique	1	0	1	1	false
3k_main_ceo_career_historical_liu_he	3k_main_ceo_career_historical_liu_he	1	0	1	1	false
3k_main_ceo_career_historical_liu_he_pirate	3k_main_ceo_career_historical_liu_he_pirate	1	0	1	1	false
3k_main_ceo_career_historical_liu_he_pirate_unique	3k_main_ceo_career_historical_liu_he_pirate_unique	1	0	1	1	false
3k_main_ceo_career_historical_liu_hu_title_ironic	3k_main_ceo_career_historical_liu_hu_title_ironic	1	0	1	1	false
3k_main_ceo_career_historical_liu_ji	3k_main_ceo_career_historical_liu_ji	1	0	1	1	false
3k_main_ceo_career_historical_liu_jin	3k_main_ceo_career_historical_liu_jin	1	0	1	1	false
3k_main_ceo_career_historical_liu_jing	3k_main_ceo_career_historical_liu_jing	1	0	1	1	false
3k_main_ceo_career_historical_liu_jue	3k_main_ceo_career_historical_liu_jue	1	0	1	1	false
3k_main_ceo_career_historical_liu_min	3k_main_ceo_career_historical_liu_min	1	0	1	1	false
3k_main_ceo_career_historical_liu_min_title	3k_main_ceo_career_historical_liu_min_title	1	0	1	1	false
3k_main_ceo_career_historical_liu_pan	3k_main_ceo_career_historical_liu_pan	1	0	1	1	false
3k_main_ceo_career_historical_liu_pi_unique	3k_main_ceo_career_historical_liu_pi_unique	1	0	1	1	false
3k_main_ceo_career_historical_liu_pingming	3k_main_ceo_career_historical_liu_pingming	1	0	1	1	false
3k_main_ceo_career_historical_liu_qi	3k_main_ceo_career_historical_liu_qi	1	0	1	1	false
3k_main_ceo_career_historical_liu_rui_title_ironic	3k_main_ceo_career_historical_liu_rui_title_ironic	1	0	1	1	false
3k_main_ceo_career_historical_liu_shang	3k_main_ceo_career_historical_liu_shang	1	0	1	1	false
3k_main_ceo_career_historical_liu_shuo	3k_main_ceo_career_historical_liu_shuo	1	0	1	1	false
3k_main_ceo_career_historical_liu_ting_title	3k_main_ceo_career_historical_liu_ting_title	1	0	1	1	false
3k_main_ceo_career_historical_liu_wei	3k_main_ceo_career_historical_liu_wei	1	0	1	1	false
3k_main_ceo_career_historical_liu_xi_title_ironic	3k_main_ceo_career_historical_liu_xi_title_ironic	1	0	1	1	false
3k_main_ceo_career_historical_liu_xian	3k_main_ceo_career_historical_liu_xian	1	0	1	1	false
3k_main_ceo_career_historical_liu_xian_unique_ironic	3k_main_ceo_career_historical_liu_xian_unique_ironic	1	0	1	1	false
3k_main_ceo_career_historical_liu_xie_zitai	3k_main_ceo_career_historical_liu_xie_zitai	1	0	1	1	false
3k_main_ceo_career_historical_liu_xiu	3k_main_ceo_career_historical_liu_xiu	1	0	1	1	false
3k_main_ceo_career_historical_liu_xun	3k_main_ceo_career_historical_liu_xun	1	0	1	1	false
3k_main_ceo_career_historical_liu_xun_zitai	3k_main_ceo_career_historical_liu_xun_zitai	1	0	1	1	false
3k_main_ceo_career_historical_liu_yan_drunk	3k_main_ceo_career_historical_liu_yan_drunk	1	0	1	1	false
3k_main_ceo_career_historical_liu_yan_title_ironic	3k_main_ceo_career_historical_liu_yan_title_ironic	1	0	1	1	false
3k_main_ceo_career_historical_liu_ye	3k_main_ceo_career_historical_liu_ye	1	0	1	1	false
3k_main_ceo_career_historical_liu_yi	3k_main_ceo_career_historical_liu_yi	1	0	1	1	false
3k_main_ceo_career_historical_liu_yi_ironic	3k_main_ceo_career_historical_liu_yi_ironic	1	0	1	1	false
3k_main_ceo_career_historical_liu_zan	3k_main_ceo_career_historical_liu_zan	1	0	1	1	false
3k_main_ceo_career_historical_liu_zhen_ironic	3k_main_ceo_career_historical_liu_zhen_ironic	1	0	1	1	false
3k_main_ceo_career_historical_lou_fa	3k_main_ceo_career_historical_lou_fa	1	0	1	1	false
3k_main_ceo_career_historical_lou_gui	3k_main_ceo_career_historical_lou_gui	1	0	1	1	false
3k_main_ceo_career_historical_lu_bing	3k_main_ceo_career_historical_lu_bing	1	0	1	1	false
3k_main_ceo_career_historical_lu_bing_ironic	3k_main_ceo_career_historical_lu_bing_ironic	1	0	1	1	false
3k_main_ceo_career_historical_lu_dai	3k_main_ceo_career_historical_lu_dai	1	0	1	1	false
3k_main_ceo_career_historical_lu_dang_ironic	3k_main_ceo_career_historical_lu_dang_ironic	1	0	1	1	false
3k_main_ceo_career_historical_lu_fan_ironic	3k_main_ceo_career_historical_lu_fan_ironic	1	0	1	1	false
3k_main_ceo_career_historical_lu_fei_ironic	3k_main_ceo_career_historical_lu_fei_ironic	1	0	1	1	false
3k_main_ceo_career_historical_lu_gong	3k_main_ceo_career_historical_lu_gong	1	0	1	1	false
3k_main_ceo_career_historical_lu_he	3k_main_ceo_career_historical_lu_he	1	0	1	1	false
3k_main_ceo_career_historical_lu_he_title	3k_main_ceo_career_historical_lu_he_title	1	0	1	1	false
3k_main_ceo_career_historical_lu_ji	3k_main_ceo_career_historical_lu_ji	1	0	1	1	false
3k_main_ceo_career_historical_lu_ju	3k_main_ceo_career_historical_lu_ju	1	0	1	1	false
3k_main_ceo_career_historical_lu_jun	3k_main_ceo_career_historical_lu_jun	1	0	1	1	false
3k_main_ceo_career_historical_lu_kang	3k_main_ceo_career_historical_lu_kang	1	0	1	1	false
3k_main_ceo_career_historical_lu_mao_ironic	3k_main_ceo_career_historical_lu_mao_ironic	1	0	1	1	false
3k_main_ceo_career_historical_lu_mei_ironic	3k_main_ceo_career_historical_lu_mei_ironic	1	0	1	1	false
3k_main_ceo_career_historical_lu_meng_unique_ironic	3k_main_ceo_career_historical_lu_meng_unique_ironic	1	0	1	1	false
3k_main_ceo_career_historical_lu_qian	3k_main_ceo_career_historical_lu_qian	1	0	1	1	false
3k_main_ceo_career_historical_lu_shang	3k_main_ceo_career_historical_lu_shang	1	0	1	1	false
3k_main_ceo_career_historical_lu_xu_ironic	3k_main_ceo_career_historical_lu_xu_ironic	1	0	1	1	false
3k_main_ceo_career_historical_lu_yi_title_ironic	3k_main_ceo_career_historical_lu_yi_title_ironic	1	0	1	1	false
3k_main_ceo_career_historical_lu_yu_ironic	3k_main_ceo_career_historical_lu_yu_ironic	1	0	1	1	false
3k_main_ceo_career_historical_lu_yu_ironic_water	3k_main_ceo_career_historical_lu_yu_ironic_water	1	0	1	1	false
3k_main_ceo_career_historical_luo_li_title	3k_main_ceo_career_historical_luo_li_title	1	0	1	1	false
3k_main_ceo_career_historical_lü_you_ironic	3k_main_ceo_career_historical_lü_you_ironic	1	0	1	1	false
3k_main_ceo_career_historical_ma_ai	3k_main_ceo_career_historical_ma_ai	1	0	1	1	false
3k_main_ceo_career_historical_ma_han_title	3k_main_ceo_career_historical_ma_han_title	1	0	1	1	false
3k_main_ceo_career_historical_ma_liang_unique_ironic	3k_main_ceo_career_historical_ma_liang_unique_ironic	1	0	1	1	false
3k_main_ceo_career_historical_ma_midi	3k_main_ceo_career_historical_ma_midi	1	0	1	1	false
3k_main_ceo_career_historical_ma_qin_title	3k_main_ceo_career_historical_ma_qin_title	1	0	1	1	false
3k_main_ceo_career_historical_ma_su_unique_ironic	3k_main_ceo_career_historical_ma_su_unique_ironic	1	0	1	1	false
3k_main_ceo_career_historical_ma_wan	3k_main_ceo_career_historical_ma_wan	1	0	1	1	false
3k_main_ceo_career_historical_ma_xun_title	3k_main_ceo_career_historical_ma_xun_title	1	0	1	1	false
3k_main_ceo_career_historical_ma_zhong_unique	3k_main_ceo_career_historical_ma_zhong_unique	1	0	1	1	false
3k_main_ceo_career_historical_mao_gan_ironic	3k_main_ceo_career_historical_mao_gan_ironic	1	0	1	1	false
3k_main_ceo_career_historical_mao_jie	3k_main_ceo_career_historical_mao_jie	1	0	1	1	false
3k_main_ceo_career_historical_mao_jun	3k_main_ceo_career_historical_mao_jun	1	0	1	1	false
3k_main_ceo_career_historical_mei_cheng	3k_main_ceo_career_historical_mei_cheng	1	0	1	1	false
3k_main_ceo_career_historical_meng_da	3k_main_ceo_career_historical_meng_da	1	0	1	1	false
3k_main_ceo_career_historical_meng_guang_title	3k_main_ceo_career_historical_meng_guang_title	1	0	1	1	false
3k_main_ceo_career_historical_mi_fang	3k_main_ceo_career_historical_mi_fang	1	0	1	1	false
3k_main_ceo_career_historical_miao_shang_ironic	3k_main_ceo_career_historical_miao_shang_ironic	1	0	1	1	false
3k_main_ceo_career_historical_miao_wanwan	3k_main_ceo_career_historical_miao_wanwan	1	0	1	1	false
3k_main_ceo_career_historical_mike	3k_main_ceo_career_historical_mike	1	0	1	1	false
3k_main_ceo_career_historical_min_chun_ironic	3k_main_ceo_career_historical_min_chun_ironic	1	0	1	1	false
3k_main_ceo_career_historical_mou_rong_title	3k_main_ceo_career_historical_mou_rong_title	1	0	1	1	false
3k_main_ceo_career_historical_mu_shun_ironic	3k_main_ceo_career_historical_mu_shun_ironic	1	0	1	1	false
3k_main_ceo_career_historical_nangong_xinyu_unique	3k_main_ceo_career_historical_nangong_xinyu_unique	1	0	1	1	false
3k_main_ceo_career_historical_nangong_zixiao_unique	3k_main_ceo_career_historical_nangong_zixiao_unique	1	0	1	1	false
3k_main_ceo_career_historical_nanlou	3k_main_ceo_career_historical_nanlou	1	0	1	1	false
3k_main_ceo_career_historical_ni_kan_ironic	3k_main_ceo_career_historical_ni_kan_ironic	1	0	1	1	false
3k_main_ceo_career_historical_ni_lu_ironic	3k_main_ceo_career_historical_ni_lu_ironic	1	0	1	1	false
3k_main_ceo_career_historical_ni_nu_title	3k_main_ceo_career_historical_ni_nu_title	1	0	1	1	false
3k_main_ceo_career_historical_ni_nü_ironic	3k_main_ceo_career_historical_ni_nü_ironic	1	0	1	1	false
3k_main_ceo_career_historical_ni_xiaode_ironic	3k_main_ceo_career_historical_ni_xiaode_ironic	1	0	1	1	false
3k_main_ceo_career_historical_ni_xiaode_unique	3k_main_ceo_career_historical_ni_xiaode_unique	1	0	1	1	false
3k_main_ceo_career_historical_nie_tingping	3k_main_ceo_career_historical_nie_tingping	1	0	1	1	false
3k_main_ceo_career_historical_niu_dan_title_ironic	3k_main_ceo_career_historical_niu_dan_title_ironic	1	0	1	1	false
3k_main_ceo_career_historical_niu_fu	3k_main_ceo_career_historical_niu_fu	1	0	1	1	false
3k_main_ceo_career_historical_niu_wei_title_ironic	3k_main_ceo_career_historical_niu_wei_title_ironic	1	0	1	1	false
3k_main_ceo_career_historical_ouhou_cai	3k_main_ceo_career_historical_ouhou_cai	1	0	1	1	false
3k_main_ceo_career_historical_ouyang_su_ironic	3k_main_ceo_career_historical_ouyang_su_ironic	1	0	1	1	false
3k_main_ceo_career_historical_pan_juan	3k_main_ceo_career_historical_pan_juan	1	0	1	1	false
3k_main_ceo_career_historical_pan_jun_unique	3k_main_ceo_career_historical_pan_jun_unique	1	0	1	1	false
3k_main_ceo_career_historical_pan_ke	3k_main_ceo_career_historical_pan_ke	1	0	1	1	false
3k_main_ceo_career_historical_pan_lin	3k_main_ceo_career_historical_pan_lin	1	0	1	1	false
3k_main_ceo_career_historical_pan_man	3k_main_ceo_career_historical_pan_man	1	0	1	1	false
3k_main_ceo_career_historical_pan_miao_title	3k_main_ceo_career_historical_pan_miao_title	1	0	1	1	false
3k_main_ceo_career_historical_pan_shun	3k_main_ceo_career_historical_pan_shun	1	0	1	1	false
3k_main_ceo_career_historical_pan_xin_title	3k_main_ceo_career_historical_pan_xin_title	1	0	1	1	false
3k_main_ceo_career_historical_pan_zhang_ironic	3k_main_ceo_career_historical_pan_zhang_ironic	1	0	1	1	false
3k_main_ceo_career_historical_pang_degong_ironic	3k_main_ceo_career_historical_pang_degong_ironic	1	0	1	1	false
3k_main_ceo_career_historical_pang_degong_ironic_water	3k_main_ceo_career_historical_pang_degong_ironic_water	1	0	1	1	false
3k_main_ceo_career_historical_pang_ji`	3k_main_ceo_career_historical_pang_ji`	1	0	1	1	false
3k_main_ceo_career_historical_pang_le_title	3k_main_ceo_career_historical_pang_le_title	1	0	1	1	false
3k_main_ceo_career_historical_pang_shanmin_ironic	3k_main_ceo_career_historical_pang_shanmin_ironic	1	0	1	1	false
3k_main_ceo_career_historical_pang_yu	3k_main_ceo_career_historical_pang_yu	1	0	1	1	false
3k_main_ceo_career_historical_pei_qian_title_ironic	3k_main_ceo_career_historical_pei_qian_title_ironic	1	0	1	1	false
3k_main_ceo_career_historical_peng_cai	3k_main_ceo_career_historical_peng_cai	1	0	1	1	false
3k_main_ceo_career_historical_peng_hu_ironic	3k_main_ceo_career_historical_peng_hu_ironic	1	0	1	1	false
3k_main_ceo_career_historical_peng_shi_title	3k_main_ceo_career_historical_peng_shi_title	1	0	1	1	false
3k_main_ceo_career_historical_puyang_lian_ironic	3k_main_ceo_career_historical_puyang_lian_ironic	1	0	1	1	false
3k_main_ceo_career_historical_puyang_yi_ironic	3k_main_ceo_career_historical_puyang_yi_ironic	1	0	1	1	false
3k_main_ceo_career_historical_qian_bo_ironic	3k_main_ceo_career_historical_qian_bo_ironic	1	0	1	1	false
3k_main_ceo_career_historical_qian_bo_title	3k_main_ceo_career_historical_qian_bo_title	1	0	1	1	false
3k_main_ceo_career_historical_qian_tong	3k_main_ceo_career_historical_qian_tong	1	0	1	1	false
3k_main_ceo_career_historical_qian_zhao_ironic	3k_main_ceo_career_historical_qian_zhao_ironic	1	0	1	1	false
3k_main_ceo_career_historical_qiang_duan	3k_main_ceo_career_historical_qiang_duan	1	0	1	1	false
3k_main_ceo_career_historical_qimu_kai	3k_main_ceo_career_historical_qimu_kai	1	0	1	1	false
3k_main_ceo_career_historical_qin_lang	3k_main_ceo_career_historical_qin_lang	1	0	1	1	false
3k_main_ceo_career_historical_qin_mi_title	3k_main_ceo_career_historical_qin_mi_title	1	0	1	1	false
3k_main_ceo_career_historical_qin_song	3k_main_ceo_career_historical_qin_song	1	0	1	1	false
3k_main_ceo_career_historical_qin_yilu	3k_main_ceo_career_historical_qin_yilu	1	0	1	1	false
3k_main_ceo_career_historical_qu_chuntao	3k_main_ceo_career_historical_qu_chuntao	1	0	1	1	false
3k_main_ceo_career_historical_qu_jing_title	3k_main_ceo_career_historical_qu_jing_title	1	0	1	1	false
3k_main_ceo_career_historical_qu_pan	3k_main_ceo_career_historical_qu_pan	1	0	1	1	false
3k_main_ceo_career_historical_qu_yan	3k_main_ceo_career_historical_qu_yan	1	0	1	1	false
3k_main_ceo_career_historical_qu_yi	3k_main_ceo_career_historical_qu_yi	1	0	1	1	false
3k_main_ceo_career_historical_quan_rou	3k_main_ceo_career_historical_quan_rou	1	0	1	1	false
3k_main_ceo_career_historical_qubei	3k_main_ceo_career_historical_qubei	1	0	1	1	false
3k_main_ceo_career_historical_que_xuan_ironic	3k_main_ceo_career_historical_que_xuan_ironic	1	0	1	1	false
3k_main_ceo_career_historical_ren_an_title	3k_main_ceo_career_historical_ren_an_title	1	0	1	1	false
3k_main_ceo_career_historical_rong_fang_ironic	3k_main_ceo_career_historical_rong_fang_ironic	1	0	1	1	false
3k_main_ceo_career_historical_ru_xun_title	3k_main_ceo_career_historical_ru_xun_title	1	0	1	1	false
3k_main_ceo_career_historical_ruan_ji	3k_main_ceo_career_historical_ruan_ji	1	0	1	1	false
3k_main_ceo_career_historical_rui_liang_ironic	3k_main_ceo_career_historical_rui_liang_ironic	1	0	1	1	false
3k_main_ceo_career_historical_rui_xuan_ironic	3k_main_ceo_career_historical_rui_xuan_ironic	1	0	1	1	false
3k_main_ceo_career_historical_rui_zhi_ironic	3k_main_ceo_career_historical_rui_zhi_ironic	1	0	1	1	false
3k_main_ceo_career_historical_shan_jing_ironic	3k_main_ceo_career_historical_shan_jing_ironic	1	0	1	1	false
3k_main_ceo_career_historical_shang_sheng	3k_main_ceo_career_historical_shang_sheng	1	0	1	1	false
3k_main_ceo_career_historical_she_jian_title_ironic	3k_main_ceo_career_historical_she_jian_title_ironic	1	0	1	1	false
3k_main_ceo_career_historical_she_yuan_title_ironic	3k_main_ceo_career_historical_she_yuan_title_ironic	1	0	1	1	false
3k_main_ceo_career_historical_shen_cheng	3k_main_ceo_career_historical_shen_cheng	1	0	1	1	false
3k_main_ceo_career_historical_shen_dan_title	3k_main_ceo_career_historical_shen_dan_title	1	0	1	1	false
3k_main_ceo_career_historical_shen_mi	3k_main_ceo_career_historical_shen_mi	1	0	1	1	false
3k_main_ceo_career_historical_shen_yi_title	3k_main_ceo_career_historical_shen_yi_title	1	0	1	1	false
3k_main_ceo_career_historical_sheng_dao_unique	3k_main_ceo_career_historical_sheng_dao_unique	1	0	1	1	false
3k_main_ceo_career_historical_sheng_kuang_ironic	3k_main_ceo_career_historical_sheng_kuang_ironic	1	0	1	1	false
3k_main_ceo_career_historical_sheng_mai_ironic	3k_main_ceo_career_historical_sheng_mai_ironic	1	0	1	1	false
3k_main_ceo_career_historical_shentu_xiang_title	3k_main_ceo_career_historical_shentu_xiang_title	1	0	1	1	false
3k_main_ceo_career_historical_shi_caiwei_title	3k_main_ceo_career_historical_shi_caiwei_title	1	0	1	1	false
3k_main_ceo_career_historical_shi_changchang_title_ironic	3k_main_ceo_career_historical_shi_changchang_title_ironic	1	0	1	1	false
3k_main_ceo_career_historical_shi_en_title_ironic	3k_main_ceo_career_historical_shi_en_title_ironic	1	0	1	1	false
3k_main_ceo_career_historical_shi_fen_unique	3k_main_ceo_career_historical_shi_fen_unique	1	0	1	1	false
3k_main_ceo_career_historical_shi_gan_title	3k_main_ceo_career_historical_shi_gan_title	1	0	1	1	false
3k_main_ceo_career_historical_shi_han_title	3k_main_ceo_career_historical_shi_han_title	1	0	1	1	false
3k_main_ceo_career_historical_shi_huan	3k_main_ceo_career_historical_shi_huan	1	0	1	1	false
3k_main_ceo_career_historical_shi_huang_sg	3k_main_ceo_career_historical_shi_huang_sg	1	0	1	1	false
3k_main_ceo_career_historical_shi_hui_unique	3k_main_ceo_career_historical_shi_hui_unique	1	0	1	1	false
3k_main_ceo_career_historical_shi_kuang_unique	3k_main_ceo_career_historical_shi_kuang_unique	1	0	1	1	false
3k_main_ceo_career_historical_shi_lihua_title	3k_main_ceo_career_historical_shi_lihua_title	1	0	1	1	false
3k_main_ceo_career_historical_shi_qi_title_ironic	3k_main_ceo_career_historical_shi_qi_title_ironic	1	0	1	1	false
3k_main_ceo_career_historical_shi_ren_ironic	3k_main_ceo_career_historical_shi_ren_ironic	1	0	1	1	false
3k_main_ceo_career_historical_shi_song_title	3k_main_ceo_career_historical_shi_song_title	1	0	1	1	false
3k_main_ceo_career_historical_shi_wei_unique	3k_main_ceo_career_historical_shi_wei_unique	1	0	1	1	false
3k_main_ceo_career_historical_shi_wu_unique	3k_main_ceo_career_historical_shi_wu_unique	1	0	1	1	false
3k_main_ceo_career_historical_shi_xin_unique	3k_main_ceo_career_historical_shi_xin_unique	1	0	1	1	false
3k_main_ceo_career_historical_shi_yi_unique	3k_main_ceo_career_historical_shi_yi_unique	1	0	1	1	false
3k_main_ceo_career_historical_shi_yi_w	3k_main_ceo_career_historical_shi_yi_w	1	0	1	1	false
3k_main_ceo_career_historical_shi_zin_unique	3k_main_ceo_career_historical_shi_zin_unique	1	0	1	1	false
3k_main_ceo_career_historical_shu_shao_ironic	3k_main_ceo_career_historical_shu_shao_ironic	1	0	1	1	false
3k_main_ceo_career_historical_si_cong_ironic	3k_main_ceo_career_historical_si_cong_ironic	1	0	1	1	false
3k_main_ceo_career_historical_sima_hui_ironic	3k_main_ceo_career_historical_sima_hui_ironic	1	0	1	1	false
3k_main_ceo_career_historical_sima_hui_ironic_water	3k_main_ceo_career_historical_sima_hui_ironic_water	1	0	1	1	false
3k_main_ceo_career_historical_sima_ju_ytr	3k_main_ceo_career_historical_sima_ju_ytr	1	0	1	1	false
3k_main_ceo_career_historical_sima_zhi_title_ironic	3k_main_ceo_career_historical_sima_zhi_title_ironic	1	0	1	1	false
3k_main_ceo_career_historical_song_qian_ironic	3k_main_ceo_career_historical_song_qian_ironic	1	0	1	1	false
3k_main_ceo_career_historical_song_shurou_title_ironic	3k_main_ceo_career_historical_song_shurou_title_ironic	1	0	1	1	false
3k_main_ceo_career_historical_song_zhong	3k_main_ceo_career_historical_song_zhong	1	0	1	1	false
3k_main_ceo_career_historical_su_dai	3k_main_ceo_career_historical_su_dai	1	0	1	1	false
3k_main_ceo_career_historical_su_dai_unique	3k_main_ceo_career_historical_su_dai_unique	1	0	1	1	false
3k_main_ceo_career_historical_su_fei	3k_main_ceo_career_historical_su_fei	1	0	1	1	false
3k_main_ceo_career_historical_su_kelan	3k_main_ceo_career_historical_su_kelan	1	0	1	1	false
3k_main_ceo_career_historical_su_ping	3k_main_ceo_career_historical_su_ping	1	0	1	1	false
3k_main_ceo_career_historical_su_ze	3k_main_ceo_career_historical_su_ze	1	0	1	1	false
3k_main_ceo_career_historical_sui_chun_title	3k_main_ceo_career_historical_sui_chun_title	1	0	1	1	false
3k_main_ceo_career_historical_sui_gu	3k_main_ceo_career_historical_sui_gu	1	0	1	1	false
3k_main_ceo_career_historical_sun_ben	3k_main_ceo_career_historical_sun_ben	1	0	1	1	false
3k_main_ceo_career_historical_sun_deng	3k_main_ceo_career_historical_sun_deng	1	0	1	1	false
3k_main_ceo_career_historical_sun_fu	3k_main_ceo_career_historical_sun_fu	1	0	1	1	false
3k_main_ceo_career_historical_sun_guan	3k_main_ceo_career_historical_sun_guan	1	0	1	1	false
3k_main_ceo_career_historical_sun_hao	3k_main_ceo_career_historical_sun_hao	1	0	1	1	false
3k_main_ceo_career_historical_sun_he	3k_main_ceo_career_historical_sun_he	1	0	1	1	false
3k_main_ceo_career_historical_sun_jiao	3k_main_ceo_career_historical_sun_jiao	1	0	1	1	false
3k_main_ceo_career_historical_sun_jing	3k_main_ceo_career_historical_sun_jing	1	0	1	1	false
3k_main_ceo_career_historical_sun_kuang	3k_main_ceo_career_historical_sun_kuang	1	0	1	1	false
3k_main_ceo_career_historical_sun_lang	3k_main_ceo_career_historical_sun_lang	1	0	1	1	false
3k_main_ceo_career_historical_sun_shao	3k_main_ceo_career_historical_sun_shao	1	0	1	1	false
3k_main_ceo_career_historical_sun_shao_sun	3k_main_ceo_career_historical_sun_shao_sun	1	0	1	1	false
3k_main_ceo_career_historical_sun_shi_ironic	3k_main_ceo_career_historical_sun_shi_ironic	1	0	1	1	false
3k_main_ceo_career_historical_sun_yi	3k_main_ceo_career_historical_sun_yi	1	0	1	1	false
3k_main_ceo_career_historical_sun_yu	3k_main_ceo_career_historical_sun_yu	1	0	1	1	false
3k_main_ceo_career_historical_supuyan	3k_main_ceo_career_historical_supuyan	1	0	1	1	false
3k_main_ceo_career_historical_syiyan	3k_main_ceo_career_historical_syiyan	1	0	1	1	false
3k_main_ceo_career_historical_tadun	3k_main_ceo_career_historical_tadun	1	0	1	1	false
3k_main_ceo_career_historical_tao_shang	3k_main_ceo_career_historical_tao_shang	1	0	1	1	false
3k_main_ceo_career_historical_tao_ying	3k_main_ceo_career_historical_tao_ying	1	0	1	1	false
3k_main_ceo_career_historical_teng_dan	3k_main_ceo_career_historical_teng_dan	1	0	1	1	false
3k_main_ceo_career_historical_teng_ling	3k_main_ceo_career_historical_teng_ling	1	0	1	1	false
3k_main_ceo_career_historical_teng_zhou	3k_main_ceo_career_historical_teng_zhou	1	0	1	1	false
3k_main_ceo_career_historical_tian_chou	3k_main_ceo_career_historical_tian_chou	1	0	1	1	false
3k_main_ceo_career_historical_tian_kai	3k_main_ceo_career_historical_tian_kai	1	0	1	1	false
3k_main_ceo_career_historical_tian_le	3k_main_ceo_career_historical_tian_le	1	0	1	1	false
3k_main_ceo_career_historical_tian_yu	3k_main_ceo_career_historical_tian_yu	1	0	1	1	false
3k_main_ceo_career_historical_tong_jie	3k_main_ceo_career_historical_tong_jie	1	0	1	1	false
3k_main_ceo_career_historical_tong_jie_unique	3k_main_ceo_career_historical_tong_jie_unique	1	0	1	1	false
3k_main_ceo_career_historical_tong_yang	3k_main_ceo_career_historical_tong_yang	1	0	1	1	false
3k_main_ceo_career_historical_tong_yin	3k_main_ceo_career_historical_tong_yin	1	0	1	1	false
3k_main_ceo_career_historical_tong_you	3k_main_ceo_career_historical_tong_you	1	0	1	1	false
3k_main_ceo_career_historical_tong_yurui	3k_main_ceo_career_historical_tong_yurui	1	0	1	1	false
3k_main_ceo_career_historical_tong_zhi	3k_main_ceo_career_historical_tong_zhi	1	0	1	1	false
3k_main_ceo_career_historical_tufa_pigu	3k_main_ceo_career_historical_tufa_pigu	1	0	1	1	false
3k_main_ceo_career_historical_tuoba_jiefan	3k_main_ceo_career_historical_tuoba_jiefan	1	0	1	1	false
3k_main_ceo_career_historical_tuoba_liwei	3k_main_ceo_career_historical_tuoba_liwei	1	0	1	1	false
3k_main_ceo_career_historical_wan_bing_ironic	3k_main_ceo_career_historical_wan_bing_ironic	1	0	1	1	false
3k_main_ceo_career_historical_wan_yan_ironic	3k_main_ceo_career_historical_wan_yan_ironic	1	0	1	1	false
3k_main_ceo_career_historical_wang_baolan	3k_main_ceo_career_historical_wang_baolan	1	0	1	1	false
3k_main_ceo_career_historical_wang_can_title_ironic	3k_main_ceo_career_historical_wang_can_title_ironic	1	0	1	1	false
3k_main_ceo_career_historical_wang_dang	3k_main_ceo_career_historical_wang_dang	1	0	1	1	false
3k_main_ceo_career_historical_wang_fangyue	3k_main_ceo_career_historical_wang_fangyue	1	0	1	1	false
3k_main_ceo_career_historical_wang_feng	3k_main_ceo_career_historical_wang_feng	1	0	1	1	false
3k_main_ceo_career_historical_wang_fu_stra_unique	3k_main_ceo_career_historical_wang_fu_stra_unique	1	0	1	1	false
3k_main_ceo_career_historical_wang_fu_unique	3k_main_ceo_career_historical_wang_fu_unique	1	0	1	1	false
3k_main_ceo_career_historical_wang_gong_ironic	3k_main_ceo_career_historical_wang_gong_ironic	1	0	1	1	false
3k_main_ceo_career_historical_wang_hai	3k_main_ceo_career_historical_wang_hai	1	0	1	1	false
3k_main_ceo_career_historical_wang_hong	3k_main_ceo_career_historical_wang_hong	1	0	1	1	false
3k_main_ceo_career_historical_wang_jin	3k_main_ceo_career_historical_wang_jin	1	0	1	1	false
3k_main_ceo_career_historical_wang_kai_ironic	3k_main_ceo_career_historical_wang_kai_ironic	1	0	1	1	false
3k_main_ceo_career_historical_wang_kai_title_ironic	3k_main_ceo_career_historical_wang_kai_title_ironic	1	0	1	1	false
3k_main_ceo_career_historical_wang_lanlan	3k_main_ceo_career_historical_wang_lanlan	1	0	1	1	false
3k_main_ceo_career_historical_wang_lei_unique	3k_main_ceo_career_historical_wang_lei_unique	1	0	1	1	false
3k_main_ceo_career_historical_wang_lian_title	3k_main_ceo_career_historical_wang_lian_title	1	0	1	1	false
3k_main_ceo_career_historical_wang_lie_ironic	3k_main_ceo_career_historical_wang_lie_ironic	1	0	1	1	false
3k_main_ceo_career_historical_wang_men_ironic	3k_main_ceo_career_historical_wang_men_ironic	1	0	1	1	false
3k_main_ceo_career_historical_wang_mou_title	3k_main_ceo_career_historical_wang_mou_title	1	0	1	1	false
3k_main_ceo_career_historical_wang_ping	3k_main_ceo_career_historical_wang_ping	1	0	1	1	false
3k_main_ceo_career_historical_wang_qian_title_ironic	3k_main_ceo_career_historical_wang_qian_title_ironic	1	0	1	1	false
3k_main_ceo_career_historical_wang_shang_title	3k_main_ceo_career_historical_wang_shang_title	1	0	1	1	false
3k_main_ceo_career_historical_wang_sheng	3k_main_ceo_career_historical_wang_sheng	1	0	1	1	false
3k_main_ceo_career_historical_wang_shi_unique	3k_main_ceo_career_historical_wang_shi_unique	1	0	1	1	false
3k_main_ceo_career_historical_wang_song	3k_main_ceo_career_historical_wang_song	1	0	1	1	false
3k_main_ceo_career_historical_wang_su_ironic	3k_main_ceo_career_historical_wang_su_ironic	1	0	1	1	false
3k_main_ceo_career_historical_wang_wei	3k_main_ceo_career_historical_wang_wei	1	0	1	1	false
3k_main_ceo_career_historical_wang_xian_title	3k_main_ceo_career_historical_wang_xian_title	1	0	1	1	false
3k_main_ceo_career_historical_wang_xian_unique	3k_main_ceo_career_historical_wang_xian_unique	1	0	1	1	false
3k_main_ceo_career_historical_wang_xiang	3k_main_ceo_career_historical_wang_xiang	1	0	1	1	false
3k_main_ceo_career_historical_wang_xiang_unique_ironic	3k_main_ceo_career_historical_wang_xiang_unique_ironic	1	0	1	1	false
3k_main_ceo_career_historical_wang_yu	3k_main_ceo_career_historical_wang_yu	1	0	1	1	false
3k_main_ceo_career_historical_wang_zifu_ironic	3k_main_ceo_career_historical_wang_zifu_ironic	1	0	1	1	false
3k_main_ceo_career_historical_wangdong	3k_main_ceo_career_historical_wangdong	1	0	1	1	false
3k_main_ceo_career_historical_wei_dan	3k_main_ceo_career_historical_wei_dan	1	0	1	1	false
3k_main_ceo_career_historical_wei_duan_ironic	3k_main_ceo_career_historical_wei_duan_ironic	1	0	1	1	false
3k_main_ceo_career_historical_wei_gu_ironic	3k_main_ceo_career_historical_wei_gu_ironic	1	0	1	1	false
3k_main_ceo_career_historical_wei_huang	3k_main_ceo_career_historical_wei_huang	1	0	1	1	false
3k_main_ceo_career_historical_wei_kang	3k_main_ceo_career_historical_wei_kang	1	0	1	1	false
3k_main_ceo_career_historical_wei_qian_ironic	3k_main_ceo_career_historical_wei_qian_ironic	1	0	1	1	false
3k_main_ceo_career_historical_wei_you	3k_main_ceo_career_historical_wei_you	1	0	1	1	false
3k_main_ceo_career_historical_wei_zi_ironic	3k_main_ceo_career_historical_wei_zi_ironic	1	0	1	1	false
3k_main_ceo_career_historical_wen_gong_title	3k_main_ceo_career_historical_wen_gong_title	1	0	1	1	false
3k_main_ceo_career_historical_wen_ji_ironic	3k_main_ceo_career_historical_wen_ji_ironic	1	0	1	1	false
3k_main_ceo_career_historical_wen_pin	3k_main_ceo_career_historical_wen_pin	1	0	1	1	false
3k_main_ceo_career_historical_wen_qin_ironic	3k_main_ceo_career_historical_wen_qin_ironic	1	0	1	1	false
3k_main_ceo_career_historical_wen_ying_title_ironic	3k_main_ceo_career_historical_wen_ying_title_ironic	1	0	1	1	false
3k_main_ceo_career_historical_wu_can_ironic	3k_main_ceo_career_historical_wu_can_ironic	1	0	1	1	false
3k_main_ceo_career_historical_wu_chen_unique	3k_main_ceo_career_historical_wu_chen_unique	1	0	1	1	false
3k_main_ceo_career_historical_wu_dang	3k_main_ceo_career_historical_wu_dang	1	0	1	1	false
3k_main_ceo_career_historical_wu_dun_ironic	3k_main_ceo_career_historical_wu_dun_ironic	1	0	1	1	false
3k_main_ceo_career_historical_wu_fan_ironic	3k_main_ceo_career_historical_wu_fan_ironic	1	0	1	1	false
3k_main_ceo_career_historical_wu_fen_ironic	3k_main_ceo_career_historical_wu_fen_ironic	1	0	1	1	false
3k_main_ceo_career_historical_wu_huan_ytr	3k_main_ceo_career_historical_wu_huan_ytr	1	0	1	1	false
3k_main_ceo_career_historical_wu_jing_ironic	3k_main_ceo_career_historical_wu_jing_ironic	1	0	1	1	false
3k_main_ceo_career_historical_wu_ju	3k_main_ceo_career_historical_wu_ju	1	0	1	1	false
3k_main_ceo_career_historical_wu_lan_title	3k_main_ceo_career_historical_wu_lan_title	1	0	1	1	false
3k_main_ceo_career_historical_wu_mai_title	3k_main_ceo_career_historical_wu_mai_title	1	0	1	1	false
3k_main_ceo_career_historical_wu_mian_ironic	3k_main_ceo_career_historical_wu_mian_ironic	1	0	1	1	false
3k_main_ceo_career_historical_wu_qi_ironic	3k_main_ceo_career_historical_wu_qi_ironic	1	0	1	1	false
3k_main_ceo_career_historical_wu_wu	3k_main_ceo_career_historical_wu_wu	1	0	1	1	false
3k_main_ceo_career_historical_wu_xi_ironic	3k_main_ceo_career_historical_wu_xi_ironic	1	0	1	1	false
3k_main_ceo_career_historical_wu_xi_title	3k_main_ceo_career_historical_wu_xi_title	1	0	1	1	false
3k_main_ceo_career_historical_wu_xiang_title	3k_main_ceo_career_historical_wu_xiang_title	1	0	1	1	false
3k_main_ceo_career_historical_wuyan	3k_main_ceo_career_historical_wuyan	1	0	1	1	false
3k_main_ceo_career_historical_xi_jiao	3k_main_ceo_career_historical_xi_jiao	1	0	1	1	false
3k_main_ceo_career_historical_xi_zhen_title_ironic	3k_main_ceo_career_historical_xi_zhen_title_ironic	1	0	1	1	false
3k_main_ceo_career_historical_xi_zhicai	3k_main_ceo_career_historical_xi_zhicai	1	0	1	1	false
3k_main_ceo_career_historical_xi_zhicai_unique	3k_main_ceo_career_historical_xi_zhicai_unique	1	0	1	1	false
3k_main_ceo_career_historical_xiahou_jie	3k_main_ceo_career_historical_xiahou_jie	1	0	1	1	false
3k_main_ceo_career_historical_xiahou_lan_ironic	3k_main_ceo_career_historical_xiahou_lan_ironic	1	0	1	1	false
3k_main_ceo_career_historical_xiahou_mao_ironic	3k_main_ceo_career_historical_xiahou_mao_ironic	1	0	1	1	false
3k_main_ceo_career_historical_xiahou_shang	3k_main_ceo_career_historical_xiahou_shang	1	0	1	1	false
3k_main_ceo_career_historical_xianbei_generic_buddhist_convert	3k_main_ceo_career_historical_xianbei_generic_buddhist_convert	1	0	1	1	false
3k_main_ceo_career_historical_xianbei_generic_community_leader	3k_main_ceo_career_historical_xianbei_generic_community_leader	1	0	1	1	false
3k_main_ceo_career_historical_xianbei_generic_exiled_bureaucrat	3k_main_ceo_career_historical_xianbei_generic_exiled_bureaucrat	1	0	1	1	false
3k_main_ceo_career_historical_xianbei_generic_female_aristocrat	3k_main_ceo_career_historical_xianbei_generic_female_aristocrat	1	0	1	1	false
3k_main_ceo_career_historical_xianbei_generic_female_metallurgist	3k_main_ceo_career_historical_xianbei_generic_female_metallurgist	1	0	1	1	false
3k_main_ceo_career_historical_xianbei_generic_female_waymaker	3k_main_ceo_career_historical_xianbei_generic_female_waymaker	1	0	1	1	false
3k_main_ceo_career_historical_xianbei_generic_frontiersman	3k_main_ceo_career_historical_xianbei_generic_frontiersman	1	0	1	1	false
3k_main_ceo_career_historical_xianbei_generic_headsman	3k_main_ceo_career_historical_xianbei_generic_headsman	1	0	1	1	false
3k_main_ceo_career_historical_xianbei_generic_huntress	3k_main_ceo_career_historical_xianbei_generic_huntress	1	0	1	1	false
3k_main_ceo_career_historical_xianbei_generic_lancer	3k_main_ceo_career_historical_xianbei_generic_lancer	1	0	1	1	false
3k_main_ceo_career_historical_xianbei_generic_male_aristocrat	3k_main_ceo_career_historical_xianbei_generic_male_aristocrat	1	0	1	1	false
3k_main_ceo_career_historical_xianbei_generic_male_metallurgist	3k_main_ceo_career_historical_xianbei_generic_male_metallurgist	1	0	1	1	false
3k_main_ceo_career_historical_xianbei_generic_male_waymaker	3k_main_ceo_career_historical_xianbei_generic_male_waymaker	1	0	1	1	false
3k_main_ceo_career_historical_xianbei_generic_marauder	3k_main_ceo_career_historical_xianbei_generic_marauder	1	0	1	1	false
3k_main_ceo_career_historical_xianbei_generic_matriarch	3k_main_ceo_career_historical_xianbei_generic_matriarch	1	0	1	1	false
3k_main_ceo_career_historical_xianbei_generic_soothsayer	3k_main_ceo_career_historical_xianbei_generic_soothsayer	1	0	1	1	false
3k_main_ceo_career_historical_xianbei_generic_swordmaiden	3k_main_ceo_career_historical_xianbei_generic_swordmaiden	1	0	1	1	false
3k_main_ceo_career_historical_xianbei_generic_wrangler	3k_main_ceo_career_historical_xianbei_generic_wrangler	1	0	1	1	false
3k_main_ceo_career_historical_xiang_chong_unique_ironic	3k_main_ceo_career_historical_xiang_chong_unique_ironic	1	0	1	1	false
3k_main_ceo_career_historical_xiang_lang_title_ironic	3k_main_ceo_career_historical_xiang_lang_title_ironic	1	0	1	1	false
3k_main_ceo_career_historical_xianyu_dan	3k_main_ceo_career_historical_xianyu_dan	1	0	1	1	false
3k_main_ceo_career_historical_xianyu_fu	3k_main_ceo_career_historical_xianyu_fu	1	0	1	1	false
3k_main_ceo_career_historical_xianyu_yin	3k_main_ceo_career_historical_xianyu_yin	1	0	1	1	false
3k_main_ceo_career_historical_xiao_jian_ironic	3k_main_ceo_career_historical_xiao_jian_ironic	1	0	1	1	false
3k_main_ceo_career_historical_xie_cheng_ironic	3k_main_ceo_career_historical_xie_cheng_ironic	1	0	1	1	false
3k_main_ceo_career_historical_xie_jiong_ironic	3k_main_ceo_career_historical_xie_jiong_ironic	1	0	1	1	false
3k_main_ceo_career_historical_xie_mi_ironic	3k_main_ceo_career_historical_xie_mi_ironic	1	0	1	1	false
3k_main_ceo_career_historical_xie_zhen_ironic	3k_main_ceo_career_historical_xie_zhen_ironic	1	0	1	1	false
3k_main_ceo_career_historical_xin_fangyue	3k_main_ceo_career_historical_xin_fangyue	1	0	1	1	false
3k_main_ceo_career_historical_xin_pi	3k_main_ceo_career_historical_xin_pi	1	0	1	1	false
3k_main_ceo_career_historical_xin_ping	3k_main_ceo_career_historical_xin_ping	1	0	1	1	false
3k_main_ceo_career_historical_xing_daorong_unique_ironic	3k_main_ceo_career_historical_xing_daorong_unique_ironic	1	0	1	1	false
3k_main_ceo_career_historical_xu_ci_title	3k_main_ceo_career_historical_xu_ci_title	1	0	1	1	false
3k_main_ceo_career_historical_xu_dan_ironic	3k_main_ceo_career_historical_xu_dan_ironic	1	0	1	1	false
3k_main_ceo_career_historical_xu_gan_ironic	3k_main_ceo_career_historical_xu_gan_ironic	1	0	1	1	false
3k_main_ceo_career_historical_xu_gong_ironic	3k_main_ceo_career_historical_xu_gong_ironic	1	0	1	1	false
3k_main_ceo_career_historical_xu_he_ytr	3k_main_ceo_career_historical_xu_he_ytr	1	0	1	1	false
3k_main_ceo_career_historical_xu_jing	3k_main_ceo_career_historical_xu_jing	1	0	1	1	false
3k_main_ceo_career_historical_xu_kun_ironic	3k_main_ceo_career_historical_xu_kun_ironic	1	0	1	1	false
3k_main_ceo_career_historical_xu_miao	3k_main_ceo_career_historical_xu_miao	1	0	1	1	false
3k_main_ceo_career_historical_xu_qian_ironic	3k_main_ceo_career_historical_xu_qian_ironic	1	0	1	1	false
3k_main_ceo_career_historical_xu_rong	3k_main_ceo_career_historical_xu_rong	1	0	1	1	false
3k_main_ceo_career_historical_xu_shao_ironic	3k_main_ceo_career_historical_xu_shao_ironic	1	0	1	1	false
3k_main_ceo_career_historical_xu_sheng_ironic	3k_main_ceo_career_historical_xu_sheng_ironic	1	0	1	1	false
3k_main_ceo_career_historical_xu_si_ironic	3k_main_ceo_career_historical_xu_si_ironic	1	0	1	1	false
3k_main_ceo_career_historical_xu_xi	3k_main_ceo_career_historical_xu_xi	1	0	1	1	false
3k_main_ceo_career_historical_xu_xiu_ironic	3k_main_ceo_career_historical_xu_xiu_ironic	1	0	1	1	false
3k_main_ceo_career_historical_xu_xuan_ironic	3k_main_ceo_career_historical_xu_xuan_ironic	1	0	1	1	false
3k_main_ceo_career_historical_xu_yi	3k_main_ceo_career_historical_xu_yi	1	0	1	1	false
3k_main_ceo_career_historical_xu_yi_ironic	3k_main_ceo_career_historical_xu_yi_ironic	1	0	1	1	false
3k_main_ceo_career_historical_xu_yuanxian_title	3k_main_ceo_career_historical_xu_yuanxian_title	1	0	1	1	false
3k_main_ceo_career_historical_xu_zhao_ironic	3k_main_ceo_career_historical_xu_zhao_ironic	1	0	1	1	false
3k_main_ceo_career_historical_xu_zhen_ironic	3k_main_ceo_career_historical_xu_zhen_ironic	1	0	1	1	false
3k_main_ceo_career_historical_xue_li	3k_main_ceo_career_historical_xue_li	1	0	1	1	false
3k_main_ceo_career_historical_xue_zong_unique_ironic	3k_main_ceo_career_historical_xue_zong_unique_ironic	1	0	1	1	false
3k_main_ceo_career_historical_xun_chen	3k_main_ceo_career_historical_xun_chen	1	0	1	1	false
3k_main_ceo_career_historical_xun_zheng_ironic	3k_main_ceo_career_historical_xun_zheng_ironic	1	0	1	1	false
3k_main_ceo_career_historical_yalu	3k_main_ceo_career_historical_yalu	1	0	1	1	false
3k_main_ceo_career_historical_yan_gang	3k_main_ceo_career_historical_yan_gang	1	0	1	1	false
3k_main_ceo_career_historical_yan_jun	3k_main_ceo_career_historical_yan_jun	1	0	1	1	false
3k_main_ceo_career_historical_yan_jun_ironic	3k_main_ceo_career_historical_yan_jun_ironic	1	0	1	1	false
3k_main_ceo_career_historical_yan_lan_ironic	3k_main_ceo_career_historical_yan_lan_ironic	1	0	1	1	false
3k_main_ceo_career_historical_yan_lan_unique	3k_main_ceo_career_historical_yan_lan_unique	1	0	1	1	false
3k_main_ceo_career_historical_yan_rou	3k_main_ceo_career_historical_yan_rou	1	0	1	1	false
3k_main_ceo_career_historical_yan_xia_ironic	3k_main_ceo_career_historical_yan_xia_ironic	1	0	1	1	false
3k_main_ceo_career_historical_yan_xia_unique	3k_main_ceo_career_historical_yan_xia_unique	1	0	1	1	false
3k_main_ceo_career_historical_yan_xiang	3k_main_ceo_career_historical_yan_xiang	1	0	1	1	false
3k_main_ceo_career_historical_yan_xing	3k_main_ceo_career_historical_yan_xing	1	0	1	1	false
3k_main_ceo_career_historical_yang_biao	3k_main_ceo_career_historical_yang_biao	1	0	1	1	false
3k_main_ceo_career_historical_yang_chou	3k_main_ceo_career_historical_yang_chou	1	0	1	1	false
3k_main_ceo_career_historical_yang_ding_ironic	3k_main_ceo_career_historical_yang_ding_ironic	1	0	1	1	false
3k_main_ceo_career_historical_yang_feng	3k_main_ceo_career_historical_yang_feng	1	0	1	1	false
3k_main_ceo_career_historical_yang_feng_nw	3k_main_ceo_career_historical_yang_feng_nw	1	0	1	1	false
3k_main_ceo_career_historical_yang_fu	3k_main_ceo_career_historical_yang_fu	1	0	1	1	false
3k_main_ceo_career_historical_yang_hong	3k_main_ceo_career_historical_yang_hong	1	0	1	1	false
3k_main_ceo_career_historical_yang_hong_title_ironic	3k_main_ceo_career_historical_yang_hong_title_ironic	1	0	1	1	false
3k_main_ceo_career_historical_yang_huai_title	3k_main_ceo_career_historical_yang_huai_title	1	0	1	1	false
3k_main_ceo_career_historical_yang_jun	3k_main_ceo_career_historical_yang_jun	1	0	1	1	false
3k_main_ceo_career_historical_yang_kui	3k_main_ceo_career_historical_yang_kui	1	0	1	1	false
3k_main_ceo_career_historical_yang_ling_title_ironic	3k_main_ceo_career_historical_yang_ling_title_ironic	1	0	1	1	false
3k_main_ceo_career_historical_yang_qianwan	3k_main_ceo_career_historical_yang_qianwan	1	0	1	1	false
3k_main_ceo_career_historical_yang_qiu	3k_main_ceo_career_historical_yang_qiu	1	0	1	1	false
3k_main_ceo_career_historical_yang_xiu	3k_main_ceo_career_historical_yang_xiu	1	0	1	1	false
3k_main_ceo_career_historical_yang_yi_ironic	3k_main_ceo_career_historical_yang_yi_ironic	1	0	1	1	false
3k_main_ceo_career_historical_yang_yi_title	3k_main_ceo_career_historical_yang_yi_title	1	0	1	1	false
3k_main_ceo_career_historical_yang_yong_title	3k_main_ceo_career_historical_yang_yong_title	1	0	1	1	false
3k_main_ceo_career_historical_yao_zhou_title_ironic	3k_main_ceo_career_historical_yao_zhou_title_ironic	1	0	1	1	false
3k_main_ceo_career_historical_yi_ji_title_ironic	3k_main_ceo_career_historical_yi_ji_title_ironic	1	0	1	1	false
3k_main_ceo_career_historical_yi_liao_title	3k_main_ceo_career_historical_yi_liao_title	1	0	1	1	false
3k_main_ceo_career_historical_yin_feng_ironic	3k_main_ceo_career_historical_yin_feng_ironic	1	0	1	1	false
3k_main_ceo_career_historical_yin_li	3k_main_ceo_career_historical_yin_li	1	0	1	1	false
3k_main_ceo_career_historical_yin_mo_title_ironic	3k_main_ceo_career_historical_yin_mo_title_ironic	1	0	1	1	false
3k_main_ceo_career_historical_ying_lun_ironic	3k_main_ceo_career_historical_ying_lun_ironic	1	0	1	1	false
3k_main_ceo_career_historical_ying_qu_ironic	3k_main_ceo_career_historical_ying_qu_ironic	1	0	1	1	false
3k_main_ceo_career_historical_ying_rong_ironic	3k_main_ceo_career_historical_ying_rong_ironic	1	0	1	1	false
3k_main_ceo_career_historical_ying_rong_title_ironic	3k_main_ceo_career_historical_ying_rong_title_ironic	1	0	1	1	false
3k_main_ceo_career_historical_ying_shao	3k_main_ceo_career_historical_ying_shao	1	0	1	1	false
3k_main_ceo_career_historical_ying_xun	3k_main_ceo_career_historical_ying_xun	1	0	1	1	false
3k_main_ceo_career_historical_yong_kai_unique	3k_main_ceo_career_historical_yong_kai_unique	1	0	1	1	false
3k_main_ceo_career_historical_you_mi	3k_main_ceo_career_historical_you_mi	1	0	1	1	false
3k_main_ceo_career_historical_you_tu	3k_main_ceo_career_historical_you_tu	1	0	1	1	false
3k_main_ceo_career_historical_you_yu	3k_main_ceo_career_historical_you_yu	1	0	1	1	false
3k_main_ceo_career_historical_yu_bao_title_ironic	3k_main_ceo_career_historical_yu_bao_title_ironic	1	0	1	1	false
3k_main_ceo_career_historical_yu_du	3k_main_ceo_career_historical_yu_du	1	0	1	1	false
3k_main_ceo_career_historical_yu_fan_ironic	3k_main_ceo_career_historical_yu_fan_ironic	1	0	1	1	false
3k_main_ceo_career_historical_yu_mi	3k_main_ceo_career_historical_yu_mi	1	0	1	1	false
3k_main_ceo_career_historical_yu_she_ironic	3k_main_ceo_career_historical_yu_she_ironic	1	0	1	1	false
3k_main_ceo_career_historical_yu_zi_ironic	3k_main_ceo_career_historical_yu_zi_ironic	1	0	1	1	false
3k_main_ceo_career_historical_yuan_ba_title	3k_main_ceo_career_historical_yuan_ba_title	1	0	1	1	false
3k_main_ceo_career_historical_yuan_huan_unique	3k_main_ceo_career_historical_yuan_huan_unique	1	0	1	1	false
3k_main_ceo_career_historical_yuan_hui_title	3k_main_ceo_career_historical_yuan_hui_title	1	0	1	1	false
3k_main_ceo_career_historical_yuan_long	3k_main_ceo_career_historical_yuan_long	1	0	1	1	false
3k_main_ceo_career_historical_yuan_min_title	3k_main_ceo_career_historical_yuan_min_title	1	0	1	1	false
3k_main_ceo_career_historical_yuan_xi	3k_main_ceo_career_historical_yuan_xi	1	0	1	1	false
3k_main_ceo_career_historical_yuan_yao	3k_main_ceo_career_historical_yuan_yao	1	0	1	1	false
3k_main_ceo_career_historical_yuan_yi_unique	3k_main_ceo_career_historical_yuan_yi_unique	1	0	1	1	false
3k_main_ceo_career_historical_yuan_yin	3k_main_ceo_career_historical_yuan_yin	1	0	1	1	false
3k_main_ceo_career_historical_yuan_yu	3k_main_ceo_career_historical_yuan_yu	1	0	1	1	false
3k_main_ceo_career_historical_yuan_zhong_ironic	3k_main_ceo_career_historical_yuan_zhong_ironic	1	0	1	1	false
3k_main_ceo_career_historical_yue_jiu	3k_main_ceo_career_historical_yue_jiu	1	0	1	1	false
3k_main_ceo_career_historical_zang_ba	3k_main_ceo_career_historical_zang_ba	1	0	1	1	false
3k_main_ceo_career_historical_zang_hong	3k_main_ceo_career_historical_zang_hong	1	0	1	1	false
3k_main_ceo_career_historical_zao_zhan	3k_main_ceo_career_historical_zao_zhan	1	0	1	1	false
3k_main_ceo_career_historical_zao_zhi	3k_main_ceo_career_historical_zao_zhi	1	0	1	1	false
3k_main_ceo_career_historical_ze_bu	3k_main_ceo_career_historical_ze_bu	1	0	1	1	false
3k_main_ceo_career_historical_ze_yue	3k_main_ceo_career_historical_ze_yue	1	0	1	1	false
3k_main_ceo_career_historical_zhan_qiang	3k_main_ceo_career_historical_zhan_qiang	1	0	1	1	false
3k_main_ceo_career_historical_zhang_chang_ironic	3k_main_ceo_career_historical_zhang_chang_ironic	1	0	1	1	false
3k_main_ceo_career_historical_zhang_cheng	3k_main_ceo_career_historical_zhang_cheng	1	0	1	1	false
3k_main_ceo_career_historical_zhang_cheng_ironic	3k_main_ceo_career_historical_zhang_cheng_ironic	1	0	1	1	false
3k_main_ceo_career_historical_zhang_chi	3k_main_ceo_career_historical_zhang_chi	1	0	1	1	false
3k_main_ceo_career_historical_zhang_cun_title_ironic	3k_main_ceo_career_historical_zhang_cun_title_ironic	1	0	1	1	false
3k_main_ceo_career_historical_zhang_duo_ironic	3k_main_ceo_career_historical_zhang_duo_ironic	1	0	1	1	false
3k_main_ceo_career_historical_zhang_gong	3k_main_ceo_career_historical_zhang_gong	1	0	1	1	false
3k_main_ceo_career_historical_zhang_heng	3k_main_ceo_career_historical_zhang_heng	1	0	1	1	false
3k_main_ceo_career_historical_zhang_hu	3k_main_ceo_career_historical_zhang_hu	1	0	1	1	false
3k_main_ceo_career_historical_zhang_ji_dong	3k_main_ceo_career_historical_zhang_ji_dong	1	0	1	1	false
3k_main_ceo_career_historical_zhang_jin	3k_main_ceo_career_historical_zhang_jin	1	0	1	1	false
3k_main_ceo_career_historical_zhang_jin_nw	3k_main_ceo_career_historical_zhang_jin_nw	1	0	1	1	false
3k_main_ceo_career_historical_zhang_jing_title_ironic	3k_main_ceo_career_historical_zhang_jing_title_ironic	1	0	1	1	false
3k_main_ceo_career_historical_zhang_lili_title	3k_main_ceo_career_historical_zhang_lili_title	1	0	1	1	false
3k_main_ceo_career_historical_zhang_luo	3k_main_ceo_career_historical_zhang_luo	1	0	1	1	false
3k_main_ceo_career_historical_zhang_luoluo_title	3k_main_ceo_career_historical_zhang_luoluo_title	1	0	1	1	false
3k_main_ceo_career_historical_zhang_meimei_title	3k_main_ceo_career_historical_zhang_meimei_title	1	0	1	1	false
3k_main_ceo_career_historical_zhang_meng	3k_main_ceo_career_historical_zhang_meng	1	0	1	1	false
3k_main_ceo_career_historical_zhang_miao	3k_main_ceo_career_historical_zhang_miao	1	0	1	1	false
3k_main_ceo_career_historical_zhang_min_unique	3k_main_ceo_career_historical_zhang_min_unique	1	0	1	1	false
3k_main_ceo_career_historical_zhang_nan	3k_main_ceo_career_historical_zhang_nan	1	0	1	1	false
3k_main_ceo_career_historical_zhang_ni_title	3k_main_ceo_career_historical_zhang_ni_title	1	0	1	1	false
3k_main_ceo_career_historical_zhang_ni_unique	3k_main_ceo_career_historical_zhang_ni_unique	1	0	1	1	false
3k_main_ceo_career_historical_zhang_shuo	3k_main_ceo_career_historical_zhang_shuo	1	0	1	1	false
3k_main_ceo_career_historical_zhang_song_unique	3k_main_ceo_career_historical_zhang_song_unique	1	0	1	1	false
3k_main_ceo_career_historical_zhang_su_title	3k_main_ceo_career_historical_zhang_su_title	1	0	1	1	false
3k_main_ceo_career_historical_zhang_tiansheng_title_ironic	3k_main_ceo_career_historical_zhang_tiansheng_title_ironic	1	0	1	1	false
3k_main_ceo_career_historical_zhang_wu_title	3k_main_ceo_career_historical_zhang_wu_title	1	0	1	1	false
3k_main_ceo_career_historical_zhang_xian	3k_main_ceo_career_historical_zhang_xian	1	0	1	1	false
3k_main_ceo_career_historical_zhang_xiang_title_ironic	3k_main_ceo_career_historical_zhang_xiang_title_ironic	1	0	1	1	false
3k_main_ceo_career_historical_zhang_xiu	3k_main_ceo_career_historical_zhang_xiu	1	0	1	1	false
3k_main_ceo_career_historical_zhang_ya	3k_main_ceo_career_historical_zhang_ya	1	0	1	1	false
3k_main_ceo_career_historical_zhang_yan_ironic	3k_main_ceo_career_historical_zhang_yan_ironic	1	0	1	1	false
3k_main_ceo_career_historical_zhang_yanyan	3k_main_ceo_career_historical_zhang_yanyan	1	0	1	1	false
3k_main_ceo_career_historical_zhang_yi_lai_title_ironic	3k_main_ceo_career_historical_zhang_yi_lai_title_ironic	1	0	1	1	false
3k_main_ceo_career_historical_zhang_yi_title	3k_main_ceo_career_historical_zhang_yi_title	1	0	1	1	false
3k_main_ceo_career_historical_zhang_yi_unique	3k_main_ceo_career_historical_zhang_yi_unique	1	0	1	1	false
3k_main_ceo_career_historical_zhang_ying	3k_main_ceo_career_historical_zhang_ying	1	0	1	1	false
3k_main_ceo_career_historical_zhang_yu_title	3k_main_ceo_career_historical_zhang_yu_title	1	0	1	1	false
3k_main_ceo_career_historical_zhang_yun	3k_main_ceo_career_historical_zhang_yun	1	0	1	1	false
3k_main_ceo_career_historical_zhang_zhongjing_title_ironic	3k_main_ceo_career_historical_zhang_zhongjing_title_ironic	1	0	1	1	false
3k_main_ceo_career_historical_zhao_ang	3k_main_ceo_career_historical_zhao_ang	1	0	1	1	false
3k_main_ceo_career_historical_zhao_bo_ytr	3k_main_ceo_career_historical_zhao_bo_ytr	1	0	1	1	false
3k_main_ceo_career_historical_zhao_cen_ironic	3k_main_ceo_career_historical_zhao_cen_ironic	1	0	1	1	false
3k_main_ceo_career_historical_zhao_da_ironic	3k_main_ceo_career_historical_zhao_da_ironic	1	0	1	1	false
3k_main_ceo_career_historical_zhao_e	3k_main_ceo_career_historical_zhao_e	1	0	1	1	false
3k_main_ceo_career_historical_zhao_fan	3k_main_ceo_career_historical_zhao_fan	1	0	1	1	false
3k_main_ceo_career_historical_zhao_lei_title	3k_main_ceo_career_historical_zhao_lei_title	1	0	1	1	false
3k_main_ceo_career_historical_zhao_lingjing_title	3k_main_ceo_career_historical_zhao_lingjing_title	1	0	1	1	false
3k_main_ceo_career_historical_zhao_shurou_title	3k_main_ceo_career_historical_zhao_shurou_title	1	0	1	1	false
3k_main_ceo_career_historical_zhao_yu_ironic	3k_main_ceo_career_historical_zhao_yu_ironic	1	0	1	1	false
3k_main_ceo_career_historical_zhao_yuanjiang_title	3k_main_ceo_career_historical_zhao_yuanjiang_title	1	0	1	1	false
3k_main_ceo_career_historical_zheng_bao_ironic	3k_main_ceo_career_historical_zheng_bao_ironic	1	0	1	1	false
3k_main_ceo_career_historical_zheng_du_title	3k_main_ceo_career_historical_zheng_du_title	1	0	1	1	false
3k_main_ceo_career_historical_zheng_fei_ironic	3k_main_ceo_career_historical_zheng_fei_ironic	1	0	1	1	false
3k_main_ceo_career_historical_zheng_hun	3k_main_ceo_career_historical_zheng_hun	1	0	1	1	false
3k_main_ceo_career_historical_zheng_mao	3k_main_ceo_career_historical_zheng_mao	1	0	1	1	false
3k_main_ceo_career_historical_zheng_tai	3k_main_ceo_career_historical_zheng_tai	1	0	1	1	false
3k_main_ceo_career_historical_zheng_yan	3k_main_ceo_career_historical_zheng_yan	1	0	1	1	false
3k_main_ceo_career_historical_zhongli_xu	3k_main_ceo_career_historical_zhongli_xu	1	0	1	1	false
3k_main_ceo_career_historical_zhou_ang	3k_main_ceo_career_historical_zhou_ang	1	0	1	1	false
3k_main_ceo_career_historical_zhou_bo_ironic	3k_main_ceo_career_historical_zhou_bo_ironic	1	0	1	1	false
3k_main_ceo_career_historical_zhou_cang	3k_main_ceo_career_historical_zhou_cang	1	0	1	1	false
3k_main_ceo_career_historical_zhou_che_ironic	3k_main_ceo_career_historical_zhou_che_ironic	1	0	1	1	false
3k_main_ceo_career_historical_zhou_gu_ironic	3k_main_ceo_career_historical_zhou_gu_ironic	1	0	1	1	false
3k_main_ceo_career_historical_zhou_jing_title	3k_main_ceo_career_historical_zhou_jing_title	1	0	1	1	false
3k_main_ceo_career_historical_zhou_qun_title	3k_main_ceo_career_historical_zhou_qun_title	1	0	1	1	false
3k_main_ceo_career_historical_zhou_shan	3k_main_ceo_career_historical_zhou_shan	1	0	1	1	false
3k_main_ceo_career_historical_zhou_shang_ironic	3k_main_ceo_career_historical_zhou_shang_ironic	1	0	1	1	false
3k_main_ceo_career_historical_zhou_shu_ironic	3k_main_ceo_career_historical_zhou_shu_ironic	1	0	1	1	false
3k_main_ceo_career_historical_zhou_xin	3k_main_ceo_career_historical_zhou_xin	1	0	1	1	false
3k_main_ceo_career_historical_zhou_ying_ironic	3k_main_ceo_career_historical_zhou_ying_ironic	1	0	1	1	false
3k_main_ceo_career_historical_zhou_yu_renming	3k_main_ceo_career_historical_zhou_yu_renming	1	0	1	1	false
3k_main_ceo_career_historical_zhu_en_ironic	3k_main_ceo_career_historical_zhu_en_ironic	1	0	1	1	false
3k_main_ceo_career_historical_zhu_fu_unique	3k_main_ceo_career_historical_zhu_fu_unique	1	0	1	1	false
3k_main_ceo_career_historical_zhu_han_ironic	3k_main_ceo_career_historical_zhu_han_ironic	1	0	1	1	false
3k_main_ceo_career_historical_zhu_hao	3k_main_ceo_career_historical_zhu_hao	1	0	1	1	false
3k_main_ceo_career_historical_zhu_huan_ironic	3k_main_ceo_career_historical_zhu_huan_ironic	1	0	1	1	false
3k_main_ceo_career_historical_zhu_jun	3k_main_ceo_career_historical_zhu_jun	1	0	1	1	false
3k_main_ceo_career_historical_zhu_lian_ironic	3k_main_ceo_career_historical_zhu_lian_ironic	1	0	1	1	false
3k_main_ceo_career_historical_zhu_ling_ironic	3k_main_ceo_career_historical_zhu_ling_ironic	1	0	1	1	false
3k_main_ceo_career_historical_zhu_liu_title_ironic	3k_main_ceo_career_historical_zhu_liu_title_ironic	1	0	1	1	false
3k_main_ceo_career_historical_zhu_min_ironic	3k_main_ceo_career_historical_zhu_min_ironic	1	0	1	1	false
3k_main_ceo_career_historical_zhu_ran	3k_main_ceo_career_historical_zhu_ran	1	0	1	1	false
3k_main_ceo_career_historical_zhu_shulian_ironic	3k_main_ceo_career_historical_zhu_shulian_ironic	1	0	1	1	false
3k_main_ceo_career_historical_zhu_zhi	3k_main_ceo_career_historical_zhu_zhi	1	0	1	1	false
3k_main_ceo_career_historical_zhuang_zhen_ironic	3k_main_ceo_career_historical_zhuang_zhen_ironic	1	0	1	1	false
3k_main_ceo_career_historical_zhuge_bin_ironic	3k_main_ceo_career_historical_zhuge_bin_ironic	1	0	1	1	false
3k_main_ceo_career_historical_zhuge_dan_ironic	3k_main_ceo_career_historical_zhuge_dan_ironic	1	0	1	1	false
3k_main_ceo_career_historical_zhuge_dan_ironic_fire	3k_main_ceo_career_historical_zhuge_dan_ironic_fire	1	0	1	1	false
3k_main_ceo_career_historical_zhuge_fu_ironic	3k_main_ceo_career_historical_zhuge_fu_ironic	1	0	1	1	false
3k_main_ceo_career_historical_zhuge_gan_ironic	3k_main_ceo_career_historical_zhuge_gan_ironic	1	0	1	1	false
3k_main_ceo_career_historical_zhuge_guo_ironic	3k_main_ceo_career_historical_zhuge_guo_ironic	1	0	1	1	false
3k_main_ceo_career_historical_zhuge_ji_ironic	3k_main_ceo_career_historical_zhuge_ji_ironic	1	0	1	1	false
3k_main_ceo_career_historical_zhuge_jin_ironic	3k_main_ceo_career_historical_zhuge_jin_ironic	1	0	1	1	false
3k_main_ceo_career_historical_zhuge_jun_ironic	3k_main_ceo_career_historical_zhuge_jun_ironic	1	0	1	1	false
3k_main_ceo_career_historical_zhuge_ke	3k_main_ceo_career_historical_zhuge_ke	1	0	1	1	false
3k_main_ceo_career_historical_zhuge_luo_ironic	3k_main_ceo_career_historical_zhuge_luo_ironic	1	0	1	1	false
3k_main_ceo_career_historical_zhuge_pian_ironic	3k_main_ceo_career_historical_zhuge_pian_ironic	1	0	1	1	false
3k_main_ceo_career_historical_zhuge_qiong_ironic	3k_main_ceo_career_historical_zhuge_qiong_ironic	1	0	1	1	false
3k_main_ceo_career_historical_zhuge_xu_ironic	3k_main_ceo_career_historical_zhuge_xu_ironic	1	0	1	1	false
3k_main_ceo_career_historical_zhuge_xuan	3k_main_ceo_career_historical_zhuge_xuan	1	0	1	1	false
3k_main_ceo_career_historical_zhuo_xiangyun_title	3k_main_ceo_career_historical_zhuo_xiangyun_title	1	0	1	1	false
3k_main_ceo_career_historical_zhuo_ying_title_ironic	3k_main_ceo_career_historical_zhuo_ying_title_ironic	1	0	1	1	false
3k_main_ceo_career_historical_zi_luan	3k_main_ceo_career_historical_zi_luan	1	0	1	1	false
3k_main_ceo_career_historical_zong_bao_ironic	3k_main_ceo_career_historical_zong_bao_ironic	1	0	1	1	false
3k_main_ceo_career_historical_zong_cheng	3k_main_ceo_career_historical_zong_cheng	1	0	1	1	false
3k_main_ceo_career_historical_zou_dan_ironic	3k_main_ceo_career_historical_zou_dan_ironic	1	0	1	1	false
3k_main_ceo_career_historical_zou_lin	3k_main_ceo_career_historical_zou_lin	1	0	1	1	false
3k_main_ceo_career_historical_zou_lin_unique	3k_main_ceo_career_historical_zou_lin_unique	1	0	1	1	false
3k_main_ceo_career_historical_zou_ta	3k_main_ceo_career_historical_zou_ta	1	0	1	1	false
3k_main_ceo_career_historical_zu_cui	3k_main_ceo_career_historical_zu_cui	1	0	1	1	false
3k_main_ceo_career_historical_zu_hong	3k_main_ceo_career_historical_zu_hong	1	0	1	1	false
3k_main_ceo_career_historical_zu_lang	3k_main_ceo_career_historical_zu_lang	1	0	1	1	false
3k_main_ceo_career_historical_zu_mao	3k_main_ceo_career_historical_zu_mao	1	0	1	1	false
3k_main_ceo_career_historical_zu_mo	3k_main_ceo_career_historical_zu_mo	1	0	1	1	false
3k_main_ceo_career_historical_zu_shan	3k_main_ceo_career_historical_zu_shan	1	0	1	1	false
3k_main_ceo_career_historical_zu_si	3k_main_ceo_career_historical_zu_si	1	0	1	1	false
3k_main_ceo_career_historical_zu_si_title_ironic	3k_main_ceo_career_historical_zu_si_title_ironic	1	0	1	1	false
3k_main_ceo_career_historical_zu_ting	3k_main_ceo_career_historical_zu_ting	1	0	1	1	false
3k_main_ceo_career_historical_zuo_chengxu_ironic	3k_main_ceo_career_historical_zuo_chengxu_ironic	1	0	1	1	false
3k_main_ceo_career_historical_zuo_ci	3k_main_ceo_career_historical_zuo_ci	1	0	1	1	false
3k_main_ceo_career_historical_zuo_xian_ironic	3k_main_ceo_career_historical_zuo_xian_ironic	1	0	1	1	false
3k_main_ceo_career_historical_zuo_yu	3k_main_ceo_career_historical_zuo_yu	1	0	1	1	false
3k_main_ceo_career_historical_zuozi_zhangba	3k_main_ceo_career_historical_zuozi_zhangba	1	0	1	1	false
3k_main_ceo_equipment_permissions_armour_earth	3k_main_ceo_equipment_permissions_armour_earth	1	0	1	1	false
3k_main_ceo_equipment_permissions_armour_fire	3k_main_ceo_equipment_permissions_armour_fire	1	0	1	1	false
3k_main_ceo_equipment_permissions_armour_metal	3k_main_ceo_equipment_permissions_armour_metal	1	0	1	1	false
3k_main_ceo_equipment_permissions_armour_unique	3k_main_ceo_equipment_permissions_armour_unique	1	0	1	1	false
3k_main_ceo_equipment_permissions_armour_water	3k_main_ceo_equipment_permissions_armour_water	1	0	1	1	false
3k_main_ceo_equipment_permissions_armour_wood	3k_main_ceo_equipment_permissions_armour_wood	1	0	1	1	false
3k_main_ceo_equipment_permissions_weapons_all	3k_main_ceo_equipment_permissions_weapons_all	1	0	1	1	false
3k_main_ceo_equipment_permissions_weapons_earth	3k_main_ceo_equipment_permissions_weapons_earth	1	0	1	1	false
3k_main_ceo_equipment_permissions_weapons_fire	3k_main_ceo_equipment_permissions_weapons_fire	1	0	1	1	false
3k_main_ceo_equipment_permissions_weapons_metal	3k_main_ceo_equipment_permissions_weapons_metal	1	0	1	1	false
3k_main_ceo_equipment_permissions_weapons_water	3k_main_ceo_equipment_permissions_weapons_water	1	0	1	1	false
3k_main_ceo_equipment_permissions_weapons_wood	3k_main_ceo_equipment_permissions_weapons_wood	1	0	1	1	false
3k_main_ceo_liu_yu_han_character_yan_rou	3k_main_ceo_liu_yu_han_character_yan_rou	1	0	1	2	false
3k_main_ceo_liu_yu_tribal_character_agui	3k_main_ceo_liu_yu_tribal_character_agui	1	0	1	2	false
3k_main_ceo_liu_yu_tribal_character_dou_mao	3k_main_ceo_liu_yu_tribal_character_dou_mao	1	0	1	2	false
3k_main_ceo_liu_yu_tribal_character_fan_chou	3k_main_ceo_liu_yu_tribal_character_fan_chou	1	0	1	2	false
3k_main_ceo_liu_yu_tribal_character_guo_si	3k_main_ceo_liu_yu_tribal_character_guo_si	1	0	1	2	false
3k_main_ceo_liu_yu_tribal_character_han_sui	3k_main_ceo_liu_yu_tribal_character_han_sui	1	0	1	2	false
3k_main_ceo_liu_yu_tribal_character_kuitou	3k_main_ceo_liu_yu_tribal_character_kuitou	1	0	1	2	false
3k_main_ceo_liu_yu_tribal_character_li_jue	3k_main_ceo_liu_yu_tribal_character_li_jue	1	0	1	2	false
3k_main_ceo_liu_yu_tribal_character_ma_chao	3k_main_ceo_liu_yu_tribal_character_ma_chao	1	0	1	2	false
3k_main_ceo_liu_yu_tribal_character_ma_teng	3k_main_ceo_liu_yu_tribal_character_ma_teng	1	0	1	2	false
3k_main_ceo_liu_yu_tribal_character_qiang_duan	3k_main_ceo_liu_yu_tribal_character_qiang_duan	1	0	1	2	false
3k_main_ceo_liu_yu_tribal_character_qianman	3k_main_ceo_liu_yu_tribal_character_qianman	1	0	1	2	false
3k_main_ceo_liu_yu_tribal_character_song_jian	3k_main_ceo_liu_yu_tribal_character_song_jian	1	0	1	2	false
3k_main_ceo_liu_yu_tribal_character_tufa_pigu	3k_main_ceo_liu_yu_tribal_character_tufa_pigu	1	0	1	2	false
3k_main_ceo_liu_yu_tribal_character_tuoba_jiefan	3k_main_ceo_liu_yu_tribal_character_tuoba_jiefan	1	0	1	2	false
3k_main_ceo_liu_yu_tribal_character_tuoba_liwei	3k_main_ceo_liu_yu_tribal_character_tuoba_liwei	1	0	1	2	false
3k_main_ceo_liu_yu_tribal_character_yang_qianwan	3k_main_ceo_liu_yu_tribal_character_yang_qianwan	1	0	1	2	false
3k_main_ceo_liu_yu_tribal_character_zhang_ji	3k_main_ceo_liu_yu_tribal_character_zhang_ji	1	0	1	2	false
3k_main_ceo_liu_yu_tribal_region_canluan	3k_main_ceo_liu_yu_tribal_region_canluan	1	0	1	2	false
3k_main_ceo_liu_yu_tribal_region_daijun_horse	3k_main_ceo_liu_yu_tribal_region_daijun_horse	1	0	1	2	false
3k_main_ceo_liu_yu_tribal_region_guzang	3k_main_ceo_liu_yu_tribal_region_guzang	1	0	1	2	false
3k_main_ceo_liu_yu_tribal_region_hanchang	3k_main_ceo_liu_yu_tribal_region_hanchang	1	0	1	2	false
3k_main_ceo_liu_yu_tribal_region_hyunto_resource	3k_main_ceo_liu_yu_tribal_region_hyunto_resource	1	0	1	2	false
3k_main_ceo_liu_yu_tribal_region_jincheng	3k_main_ceo_liu_yu_tribal_region_jincheng	1	0	1	2	false
3k_main_ceo_liu_yu_tribal_region_liaodong_xuantu	3k_main_ceo_liu_yu_tribal_region_liaodong_xuantu	1	0	1	2	false
3k_main_ceo_liu_yu_tribal_region_lingzhou	3k_main_ceo_liu_yu_tribal_region_lingzhou	1	0	1	2	false
3k_main_ceo_liu_yu_tribal_region_nanzheng	3k_main_ceo_liu_yu_tribal_region_nanzheng	1	0	1	2	false
3k_main_ceo_liu_yu_tribal_region_sanshui	3k_main_ceo_liu_yu_tribal_region_sanshui	1	0	1	2	false
3k_main_ceo_liu_yu_tribal_region_shanggui	3k_main_ceo_liu_yu_tribal_region_shanggui	1	0	1	2	false
3k_main_ceo_liu_yu_tribal_region_sheyan	3k_main_ceo_liu_yu_tribal_region_sheyan	1	0	1	2	false
3k_main_ceo_liu_yu_tribal_region_tianshui	3k_main_ceo_liu_yu_tribal_region_tianshui	1	0	1	2	false
3k_main_ceo_liu_yu_tribal_region_wuyuan_capital	3k_main_ceo_liu_yu_tribal_region_wuyuan_capital	1	0	1	2	false
3k_main_ceo_liu_yu_tribal_region_wuyuan_farm	3k_main_ceo_liu_yu_tribal_region_wuyuan_farm	1	0	1	2	false
3k_main_ceo_liu_yu_tribal_region_xiabian	3k_main_ceo_liu_yu_tribal_region_xiabian	1	0	1	2	false
3k_main_ceo_liu_yu_tribal_region_xiutu	3k_main_ceo_liu_yu_tribal_region_xiutu	1	0	1	2	false
3k_main_ceo_liu_yu_tribal_region_yinping	3k_main_ceo_liu_yu_tribal_region_yinping	1	0	1	2	false
3k_main_ceo_liu_yu_tribal_region_zhanyin	3k_main_ceo_liu_yu_tribal_region_zhanyin	1	0	1	2	false
3k_main_ceo_liu_yu_tribal_region_zitong	3k_main_ceo_liu_yu_tribal_region_zitong	1	0	1	2	false
3k_main_ceo_theshold_career_generated_agent_water	3k_main_ceo_career_generated_agent_water	1	0	1	1	false
3k_main_ceo_theshold_career_generated_envoy_water	3k_main_ceo_career_generated_envoy_water	1	0	1	1	false
3k_main_ceo_theshold_career_generated_general_water	3k_main_ceo_career_generated_general_water	1	0	1	1	false
3k_main_ceo_theshold_career_generated_governor_water	3k_main_ceo_career_generated_governor_water	1	0	1	1	false
3k_main_ceo_theshold_career_generated_minister_water	3k_main_ceo_career_generated_minister_water	1	0	1	1	false
3k_main_ceo_theshold_gender_female	3k_main_ceo_gender_female	1	0	1	1	false
3k_main_ceo_theshold_gender_male	3k_main_ceo_gender_male	1	0	1	1	false
3k_main_ceo_theshold_trait_physical_blind	3k_main_ceo_trait_physical_blind	1	0	1	1	false
3k_main_ceo_theshold_trait_physical_heartbroken	3k_main_ceo_trait_physical_heartbroken	1	0	1	1	false
3k_main_ceo_thredhold_protagonist	3k_main_ceo_protagonist	1	0	1	1	false
3k_main_ceo_threshold_ancillary_weapon_axes_of_the_bandit_queen_faction	3k_main_ancillary_weapon_axes_of_the_bandit_queen_faction	1	0	1	1	false
3k_main_ceo_threshold_ancillary_weapon_blade_of_xiang_yu_faction	3k_main_ancillary_weapon_blade_of_xiang_yu_faction	1	0	1	1	false
3k_main_ceo_threshold_ancillary_weapon_green_dragon_crescent_blade_faction	3k_main_ancillary_weapon_green_dragon_crescent_blade_faction	1	0	1	1	false
3k_main_ceo_threshold_ancillary_weapon_ma_su_faction	3k_main_ancillary_weapon_ma_su_faction	1	0	1	1	false
3k_main_ceo_threshold_ancillary_weapon_serpent_spear_faction	3k_main_ancillary_weapon_serpent_spear_faction	1	0	1	1	false
3k_main_ceo_threshold_ancillary_weapon_shuang_gu_jian_faction	3k_main_ancillary_weapon_shuang_gu_jian_faction	1	0	1	1	false
3k_main_ceo_threshold_ancillary_weapon_trident_halberd_faction	3k_main_ancillary_weapon_trident_halberd_faction	1	0	1	1	false
3k_main_ceo_threshold_ancillary_weapon_trust_of_god_faction	3k_main_ancillary_weapon_trust_of_god_faction	1	0	1	1	false
3k_main_ceo_threshold_career_childhood_earth	3k_main_ceo_career_childhood_earth	1	0	1	1	false
3k_main_ceo_threshold_career_childhood_fire	3k_main_ceo_career_childhood_fire	1	0	1	1	false
3k_main_ceo_threshold_career_childhood_metal	3k_main_ceo_career_childhood_metal	1	0	1	1	false
3k_main_ceo_threshold_career_childhood_water	3k_main_ceo_career_childhood_water	1	0	1	1	false
3k_main_ceo_threshold_career_childhood_wood	3k_main_ceo_career_childhood_wood	1	0	1	1	false
3k_main_ceo_threshold_career_generated_agent_earth	3k_main_ceo_career_generated_agent_earth	1	0	1	1	false
3k_main_ceo_threshold_career_generated_agent_fire	3k_main_ceo_career_generated_agent_fire	1	0	1	1	false
3k_main_ceo_threshold_career_generated_agent_metal	3k_main_ceo_career_generated_agent_metal	1	0	1	1	false
3k_main_ceo_threshold_career_generated_agent_wood	3k_main_ceo_career_generated_agent_wood	1	0	1	1	false
3k_main_ceo_threshold_career_generated_envoy_earth	3k_main_ceo_career_generated_envoy_earth	1	0	1	1	false
3k_main_ceo_threshold_career_generated_envoy_fire	3k_main_ceo_career_generated_envoy_fire	1	0	1	1	false
3k_main_ceo_threshold_career_generated_envoy_metal	3k_main_ceo_career_generated_envoy_metal	1	0	1	1	false
3k_main_ceo_threshold_career_generated_envoy_wood	3k_main_ceo_career_generated_envoy_wood	1	0	1	1	false
3k_main_ceo_threshold_career_generated_general_earth	3k_main_ceo_career_generated_general_earth	1	0	1	1	false
3k_main_ceo_threshold_career_generated_general_fire	3k_main_ceo_career_generated_general_fire	1	0	1	1	false
3k_main_ceo_threshold_career_generated_general_metal	3k_main_ceo_career_generated_general_metal	1	0	1	1	false
3k_main_ceo_threshold_career_generated_general_wood	3k_main_ceo_career_generated_general_wood	1	0	1	1	false
3k_main_ceo_threshold_career_generated_governor_earth	3k_main_ceo_career_generated_governor_earth	1	0	1	1	false
3k_main_ceo_threshold_career_generated_governor_fire	3k_main_ceo_career_generated_governor_fire	1	0	1	1	false
3k_main_ceo_threshold_career_generated_governor_metal	3k_main_ceo_career_generated_governor_metal	1	0	1	1	false
3k_main_ceo_threshold_career_generated_governor_wood	3k_main_ceo_career_generated_governor_wood	1	0	1	1	false
3k_main_ceo_threshold_career_generated_minister_earth	3k_main_ceo_career_generated_minister_earth	1	0	1	1	false
3k_main_ceo_threshold_career_generated_minister_fire	3k_main_ceo_career_generated_minister_fire	1	0	1	1	false
3k_main_ceo_threshold_career_generated_minister_metal	3k_main_ceo_career_generated_minister_metal	1	0	1	1	false
3k_main_ceo_threshold_career_generated_minister_wood	3k_main_ceo_career_generated_minister_wood	1	0	1	1	false
3k_main_ceo_threshold_career_generated_villager_earth	3k_main_ceo_career_generated_villager_earth	1	0	1	1	false
3k_main_ceo_threshold_career_generated_villager_fire	3k_main_ceo_career_generated_villager_fire	1	0	1	1	false
3k_main_ceo_threshold_career_generated_villager_metal	3k_main_ceo_career_generated_villager_metal	1	0	1	1	false
3k_main_ceo_threshold_career_generated_villager_water	3k_main_ceo_career_generated_villager_water	1	0	1	1	false
3k_main_ceo_threshold_career_generated_villager_wood	3k_main_ceo_career_generated_villager_wood	1	0	1	1	false
3k_main_ceo_threshold_career_historical_cai_mao	3k_main_ceo_career_historical_cai_mao	1	0	1	1	false
3k_main_ceo_threshold_career_historical_cao_ang	3k_main_ceo_career_historical_cao_ang	1	0	1	1	false
3k_main_ceo_threshold_career_historical_cao_cao	3k_main_ceo_career_historical_cao_cao	1	0	1	1	false
3k_main_ceo_threshold_career_historical_cao_chun	3k_main_ceo_career_historical_cao_chun	1	0	1	1	false
3k_main_ceo_threshold_career_historical_cao_hong	3k_main_ceo_career_historical_cao_hong	1	0	1	1	false
3k_main_ceo_threshold_career_historical_cao_pi	3k_main_ceo_career_historical_cao_pi	1	0	1	1	false
3k_main_ceo_threshold_career_historical_cao_ren	3k_main_ceo_career_historical_cao_ren	1	0	1	1	false
3k_main_ceo_threshold_career_historical_cao_xiu	3k_main_ceo_career_historical_cao_xiu	1	0	1	1	false
3k_main_ceo_threshold_career_historical_cao_zhen	3k_main_ceo_career_historical_cao_zhen	1	0	1	1	false
3k_main_ceo_threshold_career_historical_chen_gong	3k_main_ceo_career_historical_chen_gong	1	0	1	1	false
3k_main_ceo_threshold_career_historical_cheng_pu	3k_main_ceo_career_historical_cheng_pu	1	0	1	1	false
3k_main_ceo_threshold_career_historical_deng_sheng	3k_main_ceo_career_historical_deng_sheng	1	0	1	1	false
3k_main_ceo_threshold_career_historical_dian_wei	3k_main_ceo_career_historical_dian_wei	1	0	1	1	false
3k_main_ceo_threshold_career_historical_dong_zhuo	3k_main_ceo_career_historical_dong_zhuo	1	0	1	1	false
3k_main_ceo_threshold_career_historical_fa_zheng	3k_main_ceo_career_historical_fa_zheng	1	0	1	1	false
3k_main_ceo_threshold_career_historical_gan_ning	3k_main_ceo_career_historical_gan_ning	1	0	1	1	false
3k_main_ceo_threshold_career_historical_gao_gan	3k_main_ceo_career_historical_gao_gan	1	0	1	1	false
3k_main_ceo_threshold_career_historical_gong_du	3k_ytr_ceo_career_historical_gong_du	1	0	1	1	false
3k_main_ceo_threshold_career_historical_gongsun_du	3k_main_ceo_career_historical_gongsun_du	1	0	1	1	false
3k_main_ceo_threshold_career_historical_gongsun_zan	3k_main_ceo_career_historical_gongsun_zan	1	0	1	1	false
3k_main_ceo_threshold_career_historical_guan_jing	3k_main_ceo_career_historical_guan_jing	1	0	1	1	false
3k_main_ceo_threshold_career_historical_guan_yu	3k_main_ceo_career_historical_guan_yu	1	0	1	1	false
3k_main_ceo_threshold_career_historical_guo_jia	3k_main_ceo_career_historical_guo_jia	1	0	1	1	false
3k_main_ceo_threshold_career_historical_guo_yuan	3k_main_ceo_career_historical_guo_yuan	1	0	1	1	false
3k_main_ceo_threshold_career_historical_han_fu	3k_main_ceo_career_historical_han_fu	1	0	1	1	false
3k_main_ceo_threshold_career_historical_han_sui	3k_main_ceo_career_historical_han_sui	1	0	1	1	false
3k_main_ceo_threshold_career_historical_he_man	3k_ytr_ceo_career_historical_he_man	1	0	1	1	false
3k_main_ceo_threshold_career_historical_he_yi	3k_ytr_ceo_career_historical_he_yi	1	0	1	1	false
3k_main_ceo_threshold_career_historical_hua_xiong	3k_main_ceo_career_historical_hua_xiong	1	0	1	1	false
3k_main_ceo_threshold_career_historical_huang_gai	3k_main_ceo_career_historical_huang_gai	1	0	1	1	false
3k_main_ceo_threshold_career_historical_huang_shao	3k_ytr_ceo_career_historical_huang_shao	1	0	1	1	false
3k_main_ceo_threshold_career_historical_huang_zhong	3k_main_ceo_career_historical_huang_zhong	1	0	1	1	false
3k_main_ceo_threshold_career_historical_huang_zu	3k_main_ceo_career_historical_huang_zu	1	0	1	1	false
3k_main_ceo_threshold_career_historical_huangfu_song	3k_main_ceo_career_historical_huangfu_song	1	0	1	1	false
3k_main_ceo_threshold_career_historical_jia_long	3k_main_ceo_career_historical_jia_long	1	0	1	1	false
3k_main_ceo_threshold_career_historical_jia_xu	3k_main_ceo_career_historical_jia_xu	1	0	1	1	false
3k_main_ceo_threshold_career_historical_jiang_wei	3k_main_ceo_career_historical_jiang_wei	1	0	1	1	false
3k_main_ceo_threshold_career_historical_kong_rong	3k_main_ceo_career_historical_kong_rong	1	0	1	1	false
3k_main_ceo_threshold_career_historical_kong_zhou	3k_main_ceo_career_historical_kong_zhou	1	0	1	1	false
3k_main_ceo_threshold_career_historical_lady_sun	3k_main_ceo_career_historical_lady_sun	1	0	1	1	false
3k_main_ceo_threshold_career_historical_lady_zhen	3k_main_ceo_career_historical_lady_zhen	1	0	1	1	false
3k_main_ceo_threshold_career_historical_li_ru	3k_main_ceo_career_historical_li_ru	1	0	1	1	false
3k_main_ceo_threshold_career_historical_ling_tong	3k_main_ceo_career_historical_ling_tong	1	0	1	1	false
3k_main_ceo_threshold_career_historical_liu_bei	3k_main_ceo_career_historical_liu_bei	1	0	1	1	false
3k_main_ceo_threshold_career_historical_liu_biao	3k_main_ceo_career_historical_liu_biao	1	0	1	1	false
3k_main_ceo_threshold_career_historical_liu_dai	3k_main_ceo_career_historical_liu_dai	1	0	1	1	false
3k_main_ceo_threshold_career_historical_liu_xie	3k_main_ceo_career_historical_liu_xie	1	0	1	2	false
3k_main_ceo_threshold_career_historical_liu_yan	3k_main_ceo_career_historical_liu_yan	1	0	1	1	false
3k_main_ceo_threshold_career_historical_liu_yao	3k_main_ceo_career_historical_liu_yao	1	0	1	1	false
3k_main_ceo_threshold_career_historical_liu_yu	3k_main_ceo_career_historical_liu_yu	1	0	1	1	false
3k_main_ceo_threshold_career_historical_liu_zhang	3k_main_ceo_career_historical_liu_zhang	1	0	1	1	false
3k_main_ceo_threshold_career_historical_lu_bu	3k_main_ceo_career_historical_lu_bu	1	0	1	1	false
3k_main_ceo_threshold_career_historical_lu_fan	3k_main_ceo_career_historical_lu_fan	1	0	1	1	false
3k_main_ceo_threshold_career_historical_lu_meng	3k_main_ceo_career_historical_lu_meng	1	0	1	1	false
3k_main_ceo_threshold_career_historical_lu_su	3k_main_ceo_career_historical_lu_su	1	0	1	1	false
3k_main_ceo_threshold_career_historical_lu_xun	3k_main_ceo_career_historical_lu_xun	1	0	1	1	false
3k_main_ceo_threshold_career_historical_ma_chao	3k_main_ceo_career_historical_ma_chao	1	0	1	1	false
3k_main_ceo_threshold_career_historical_ma_dai	3k_main_ceo_career_historical_ma_dai	1	0	1	1	false
3k_main_ceo_threshold_career_historical_ma_teng	3k_main_ceo_career_historical_ma_teng	1	0	1	1	false
3k_main_ceo_threshold_career_historical_mi_zhu	3k_main_ceo_career_historical_mi_zhu	1	0	1	1	false
3k_main_ceo_threshold_career_historical_pang_de	3k_main_ceo_career_historical_pang_de	1	0	1	1	false
3k_main_ceo_threshold_career_historical_pang_tong	3k_main_ceo_career_historical_pang_tong	1	0	1	1	false
3k_main_ceo_threshold_career_historical_pei_yuanshao	3k_ytr_ceo_career_historical_pei_yuanshao	1	0	1	1	false
3k_main_ceo_threshold_career_historical_sheng_xian	3k_main_ceo_career_historical_sheng_xian	1	0	1	1	false
3k_main_ceo_threshold_career_historical_shi_xie	3k_main_ceo_career_historical_shi_xie	1	0	1	1	false
3k_main_ceo_threshold_career_historical_sima_yi	3k_main_ceo_career_historical_sima_yi	1	0	1	1	false
3k_main_ceo_threshold_career_historical_sun_ce	3k_main_ceo_career_historical_sun_ce	1	0	1	1	false
3k_main_ceo_threshold_career_historical_sun_jian	3k_main_ceo_career_historical_sun_jian	1	0	1	1	false
3k_main_ceo_threshold_career_historical_sun_qian	3k_main_ceo_career_historical_sun_qian	1	0	1	1	false
3k_main_ceo_threshold_career_historical_sun_quan	3k_main_ceo_career_historical_sun_quan	1	0	1	1	false
3k_main_ceo_threshold_career_historical_taishi_ci	3k_main_ceo_career_historical_taishi_ci	1	0	1	1	false
3k_main_ceo_threshold_career_historical_tao_qian	3k_main_ceo_career_historical_tao_qian	1	0	1	1	false
3k_main_ceo_threshold_career_historical_wang_bao	ep_ceo_career_historical_wang_bao	1	0	1	1	false
3k_main_ceo_threshold_career_historical_wang_kuang	3k_main_ceo_career_historical_wang_kuang	1	0	1	1	false
3k_main_ceo_threshold_career_historical_wang_lang	3k_main_ceo_career_historical_wang_lang	1	0	1	1	false
3k_main_ceo_threshold_career_historical_wang_xiu	3k_main_ceo_career_historical_wang_xiu	1	0	1	1	false
3k_main_ceo_threshold_career_historical_wei_yan	3k_main_ceo_career_historical_wei_yan	1	0	1	1	false
3k_main_ceo_threshold_career_historical_wen_chou	3k_main_ceo_career_historical_wen_chou	1	0	1	1	false
3k_main_ceo_threshold_career_historical_xia_zhao	3k_main_ceo_career_historical_xia_zhao	1	0	1	1	false
3k_main_ceo_threshold_career_historical_xiahou_dun	3k_main_ceo_career_historical_xiahou_dun	1	0	1	1	false
3k_main_ceo_threshold_career_historical_xiahou_dun_blinded	3k_main_ceo_career_historical_xiahou_dun_blinded	1	0	1	1	false
3k_main_ceo_threshold_career_historical_xiahou_yuan	3k_main_ceo_career_historical_xiahou_yuan	1	0	1	1	false
3k_main_ceo_threshold_career_historical_xu_chu	3k_main_ceo_career_historical_xu_chu	1	0	1	1	false
3k_main_ceo_threshold_career_historical_xu_huang	3k_main_ceo_career_historical_xu_huang	1	0	1	1	false
3k_main_ceo_threshold_career_historical_xu_shu	3k_main_ceo_career_historical_xu_shu	1	0	1	1	false
3k_main_ceo_threshold_career_historical_xun_you	3k_main_ceo_career_historical_xun_you	1	0	1	1	false
3k_main_ceo_threshold_career_historical_xun_yu	3k_main_ceo_career_historical_xun_yu	1	0	1	1	false
3k_main_ceo_threshold_career_historical_yan_liang	3k_main_ceo_career_historical_yan_liang	1	0	1	1	false
3k_main_ceo_threshold_career_historical_yu_jin	3k_main_ceo_career_historical_yu_jin	1	0	1	1	false
3k_main_ceo_threshold_career_historical_yuan_shang	3k_main_ceo_career_historical_yuan_shang	1	0	1	1	false
3k_main_ceo_threshold_career_historical_yuan_shao	3k_main_ceo_career_historical_yuan_shao	1	0	1	1	false
3k_main_ceo_threshold_career_historical_yuan_shu	3k_main_ceo_career_historical_yuan_shu	1	0	1	1	false
3k_main_ceo_threshold_career_historical_yue_jin	3k_main_ceo_career_historical_yue_jin	1	0	1	1	false
3k_main_ceo_threshold_career_historical_zhang_chao	3k_main_ceo_career_historical_zhang_chao	1	0	1	1	false
3k_main_ceo_threshold_career_historical_zhang_fei	3k_main_ceo_career_historical_zhang_fei	1	0	1	1	false
3k_main_ceo_threshold_career_historical_zhang_he	3k_main_ceo_career_historical_zhang_he	1	0	1	1	false
3k_main_ceo_threshold_career_historical_zhang_kai	3k_ytr_ceo_career_historical_zhang_kai	1	0	1	1	false
3k_main_ceo_threshold_career_historical_zhang_liao	3k_main_ceo_career_historical_zhang_liao	1	0	1	1	false
3k_main_ceo_threshold_career_historical_zhang_lu	3k_main_ceo_career_historical_zhang_lu	1	0	1	1	false
3k_main_ceo_threshold_career_historical_zhang_yan	3k_main_ceo_career_historical_zhang_yan	1	0	1	1	false
3k_main_ceo_threshold_career_historical_zhang_yang	3k_main_ceo_career_historical_zhang_yang	1	0	1	1	false
3k_main_ceo_threshold_career_historical_zhao_yun	3k_main_ceo_career_historical_zhao_yun	1	0	1	1	false
3k_main_ceo_threshold_career_historical_zheng_jiang	3k_main_ceo_career_historical_zheng_jiang	1	0	1	1	false
3k_main_ceo_threshold_career_historical_zhou_tai	3k_main_ceo_career_historical_zhou_tai	1	0	1	1	false
3k_main_ceo_threshold_career_historical_zhou_yu	3k_main_ceo_career_historical_zhou_yu	1	0	1	1	false
3k_main_ceo_threshold_career_historical_zhuge_jin	3k_main_ceo_career_historical_zhuge_jin	1	0	1	1	false
3k_main_ceo_threshold_career_historical_zhuge_liang	3k_main_ceo_career_historical_zhuge_liang	1	0	1	1	false
3k_main_ceo_threshold_career_historical_zuozhi_zhulan	3k_main_ceo_career_historical_zuozhi_zhulan	1	0	1	1	false
3k_main_ceo_threshold_class_earth	3k_main_ceo_class_earth	1	0	1	1	false
3k_main_ceo_threshold_class_fire	3k_main_ceo_class_fire	1	0	1	1	false
3k_main_ceo_threshold_class_metal	3k_main_ceo_class_metal	1	0	1	1	false
3k_main_ceo_threshold_class_transitive	3k_main_ceo_class_transitive	1	0	1	1	false
3k_main_ceo_threshold_class_water	3k_main_ceo_class_water	1	0	1	1	false
3k_main_ceo_threshold_class_wood	3k_main_ceo_class_wood	1	0	1	1	false
3k_main_ceo_threshold_historical_cao_biao	3k_main_ceo_career_historical_cao_biao	1	0	1	1	false
3k_main_ceo_threshold_historical_cao_jie	3k_main_ceo_career_historical_cao_jie	1	0	1	1	false
3k_main_ceo_threshold_historical_cao_rui	3k_main_ceo_career_historical_cao_rui	1	0	1	1	false
3k_main_ceo_threshold_historical_cao_shuang	3k_main_ceo_career_historical_cao_shuang	1	0	1	1	false
3k_main_ceo_threshold_historical_cao_xi	3k_main_ceo_career_historical_cao_xi	1	0	1	1	false
3k_main_ceo_threshold_historical_cao_zhang	3k_main_ceo_career_historical_cao_zhang	1	0	1	1	false
3k_main_ceo_threshold_historical_cao_zhi	3k_main_ceo_career_historical_cao_zhi	1	0	1	1	false
3k_main_ceo_threshold_liu_bei_unity_achieve_liu_bei_duel	3k_main_ceo_liu_bei_unity_achieve_liu_bei_duel	1	0	1	11	false
3k_main_ceo_threshold_liu_bei_unity_achieve_liu_bei_settlement	3k_main_ceo_liu_bei_unity_achieve_liu_bei_settlement	1	0	1	11	false
3k_main_ceo_threshold_liu_bei_unity_defeat_cao_cao	3k_main_ceo_liu_bei_unity_defeat_cao_cao	1	0	1	2	false
3k_main_ceo_threshold_liu_bei_unity_defeat_lu_bu	3k_main_ceo_liu_bei_unity_defeat_lu_bu	1	0	1	2	false
3k_main_ceo_threshold_liu_bei_unity_recruit_high_level_gongsun_zan	3k_main_ceo_liu_bei_unity_recruit_high_level_gongsun_zan	1	0	1	2	false
3k_main_ceo_threshold_liu_bei_unity_recruit_high_level_guan_yu	3k_main_ceo_liu_bei_unity_recruit_high_level_guan_yu	1	0	1	2	false
3k_main_ceo_threshold_liu_bei_unity_recruit_high_level_huang_zhong	3k_main_ceo_liu_bei_unity_recruit_high_level_huang_zhong	1	0	1	2	false
3k_main_ceo_threshold_liu_bei_unity_recruit_high_level_lady_mi	3k_main_ceo_liu_bei_unity_recruit_high_level_lady_mi	1	0	1	2	false
3k_main_ceo_threshold_liu_bei_unity_recruit_high_level_lady_sun	3k_main_ceo_liu_bei_unity_recruit_high_level_lady_sun	1	0	1	2	false
3k_main_ceo_threshold_liu_bei_unity_recruit_high_level_liu_bei	3k_main_ceo_liu_bei_unity_recruit_high_level_liu_bei	1	0	1	2	false
3k_main_ceo_threshold_liu_bei_unity_recruit_high_level_lu_zhi	3k_main_ceo_liu_bei_unity_recruit_high_level_lu_zhi	1	0	1	2	false
3k_main_ceo_threshold_liu_bei_unity_recruit_high_level_ma_chao	3k_main_ceo_liu_bei_unity_recruit_high_level_ma_chao	1	0	1	2	false
3k_main_ceo_threshold_liu_bei_unity_recruit_high_level_pang_tong	3k_main_ceo_liu_bei_unity_recruit_high_level_pang_tong	1	0	1	2	false
3k_main_ceo_threshold_liu_bei_unity_recruit_high_level_wei_yan	3k_main_ceo_liu_bei_unity_recruit_high_level_wei_yan	1	0	1	2	false
3k_main_ceo_threshold_liu_bei_unity_recruit_high_level_zhang_fei	3k_main_ceo_liu_bei_unity_recruit_high_level_zhang_fei	1	0	1	2	false
3k_main_ceo_threshold_liu_bei_unity_recruit_high_level_zhao_yun	3k_main_ceo_liu_bei_unity_recruit_high_level_zhao_yun	1	0	1	2	false
3k_main_ceo_threshold_liu_bei_unity_recruit_high_level_zhuge_liang	3k_main_ceo_liu_bei_unity_recruit_high_level_zhuge_liang	1	0	1	2	false
3k_main_ceo_threshold_liu_bei_unity_secure_ba_capital	3k_main_ceo_liu_bei_unity_secure_ba_capital	1	0	1	2	false
3k_main_ceo_threshold_liu_bei_unity_secure_ba_farm	3k_main_ceo_liu_bei_unity_secure_ba_farm	1	0	1	2	false
3k_main_ceo_threshold_liu_bei_unity_secure_badong_capital	3k_main_ceo_liu_bei_unity_secure_badong_capital	1	0	1	2	false
3k_main_ceo_threshold_liu_bei_unity_secure_badong_iron_mine	3k_main_ceo_liu_bei_unity_secure_badong_iron_mine	1	0	1	2	false
3k_main_ceo_threshold_liu_bei_unity_secure_badong_lumber_yard	3k_main_ceo_liu_bei_unity_secure_badong_lumber_yard	1	0	1	2	false
3k_main_ceo_threshold_liu_bei_unity_secure_baxi_capital	3k_main_ceo_liu_bei_unity_secure_baxi_capital	1	0	1	2	false
3k_main_ceo_threshold_liu_bei_unity_secure_baxi_farm	3k_main_ceo_liu_bei_unity_secure_baxi_farm	1	0	1	2	false
3k_main_ceo_threshold_liu_bei_unity_secure_baxi_tool_maker	3k_main_ceo_liu_bei_unity_secure_baxi_tool_maker	1	0	1	2	false
3k_main_ceo_threshold_liu_bei_unity_secure_donghai_capital	3k_main_ceo_liu_bei_unity_secure_donghai_capital	1	0	1	2	false
3k_main_ceo_threshold_liu_bei_unity_secure_donghai_fishing_port	3k_main_ceo_liu_bei_unity_secure_donghai_fishing_port	1	0	1	2	false
3k_main_ceo_threshold_liu_bei_unity_secure_guangling_capital	3k_main_ceo_liu_bei_unity_secure_guangling_capital	1	0	1	2	false
3k_main_ceo_threshold_liu_bei_unity_secure_guangling_farm	3k_main_ceo_liu_bei_unity_secure_guangling_farm	1	0	1	2	false
3k_main_ceo_threshold_liu_bei_unity_secure_guangling_trade_port	3k_main_ceo_liu_bei_unity_secure_guangling_trade_port	1	0	1	2	false
3k_main_ceo_threshold_liu_bei_unity_secure_jiangxia_capital	3k_main_ceo_liu_bei_unity_secure_jiangxia_capital	1	0	1	2	false
3k_main_ceo_threshold_liu_bei_unity_secure_jiangxia_farm	3k_main_ceo_liu_bei_unity_secure_jiangxia_farm	1	0	1	2	false
3k_main_ceo_threshold_liu_bei_unity_secure_jingzhao_capital	3k_main_ceo_liu_bei_unity_secure_jingzhao_capital	1	0	1	2	false
3k_main_ceo_threshold_liu_bei_unity_secure_jingzhao_jade_mine	3k_main_ceo_liu_bei_unity_secure_jingzhao_jade_mine	1	0	1	2	false
3k_main_ceo_threshold_liu_bei_unity_secure_langye_capital	3k_main_ceo_liu_bei_unity_secure_langye_capital	1	0	1	2	false
3k_main_ceo_threshold_liu_bei_unity_secure_langye_fishing_port	3k_main_ceo_liu_bei_unity_secure_langye_fishing_port	1	0	1	2	false
3k_main_ceo_threshold_liu_bei_unity_secure_langye_lumber_yard	3k_main_ceo_liu_bei_unity_secure_langye_lumber_yard	1	0	1	2	false
3k_main_ceo_threshold_liu_bei_unity_secure_luoyang_capital	3k_main_ceo_liu_bei_unity_secure_luoyang_capital	1	0	1	2	false
3k_main_ceo_threshold_liu_bei_unity_secure_luoyang_trade_port	3k_main_ceo_liu_bei_unity_secure_luoyang_trade_port	1	0	1	2	false
3k_main_ceo_threshold_liu_bei_unity_secure_nan_capital	3k_main_ceo_liu_bei_unity_secure_nan_capital	1	0	1	2	false
3k_main_ceo_threshold_liu_bei_unity_secure_nan_livestock	3k_main_ceo_liu_bei_unity_secure_nan_livestock	1	0	1	2	false
3k_main_ceo_threshold_liu_bei_unity_secure_pengcheng_capital	3k_main_ceo_liu_bei_unity_secure_pengcheng_capital	1	0	1	2	false
3k_main_ceo_threshold_liu_bei_unity_secure_pengcheng_temple	3k_main_ceo_liu_bei_unity_secure_pengcheng_temple	1	0	1	2	false
3k_main_ceo_threshold_liu_bei_unity_secure_shu_armour_craftsmen	3k_main_ceo_liu_bei_unity_secure_shu_armour_craftsmen	1	0	1	2	false
3k_main_ceo_threshold_liu_bei_unity_secure_shu_capital	3k_main_ceo_liu_bei_unity_secure_shu_capital	1	0	1	2	false
3k_main_ceo_threshold_liu_bei_unity_secure_shu_farm	3k_main_ceo_liu_bei_unity_secure_shu_farm	1	0	1	2	false
3k_main_ceo_threshold_liu_bei_unity_secure_shu_salt_mine	3k_main_ceo_liu_bei_unity_secure_shu_salt_mine	1	0	1	2	false
3k_main_ceo_threshold_liu_bei_unity_secure_xiangyang_capital	3k_main_ceo_liu_bei_unity_secure_xiangyang_capital	1	0	1	2	false
3k_main_ceo_threshold_liu_bei_unity_secure_xiangyang_tool_maker	3k_main_ceo_liu_bei_unity_secure_xiangyang_tool_maker	1	0	1	2	false
3k_main_ceo_threshold_liu_bei_unity_secure_xiapi_capital	3k_main_ceo_liu_bei_unity_secure_xiapi_capital	1	0	1	2	false
3k_main_ceo_threshold_liu_bei_unity_secure_xiapi_farm	3k_main_ceo_liu_bei_unity_secure_xiapi_farm	1	0	1	2	false
3k_main_ceo_threshold_liu_yu_han_capital_changan	3k_main_ceo_liu_yu_han_capital_changan	1	0	1	2	false
3k_main_ceo_threshold_liu_yu_han_capital_luoyang	3k_main_ceo_liu_yu_han_capital_luoyang	1	0	1	2	false
3k_main_ceo_threshold_liu_yu_han_capital_penchang	3k_main_ceo_liu_yu_han_capital_penchang	1	0	1	2	false
3k_main_ceo_threshold_liu_yu_han_capital_weijun	3k_main_ceo_liu_yu_han_capital_weijun	1	0	1	2	false
3k_main_ceo_threshold_liu_yu_han_capital_yingchuan	3k_main_ceo_liu_yu_han_capital_yingchuan	1	0	1	2	false
3k_main_ceo_threshold_liu_yu_han_character_liu_he	3k_main_ceo_liu_yu_han_character_liu_he	1	0	1	2	false
3k_main_ceo_threshold_liu_yu_han_character_liu_xie	3k_main_ceo_liu_yu_han_character_liu_xie	1	0	1	2	false
3k_main_ceo_threshold_liu_yu_han_character_liu_yu	3k_main_ceo_liu_yu_han_character_liu_yu	1	0	1	2	false
3k_main_ceo_threshold_liu_yu_han_character_tian_chou	3k_main_ceo_liu_yu_han_character_tian_chou	1	0	1	2	false
3k_main_ceo_threshold_liu_yu_han_character_wei_you	3k_main_ceo_liu_yu_han_character_wei_you	1	0	1	2	false
3k_main_ceo_threshold_liu_yu_han_character_xianyu_fu	3k_main_ceo_liu_yu_han_character_xianyu_fu	1	0	1	2	false
3k_main_ceo_threshold_liu_yu_han_character_xianyu_yin	3k_main_ceo_liu_yu_han_character_xianyu_yin	1	0	1	2	false
3k_main_ceo_threshold_liu_yu_tribal_character_huchuquan	3k_main_ceo_liu_yu_tribal_character_huchuquan	1	0	1	2	false
3k_main_ceo_threshold_liu_yu_tribal_character_liu_bao	3k_main_ceo_liu_yu_tribal_character_liu_bao	1	0	1	2	false
3k_main_ceo_threshold_liu_yu_tribal_character_qubei	3k_main_ceo_liu_yu_tribal_character_qubei	1	0	1	2	false
3k_main_ceo_threshold_liu_yu_tribal_character_recruit_nanlou	3k_main_ceo_liu_yu_tribal_character_recruit_nanlou	1	0	1	2	false
3k_main_ceo_threshold_liu_yu_tribal_character_recruit_qiulijiu	3k_main_ceo_liu_yu_tribal_character_recruit_qiulijiu	1	0	1	2	false
3k_main_ceo_threshold_liu_yu_tribal_character_recruit_supuyuan	3k_main_ceo_liu_yu_tribal_character_recruit_supuyuan	1	0	1	2	false
3k_main_ceo_threshold_liu_yu_tribal_character_recruit_tadun	3k_main_ceo_liu_yu_tribal_character_recruit_tadun	1	0	1	2	false
3k_main_ceo_threshold_liu_yu_tribal_character_recruit_wuyan	3k_main_ceo_liu_yu_tribal_character_recruit_wuyan	1	0	1	2	false
3k_main_ceo_threshold_liu_yu_tribal_character_yufuluo	3k_main_ceo_liu_yu_tribal_character_yufuluo	1	0	1	2	false
3k_main_ceo_threshold_liu_yu_tribal_region_guangyuan_iron	3k_main_ceo_liu_yu_tribal_region_guangyuan_iron	1	0	1	2	false
3k_main_ceo_threshold_liu_yu_tribal_region_liaoxi_capital	3k_main_ceo_liu_yu_tribal_region_liaoxi_capital	1	0	1	2	false
3k_main_ceo_threshold_liu_yu_tribal_region_liaoxi_tool	3k_main_ceo_liu_yu_tribal_region_liaoxi_tool	1	0	1	2	false
3k_main_ceo_threshold_liu_yu_tribal_region_shuofang_captial	3k_main_ceo_liu_yu_tribal_region_shuofang_captial	1	0	1	2	false
3k_main_ceo_threshold_liu_yu_tribal_region_shuofang_horse_tamer	3k_main_ceo_liu_yu_tribal_region_shuofang_horse_tamer	1	0	1	2	false
3k_main_ceo_threshold_liu_yu_tribal_region_shuofang_horses	3k_main_ceo_liu_yu_tribal_region_shuofang_horses	1	0	1	2	false
3k_main_ceo_threshold_liu_yu_tribal_region_xihe_capital	3k_main_ceo_liu_yu_tribal_region_xihe_capital	1	0	1	2	false
3k_main_ceo_threshold_liu_yu_tribal_region_xihe_fishing_port	3k_main_ceo_liu_yu_tribal_region_xihe_fishing_port	1	0	1	2	false
3k_main_ceo_threshold_liu_yu_tribal_region_youbeiping_capital	3k_main_ceo_liu_yu_tribal_region_youbeiping_capital	1	0	1	2	false
3k_main_ceo_threshold_liu_yu_tribal_region_youbeiping_trade_port	3k_main_ceo_liu_yu_tribal_region_youbeiping_trade_port	1	0	1	2	false
3k_main_ceo_threshold_potential_legendary_early	3k_main_ceo_potential_legendary_early	1	0	1	3	false
3k_main_ceo_threshold_potential_legendary_late	3k_main_ceo_potential_legendary_late	1	0	1	1	false
3k_main_ceo_threshold_potential_legendary_middle	3k_main_ceo_potential_legendary_middle	1	0	1	1	false
3k_main_ceo_threshold_trait_personality_aescetic	3k_main_ceo_trait_personality_aescetic	1	0	1	1	false
3k_main_ceo_threshold_trait_personality_ambitious	3k_main_ceo_trait_personality_ambitious	1	0	1	1	false
3k_main_ceo_threshold_trait_personality_arrogant	3k_main_ceo_trait_personality_arrogant	1	0	1	1	false
3k_main_ceo_threshold_trait_personality_artful	3k_main_ceo_trait_personality_artful	1	0	1	1	false
3k_main_ceo_threshold_trait_personality_brave	3k_main_ceo_trait_personality_brave	1	0	1	1	false
3k_main_ceo_threshold_trait_personality_brilliant	3k_main_ceo_trait_personality_brilliant	1	0	1	1	false
3k_main_ceo_threshold_trait_personality_careless	3k_main_ceo_trait_personality_careless	1	0	1	1	false
3k_main_ceo_threshold_trait_personality_cautious	3k_main_ceo_trait_personality_cautious	1	0	1	1	false
3k_main_ceo_threshold_trait_personality_charismatic	3k_main_ceo_trait_personality_charismatic	1	0	1	1	false
3k_main_ceo_threshold_trait_personality_charitable	3k_main_ceo_trait_personality_charitable	1	0	1	1	false
3k_main_ceo_threshold_trait_personality_clever	3k_main_ceo_trait_personality_clever	1	0	1	1	false
3k_main_ceo_threshold_trait_personality_competative	3k_main_ceo_trait_personality_competative	1	0	1	1	false
3k_main_ceo_threshold_trait_personality_cowardly	3k_main_ceo_trait_personality_cowardly	1	0	1	1	false
3k_main_ceo_threshold_trait_personality_cruel	3k_main_ceo_trait_personality_cruel	1	0	1	1	false
3k_main_ceo_threshold_trait_personality_cunning	3k_main_ceo_trait_personality_cunning	1	0	1	1	false
3k_main_ceo_threshold_trait_personality_deceitful	3k_main_ceo_trait_personality_deceitful	1	0	1	1	false
3k_main_ceo_threshold_trait_personality_defiant	3k_main_ceo_trait_personality_defiant	1	0	1	1	false
3k_main_ceo_threshold_trait_personality_determined	3k_main_ceo_trait_personality_determined	1	0	1	1	false
3k_main_ceo_threshold_trait_personality_direct	3k_main_ceo_trait_personality_direct	1	0	1	1	false
3k_main_ceo_threshold_trait_personality_disciplined	3k_main_ceo_trait_personality_disciplined	1	0	1	1	false
3k_main_ceo_threshold_trait_personality_disloyal	3k_main_ceo_trait_personality_disloyal	1	0	1	1	false
3k_main_ceo_threshold_trait_personality_distinguished	3k_main_ceo_trait_personality_distinguished	1	0	1	1	false
3k_main_ceo_threshold_trait_personality_dutiful	3k_main_ceo_trait_personality_dutiful	1	0	1	1	false
3k_main_ceo_threshold_trait_personality_elusive	3k_main_ceo_trait_personality_elusive	1	0	1	1	false
3k_main_ceo_threshold_trait_personality_energetic	3k_main_ceo_trait_personality_energetic	1	0	1	1	false
3k_main_ceo_threshold_trait_personality_enigmatic	3k_main_ceo_trait_personality_enigmatic	1	0	1	1	false
3k_main_ceo_threshold_trait_personality_fiery	3k_main_ceo_trait_personality_fiery	1	0	1	1	false
3k_main_ceo_threshold_trait_personality_fraternal	3k_main_ceo_trait_personality_fraternal	1	0	1	1	false
3k_main_ceo_threshold_trait_personality_greedy	3k_main_ceo_trait_personality_greedy	1	0	1	1	false
3k_main_ceo_threshold_trait_personality_honourable	3k_main_ceo_trait_personality_honourable	1	0	1	1	false
3k_main_ceo_threshold_trait_personality_humble	3k_main_ceo_trait_personality_humble	1	0	1	1	false
3k_main_ceo_threshold_trait_personality_incompetent	3k_main_ceo_trait_personality_incompetent	1	0	1	1	false
3k_main_ceo_threshold_trait_personality_indecisive	3k_main_ceo_trait_personality_indecisive	1	0	1	1	false
3k_main_ceo_threshold_trait_personality_intimidating	3k_main_ceo_trait_personality_intimidating	1	0	1	1	false
3k_main_ceo_threshold_trait_personality_kind	3k_main_ceo_trait_personality_kind	1	0	1	1	false
3k_main_ceo_threshold_trait_personality_loyal	3k_main_ceo_trait_personality_loyal	1	0	1	1	false
3k_main_ceo_threshold_trait_personality_modest	3k_main_ceo_trait_personality_modest	1	0	1	1	false
3k_main_ceo_threshold_trait_personality_pacifist	3k_main_ceo_trait_personality_pacifist	1	0	1	1	false
3k_main_ceo_threshold_trait_personality_patient	3k_main_ceo_trait_personality_patient	1	0	1	1	false
3k_main_ceo_threshold_trait_personality_perceptive	3k_main_ceo_trait_personality_perceptive	1	0	1	1	false
3k_main_ceo_threshold_trait_personality_quiet	3k_main_ceo_trait_personality_quiet	1	0	1	1	false
3k_main_ceo_threshold_trait_personality_reckless	3k_main_ceo_trait_personality_reckless	1	0	1	1	false
3k_main_ceo_threshold_trait_personality_resourceful	3k_main_ceo_trait_personality_resourceful	1	0	1	1	false
3k_main_ceo_threshold_trait_personality_scholarly	3k_main_ceo_trait_personality_scholarly	1	0	1	1	false
3k_main_ceo_threshold_trait_personality_sincere	3k_main_ceo_trait_personality_sincere	1	0	1	1	false
3k_main_ceo_threshold_trait_personality_solitary	3k_main_ceo_trait_personality_solitary	1	0	1	1	false
3k_main_ceo_threshold_trait_personality_stubborn	3k_main_ceo_trait_personality_stubborn	1	0	1	1	false
3k_main_ceo_threshold_trait_personality_superstitious	3k_main_ceo_trait_personality_superstitious	1	0	1	1	false
3k_main_ceo_threshold_trait_personality_suspicious	3k_main_ceo_trait_personality_suspicious	1	0	1	1	false
3k_main_ceo_threshold_trait_personality_trusting	3k_main_ceo_trait_personality_trusting	1	0	1	1	false
3k_main_ceo_threshold_trait_personality_unobservant	3k_main_ceo_trait_personality_unobservant	1	0	1	1	false
3k_main_ceo_threshold_trait_personality_vain	3k_main_ceo_trait_personality_vain	1	0	1	1	false
3k_main_ceo_threshold_trait_personality_vengeful	3k_main_ceo_trait_personality_vengeful	1	0	1	1	false
3k_main_ceo_threshold_trait_physical_agile	3k_main_ceo_trait_physical_agile	1	0	1	1	false
3k_main_ceo_threshold_trait_physical_beautiful	3k_main_ceo_trait_physical_beautiful	1	0	1	1	false
3k_main_ceo_threshold_trait_physical_clumsy	3k_main_ceo_trait_physical_clumsy	1	0	1	1	false
3k_main_ceo_threshold_trait_physical_coordinated	3k_main_ceo_trait_physical_coordinated	1	0	1	1	false
3k_main_ceo_threshold_trait_physical_decrepit	3k_main_ceo_trait_physical_decrepit	1	0	1	1	false
3k_main_ceo_threshold_trait_physical_drunk	3k_main_ceo_trait_physical_drunk	1	0	1	1	false
3k_main_ceo_threshold_trait_physical_eunuch	3k_main_ceo_trait_physical_eunuch	1	0	1	1	false
3k_main_ceo_threshold_trait_physical_fat	3k_main_ceo_trait_physical_fat	1	0	1	1	false
3k_main_ceo_threshold_trait_physical_fertile	3k_main_ceo_trait_physical_fertile	1	0	1	1	false
3k_main_ceo_threshold_trait_physical_graceful	3k_main_ceo_trait_physical_graceful	1	0	1	1	false
3k_main_ceo_threshold_trait_physical_handsome	3k_main_ceo_trait_physical_handsome	1	0	1	1	false
3k_main_ceo_threshold_trait_physical_healthy	3k_main_ceo_trait_physical_healthy	1	0	1	1	false
3k_main_ceo_threshold_trait_physical_ill	3k_main_ceo_trait_physical_ill	1	0	1	10	false
3k_main_ceo_threshold_trait_physical_infertile	3k_main_ceo_trait_physical_infertile	1	0	1	1	false
3k_main_ceo_threshold_trait_physical_lovestruck	3k_main_ceo_trait_physical_lovestruck	1	0	1	1	false
3k_main_ceo_threshold_trait_physical_lumbering	3k_main_ceo_trait_physical_lumbering	1	0	1	1	false
3k_main_ceo_threshold_trait_physical_mad	3k_main_ceo_trait_physical_mad	1	0	1	10	false
3k_main_ceo_threshold_trait_physical_maimed_arm	3k_main_ceo_trait_physical_maimed_arm	1	0	1	1	false
3k_main_ceo_threshold_trait_physical_maimed_leg	3k_main_ceo_trait_physical_maimed_leg	1	0	1	1	false
3k_main_ceo_threshold_trait_physical_one-eyed	3k_main_ceo_trait_physical_one-eyed	1	0	1	1	false
3k_main_ceo_threshold_trait_physical_poxxed	3k_main_ceo_trait_physical_poxxed	1	0	1	1	false
3k_main_ceo_threshold_trait_physical_scarred	3k_main_ceo_trait_physical_scarred	1	0	1	1	false
3k_main_ceo_threshold_trait_physical_shu_tiger_general	3k_main_ceo_trait_physical_shu_tiger_general	1	0	1	1	false
3k_main_ceo_threshold_trait_physical_sickly	3k_main_ceo_trait_physical_sickly	1	0	1	10	false
3k_main_ceo_threshold_trait_physical_strong	3k_main_ceo_trait_physical_strong	1	0	1	1	false
3k_main_ceo_threshold_trait_physical_sui_knight	3k_main_ceo_trait_physical_sui_knight	1	0	1	1	false
3k_main_ceo_threshold_trait_physical_tough	3k_main_ceo_trait_physical_tough	1	0	1	1	false
3k_main_ceo_threshold_trait_physical_weak	3k_main_ceo_trait_physical_weak	1	0	1	1	false
3k_main_ceo_threshold_trait_physical_wei_elite_general	3k_main_ceo_trait_physical_wei_elite_general	1	0	1	1	false
3k_main_ceo_threshold_wealth	3k_main_ceo_wealth	1	0	1	10	false
3k_main_threshold_ancillary_adept	3k_main_ancillary_follower_adept	1	0	1	1	false
3k_main_threshold_ancillary_archer_light_armour_water_extraordinary	3k_main_ancillary_armour_archer_light_armour_water_extraordinary	1	0	1	1	false
3k_main_threshold_ancillary_archer_light_armour_water_unique	3k_main_ancillary_armour_archer_light_armour_water_unique	1	0	1	1	false
3k_main_threshold_ancillary_architect	3k_main_ancillary_follower_architect	1	0	1	1	false
3k_main_threshold_ancillary_armour_cao_chuns_armour_unique	3k_main_ancillary_armour_cao_chuns_armour_unique	1	0	1	1	false
3k_main_threshold_ancillary_armour_cao_hongs_armour_unique	3k_main_ancillary_armour_cao_hongs_armour_unique	1	0	1	1	false
3k_main_threshold_ancillary_armour_cao_xius_armour_unique	3k_main_ancillary_armour_cao_xius_armour_unique	1	0	1	1	false
3k_main_threshold_ancillary_armour_cao_zhens_armour_unique	3k_main_ancillary_armour_cao_zhens_armour_unique	1	0	1	1	false
3k_main_threshold_ancillary_art_of_war	3k_main_ancillary_accessory_art_of_war	1	0	1	1	false
3k_main_threshold_ancillary_artisan	3k_main_ancillary_follower_artisan	1	0	1	1	false
3k_main_threshold_ancillary_astronomer	3k_main_ancillary_follower_astronomer	1	0	1	1	false
3k_main_threshold_ancillary_axes_of_the_bandit_queen	3k_main_ancillary_weapon_axes_of_the_bandit_queen	1	0	1	1	false
3k_main_threshold_ancillary_battle_axe_unique	3k_main_ancillary_weapon_cleaver_of_mountains_unique	1	0	1	1	false
3k_main_threshold_ancillary_black_elite	3k_main_ancillary_mount_black_elite	1	0	1	1	false
3k_main_threshold_ancillary_black_horse	3k_main_ancillary_mount_black_horse	1	0	1	1	false
3k_main_threshold_ancillary_black_stallion	3k_main_ancillary_mount_black_stallion	1	0	1	1	false
3k_main_threshold_ancillary_black_thoroughbred	3k_main_ancillary_mount_black_thoroughbred	1	0	1	1	false
3k_main_threshold_ancillary_blade_of_seven_gems	3k_main_ancillary_accessory_blade_of_seven_gems	1	0	1	1	false
3k_main_threshold_ancillary_blade_of_xiang_yu	3k_main_ancillary_weapon_blade_of_xiang_yu	1	0	1	1	false
3k_main_threshold_ancillary_bodyguard	3k_main_ancillary_follower_bodyguard	1	0	1	1	false
3k_main_threshold_ancillary_book_of_ceremonies	3k_main_ancillary_accessory_book_of_ceremonies	1	0	1	1	false
3k_main_threshold_ancillary_book_of_changes	3k_main_ancillary_accessory_book_of_changes	1	0	1	1	false
3k_main_threshold_ancillary_book_of_concealing_method	3k_main_ancillary_accessory_book_of_concealing_method	1	0	1	1	false
3k_main_threshold_ancillary_book_of_documents	3k_main_ancillary_accessory_book_of_documents	1	0	1	1	false
3k_main_threshold_ancillary_book_of_earth	3k_ytr_ancillary_accessory_book_of_earth	1	0	1	1	false
3k_main_threshold_ancillary_book_of_heaven	3k_ytr_ancillary_accessory_book_of_heaven	1	0	1	1	false
3k_main_threshold_ancillary_book_of_mountains_and_seas	3k_main_ancillary_accessory_book_of_mountains_and_seas	1	0	1	1	false
3k_main_threshold_ancillary_book_of_people	3k_ytr_ancillary_accessory_book_of_people	1	0	1	1	false
3k_main_threshold_ancillary_book_of_rites	3k_main_ancillary_accessory_book_of_rites	1	0	1	1	false
3k_main_threshold_ancillary_book_of_songs	3k_main_ancillary_accessory_book_of_songs	1	0	1	1	false
3k_main_threshold_ancillary_brown_elite	3k_main_ancillary_mount_brown_elite	1	0	1	1	false
3k_main_threshold_ancillary_brown_horse	3k_main_ancillary_mount_brown_horse	1	0	1	1	false
3k_main_threshold_ancillary_brown_stallion	3k_main_ancillary_mount_brown_stallion	1	0	1	1	false
3k_main_threshold_ancillary_brown_thoroughbred	3k_main_ancillary_mount_brown_thoroughbred	1	0	1	1	false
3k_main_threshold_ancillary_builder	3k_main_ancillary_follower_builder	1	0	1	1	false
3k_main_threshold_ancillary_cao_caos_armour_unique	3k_main_ancillary_armour_cao_caos_armour_unique	1	0	1	1	false
3k_main_threshold_ancillary_celestial_sphere	3k_main_ancillary_accessory_celestial_sphere	1	0	1	1	false
3k_main_threshold_ancillary_ceremonial_stone_axe	3k_main_ancillary_accessory_ceremonial_stone_axe	1	0	1	1	false
3k_main_threshold_ancillary_ceremonial_sword_exceptional	3k_main_ancillary_weapon_ceremonial_sword_exceptional	1	0	1	1	false
3k_main_threshold_ancillary_ceremonial_sword_refined	3k_main_ancillary_weapon_ceremonial_sword_refined	1	0	1	1	false
3k_main_threshold_ancillary_ceremonial_sword_unique	3k_main_ancillary_weapon_ceremonial_sword_unique	1	0	1	1	false
3k_main_threshold_ancillary_classic_of_filial_piety	3k_main_ancillary_accessory_classic_of_filial_piety	1	0	1	1	false
3k_main_threshold_ancillary_clay_axe	3k_main_ancillary_accessory_clay_axe	1	0	1	1	false
3k_main_threshold_ancillary_clay_cup	3k_main_ancillary_accessory_clay_cup	1	0	1	1	false
3k_main_threshold_ancillary_clay_dog	3k_main_ancillary_accessory_clay_dog	1	0	1	1	false
3k_main_threshold_ancillary_clay_fish	3k_main_ancillary_accessory_clay_fish	1	0	1	1	false
3k_main_threshold_ancillary_clay_ox	3k_main_ancillary_accessory_clay_ox	1	0	1	1	false
3k_main_threshold_ancillary_clay_pig	3k_main_ancillary_accessory_clay_pig	1	0	1	1	false
3k_main_threshold_ancillary_clay_rat	3k_main_ancillary_accessory_clay_rat	1	0	1	1	false
3k_main_threshold_ancillary_clay_warrior	3k_main_ancillary_accessory_clay_warrior	1	0	1	1	false
3k_main_threshold_ancillary_composite_bow_common	3k_main_ancillary_weapon_composite_bow_common	1	0	1	1	false
3k_main_threshold_ancillary_composite_bow_exceptional	3k_main_ancillary_weapon_composite_bow_exceptional	1	0	1	1	false
3k_main_threshold_ancillary_composite_bow_refined	3k_main_ancillary_weapon_composite_bow_refined	1	0	1	1	false
3k_main_threshold_ancillary_composite_bow_unique	3k_main_ancillary_weapon_composite_bow_unique	1	0	1	1	false
3k_main_threshold_ancillary_concubine	3k_main_ancillary_follower_concubine	1	0	1	1	false
3k_main_threshold_ancillary_confucian_sage	3k_main_ancillary_follower_confucian_sage	1	0	1	1	false
3k_main_threshold_ancillary_craftsman	3k_main_ancillary_follower_craftsman	1	0	1	1	false
3k_main_threshold_ancillary_crane_feather_fan	3k_main_ancillary_accessory_crane_feather_fan	1	0	1	1	false
3k_main_threshold_ancillary_cryptographer	3k_main_ancillary_follower_cryptographer	1	0	1	1	false
3k_main_threshold_ancillary_devious_attendant	3k_main_ancillary_follower_devious_attendant	1	0	1	1	false
3k_main_threshold_ancillary_dian_weis_armour_unique	3k_main_ancillary_armour_dian_weis_armour_unique	1	0	1	1	false
3k_main_threshold_ancillary_dilu	3k_main_ancillary_mount_dilu	1	0	1	1	false
3k_main_threshold_ancillary_discourses_of_the_states	3k_main_ancillary_accessory_discourses_of_the_states	1	0	1	1	false
3k_main_threshold_ancillary_diviner	3k_main_ancillary_follower_diviner	1	0	1	1	false
3k_main_threshold_ancillary_dong_zhuos_armour_unique	3k_main_ancillary_armour_dong_zhuos_armour_unique	1	0	1	1	false
3k_main_threshold_ancillary_double_edged_sword_common	3k_main_ancillary_weapon_double_edged_sword_common	1	0	1	1	false
3k_main_threshold_ancillary_double_edged_sword_exceptional	3k_main_ancillary_weapon_double_edged_sword_exceptional	1	0	1	1	false
3k_main_threshold_ancillary_double_edged_sword_refined	3k_main_ancillary_weapon_double_edged_sword_refined	1	0	1	1	false
3k_main_threshold_ancillary_double_edged_sword_unique	3k_main_ancillary_weapon_double_edged_sword_unique	1	0	1	1	false
3k_main_threshold_ancillary_dual_axes_exceptional	3k_main_ancillary_weapon_dual_axes_exceptional	1	0	1	1	false
3k_main_threshold_ancillary_dual_short_ji_exceptional	3k_main_ancillary_weapon_dual_short_ji_exceptional	1	0	1	1	false
3k_main_threshold_ancillary_dual_swords_common	3k_main_ancillary_weapon_dual_swords_common	1	0	1	1	false
3k_main_threshold_ancillary_dual_swords_exceptional	3k_main_ancillary_weapon_dual_swords_exceptional	1	0	1	1	false
3k_main_threshold_ancillary_dual_swords_refined	3k_main_ancillary_weapon_dual_swords_refined	1	0	1	1	false
3k_main_threshold_ancillary_dual_swords_unique	3k_main_ancillary_weapon_dual_swords_unique	1	0	1	1	false
3k_main_threshold_ancillary_earthquake_watching_device	3k_main_ancillary_accessory_earthquake_watching_device	1	0	1	1	false
3k_main_threshold_ancillary_eavesdropper	3k_main_ancillary_follower_eavesdropper	1	0	1	1	false
3k_main_threshold_ancillary_elite_trainer	3k_main_ancillary_follower_elite_trainer	1	0	1	1	false
3k_main_threshold_ancillary_engineer	3k_main_ancillary_follower_engineer	1	0	1	1	false
3k_main_threshold_ancillary_erya	3k_main_ancillary_accessory_erya	1	0	1	1	false
3k_main_threshold_ancillary_eunuch	3k_main_ancillary_follower_eunuch	1	0	1	1	false
3k_main_threshold_ancillary_farm_manager	3k_main_ancillary_follower_farm_manager	1	0	1	1	false
3k_main_threshold_ancillary_farmer	3k_main_ancillary_follower_farmer	1	0	1	1	false
3k_main_threshold_ancillary_feather_fan	3k_main_ancillary_accessory_feather_fan	1	0	1	1	false
3k_main_threshold_ancillary_foreman	3k_main_ancillary_follower_foreman	1	0	1	1	false
3k_main_threshold_ancillary_forge_master	3k_main_ancillary_follower_forge_master	1	0	1	1	false
3k_main_threshold_ancillary_gan_nings_armour_unique	3k_main_ancillary_armour_gan_nings_armour_unique	1	0	1	1	false
3k_main_threshold_ancillary_ganjiang	3k_main_ancillary_weapon_ganjiang	1	0	1	1	false
3k_main_threshold_ancillary_gao_gan_armour_unique	3k_main_ancilliary_armour_gao_gan_armour_unique	1	0	1	1	false
3k_main_threshold_ancillary_giant_mace_unique	3k_main_ancillary_weapon_giant_mace_unique	1	0	1	1	false
3k_main_threshold_ancillary_gong_dus_armour_unique	3k_ytr_ancillary_armour_gong_dus_armour_unique	1	0	1	1	false
3k_main_threshold_ancillary_gongsun_zans_armour_unique	3k_main_ancillary_armour_gongsun_zans_armour_unique	1	0	1	1	false
3k_main_threshold_ancillary_green_dragon_crescent_blade	3k_main_ancillary_weapon_green_dragon_crescent_blade	1	0	1	1	false
3k_main_threshold_ancillary_grey_elite	3k_main_ancillary_mount_grey_elite	1	0	1	1	false
3k_main_threshold_ancillary_grey_horse	3k_main_ancillary_mount_grey_horse	1	0	1	1	false
3k_main_threshold_ancillary_grey_stallion	3k_main_ancillary_mount_grey_stallion	1	0	1	1	false
3k_main_threshold_ancillary_grey_thoroughbred	3k_main_ancillary_mount_grey_thoroughbred	1	0	1	1	false
3k_main_threshold_ancillary_guan_yus_armour_unique	3k_main_ancillary_armour_guan_yus_armour_unique	1	0	1	1	false
3k_main_threshold_ancillary_guard	3k_main_ancillary_follower_guard	1	0	1	1	false
3k_main_threshold_ancillary_halberd_common	3k_main_ancillary_weapon_halberd_common	1	0	1	1	false
3k_main_threshold_ancillary_halberd_exceptional	3k_main_ancillary_weapon_halberd_exceptional	1	0	1	1	false
3k_main_threshold_ancillary_halberd_refined	3k_main_ancillary_weapon_halberd_refined	1	0	1	1	false
3k_main_threshold_ancillary_halberd_unique	3k_main_ancillary_weapon_halberd_unique	1	0	1	1	false
3k_main_threshold_ancillary_han_suis_armour_unique	3k_main_ancillary_armour_han_suis_armour_unique	1	0	1	1	false
3k_main_threshold_ancillary_he_yis_armour_unique	3k_ytr_ancillary_armour_he_yis_armour_unique	1	0	1	1	false
3k_main_threshold_ancillary_heavy_armour_fire_extraordinary	3k_main_ancillary_armour_heavy_armour_fire_extraordinary	1	0	1	1	false
3k_main_threshold_ancillary_heavy_armour_fire_unique	3k_main_ancillary_armour_heavy_armour_fire_unique	1	0	1	1	false
3k_main_threshold_ancillary_heavy_armour_wood_common	3k_main_ancillary_armour_heavy_armour_wood_and_fire_common	1	0	1	1	false
3k_main_threshold_ancillary_heavy_armour_wood_extraordinary	3k_main_ancillary_armour_heavy_armour_wood_extraordinary	1	0	1	1	false
3k_main_threshold_ancillary_heavy_armour_wood_refined	3k_main_ancillary_armour_heavy_armour_wood_and_fire_refined	1	0	1	1	false
3k_main_threshold_ancillary_heavy_armour_wood_unique	3k_main_ancillary_armour_heavy_armour_wood_unique	1	0	1	1	false
3k_main_threshold_ancillary_herdsman	3k_main_ancillary_follower_herdsman	1	0	1	1	false
3k_main_threshold_ancillary_hook_sickle_sabre_common	3k_main_ancillary_weapon_hook_sickle_sabre_common	1	0	1	1	false
3k_main_threshold_ancillary_hook_sickle_sabre_exceptional	3k_main_ancillary_weapon_hook_sickle_sabre_exceptional	1	0	1	1	false
3k_main_threshold_ancillary_hook_sicle_sabre_refined	3k_main_ancillary_weapon_hook_sicle_sabre_refined	1	0	1	1	false
3k_main_threshold_ancillary_hua_tuo	3k_main_ancillary_follower_hua_tuo	1	0	1	1	false
3k_main_threshold_ancillary_hua_tuos_manual	3k_main_ancillary_accessory_hua_tuos_manual	1	0	1	1	false
3k_main_threshold_ancillary_huang_shaos_armour_unique	3k_ytr_ancillary_armour_huang_shaos_armour_unique	1	0	1	1	false
3k_main_threshold_ancillary_huang_zhongs_armour_unique	3k_main_ancillary_armour_huang_zhongs_armour_unique	1	0	1	1	false
3k_main_threshold_ancillary_imperial_jade_seal	3k_main_ancillary_accessory_imperial_jade_seal	1	0	1	1	false
3k_main_threshold_ancillary_inspector	3k_main_ancillary_follower_inspector	1	0	1	1	false
3k_main_threshold_ancillary_iron_archer	3k_main_ancillary_accessory_iron_archer	1	0	1	1	false
3k_main_threshold_ancillary_iron_sickle	3k_main_ancillary_accessory_iron_sickle	1	0	1	1	false
3k_main_threshold_ancillary_iron_snake	3k_main_ancillary_accessory_iron_snake	1	0	1	1	false
3k_main_threshold_ancillary_jade_archer	3k_main_ancillary_accessory_jade_archer	1	0	1	1	false
3k_main_threshold_ancillary_jade_horse	3k_main_ancillary_accessory_jade_horse	1	0	1	1	false
3k_main_threshold_ancillary_jade_horseman	3k_main_ancillary_accessory_jade_horseman	1	0	1	1	false
3k_main_threshold_ancillary_jade_monkey	3k_main_ancillary_accessory_jade_monkey	1	0	1	1	false
3k_main_threshold_ancillary_jade_rooster	3k_main_ancillary_accessory_jade_rooster	1	0	1	1	false
3k_main_threshold_ancillary_jade_sculptor	3k_main_ancillary_follower_jade_sculptor	1	0	1	1	false
3k_main_threshold_ancillary_jade_sickle	3k_main_ancillary_accessory_jade_sickle	1	0	1	1	false
3k_main_threshold_ancillary_jade_snake	3k_main_ancillary_accessory_jade_snake	1	0	1	1	false
3k_main_threshold_ancillary_jade_statue_of_confucius	3k_main_ancillary_accessory_jade_statue_of_confucius	1	0	1	1	false
3k_main_threshold_ancillary_king_of_jade_ge	3k_main_ancillary_accessory_king_of_jade_ge	1	0	1	1	false
3k_main_threshold_ancillary_kong_rongs_armour_unique	3k_main_ancillary_armour_kong_rongs_armour_unique	1	0	1	1	false
3k_main_threshold_ancillary_labour_recruiter	3k_main_ancillary_follower_labour_recruiter	1	0	1	1	false
3k_main_threshold_ancillary_lady_suns_armour_unique	3k_main_ancillary_armour_lady_suns_armour_unique	1	0	1	1	false
3k_main_threshold_ancillary_land_shaper	3k_main_ancillary_follower_land_shaper	1	0	1	1	false
3k_main_threshold_ancillary_law_enforcer	3k_main_ancillary_follower_law_enforcer	1	0	1	1	false
3k_main_threshold_ancillary_legalist_fanatic	3k_main_ancillary_follower_legalist_fanatic	1	0	1	1	false
3k_main_threshold_ancillary_light_armour_earth_common	3k_main_ancillary_armour_light_armour_earth_metal_and_water_common	1	0	1	1	false
3k_main_threshold_ancillary_light_armour_earth_extraordinary	3k_main_ancillary_armour_light_armour_earth_extraordinary	1	0	1	1	false
3k_main_threshold_ancillary_light_armour_earth_refined	3k_main_ancillary_armour_light_armour_earth_metal_and_water_refined	1	0	1	1	false
3k_main_threshold_ancillary_light_armour_earth_unique	3k_main_ancillary_armour_light_armour_earth_unique	1	0	1	1	false
3k_main_threshold_ancillary_light_armour_metal_extraordinary	3k_main_ancillary_armour_light_armour_metal_extraordinary	1	0	1	1	false
3k_main_threshold_ancillary_light_armour_metal_unique	3k_main_ancillary_armour_light_armour_metal_unique	1	0	1	1	false
3k_main_threshold_ancillary_liu_beis_armour_unique	3k_main_ancillary_armour_liu_beis_armour_unique	1	0	1	1	false
3k_main_threshold_ancillary_liu_biaos_armour_unique	3k_main_ancillary_armour_liu_biaos_armour_unique	1	0	1	1	false
3k_main_threshold_ancillary_liu_zhangs_armour_unique	3k_main_ancillary_armour_liu_zhangs_armour_unique	1	0	1	1	false
3k_main_threshold_ancillary_local_administrator	3k_main_ancillary_follower_local_administrator	1	0	1	1	false
3k_main_threshold_ancillary_lu_bus_armour_unique	3k_main_ancillary_armour_lu_bus_armour_unique	1	0	1	1	false
3k_main_threshold_ancillary_lu_su_armour_unique	3k_main_ancilliary_armour_lu_su_armour_unique	1	0	1	1	false
3k_main_threshold_ancillary_ma_chaos_armour_unique	3k_main_ancillary_armour_ma_chaos_armour_unique	1	0	1	1	false
3k_main_threshold_ancillary_ma_su	3k_main_ancillary_weapon_ma_su	1	0	1	1	false
3k_main_threshold_ancillary_ma_tengs_armour_unique	3k_main_ancillary_armour_ma_tengs_armour_unique	1	0	1	1	false
3k_main_threshold_ancillary_master_craftsman	3k_main_ancillary_follower_master_craftsman	1	0	1	1	false
3k_main_threshold_ancillary_mathematician	3k_main_ancillary_follower_mathematician	1	0	1	1	false
3k_main_threshold_ancillary_medium_armour_earth_common	3k_main_ancillary_armour_medium_armour_earth_and_metal_common	1	0	1	1	false
3k_main_threshold_ancillary_medium_armour_earth_extraordinary	3k_main_ancillary_armour_medium_armour_earth_extraordinary	1	0	1	1	false
3k_main_threshold_ancillary_medium_armour_earth_refined	3k_main_ancillary_armour_medium_armour_earth_and_metal_refined	1	0	1	1	false
3k_main_threshold_ancillary_medium_armour_earth_unique	3k_main_ancillary_armour_medium_armour_earth_unique	1	0	1	1	false
3k_main_threshold_ancillary_medium_armour_fire_extraordinary	3k_main_ancillary_armour_medium_armour_fire_extraordinary	1	0	1	1	false
3k_main_threshold_ancillary_medium_armour_fire_unique	3k_main_ancillary_armour_medium_armour_fire_unique	1	0	1	1	false
3k_main_threshold_ancillary_medium_armour_metal_extraordinary	3k_main_ancillary_armour_medium_armour_metal_extraordinary	1	0	1	1	false
3k_main_threshold_ancillary_medium_armour_metal_unique	3k_main_ancillary_armour_medium_armour_metal_unique	1	0	1	1	false
3k_main_threshold_ancillary_medium_armour_wood_common	3k_main_ancillary_armour_medium_armour_wood_and_fire_common	1	0	1	1	false
3k_main_threshold_ancillary_medium_armour_wood_extraordinary	3k_main_ancillary_armour_medium_armour_wood_extraordinary	1	0	1	1	false
3k_main_threshold_ancillary_medium_armour_wood_refined	3k_main_ancillary_armour_medium_armour_wood_and_fire_refined	1	0	1	1	false
3k_main_threshold_ancillary_medium_armour_wood_unique	3k_main_ancillary_armour_medium_armour_wood_unique	1	0	1	1	false
3k_main_threshold_ancillary_merchant	3k_main_ancillary_follower_merchant	1	0	1	1	false
3k_main_threshold_ancillary_military_expert	3k_main_ancillary_follower_military_expert	1	0	1	1	false
3k_main_threshold_ancillary_military_instructor	3k_main_ancillary_follower_military_instructor	1	0	1	1	false
3k_main_threshold_ancillary_monk	3k_main_ancillary_follower_monk	1	0	1	1	false
3k_main_threshold_ancillary_mount_heavenly_fire	3k_main_ancillary_mount_heavenly_fire	1	0	1	1	false
3k_main_threshold_ancillary_moye	3k_main_ancillary_weapon_moye	1	0	1	1	false
3k_main_threshold_ancillary_mozi	3k_main_ancillary_accessory_mozi	1	0	1	1	false
3k_main_threshold_ancillary_officer	3k_main_ancillary_follower_officer	1	0	1	1	false
3k_main_threshold_ancillary_one_handed_axe_common	3k_main_ancillary_weapon_one_handed_axe_common	1	0	1	1	false
3k_main_threshold_ancillary_one_handed_axe_exceptional	3k_main_ancillary_weapon_one_handed_axe_exceptional	1	0	1	1	false
3k_main_threshold_ancillary_one_handed_axe_refined	3k_main_ancillary_weapon_one_handed_axe_refined	1	0	1	1	false
3k_main_threshold_ancillary_overseer	3k_main_ancillary_follower_overseer	1	0	1	1	false
3k_main_threshold_ancillary_philosopher	3k_main_ancillary_follower_philosopher	1	0	1	1	false
3k_main_threshold_ancillary_porcelain_cup	3k_main_ancillary_accessory_porcelain_cup	1	0	1	1	false
3k_main_threshold_ancillary_prefect	3k_main_ancillary_follower_prefect	1	0	1	1	false
3k_main_threshold_ancillary_professional_instuctor	3k_main_ancillary_follower_professional_instuctor	1	0	1	1	false
3k_main_threshold_ancillary_professor	3k_main_ancillary_follower_professor	1	0	1	1	false
3k_main_threshold_ancillary_provincial_advisor	3k_main_ancillary_follower_provincial_advisor	1	0	1	1	false
3k_main_threshold_ancillary_provincial_auditor	3k_main_ancillary_follower_provincial_auditor	1	0	1	1	false
3k_main_threshold_ancillary_red_elite	3k_main_ancillary_mount_red_elite	1	0	1	1	false
3k_main_threshold_ancillary_red_hare	3k_main_ancillary_mount_red_hare	1	0	1	1	false
3k_main_threshold_ancillary_red_horse	3k_main_ancillary_mount_red_horse	1	0	1	1	false
3k_main_threshold_ancillary_red_stallion	3k_main_ancillary_mount_red_stallion	1	0	1	1	false
3k_main_threshold_ancillary_red_thoroughbred	3k_main_ancillary_mount_red_thoroughbred	1	0	1	1	false
3k_main_threshold_ancillary_rites_of_zhou	3k_main_ancillary_accessory_rites_of_zhou	1	0	1	1	false
3k_main_threshold_ancillary_scholar	3k_main_ancillary_follower_scholar	1	0	1	1	false
3k_main_threshold_ancillary_serpent_spear	3k_main_ancillary_weapon_serpent_spear	1	0	1	1	false
3k_main_threshold_ancillary_shadow_runner	3k_main_ancillary_mount_shadow_runner	1	0	1	1	false
3k_main_threshold_ancillary_shi_xies_armour_unique	3k_main_ancillary_armour_shi_xies_armour_unique	1	0	1	1	false
3k_main_threshold_ancillary_short_ji_exceptional	3k_main_ancillary_weapon_short_ji_exceptional	1	0	1	1	false
3k_main_threshold_ancillary_shuang_gu_jian	3k_main_ancillary_weapon_shuang_gu_jian	1	0	1	1	false
3k_main_threshold_ancillary_sima_yis_armour_unique	3k_main_ancillary_armour_sima_yis_armour_unique	1	0	1	1	false
3k_main_threshold_ancillary_single_edged_sword_common	3k_main_ancillary_weapon_single_edged_sword_common	1	0	1	1	false
3k_main_threshold_ancillary_six_secret_teachings	3k_main_ancillary_accessory_six_secret_teachings	1	0	1	1	false
3k_main_threshold_ancillary_south_pointing_chariot	3k_main_ancillary_accessory_south_pointing_chariot	1	0	1	1	false
3k_main_threshold_ancillary_spy_master	3k_main_ancillary_follower_spy_master	1	0	1	1	false
3k_main_threshold_ancillary_stone_archer	3k_main_ancillary_accessory_stone_archer	1	0	1	1	false
3k_main_threshold_ancillary_stone_axe	3k_main_ancillary_accessory_stone_axe	1	0	1	1	false
3k_main_threshold_ancillary_stone_horse	3k_main_ancillary_accessory_stone_horse	1	0	1	1	false
3k_main_threshold_ancillary_stone_monkey	3k_main_ancillary_accessory_stone_monkey	1	0	1	1	false
3k_main_threshold_ancillary_stone_pig	3k_main_ancillary_accessory_stone_pig	1	0	1	1	false
3k_main_threshold_ancillary_stone_rat	3k_main_ancillary_accessory_stone_rat	1	0	1	1	false
3k_main_threshold_ancillary_stone_rooster	3k_main_ancillary_accessory_stone_rooster	1	0	1	1	false
3k_main_threshold_ancillary_stone_statue_of_confucius	3k_main_ancillary_accessory_stone_statue_of_confucius	1	0	1	1	false
3k_main_threshold_ancillary_strategies_of_the_warring_states	3k_main_ancillary_accessory_strategies_of_the_warring_states	1	0	1	1	false
3k_main_threshold_ancillary_strategist_light_armour_water_common	3k_main_ancillary_armour_strategist_light_armour_water_common	1	0	1	1	false
3k_main_threshold_ancillary_strategist_light_armour_water_extraordinary	3k_main_ancillary_armour_strategist_light_armour_water_extraordinary	1	0	1	1	false
3k_main_threshold_ancillary_strategist_light_armour_water_refined	3k_main_ancillary_armour_strategist_light_armour_water_refined	1	0	1	1	false
3k_main_threshold_ancillary_strategist_light_armour_water_unique	3k_main_ancillary_armour_strategist_light_armour_water_unique	1	0	1	1	false
3k_main_threshold_ancillary_sun_ces_armour_unique	3k_main_ancillary_armour_sun_ces_armour_unique	1	0	1	1	false
3k_main_threshold_ancillary_sun_jians_armour_unique	3k_main_ancillary_armour_sun_jians_armour_unique	1	0	1	1	false
3k_main_threshold_ancillary_sun_quans_armour_unique	3k_main_ancillary_armour_sun_quans_armour_unique	1	0	1	1	false
3k_main_threshold_ancillary_taishi_cis_armour_unique	3k_main_ancillary_armour_taishi_cis_armour_unique	1	0	1	1	false
3k_main_threshold_ancillary_tao_qians_armour_unique	3k_main_ancillary_armour_tao_qians_armour_unique	1	0	1	1	false
3k_main_threshold_ancillary_tax_collector	3k_main_ancillary_follower_tax_collector	1	0	1	1	false
3k_main_threshold_ancillary_the_blue_blade	3k_main_ancillary_weapon_the_blue_blade	1	0	1	1	false
3k_main_threshold_ancillary_the_emperor	3k_main_ancillary_accessory_the_emperor	1	0	1	1	false
3k_main_threshold_ancillary_the_methods_of_the_sima	3k_main_ancillary_accessory_the_methods_of_the_sima	1	0	1	1	false
3k_main_threshold_ancillary_the_nine_chapters_on_the_mathematical_art	3k_main_ancillary_accessory_the_nine_chapters_on_the_mathematical_art	1	0	1	1	false
3k_main_threshold_ancillary_the_three_strategies_of_the_duke_of_the_yellow_rock	3k_main_ancillary_accessory_the_three_strategies_of_the_duke_of_the_yellow_rock	1	0	1	1	false
3k_main_threshold_ancillary_trader	3k_main_ancillary_follower_trader	1	0	1	1	false
3k_main_threshold_ancillary_trident_halberd	3k_main_ancillary_weapon_trident_halberd	1	0	1	1	false
3k_main_threshold_ancillary_trust_of_god	3k_main_ancillary_weapon_trust_of_god	1	0	1	1	false
3k_main_threshold_ancillary_two_handed_axe_common	3k_main_ancillary_weapon_two_handed_axe_common	1	0	1	1	false
3k_main_threshold_ancillary_two_handed_axe_exceptional	3k_main_ancillary_weapon_two_handed_axe_exceptional	1	0	1	1	false
3k_main_threshold_ancillary_two_handed_axe_refined	3k_main_ancillary_weapon_two_handed_axe_refined	1	0	1	1	false
3k_main_threshold_ancillary_two_handed_spear_common	3k_main_ancillary_weapon_two_handed_spear_common	1	0	1	1	false
3k_main_threshold_ancillary_two_handed_spear_exceptional	3k_main_ancillary_weapon_two_handed_spear_exceptional	1	0	1	1	false
3k_main_threshold_ancillary_two_handed_spear_refined	3k_main_ancillary_weapon_two_handed_spear_refined	1	0	1	1	false
3k_main_threshold_ancillary_two_handed_spear_unique	3k_main_ancillary_weapon_two_handed_spear_unique	1	0	1	1	false
3k_main_threshold_ancillary_tycoon	3k_main_ancillary_follower_tycoon	1	0	1	1	false
3k_main_threshold_ancillary_wang_kuang_armour_unique	3k_main_ancilliary_armour_wang_kuang_armour_unique	1	0	1	1	false
3k_main_threshold_ancillary_water_clock	3k_main_ancillary_accessory_water_clock	1	0	1	1	false
3k_main_threshold_ancillary_weapon_ancient_silver_sword	3k_main_ancillary_weapon_ancient_silver_sword	1	0	1	1	false
3k_main_threshold_ancillary_weapon_bow_huang_zhong	3k_main_ancillary_weapon_bow_huang_zhong	1	0	1	1	false
3k_main_threshold_ancillary_weapon_bow_huang_zhong_faction	3k_main_ancillary_weapon_bow_huang_zhong_faction	1	0	1	1	false
3k_main_threshold_ancillary_weapon_bow_lady_sun	3k_main_ancillary_weapon_bow_lady_sun	1	0	1	1	false
3k_main_threshold_ancillary_weapon_bow_lady_sun_faction	3k_main_ancillary_weapon_bow_lady_sun_faction	1	0	1	1	false
3k_main_threshold_ancillary_weapon_bow_taishi_ci	3k_main_ancillary_weapon_bow_taishi_ci	1	0	1	1	false
3k_main_threshold_ancillary_weapon_bow_taishi_ci_faction	3k_main_ancillary_weapon_bow_taishi_ci_faction	1	0	1	1	false
3k_main_threshold_ancillary_weapon_crossbow_common	3k_main_ancillary_weapon_crossbow_common	1	0	1	1	false
3k_main_threshold_ancillary_weapon_crossbow_exceptional	3k_main_ancillary_weapon_crossbow_exceptional	1	0	1	1	false
3k_main_threshold_ancillary_weapon_crossbow_refined	3k_main_ancillary_weapon_crossbow_refined	1	0	1	1	false
3k_main_threshold_ancillary_weapon_sword_and_shield_common	3k_main_ancillary_weapon_sword_and_shield_common	1	0	1	1	false
3k_main_threshold_ancillary_weapon_sword_and_shield_exceptional	3k_main_ancillary_weapon_sword_and_shield_exceptional	1	0	1	1	false
3k_main_threshold_ancillary_weapon_sword_and_shield_refined	3k_main_ancillary_weapon_sword_and_shield_refined	1	0	1	1	false
3k_main_threshold_ancillary_weapon_sword_and_shield_unique	3k_main_ancillary_weapon_sword_and_shield_unique	1	0	1	1	false
3k_main_threshold_ancillary_weapon_two_handed_axe_unique	3k_main_ancillary_weapon_two_handed_axe_unique	1	0	1	1	false
3k_main_threshold_ancillary_wei_liaozi	3k_main_ancillary_accessory_wei_liaozi	1	0	1	1	false
3k_main_threshold_ancillary_white_elite	3k_main_ancillary_mount_white_elite	1	0	1	1	false
3k_main_threshold_ancillary_white_horse	3k_main_ancillary_mount_white_horse	1	0	1	1	false
3k_main_threshold_ancillary_white_stallion	3k_main_ancillary_mount_white_stallion	1	0	1	1	false
3k_main_threshold_ancillary_white_thoroughbred	3k_main_ancillary_mount_white_thoroughbred	1	0	1	1	false
3k_main_threshold_ancillary_wooden_dog	3k_main_ancillary_accessory_wooden_dog	1	0	1	1	false
3k_main_threshold_ancillary_wooden_fish	3k_main_ancillary_accessory_wooden_fish	1	0	1	1	false
3k_main_threshold_ancillary_wooden_ox	3k_main_ancillary_accessory_wooden_ox	1	0	1	1	false
3k_main_threshold_ancillary_wuzi	3k_main_ancillary_accessory_wuzi	1	0	1	1	false
3k_main_threshold_ancillary_xiahou_duns_armour_unique	3k_main_ancillary_armour_xiahou_duns_armour_unique	1	0	1	1	false
3k_main_threshold_ancillary_xiahou_yuans_armour_unique	3k_main_ancillary_armour_xiahou_yuans_armour_unique	1	0	1	1	false
3k_main_threshold_ancillary_xu_chus_armour_unique	3k_main_ancillary_armour_xu_chus_armour_unique	1	0	1	1	false
3k_main_threshold_ancillary_xu_huangs_armour_unique	3k_main_ancillary_armour_xu_huangs_armour_unique	1	0	1	1	false
3k_main_threshold_ancillary_yellow_hoofed_thunder	3k_main_ancillary_mount_yellow_hoofed_thunder	1	0	1	1	false
3k_main_threshold_ancillary_yuan_shaos_armour_unique	3k_main_ancillary_armour_yuan_shaos_armour_unique	1	0	1	1	false
3k_main_threshold_ancillary_yuan_shus_armour_unique	3k_main_ancillary_armour_yuan_shus_armour_unique	1	0	1	1	false
3k_main_threshold_ancillary_yue_jins_armour_unique	3k_main_ancillary_armour_yue_jins_armour_unique	1	0	1	1	false
3k_main_threshold_ancillary_ze_rong_armour_unique	3k_main_ancilliary_armour_ze_rong_armour_unique	1	0	1	1	false
3k_main_threshold_ancillary_zhang_feis_armour_unique	3k_main_ancillary_armour_zhang_feis_armour_unique	1	0	1	1	false
3k_main_threshold_ancillary_zhang_liaos_armour_unique	3k_main_ancillary_armour_zhang_liaos_armour_unique	1	0	1	1	false
3k_main_threshold_ancillary_zhang_lus_armour_unique	3k_main_ancillary_armour_zhang_lus_armour_unique	1	0	1	1	false
3k_main_threshold_ancillary_zhang_yang_armour_unique	3k_main_ancilliary_armour_zhang_yang_armour_unique	1	0	1	1	false
3k_main_threshold_ancillary_zhang_yans_armour_unique	3k_main_ancillary_armour_zhang_yans_armour_unique	1	0	1	1	false
3k_main_threshold_ancillary_zhao_yuns_armour_unique	3k_main_ancillary_armour_zhao_yuns_armour_unique	1	0	1	1	false
3k_main_threshold_ancillary_zheng_jiangs_armour_unique	3k_main_ancillary_armour_zheng_jiangs_armour_unique	1	0	1	1	false
3k_main_threshold_ancillary_zhou_yus_armour_unique	3k_main_ancillary_armour_zhou_yus_armour_unique	1	0	1	1	false
3k_main_threshold_ancillary_zhuangzi	3k_main_ancillary_accessory_zhuangzi	1	0	1	1	false
3k_main_threshold_ancillary_zhuge_liangs_armour_unique	3k_main_ancillary_armour_zhuge_liangs_armour_unique	1	0	1	1	false
3k_main_threshold_ancilliary_armour_cai_mao_armour_unique	3k_main_ancilliary_armour_cai_mao_armour_unique	1	0	1	1	false
3k_main_threshold_ancilliary_armour_fan_liyan_armour_unique	3k_main_ancilliary_armour_fan_liyan_armour_unique	1	0	1	1	false
3k_main_threshold_ancilliary_armour_geng_wu_armour_unique	3k_main_ancilliary_armour_geng_wu_armour_unique	1	0	1	1	false
3k_main_threshold_ancilliary_armour_gongsun_du_armour_unique	3k_main_ancilliary_armour_gongsun_du_armour_unique	1	0	1	1	false
3k_main_threshold_ancilliary_armour_gongsun_fan_armour_unique	3k_main_ancilliary_armour_gongsun_fan_armour_unique	1	0	1	1	false
3k_main_threshold_ancilliary_armour_gongsun_yue_armour_unique	3k_main_ancilliary_armour_gongsun_yue_armour_unique	1	0	1	1	false
3k_main_threshold_ancilliary_armour_gu_ruilan_armour_unique	3k_main_ancilliary_armour_gu_ruilan_armour_unique	1	0	1	1	false
3k_main_threshold_ancilliary_armour_guan_chun_armour_unique	3k_main_ancilliary_armour_guan_chun_armour_unique	1	0	1	1	false
3k_main_threshold_ancilliary_armour_gujin_armour_unique	3k_main_ancilliary_armour_gujin_armour_unique	1	0	1	1	false
3k_main_threshold_ancilliary_armour_gurudun_armour_unique	3k_main_ancilliary_armour_gurudun_armour_unique	1	0	1	1	false
3k_main_threshold_ancilliary_armour_han_fu_armour_unique	3k_main_ancilliary_armour_han_fu_armour_unique	1	0	1	1	false
3k_main_threshold_ancilliary_armour_han_hao_armour_unique	3k_main_ancilliary_armour_han_hao_armour_unique	1	0	1	1	false
3k_main_threshold_ancilliary_armour_han_tong_armour_unique	3k_main_ancilliary_armour_han_tong_armour_unique	1	0	1	1	false
3k_main_threshold_ancilliary_armour_huchuquan_armour_unique	3k_main_ancilliary_armour_huchuquan_armour_unique	1	0	1	1	false
3k_main_threshold_ancilliary_armour_jia_long_armour_unique	3k_main_ancilliary_armour_jia_long_armour_unique	1	0	1	1	false
3k_main_threshold_ancilliary_armour_ju_shou_armour_unique	3k_main_ancilliary_armour_ju_shou_armour_unique	1	0	1	1	false
3k_main_threshold_ancilliary_armour_kong_zhou_armour_unique	3k_main_ancilliary_armour_kong_zhou_armour_unique	1	0	1	1	false
3k_main_threshold_ancilliary_armour_leipan_armour_unique	3k_main_ancilliary_armour_leipan_armour_unique	1	0	1	1	false
3k_main_threshold_ancilliary_armour_lian_zhi_armour_unique	3k_main_ancilliary_armour_lian_zhi_armour_unique	1	0	1	1	false
3k_main_threshold_ancilliary_armour_liu_bao_armour_unique	3k_main_ancilliary_armour_liu_bao_armour_unique	1	0	1	1	false
3k_main_threshold_ancilliary_armour_liu_he_armour_unique	3k_main_ancilliary_armour_liu_he_armour_unique	1	0	1	1	false
3k_main_threshold_ancilliary_armour_liu_yu_armour_unique	3k_main_ancilliary_armour_liu_yu_armour_unique	1	0	1	1	false
3k_main_threshold_ancilliary_armour_qubei_armour_unique	3k_main_ancilliary_armour_qubei_armour_unique	1	0	1	1	false
3k_main_threshold_ancilliary_armour_sheng_xian_armour_unique	3k_main_ancilliary_armour_sheng_xian_armour_unique	1	0	1	1	false
3k_main_threshold_ancilliary_armour_sui_gu_armour_unique	3k_main_ancilliary_armour_sui_gu_armour_unique	1	0	1	1	false
3k_main_threshold_ancilliary_armour_supuyan_armour_unique	3k_main_ancilliary_armour_supuyan_armour_unique	1	0	1	1	false
3k_main_threshold_ancilliary_armour_tadun_armour_unique	3k_main_ancilliary_armour_tadun_armour_unique	1	0	1	1	false
3k_main_threshold_ancilliary_armour_tian_chou_armour_unique	3k_main_ancilliary_armour_tian_chou_armour_unique	1	0	1	1	false
3k_main_threshold_ancilliary_armour_wang_baolan_armour_unique	3k_main_ancilliary_armour_wang_baolan_armour_unique	1	0	1	1	false
3k_main_threshold_ancilliary_armour_wang_fangyue_armour_unique	3k_main_ancilliary_armour_wang_fangyue_armour_unique	1	0	1	1	false
3k_main_threshold_ancilliary_armour_wang_lanlan_armour_unique	3k_main_ancilliary_armour_wang_lanlan_armour_unique	1	0	1	1	false
3k_main_threshold_ancilliary_armour_wangdong_armour_unique	3k_main_ancilliary_armour_wangdong_armour_unique	1	0	1	1	false
3k_main_threshold_ancilliary_armour_wei_you_armour_unique	3k_main_ancilliary_armour_wei_you_armour_unique	1	0	1	1	false
3k_main_threshold_ancilliary_armour_wuyan_armour_unique	3k_main_ancilliary_armour_wuyan_armour_unique	1	0	1	1	false
3k_main_threshold_ancilliary_armour_xianyu_fu_armour_unique	3k_main_ancilliary_armour_xianyu_fu_armour_unique	1	0	1	1	false
3k_main_threshold_ancilliary_armour_xianyu_yin_armour_unique	3k_main_ancilliary_armour_xianyu_yin_armour_unique	1	0	1	1	false
3k_main_threshold_ancilliary_armour_xin_ping_armour_unique	3k_main_ancilliary_armour_xin_ping_armour_unique	1	0	1	1	false
3k_main_threshold_ancilliary_armour_yang_chou_armour_unique	3k_main_ancilliary_armour_yang_chou_armour_unique	1	0	1	1	false
3k_main_threshold_ancilliary_armour_zhang_chao_armour_unique	3k_main_ancilliary_armour_zhang_chao_armour_unique	1	0	1	1	false
3k_main_threshold_ancilliary_armour_zhang_lu_armour_unique	3k_main_ancilliary_armour_zhang_lu_armour_unique	1	0	1	1	false
3k_main_threshold_ancilliary_armour_zhang_yanyan_armour_unique	3k_main_ancilliary_armour_zhang_yanyan_armour_unique	1	0	1	1	false
3k_main_threshold_ancilliary_cao_ang_armour_unique	3k_main_ancilliary_armour_cao_ang_armour_unique	1	0	1	1	false
3k_main_threshold_ancilliary_cao_biao_armour_unique	3k_main_ancilliary_armour_cao_biao_armour_unique	1	0	1	1	false
3k_main_threshold_ancilliary_cao_de_armour_unique	3k_main_ancilliary_armour_cao_de_armour_unique	1	0	1	1	false
3k_main_threshold_ancilliary_cao_jie_armour_unique	3k_main_ancilliary_armour_cao_jie_armour_unique	1	0	1	1	false
3k_main_threshold_ancilliary_cao_rui_armour_unique	3k_main_ancilliary_armour_cao_rui_armour_unique	1	0	1	1	false
3k_main_threshold_ancilliary_cao_shuang_armour_unique	3k_main_ancilliary_armour_cao_shuang_armour_unique	1	0	1	1	false
3k_main_threshold_ancilliary_cao_song_armour_unique	3k_main_ancilliary_armour_cao_song_armour_unique	1	0	1	1	false
3k_main_threshold_ancilliary_cao_xi_armour_unique	3k_main_ancilliary_armour_cao_xi_armour_unique	1	0	1	1	false
3k_main_threshold_ancilliary_cao_zhang_armour_unique	3k_main_ancilliary_armour_cao_zhang_armour_unique	1	0	1	1	false
3k_main_threshold_ancilliary_cao_zhi_armour_unique	3k_main_ancilliary_armour_cao_zhi_armour_unique	1	0	1	1	false
3k_main_threshold_ancilliary_deng_sheng_armour_unique	3k_main_ancilliary_armour_deng_sheng_armour_unique	1	0	1	1	false
3k_main_threshold_ancilliary_guo_yuan_armour_unique	3k_main_ancilliary_armour_guo_yuan_armour_unique	1	0	1	1	false
3k_main_threshold_ancilliary_qiujiliu_armour_unique	3k_main_ancilliary_armour_qiujiliu_armour_unique	1	0	1	1	false
3k_main_threshold_ancilliary_song_jian_armour_unique	3k_main_ancilliary_armour_song_jian_armour_unique	1	0	1	1	false
3k_main_threshold_ancilliary_xia_zhao_armour_unique	3k_main_ancilliary_armour_xia_zhao_armour_unique	1	0	1	1	false
3k_main_threshold_ancilliary_yufuluo_armour_unique	3k_main_ancilliary_armour_yufuluo_armour_unique	1	0	1	1	false
3k_main_threshold_ancilliary_zuozhi_zhulan_armour_unique	3k_main_ancilliary_armour_zuozhi_zhulan_armour_unique	1	0	1	1	false
3k_main_threshold_career_historical_cao_xing	3k_dlc05_ceo_career_historical_cao_xing	1	0	1	1	false
3k_main_threshold_career_historical_gao_dai	3k_main_ceo_career_historical_gao_dai	1	0	1	1	false
3k_main_threshold_career_historical_shi_huang	3k_main_ceo_career_historical_shi_huang	1	0	1	1	false
3k_main_threshold_career_historical_shi_wu	3k_main_ceo_career_historical_shi_wu	1	0	1	1	false
3k_main_threshold_career_historical_shi_yi	3k_main_ceo_career_historical_shi_yi	1	0	1	1	false
3k_main_threshold_career_historical_wu_huan	3k_main_ceo_career_historical_wu_huan	1	0	1	1	false
3k_main_threshold_career_historical_xu_gong	3k_main_ceo_career_historical_xu_gong	1	0	1	1	false
3k_main_threshold_career_historical_xu_zhao	3k_main_ceo_career_historical_xu_zhao	1	0	1	1	false
3k_main_threshold_career_historical_yan_baihu	3k_main_ceo_career_historical_yan_baihu	1	0	1	1	false
3k_main_threshold_career_historical_yan_yu	3k_main_ceo_career_historical_yan_yu	1	0	1	1	false
3k_main_threshold_career_historical_zhu_fu	3k_main_ceo_career_historical_zhu_fu	1	0	1	1	false
3k_main_threshold_ceo_career_historical_qiulijiu	3k_main_ceo_career_historical_qiulijiu	1	0	1	1	false
3k_main_threshold_ceo_career_historical_yufuluo	3k_main_ceo_career_historical_yufuluo	1	0	1	1	false
3k_mtu_ceo_threshold_career_historical_chen_jiu	3k_mtu_ceo_career_historical_chen_jiu	1	0	1	1	false
3k_mtu_ceo_threshold_career_historical_chunyu_qiong_reborn	3k_mtu_ceo_career_historical_chunyu_qiong_reborn	1	0	1	1	false
3k_mtu_ceo_threshold_career_historical_dong_min	3k_mtu_ceo_career_historical_dong_min	1	0	1	1	false
3k_mtu_ceo_threshold_career_historical_gao_shun	3k_mtu_ceo_career_historical_gao_shun	1	0	1	1	false
3k_mtu_ceo_threshold_career_historical_guan_xing	3k_mtu_ceo_career_historical_guan_xing	1	0	1	1	false
3k_mtu_ceo_threshold_career_historical_guan_xuo	3k_mtu_ceo_career_historical_guan_xuo	1	0	1	1	false
3k_mtu_ceo_threshold_career_historical_hua_xin	3k_mtu_ceo_career_historical_hua_xin	1	0	1	1	false
3k_mtu_ceo_threshold_career_historical_jian_yong	3k_mtu_ceo_career_historical_jian_yong	1	0	1	1	false
3k_mtu_ceo_threshold_career_historical_lady_bian_huilan	3k_mtu_ceo_career_historical_lady_bian_huilan	1	0	1	1	false
3k_mtu_ceo_threshold_career_historical_lady_da_qiao	3k_mtu_ceo_career_historical_lady_da_qiao	1	0	1	1	false
3k_mtu_ceo_threshold_career_historical_lady_diao_chan	3k_mtu_ceo_career_historical_lady_diao_chan	1	0	1	1	false
3k_mtu_ceo_threshold_career_historical_lady_dong_bai	3k_mtu_ceo_career_historical_lady_dong_bai	1	0	1	1	false
3k_mtu_ceo_threshold_career_historical_lady_dong_li	3k_mtu_ceo_career_historical_lady_dong_li	1	0	1	1	false
3k_mtu_ceo_threshold_career_historical_lady_dong_peishan	3k_mtu_ceo_career_historical_lady_dong_peishan	1	0	1	1	false
3k_mtu_ceo_threshold_career_historical_lady_fei	3k_mtu_ceo_career_historical_lady_fei	1	0	1	1	false
3k_mtu_ceo_threshold_career_historical_lady_gao_zhulan	3k_mtu_ceo_career_historical_lady_gao_zhulan	1	0	1	1	false
3k_mtu_ceo_threshold_career_historical_lady_gongsun_jinting	3k_mtu_ceo_career_historical_lady_gongsun_jinting	1	0	1	1	false
3k_mtu_ceo_threshold_career_historical_lady_guan_yinping	3k_mtu_ceo_career_historical_lady_guan_yinping	1	0	1	1	false
3k_mtu_ceo_threshold_career_historical_lady_lu_ji	3k_mtu_ceo_career_historical_lady_lu_ji	1	0	1	1	false
3k_mtu_ceo_threshold_career_historical_lady_lu_zheng	3k_mtu_ceo_career_historical_lady_lu_zheng	1	0	1	1	false
3k_mtu_ceo_threshold_career_historical_lady_ma_lanli	3k_mtu_ceo_career_historical_lady_ma_lanli	1	0	1	1	false
3k_mtu_ceo_threshold_career_historical_lady_ma_yunlu	3k_mtu_ceo_career_historical_lady_ma_yunlu	1	0	1	1	false
3k_mtu_ceo_threshold_career_historical_lady_shi	3k_mtu_ceo_career_historical_lady_shi	1	0	1	1	false
3k_mtu_ceo_threshold_career_historical_lady_trieu	3k_mtu_ceo_career_historical_lady_trieu	1	0	1	1	false
3k_mtu_ceo_threshold_career_historical_lady_wang_liting	3k_mtu_ceo_career_historical_lady_wang_liting	1	0	1	1	false
3k_mtu_ceo_threshold_career_historical_lady_wu_minyu	3k_mtu_ceo_career_historical_lady_wu_minyu	1	0	1	1	false
3k_mtu_ceo_threshold_career_historical_lady_xiao_qiao	3k_mtu_ceo_career_historical_lady_xiao_qiao	1	0	1	1	false
3k_mtu_ceo_threshold_career_historical_lady_zhang_jinglan	3k_mtu_ceo_career_historical_lady_zhang_jinglan	1	0	1	1	false
3k_mtu_ceo_threshold_career_historical_lady_zhang_xingcai	3k_mtu_ceo_career_historical_lady_zhang_xingcai	1	0	1	1	false
3k_mtu_ceo_threshold_career_historical_lady_zou_yuan	3k_mtu_ceo_career_historical_lady_zou_yuan	1	0	1	1	false
3k_mtu_ceo_threshold_career_historical_liu_shan	3k_mtu_ceo_career_historical_liu_shan	1	0	1	1	false
3k_mtu_ceo_threshold_career_historical_lu_jun	3k_mtu_ceo_career_historical_lu_jun	1	0	1	1	false
3k_mtu_ceo_threshold_career_historical_ma_dai	3k_mtu_ceo_career_historical_ma_dai	1	0	1	1	false
3k_mtu_ceo_threshold_career_historical_qu_gong	3k_mtu_ceo_career_historical_qu_gong	1	0	1	1	false
3k_mtu_ceo_threshold_career_historical_wu_anguo	3k_mtu_ceo_career_historical_wu_anguo	1	0	1	1	false
3k_mtu_ceo_threshold_career_historical_yan_xiang	3k_mtu_ceo_career_historical_yan_xiang	1	0	1	1	false
3k_mtu_ceo_threshold_career_historical_zhang_bao	3k_mtu_ceo_career_historical_zhang_bao	1	0	1	1	false
3k_mtu_ceo_threshold_career_historical_zhao_yun	3k_mtu_ceo_career_historical_zhao_yun	1	0	1	1	false
3k_mtu_ceo_threshold_career_historical_zhu_beng	3k_mtu_ceo_career_historical_zhu_beng	1	0	1	1	false
3k_mtu_ceo_threshold_career_historical_zhu_tu	3k_mtu_ceo_career_historical_zhu_tu	1	0	1	1	false
3k_mtu_threshold_ancillary_accessory_eight_principles_of_yong	3k_mtu_ancillary_accessory_eight_principles_of_yong	1	0	1	1	false
3k_mtu_threshold_ancillary_accessory_poem_of_sorrow_and_anger	3k_mtu_ancillary_accessory_poem_of_sorrow_and_anger	1	0	1	1	false
3k_mtu_threshold_ancillary_chen_jius_armour_unique	3k_mtu_ancillary_armour_chen_jius_armour_unique	1	0	1	1	false
3k_mtu_threshold_ancillary_chunyu_qiongs_armour_unique	3k_mtu_ancillary_armour_chunyu_qiongs_armour_unique	1	0	1	1	false
3k_mtu_threshold_ancillary_dong_mins_armour_unique	3k_mtu_ancillary_armour_dong_mins_armour_unique	1	0	1	1	false
3k_mtu_threshold_ancillary_empty_lunchpail	3k_mtu_ancillary_accessory_empty_lunchpail	1	0	1	1	false
3k_mtu_threshold_ancillary_gao_shuns_armour_unique	3k_mtu_ancillary_armour_gao_shuns_armour_unique	1	0	1	1	false
3k_mtu_threshold_ancillary_guan_xings_armour_unique	3k_mtu_ancillary_armour_guan_xings_armour_unique	1	0	1	1	false
3k_mtu_threshold_ancillary_guan_xuos_armour_unique	3k_mtu_ancillary_armour_guan_xuos_armour_unique	1	0	1	1	false
3k_mtu_threshold_ancillary_hidden_flow	3k_mtu_ancillary_weapon_hidden_flow	1	0	1	1	false
3k_mtu_threshold_ancillary_hua_xins_armour_unique	3k_mtu_ancillary_armour_hua_xins_armour_unique	1	0	1	1	false
3k_mtu_threshold_ancillary_huang_zus_armour_unique	3k_mtu_ancillary_armour_huang_zus_armour_unique	1	0	1	1	false
3k_mtu_threshold_ancillary_jian_yongs_armour_unique	3k_mtu_ancillary_armour_jian_yongs_armour_unique	1	0	1	1	false
3k_mtu_threshold_ancillary_lady_bian_huilans_armour_unique	3k_mtu_ancillary_armour_lady_bian_huilans_armour_unique	1	0	1	1	false
3k_mtu_threshold_ancillary_lady_cai_yans_armour_unique	3k_mtu_ancillary_armour_lady_cai_yans_armour_unique	1	0	1	1	false
3k_mtu_threshold_ancillary_lady_da_qiaos_armour_unique	3k_mtu_ancillary_armour_lady_da_qiaos_armour_unique	1	0	1	1	false
3k_mtu_threshold_ancillary_lady_diao_chans_armour_unique	3k_mtu_ancillary_armour_lady_diao_chans_armour_unique	1	0	1	1	false
3k_mtu_threshold_ancillary_lady_dong_bais_armour_unique	3k_mtu_ancillary_armour_lady_dong_bais_armour_unique	1	0	1	1	false
3k_mtu_threshold_ancillary_lady_dong_lis_armour_unique	3k_mtu_ancillary_armour_lady_dong_lis_armour_unique	1	0	1	1	false
3k_mtu_threshold_ancillary_lady_dong_peishans_armour_unique	3k_mtu_ancillary_armour_lady_dong_peishans_armour_unique	1	0	1	1	false
3k_mtu_threshold_ancillary_lady_feis_armour_unique	3k_mtu_ancillary_armour_lady_fei_armour_unique	1	0	1	1	false
3k_mtu_threshold_ancillary_lady_gao_zhulans_armour_unique	3k_mtu_ancillary_armour_lady_gao_zhulans_armour_unique	1	0	1	1	false
3k_mtu_threshold_ancillary_lady_gongsun_jintings_armour_unique	3k_mtu_ancillary_armour_lady_gongsun_jintings_armour_unique	1	0	1	1	false
3k_mtu_threshold_ancillary_lady_guan_yinpings_armour_unique	3k_mtu_ancillary_armour_lady_guan_yinpings_armour_unique	1	0	1	1	false
3k_mtu_threshold_ancillary_lady_lu_jis_armour_unique	3k_mtu_ancillary_armour_lady_lu_jis_armour_unique	1	0	1	1	false
3k_mtu_threshold_ancillary_lady_lu_zhengs_armour_unique	3k_mtu_ancillary_armour_lady_lu_zhengs_armour_unique	1	0	1	1	false
3k_mtu_threshold_ancillary_lady_ma_lanlis_armour_unique	3k_mtu_ancillary_armour_lady_ma_lanlis_armour_unique	1	0	1	1	false
3k_mtu_threshold_ancillary_lady_ma_yunlus_armour_unique	3k_mtu_ancillary_armour_lady_ma_yunlus_armour_unique	1	0	1	1	false
3k_mtu_threshold_ancillary_lady_shis_armour_unique	3k_mtu_ancillary_armour_lady_shis_armour_unique	1	0	1	1	false
3k_mtu_threshold_ancillary_lady_trieus_armour_unique	3k_mtu_ancillary_armour_lady_trieus_armour_unique	1	0	1	1	false
3k_mtu_threshold_ancillary_lady_wang_litings_armour_unique	3k_mtu_ancillary_armour_lady_wang_litings_armour_unique	1	0	1	1	false
3k_mtu_threshold_ancillary_lady_wu_minyus_armour_unique	3k_mtu_ancillary_armour_lady_wu_minyus_armour_unique	1	0	1	1	false
3k_mtu_threshold_ancillary_lady_xiao_qiaos_armour_unique	3k_mtu_ancillary_armour_lady_xiao_qiaos_armour_unique	1	0	1	1	false
3k_mtu_threshold_ancillary_lady_zhang_jinglans_armour_unique	3k_mtu_ancillary_armour_lady_zhang_jinglan_armour_unique	1	0	1	1	false
3k_mtu_threshold_ancillary_lady_zhang_xingcais_armour_unique	3k_mtu_ancillary_armour_lady_zhang_xingcais_armour_unique	1	0	1	1	false
3k_mtu_threshold_ancillary_lady_zou_yuans_armour_unique	3k_mtu_ancillary_armour_lady_zou_yuan_armour_unique	1	0	1	1	false
3k_mtu_threshold_ancillary_line_breaker	3k_mtu_ancillary_weapon_line_breaker	1	0	1	1	false
3k_mtu_threshold_ancillary_liu_shans_armour_unique	3k_mtu_ancillary_armour_liu_shans_armour_unique	1	0	1	1	false
3k_mtu_threshold_ancillary_lu_juns_armour_unique	3k_mtu_ancillary_armour_lu_juns_armour_unique	1	0	1	1	false
3k_mtu_threshold_ancillary_luo_juns_armour_unique	3k_mtu_ancillary_armour_luo_juns_armour_unique	1	0	1	1	false
3k_mtu_threshold_ancillary_ma_dais_armour_unique	3k_mtu_ancillary_armour_ma_dais_armour_unique	1	0	1	1	false
3k_mtu_threshold_ancillary_mount_lady_trieus_elephant_unique	3k_mtu_ancillary_mount_lady_trieus_elephant_unique	1	0	1	1	false
3k_mtu_threshold_ancillary_mount_white_horse_unique	3k_mtu_ancillary_mount_white_horse_unique	1	0	1	1	false
3k_mtu_threshold_ancillary_phoenix_beak	3k_mtu_ancillary_weapon_phoenix_beak	1	0	1	1	false
3k_mtu_threshold_ancillary_qu_gongs_armour_unique	3k_mtu_ancillary_armour_qu_gongs_armour_unique	1	0	1	1	false
3k_mtu_threshold_ancillary_shen_peis_armour_unique	3k_mtu_ancillary_armour_shen_peis_armour_unique	1	0	1	1	false
3k_mtu_threshold_ancillary_weapon_comet_spear	3k_mtu_ancillary_weapon_comet_spear	1	0	1	1	false
3k_mtu_threshold_ancillary_weapon_dachui	3k_mtu_ancillary_weapon_dachui	1	0	1	1	false
3k_mtu_threshold_ancillary_weapon_diplomat	3k_mtu_ancillary_weapon_diplomat	1	0	1	1	false
3k_mtu_threshold_ancillary_weapon_goshawk	3k_mtu_ancillary_weapon_goshawk	1	0	1	1	false
3k_mtu_threshold_ancillary_weapon_hawk	3k_mtu_ancillary_weapon_hawk	1	0	1	1	false
3k_mtu_threshold_ancillary_weapon_hidden_flow_faction	3k_mtu_ancillary_weapon_hidden_flow_faction	1	0	1	1	false
3k_mtu_threshold_ancillary_weapon_hometowns_bow	3k_mtu_ancillary_weapon_hometowns_bow	1	0	1	1	false
3k_mtu_threshold_ancillary_weapon_invincible	3k_mtu_ancillary_weapon_invincible	1	0	1	1	false
3k_mtu_threshold_ancillary_weapon_juque	3k_mtu_ancillary_weapon_juque	1	0	1	1	false
3k_mtu_threshold_ancillary_weapon_line_breaker_faction	3k_mtu_ancillary_weapon_line_breaker_faction	1	0	1	1	false
3k_mtu_threshold_ancillary_weapon_mothers_bow	3k_mtu_ancillary_weapon_mothers_bow	1	0	1	1	false
3k_mtu_threshold_ancillary_weapon_phoenix_beak_faction	3k_mtu_ancillary_weapon_phoenix_beak_faction	1	0	1	1	false
3k_mtu_threshold_ancillary_weapon_point_piercer	3k_mtu_ancillary_weapon_point_piercer	1	0	1	1	false
3k_mtu_threshold_ancillary_weapon_sharp_light	3k_mtu_ancillary_weapon_sharp_light	1	0	1	1	false
3k_mtu_threshold_ancillary_weapon_shengxie	3k_mtu_ancillary_weapon_shengxie	1	0	1	1	false
3k_mtu_threshold_ancillary_weapon_wind_of_north	3k_mtu_ancillary_weapon_wind_of_north	1	0	1	1	false
3k_mtu_threshold_ancillary_weapon_wind_of_taiyuan	3k_mtu_ancillary_weapon_wind_of_taiyuan	1	0	1	1	false
3k_mtu_threshold_ancillary_weapon_young_dragon	3k_mtu_ancillary_weapon_young_dragon	1	0	1	1	false
3k_mtu_threshold_ancillary_wu_anguos_armour_unique	3k_mtu_ancillary_armour_wu_anguos_armour_unique	1	0	1	1	false
3k_mtu_threshold_ancillary_yan_xiangs_armour_unique	3k_mtu_ancillary_armour_yan_xiangs_armour_unique	1	0	1	1	false
3k_mtu_threshold_ancillary_zhang_baos_armour_unique	3k_mtu_ancillary_armour_zhang_baos_armour_unique	1	0	1	1	false
3k_mtu_threshold_ancillary_zhao_yuns_armour_unique	3k_mtu_ancillary_armour_zhao_yuns_armour_unique	1	0	1	1	false
3k_ytr_ceo_equipment_permissions_armour_metal	3k_ytr_ceo_equipment_permissions_armour_metal	1	0	1	1	false
3k_ytr_ceo_equipment_permissions_armour_water	3k_ytr_ceo_equipment_permissions_armour_water	1	0	1	1	false
3k_ytr_ceo_equipment_permissions_armour_wood	3k_ytr_ceo_equipment_permissions_armour_wood	1	0	1	1	false
3k_ytr_ceo_equipment_permissions_weapons_metal	3k_ytr_ceo_equipment_permissions_weapons_metal	1	0	1	1	false
3k_ytr_ceo_equipment_permissions_weapons_water	3k_ytr_ceo_equipment_permissions_weapons_water	1	0	1	1	false
3k_ytr_ceo_equipment_permissions_weapons_wood	3k_ytr_ceo_equipment_permissions_weapons_wood	1	0	1	1	false
3k_ytr_ceo_threshold_ancillary_accessory_simple_carving_of_huang_lao	3k_ytr_ancillary_accessory_simple_carving_of_huang_lao	1	0	1	1	false
3k_ytr_ceo_threshold_ancillary_accessory_stone_statue_of_zhang_bao	3k_ytr_ancillary_accessory_stone_statue_of_zhang_bao	1	0	1	1	false
3k_ytr_ceo_threshold_ancillary_accessory_stone_statue_of_zhang_jue	3k_ytr_ancillary_accessory_stone_statue_of_zhang_jue	1	0	1	1	false
3k_ytr_ceo_threshold_ancillary_accessory_stone_statue_of_zhang_liang	3k_ytr_ancillary_accessory_stone_statue_of_zhang_liang	1	0	1	1	false
3k_ytr_ceo_threshold_ancillary_armour_healer_yellow_turban_common	3k_ytr_ancillary_armour_healer_yellow_turban_common	1	0	1	1	false
3k_ytr_ceo_threshold_ancillary_armour_healer_yellow_turban_exceptional	3k_ytr_ancillary_armour_healer_yellow_turban_exceptional	1	0	1	1	false
3k_ytr_ceo_threshold_ancillary_armour_healer_yellow_turban_refined	3k_ytr_ancillary_armour_healer_yellow_turban_refined	1	0	1	1	false
3k_ytr_ceo_threshold_ancillary_armour_healer_yellow_turban_unique	3k_ytr_ancillary_armour_healer_yellow_turban_unique	1	0	1	1	false
3k_ytr_ceo_threshold_ancillary_armour_scholar_medium_yellow_turban_common	3k_ytr_ancillary_armour_scholar_medium_yellow_turban_common	1	0	1	1	false
3k_ytr_ceo_threshold_ancillary_armour_scholar_medium_yellow_turban_exceptional	3k_ytr_ancillary_armour_scholar_medium_yellow_turban_exceptional	1	0	1	1	false
3k_ytr_ceo_threshold_ancillary_armour_scholar_medium_yellow_turban_refined	3k_ytr_ancillary_armour_scholar_medium_yellow_turban_refined	1	0	1	1	false
3k_ytr_ceo_threshold_ancillary_armour_scholar_medium_yellow_turban_unique	3k_ytr_ancillary_armour_scholar_medium_yellow_turban_unique	1	0	1	1	false
3k_ytr_ceo_threshold_ancillary_armour_veteran_medium_yellow_turban_common	3k_ytr_ancillary_armour_veteran_medium_yellow_turban_common	1	0	1	1	false
3k_ytr_ceo_threshold_ancillary_armour_veteran_medium_yellow_turban_exceptional	3k_ytr_ancillary_armour_veteran_medium_yellow_turban_exceptional	1	0	1	1	false
3k_ytr_ceo_threshold_ancillary_armour_veteran_medium_yellow_turban_refined	3k_ytr_ancillary_armour_veteran_medium_yellow_turban_refined	1	0	1	1	false
3k_ytr_ceo_threshold_ancillary_armour_veteran_medium_yellow_turban_unique	3k_ytr_ancillary_armour_veteran_medium_yellow_turban_unique	1	0	1	1	false
3k_ytr_ceo_threshold_ancillary_weapon_2h_ball_mace_common	3k_ytr_ancillary_weapon_2h_ball_mace_common	1	0	1	1	false
3k_ytr_ceo_threshold_ancillary_weapon_2h_ball_mace_exceptional	3k_ytr_ancillary_weapon_2h_ball_mace_exceptional	1	0	1	1	false
3k_ytr_ceo_threshold_ancillary_weapon_2h_ball_mace_refined	3k_ytr_ancillary_weapon_2h_ball_mace_refined	1	0	1	1	false
3k_ytr_ceo_threshold_ancillary_weapon_2h_ball_mace_unique	3k_ytr_ancillary_weapon_2h_ball_mace_unique	1	0	1	1	false
3k_ytr_ceo_threshold_ancillary_weapon_dual_maces_common	3k_ytr_ancillary_weapon_dual_maces_common	1	0	1	1	false
3k_ytr_ceo_threshold_ancillary_weapon_dual_maces_exceptional	3k_ytr_ancillary_weapon_dual_maces_exceptional	1	0	1	1	false
3k_ytr_ceo_threshold_ancillary_weapon_dual_maces_refined	3k_ytr_ancillary_weapon_dual_maces_refined	1	0	1	1	false
3k_ytr_ceo_threshold_ancillary_weapon_dual_maces_unique	3k_ytr_ancillary_weapon_dual_maces_unique	1	0	1	1	false
3k_ytr_ceo_threshold_ancillary_weapon_staff_common	3k_ytr_ancillary_weapon_staff_common	1	0	1	1	false
3k_ytr_ceo_threshold_ancillary_weapon_staff_exceptional	3k_ytr_ancillary_weapon_staff_exceptional	1	0	1	1	false
3k_ytr_ceo_threshold_ancillary_weapon_staff_refined	3k_ytr_ancillary_weapon_staff_refined	1	0	1	1	false
3k_ytr_ceo_threshold_ancillary_weapon_staff_unique	3k_ytr_ancillary_weapon_staff_unique	1	0	1	1	false
3k_ytr_ceo_threshold_career_heaven_astrologer	3k_ytr_ceo_career_heaven_astrologer	1	0	1	1	false
3k_ytr_ceo_threshold_career_heaven_monk	3k_ytr_ceo_career_heaven_monk	1	0	1	1	false
3k_ytr_ceo_threshold_career_heaven_philosopher	3k_ytr_ceo_career_heaven_philosopher	1	0	1	1	false
3k_ytr_ceo_threshold_career_heaven_sorcerer	3k_ytr_ceo_career_heaven_sorcerer	1	0	1	1	false
3k_ytr_ceo_threshold_career_heaven_writer	3k_ytr_ceo_career_heaven_writer	1	0	1	1	false
3k_ytr_ceo_threshold_career_land_brewer	3k_ytr_ceo_career_land_brewer	1	0	1	1	false
3k_ytr_ceo_threshold_career_land_builder	3k_ytr_ceo_career_land_builder	1	0	1	1	false
3k_ytr_ceo_threshold_career_land_farmer	3k_ytr_ceo_career_land_farmer	1	0	1	1	false
3k_ytr_ceo_threshold_career_land_jade_carver	3k_ytr_ceo_career_land_jade_carver	1	0	1	1	false
3k_ytr_ceo_threshold_career_land_potter	3k_ytr_ceo_career_land_potter	1	0	1	1	false
3k_ytr_ceo_threshold_career_people_advisor	3k_ytr_ceo_career_people_advisor	1	0	1	1	false
3k_ytr_ceo_threshold_career_people_entertainer	3k_ytr_ceo_career_people_entertainer	1	0	1	1	false
3k_ytr_ceo_threshold_career_people_fortune_teller	3k_ytr_ceo_career_people_fortune_teller	1	0	1	1	false
3k_ytr_ceo_threshold_career_people_musician	3k_ytr_ceo_career_people_musician	1	0	1	1	false
3k_ytr_ceo_threshold_career_people_physician	3k_ytr_ceo_career_people_physician	1	0	1	1	false
3k_ytr_ceo_threshold_class_heaven	3k_ytr_ceo_class_heaven	1	0	1	1	false
3k_ytr_ceo_threshold_class_land	3k_ytr_ceo_class_land	1	0	1	1	false
3k_ytr_ceo_threshold_class_people	3k_ytr_ceo_class_people	1	0	1	1	false
3k_ytr_ceo_threshold_learning_student	3k_ytr_ceo_learning_student	1	0	1	400	false
3k_ytr_ceo_threshold_learning_student_non_yt	3k_ytr_ceo_learning_student_non_yt	1	0	1	400	false
3k_ytr_ceo_threshold_learning_teacher	3k_ytr_ceo_learning_teacher	1	0	1	9999	false
3k_ytr_ceo_threshold_trait_personality_benevolent	3k_ytr_ceo_trait_personality_benevolent	1	0	1	1	false
3k_ytr_ceo_threshold_trait_personality_gentle_hearted	3k_ytr_ceo_trait_personality_gentle_hearted	1	0	1	1	false
3k_ytr_ceo_threshold_trait_personality_heaven_bright	3k_ytr_ceo_trait_personality_heaven_bright	1	0	1	1	false
3k_ytr_ceo_threshold_trait_personality_heaven_creative	3k_ytr_ceo_trait_personality_heaven_creative	1	0	1	1	false
3k_ytr_ceo_threshold_trait_personality_heaven_honest	3k_ytr_ceo_trait_personality_heaven_honest	1	0	1	1	false
3k_ytr_ceo_threshold_trait_personality_heaven_selfless	3k_ytr_ceo_trait_personality_heaven_selfless	1	0	1	1	false
3k_ytr_ceo_threshold_trait_personality_heaven_tolerant	3k_ytr_ceo_trait_personality_heaven_tolerant	1	0	1	1	false
3k_ytr_ceo_threshold_trait_personality_heaven_tranquil	3k_ytr_ceo_trait_personality_heaven_tranquil	1	0	1	1	false
3k_ytr_ceo_threshold_trait_personality_heaven_wise	3k_ytr_ceo_trait_personality_heaven_wise	1	0	1	1	false
3k_ytr_ceo_threshold_trait_personality_land_alert	3k_ytr_ceo_trait_personality_land_alert	1	0	1	1	false
3k_ytr_ceo_threshold_trait_personality_land_aspiring	3k_ytr_ceo_trait_personality_land_aspiring	1	0	1	1	false
3k_ytr_ceo_threshold_trait_personality_land_composed	3k_ytr_ceo_trait_personality_land_composed	1	0	1	1	false
3k_ytr_ceo_threshold_trait_personality_land_courageous	3k_ytr_ceo_trait_personality_land_courageous	1	0	1	1	false
3k_ytr_ceo_threshold_trait_personality_land_generous	3k_ytr_ceo_trait_personality_land_generous	1	0	1	1	false
3k_ytr_ceo_threshold_trait_personality_land_powerful	3k_ytr_ceo_trait_personality_land_powerful	1	0	1	1	false
3k_ytr_ceo_threshold_trait_personality_land_proud	3k_ytr_ceo_trait_personality_land_proud	1	0	1	1	false
3k_ytr_ceo_threshold_trait_personality_people_amiable	3k_ytr_ceo_trait_personality_people_amiable	1	0	1	1	false
3k_ytr_ceo_threshold_trait_personality_people_cheerful	3k_ytr_ceo_trait_personality_people_cheerful	1	0	1	1	false
3k_ytr_ceo_threshold_trait_personality_people_compassionate	3k_ytr_ceo_trait_personality_people_compassionate	1	0	1	1	false
3k_ytr_ceo_threshold_trait_personality_people_friendly	3k_ytr_ceo_trait_personality_people_friendly	1	0	1	1	false
3k_ytr_ceo_threshold_trait_personality_people_people_pleaser	3k_ytr_ceo_trait_personality_people_people_pleaser	1	0	1	1	false
3k_ytr_ceo_threshold_trait_personality_people_stern	3k_ytr_ceo_trait_personality_people_stern	1	0	1	1	false
3k_ytr_ceo_threshold_trait_personality_people_understanding	3k_ytr_ceo_trait_personality_people_understanding	1	0	1	1	false
3k_ytr_ceo_threshold_trait_personality_relentless	3k_ytr_ceo_trait_personality_relentless	1	0	1	1	false
3k_ytr_ceo_threshold_trait_personality_simple	3k_ytr_ceo_trait_personality_simple	1	0	1	1	false
3k_ytr_ceo_threshold_trait_personality_stalwart	3k_ytr_ceo_trait_personality_stalwart	1	0	1	1	false
3k_ytr_ceo_threshold_trait_personality_strong_willed	3k_ytr_ceo_trait_personality_strong_willed	1	0	1	1	false
3k_ytr_ceo_threshold_trait_personality_temperamental	3k_ytr_ceo_trait_personality_temperamental	1	0	1	1	false
3k_ytr_ceo_threshold_trait_personality_trustworthy	3k_ytr_ceo_trait_personality_trustworthy	1	0	1	1	false
3k_ytr_ceo_threshold_trait_personality_vindictive	3k_ytr_ceo_trait_personality_vindictive	1	0	1	1	false
3k_ytr_ceo_threshold_trait_physical_feared	3k_ytr_ceo_trait_physical_feared	1	0	1	1	false
3k_ytr_ceo_threshold_trait_physical_healer_of_people	3k_ytr_ceo_trait_physical_healer_of_people	1	0	1	1	false
3k_ytr_ceo_threshold_trait_physical_impeccable	3k_ytr_ceo_trait_physical_impeccable	1	0	1	1	false
3k_ytr_ceo_threshold_trait_physical_leader_of_people	3k_ytr_ceo_trait_physical_leader_of_people	1	0	1	1	false
3k_ytr_ceo_threshold_trait_physical_protector_of_people	3k_ytr_ceo_trait_physical_protector_of_people	1	0	1	1	false
3k_ytr_ceo_threshold_trait_physical_sprained_ankle	3k_ytr_ceo_trait_physical_sprained_ankle	1	0	1	10	false
3k_ytr_ceo_threshold_trait_physical_wound	3k_ytr_ceo_trait_physical_wound	1	0	1	10	false
3k_ytr_threshold_ancillary_armour_he_mans_armour_unique	3k_ytr_ancillary_armour_he_mans_armour_unique	1	0	1	1	false
3k_ytr_threshold_ancillary_armour_pei_yuanshaos_armour_unique	3k_ytr_ancillary_armour_pei_yuanshaos_armour_unique	1	0	1	1	false
3k_ytr_threshold_ancillary_armour_zhang_kais_armour_unique	3k_ytr_ancillary_armour_zhang_kais_armour_unique	1	0	1	1	false
ep_ceo_threshold_career_historical_cao_huan	ep_ceo_career_historical_cao_huan	1	0	1	1	false
ep_ceo_threshold_career_historical_gongsun_hong	ep_ceo_career_historical_gongsun_hong	1	0	1	1	false
ep_ceo_threshold_career_historical_he_lun	ep_ceo_career_historical_he_lun	1	0	1	1	false
ep_ceo_threshold_career_historical_huangfu_shang	ep_ceo_career_historical_huangfu_shang	1	0	1	1	false
ep_ceo_threshold_career_historical_jia_mi	ep_ceo_career_historical_jia_mi	1	0	1	1	false
ep_ceo_threshold_career_historical_jia_mo	ep_ceo_career_historical_jia_mo	1	0	1	1	false
ep_ceo_threshold_career_historical_li_han	ep_ceo_career_historical_li_han	1	0	1	1	false
ep_ceo_threshold_career_historical_liu_qi	ep_ceo_career_historical_liu_qi	1	0	1	1	false
ep_ceo_threshold_career_historical_liu_shen	ep_ceo_career_historical_liu_shen	1	0	1	1	false
ep_ceo_threshold_career_historical_lu_ji	ep_ceo_career_historical_lu_ji	1	0	1	1	false
ep_ceo_threshold_career_historical_lu_zhi	ep_ceo_career_historical_lu_zhi	1	0	1	1	false
ep_ceo_threshold_career_historical_pei_wei	ep_ceo_career_historical_pei_wei	1	0	1	1	false
ep_ceo_threshold_career_historical_princess_pei	ep_ceo_career_historical_princess_pei	1	0	1	1	false
ep_ceo_threshold_career_historical_qi_sheng	ep_ceo_career_historical_qi_sheng	1	0	1	1	false
ep_ceo_threshold_career_historical_shi_chao	ep_ceo_career_historical_shi_chao	1	0	1	1	false
ep_ceo_threshold_career_historical_sima_ai	ep_ceo_career_historical_sima_ai	1	0	1	1	false
ep_ceo_threshold_career_historical_sima_cui	ep_ceo_career_historical_sima_cui	1	0	1	1	false
ep_ceo_threshold_career_historical_sima_jiong	ep_ceo_career_historical_sima_jiong	1	0	1	1	false
ep_ceo_threshold_career_historical_sima_ju	ep_ceo_career_historical_sima_ju	1	0	1	1	false
ep_ceo_threshold_career_historical_sima_liang	ep_ceo_career_historical_sima_liang	1	0	1	1	false
ep_ceo_threshold_career_historical_sima_lun	ep_ceo_career_historical_sima_lun	1	0	1	1	false
ep_ceo_threshold_career_historical_sima_song	ep_ceo_career_historical_sima_song	1	0	1	1	false
ep_ceo_threshold_career_historical_sima_wei	ep_ceo_career_historical_sima_wei	1	0	1	1	false
ep_ceo_threshold_career_historical_sima_ying	ep_ceo_career_historical_sima_ying	1	0	1	1	false
ep_ceo_threshold_career_historical_sima_yong	ep_ceo_career_historical_sima_yong	1	0	1	1	false
ep_ceo_threshold_career_historical_sima_yu_earth	ep_ceo_career_historical_sima_yu_earth	1	0	1	1	false
ep_ceo_threshold_career_historical_sima_yu_metal	ep_ceo_career_historical_sima_yu_metal	1	0	1	1	false
ep_ceo_threshold_career_historical_sima_yue	ep_ceo_career_historical_sima_yue	1	0	1	1	false
ep_ceo_threshold_career_historical_sun_xiu	ep_ceo_career_historical_sun_xiu	1	0	1	1	false
ep_ceo_threshold_career_historical_wei_guan	ep_ceo_career_historical_wei_guan	1	0	1	1	false
ep_ceo_threshold_career_historical_zhang_fang	ep_ceo_career_historical_zhang_fang	1	0	1	1	false
ep_ceo_threshold_career_historical_zhang_hua	ep_ceo_career_historical_zhang_hua	1	0	1	1	false
ep_dyn_ceo_threshold_ancillary_armour_cao_caos_armour_unique	ep_dyn_ancillary_armour_cao_caos_armour_unique	1	0	1	1	false
ep_dyn_ceo_threshold_ancillary_armour_dian_weis_armour_unique	ep_dyn_ancillary_armour_dian_weis_armour_unique	1	0	1	1	false
ep_dyn_ceo_threshold_ancillary_armour_dong_zhuos_armour_unique	ep_dyn_ancillary_armour_dong_zhuos_armour_unique	1	0	1	1	false
ep_dyn_ceo_threshold_ancillary_armour_gan_nings_armour_unique	ep_dyn_ancillary_armour_gan_nings_armour_unique	1	0	1	1	false
ep_dyn_ceo_threshold_ancillary_armour_gongsun_zans_armour_unique	ep_dyn_ancillary_armour_gongsun_zans_armour_unique	1	0	1	1	false
ep_dyn_ceo_threshold_ancillary_armour_guan_yus_armour_unique	ep_dyn_ancillary_armour_guan_yus_armour_unique	1	0	1	1	false
ep_dyn_ceo_threshold_ancillary_armour_han_suis_armour_unique	ep_dyn_ancillary_armour_han_suis_armour_unique	1	0	1	1	false
ep_dyn_ceo_threshold_ancillary_armour_huang_zhongs_armour_unique	ep_dyn_ancillary_armour_huang_zhongs_armour_unique	1	0	1	1	false
ep_dyn_ceo_threshold_ancillary_armour_kong_rongs_armour_unique	ep_dyn_ancillary_armour_kong_rongs_armour_unique	1	0	1	1	false
ep_dyn_ceo_threshold_ancillary_armour_lady_suns_armour_unique	ep_dyn_ancillary_armour_lady_suns_armour_unique	1	0	1	1	false
ep_dyn_ceo_threshold_ancillary_armour_liu_beis_armour_unique	ep_dyn_ancillary_armour_liu_beis_armour_unique	1	0	1	1	false
ep_dyn_ceo_threshold_ancillary_armour_liu_biaos_armour_unique	ep_dyn_ancillary_armour_liu_biaos_armour_unique	1	0	1	1	false
ep_dyn_ceo_threshold_ancillary_armour_liu_zhangs_armour_unique	ep_dyn_ancillary_armour_liu_zhangs_armour_unique	1	0	1	1	false
ep_dyn_ceo_threshold_ancillary_armour_lu_bus_armour_unique	ep_dyn_ancillary_armour_lu_bus_armour_unique	1	0	1	1	false
ep_dyn_ceo_threshold_ancillary_armour_ma_chaos_armour_unique	ep_dyn_ancillary_armour_ma_chaos_armour_unique	1	0	1	1	false
ep_dyn_ceo_threshold_ancillary_armour_ma_tengs_armour_unique	ep_dyn_ancillary_armour_ma_tengs_armour_unique	1	0	1	1	false
ep_dyn_ceo_threshold_ancillary_armour_sima_yis_armour_unique	ep_dyn_ancillary_armour_sima_yis_armour_unique	1	0	1	1	false
ep_dyn_ceo_threshold_ancillary_armour_sun_ces_armour_unique	ep_dyn_ancillary_armour_sun_ces_armour_unique	1	0	1	1	false
ep_dyn_ceo_threshold_ancillary_armour_sun_jians_armour_unique	ep_dyn_ancillary_armour_sun_jians_armour_unique	1	0	1	1	false
ep_dyn_ceo_threshold_ancillary_armour_sun_quans_armour_unique	ep_dyn_ancillary_armour_sun_quans_armour_unique	1	0	1	1	false
ep_dyn_ceo_threshold_ancillary_armour_taishi_cis_armour_unique	ep_dyn_ancillary_armour_taishi_cis_armour_unique	1	0	1	1	false
ep_dyn_ceo_threshold_ancillary_armour_tao_qians_armour_unique	ep_dyn_ancillary_armour_tao_qians_armour_unique	1	0	1	1	false
ep_dyn_ceo_threshold_ancillary_armour_xiahou_duns_armour_unique	ep_dyn_ancillary_armour_xiahou_duns_armour_unique	1	0	1	1	false
ep_dyn_ceo_threshold_ancillary_armour_xiahou_yuans_armour_unique	ep_dyn_ancillary_armour_xiahou_yuans_armour_unique	1	0	1	1	false
ep_dyn_ceo_threshold_ancillary_armour_xu_chus_armour_unique	ep_dyn_ancillary_armour_xu_chus_armour_unique	1	0	1	1	false
ep_dyn_ceo_threshold_ancillary_armour_xu_huangs_armour_unique	ep_dyn_ancillary_armour_xu_huangs_armour_unique	1	0	1	1	false
ep_dyn_ceo_threshold_ancillary_armour_yuan_shaos_armour_unique	ep_dyn_ancillary_armour_yuan_shaos_armour_unique	1	0	1	1	false
ep_dyn_ceo_threshold_ancillary_armour_yuan_shus_armour_unique	ep_dyn_ancillary_armour_yuan_shus_armour_unique	1	0	1	1	false
ep_dyn_ceo_threshold_ancillary_armour_yue_jins_armour_unique	ep_dyn_ancillary_armour_yue_jins_armour_unique	1	0	1	1	false
ep_dyn_ceo_threshold_ancillary_armour_zhang_feis_armour_unique	ep_dyn_ancillary_armour_zhang_feis_armour_unique	1	0	1	1	false
ep_dyn_ceo_threshold_ancillary_armour_zhang_liaos_armour_unique	ep_dyn_ancillary_armour_zhang_liaos_armour_unique	1	0	1	1	false
ep_dyn_ceo_threshold_ancillary_armour_zhang_yans_armour_unique	ep_dyn_ancillary_armour_zhang_yans_armour_unique	1	0	1	1	false
ep_dyn_ceo_threshold_ancillary_armour_zhao_yuns_armour_unique	ep_dyn_ancillary_armour_zhao_yuns_armour_unique	1	0	1	1	false
ep_dyn_ceo_threshold_ancillary_armour_zheng_jiangs_armour_unique	ep_dyn_ancillary_armour_zheng_jiangs_armour_unique	1	0	1	1	false
ep_dyn_ceo_threshold_ancillary_armour_zhou_yus_armour_unique	ep_dyn_ancillary_armour_zhou_yus_armour_unique	1	0	1	1	false
ep_dyn_ceo_threshold_ancillary_armour_zhuge_liangs_armour_unique	ep_dyn_ancillary_armour_zhuge_liangs_armour_unique	1	0	1	1	false
ep_dyn_ceo_threshold_ancillary_mount_black_elite	ep_dyn_ancillary_mount_black_elite	1	0	1	1	false
ep_dyn_ceo_threshold_ancillary_mount_brown_elite	ep_dyn_ancillary_mount_brown_elite	1	0	1	1	false
ep_dyn_ceo_threshold_ancillary_mount_grey_elite	ep_dyn_ancillary_mount_grey_elite	1	0	1	1	false
ep_dyn_ceo_threshold_ancillary_mount_red_elite	ep_dyn_ancillary_mount_red_elite	1	0	1	1	false
ep_dyn_ceo_threshold_ancillary_mount_red_hare	ep_dyn_ancillary_mount_red_hare	1	0	1	1	false
ep_dyn_ceo_threshold_ancillary_mount_shadow_runner	ep_dyn_ancillary_mount_shadow_runner	1	0	1	1	false
ep_dyn_ceo_threshold_ancillary_mount_white_elite	ep_dyn_ancillary_mount_white_elite	1	0	1	1	false
ep_dyn_ceo_threshold_ancillary_weapon_axes_of_the_bandit_queen	ep_dyn_ancillary_weapon_axes_of_the_bandit_queen	1	0	1	1	false
ep_dyn_ceo_threshold_ancillary_weapon_blade_of_xiang_yu	ep_dyn_ancillary_weapon_blade_of_xiang_yu	1	0	1	1	false
ep_dyn_ceo_threshold_ancillary_weapon_bow_huang_zhong	ep_dyn_ancillary_weapon_bow_huang_zhong	1	0	1	1	false
ep_dyn_ceo_threshold_ancillary_weapon_bow_taishi_ci	ep_dyn_ancillary_weapon_bow_taishi_ci	1	0	1	1	false
ep_dyn_ceo_threshold_ancillary_weapon_ceremonial_sword_unique	ep_dyn_ancillary_weapon_ceremonial_sword_unique	1	0	1	1	false
ep_dyn_ceo_threshold_ancillary_weapon_cleaver_of_mountains_unique	ep_dyn_ancillary_weapon_cleaver_of_mountains_unique	1	0	1	1	false
ep_dyn_ceo_threshold_ancillary_weapon_composite_bow_unique	ep_dyn_ancillary_weapon_composite_bow_unique	1	0	1	1	false
ep_dyn_ceo_threshold_ancillary_weapon_double_edged_sword_unique	ep_dyn_ancillary_weapon_double_edged_sword_unique	1	0	1	1	false
ep_dyn_ceo_threshold_ancillary_weapon_dual_axes_exceptional	ep_dyn_ancillary_weapon_dual_axes_exceptional	1	0	1	1	false
ep_dyn_ceo_threshold_ancillary_weapon_dual_short_ji_exceptional	ep_dyn_ancillary_weapon_dual_short_ji_exceptional	1	0	1	1	false
ep_dyn_ceo_threshold_ancillary_weapon_giant_mace_unique	ep_dyn_ancillary_weapon_giant_mace_unique	1	0	1	1	false
ep_dyn_ceo_threshold_ancillary_weapon_green_dragon_crescent_blade	ep_dyn_ancillary_weapon_green_dragon_crescent_blade	1	0	1	1	false
ep_dyn_ceo_threshold_ancillary_weapon_ma_su	ep_dyn_ancillary_weapon_ma_su	1	0	1	1	false
ep_dyn_ceo_threshold_ancillary_weapon_serpent_spear	ep_dyn_ancillary_weapon_serpent_spear	1	0	1	1	false
ep_dyn_ceo_threshold_ancillary_weapon_short_ji_exceptional	ep_dyn_ancillary_weapon_short_ji_exceptional	1	0	1	1	false
ep_dyn_ceo_threshold_ancillary_weapon_shuang_gu_jian	ep_dyn_ancillary_weapon_shuang_gu_jian	1	0	1	1	false
ep_dyn_ceo_threshold_ancillary_weapon_the_blue_blade	ep_dyn_ancillary_weapon_the_blue_blade	1	0	1	1	false
ep_dyn_ceo_threshold_ancillary_weapon_trident_halberd	ep_dyn_ancillary_weapon_trident_halberd	1	0	1	1	false
ep_dyn_ceo_threshold_ancillary_weapon_trust_of_god	ep_dyn_ancillary_weapon_trust_of_god	1	0	1	1	false
ep_dyn_ceo_threshold_ancillary_weapon_two_handed_spear_unique	ep_dyn_ancillary_weapon_two_handed_spear_unique	1	0	1	1	false
ep_threshold_ancillary_armour_heavy_armour_fire_extraordinary	ep_ancillary_armour_heavy_armour_fire_extraordinary	1	0	1	1	false
ep_threshold_ancillary_armour_heavy_armour_fire_unique	ep_ancillary_armour_heavy_armour_fire_unique	1	0	1	1	false
ep_threshold_ancillary_armour_heavy_armour_wood_extraordinary	ep_ancillary_armour_heavy_armour_wood_extraordinary	1	0	1	1	false
ep_threshold_ancillary_armour_heavy_armour_wood_unique	ep_ancillary_armour_heavy_armour_wood_unique	1	0	1	1	false
ep_threshold_ancillary_armour_light_armour_earth_extraordinary	ep_ancillary_armour_light_armour_earth_extraordinary	1	0	1	1	false
ep_threshold_ancillary_armour_light_armour_earth_unique	ep_ancillary_armour_light_armour_earth_unique	1	0	1	1	false
ep_threshold_ancillary_armour_light_armour_metal_extraordinary	ep_ancillary_armour_light_armour_metal_extraordinary	1	0	1	1	false
ep_threshold_ancillary_armour_light_armour_metal_unique	ep_ancillary_armour_light_armour_metal_unique	1	0	1	1	false
ep_threshold_ancillary_armour_medium_armour_earth_extraordinary	ep_ancillary_armour_medium_armour_earth_extraordinary	1	0	1	1	false
ep_threshold_ancillary_armour_medium_armour_earth_unique	ep_ancillary_armour_medium_armour_earth_unique	1	0	1	1	false
ep_threshold_ancillary_armour_medium_armour_fire_extraordinary	ep_ancillary_armour_medium_armour_fire_extraordinary	1	0	1	1	false
ep_threshold_ancillary_armour_medium_armour_fire_unique	ep_ancillary_armour_medium_armour_fire_unique	1	0	1	1	false
ep_threshold_ancillary_armour_medium_armour_metal_extraordinary	ep_ancillary_armour_medium_armour_metal_extraordinary	1	0	1	1	false
ep_threshold_ancillary_armour_medium_armour_metal_unique	ep_ancillary_armour_medium_armour_metal_unique	1	0	1	1	false
ep_threshold_ancillary_armour_medium_armour_wood_extraordinary	ep_ancillary_armour_medium_armour_wood_extraordinary	1	0	1	1	false
ep_threshold_ancillary_armour_medium_armour_wood_unique	ep_ancillary_armour_medium_armour_wood_unique	1	0	1	1	false
ep_threshold_ancillary_armour_strategist_light_armour_water_extraordinary	ep_ancillary_armour_strategist_light_armour_water_extraordinary	1	0	1	1	false
ep_threshold_ancillary_armour_strategist_light_armour_water_unique	ep_ancillary_armour_strategist_light_armour_water_unique	1	0	1	1	false
ep_threshold_ancillary_sima_ai_armour_unique	ep_ancillary_sima_ai_armour_unique	1	0	1	1	false
ep_threshold_ancillary_sima_jiong_armour_unique	ep_ancillary_sima_jiong_armour_unique	1	0	1	1	false
ep_threshold_ancillary_sima_liang_armour_unique	ep_ancillary_sima_liang_armour_unique	1	0	1	1	false
ep_threshold_ancillary_sima_lun_armour_unique	ep_ancillary_sima_lun_armour_unique	1	0	1	1	false
ep_threshold_ancillary_sima_wei_armour_unique	ep_ancillary_sima_wei_armour_unique	1	0	1	1	false
ep_threshold_ancillary_sima_ying_armour_unique	ep_ancillary_sima_ying_armour_unique	1	0	1	1	false
ep_threshold_ancillary_sima_yong_armour_unique	ep_ancillary_sima_yong_armour_unique	1	0	1	1	false
ep_threshold_ancillary_sima_yue_armour_unique	ep_ancillary_sima_yue_armour_unique	1	0	1	1	false
ironic_ancillary_accessory_gan_ning_bow_unique	ironic_ancillary_accessory_gan_ning_bow_unique	1	0	1	1	false
ironic_ancillary_weapon_ling_tong_twin_jis_unique	ironic_ancillary_weapon_ling_tong_twin_jis_unique	1	0	1	1	false
ironic_ancillary_weapon_pan_zhang_axe_unique	ironic_ancillary_weapon_pan_zhang_axe_unique	1	0	1	1	false
ironic_ancillary_weapon_xu_sheng_dual_jian_unique	ironic_ancillary_weapon_xu_sheng_dual_jian_unique	1	0	1	1	false
ironic_ancillary_weapon_zhou_tai_ji_unique	ironic_ancillary_weapon_zhou_tai_ji_unique	1	0	1	1	false
ironic_ceo_factional_chen_wen_unit_unlock_3k_dlc04_faction_chen_gui	ironic_ceo_factional_chen_wen_unit_unlock_3k_dlc04_faction_chen_gui	1	0	1	1	false
ironic_ceo_factional_chen_wen_unit_unlock_3k_dlc04_faction_liang_rebels	ironic_ceo_factional_chen_wen_unit_unlock_3k_dlc04_faction_liang_rebels	1	0	1	1	false
ironic_ceo_factional_chen_wen_unit_unlock_3k_dlc04_faction_lu_zhi	ironic_ceo_factional_chen_wen_unit_unlock_3k_dlc04_faction_lu_zhi	1	0	1	1	false
ironic_ceo_factional_chen_wen_unit_unlock_3k_dlc04_faction_prince_liu_chong	ironic_ceo_factional_chen_wen_unit_unlock_3k_dlc04_faction_prince_liu_chong	1	0	1	1	false
ironic_ceo_factional_chen_wen_unit_unlock_3k_dlc04_faction_zhang_bao	ironic_ceo_factional_chen_wen_unit_unlock_3k_dlc04_faction_zhang_bao	1	0	1	1	false
ironic_ceo_factional_chen_wen_unit_unlock_3k_dlc04_faction_zhang_jue	ironic_ceo_factional_chen_wen_unit_unlock_3k_dlc04_faction_zhang_jue	1	0	1	1	false
ironic_ceo_factional_chen_wen_unit_unlock_3k_dlc04_faction_zhang_liang	ironic_ceo_factional_chen_wen_unit_unlock_3k_dlc04_faction_zhang_liang	1	0	1	1	false
ironic_ceo_factional_chen_wen_unit_unlock_3k_dlc05_faction_hua_xin	ironic_ceo_factional_chen_wen_unit_unlock_3k_dlc05_faction_hua_xin	1	0	1	1	false
ironic_ceo_factional_chen_wen_unit_unlock_3k_dlc05_faction_lu_bu	ironic_ceo_factional_chen_wen_unit_unlock_3k_dlc05_faction_lu_bu	1	0	1	1	false
ironic_ceo_factional_chen_wen_unit_unlock_3k_dlc05_faction_sheng_xian	ironic_ceo_factional_chen_wen_unit_unlock_3k_dlc05_faction_sheng_xian	1	0	1	1	false
ironic_ceo_factional_chen_wen_unit_unlock_3k_dlc05_faction_sun_ce	ironic_ceo_factional_chen_wen_unit_unlock_3k_dlc05_faction_sun_ce	1	0	1	1	false
ironic_ceo_factional_chen_wen_unit_unlock_3k_dlc05_faction_white_tiger_yan	ironic_ceo_factional_chen_wen_unit_unlock_3k_dlc05_faction_white_tiger_yan	1	0	1	1	false
ironic_ceo_factional_chen_wen_unit_unlock_3k_dlc05_faction_wu_jing	ironic_ceo_factional_chen_wen_unit_unlock_3k_dlc05_faction_wu_jing	1	0	1	1	false
ironic_ceo_factional_chen_wen_unit_unlock_3k_dlc05_faction_yang_feng	ironic_ceo_factional_chen_wen_unit_unlock_3k_dlc05_faction_yang_feng	1	0	1	1	false
ironic_ceo_factional_chen_wen_unit_unlock_3k_main_faction_cao_cao	ironic_ceo_factional_chen_wen_unit_unlock_3k_main_faction_cao_cao	1	0	1	1	false
ironic_ceo_factional_chen_wen_unit_unlock_3k_main_faction_dong_zhuo	ironic_ceo_factional_chen_wen_unit_unlock_3k_main_faction_dong_zhuo	1	0	1	1	false
ironic_ceo_factional_chen_wen_unit_unlock_3k_main_faction_gao_gan	ironic_ceo_factional_chen_wen_unit_unlock_3k_main_faction_gao_gan	1	0	1	1	false
ironic_ceo_factional_chen_wen_unit_unlock_3k_main_faction_gongsun_du	ironic_ceo_factional_chen_wen_unit_unlock_3k_main_faction_gongsun_du	1	0	1	1	false
ironic_ceo_factional_chen_wen_unit_unlock_3k_main_faction_gongsun_zan	ironic_ceo_factional_chen_wen_unit_unlock_3k_main_faction_gongsun_zan	1	0	1	1	false
ironic_ceo_factional_chen_wen_unit_unlock_3k_main_faction_han_fu	ironic_ceo_factional_chen_wen_unit_unlock_3k_main_faction_han_fu	1	0	1	1	false
ironic_ceo_factional_chen_wen_unit_unlock_3k_main_faction_han_sui	ironic_ceo_factional_chen_wen_unit_unlock_3k_main_faction_han_sui	1	0	1	1	false
ironic_ceo_factional_chen_wen_unit_unlock_3k_main_faction_jia_long	ironic_ceo_factional_chen_wen_unit_unlock_3k_main_faction_jia_long	1	0	1	1	false
ironic_ceo_factional_chen_wen_unit_unlock_3k_main_faction_kong_rong	ironic_ceo_factional_chen_wen_unit_unlock_3k_main_faction_kong_rong	1	0	1	1	false
ironic_ceo_factional_chen_wen_unit_unlock_3k_main_faction_kong_zhou	ironic_ceo_factional_chen_wen_unit_unlock_3k_main_faction_kong_zhou	1	0	1	1	false
ironic_ceo_factional_chen_wen_unit_unlock_3k_main_faction_liu_bei	ironic_ceo_factional_chen_wen_unit_unlock_3k_main_faction_liu_bei	1	0	1	1	false
ironic_ceo_factional_chen_wen_unit_unlock_3k_main_faction_liu_biao	ironic_ceo_factional_chen_wen_unit_unlock_3k_main_faction_liu_biao	1	0	1	1	false
ironic_ceo_factional_chen_wen_unit_unlock_3k_main_faction_liu_dai	ironic_ceo_factional_chen_wen_unit_unlock_3k_main_faction_liu_dai	1	0	1	1	false
ironic_ceo_factional_chen_wen_unit_unlock_3k_main_faction_liu_yan	ironic_ceo_factional_chen_wen_unit_unlock_3k_main_faction_liu_yan	1	0	1	1	false
ironic_ceo_factional_chen_wen_unit_unlock_3k_main_faction_liu_yao	ironic_ceo_factional_chen_wen_unit_unlock_3k_main_faction_liu_yao	1	0	1	1	false
ironic_ceo_factional_chen_wen_unit_unlock_3k_main_faction_liu_yu	ironic_ceo_factional_chen_wen_unit_unlock_3k_main_faction_liu_yu	1	0	1	1	false
ironic_ceo_factional_chen_wen_unit_unlock_3k_main_faction_lu_kang	ironic_ceo_factional_chen_wen_unit_unlock_3k_dlc04_faction_lu_kang	1	0	1	1	false
ironic_ceo_factional_chen_wen_unit_unlock_3k_main_faction_ma_teng	ironic_ceo_factional_chen_wen_unit_unlock_3k_main_faction_ma_teng	1	0	1	1	false
ironic_ceo_factional_chen_wen_unit_unlock_3k_main_faction_sun_jian	ironic_ceo_factional_chen_wen_unit_unlock_3k_main_faction_sun_jian	1	0	1	1	false
ironic_ceo_factional_chen_wen_unit_unlock_3k_main_faction_tao_qian	ironic_ceo_factional_chen_wen_unit_unlock_3k_main_faction_tao_qian	1	0	1	1	false
ironic_ceo_factional_chen_wen_unit_unlock_3k_main_faction_wang_kuang	ironic_ceo_factional_chen_wen_unit_unlock_3k_main_faction_wang_kuang	1	0	1	1	false
ironic_ceo_factional_chen_wen_unit_unlock_3k_main_faction_wang_lang	ironic_ceo_factional_chen_wen_unit_unlock_3k_main_faction_wang_lang	1	0	1	1	false
ironic_ceo_factional_chen_wen_unit_unlock_3k_main_faction_ying_shao	ironic_ceo_factional_chen_wen_unit_unlock_3k_dlc04_faction_ying_shao	1	0	1	1	false
ironic_ceo_factional_chen_wen_unit_unlock_3k_main_faction_yuan_shao	ironic_ceo_factional_chen_wen_unit_unlock_3k_main_faction_yuan_shao	1	0	1	1	false
ironic_ceo_factional_chen_wen_unit_unlock_3k_main_faction_yuan_shu	ironic_ceo_factional_chen_wen_unit_unlock_3k_main_faction_yuan_shu	1	0	1	1	false
ironic_ceo_factional_chen_wen_unit_unlock_3k_main_faction_zhai_rong	ironic_ceo_factional_chen_wen_unit_unlock_3k_main_faction_zhai_rong	1	0	1	1	false
ironic_ceo_factional_chen_wen_unit_unlock_3k_main_faction_zhang_chao	ironic_ceo_factional_chen_wen_unit_unlock_3k_main_faction_zhang_chao	1	0	1	1	false
ironic_ceo_factional_chen_wen_unit_unlock_3k_main_faction_zhang_lu	ironic_ceo_factional_chen_wen_unit_unlock_3k_main_faction_zhang_lu	1	0	1	1	false
ironic_ceo_factional_chen_wen_unit_unlock_3k_main_faction_zhang_yan	ironic_ceo_factional_chen_wen_unit_unlock_3k_main_faction_zhang_yan	1	0	1	1	false
ironic_ceo_factional_chen_wen_unit_unlock_3k_main_faction_zhang_yang	ironic_ceo_factional_chen_wen_unit_unlock_3k_main_faction_zhang_yang	1	0	1	1	false
ironic_ceo_factional_chen_wen_unit_unlock_3k_main_faction_zheng_jiang	ironic_ceo_factional_chen_wen_unit_unlock_3k_main_faction_zheng_jiang	1	0	1	1	false
ironic_ceo_factional_chen_wen_unit_unlock_ironic_faction_di_tribes	ironic_ceo_factional_chen_wen_unit_unlock_ironic_faction_di_tribes	1	0	1	1	false
ironic_ceo_factional_chen_wen_unit_unlock_ironic_faction_gan_ning	ironic_ceo_factional_chen_wen_unit_unlock_ironic_faction_gan_ning	1	0	1	1	false
ironic_ceo_factional_chen_wen_unit_unlock_ironic_faction_huang_clan	ironic_ceo_factional_chen_wen_unit_unlock_ironic_faction_huang_clan	1	0	1	1	false
ironic_ceo_factional_chen_wen_unit_unlock_ironic_faction_ma_ai	ironic_ceo_factional_chen_wen_unit_unlock_ironic_faction_ma_ai	1	0	1	1	false
ironic_ceo_factional_chen_wen_unit_unlock_ironic_faction_tong_zhi	ironic_ceo_factional_chen_wen_unit_unlock_ironic_faction_tong_zhi	1	0	1	1	false
ironic_ceo_factional_chen_wen_unit_unlock_ironic_faction_wang_sheng	ironic_ceo_factional_chen_wen_unit_unlock_ironic_faction_wang_sheng	1	0	1	1	false
ironic_ceo_factional_chen_wen_unit_unlock_ironic_faction_wuhuan_tribes	ironic_ceo_factional_chen_wen_unit_unlock_ironic_faction_wuhuan_tribes	1	0	1	1	false
ironic_ceo_factional_chen_wen_unit_unlock_ironic_faction_xianbei_kuitou	ironic_ceo_factional_chen_wen_unit_unlock_ironic_faction_xianbei_kuitou	1	0	1	1	false
ironic_ceo_factional_chen_wen_unit_unlock_ironic_faction_xianbei_tuoba	ironic_ceo_factional_chen_wen_unit_unlock_ironic_faction_xianbei_tuoba	1	0	1	1	false
ironic_ceo_factional_chen_wen_unit_unlock_ironic_faction_xiongnu_tribes	ironic_ceo_factional_chen_wen_unit_unlock_ironic_faction_xiongnu_tribes	1	0	1	1	false
ironic_ceo_factional_chen_wen_unit_unlock_ironic_faction_zhang_jin_border	ironic_ceo_factional_chen_wen_unit_unlock_ironic_faction_zhang_jin_border	1	0	1	1	false
ironic_ceo_factional_chen_wen_unit_unlock_ironic_faction_zhu_hao	ironic_ceo_factional_chen_wen_unit_unlock_ironic_faction_zhu_hao	1	0	1	1	false
ironic_ceo_factional_chen_wen_unit_unlock_ironic_faction_zhuge_xuan	ironic_ceo_factional_chen_wen_unit_unlock_ironic_faction_zhuge_xuan	1	0	1	1	false
ironic_ceo_factional_chen_wen_unit_unlock_ironic_faction_zu_lang	ironic_ceo_factional_chen_wen_unit_unlock_ironic_faction_zu_lang	1	0	1	1	false
