key	forename	family_name	clan_name	other_name	weight	unique	art_set_override	is_male	voiceover_actor	min_rounds_to_stay_in_a_pool	max_rounds_to_stay_in_a_pool	max_rounds_in_all_pools_before_destroyed	spawn_age_range	min_spawn_round	max_spawn_round	can_be_born	ai_skill_generation	subtype
#character_generation_templates_tables;14;db/character_generation_templates_tables/@_@@_zase_puzzle																		
3k_main_template_historical_cai_he_hero_metal	1860649317	1582273806	0	0	100.0000	true	3k_main_art_set_historical_cai_he_general	true	vo_actor_group_generic_male_metal_general	2	6	40	3k_main_age_fixed_historical_cai_he_hero_metal	0	255	false	default_character_skill_selection_policy	3k_general_metal
3k_main_template_historical_cai_mao_hero_fire	1558332559	1582273806	463943323	0	100.0000	true	3k_main_art_set_historical_cai_mao_general	true	vo_actor_group_generic_male_fire_general	2	6	40	3k_main_age_fixed_historical_cai_mao_hero_fire	0	245	false	default_character_skill_selection_policy	3k_general_fire
3k_main_template_historical_lady_cai_yuxiang_hero_earth	0	285198997	0	0	100.0000	true	3k_main_art_set_historical_cai_yuxiang_general	false	vo_actor_group_generic_female_earth_general	2	6	40	3k_main_age_fixed_historical_lady_cai_yuxiang_hero_earth	0	240	false	default_character_skill_selection_policy	3k_general_earth
3k_main_template_historical_cai_zhong_hero_wood	1084611226	1582273806	0	0	100.0000	true	3k_main_art_set_historical_cai_zhong_general	true	vo_actor_group_generic_male_wood_general	2	6	40	3k_main_age_fixed_historical_cai_zhong_hero_wood	0	250	false	default_character_skill_selection_policy	3k_general_wood
3k_main_template_historical_cao_ang_hero_wood	1868845151	1170641616	479008465	0	100.0000	true	3k_main_art_set_historical_cao_ang_general	true	vo_actor_group_generic_male_wood_general	2	6	40	3k_main_age_fixed_historical_cao_ang_hero_wood	25	335	false	default_character_skill_selection_policy	3k_general_wood
3k_main_template_historical_chenggong_ying_hero_fire	1366008214	2071373870	0	0	100.0000	true	3k_main_art_set_historical_chenggong_ying_general	true	vo_actor_group_generic_male_fire_general	2	6	40	3k_main_age_fixed_historical_chenggong_ying_hero_fire	0	310	false	default_character_skill_selection_policy	3k_general_fire
3k_main_template_historical_chen_jiu_hero_wood	1286051299	1501895880	0	0	100.0000	true	3k_main_art_set_historical_chen_jiu_general	true	vo_actor_group_generic_male_wood_general	2	6	40	3k_main_age_fixed_historical_chen_jiu_hero_wood	0	205	false	default_character_skill_selection_policy	3k_general_wood
3k_main_template_historical_congqian_hero_metal	0	858169286	0	0	100.0000	true	3k_main_art_set_historical_congqian_general	true	vo_actor_group_generic_male_metal_general	3	10	40	3k_main_age_fixed_historical_congqian_hero_metal	0	280	false	default_character_skill_selection_policy	3k_general_metal
3k_main_template_historical_cui_jun_hero_metal	1612205477	869102437	0	0	100.0000	true	3k_main_art_set_historical_cui_jun_general	true	vo_actor_group_generic_male_metal_general	2	6	40	3k_main_age_fixed_historical_cui_jun_hero_metal	0	999999	false	default_character_skill_selection_policy	3k_general_metal
3k_main_template_historical_deng_sheng_hero_fire	423246582	355118090	0	0	100.0000	true	3k_main_art_set_historical_deng_sheng_general	true	vo_actor_group_generic_male_fire_general	2	6	40	3k_main_age_fixed_historical_deng_sheng_hero_fire	0	170	false	default_character_skill_selection_policy	3k_general_fire
3k_main_template_historical_deng_yuan_hero_earth	1974665278	355118090	0	0	100.0000	true	3k_main_art_set_historical_deng_yuan_general	true	vo_actor_group_generic_male_earth_general	3	10	40	3k_main_age_fixed_historical_deng_yuan_hero_earth	0	250	false	default_character_skill_selection_policy	3k_general_earth
3k_dlc04_template_historical_ding_yuan_wood	1412897717	1490523127	127201756	0	100.0000	true	3k_main_art_set_historical_ding_yuan_general	true	vo_actor_group_generic_male_wood_general	2	6	40	3k_dlc04_age_fixed_historical_ding_yuan_wood	-1	-1	false	default_character_skill_selection_policy	3k_general_wood
3k_main_template_generated_lady_dong_li_hero_metal	1188941654	62828720	0	0	100.0000	true	3k_main_art_set_historical_dong_li_general	false	vo_actor_group_generic_female_metal_general	2	6	40	3k_main_age_fixed_generated_lady_dong_li_hero_metal	0	220	false	default_character_skill_selection_policy	3k_general_metal
3k_main_template_historical_fan_min_hero_water	1389599829	687173068	1886691180	0	100.0000	true	3k_main_art_set_historical_fan_min_general	true	vo_actor_group_generic_male_earth_general	3	10	40	3k_main_age_fixed_historical_fan_min_hero_water	0	45	false	default_character_skill_selection_policy	3k_general_earth
3k_main_template_historical_du_ji_hero_fire	272405460	1264454096	246099231	0	100.0000	true	3k_main_art_set_historical_du_ji_general	true	vo_actor_group_generic_male_fire_general	3	10	40	3k_main_age_fixed_historical_du_ji_hero_fire	0	265	false	default_character_skill_selection_policy	3k_general_fire
3k_main_template_historical_fu_gan_hero_water	533012522	907913703	1445238731	0	100.0000	true	3k_main_art_set_historical_fu_gan_general	true	vo_actor_group_generic_male_water_general	2	6	40	3k_main_age_fixed_historical_fu_gan_hero_water	15	325	false	default_character_skill_selection_policy	3k_general_water
3k_main_template_historical_gao_gan_hero_metal	533012522	2039402527	2030630505	0	100.0000	true	3k_main_art_set_historical_gao_gan_general	true	vo_actor_group_generic_male_metal_general	2	6	40	3k_main_age_fixed_historical_gao_gan_hero_metal	0	285	false	default_character_skill_selection_policy	3k_general_metal
3k_main_template_historical_cao_song_hero_earth	1028575234	1170641616	723965539	0	100.0000	true	3k_main_art_set_historical_cao_song_general	true	vo_actor_group_generic_male_earth_general	2	6	40	3k_main_age_fixed_historical_cao_song_hero_earth	0	145	false	default_character_skill_selection_policy	3k_general_earth
3k_main_template_generated_lady_gao_zhulan_hero_metal	791453178	475413104	0	0	100.0000	true	3k_main_art_set_historical_lady_gao_zhulan_general	false	vo_actor_group_generic_female_metal_general	2	6	40	3k_main_age_fixed_generated_lady_gao_zhulan_hero_metal	0	220	false	default_character_skill_selection_policy	3k_general_metal
3k_main_template_historical_gongsun_du_hero_metal	869066352	1012591794	1620828373	0	100.0000	true	3k_main_art_set_historical_gongsun_du_general	true	vo_actor_group_generic_male_metal_general	2	6	40	3k_main_age_fixed_historical_gongsun_du_hero_metal	0	220	false	default_character_skill_selection_policy	3k_general_metal
3k_main_template_historical_gongsun_gong_hero_earth	671721176	1012591794	0	0	100.0000	true	3k_main_art_set_historical_gongsun_gong_general	true	vo_actor_group_generic_male_earth_general	2	6	40	3k_main_age_fixed_historical_gongsun_gong_hero_earth	0	310	false	default_character_skill_selection_policy	3k_general_earth
3k_main_template_historical_gongsun_kang_hero_earth	2055871327	1012591794	0	0	100.0000	true	3k_main_art_set_historical_gongsun_kang_general	true	vo_actor_group_generic_male_earth_general	2	6	40	3k_main_age_fixed_historical_gongsun_kang_hero_earth	0	290	false	default_character_skill_selection_policy	3k_general_earth
3k_main_template_generated_lady_gongsun_tingping_hero_metal	582613014	354694697	0	0	100.0000	true	3k_main_art_set_historical_lady_gongsun_tingping_general	false	vo_actor_group_generic_female_metal_general	2	6	40	3k_main_age_fixed_generated_lady_gongsun_tingping_hero_metal	0	220	false	default_character_skill_selection_policy	3k_general_metal
3k_main_template_historical_gongsun_xu_hero_metal	1068919775	1012591794	0	0	100.0000	true	3k_main_art_set_historical_gongsun_xu_general	true	vo_actor_group_generic_male_metal_general	2	6	40	3k_main_age_fixed_historical_gongsun_xu_hero_metal	0	310	false	default_character_skill_selection_policy	3k_general_metal
3k_ytr_template_historical_guan_hai_hero_wood	40878673	92049016	0	0	100.0000	true	3k_main_art_set_historical_guan_hai_general	true	vo_actor_group_generic_male_wood_general	2	6	40	3k_ytr_age_fixed_historical_guan_hai_hero_wood	0	999999	false	default_character_skill_selection_policy	3k_general_wood
3k_ytr_template_historical_guo_da_hero_metal	1872884292	1484336999	0	0	100.0000	true	3k_main_art_set_historical_guo_da_general	true	vo_actor_group_generic_male_metal_general	2	6	40	3k_ytr_age_fixed_historical_guo_da_hero_metal	0	999999	false	default_character_skill_selection_policy	3k_general_metal
3k_main_template_historical_guo_si_hero_fire	594913472	1484336999	0	0	100.0000	true	3k_main_art_set_historical_guo_si_general	true	vo_actor_group_generic_male_wood_general	3	10	40	3k_main_age_fixed_historical_guo_si_hero_fire	0	215	false	default_character_skill_selection_policy	3k_general_wood
3k_main_template_historical_han_dang_hero_fire	1502365383	2028361413	56835363	0	100.0000	true	3k_main_art_set_historical_han_dang_general	true	vo_actor_group_generic_male_fire_general	3	10	40	3k_main_age_fixed_historical_han_dang_hero_fire	125	435	false	default_character_skill_selection_policy	3k_general_fire
3k_main_template_historical_han_fu_hero_earth	1839738424	2028361413	1694669366	0	100.0000	true	3k_main_art_set_historical_han_fu_general	true	vo_actor_group_generic_male_wood_general	2	6	40	3k_main_age_fixed_historical_han_fu_hero_earth	0	195	false	default_character_skill_selection_policy	3k_general_wood
3k_main_template_historical_han_hao_hero_wood	802303684	2028361413	2087221079	0	100.0000	true	3k_main_art_set_historical_han_hao_general	true	vo_actor_group_generic_male_wood_general	2	6	40	3k_main_age_fixed_historical_han_hao_hero_wood	0	270	false	default_character_skill_selection_policy	3k_general_wood
3k_main_template_generated_lady_han_ruilan_hero_earth	1070025871	671113069	0	0	100.0000	true	3k_main_art_set_historical_lady_han_ruilan_general	false	vo_actor_group_generic_female_earth_general	2	6	40	3k_main_age_fixed_generated_lady_han_ruilan_hero_earth	0	195	false	default_character_skill_selection_policy	3k_general_earth
3k_ytr_template_historical_han_xian_hero_water	1650759786	2028361413	0	0	100.0000	true	3k_main_art_set_historical_han_xian_general	true	vo_actor_group_generic_male_water_general	2	6	40	3k_ytr_age_fixed_historical_han_xian_hero_water	0	999999	false	default_character_skill_selection_policy	3k_general_water
3k_main_template_generated_lady_huang_anbao_hero_water	283792094	558065911	0	0	100.0000	true	3k_main_art_set_historical_lady_huang_anbao_general	false	vo_actor_group_generic_female_water_general	2	6	40	3k_main_age_fixed_generated_lady_huang_anbao_hero_water	0	220	false	default_character_skill_selection_policy	3k_general_water
3k_main_template_historical_huang_she_hero_metal	86880019	558065911	0	0	100.0000	true	3k_main_art_set_historical_huang_she_general	true	vo_actor_group_generic_male_metal_general	2	6	40	3k_main_age_fixed_historical_huang_she_hero_metal	0	280	false	default_character_skill_selection_policy	3k_general_metal
3k_main_template_generated_lady_huang_yingxiu_hero_metal	1149211603	1828848032	0	0	100.0000	true	3k_main_art_set_historical_lady_huang_yingxiu_general	false	vo_actor_group_generic_female_metal_general	2	6	40	3k_dlc04_age_fixed_historical_wang_rui_tongyao_fire	0	185	false	default_character_skill_selection_policy	3k_general_metal
3k_main_template_historical_huan_lin_hero_wood	1268221182	1082370785	0	0	100.0000	true	3k_main_art_set_historical_huan_lin_general	true	vo_actor_group_generic_male_wood_general	2	6	40	3k_main_age_fixed_historical_huan_lin_hero_wood	0	300	false	default_character_skill_selection_policy	3k_general_metal
3k_main_template_historical_huan_zhi_hero_wood	1315732376	1082370785	0	0	100.0000	true	3k_main_art_set_historical_huan_zhi_general	true	vo_actor_group_generic_male_wood_general	2	6	40	3k_main_age_fixed_historical_huan_zhi_hero_wood	0	290	false	default_character_skill_selection_policy	3k_general_wood
3k_main_template_historical_jia_long_hero_metal	1280856832	1469839573	462468037	0	100.0000	true	3k_main_art_set_historical_fix_jia_long_general	true	vo_actor_group_generic_male_metal_general	2	6	40	3k_main_age_fixed_historical_jia_long_hero_metal	0	230	false	default_character_skill_selection_policy	3k_general_metal
3k_main_template_historical_jin_xuan_hero_earth	2023480501	526209424	1651411023	0	100.0000	true	3k_main_art_set_historical_jin_xuan_general	true	vo_actor_group_generic_male_earth_general	3	10	40	3k_main_age_fixed_historical_jin_xuan_hero_earth	0	230	false	default_character_skill_selection_policy	3k_general_earth
3k_main_template_historical_ju_shou_hero_water	85023130	521400272	0	0	100.0000	true	3k_main_art_set_historical_ju_shou_general	true	vo_actor_group_generic_male_water_general	2	6	40	3k_main_age_fixed_historical_ju_shou_hero_water	0	225	false	default_character_skill_selection_policy	3k_general_water
3k_main_template_generated_lady_kong_yurui_hero_water	260101923	284277394	0	0	100.0000	true	3k_main_art_set_historical_lady_kong_yurui_general	false	vo_actor_group_generic_female_water_general	2	6	40	3k_main_age_fixed_generated_lady_kong_yurui_hero_water	0	220	false	default_character_skill_selection_policy	3k_general_water
3k_main_template_historical_kong_zhou_hero_water	1987767600	654857049	2050635530	0	100.0000	true	3k_main_art_set_historical_kong_zhou_general	true	vo_actor_group_generic_male_water_general	2	6	40	3k_main_age_fixed_historical_kong_zhou_hero_water	0	200	false	default_character_skill_selection_policy	3k_general_water
3k_main_template_historical_kuai_liang_hero_water	1391608150	309894807	532439054	0	100.0000	true	3k_main_art_set_historical_kuai_liang_general	true	vo_actor_group_generic_male_water_general	2	6	40	3k_main_age_fixed_historical_kuai_liang_hero_water	0	220	false	default_character_skill_selection_policy	3k_general_water
3k_main_template_historical_kuai_yue_hero_water	942229007	309894807	422288183	0	100.0000	true	3k_main_art_set_historical_kuai_yue_general	true	vo_actor_group_generic_male_water_general	2	6	40	3k_main_age_fixed_historical_kuai_yue_hero_water	0	230	false	default_character_skill_selection_policy	3k_general_water
3k_main_template_generated_lady_cai_qinting_hero_earth	1003783917	1860918635	0	0	100.0000	true	3k_main_art_set_historical_lady_cai_qinting_general	false	vo_actor_group_generic_female_earth_general	2	6	40	3k_main_age_fixed_generated_lady_cai_qinting_hero_earth	0	245	false	default_character_skill_selection_policy	3k_general_earth
3k_main_template_historical_liang_mao_hero_water	1713836628	506504136	1471682746	0	100.0000	true	3k_main_art_set_historical_liang_mao_general	true	vo_actor_group_generic_male_water_general	2	6	40	3k_main_age_fixed_historical_liang_mao_hero_water	0	175	false	default_character_skill_selection_policy	3k_general_water
3k_ytr_template_historical_liao_hua_hero_wood	1664716646	483866010	0	0	100.0000	true	3k_main_art_set_historical_liao_hua_general	true	vo_actor_group_generic_male_wood_general	2	6	40	3k_ytr_age_fixed_historical_liao_hua_hero_wood	0	150	false	default_character_skill_selection_policy	3k_general_wood
3k_main_template_historical_liu_cong_hero_earth	1813598281	2012172474	0	0	100.0000	true	3k_main_art_set_historical_liu_cong_general	true	vo_actor_group_generic_male_earth_general	2	6	40	3k_main_age_fixed_generated_han_tong_hero_wood	0	270	false	default_character_skill_selection_policy	3k_general_earth
3k_main_template_historical_liu_dai_hero_water	1877692980	2012172474	1181465796	0	100.0000	true	3k_main_art_set_historical_liu_dai_general	true	vo_actor_group_generic_male_water_general	2	6	40	3k_main_age_fixed_historical_liu_dai_hero_water	0	180	false	default_character_skill_selection_policy	3k_general_water
3k_main_template_historical_liu_he_hero_water	1860649317	2012172474	0	0	100.0000	true	3k_main_art_set_historical_liu_he_general	true	vo_actor_group_generic_male_water_general	2	6	40	3k_dlc05_age_fixed_historical_chen_yu_hero_water	0	260	false	default_character_skill_selection_policy	3k_general_water
3k_dlc04_template_historical_liu_hong_water	1705378997	2012172474	0	0	100.0000	true	3k_main_art_set_generic_male_05_general_water_strategist	true	vo_actor_group_generic_male_water_general	2	6	40	3k_dlc04_age_fixed_historical_liu_hong_water	-1	-1	false	default_character_skill_selection_policy	3k_general_water
3k_main_template_generated_lady_liu_jiejie_hero_earth	1172886632	1007732674	0	0	100.0000	true	3k_main_art_set_historical_lady_liu_jiejie_general	false	vo_actor_group_generic_female_earth_general	2	6	40	3k_main_age_fixed_generated_lady_liu_yanglan_hero_water	0	230	false	default_character_skill_selection_policy	3k_general_earth
3k_main_template_historical_lady_liu_limin_hero_earth	0	2079270854	0	0	100.0000	true	3k_main_art_set_historical_lady_liu_limin_general	false	vo_actor_group_generic_female_earth_general	2	6	40	3k_main_age_fixed_historical_lady_liu_limin_hero_earth	0	210	false	default_character_skill_selection_policy	3k_general_earth
3k_main_template_generated_lady_liu_min_hero_water	567973674	2012172474	0	0	100.0000	true	3k_main_art_set_generic_female_09_general_water_strategist	false	vo_actor_group_generic_female_water_general	2	6	40	3k_main_age_fixed_generated_lady_liu_min_hero_water	0	105	true	default_character_skill_selection_policy	3k_general_water
3k_main_template_generated_lady_liu_pingming_hero_metal	680658560	2012172474	0	0	100.0000	true	3k_main_art_set_historical_lady_liu_pingming_general	false	vo_actor_group_generic_female_metal_general	2	6	40	3k_main_age_fixed_generated_lady_liu_pingming_hero_metal	0	220	false	default_character_skill_selection_policy	3k_general_metal
3k_dlc04_template_historical_liu_xun_fire	1250259407	2012172474	44546357	0	100.0000	true	3k_main_art_set_historical_liu_xun_general	true	vo_actor_group_generic_male_fire_general	2	6	40	3k_main_age_fixed_historical_dong_zhao_hero_water	-1	-1	false	default_character_skill_selection_policy	3k_general_fire
3k_main_template_historical_liu_yu_hero_earth	1344227070	2012172474	927077420	0	100.0000	true	3k_main_art_set_historical_liu_yu_general	true	vo_actor_group_hero_Liu_Yu	2	6	40	3k_main_age_fixed_historical_liu_yu_hero_earth	0	170	false	default_character_skill_selection_policy	3k_general_earth
3k_main_template_historical_liu_qi_hero_earth	162439855	2012172474	0	0	100.0000	true	3k_main_art_set_historical_liu_qi_general	true	vo_actor_group_generic_male_fire_general	2	6	40	3k_dlc05_age_fixed_historical_pan_lin_hero_water	0	250	false	default_character_skill_selection_policy	3k_general_fire
3k_main_template_historical_lu_fan_hero_water	1297566242	1549685392	1379308368	0	100.0000	true	3k_main_art_set_historical_lu_fan_general	true	vo_actor_group_generic_male_water_general	2	6	40	3k_main_age_fixed_historical_lu_fan_hero_water	0	290	false	default_character_skill_selection_policy	3k_general_water
3k_main_template_historical_lu_gong_hero_fire	227765752	1549685392	0	0	100.0000	true	3k_main_art_set_historical_lu_gong_general	true	vo_actor_group_generic_male_fire_general	2	6	40	3k_main_age_fixed_historical_lu_gong_hero_fire	0	265	false	default_character_skill_selection_policy	3k_general_fire
3k_dlc04_template_historical_lu_jun_earth	590675638	1615683025	0	0	100.0000	true	3k_main_art_set_historical_lu_jun_general	true	vo_actor_group_generic_male_earth_general	2	6	40	3k_dlc04_age_fixed_historical_lu_jun_earth	-1	-1	false	default_character_skill_selection_policy	3k_general_earth
3k_main_template_historical_lu_kang_hero_water	2055871327	1615683025	310975710	0	100.0000	true	3k_main_art_set_historical_lu_kang_general	true	vo_actor_group_generic_male_wood_general	3	10	40	3k_main_age_fixed_historical_lu_kang_hero_water	0	80	false	default_character_skill_selection_policy	3k_general_wood
3k_main_template_historical_lu_su_hero_water	1870955893	336468585	148506307	0	100.0000	true	3k_main_art_set_historical_lu_su_general	true	vo_actor_group_generic_male_water_general	2	6	40	3k_main_age_fixed_historical_lu_su_hero_water	0	310	false	default_character_skill_selection_policy	3k_general_water
3k_main_template_historical_mao_jie_hero_water	1210277542	2124990182	1190322005	0	100.0000	true	3k_main_art_set_historical_mao_jie_general	true	vo_actor_group_generic_male_water_general	3	10	40	3k_main_age_fixed_historical_mao_jie_hero_water	0	295	false	default_character_skill_selection_policy	3k_general_water
3k_main_template_historical_ma_dai_hero_fire	1877692980	202752559	0	0	100.0000	true	3k_main_art_set_historical_ma_dai_general	true	vo_actor_group_generic_male_fire_general	2	6	40	3k_main_age_fixed_historical_ma_dai_hero_fire	50	360	false	default_character_skill_selection_policy	3k_general_fire
3k_main_template_historical_ma_tie_hero_fire	790831231	202752559	0	0	100.0000	true	3k_main_art_set_historical_ma_tie_general	true	vo_actor_group_generic_male_fire_general	2	6	40	3k_main_age_fixed_historical_ma_tie_hero_fire	30	340	false	default_character_skill_selection_policy	3k_general_fire
3k_main_template_historical_ma_wan_hero_fire	1057570125	202752559	0	0	100.0000	true	3k_main_art_set_historical_ma_wan_general	true	vo_actor_group_generic_male_fire_general	2	6	40	3k_dlc07_age_fixed_generated_que_jian_hero_earth	0	295	false	default_character_skill_selection_policy	3k_general_fire
3k_main_template_historical_ma_xiu_hero_fire	860536231	202752559	0	0	100.0000	true	3k_main_art_set_historical_ma_xiu_general	true	vo_actor_group_generic_male_fire_general	2	6	40	3k_main_age_fixed_historical_ma_xiu_hero_fire	25	335	false	default_character_skill_selection_policy	3k_general_fire
3k_main_template_historical_mi_zhu_hero_water	1020870722	1426211990	1014477916	0	100.0000	true	3k_main_art_set_historical_mi_zhu_general	true	vo_actor_group_generic_male_water_general	2	6	40	3k_main_age_fixed_historical_mi_zhu_hero_water	0	270	false	default_character_skill_selection_policy	3k_general_water
3k_main_template_historical_niu_fu_hero_fire	560538992	922327920	0	0	100.0000	true	3k_main_art_set_historical_niu_fu_general	true	vo_actor_group_generic_male_fire_general	3	10	40	3k_main_age_fixed_historical_niu_fu_hero_fire	0	285	false	default_character_skill_selection_policy	3k_general_fire
3k_main_template_historical_shi_hui_hero_earth	1919333113	853075379	0	0	100.0000	true	3k_main_art_set_historical_shi_hui_general	true	vo_actor_group_generic_male_earth_general	2	6	40	3k_main_age_fixed_historical_shi_hui_hero_earth	0	275	false	default_character_skill_selection_policy	3k_general_earth
3k_main_template_generated_lady_shi_mengjuan_hero_water	1310366544	95799204	0	0	100.0000	true	3k_main_art_set_historical_lady_shi_mengjuan_general	false	vo_actor_group_generic_female_water_general	2	6	40	3k_main_age_fixed_historical_zhang_ya_hero_metal	0	135	false	default_character_skill_selection_policy	3k_general_water
3k_main_template_historical_shi_yi_hero_water	259588414	1191367839	1726857753	0	100.0000	true	3k_main_art_set_historical_shi_yi_general	true	vo_actor_group_generic_male_water_general	2	6	40	3k_main_age_fixed_historical_shi_yi_hero_water	0	295	false	default_character_skill_selection_policy	3k_general_water
3k_main_template_historical_song_jian_hero_metal	1983979442	1064797262	0	0	100.0000	true	3k_main_art_set_historical_song_jian_general	true	vo_actor_group_generic_male_metal_general	3	10	40	3k_main_age_fixed_historical_song_jian_hero_metal	90	400	false	default_character_skill_selection_policy	3k_general_metal
3k_main_template_historical_sui_gu_hero_metal	186685325	450111788	326176903	0	100.0000	true	3k_main_art_set_historical_sui_gu_general	true	vo_actor_group_generic_male_metal_general	2	6	40	3k_main_age_fixed_historical_sui_gu_hero_metal	0	260	false	default_character_skill_selection_policy	3k_general_metal
3k_main_template_historical_sun_qian_hero_water	1757486516	2142516540	1515315317	0	100.0000	true	3k_main_art_set_historical_sun_qian_general	true	vo_actor_group_generic_male_water_general	2	6	40	3k_main_age_fixed_historical_sun_qian_hero_water	0	270	false	default_character_skill_selection_policy	3k_general_water
3k_main_template_historical_sun_shao_hero_metal	326003645	2142516540	673035068	0	100.0000	true	3k_main_art_set_historical_sun_shao_general	true	vo_actor_group_generic_male_metal_general	2	6	40	3k_main_age_fixed_historical_sun_shao_hero_metal	0	265	false	default_character_skill_selection_policy	3k_general_metal
3k_main_template_historical_su_fei_hero_fire	181616447	1445443051	0	0	100.0000	true	3k_main_art_set_historical_su_fei_general	true	vo_actor_group_generic_male_fire_general	2	6	40	3k_dlc06_age_fixed_historical_cheng_bing_hero_water	0	235	false	default_character_skill_selection_policy	3k_general_fire
3k_main_template_historical_tao_ying_hero_wood	707423161	1249215619	0	0	100.0000	true	3k_main_art_set_historical_tao_ying_general	true	vo_actor_group_generic_male_wood_general	2	6	40	3k_main_age_fixed_historical_tao_ying_hero_wood	0	220	false	default_character_skill_selection_policy	3k_general_wood
3k_main_template_historical_tian_chou_hero_water	2038184725	1297159052	1309324955	0	100.0000	true	3k_main_art_set_historical_tian_chou_general	true	vo_actor_group_generic_male_water_general	2	6	40	3k_main_age_fixed_historical_tian_chou_hero_water	0	295	false	default_character_skill_selection_policy	3k_general_water
3k_main_template_historical_tian_feng_hero_water	1485975711	1297159052	2076568720	0	100.0000	true	3k_main_art_set_historical_tian_feng_general	true	vo_actor_group_generic_male_water_general	3	10	40	3k_main_age_fixed_historical_tian_feng_hero_water	0	170	false	default_character_skill_selection_policy	3k_general_water
3k_main_template_historical_tian_kai_hero_earth	1144313899	1297159052	0	0	100.0000	true	3k_main_art_set_historical_tian_kai_general	true	vo_actor_group_generic_male_earth_general	2	6	40	3k_main_age_fixed_historical_tian_kai_hero_earth	0	210	false	default_character_skill_selection_policy	3k_general_earth
3k_main_template_generated_lady_wang_baolan_hero_water	714988402	95799204	0	0	100.0000	true	3k_main_art_set_historical_lady_wang_baolan_general	false	vo_actor_group_generic_female_water_general	2	6	40	3k_main_age_fixed_generated_lady_wang_baolan_hero_water	0	220	false	default_character_skill_selection_policy	3k_general_water
3k_main_template_historical_wang_dang_hero_water	1502365383	95799204	0	0	100.0000	true	3k_main_art_set_historical_wang_dang_general	true	vo_actor_group_generic_male_water_general	2	6	40	3k_main_age_fixed_historical_wang_dang_hero_water	0	265	false	default_character_skill_selection_policy	3k_general_water
3k_main_template_generated_lady_wang_fangyue_hero_water	400614693	95799204	0	0	100.0000	true	3k_main_art_set_historical_lady_wang_fangyue_general	false	vo_actor_group_generic_female_water_general	2	6	40	3k_main_age_fixed_generated_lady_wang_fangyue_hero_water	0	220	false	default_character_skill_selection_policy	3k_general_water
3k_dlc04_template_historical_wang_guo_metal	115292361	95799204	0	0	100.0000	true	3k_main_art_set_historical_wang_guo_general	true	vo_actor_group_generic_male_metal_general	2	6	40	3k_dlc04_age_fixed_historical_wang_guo_metal	-1	-1	false	default_character_skill_selection_policy	3k_general_metal
3k_main_template_historical_wang_hong_hero_earth	420815119	95799204	316698872	0	100.0000	true	3k_main_art_set_historical_wang_hong_general	true	vo_actor_group_generic_male_earth_general	2	6	40	3k_main_age_fixed_historical_cheng_xu_hero_water	0	290	false	default_character_skill_selection_policy	3k_general_earth
3k_main_template_historical_wang_kuang_hero_metal	20898924	95799204	556823771	0	100.0000	true	3k_main_art_set_historical_wang_kuang_general	true	vo_actor_group_generic_male_metal_general	2	6	40	3k_main_age_fixed_historical_wang_kuang_hero_metal	0	140	false	default_character_skill_selection_policy	3k_general_metal
3k_main_template_historical_wang_xiu_hero_earth	1628994766	95799204	797931268	0	100.0000	true	3k_main_art_set_historical_wang_xiu_general	true	vo_actor_group_generic_male_earth_general	2	6	40	3k_main_age_fixed_historical_wang_xiu_hero_earth	0	305	false	default_character_skill_selection_policy	3k_general_earth
3k_main_template_historical_wang_yun_hero_earth	1479351917	95799204	173069819	0	100.0000	true	3k_main_art_set_historical_wang_yun_general	true	vo_actor_group_generic_male_earth_general	2	6	40	3k_main_age_fixed_historical_wang_yun_hero_earth	0	300	false	default_character_skill_selection_policy	3k_general_earth
3k_main_template_historical_wang_yu_hero_metal	1001274191	95799204	0	0	100.0000	true	3k_main_art_set_historical_wang_yu_general	true	vo_actor_group_generic_male_metal_general	2	6	40	3k_main_age_fixed_historical_wang_yu_hero_metal	0	150	false	default_character_skill_selection_policy	3k_general_metal
3k_main_template_historical_wei_huang_hero_water	1984477981	300354522	0	0	100.0000	true	3k_main_art_set_historical_wei_huang_general	true	vo_actor_group_generic_male_wood_general	3	10	40	3k_main_age_fixed_historical_wei_huang_hero_water	0	300	false	default_character_skill_selection_policy	3k_general_wood
3k_main_template_historical_wei_jie_hero_wood	1876079568	1223322309	606351580	0	100.0000	true	3k_main_art_set_historical_wei_jie_general	true	vo_actor_group_generic_male_wood_general	3	10	40	3k_main_age_fixed_historical_wei_jie_hero_wood	0	300	false	default_character_skill_selection_policy	3k_general_wood
3k_main_template_historical_wei_you_hero_water	1337049449	1223322309	0	0	100.0000	true	3k_main_art_set_historical_wei_you_general	true	vo_actor_group_generic_male_water_general	2	6	40	3k_main_age_fixed_historical_wei_you_hero_water	0	130	false	default_character_skill_selection_policy	3k_general_water
3k_main_template_historical_xianyu_fu_hero_fire	560538992	789391262	0	0	100.0000	true	3k_main_art_set_historical_xianyu_fu_general	true	vo_actor_group_generic_male_fire_general	2	6	40	3k_main_age_fixed_historical_xianyu_fu_hero_fire	0	300	false	default_character_skill_selection_policy	3k_general_fire
3k_main_template_historical_xianyu_yin_hero_wood	20602088	789391262	0	0	100.0000	true	3k_main_art_set_historical_xianyu_yin_general	true	vo_actor_group_generic_male_wood_general	2	6	40	3k_main_age_fixed_historical_xianyu_yin_hero_wood	0	290	false	default_character_skill_selection_policy	3k_general_wood
3k_main_template_historical_xia_zhao_hero_metal	407683058	213447959	0	0	100.0000	true	3k_main_art_set_historical_xia_zhao_general	true	vo_actor_group_generic_male_metal_general	2	6	40	3k_main_age_fixed_historical_xia_zhao_hero_metal	0	300	false	default_character_skill_selection_policy	3k_general_metal
3k_main_template_historical_xin_ping_hero_wood	1448304161	483684789	1229747299	0	100.0000	true	3k_main_art_set_historical_xin_ping_general	true	vo_actor_group_generic_male_wood_general	2	6	40	3k_main_age_fixed_historical_xin_ping_hero_wood	0	275	false	default_character_skill_selection_policy	3k_general_wood
3k_main_template_historical_xuan_fan_hero_water	1384736137	82992381	0	0	100.0000	true	3k_main_art_set_historical_xuan_fan_general	true	vo_actor_group_generic_male_wood_general	3	10	40	3k_main_age_fixed_historical_xuan_fan_hero_water	0	200	false	default_character_skill_selection_policy	3k_general_wood
3k_dlc04_template_historical_xun_shuang_ciming_wood	354486656	1154760109	657385062	0	1.0000	true	3k_main_art_set_historical_xun_shuang_general	true	vo_actor_group_generic_male_wood_general	2	6	40	3k_dlc04_age_fixed_historical_xun_shuang_ciming_wood	-1	-1	false	default_character_skill_selection_policy	3k_general_wood
3k_ytr_template_historical_xu_he_hero_metal	1860649317	1527149295	0	0	100.0000	true	3k_main_art_set_historical_xu_he_general	true	vo_actor_group_generic_male_metal_general	2	6	40	3k_ytr_age_fixed_historical_xu_he_hero_metal	0	999999	false	default_character_skill_selection_policy	3k_general_metal
3k_main_template_historical_xu_rong_hero_fire	1986470841	1527149295	0	0	100.0000	true	3k_main_art_set_historical_xu_rong_general	true	vo_actor_group_generic_male_wood_general	3	10	40	3k_main_age_fixed_historical_xu_rong_hero_fire	0	195	false	default_character_skill_selection_policy	3k_general_wood
3k_main_template_historical_xu_you_hero_water	1337049449	152463897	1668426611	0	100.0000	true	3k_main_art_set_historical_xu_you_general	true	vo_actor_group_generic_male_water_general	2	6	40	3k_main_age_fixed_historical_xu_you_hero_water	0	230	false	default_character_skill_selection_policy	3k_general_water
3k_main_template_historical_yang_biao_hero_water	412880971	1906567700	914707197	0	100.0000	true	3k_main_art_set_historical_yang_biao_general	true	vo_actor_group_generic_male_fire_general	3	10	40	3k_main_age_fixed_historical_yang_biao_hero_water	0	160	false	default_character_skill_selection_policy	3k_general_fire
3k_main_template_historical_yang_bo_hero_metal	1207154053	1906567700	0	0	100.0000	true	3k_main_art_set_historical_yang_bo_general	true	vo_actor_group_generic_male_metal_general	2	6	40	3k_main_age_fixed_historical_yang_bo_hero_metal	0	245	false	default_character_skill_selection_policy	3k_general_metal
3k_main_template_historical_yang_feng_hero_wood	859142432	1906567700	0	0	100.0000	true	3k_main_art_set_historical_yang_feng_general	true	vo_actor_group_generic_male_wood_general	3	10	40	3k_main_age_fixed_historical_yang_feng_hero_wood	0	185	false	default_character_skill_selection_policy	3k_general_wood
3k_main_template_historical_yang_song_hero_earth	1405163359	1906567700	0	0	100.0000	true	3k_main_art_set_historical_yang_song_general	true	vo_actor_group_generic_male_earth_general	2	6	40	3k_main_age_fixed_historical_yang_song_hero_earth	0	260	false	default_character_skill_selection_policy	3k_general_earth
3k_main_template_historical_yan_gang_hero_metal	2081947157	9695431	0	0	100.0000	true	3k_main_art_set_historical_yan_gang_general	true	vo_actor_group_generic_male_fire_general	2	6	40	3k_dlc05_age_fixed_historical_li_ying_hero_water	0	150	false	default_character_skill_selection_policy	3k_general_fire
3k_main_template_historical_yan_xiang_hero_water	539389794	1790091572	0	0	100.0000	true	3k_main_art_set_historical_yan_xiang_general	true	vo_actor_group_generic_male_water_general	2	6	40	3k_main_age_fixed_historical_yan_xiang_hero_water	0	300	false	default_character_skill_selection_policy	3k_general_water
3k_main_template_historical_yan_xing_hero_metal	517348797	1790091572	1164385800	0	100.0000	true	3k_main_art_set_historical_yan_xing_general	true	vo_actor_group_generic_male_metal_general	2	6	40	3k_main_age_fixed_historical_yan_xing_hero_metal	0	250	false	default_character_skill_selection_policy	3k_general_metal
3k_main_template_historical_ying_shao_hero_fire	617232304	138114232	466997217	0	100.0000	true	3k_main_art_set_historical_ying_shao_general	true	vo_actor_group_generic_male_fire_general	3	10	40	3k_dlc04_age_fixed_historical_ying_xun_jiyu_fire	0	150	false	default_character_skill_selection_policy	3k_general_fire
3k_main_template_historical_yin_li_hero_metal	1021966112	1923865651	985150041	0	100.0000	true	3k_main_art_set_historical_yin_li_general	true	vo_actor_group_generic_male_metal_general	3	10	40	3k_main_age_fixed_historical_yin_li_hero_metal	0	250	false	default_character_skill_selection_policy	3k_general_metal
3k_main_template_historical_yuan_xi_hero_earth	440882352	693637038	561962575	0	100.0000	true	3k_main_art_set_historical_yuan_xi_general	true	vo_actor_group_generic_male_earth_general	2	6	40	3k_main_age_fixed_historical_yuan_xi_hero_earth	15	325	false	default_character_skill_selection_policy	3k_general_earth
3k_main_template_historical_yuan_yao_hero_earth	2010733674	693637038	0	0	100.0000	true	3k_main_art_set_historical_yuan_yao_general	true	vo_actor_group_generic_male_earth_general	2	6	40	3k_main_age_fixed_historical_yuan_yao_hero_earth	20	330	false	default_character_skill_selection_policy	3k_general_earth
3k_main_template_historical_yu_du_hero_fire	1739830073	918150090	0	0	100.0000	true	3k_main_art_set_historical_yu_du_general	true	vo_actor_group_generic_male_fire_general	2	6	40	3k_main_age_fixed_historical_yu_du_hero_fire	0	255	false	default_character_skill_selection_policy	3k_general_fire
3k_main_template_historical_yu_fan_hero_water	316604413	1654735042	1733242671	0	100.0000	true	3k_main_art_set_historical_yu_fan_general	true	vo_actor_group_generic_male_water_general	2	6	40	3k_main_age_fixed_historical_yu_fan_hero_water	0	270	false	default_character_skill_selection_policy	3k_general_water
3k_main_template_historical_zang_ba_hero_wood	2057701792	1313178756	751198667	0	100.0000	true	3k_main_art_set_historical_zang_ba_general	true	vo_actor_group_generic_male_wood_general	2	6	40	3k_dlc04_age_fixed_historical_gao_you_water	0	310	false	default_character_skill_selection_policy	3k_general_wood
3k_main_template_historical_zang_hong_hero_metal	1705378997	1313178756	2030494246	0	100.0000	true	3k_main_art_set_historical_zang_hong_general	true	vo_actor_group_generic_male_metal_general	2	6	40	3k_main_age_fixed_historical_chang_xia_hero_metal	0	305	false	default_character_skill_selection_policy	3k_general_metal
3k_main_template_generated_ze_bu_hero_wood	652195187	1554188338	0	0	100.0000	true	3k_main_art_set_historical_ze_bu_general	true	vo_actor_group_generic_male_wood_general	2	6	40	3k_main_age_fixed_generated_ze_bu_hero_wood	0	220	false	default_character_skill_selection_policy	3k_general_wood
3k_main_template_generated_lady_ze_ningqin_hero_metal	1379263351	355118090	0	0	100.0000	true	3k_main_art_set_historical_lady_ze_ningqin_general	false	vo_actor_group_generic_female_metal_general	2	6	40	3k_main_age_fixed_historical_han_yin_hero_water	0	180	false	default_character_skill_selection_policy	3k_general_metal
3k_main_template_historical_ze_rong_hero_fire	309319222	1554188338	0	0	100.0000	true	3k_main_art_set_historical_ze_rong_general	true	vo_actor_group_generic_male_fire_general	2	6	40	3k_main_age_fixed_historical_ze_rong_hero_fire	0	180	false	default_character_skill_selection_policy	3k_general_fire
3k_main_template_historical_zhang_chao_hero_water	1872429158	2132474979	0	0	100.0000	true	3k_main_art_set_historical_zhang_chao_general	true	vo_actor_group_generic_male_water_general	2	6	40	3k_main_age_fixed_historical_zhang_chao_hero_water	0	200	false	default_character_skill_selection_policy	3k_general_metal
3k_main_template_historical_zhang_fu_hero_wood	1940796194	2132474979	0	0	100.0000	true	3k_main_art_set_historical_zhang_fu_general	true	vo_actor_group_generic_male_wood_general	2	6	40	3k_main_age_fixed_historical_zhang_fu_hero_wood	0	220	false	default_character_skill_selection_policy	3k_general_wood
3k_main_template_generated_lady_zhang_liyan_hero_earth	2134606695	1064499296	0	0	100.0000	true	3k_main_art_set_historical_lady_zhang_liyan_general	false	vo_actor_group_generic_female_earth_general	2	6	40	3k_main_age_fixed_historical_cheng_xu_hero_water	0	220	false	default_character_skill_selection_policy	3k_general_earth
3k_main_template_historical_zhang_lu_hero_wood	1537482780	2132474979	939132535	0	100.0000	true	ep_art_set_historical_sima_liang_general	true	vo_actor_group_generic_male_wood_general	2	6	40	3k_main_age_fixed_historical_zhang_lu_hero_wood	0	260	false	default_character_skill_selection_policy	3k_general_wood
3k_main_template_historical_zhang_yang_hero_earth	1666020113	2132474979	1065714599	0	100.0000	true	3k_main_art_set_historical_zhang_yang_general	true	vo_actor_group_generic_male_fire_general	2	6	40	3k_main_age_fixed_historical_zhang_yang_hero_earth	0	205	false	default_character_skill_selection_policy	3k_general_fire
3k_main_template_generated_lady_zhang_zhumeng_hero_metal	263397390	1435860105	0	0	100.0000	true	3k_main_art_set_historical_lady_zhang_zhumeng_general	false	vo_actor_group_generic_female_metal_general	2	6	40	3k_main_age_fixed_generated_lady_zhang_zhumeng_hero_metal	0	220	false	default_character_skill_selection_policy	3k_general_metal
3k_main_template_historical_zhao_wei_hero_water	2129155678	321968781	0	0	100.0000	true	3k_main_art_set_historical_zhao_wei_general	true	vo_actor_group_generic_male_water_general	3	10	40	3k_main_age_fixed_historical_zhao_wei_hero_water	0	205	false	default_character_skill_selection_policy	3k_general_water
3k_main_template_historical_zhao_wen_hero_water	686123791	321968781	532439054	0	100.0000	true	3k_main_art_set_generic_male_37_general_earth	true	vo_actor_group_generic_male_earth_general	3	10	40	3k_main_age_fixed_historical_zhao_wen_hero_water	0	135	false	default_character_skill_selection_policy	3k_general_earth
3k_main_template_historical_zheng_xuan_hero_water	2033364858	1064304120	447895172	0	100.0000	true	3k_main_art_set_historical_zheng_xuan_general	true	vo_actor_group_generic_male_water_general	3	10	40	3k_main_age_fixed_historical_zheng_xuan_hero_water	0	85	false	default_character_skill_selection_policy	3k_general_water
3k_main_template_historical_zheng_yan_hero_wood	1033744417	1064304120	0	0	100.0000	true	3k_main_art_set_historical_zheng_yan_general	true	vo_actor_group_generic_male_wood_general	2	6	40	3k_main_age_fixed_historical_zheng_yan_hero_wood	0	225	false	default_character_skill_selection_policy	3k_general_wood
3k_main_template_historical_zhou_xin_hero_fire	1748938621	1140884222	122335813	0	100.0000	true	3k_main_art_set_historical_zhou_xin_general	true	vo_actor_group_generic_male_fire_general	3	10	40	3k_main_age_fixed_historical_bao_xin_hero_metal	0	265	false	default_character_skill_selection_policy	3k_general_fire
3k_dlc04_template_historical_zong_yuan_fire	170843879	1932217299	0	0	100.0000	true	3k_main_art_set_historical_zong_yuan_general	true	vo_actor_group_generic_male_fire_general	2	6	40	3k_dlc04_age_fixed_historical_zong_yuan_fire	-1	-1	false	default_character_skill_selection_policy	3k_general_fire
3k_dlc04_template_historical_zhou_bi_zhongyuan_water	878381163	1140884222	443495323	0	100.0000	true	3k_main_art_set_historical_zhou_bi_general	true	vo_actor_group_generic_male_water_general	2	6	40	3k_dlc04_age_fixed_historical_zhou_bi_zhongyuan_water	-1	-1	false	default_character_skill_selection_policy	3k_general_water
3k_dlc04_template_historical_chen_deng_yuanlong_water	1354640248	1501895880	840440655	0	100.0000	true	3k_main_art_set_historical_chen_deng_general	true	vo_actor_group_generic_male_water_general	2	6	40	3k_dlc04_age_fixed_historical_chen_deng_yuanlong_water	-1	-1	false	default_character_skill_selection_policy	3k_general_water
3k_dlc04_template_historical_bian_zhang_metal	877699909	1051817282	0	0	100.0000	true	3k_main_art_set_historical_bian_zhang_general	true	vo_actor_group_generic_male_metal_general	2	6	40	3k_dlc04_age_fixed_historical_bian_zhang_metal	-1	-1	false	default_character_skill_selection_policy	3k_general_metal
3k_dlc04_template_historical_wu_qiong_deyu_earth	1550911293	1971455096	1592999145	0	100.0000	true	3k_main_art_set_generic_male_12_general_earth	true	vo_actor_group_generic_male_earth_general	2	6	40	3k_dlc04_age_fixed_historical_wu_qiong_deyu_earth	-1	-1	false	default_character_skill_selection_policy	3k_general_earth
3k_dlc_04_template_historical_chen_gui_water	382004661	1501895880	712447907	0	1.0000	true	3k_main_art_set_historical_chen_gui_general	true	vo_actor_group_generic_male_water_general	2	6	40	3k_main_age_fixed_historical_xun_yue_hero_water	-1	-1	false	default_character_skill_selection_policy	3k_general_water
3k_dlc04_template_historical_chu_gong_metal	992080009	1799824588	0	0	100.0000	true	3k_main_art_set_generic_male_15_general_metal	true	vo_actor_group_generic_male_metal_general	2	6	40	3k_dlc04_age_fixed_historical_chu_gong_metal	-1	-1	false	default_character_skill_selection_policy	3k_general_metal
3k_dlc04_template_historical_wang_rui_fire	1422959999	95799204	166731562	0	100.0000	true	3k_main_art_set_historical_wang_rui_general	true	vo_actor_group_generic_male_fire_2_general	2	6	40	3k_dlc04_age_fixed_historical_wang_rui_tongyao_fire	-1	-1	false	default_character_skill_selection_policy	3k_general_fire
3k_dlc04_template_historical_qiao_xuan_gongzu_water	2033364858	810236420	2135402211	0	1.0000	true	3k_main_art_set_historical_qiao_xuan_general	true	vo_actor_group_generic_male_water_2_general	2	6	40	3k_dlc04_age_fixed_historical_qiao_xuan_gongzu_water	-1	-1	false	default_character_skill_selection_policy	3k_general_water
3k_dlc04_template_historical_dong_he_earth	1860649317	62828720	127265652	0	100.0000	true	3k_main_art_set_generic_male_15_general_earth	true	vo_actor_group_generic_male_earth_general	2	6	40	3k_main_age_fixed_historical_cao_ren_hero_earth	-1	-1	false	default_character_skill_selection_policy	3k_general_earth
3k_main_template_historical_qiao_mao_hero_earth	1558332559	810236420	1285118617	0	100.0000	true	3k_main_art_set_generic_male_11_general_earth	true	vo_actor_group_generic_male_earth_general	3	10	40	3k_main_age_fixed_historical_qiao_mao_hero_earth	0	205	false	default_character_skill_selection_policy	3k_general_earth
3k_ytr_template_historical_zhao_bo_hero_wood	1128654956	321968781	0	0	100.0000	true	3k_main_art_set_historical_zhao_bo_general	true	vo_actor_group_generic_male_wood_general	2	6	40	3k_ytr_age_fixed_historical_zhao_bo_hero_wood	0	150	false	default_character_skill_selection_policy	3k_general_wood
3k_dlc04_template_historical_fu_xie_nanrong_wood	368703559	907913703	1587031139	0	100.0000	true	3k_main_art_set_generic_male_05_general_wood	true	vo_actor_group_generic_male_wood_general	2	6	40	3k_dlc04_age_fixed_historical_fu_xie_nanrong_wood	-1	-1	false	default_character_skill_selection_policy	3k_general_wood
3k_main_template_historical_li_damu_hero_wood	1468165970	1804280123	0	0	100.0000	true	3k_main_art_set_historical_li_damu_general	true	vo_actor_group_generic_male_wood_general	3	10	40	3k_main_age_fixed_historical_li_damu_hero_wood	0	240	false	default_character_skill_selection_policy	3k_general_wood
3k_main_template_historical_cai_yong_hero_water	1895168270	1582273806	1452470901	0	100.0000	true	3k_main_art_set_historical_cai_yong_general	true	vo_actor_group_generic_male_water_general	3	10	40	3k_main_age_fixed_historical_cai_yong_hero_water	0	110	false	default_character_skill_selection_policy	3k_general_water
3k_main_template_historical_chang_xia_hero_metal	1269051418	29871292	1720745059	0	100.0000	true	3k_main_art_set_historical_chang_xia_general	true	vo_actor_group_generic_male_metal_general	3	10	40	3k_main_age_fixed_historical_chang_xia_hero_metal	0	210	false	default_character_skill_selection_policy	3k_general_metal
3k_main_template_historical_bao_xin_hero_metal	1372768497	1110563968	0	0	100.0000	true	3k_main_art_set_historical_bao_xin_general	true	vo_actor_group_generic_male_metal_general	3	10	40	3k_main_age_fixed_historical_bao_xin_hero_metal	0	210	false	default_character_skill_selection_policy	3k_general_metal
3k_main_template_historical_zhu_jun_hero_fire	590675638	1289834500	1649301372	0	100.0000	true	3k_main_art_set_historical_zhu_jun_general	true	vo_actor_group_generic_male_fire_general	3	10	40	3k_main_age_fixed_historical_zhu_jun_hero_fire	0	170	false	default_character_skill_selection_policy	3k_general_fire
3k_main_template_historical_guan_jing_hero_water	1597472005	259600869	1551714103	0	100.0000	true	3k_main_art_set_historical_guan_jing_general	true	vo_actor_group_generic_male_water_general	2	6	40	3k_main_age_fixed_historical_guan_jing_hero_water	0	260	false	default_character_skill_selection_policy	3k_general_water
3k_main_template_historical_cai_xun_hero_earth	989839618	1582273806	0	0	100.0000	true	3k_main_art_set_historical_cai_xun_general	true	vo_actor_group_generic_male_earth_general	2	6	40	3k_main_age_fixed_historical_cai_xun_hero_earth	0	280	false	default_character_skill_selection_policy	3k_general_earth
3k_main_template_historical_zhang_miao_hero_water	1628093211	2132474979	308610210	0	100.0000	true	3k_main_art_set_historical_zhang_miao_general	true	vo_actor_group_generic_male_water_general	3	10	40	3k_dlc04_age_fixed_historical_zhou_shen_metal	0	270	false	default_character_skill_selection_policy	3k_general_water
3k_main_template_historical_lou_gui_hero_fire	1824342637	1702812088	1328883021	0	100.0000	true	3k_main_art_set_historical_lou_gui_general	true	vo_actor_group_generic_male_fire_general	2	6	40	3k_main_age_fixed_historical_lou_gui_hero_fire	0	205	false	default_character_skill_selection_policy	3k_general_fire
3k_main_template_generated_lady_han_wanwan_hero_metal	1129907153	1839138676	0	0	100.0000	true	3k_main_art_set_historical_lady_han_wanwan_general	false	vo_actor_group_generic_female_metal_general	2	6	40	3k_main_age_fixed_generated_lady_han_wanwan_hero_metal	0	170	false	default_character_skill_selection_policy	3k_general_metal
3k_main_template_generated_lady_jia_minxiang_hero_earth	444531595	1616078974	0	0	100.0000	true	3k_main_art_set_historical_lady_jia_minxiang_general	false	vo_actor_group_generic_female_earth_general	2	6	40	3k_main_age_fixed_generated_lady_jia_minxiang_hero_earth	0	220	false	default_character_skill_selection_policy	3k_general_earth
3k_main_template_generated_lady_liu_huimin_hero_earth	1977066722	2012172474	0	0	100.0000	true	3k_main_art_set_historical_lady_liu_huimin_general	false	vo_actor_group_generic_female_earth_general	2	6	40	3k_main_age_fixed_historical_gao_rou_hero_water	0	220	false	default_character_skill_selection_policy	3k_general_earth
3k_dlc04_template_historical_mi_fang_metal	1219057659	1426211990	808142097	0	50.5000	true	3k_main_art_set_historical_mi_fang_general	true	vo_actor_group_generic_male_metal_general	2	6	40	3k_main_age_fixed_historical_congqian_hero_metal	0	240	true	default_character_skill_selection_policy	3k_general_metal
3k_main_template_generated_lady_liu_zhi_hero_earth	1196750357	274162232	0	0	100.0000	true	3k_main_art_set_historical_lady_liu_zhi_general	false	vo_actor_group_generic_female_earth_general	2	6	40	3k_main_age_fixed_historical_bao_xin_hero_metal	0	170	false	default_character_skill_selection_policy	3k_general_earth
3k_main_template_generated_lady_zhang_yanyan_hero_earth	800986760	2132474979	0	0	100.0000	true	3k_main_art_set_historical_lady_zhang_yanyan_general	false	vo_actor_group_generic_female_water_general	2	6	40	3k_main_age_fixed_generated_lady_zhang_yanyan_hero_earth	0	220	false	default_character_skill_selection_policy	3k_general_earth
3k_main_template_generated_lady_ze_yue_hero_metal	96418987	1554188338	0	0	100.0000	true	3k_main_art_set_historical_lady_ze_yue_general	false	vo_actor_group_generic_female_metal_general	2	6	40	3k_main_age_fixed_historical_gao_rou_hero_water	0	220	false	default_character_skill_selection_policy	3k_general_metal
3k_main_template_historical_cao_zhang_hero_wood	875287398	1170641616	0	0	100.0000	true	3k_main_art_set_historical_cao_zhang_general	true	vo_actor_group_generic_male_wood_general	3	10	40	3k_main_age_fixed_historical_cao_zhang_hero_wood	120	430	false	default_character_skill_selection_policy	3k_general_wood
3k_main_template_historical_cao_zhi_hero_water	521225764	1170641616	1098658830	0	100.0000	true	3k_main_art_set_historical_cao_zhi_general	true	vo_actor_group_generic_male_water_general	3	10	40	3k_main_age_fixed_historical_cao_zhi_hero_water	100	410	false	default_character_skill_selection_policy	3k_general_water
3k_main_template_historical_cheng_yu_hero_water	2065171660	1897966491	355116190	0	100.0000	true	3k_main_art_set_historical_cheng_yu_general	true	vo_actor_group_generic_male_water_general	3	10	40	3k_main_age_fixed_historical_cheng_yu_hero_water	0	160	false	default_character_skill_selection_policy	3k_general_water
3k_main_template_historical_hao_meng_hero_fire	1332811827	1215980560	0	0	100.0000	true	3k_main_art_set_historical_hao_meng_general	true	vo_actor_group_generic_male_fire_general	3	10	40	3k_main_age_fixed_historical_hao_meng_hero_fire	0	290	false	default_character_skill_selection_policy	3k_general_fire
3k_main_template_historical_guo_tu_hero_water	220389972	1484336999	972654587	0	100.0000	true	3k_main_art_set_historical_guo_tu_general	true	vo_actor_group_generic_male_water_general	3	10	40	3k_main_age_fixed_generated_lady_shi_mengjuan_hero_water	30	340	false	default_character_skill_selection_policy	3k_general_water
3k_main_template_historical_tian_yu_hero_fire	515886739	1297159052	1583272494	0	100.0000	true	3k_main_art_set_historical_tian_yu_general	true	vo_actor_group_generic_male_fire_general	3	10	40	3k_main_age_fixed_historical_tian_yu_hero_fire	0	305	false	default_character_skill_selection_policy	3k_general_fire
3k_main_template_historical_lu_xun_hero_water	46993371	1615683025	1668646167	0	100.0000	true	3k_main_art_set_historical_lu_xun_general	true	vo_actor_group_generic_male_water_general	2	6	40	3k_main_age_fixed_historical_lu_xun_hero_water	55	365	true	default_character_skill_selection_policy	3k_general_water
3k_main_template_historical_zao_zhi_hero_wood	74404432	1432273691	0	0	100.0000	true	3k_main_art_set_historical_zao_zhi_general	true	vo_actor_group_generic_any_male_wood_general	2	6	40	3k_main_age_fixed_historical_zao_zhi_hero_wood	0	190	false	default_character_skill_selection_policy	3k_general_wood
3k_dlc05_template_historical_hou_cheng_hero_wood	1028947939	224938280	0	0	100.0000	true	3k_main_art_set_historical_hou_cheng_general	true	vo_actor_group_generic_male_wood_2_general	2	6	40	3k_dlc05_age_fixed_historical_hou_cheng_hero_wood	0	255	false	default_character_skill_selection_policy	3k_general_wood
3k_main_template_historical_pang_ji_hero_water	1573667838	396889434	1922918992	0	100.0000	true	3k_main_art_set_historical_pang_ji_general	true	vo_actor_group_generic_any_male_water_general	3	10	40	3k_main_age_fixed_historical_pang_ji_hero_water	0	185	false	default_character_skill_selection_policy	3k_general_water
3k_main_template_historical_wu_jing_hero_fire	1447686807	1780015206	0	0	100.0000	true	3k_main_art_set_historical_wu_jing_general	true	vo_actor_group_generic_any_male_fire_general	3	10	40	3k_main_age_fixed_historical_wu_jing_hero_fire	0	185	false	default_character_skill_selection_policy	3k_general_fire
3k_dlc05_template_historical_hu_mao_hero_metal	1558332559	654830673	0	0	50.5000	true	3k_main_art_set_historical_hu_mao_general	true	vo_actor_group_generic_any_male_metal_general	2	5	40	3k_dlc04_age_fixed_historical_wang_guo_metal	0	225	false	default_character_skill_selection_policy	3k_general_metal
3k_main_template_historical_xu_zhao_hero_earth	407683058	152463897	0	0	100.0000	true	3k_main_art_set_historical_xu_zhao_general	true	vo_actor_group_generic_any_male_earth_general	2	6	40	3k_main_age_fixed_historical_xu_zhao_hero_earth	0	225	false	default_character_skill_selection_policy	3k_general_earth
3k_main_template_historical_gao_dai_hero_water	720185765	2039402527	0	0	100.0000	true	3k_main_art_set_historical_gao_dai_general	true	vo_actor_group_generic_any_male_water_general	2	6	40	3k_main_age_fixed_historical_gao_dai_hero_water	0	225	false	default_character_skill_selection_policy	3k_general_water
3k_main_template_historical_xu_gong_hero_fire	115164109	152463897	0	0	100.0000	true	3k_main_art_set_historical_xu_gong_general	true	vo_actor_group_generic_any_male_fire_general	2	6	40	3k_main_age_fixed_historical_xu_gong_hero_fire	0	225	false	default_character_skill_selection_policy	3k_general_fire
3k_main_template_historical_zhu_fu_hero_water	1905042992	1289834500	0	0	100.0000	true	3k_main_art_set_historical_zhu_fu_general	true	vo_actor_group_generic_any_male_water_general	2	6	40	3k_main_age_fixed_historical_zhu_fu_hero_water	0	225	false	default_character_skill_selection_policy	3k_general_water
3k_main_template_historical_zhang_ji_hero_water	1955408541	2132474979	1499907385	0	100.0000	true	3k_main_art_set_historical_zhang_ji_general	true	vo_actor_group_generic_any_male_water_general	3	10	40	3k_main_age_fixed_historical_zhang_ji_hero_water	220	530	false	default_character_skill_selection_policy	3k_general_water
3k_main_template_historical_zhang_xiu_hero_fire	345319015	2132474979	0	0	100.0000	true	3k_main_art_set_historical_zhang_xiu_general	true	vo_actor_group_generic_any_male_fire_general	3	10	40	3k_main_age_fixed_historical_lu_gong_hero_fire	80	390	false	default_character_skill_selection_policy	3k_general_fire
3k_main_template_historical_xue_li_hero_metal	1021966112	957313562	0	0	100.0000	true	3k_main_art_set_historical_xue_li_general	true	vo_actor_group_generic_any_male_metal_general	2	6	40	3k_main_age_fixed_historical_xue_li_hero_metal	0	155	false	default_character_skill_selection_policy	3k_general_metal
3k_main_template_historical_shi_huang_hero_earth	101047633	1494390026	0	0	100.0000	true	3k_main_art_set_historical_shi_huang_general	true	vo_actor_group_generic_any_male_earth_general	2	6	40	3k_main_age_fixed_historical_shi_huang_hero_earth	0	225	false	default_character_skill_selection_policy	3k_general_earth
3k_main_template_historical_shi_yi_hero_metal	285668707	853075379	0	0	100.0000	true	3k_main_art_set_historical_shi_yi2_general	true	vo_actor_group_generic_any_male_metal_general	2	6	40	3k_dlc04_age_fixed_historical_zhou_ang_earth	0	225	false	default_character_skill_selection_policy	3k_general_metal
3k_main_template_historical_shi_wu_hero_fire	2072000275	853075379	0	0	100.0000	true	3k_main_art_set_historical_shi_wu_general	true	vo_actor_group_generic_any_male_fire_general	2	6	40	3k_main_age_fixed_historical_shi_wu_hero_fire	0	225	false	default_character_skill_selection_policy	3k_general_fire
3k_main_template_historical_cao_xing_hero_wood	510639522	2040539665	0	0	100.0000	true	3k_main_art_set_historical_cao_xing_general	true	vo_actor_group_generic_any_male_wood_general	3	10	40	3k_main_age_fixed_historical_cao_xing_wood	40	200	false	default_character_skill_selection_policy	3k_general_wood
3k_dlc05_template_historical_pan_lin_hero_water	1466577214	1418049771	0	0	50.5000	true	3k_main_art_set_historical_pan_lin_general	true	vo_actor_group_generic_any_male_water_general	2	6	20	3k_dlc05_age_fixed_historical_pan_lin_hero_water	0	310	false	default_character_skill_selection_policy	3k_general_water
3k_dlc05_template_historical_zhou_bo_hero_earth	1008075993	1140884222	0	0	50.5000	true	3k_main_art_set_historical_zhou_bo_general	true	vo_actor_group_generic_male_earth_2_general	2	6	20	3k_dlc05_age_fixed_historical_zhou_bo_hero_earth	0	310	false	default_character_skill_selection_policy	3k_general_earth
3k_dlc05_template_historical_chen_yu_hero_water	1939443453	1501895880	1649301372	0	50.5000	true	3k_main_art_set_historical_chen_yu_general	true	vo_actor_group_generic_male_water_2_general	2	10	50	3k_main_age_fixed_historical_dong_yue_hero_fire	0	310	false	default_character_skill_selection_policy	3k_general_water
3k_main_template_generated_lady_han_anyue_hero_metal	1048372089	2028361413	0	0	100.0000	true	3k_main_art_set_historical_han_anyue_general	false	vo_actor_group_generic_female_metal_general	2	6	20	3k_main_age_fixed_generated_lady_han_anyue_hero_metal	0	220	false	default_character_skill_selection_policy	3k_general_metal
3k_main_template_historical_huanglong_hero_fire	0	1921877423	0	0	100.0000	true	3k_main_art_set_historical_huanglong_general	true	vo_actor_group_generic_any_male_fire_general	3	10	50	3k_main_age_fixed_historical_huanglong_hero_fire	0	290	false	default_character_skill_selection_policy	3k_general_fire
3k_dlc05_template_historical_huanglong_luo_hero_fire	156140218	1921877423	0	0	50.5000	true	3k_main_art_set_historical_huanglong_luo_general	true	vo_actor_group_generic_any_male_fire_general	2	6	20	3k_dlc05_age_fixed_historical_huanglong_luo_hero_fire	0	310	false	default_character_skill_selection_policy	3k_general_fire
3k_dlc05_template_historical_zhang_fang_hero_earth	325411011	2132474979	0	0	100.0000	true	3k_main_art_set_historical_zhang_fang_general	true	vo_actor_group_generic_male_earth_2_general	2	6	20	3k_dlc05_age_fixed_historical_zhang_fang_hero_earth	0	225	false	default_character_skill_selection_policy	3k_general_earth
3k_dlc06_template_historical_shi_xin_hero_wood	1088566300	853075379	0	0	100.0000	true	3k_main_art_set_historical_shi_xin_general	true	vo_actor_group_generic_male_wood_general	2	6	20	3k_dlc06_age_fixed_historical_shi_xin_hero_wood	0	135	false	default_character_skill_selection_policy	3k_general_wood
3k_dlc06_template_historical_shi_wei_hero_metal	1822525451	853075379	0	0	1.0000	true	3k_main_art_set_historical_shi_wei_general	true	vo_actor_group_generic_male_metal_general	2	6	20	3k_dlc06_age_fixed_historical_shi_wei_hero_metal	0	225	false	default_character_skill_selection_policy	3k_general_metal
3k_main_template_historical_shi_zhi_hero_water	74404432	853075379	0	0	100.0000	true	3k_main_art_set_historical_shi_zhi_general	true	vo_actor_group_generic_any_male_water_general	3	10	50	3k_main_age_fixed_historical_shi_zhi_hero_water	125	435	false	default_character_skill_selection_policy	3k_general_water
3k_main_template_historical_sheng_xian_hero_water	58511425	399763910	1594785225	0	100.0000	true	3k_main_art_set_historical_sheng_xian_general	true	vo_actor_group_generic_any_male_water_general	3	10	50	3k_main_age_fixed_historical_sheng_xian_hero_water	0	250	false	default_character_skill_selection_policy	3k_general_water
3k_main_template_generated_lady_shi_jiejin_hero_water	93558	1804280123	0	0	100.0000	true	3k_main_art_set_historical_shi_jiejin_general	false	vo_actor_group_generic_female_water_general	2	6	20	3k_main_age_fixed_historical_zhang_ya_hero_metal	0	220	false	default_character_skill_selection_policy	3k_general_water
3k_main_template_historical_zhang_min_hero_water	993290721	2132474979	0	0	100.0000	true	3k_main_art_set_historical_zhang_min_general	true	vo_actor_group_generic_any_male_water_general	2	6	20	3k_main_age_fixed_historical_zhang_min_hero_water	0	185	false	default_character_skill_selection_policy	3k_general_water
3k_main_template_historical_zhang_yun_hero_water	1479351917	2132474979	0	0	100.0000	true	ironic_art_set_fixes_historical_zhang_yun_general	true	vo_actor_group_generic_any_male_water_general	2	6	20	3k_main_age_fixed_historical_zhang_yun_hero_water	0	260	false	default_character_skill_selection_policy	3k_general_water
3k_main_template_generated_han_chong_hero_wood	1722287543	2028361413	0	0	100.0000	true	ironic_art_set_fixes_historical_han_chong_general	true	vo_actor_group_generic_any_male_wood_general	2	6	20	3k_main_age_fixed_generated_han_chong_hero_wood	0	220	false	default_character_skill_selection_policy	3k_general_wood
3k_main_template_generated_han_xin_hero_fire	1314137082	2028361413	0	0	100.0000	true	3k_main_art_set_historical_han_xin_hero_general	true	vo_actor_group_generic_any_male_fire_general	2	6	20	3k_main_age_fixed_generated_han_xin_hero_fire	0	220	false	default_character_skill_selection_policy	3k_general_fire
3k_main_template_historical_cheng_yi_hero_wood	1478033083	474402175	0	0	100.0000	true	3k_main_art_set_historical_cheng_yi_general	true	vo_actor_group_generic_any_male_wood_general	2	6	20	3k_main_age_fixed_historical_cheng_yi_hero_wood	0	285	false	default_character_skill_selection_policy	3k_general_wood
3k_main_template_historical_liang_xing_hero_metal	946708018	506504136	0	0	100.0000	true	3k_main_art_set_historical_liang_xing_general	true	vo_actor_group_generic_any_male_metal_general	2	6	20	3k_dlc04_age_fixed_historical_lady_lu_metal	0	290	false	default_character_skill_selection_policy	3k_general_metal
3k_main_template_historical_li_kan_hero_fire	317158861	1804280123	0	0	100.0000	true	3k_main_art_set_historical_li_kan_general	true	vo_actor_group_generic_any_male_fire_general	3	10	50	3k_main_age_fixed_historical_cheng_xu_hero_water	10	320	false	default_character_skill_selection_policy	3k_general_fire
3k_main_template_historical_ren_qi_hero_fire	2005661468	965014031	0	0	100.0000	true	3k_main_art_set_historical_ren_qi_general	true	vo_actor_group_generic_any_male_fire_general	3	10	50	3k_main_age_fixed_historical_ren_qi_hero_fire	0	225	false	default_character_skill_selection_policy	3k_general_fire
3k_main_template_historical_chen_chao_hero_fire	1872429158	1501895880	0	0	100.0000	true	3k_main_art_set_historical_chen_chao_general	true	vo_actor_group_generic_any_male_fire_general	2	6	20	3k_main_age_fixed_historical_chen_chao_hero_fire	0	250	false	default_character_skill_selection_policy	3k_general_fire
3k_main_template_generated_lady_wang_lanlan_hero_earth	476134315	95799204	0	0	100.0000	true	3k_main_art_set_historical_lady_wang_lanlan_general	false	vo_actor_group_generic_female_earth_general	2	6	20	3k_main_age_fixed_generated_lady_wang_lanlan_hero_earth	0	245	false	default_character_skill_selection_policy	3k_general_earth
3k_main_template_historical_tao_shang_hero_metal	1803582623	1249215619	0	0	100.0000	true	3k_main_art_set_historical_tao_shang_general	true	vo_actor_group_generic_any_male_metal_general	2	6	20	3k_main_age_fixed_historical_tao_shang_hero_metal	0	220	false	default_character_skill_selection_policy	3k_general_metal
3k_main_template_historical_que_xuan_hero_water	636139692	5822460	0	0	100.0000	true	3k_main_art_set_historical_zhu_han_general	true	vo_actor_group_generic_any_male_water_general	2	6	20	3k_main_age_fixed_historical_que_xuan_hero_water	0	240	false	default_character_skill_selection_policy	3k_general_water
3k_main_template_historical_li_tong_hero_fire	1398939044	1804280123	1929543441	0	100.0000	true	3k_main_art_set_historical_li_tong_general	true	vo_actor_group_generic_any_male_fire_general	3	10	50	3k_main_age_fixed_historical_li_tong_hero_fire	0	290	false	default_character_skill_selection_policy	3k_general_fire
3k_main_template_historical_peng_yang_hero_water	953242202	1840309276	1211636519	0	100.0000	true	3k_main_art_set_historical_peng_yang_general	true	vo_actor_group_generic_any_male_water_general	3	10	50	3k_main_age_fixed_historical_peng_yang_hero_water	30	340	false	default_character_skill_selection_policy	3k_general_water
3k_main_template_historical_xiang_chong_hero_fire	700281055	1264630533	0	0	100.0000	true	3k_main_art_set_historical_xiang_chong_general	true	vo_actor_group_generic_any_male_fire_general	3	10	50	3k_main_age_fixed_historical_wang_su_hero_metal	225	535	false	default_character_skill_selection_policy	3k_general_fire
3k_main_template_historical_xi_zhen_hero_fire	747030677	1988322812	0	0	100.0000	true	3k_main_art_set_historical_xi_zhen_general	true	vo_actor_group_generic_any_male_fire_general	3	10	50	3k_main_age_fixed_historical_xi_zhen_hero_fire	0	300	false	default_character_skill_selection_policy	3k_general_fire
3k_main_template_historical_quan_rou_hero_wood	429585464	930663746	0	0	100.0000	true	3k_main_art_set_historical_quan_rou_general	true	vo_actor_group_generic_any_male_wood_general	2	6	20	3k_main_age_fixed_historical_quan_rou_hero_wood	0	999999	false	default_character_skill_selection_policy	3k_general_wood
3k_main_template_historical_xue_zong_hero_water	144743670	957313562	1417479633	0	100.0000	true	3k_main_art_set_historical_xue_zong_general	true	vo_actor_group_generic_any_male_water_general	3	10	50	3k_main_age_fixed_historical_li_kan_hero_fire	90	400	false	default_character_skill_selection_policy	3k_general_water
3k_main_template_historical_bao_xun_hero_water	1250259407	660839715	34059070	0	100.0000	true	3k_main_art_set_historical_bao_xun_general	true	vo_actor_group_generic_any_male_water_general	3	10	50	3k_main_age_fixed_historical_bao_xun_hero_water	90	400	false	default_character_skill_selection_policy	3k_general_water
3k_main_template_historical_ruan_yu_hero_water	1939443453	1465066102	1055887383	0	100.0000	true	3k_main_art_set_historical_ruan_yu_general	true	vo_actor_group_generic_any_male_water_general	3	10	50	3k_main_age_fixed_historical_ruan_yu_hero_water	0	290	false	default_character_skill_selection_policy	3k_general_water
3k_main_template_historical_han_ji_hero_water	264659098	2028361413	1898357966	0	100.0000	true	3k_main_art_set_historical_han_ji_general	true	vo_actor_group_generic_any_male_water_general	3	10	50	3k_main_age_fixed_historical_han_ji_hero_water	190	500	false	default_character_skill_selection_policy	3k_general_water
3k_main_template_historical_lu_weihuang_hero_fire	1105529827	1549685392	0	0	100.0000	true	3k_main_art_set_generic_male_03_general_fire	true	vo_actor_group_generic_any_male_fire_general	3	10	50	3k_main_age_fixed_historical_lu_weihuang_hero_fire	0	305	false	default_character_skill_selection_policy	3k_general_fire
3k_main_template_historical_wang_yuanji_hero_earth	328225927	95799204	0	0	100.0000	true	3k_main_art_set_historical_lady_wang_yuanji_general	false	vo_actor_group_generic_female_earth_general	3	10	50	3k_main_age_fixed_historical_wang_yuanji_hero_earth	225	535	false	default_character_skill_selection_policy	3k_general_earth
3k_main_template_historical_zhang_hu_hero_metal	1878238904	2132474979	0	0	100.0000	true	3k_main_art_set_historical_zhang_hu_general	true	vo_actor_group_generic_any_male_metal_general	2	6	20	3k_main_age_fixed_historical_zhang_hu_hero_metal	0	220	false	default_character_skill_selection_policy	3k_general_metal
3k_main_template_historical_zhang_cheng_hero_water	1787965409	2132474979	748406520	0	100.0000	true	3k_main_art_set_historical_zhang_cheng_general	true	vo_actor_group_generic_any_male_water_general	2	6	20	3k_main_age_fixed_historical_zhang_cheng_hero_water	0	180	false	default_character_skill_selection_policy	3k_general_water
3k_main_template_historical_guo_yuan_hero_fire	1951862287	1484336999	0	0	100.0000	true	3k_main_art_set_historical_guo_yuan_general	true	vo_actor_group_generic_any_male_fire_general	3	10	50	3k_main_age_fixed_historical_guo_yuan_hero_fire	0	210	false	default_character_skill_selection_policy	3k_general_fire
3k_main_template_historical_zhu_han_hero_water	1721445250	1289834500	0	0	100.0000	true	3k_main_art_set_generic_male_13_general_water_strategist	true	vo_actor_group_generic_any_male_water_general	3	10	50	3k_main_age_fixed_historical_zhu_han_hero_water	0	240	false	default_character_skill_selection_policy	3k_general_metal
3k_main_template_historical_qiao_rui_hero_fire	818475807	810236420	0	0	100.0000	true	3k_main_art_set_historical_qiao_rui_general	true	vo_actor_group_generic_any_male_fire_general	3	10	50	3k_main_age_fixed_historical_qiao_rui_hero_fire	0	255	false	default_character_skill_selection_policy	3k_general_fire
3k_main_template_historical_liang_gang_hero_fire	2081947157	506504136	0	0	100.0000	true	3k_main_art_set_historical_liang_gang_general	true	vo_actor_group_generic_any_male_fire_general	3	10	50	3k_main_age_fixed_historical_liang_gang_hero_fire	0	190	false	default_character_skill_selection_policy	3k_general_fire
3k_main_template_historical_han_yin_hero_water	736145746	2028361413	0	0	100.0000	true	3k_main_art_set_historical_han_yin_general	true	vo_actor_group_generic_any_male_water_general	3	10	50	3k_main_age_fixed_historical_han_yin_hero_water	0	235	false	default_character_skill_selection_policy	3k_general_water
3k_main_template_historical_gao_ding_hero_wood	1730178094	2039402527	0	0	100.0000	true	3k_main_art_set_historical_gao_ding_general	true	vo_actor_group_generic_any_male_wood_general	3	10	50	3k_main_age_fixed_historical_gao_ding_hero_wood	15	325	false	default_character_skill_selection_policy	3k_general_wood
3k_main_template_historical_liu_ji_hero_fire	344167831	2012172474	0	0	100.0000	true	3k_main_art_set_historical_liu_ji_general	true	vo_actor_group_generic_any_male_fire_general	2	6	20	3k_main_age_fixed_historical_liu_ji_hero_fire	0	220	false	default_character_skill_selection_policy	3k_general_fire
3k_main_template_historical_liu_shang_hero_metal	1803582623	2012172474	0	0	100.0000	true	3k_main_art_set_historical_liu_shang_general	true	vo_actor_group_generic_any_male_metal_general	2	6	20	3k_main_age_fixed_historical_liu_shang_hero_metal	0	220	false	default_character_skill_selection_policy	3k_general_metal
3k_main_template_historical_zhu_gui_hero_water	1285431600	1753824593	1066615768	0	100.0000	true	3k_main_art_set_historical_zhu_gui_general	true	vo_actor_group_generic_any_male_water_general	2	6	20	3k_main_age_fixed_historical_zhu_gui_hero_water	0	170	false	default_character_skill_selection_policy	3k_general_water
3k_main_template_historical_cao_biao_hero_earth	412880971	1170641616	1413697667	0	100.0000	true	3k_main_art_set_historical_cao_biao_general	true	vo_actor_group_generic_any_male_earth_general	3	10	50	3k_main_age_fixed_historical_cao_biao_hero_earth	115	425	false	default_character_skill_selection_policy	3k_general_earth
3k_main_template_historical_cao_rui_hero_earth	1933310597	1170641616	740875123	0	100.0000	true	3k_main_art_set_historical_cao_rui_general	true	vo_actor_group_generic_any_male_earth_general	3	10	50	3k_main_age_fixed_historical_cao_rui_hero_earth	165	475	false	default_character_skill_selection_policy	3k_general_earth
3k_main_template_historical_lu_kai_hero_water	1497640070	1549685392	864317769	0	100.0000	true	3k_main_art_set_generic_male_04_general_water_strategist	true	vo_actor_group_generic_any_male_water_general	3	10	50	3k_main_age_fixed_historical_lu_kai_hero_water	150	460	false	default_character_skill_selection_policy	3k_general_water
3k_main_template_historical_yong_kai_hero_fire	2142100255	1375073337	0	0	100.0000	true	3k_main_art_set_historical_fu_xie_general	true	vo_actor_group_generic_any_male_fire_general	3	10	50	3k_main_age_fixed_historical_yang_huai_hero_fire	95	405	false	default_character_skill_selection_policy	3k_general_wood
3k_main_template_historical_liu_ba_hero_water	743930252	2012172474	1195141101	0	100.0000	true	3k_main_art_set_historical_liu_ba_general	true	vo_actor_group_generic_any_male_water_general	3	10	50	3k_dlc04_age_fixed_historical_xue_zhou_wood	70	380	false	default_character_skill_selection_policy	3k_general_water
3k_main_template_historical_li_hui_hero_fire	1237348610	1804280123	474225903	0	100.0000	true	3k_main_art_set_historical_li_hui_general	true	vo_actor_group_generic_any_male_fire_general	3	10	50	3k_main_age_fixed_historical_liu_yi_hero_water	155	465	false	default_character_skill_selection_policy	3k_general_fire
3k_main_template_historical_zhang_zun_hero_fire	428850236	2132474979	0	0	100.0000	true	3k_main_art_set_historical_zhang_zun_general	true	vo_actor_group_generic_any_male_fire_general	3	10	50	3k_main_age_fixed_historical_zhang_zun_hero_fire	230	540	false	default_character_skill_selection_policy	3k_general_fire
3k_main_template_historical_chen_lan_hero_wood	1255414087	1501895880	0	0	100.0000	true	3k_main_art_set_historical_chen_lan_general	true	vo_actor_group_generic_any_male_wood_general	3	10	50	3k_main_age_fixed_generated_lady_ze_ningqin_hero_metal	40	350	false	default_character_skill_selection_policy	3k_general_wood
3k_main_template_historical_mei_cheng_hero_metal	1028947939	1536989057	0	0	100.0000	true	3k_main_art_set_historical_mei_cheng_general	true	vo_actor_group_generic_any_male_metal_general	3	10	50	3k_main_age_fixed_historical_zhang_yun_hero_water	40	350	false	default_character_skill_selection_policy	3k_general_metal
3k_main_template_historical_chen_heng_hero_metal	1748541800	1501895880	0	0	100.0000	true	3k_main_art_set_historical_chen_heng_general	true	vo_actor_group_generic_any_male_metal_general	2	6	20	3k_main_age_fixed_historical_chen_heng_hero_metal	0	170	false	default_character_skill_selection_policy	3k_general_metal
3k_main_template_historical_chen_qian_hero_metal	2133933799	1501895880	292963036	0	100.0000	true	3k_main_art_set_historical_chen_qian_general	true	vo_actor_group_generic_any_male_metal_general	3	10	50	3k_main_age_fixed_historical_chen_qian_hero_metal	195	505	false	default_character_skill_selection_policy	3k_general_metal
3k_main_template_historical_chen_xiu_hero_metal	331138218	1501895880	0	0	100.0000	true	3k_main_art_set_historical_chen_xiu_general	true	vo_actor_group_generic_any_male_metal_general	3	10	50	3k_main_age_fixed_historical_chen_xiu_hero_metal	125	435	false	default_character_skill_selection_policy	3k_general_metal
3k_main_template_historical_chen_zhen_hero_water	1372718277	1501895880	816201149	0	100.0000	true	3k_main_art_set_historical_chen_zhen_general	true	vo_actor_group_generic_any_male_water_general	3	10	50	3k_main_age_fixed_historical_chen_zhen_hero_water	130	440	false	default_character_skill_selection_policy	3k_general_water
3k_main_template_historical_yang_yi_hero_fire	259588414	1906567700	904014808	0	100.0000	true	3k_main_art_set_generic_male_09_general_fire	true	vo_actor_group_generic_any_male_fire_general	2	6	20	3k_main_age_fixed_historical_yang_yi_hero_fire	0	220	false	default_character_skill_selection_policy	3k_general_fire
3k_main_template_historical_xu_jing_hero_water	1597472005	152463897	1816470923	0	100.0000	true	3k_main_art_set_historical_xu_jing_general	true	vo_actor_group_generic_any_male_water_general	2	6	20	3k_main_age_fixed_historical_xu_jing_hero_water	0	210	false	default_character_skill_selection_policy	3k_general_water
3k_main_template_historical_zhang_ya_hero_metal	1883827047	2132474979	0	0	100.0000	true	3k_main_art_set_generic_male_05_general_metal	true	vo_actor_group_generic_any_male_metal_general	2	6	20	3k_main_age_fixed_historical_zhang_ya_hero_metal	0	150	false	default_character_skill_selection_policy	3k_general_metal
3k_main_template_historical_wang_su_hero_water	1870955893	95799204	1089551997	0	100.0000	true	3k_main_art_set_historical_wang_su_general	true	vo_actor_group_generic_any_male_water_general	2	6	20	3k_main_age_fixed_historical_wang_su_hero_water	115	425	false	default_character_skill_selection_policy	3k_general_water
3k_main_template_generated_lady_wang_qinmeng_hero_earth	1345749210	1725990453	0	0	100.0000	true	3k_main_art_set_historical_lady_wang_qinmeng_general	false	vo_actor_group_generic_female_water_general	2	6	20	3k_main_age_fixed_generated_lady_wang_qinmeng_hero_earth	0	255	false	default_character_skill_selection_policy	3k_general_earth
3k_main_template_generated_lady_liu_yanglan_hero_water	11463069	355768581	0	0	100.0000	true	3k_main_art_set_historical_lady_liu_yanglan_general	false	vo_actor_group_generic_female_water_general	2	6	20	3k_main_age_fixed_generated_lady_liu_jiejie_hero_earth	0	180	false	default_character_skill_selection_policy	3k_general_water
3k_main_template_generated_lady_liu_mengan_hero_water	1138207305	329563775	0	0	100.0000	true	3k_main_art_set_historical_lady_liu_mengan_general	false	vo_actor_group_generic_female_water_general	2	6	20	3k_main_age_fixed_generated_lady_liu_mengan_hero_water	0	105	false	default_character_skill_selection_policy	3k_general_water
3k_main_template_historical_bu_zhi_hero_fire	996826640	967823730	9569067	0	100.0000	true	3k_main_art_set_historical_bu_zhi_general	true	vo_actor_group_generic_any_male_fire_general	3	10	50	3k_main_age_fixed_historical_qin_mi_hero_water	95	405	false	default_character_skill_selection_policy	3k_general_fire
3k_main_template_historical_qiao_zhou_hero_water	359021553	1535373925	1078512016	0	100.0000	true	3k_main_art_set_generic_male_30_general_water_strategist	true	vo_actor_group_generic_any_male_water_general	3	10	50	3k_main_age_fixed_historical_qiao_zhou_hero_water	145	455	false	default_character_skill_selection_policy	3k_general_water
3k_main_template_historical_zheng_mao_hero_water	815729893	1064304120	1906389293	0	100.0000	true	3k_main_art_set_historical_qiao_zhou_general	true	vo_actor_group_generic_any_male_water_general	3	10	50	3k_main_age_fixed_historical_zheng_mao_hero_water	85	395	false	default_character_skill_selection_policy	3k_general_water
3k_main_template_historical_tian_fen_hero_metal	1786341203	1297159052	0	0	100.0000	true	3k_main_art_set_generic_male_05_general_metal	true	vo_actor_group_generic_any_male_metal_general	3	10	50	3k_main_age_fixed_historical_tian_fen_hero_metal	0	275	false	default_character_skill_selection_policy	3k_general_metal
3k_main_template_historical_cao_xi_hero_wood	289995477	1170641616	0	0	100.0000	true	3k_main_art_set_historical_cao_xi_general	true	vo_actor_group_generic_any_male_wood_general	3	10	50	3k_main_age_fixed_historical_cao_xi_hero_wood	190	500	false	default_character_skill_selection_policy	3k_general_wood
3k_main_template_historical_guanqiu_dian_hero_water	1029631160	1053388194	1527974153	0	100.0000	true	3k_main_art_set_historical_guanqiu_dian_general	true	vo_actor_group_generic_any_male_water_general	3	10	50	3k_main_age_fixed_historical_guanqiu_dian_hero_water	170	480	false	default_character_skill_selection_policy	3k_general_water
3k_main_template_historical_ji_ben_hero_wood	1553997969	328993294	0	0	100.0000	true	3k_main_art_set_historical_ji_ben_general	true	vo_actor_group_generic_any_male_wood_general	3	10	50	3k_main_age_fixed_historical_ji_ben_hero_wood	60	370	false	default_character_skill_selection_policy	3k_general_wood
3k_main_template_historical_huo_nu_hero_wood	999951012	68687918	0	0	100.0000	true	3k_main_art_set_historical_huo_nu_general	true	vo_actor_group_generic_any_male_wood_general	3	10	50	3k_main_age_fixed_historical_huo_nu_hero_wood	5	315	false	default_character_skill_selection_policy	3k_general_wood
3k_main_template_historical_jiang_gong_hero_wood	1228248637	448934922	0	0	100.0000	true	3k_korea_art_set_generic_male_26_general_wood	true	vo_actor_group_generic_any_male_wood_general	3	10	50	3k_main_age_fixed_historical_jiang_gong_hero_wood	0	215	false	default_character_skill_selection_policy	3k_general_wood
3k_main_template_historical_he_yan_hero_water	821422859	1093045837	1193791173	0	100.0000	true	3k_main_art_set_generic_male_05_general_water_strategist	true	vo_actor_group_generic_any_male_water_general	3	10	50	3k_main_age_fixed_historical_he_yan_hero_water	105	415	false	default_character_skill_selection_policy	3k_general_water
3k_main_template_historical_he_da_hero_fire	1024757291	1478195662	0	0	100.0000	true	3k_main_art_set_historical_he_da_general	true	vo_actor_group_generic_any_male_fire_general	3	10	50	3k_main_age_fixed_historical_he_da_hero_fire	30	340	false	default_character_skill_selection_policy	3k_general_fire
3k_main_template_historical_cai_yang_hero_metal	1410896474	1582273806	0	0	100.0000	true	3k_main_art_set_historical_cai_yang_general	true	vo_actor_group_generic_any_male_metal_general	3	10	50	3k_main_age_fixed_historical_cai_yang_hero_metal	0	305	false	default_character_skill_selection_policy	3k_general_metal
3k_main_template_historical_song_yang_hero_wood	1743331524	1064797262	0	0	100.0000	true	3k_main_art_set_generic_male_02_general_wood	true	vo_actor_group_generic_any_male_wood_general	3	10	50	3k_main_age_fixed_historical_song_yang_hero_wood	10	320	false	default_character_skill_selection_policy	3k_general_wood
3k_main_template_historical_liu_shao_hero_wood	247385489	2012172474	0	0	100.0000	true	3k_main_art_set_historical_liu_shao_general	true	vo_actor_group_generic_any_male_wood_general	2	6	20	3k_main_age_fixed_historical_liu_shao_hero_wood	0	220	false	default_character_skill_selection_policy	3k_general_wood
3k_main_template_historical_li_xiu_hero_water	860536231	1804280123	1074009455	0	100.0000	true	3k_main_art_set_historical_li_xiu_general	true	vo_actor_group_generic_any_male_water_general	2	6	20	3k_main_age_fixed_historical_li_xiu_hero_water	0	170	false	default_character_skill_selection_policy	3k_general_water
3k_main_template_historical_yan_pu_hero_water	1365504980	1790091572	0	0	100.0000	true	3k_main_art_set_historical_yan_pu_general	true	vo_actor_group_generic_any_male_water_general	2	6	20	3k_main_age_fixed_historical_yan_pu_hero_water	0	270	false	default_character_skill_selection_policy	3k_general_water
3k_main_template_generated_lady_zhang_jieyan_hero_earth	1415982253	2063305644	0	0	100.0000	true	3k_main_art_set_historical_lady_zhang_jieyan_general	false	vo_actor_group_generic_female_earth_general	2	6	20	3k_main_age_fixed_generated_lady_zhang_jieyan_hero_earth	0	260	false	default_character_skill_selection_policy	3k_general_earth
3k_main_template_historical_zhang_guang_hero_wood	1320322624	2132474979	0	0	100.0000	true	3k_main_art_set_historical_zhang_guang_general	true	vo_actor_group_generic_any_male_wood_general	2	6	20	3k_main_age_fixed_historical_zhang_guang_hero_wood	0	220	false	default_character_skill_selection_policy	3k_general_wood
3k_main_template_historical_yang_chou_hero_water	837912553	1906567700	0	0	100.0000	true	3k_main_art_set_historical_yang_chou_general	true	vo_actor_group_generic_any_male_water_general	2	6	20	3k_main_age_fixed_historical_yang_chou_hero_water	0	245	false	default_character_skill_selection_policy	3k_general_water
3k_main_template_generated_lady_zhang_shangxiu_hero_water	40378002	2132474979	0	0	100.0000	true	3k_main_art_set_historical_lady_zhang_shangxiu_general	false	vo_actor_group_generic_female_water_general	2	6	20	3k_main_age_fixed_generated_lady_zhang_shangxiu_hero_water	0	220	false	default_character_skill_selection_policy	3k_general_water
3k_main_template_generated_lady_zhang_xiangyang_hero_metal	1371839618	2132474979	0	0	100.0000	true	3k_main_art_set_historical_lady_zhang_xiangyang_general	false	vo_actor_group_generic_female_metal_general	2	6	20	3k_main_age_fixed_generated_lady_zhang_xiangyang_hero_metal	0	220	false	default_character_skill_selection_policy	3k_general_metal
3k_main_template_historical_zhou_huan_hero_water	1946147774	1140884222	1781801037	0	100.0000	true	3k_main_art_set_historical_zhou_huan_general	true	vo_actor_group_generic_any_male_water_general	3	10	50	3k_main_age_fixed_historical_zhou_huan_hero_water	0	165	false	default_character_skill_selection_policy	3k_general_water
3k_main_template_generated_han_tong_hero_wood	1733022764	2028361413	0	0	100.0000	true	3k_main_art_set_historical_han_tong_general	true	vo_actor_group_generic_any_male_wood_general	2	6	20	3k_main_age_fixed_generated_han_tong_hero_wood	0	220	false	default_character_skill_selection_policy	3k_general_wood
3k_main_template_historical_che_zhou_hero_water	517503775	497136829	0	0	100.0000	true	3k_main_art_set_generic_male_46_general_water_strategist	true	vo_actor_group_generic_any_male_water_general	3	10	50	3k_main_age_fixed_historical_che_zhou_hero_water	20	330	false	default_character_skill_selection_policy	3k_general_water
3k_main_template_historical_geng_wu_hero_earth	2072000275	1524108387	498291628	0	100.0000	true	3k_main_art_set_historical_geng_wu_general	true	vo_actor_group_generic_any_male_earth_general	2	6	20	3k_main_age_fixed_historical_geng_wu_hero_earth	0	215	false	default_character_skill_selection_policy	3k_general_earth
3k_main_template_historical_guan_chun_hero_water	1785180112	762748484	713716655	0	100.0000	true	3k_main_art_set_historical_guan_chun_general	true	vo_actor_group_generic_any_male_water_general	2	6	20	3k_main_age_fixed_historical_guan_chun_hero_water	0	280	false	default_character_skill_selection_policy	3k_general_water
3k_main_template_historical_zheng_tai_hero_water	1066576511	1064304120	469672644	0	100.0000	true	3k_main_art_set_historical_zheng_tai_general	true	vo_actor_group_generic_any_male_water_general	3	10	50	3k_main_age_fixed_historical_zheng_tai_hero_water	0	285	false	default_character_skill_selection_policy	3k_general_water
3k_main_template_historical_cui_lie_hero_fire	2079662985	869102437	1187171138	0	100.0000	true	3k_main_art_set_historical_cui_lie_general	true	vo_actor_group_generic_any_male_fire_general	3	10	50	3k_main_age_fixed_historical_cui_lie_hero_fire	0	270	false	default_character_skill_selection_policy	3k_general_fire
3k_dlc05_template_historical_li_xian_hero_metal	1650759786	1804280123	0	0	100.0000	true	3k_main_art_set_historical_li_xian_general	true	vo_actor_group_generic_male_metal_general	2	6	20	3k_dlc05_age_fixed_historical_li_xian_hero_metal	0	225	false	default_character_skill_selection_policy	3k_general_metal
3k_dlc05_template_historical_li_ying_hero_water	707423161	1804280123	0	0	100.0000	true	3k_main_art_set_historical_li_ying_general	true	vo_actor_group_generic_male_water_general	2	6	20	3k_dlc04_age_fixed_historical_lady_wang_song_water	0	225	false	default_character_skill_selection_policy	3k_general_water
3k_dlc05_template_historical_li_li_hero_fire	1016571943	1804280123	0	0	100.0000	true	3k_main_art_set_historical_li_li_general	true	vo_actor_group_generic_male_fire_2_general	2	6	20	3k_main_age_fixed_generated_lady_liu_pingming_hero_metal	0	225	false	default_character_skill_selection_policy	3k_general_fire
3k_dlc05_template_historical_lady_gan_water	0	302357558	0	0	100.0000	true	3k_main_art_set_historical_lady_gan_general	false	vo_actor_group_generic_female_water_general	2	6	999	3k_dlc05_age_fixed_historical_lady_gan_hero_water	0	255	false	default_character_skill_selection_policy	3k_general_water
3k_dlc05_template_historical_lady_yan_hero_earth	0	1362252210	0	0	100.0000	true	3k_main_art_set_historical_lady_yan_general	false	vo_actor_group_generic_female_earth_general	2	6	20	3k_main_age_fixed_historical_lady_yan_hero_earth	0	225	false	default_character_skill_selection_policy	3k_general_earth
3k_dlc04_template_historical_beigong_boyu_fire	63663999	1607220181	0	0	100.0000	true	3k_main_art_set_generic_male_25_general_fire	true	vo_actor_group_generic_any_male_fire_general	2	6	20	3k_dlc04_age_fixed_historical_beigong_boyu_fire	-1	-1	false	default_character_skill_selection_policy	3k_general_fire
3k_dlc04_template_historical_chen_su_water	1870955893	1501895880	0	0	100.0000	true	3k_main_art_set_historical_chen_su_general	true	vo_actor_group_generic_any_male_water_general	2	6	20	3k_dlc04_age_fixed_historical_chen_su_water	-1	-1	false	default_character_skill_selection_policy	3k_general_water
3k_dlc04_template_historical_cao_de_earth	544256164	1170641616	0	0	100.0000	true	3k_main_art_set_historical_cao_de_general	true	vo_actor_group_generic_any_male_earth_general	2	6	20	3k_dlc04_age_fixed_historical_cao_de_earth	-1	-1	false	default_character_skill_selection_policy	3k_general_earth
3k_dlc04_template_historical_bao_dan_water	631368656	660839715	0	0	1.0000	true	3k_main_art_set_historical_bao_dan_general	true	vo_actor_group_generic_any_male_water_general	2	6	20	3k_dlc04_age_fixed_historical_bao_dan_water	-1	-1	false	default_character_skill_selection_policy	3k_general_water
3k_dlc04_template_historical_xue_zhou_wood	820314474	957313562	0	0	100.0000	true	3k_main_art_set_generic_male_25_general_wood	true	vo_actor_group_generic_any_male_wood_general	2	6	20	3k_dlc04_age_fixed_historical_xue_zhou_wood	-1	-1	false	default_character_skill_selection_policy	3k_general_wood
3k_dlc06_template_historical_shi_kuang_hero_fire	20898924	853075379	0	0	100.0000	true	3k_main_art_set_historical_shi_kuang	true	vo_actor_group_generic_male_fire_2_general	2	6	20	3k_dlc06_age_fixed_historical_shi_kuang_hero_fire	0	225	false	default_character_skill_selection_policy	3k_general_fire
3k_main_template_historical_ma_midi_hero_water	398679113	202752559	1007425232	0	100.0000	true	3k_main_art_set_fixes_historical_ma_midi_general	true	vo_actor_group_generic_any_male_water_general	3	10	50	3k_main_age_fixed_historical_ma_midi_hero_water	0	250	false	default_character_skill_selection_policy	3k_general_water
3k_dlc04_template_historical_gao_you_water	1476462338	2039402527	0	0	100.0000	true	3k_main_art_set_historical_gao_you_general	true	vo_actor_group_generic_any_male_water_general	2	6	20	3k_dlc04_age_fixed_historical_gao_you_water	-1	-1	false	default_character_skill_selection_policy	3k_general_water
3k_dlc04_template_historical_jiu_dan_water	549015438	1222424915	0	0	1.0000	true	3k_main_art_set_historical_jiu_dan_general	true	vo_actor_group_generic_male_water_2_general	2	6	20	3k_dlc04_age_fixed_historical_jiu_dan_water	-1	-1	false	default_character_skill_selection_policy	3k_general_water
3k_dlc04_template_historical_feng_fang_earth	325411011	73589236	0	0	1.0000	true	3k_main_art_set_generic_male_17_general_earth	true	vo_actor_group_generic_any_male_earth_general	2	6	20	3k_dlc04_age_fixed_historical_feng_fang_earth	-1	-1	false	default_character_skill_selection_policy	3k_general_earth
3k_dlc04_template_historical_cheng_qiu_water	757644262	1897966491	0	0	100.0000	true	3k_main_art_set_historical_cheng_qiu_general	true	vo_actor_group_generic_any_male_water_general	2	6	20	3k_dlc04_age_fixed_historical_cheng_qiu_water	-1	-1	false	default_character_skill_selection_policy	3k_general_water
3k_main_template_historical_zhang_wen_hero_water	686123791	2132474979	2016781054	0	100.0000	true	3k_main_art_set_generic_male_29_general_water_strategist	true	vo_actor_group_generic_any_male_water_general	3	10	50	3k_main_age_fixed_historical_zhang_wen_hero_water	0	145	false	default_character_skill_selection_policy	3k_general_water
3k_main_template_historical_ying_yang_hero_water	532361021	138114232	2045214480	0	100.0000	true	3k_main_art_set_historical_ying_yang_general	true	vo_actor_group_generic_any_male_water_general	3	10	50	3k_main_age_fixed_historical_ying_yang_hero_water	55	365	true	default_character_skill_selection_policy	3k_general_water
3k_main_template_historical_yuan_huan_hero_earth	583020490	693637038	755459372	0	100.0000	true	3k_main_art_set_historical_yuan_huan_general	true	vo_actor_group_generic_any_male_earth_general	3	10	50	3k_main_age_fixed_historical_yuan_huan_hero_earth	0	300	false	default_character_skill_selection_policy	3k_general_earth
3k_main_template_historical_luo_tong_hero_fire	1984748800	735616854	2050635530	0	100.0000	true	3k_main_art_set_historical_luo_tong_general	true	vo_actor_group_generic_any_male_fire_general	3	10	50	3k_main_age_fixed_historical_luo_tong_hero_fire	105	415	true	default_character_skill_selection_policy	3k_general_fire
3k_dlc04_template_historical_tang_zhou_water	359021553	748055066	0	0	100.0000	true	3k_main_art_set_historical_tang_zhou_general	true	vo_actor_group_generic_any_male_water_general	2	6	20	3k_dlc04_age_fixed_historical_tang_zhou_water	-1	-1	false	default_character_skill_selection_policy	3k_general_water
3k_dlc04_template_historical_ma_yuanyi_metal	1880046300	202752559	0	0	100.0000	true	3k_main_art_set_historical_ma_yuanyi_general	true	vo_actor_group_generic_any_male_metal_general	2	6	20	3k_dlc04_age_fixed_historical_ma_yuanyi_metal	-1	-1	false	default_character_skill_selection_policy	3k_general_metal
3k_main_template_historical_wu_huan_hero_metal	1364048559	1780015206	0	0	100.0000	true	3k_main_art_set_historical_wu_huan	true	vo_actor_group_generic_any_male_metal_general	2	6	20	3k_main_age_fixed_historical_wu_huan_hero_metal	0	225	false	default_character_skill_selection_policy	3k_general_metal
3k_dlc04_template_historical_zhang_mancheng_wood	1853461802	2132474979	0	0	100.0000	true	3k_main_art_set_historical_zhang_mancheng_general	true	vo_actor_group_generic_any_male_wood_general	2	6	20	3k_dlc04_age_fixed_historical_zhang_mancheng_wood	-1	-1	false	default_character_skill_selection_policy	3k_general_wood
3k_dlc04_template_historical_liang_zhongning_wood	1547687950	506504136	0	0	100.0000	true	3k_main_art_set_historical_liang_zhongning_general	true	vo_actor_group_generic_any_male_wood_general	2	6	20	3k_dlc04_age_fixed_historical_liang_zhongning_wood	-1	-1	false	default_character_skill_selection_policy	3k_general_wood
3k_dlc05_template_historical_yao_feng_veteran	145038388	1157586582	0	0	100.0000	true	3k_main_art_set_historical_yao_feng_general	true	vo_actor_group_generic_any_male_wood_general	2	6	20	3k_ytr_age_fixed_historical_xu_he_hero_metal	-1	-1	false	default_character_skill_selection_policy	3k_general_wood
3k_dlc04_template_historical_bo_cai_wood	679021251	558747594	0	0	100.0000	true	3k_main_art_set_historical_bo_cai_general	true	vo_actor_group_generic_any_male_wood_general	2	6	20	3k_dlc04_age_fixed_historical_bo_cai_wood	-1	-1	false	default_character_skill_selection_policy	3k_general_wood
3k_dlc04_template_historical_wu_ba_water	2057701792	1328442562	0	0	100.0000	true	3k_main_art_set_historical_wu_ba_general	true	vo_actor_group_generic_any_male_water_general	2	6	20	3k_dlc04_age_fixed_historical_wu_ba_water	-1	-1	false	default_character_skill_selection_policy	3k_general_water
3k_dlc04_template_historical_bu_si_metal	35789459	541098467	0	0	100.0000	true	3k_main_art_set_historical_bu_si_general	true	vo_actor_group_generic_any_male_metal_general	2	6	20	3k_dlc04_age_fixed_historical_bu_si_metal	-1	-1	false	default_character_skill_selection_policy	3k_general_metal
3k_dlc04_template_historical_ma_xiang_water	1537826191	202752559	0	0	100.0000	true	3k_main_art_set_historical_ma_xiang_general	true	vo_actor_group_generic_any_male_water_general	2	6	20	3k_dlc04_age_fixed_historical_ma_xiang_water	-1	-1	false	default_character_skill_selection_policy	3k_general_water
3k_dlc04_template_historical_liang_boning_water	258551353	506504136	0	0	100.0000	true	3k_main_art_set_historical_liang_boning_general	true	vo_actor_group_generic_any_male_water_general	2	6	20	3k_dlc04_age_fixed_historical_liang_boning_water	-1	-1	false	default_character_skill_selection_policy	3k_general_water
3k_dlc04_template_historical_han_zhong_water	265260683	2028361413	0	0	100.0000	true	3k_main_art_set_historical_han_zhong_general	true	vo_actor_group_generic_any_male_water_general	2	6	20	3k_dlc04_age_fixed_historical_han_zhong_water	-1	-1	false	default_character_skill_selection_policy	3k_general_water
3k_main_template_historical_lu_ji_hero_water	1955408541	1615683025	626196808	0	100.0000	true	3k_main_art_set_historical_lu_ji_general	true	vo_actor_group_generic_any_male_water_general	3	10	50	3k_main_age_fixed_historical_lu_ji_hero_water	75	385	true	default_character_skill_selection_policy	3k_general_water
3k_main_template_historical_shi_huan_hero_fire	583020490	1494390026	381127429	0	100.0000	true	3k_main_art_set_historical_shi_huan_general	true	vo_actor_group_generic_any_male_fire_general	3	10	50	3k_main_age_fixed_historical_shi_huan_hero_fire	40	350	false	default_character_skill_selection_policy	3k_general_fire
3k_dlc04_template_historical_zhou_ang_earth	1868845151	1140884222	0	0	100.0000	true	3k_main_art_set_historical_zhou_ang_general	true	vo_actor_group_generic_any_male_earth_general	2	6	20	3k_dlc05_age_fixed_historical_li_ying_hero_water	-1	-1	false	default_character_skill_selection_policy	3k_general_earth
3k_main_template_historical_zhu_ling_hero_fire	614625979	1289834500	0	0	100.0000	true	3k_main_art_set_historical_zhu_ling_wood_general	true	vo_actor_group_generic_any_male_fire_general	3	10	50	3k_main_age_fixed_historical_zhu_ling_hero_fire	125	435	false	default_character_skill_selection_policy	3k_general_wood
3k_main_template_historical_fan_chou_hero_fire	828045626	687173068	0	0	100.0000	true	3k_main_art_set_historical_fan_chou_general	true	vo_actor_group_generic_any_male_fire_general	3	10	50	3k_main_age_fixed_historical_handan_shang_hero_water	0	270	false	default_character_skill_selection_policy	3k_general_fire
3k_main_template_historical_lu_ju_hero_fire	711799666	1549685392	1343345568	0	100.0000	true	3k_main_art_set_generic_male_05_general_fire	true	vo_actor_group_generic_any_male_fire_general	3	10	50	3k_main_age_fixed_historical_lu_ju_hero_fire	210	520	false	default_character_skill_selection_policy	3k_general_fire
3k_main_template_historical_quan_cong_hero_fire	1813598281	930663746	818774045	0	100.0000	true	3k_main_art_set_historical_quan_cong_general	true	vo_actor_group_generic_any_male_fire_general	3	10	50	3k_main_age_fixed_historical_quan_cong_hero_fire	130	440	false	default_character_skill_selection_policy	3k_general_fire
3k_main_template_historical_sun_deng_hero_earth	1354640248	2142516540	1086603224	0	100.0000	true	3k_main_art_set_historical_sun_deng_general	true	vo_actor_group_generic_any_male_earth_general	3	10	50	3k_main_age_fixed_historical_sun_deng_hero_earth	185	495	false	default_character_skill_selection_policy	3k_general_earth
3k_main_template_historical_yan_rou_hero_fire	429585464	1790091572	0	0	100.0000	true	3k_main_art_set_historical_yan_rou_general	true	vo_actor_group_generic_any_male_fire_general	2	6	20	3k_main_age_fixed_historical_yan_rou_hero_fire	15	325	false	default_character_skill_selection_policy	3k_general_fire
3k_main_template_historical_jiang_ji_hero_water	2094475059	479842764	1996276638	0	100.0000	true	3k_main_art_set_historical_jiang_ji_general	true	vo_actor_group_generic_any_male_water_general	3	10	50	3k_main_age_fixed_historical_jiang_ji_hero_water	80	390	false	default_character_skill_selection_policy	3k_general_water
3k_main_template_historical_zhu_huan_hero_fire	1364048559	1289834500	118923116	0	100.0000	true	3k_main_art_set_historical_zhu_huan_general	true	vo_actor_group_generic_any_male_fire_general	3	10	50	3k_main_age_fixed_historical_zhu_huan_hero_fire	20	330	false	default_character_skill_selection_policy	3k_general_earth
3k_main_template_historical_zhu_yi_hero_fire	1783548072	1289834500	2003442382	0	100.0000	true	3k_main_art_set_historical_zhu_yi_general	true	vo_actor_group_generic_any_male_fire_general	3	10	50	3k_main_age_fixed_historical_zhu_yi_hero_fire	180	490	false	default_character_skill_selection_policy	3k_general_fire
3k_main_template_historical_zou_dan_hero_fire	631368656	1617550055	0	0	100.0000	true	3k_main_art_set_generic_male_17_general_fire	true	vo_actor_group_generic_any_male_fire_general	3	10	50	3k_main_age_fixed_historical_zou_dan_hero_fire	0	190	false	default_character_skill_selection_policy	3k_general_fire
3k_main_template_historical_sun_li_hero_fire	1021966112	2142516540	2139441015	0	100.0000	true	3k_main_art_set_historical_sun_li_general	true	vo_actor_group_generic_any_male_fire_general	3	10	50	3k_main_age_fixed_historical_sun_li_hero_fire	180	490	false	default_character_skill_selection_policy	3k_general_fire
3k_main_template_historical_kan_ze_hero_water	1370698960	485274226	523580459	0	100.0000	true	3k_main_art_set_historical_kan_ze_general	true	vo_actor_group_generic_any_male_water_general	3	10	50	3k_main_age_fixed_historical_kan_ze_hero_water	220	530	false	default_character_skill_selection_policy	3k_general_water
3k_main_template_historical_wang_lei_hero_water	1220126856	95799204	0	0	100.0000	true	3k_main_art_set_historical_wang_lei_general	true	vo_actor_group_generic_any_male_water_general	3	10	50	3k_main_age_fixed_historical_tian_fen_hero_metal	25	335	false	default_character_skill_selection_policy	3k_general_water
3k_main_template_historical_wu_lan_hero_fire	1255414087	1780015206	0	0	100.0000	true	3k_main_art_set_generic_male_04_general_fire	true	vo_actor_group_generic_any_male_fire_general	3	10	50	3k_main_age_fixed_historical_zhao_rui_hero_fire	60	370	false	default_character_skill_selection_policy	3k_general_fire
3k_main_template_historical_chen_lin_hero_water	917200253	1501895880	584391322	0	100.0000	true	3k_main_art_set_historical_chen_lin_general	true	vo_actor_group_generic_any_male_water_general	3	10	50	3k_main_age_fixed_historical_chen_lin_hero_water	30	340	false	default_character_skill_selection_policy	3k_general_water
3k_main_template_historical_chen_zhi_hero_fire	74404432	1501895880	129917470	0	100.0000	true	3k_main_art_set_historical_chen_zhi_general	true	vo_actor_group_generic_any_male_fire_general	3	10	50	3k_main_age_fixed_historical_chen_zhi_hero_fire	170	480	false	default_character_skill_selection_policy	3k_general_fire
3k_dlc07_template_generated_chen_bai_hero_earth	1339246229	1501895880	0	0	100.0000	false	3k_main_art_set_historical_chen_bai_general	true	vo_actor_group_generic_male_earth_general	2	10	20	3k_dlc07_age_fixed_generated_chen_bai_hero_earth	0	105	false	default_character_skill_selection_policy	3k_general_water
3k_dlc07_template_generated_lady_liu_zhang_water	1947340654	2145774383	0	0	100.0000	false	3k_main_art_set_historical_lady_liu_zhang_general	false	vo_actor_group_generic_female_water_general	2	10	20	3k_dlc07_age_fixed_generated_lady_liu_zhang_hero_water	0	105	false	default_character_skill_selection_policy	3k_general_water
3k_dlc07_template_generated_liu_xun_metal	1511045310	2012172474	0	0	100.0000	false	3k_main_art_set_historical_liu_xun_metal_general	true	vo_actor_group_generic_male_metal_general	2	10	20	3k_dlc07_age_fixed_generated_liu_xun_hero_metal	0	105	false	default_character_skill_selection_policy	3k_general_metal
3k_dlc07_template_generated_wan_bing_hero_fire	1339246229	1501895880	0	0	100.0000	false	3k_main_art_set_historical_wan_bing_general	true	vo_actor_group_generic_male_fire_2_general	2	10	20	3k_dlc07_age_fixed_generated_wan_bing_hero_fire	0	105	false	default_character_skill_selection_policy	3k_general_fire
3k_dlc07_template_generated_xi_jian_hero_earth	437288930	583453103	0	0	100.0000	true	3k_main_art_set_generic_male_19_general_earth	true	vo_actor_group_generic_male_earth_2_general	2	6	20	3k_dlc07_age_fixed_generated_que_jian_hero_earth	0	180	false	default_character_skill_selection_policy	3k_general_earth
3k_dlc07_template_historical_liu_dan_hero_wood	835832973	2012172474	856176683	0	100.0000	true	3k_main_art_set_historical_liu_dan_general	true	vo_actor_group_generic_any_male_wood_general	2	6	20	3k_dlc07_template_historical_liu_dan_hero_wood	0	105	false	default_character_skill_selection_policy	3k_general_wood
3k_dlc07_template_historical_liu_fan_hero_earth	1297566242	2012172474	856176683	0	100.0000	true	3k_main_art_set_historical_liu_fan_general	true	vo_actor_group_generic_any_male_earth_general	2	6	20	3k_dlc07_template_historical_liu_fan_hero_earth	0	105	false	default_character_skill_selection_policy	3k_general_earth
3k_dlc07_template_historical_liu_mao_hero_water	1558332559	2012172474	856176683	0	100.0000	true	3k_main_art_set_historical_liu_mao_general	true	vo_actor_group_generic_any_male_water_general	2	6	20	3k_dlc07_template_historical_liu_mao_hero_water	0	105	false	default_character_skill_selection_policy	3k_general_water
3k_main_template_historical_cao_chun_hero_fire	1785180112	1170641616	782629067	0	100.0000	true	3k_main_art_set_historical_cao_chun_general	true	vo_actor_group_generic_male_fire_general	3	10	50	3k_main_age_fixed_historical_cao_chun_hero_fire	30	340	false	default_character_skill_selection_policy	3k_general_fire
3k_main_template_historical_cao_hong_hero_wood	1705378997	1170641616	18073716	0	100.0000	true	3k_main_art_set_historical_cao_hong_general	true	vo_actor_group_generic_male_wood_general	3	10	50	3k_main_age_fixed_historical_tao_ying_hero_wood	130	440	false	default_character_skill_selection_policy	3k_general_wood
3k_main_template_historical_cao_shuang_hero_wood	354486656	1170641616	1378300448	0	100.0000	true	3k_main_art_set_historical_cao_shuang_general	true	vo_actor_group_generic_male_wood_general	3	10	50	3k_main_age_fixed_historical_cao_shuang_hero_wood	105	415	false	default_character_skill_selection_policy	3k_general_wood
3k_main_template_historical_cao_xiu_hero_fire	860536231	1170641616	1442999115	0	100.0000	true	3k_main_art_set_historical_cao_xiu_general	true	vo_actor_group_generic_male_fire_general	3	10	50	3k_main_age_fixed_historical_cao_xiu_hero_fire	100	410	false	default_character_skill_selection_policy	3k_general_fire
3k_main_template_historical_cao_zhen_hero_earth	279803691	1170641616	895944130	0	100.0000	true	3k_main_art_set_historical_cao_zhen_general	true	vo_actor_group_generic_male_earth_general	3	10	50	3k_main_age_fixed_historical_cao_zhen_hero_earth	150	460	false	default_character_skill_selection_policy	3k_general_earth
3k_main_template_historical_chang_xi_hero_wood	624943482	1166883838	0	0	100.0000	true	3k_main_art_set_historical_chang_xi_general	true	vo_actor_group_generic_male_wood_general	3	10	50	3k_main_age_fixed_historical_chang_xi_hero_wood	0	280	false	default_character_skill_selection_policy	3k_general_wood
3k_main_template_historical_chen_qun_hero_water	61267346	1501895880	1804506343	0	100.0000	true	3k_main_art_set_historical_chen_qun_general	true	vo_actor_group_generic_male_water_general	3	10	50	3k_main_age_fixed_historical_chen_qun_hero_water	195	505	false	default_character_skill_selection_policy	3k_general_water
3k_main_template_historical_deng_ai_hero_metal	404349132	355118090	1014023968	0	100.0000	true	3k_main_art_set_historical_deng_ai_general	true	vo_actor_group_generic_male_metal_general	2	6	20	3k_main_age_fixed_historical_deng_ai_hero_metal	125	435	false	default_character_skill_selection_policy	3k_general_metal
3k_main_template_historical_deng_zhi_hero_fire	2027693685	355118090	1357357141	0	100.0000	true	3k_main_art_set_historical_deng_zhi_general	true	vo_actor_group_generic_male_fire_general	3	10	50	3k_main_age_fixed_historical_peng_yang_hero_water	165	475	false	default_character_skill_selection_policy	3k_general_fire
3k_main_template_historical_deng_zhong_hero_fire	265260683	355118090	0	0	100.0000	true	3k_main_art_set_historical_deng_zhong_general	true	vo_actor_group_generic_male_fire_general	3	10	50	3k_main_age_fixed_historical_deng_zhong_hero_fire	185	495	false	default_character_skill_selection_policy	3k_general_fire
3k_main_template_historical_ding_feng_hero_metal	859142432	1490523127	1597037487	0	100.0000	true	3k_main_art_set_historical_ding_feng_general	true	vo_actor_group_generic_male_metal_general	2	6	20	3k_main_age_fixed_historical_ding_feng_hero_metal	215	525	false	default_character_skill_selection_policy	3k_general_wood
3k_main_template_historical_dong_xi_hero_fire	325159027	62828720	1820814301	0	100.0000	true	3k_main_art_set_historical_dong_xi_general	true	vo_actor_group_generic_male_fire_general	3	10	50	3k_main_age_fixed_historical_ren_kui_hero_fire	15	325	false	default_character_skill_selection_policy	3k_general_fire
3k_main_template_historical_dong_yun_hero_water	1479351917	62828720	1537648535	0	100.0000	true	3k_main_art_set_historical_dong_yun_general	true	vo_actor_group_generic_male_water_general	3	10	50	3k_main_age_fixed_historical_dong_yun_hero_water	215	525	true	default_character_skill_selection_policy	3k_general_water
3k_main_template_historical_feng_xi_hero_fire	540630302	73589236	1544092173	0	100.0000	true	3k_main_art_set_historical_feng_xi_general	true	vo_actor_group_generic_male_fire_general	3	10	50	3k_main_age_fixed_historical_feng_xi_hero_fire	35	345	false	default_character_skill_selection_policy	3k_general_fire
3k_main_template_historical_fu_qian_hero_fire	1332049999	907913703	0	0	100.0000	true	3k_main_art_set_historical_fu_qian_general	true	vo_actor_group_generic_male_fire_general	3	10	50	3k_main_age_fixed_historical_fu_qian_hero_fire	180	490	false	default_character_skill_selection_policy	3k_general_fire
3k_main_template_historical_fu_rong_hero_fire	1710086006	907913703	0	0	100.0000	true	3k_main_art_set_historical_fu_rong_general	true	vo_actor_group_generic_male_fire_general	3	10	50	3k_main_age_fixed_historical_fu_rong_hero_fire	40	350	false	default_character_skill_selection_policy	3k_general_fire
3k_main_template_historical_gao_pei_hero_fire	1757350029	2039402527	0	0	100.0000	true	3k_main_art_set_historical_gao_pei_general	true	vo_actor_group_generic_male_fire_general	3	10	50	3k_main_age_fixed_historical_gao_pei_hero_fire	0	270	false	default_character_skill_selection_policy	3k_general_fire
3k_main_template_historical_gongsun_yuan_hero_fire	1974665278	1012591794	1775669739	0	100.0000	true	3k_main_art_set_historical_gongsun_yuan_general	true	vo_actor_group_generic_male_fire_general	3	10	50	3k_main_age_fixed_historical_gongsun_yuan_hero_fire	190	500	false	default_character_skill_selection_policy	3k_general_fire
3k_main_template_historical_gongsun_yue_hero_fire	942229007	1012591794	0	0	100.0000	true	3k_main_art_set_historical_gongsun_yue_general	true	vo_actor_group_generic_male_fire_general	3	10	50	3k_dlc05_age_fixed_generated_lady_zhang_jinglan_hero_metal	0	165	false	default_character_skill_selection_policy	3k_general_fire
3k_main_template_historical_gu_yong_hero_water	1859039748	715742204	477802585	0	100.0000	true	3k_main_art_set_historical_gu_yong_general	true	vo_actor_group_generic_male_water_general	3	10	50	3k_main_age_fixed_historical_gu_yong_hero_water	0	290	false	default_character_skill_selection_policy	3k_general_water
3k_main_template_historical_guan_ping_hero_fire	336974602	259600869	0	0	100.0000	true	3k_main_art_set_historical_guan_ping_general	true	vo_actor_group_generic_male_fire_general	3	10	50	3k_main_age_fixed_historical_guan_ping_hero_fire	0	285	false	default_character_skill_selection_policy	3k_general_fire
3k_main_template_historical_guan_xing_hero_wood	946708018	259600869	727056100	0	100.0000	true	3k_main_art_set_historical_guan_xing_general	true	vo_actor_group_generic_male_wood_general	2	6	20	3k_main_age_fixed_historical_guan_xing_hero_wood	105	415	false	default_character_skill_selection_policy	3k_general_wood
3k_main_template_historical_guo_huai_hero_earth	1946281845	1484336999	1580377424	0	100.0000	true	3k_main_art_set_historical_guo_huai_general	true	vo_actor_group_generic_male_earth_general	2	6	20	3k_main_age_fixed_historical_guo_huai_hero_earth	75	385	false	default_character_skill_selection_policy	3k_general_earth
3k_main_template_historical_he_qi_hero_fire	725154474	1478195662	945578330	0	100.0000	true	3k_main_art_set_historical_he_qi_general	true	vo_actor_group_generic_male_fire_general	3	10	50	3k_main_age_fixed_historical_huanglong_hero_fire	150	460	false	default_character_skill_selection_policy	3k_general_fire
3k_main_template_historical_hua_xiong_hero_fire	315751874	2087807450	0	0	100.0000	true	3k_main_art_set_historical_hua_xiong_general	true	vo_actor_group_generic_male_fire_general	2	6	20	3k_main_age_fixed_historical_hua_xiong_hero_fire	0	220	false	default_character_skill_selection_policy	3k_general_fire
3k_main_template_historical_huang_chong_hero_fire	1722287543	558065911	0	0	100.0000	true	3k_main_art_set_historical_huang_chong_general	true	vo_actor_group_generic_male_fire_general	3	10	50	3k_main_age_fixed_historical_huang_chong_hero_fire	220	530	false	default_character_skill_selection_policy	3k_general_fire
3k_main_template_historical_huang_quan_hero_fire	1777647491	558065911	981070210	0	100.0000	true	3k_main_art_set_historical_huang_quan_general	true	vo_actor_group_generic_male_fire_general	3	10	50	3k_main_age_fixed_historical_wu_zhi_hero_water	85	395	false	default_character_skill_selection_policy	3k_general_fire
3k_main_template_historical_huo_jun_hero_fire	969394264	68687918	2116217623	0	100.0000	true	3k_main_art_set_historical_huo_jun_general	true	vo_actor_group_generic_male_fire_general	3	10	50	3k_main_age_fixed_historical_huo_jun_hero_fire	25	335	false	default_character_skill_selection_policy	3k_general_fire
3k_main_template_historical_jia_chong_hero_water	795604233	1469839573	730820494	0	100.0000	true	3k_main_art_set_historical_jia_chong_general	true	vo_actor_group_generic_male_water_general	3	10	50	3k_main_age_fixed_historical_jia_chong_hero_water	225	535	false	default_character_skill_selection_policy	3k_general_water
3k_main_template_historical_jia_kui_hero_fire	908524784	1469839573	273509044	0	100.0000	true	3k_main_art_set_historical_jia_kui_general	true	vo_actor_group_generic_male_fire_general	3	10	50	3k_main_age_fixed_historical_jia_kui_hero_fire	10	320	false	default_character_skill_selection_policy	3k_general_fire
3k_main_template_historical_jiang_qin_hero_fire	748141477	479842764	2137907613	0	100.0000	true	3k_main_art_set_historical_jiang_qin_general	true	vo_actor_group_generic_male_fire_general	3	10	50	3k_main_age_fixed_historical_jiang_qin_hero_fire	10	320	false	default_character_skill_selection_policy	3k_general_fire
3k_main_template_historical_jiang_wan_hero_earth	2108079850	479842764	1612205419	0	100.0000	true	3k_main_art_set_historical_jiang_wan_general	true	vo_actor_group_generic_male_earth_general	3	10	50	3k_main_age_fixed_historical_liu_fu_hero_water	110	420	false	default_character_skill_selection_policy	3k_general_earth
3k_main_template_historical_jiang_wei_hero_fire	668501711	988514450	299205598	0	100.0000	true	3k_main_art_set_historical_jiang_wei_general	true	vo_actor_group_generic_male_fire_general	2	6	20	3k_main_age_fixed_historical_jiang_wei_hero_fire	150	460	false	default_character_skill_selection_policy	3k_general_fire
3k_main_template_historical_lady_bu_lianshi_hero_wood	1739525708	967823730	0	0	100.0000	true	3k_main_art_set_historical_bu_lianshi_general	false	vo_actor_group_generic_female_water_general	2	6	20	3k_main_age_fixed_historical_lady_bu_lianshi_hero_wood	90	400	false	default_character_skill_selection_policy	3k_general_water
3k_main_template_historical_lady_cao_jie_hero_earth	303559346	1170641616	0	0	100.0000	true	3k_main_art_set_historical_cao_jie_general	false	vo_actor_group_generic_female_earth_general	3	10	50	3k_main_age_fixed_historical_lady_cao_jie_hero_earth	125	435	false	default_character_skill_selection_policy	3k_general_earth
3k_main_template_historical_lady_huang_yueying_hero_wood	899016819	558065911	0	0	100.0000	true	3k_main_art_set_historical_huang_yueying_general	false	vo_actor_group_generic_female_metal_general	2	6	20	3k_main_age_fixed_historical_lady_huang_yueying_hero_wood	110	420	false	default_character_skill_selection_policy	3k_general_metal
3k_main_template_historical_lei_tong_hero_fire	118198446	1152351231	0	0	100.0000	true	3k_main_art_set_historical_lei_tong_general	true	vo_actor_group_generic_male_fire_general	3	10	50	3k_main_age_fixed_historical_zhao_rui_hero_fire	0	265	false	default_character_skill_selection_policy	3k_general_fire
3k_main_template_historical_li_dian_hero_metal	287395202	1804280123	1999996220	0	100.0000	true	3k_main_art_set_historical_li_dian_general	true	vo_actor_group_generic_male_metal_general	2	6	20	3k_main_age_fixed_historical_li_dian_hero_metal	45	355	false	default_character_skill_selection_policy	3k_general_metal
3k_main_template_historical_li_yan_hero_fire	240537218	1804280123	286177514	0	100.0000	true	3k_main_art_set_historical_li_yan_general	true	vo_actor_group_generic_male_fire_general	3	10	50	3k_main_age_fixed_historical_xianyu_fu_hero_fire	40	350	false	default_character_skill_selection_policy	3k_general_fire
3k_main_template_historical_ling_cao_hero_fire	250010567	337492449	0	0	100.0000	true	3k_main_art_set_historical_ling_cao_general	true	vo_actor_group_generic_male_fire_general	3	10	50	3k_main_age_fixed_historical_ling_cao_hero_fire	0	225	false	default_character_skill_selection_policy	3k_general_fire
3k_main_template_historical_ling_tong_hero_wood	1984748800	337492449	1195665480	0	100.0000	true	3k_main_art_set_historical_ling_tong_general	true	vo_actor_group_generic_male_wood_general	2	6	20	3k_main_age_fixed_historical_ling_tong_hero_wood	85	395	false	default_character_skill_selection_policy	3k_general_wood
3k_main_template_historical_liu_feng_hero_fire	1642324947	2012172474	0	0	100.0000	true	3k_main_art_set_historical_liu_feng_general	true	vo_actor_group_generic_male_fire_general	3	10	50	3k_main_age_fixed_historical_liu_feng_hero_fire	35	350	false	default_character_skill_selection_policy	3k_general_fire
3k_main_template_historical_liu_shan_hero_earth	1124632894	2012172474	1999889336	0	100.0000	true	3k_main_art_set_historical_liu_shan_general	true	vo_actor_group_generic_male_earth_general	2	6	20	3k_main_age_fixed_historical_liu_shan_hero_earth	175	485	false	default_character_skill_selection_policy	3k_general_earth
3k_main_template_historical_liu_ye_hero_water	1297622045	2012172474	158721597	0	100.0000	true	3k_main_art_set_historical_liu_ye_general	true	vo_actor_group_generic_male_water_general	3	10	50	3k_main_age_fixed_historical_gongsun_kang_hero_earth	75	385	false	default_character_skill_selection_policy	3k_general_water
3k_main_template_historical_liu_yin_hero_fire	400494364	1719382537	1113386566	0	100.0000	true	3k_main_art_set_historical_liu_yin_general	true	vo_actor_group_generic_male_fire_general	3	10	50	3k_main_age_fixed_historical_liu_yin_hero_fire	90	400	false	default_character_skill_selection_policy	3k_general_fire
3k_main_template_historical_lu_dai_hero_fire	1877692980	1549685392	1346860271	0	100.0000	true	3k_main_art_set_historical_lu_dai_general	true	vo_actor_group_generic_male_fire_general	3	10	50	3k_main_age_fixed_historical_lu_dai_hero_fire	0	255	false	default_character_skill_selection_policy	3k_general_fire
3k_main_template_historical_lu_meng_hero_metal	1910801786	1549685392	1268428799	0	100.0000	true	3k_main_art_set_historical_lu_meng_general	true	vo_actor_group_generic_male_metal_general	2	6	20	3k_main_age_fixed_historical_lu_meng_hero_metal	30	340	false	default_character_skill_selection_policy	3k_general_metal
3k_main_template_historical_ma_liang_hero_water	1391608150	202752559	1457366031	0	100.0000	true	3k_main_art_set_historical_ma_liang_general	true	vo_actor_group_generic_male_water_general	3	10	50	3k_main_age_fixed_historical_ma_liang_hero_water	75	385	false	default_character_skill_selection_policy	3k_general_water
3k_main_template_historical_ma_su_hero_water	418983829	202752559	2029102952	0	100.0000	true	3k_main_art_set_historical_ma_su_general	true	vo_actor_group_generic_male_water_general	3	10	50	3k_main_age_fixed_historical_ma_su_hero_water	90	400	false	default_character_skill_selection_policy	3k_general_water
3k_main_template_historical_man_chong_hero_fire	700281055	990094367	783612687	0	100.0000	true	3k_main_art_set_historical_man_chong_general	true	vo_actor_group_generic_male_fire_general	3	10	50	3k_main_age_fixed_historical_man_chong_hero_fire	115	425	false	default_character_skill_selection_policy	3k_general_fire
3k_main_template_historical_meng_da_hero_fire	1024757291	372458300	1924785621	0	100.0000	true	3k_main_art_set_historical_meng_da_general	true	vo_actor_group_generic_male_fire_general	3	10	50	3k_main_age_fixed_historical_meng_da_hero_fire	105	415	false	default_character_skill_selection_policy	3k_general_fire
3k_main_template_historical_pan_jun_hero_fire	1248298695	1418049771	1869438519	0	100.0000	true	3k_main_art_set_historical_pan_jun_general	true	vo_actor_group_generic_male_fire_general	3	10	50	3k_main_age_fixed_historical_pan_jun_hero_fire	95	405	false	default_character_skill_selection_policy	3k_general_fire
3k_main_template_historical_pan_zhang_hero_fire	1521226077	1418049771	1988000099	0	100.0000	true	3k_main_art_set_historical_pan_zhang_general	true	vo_actor_group_generic_male_fire_general	3	10	50	3k_main_age_fixed_historical_sima_lang_hero_water	50	360	false	default_character_skill_selection_policy	3k_general_fire
3k_main_template_historical_sima_shi_hero_earth	814179957	525748774	2146363994	0	100.0000	true	3k_main_art_set_historical_sima_shi_general	true	vo_actor_group_generic_male_earth_general	3	10	50	3k_main_age_fixed_historical_sima_shi_hero_earth	180	490	false	default_character_skill_selection_policy	3k_general_earth
3k_main_template_historical_sima_zhao_hero_earth	407683058	525748774	1994409397	0	100.0000	true	3k_main_art_set_historical_sima_zhao_general	true	vo_actor_group_generic_male_earth_general	3	10	50	3k_main_age_fixed_historical_sima_zhao_hero_earth	195	505	false	default_character_skill_selection_policy	3k_general_earth
3k_main_template_historical_tuoba_liwei_hero_wood	928533524	1959716239	0	0	100.0000	true	3k_main_art_set_historical_tuoba_liwei_general	true	vo_actor_group_generic_male_wood_general	3	10	50	3k_main_age_fixed_historical_tuoba_liwei_hero_wood	10	320	false	default_character_skill_selection_policy	3k_general_metal
3k_main_template_historical_wang_fu_hero_water	1821648925	95799204	451672367	0	100.0000	true	3k_main_art_set_historical_wang_fu	true	vo_actor_group_generic_male_water_general	3	10	50	3k_main_age_fixed_historical_wang_fu_hero_water	15	325	false	default_character_skill_selection_policy	3k_general_water
3k_main_template_historical_wang_ji_hero_fire	344167831	95799204	1124909629	0	100.0000	true	3k_main_art_set_historical_wang_ji_general	true	vo_actor_group_generic_male_fire_general	3	10	50	3k_main_age_fixed_historical_wang_ji_hero_fire	90	400	false	default_character_skill_selection_policy	3k_general_fire
3k_main_template_historical_wang_ping_hero_fire	336974602	95799204	682257159	0	100.0000	true	3k_main_art_set_historical_wang_ping_general	true	vo_actor_group_generic_male_fire_general	3	10	50	3k_main_age_fixed_generated_han_chong_hero_wood	220	530	false	default_character_skill_selection_policy	3k_general_fire
3k_main_template_historical_wang_shuang_hero_fire	155781128	95799204	1043529691	0	100.0000	true	3k_main_art_set_historical_wang_shuang_general	true	vo_actor_group_generic_male_fire_general	3	10	50	3k_main_age_fixed_historical_wang_shuang_hero_fire	15	325	false	default_character_skill_selection_policy	3k_general_fire
3k_main_template_historical_wang_yi_hero_earth	1783548072	95799204	1611942816	0	100.0000	true	3k_main_art_set_historical_wang_yi_general	false	vo_actor_group_generic_female_earth_general	3	10	50	3k_main_age_fixed_historical_wang_yi_hero_fire	240	550	false	default_character_skill_selection_policy	3k_general_earth
3k_main_template_historical_wu_yi_hero_fire	658499886	1780015206	1668426611	0	100.0000	true	3k_main_art_set_historical_wu_yi_general	true	vo_actor_group_generic_male_fire_general	3	10	50	3k_main_age_fixed_historical_wu_yi_hero_fire	115	425	false	default_character_skill_selection_policy	3k_general_fire
3k_main_template_historical_xiahou_ba_hero_fire	2057701792	2005130588	1370767065	0	100.0000	true	3k_main_art_set_historical_xiahou_ba_general	true	vo_actor_group_generic_male_fire_general	2	6	20	3k_main_age_fixed_historical_xiahou_ba_hero_fire	65	375	false	default_character_skill_selection_policy	3k_general_fire
3k_main_template_historical_xiahou_shang_hero_fire	1607253408	2005130588	0	0	100.0000	true	3k_main_art_set_historical_xiahou_shang_general	true	vo_actor_group_generic_male_fire_general	3	10	50	3k_main_age_fixed_historical_zhang_guang_hero_wood	0	305	false	default_character_skill_selection_policy	3k_general_fire
3k_main_template_historical_xin_xianying_hero_water	450407209	483684789	0	0	100.0000	true	3k_main_art_set_historical_xin_xianying_general	false	vo_actor_group_generic_female_water_general	3	10	50	3k_main_age_fixed_historical_xin_xianying_hero_water	95	405	false	default_character_skill_selection_policy	3k_general_water
3k_main_template_historical_yang_xiu_hero_water	1628994766	1906567700	1784458086	0	100.0000	true	3k_main_art_set_historical_yang_xiu_general	true	vo_actor_group_generic_male_water_general	3	10	50	3k_main_age_fixed_historical_yang_xiu_hero_water	15	325	false	default_character_skill_selection_policy	3k_general_water
3k_main_template_historical_yue_jiu_hero_fire	1286051299	1959898513	0	0	100.0000	true	3k_main_art_set_historical_yue_jiu_general	true	vo_actor_group_generic_male_fire_general	3	10	50	3k_main_age_fixed_historical_wang_lang_hero_earth	0	155	false	default_character_skill_selection_policy	3k_general_fire
3k_main_template_historical_yue_lin_hero_fire	1703770148	1959898513	0	0	100.0000	true	3k_main_art_set_historical_yue_lin_general	true	vo_actor_group_generic_male_fire_general	3	10	50	3k_main_age_fixed_historical_yue_lin_hero_fire	155	465	false	default_character_skill_selection_policy	3k_general_fire
3k_main_template_historical_zhang_bu_hero_fire	652195187	2132474979	0	0	100.0000	true	3k_main_art_set_generic_male_02_general_fire	true	vo_actor_group_generic_male_fire_general	3	10	50	3k_main_age_fixed_historical_zhang_bu_hero_fire	240	550	false	default_character_skill_selection_policy	3k_general_fire
3k_main_template_historical_zhang_chunhua_hero_water	1564744230	2132474979	0	0	100.0000	true	3k_main_art_set_historical_zhang_chunhua_general	false	vo_actor_group_generic_female_water_general	3	10	50	3k_main_age_fixed_historical_zhang_chunhua_hero_water	85	395	false	default_character_skill_selection_policy	3k_general_water
3k_main_template_historical_zhang_nan_hero_fire	950165979	2132474979	1963236551	0	100.0000	true	3k_main_art_set_generic_male_01_general_fire	true	vo_actor_group_generic_male_fire_general	3	10	50	3k_main_age_fixed_historical_zhang_nan_hero_fire	110	420	false	default_character_skill_selection_policy	3k_general_fire
3k_main_template_historical_zhang_ren_hero_fire	450248535	2132474979	0	0	100.0000	true	3k_main_art_set_historical_zhang_ren_general	true	vo_actor_group_generic_male_fire_general	3	10	50	3k_main_age_fixed_historical_cai_xun_hero_earth	75	385	false	default_character_skill_selection_policy	3k_general_fire
3k_main_template_historical_zhang_song_hero_water	1405163359	2132474979	1785459067	0	100.0000	true	3k_main_art_set_historical_zhang_song_general	true	vo_actor_group_generic_male_water_general	3	10	50	3k_main_age_fixed_historical_zhang_song_hero_water	10	320	false	default_character_skill_selection_policy	3k_general_water
3k_main_template_historical_zhao_guang_hero_fire	1320322624	321968781	0	0	100.0000	true	3k_main_art_set_historical_zhao_guang_general	true	vo_actor_group_generic_male_fire_general	3	10	50	3k_main_age_fixed_historical_zhao_guang_hero_fire	190	500	false	default_character_skill_selection_policy	3k_general_fire
3k_main_template_historical_zhong_yao_hero_water	1249663069	841535254	464842297	0	100.0000	true	3k_main_art_set_historical_zhong_yao_general	true	vo_actor_group_generic_male_water_general	3	10	50	3k_main_age_fixed_historical_zhong_yao_hero_water	0	205	false	default_character_skill_selection_policy	3k_general_water
3k_main_template_historical_zhu_ran_hero_fire	1312274851	1289834500	1907504337	0	100.0000	true	3k_main_art_set_historical_zhu_ran_general	true	vo_actor_group_generic_male_fire_general	3	10	50	3k_main_age_fixed_historical_zhu_ran_hero_fire	50	360	false	default_character_skill_selection_policy	3k_general_fire
3k_main_template_historical_zhu_zhi_hero_metal	1196750357	1289834500	1186005528	0	100.0000	true	3k_main_art_set_historical_zhu_zhi_general	true	vo_actor_group_generic_male_metal_general	3	10	50	3k_main_age_fixed_historical_zhu_zhi_hero_metal	0	230	false	default_character_skill_selection_policy	3k_general_metal
3k_main_template_historical_zhuge_dan_hero_fire	835832973	1370289225	1745355281	0	100.0000	true	3k_main_art_set_historical_zhuge_dan_general	true	vo_actor_group_generic_male_fire_general	3	10	50	3k_main_age_fixed_historical_zhuge_dan_hero_fire	130	440	false	default_character_skill_selection_policy	3k_general_fire
3k_main_template_historical_zhuge_jin_hero_water	935837686	1370289225	710964477	0	100.0000	true	3k_main_art_set_historical_zhuge_jin_general	true	vo_actor_group_generic_male_water_general	2	6	20	3k_main_age_fixed_historical_zhuge_jin_hero_water	10	320	false	default_character_skill_selection_policy	3k_general_water
3k_main_template_historical_zhuge_ke_hero_earth	1185653951	1370289225	244221864	0	100.0000	true	3k_main_art_set_historical_zhuge_ke_general	true	vo_actor_group_generic_male_earth_general	3	10	50	3k_main_age_fixed_historical_zhuge_ke_hero_earth	155	465	false	default_character_skill_selection_policy	3k_general_earth
3k_main_template_historical_zuozi_hangba_hero_wood	1193795278	475413104	0	0	100.0000	true	3k_main_art_set_historical_zuozi_hangba_general	true	vo_actor_group_generic_male_wood_general	3	10	50	3k_main_age_fixed_historical_zuozi_hangba_hero_wood	50	360	false	default_character_skill_selection_policy	3k_general_wood
3k_main_template_historical_xiahou_jie_hero_fire	511854754	2005130588	0	0	100.0000	true	3k_main_art_set_historical_xiahou_jie_general	true	vo_actor_group_generic_any_male_fire_general	3	10	50	3k_main_age_fixed_historical_xiahou_jie_hero_fire	0	220	false	default_character_skill_selection_policy	3k_general_fire
3k_main_template_historical_zhuge_xuan_hero_fire	2033364858	1370289225	1373611513	0	100.0000	true	3k_main_art_set_historical_zhuge_xuan_general	true	vo_actor_group_generic_any_male_fire_general	3	10	50	3k_main_age_fixed_historical_zhuge_xuan_hero_fire	0	145	false	default_character_skill_selection_policy	3k_general_fire
3k_main_template_historical_chen_wu_hero_metal	2072000275	1501895880	1749956367	0	100.0000	true	3k_main_art_set_historical_chen_wu_general	true	vo_actor_group_generic_any_male_metal_general	3	10	50	3k_main_age_fixed_historical_chen_wu_hero_metal	50	360	false	default_character_skill_selection_policy	3k_general_metal
3k_main_template_historical_hou_yin_hero_metal	256137642	224938280	0	0	100.0000	true	3k_main_art_set_historical_hou_yin_general	true	vo_actor_group_generic_any_male_metal_general	3	10	50	3k_main_age_fixed_historical_hou_yin_hero_metal	0	285	false	default_character_skill_selection_policy	3k_general_metal
3k_main_template_historical_wang_xiang_hero_water	1522911432	95799204	615552775	0	100.0000	true	3k_main_art_set_historical_wang_xiang_general	true	vo_actor_group_generic_any_male_water_general	3	10	20	3k_main_age_fixed_historical_wang_xiang_hero_water	65	375	false	default_character_skill_selection_policy	3k_general_water
3k_main_template_historical_li_shu_hero_water	1032118731	1804280123	1201649619	0	100.0000	true	3k_main_art_set_historical_li_shu_general	true	vo_actor_group_generic_any_male_water_general	3	10	20	3k_main_age_fixed_historical_li_shu_hero_water	25	335	false	default_character_skill_selection_policy	3k_general_water
3k_main_template_historical_huang_wan_hero_water	2108079850	558065911	338998139	0	100.0000	true	3k_main_art_set_historical_huang_wan_general	true	vo_actor_group_generic_any_male_water_general	3	10	20	3k_main_age_fixed_historical_huang_wan_hero_water	0	155	false	default_character_skill_selection_policy	3k_general_water
3k_main_template_historical_zhang_meng_hero_fire	1169942263	2132474979	0	0	100.0000	true	3k_main_art_set_historical_zhang_meng_general	true	vo_actor_group_generic_any_male_fire_general	3	10	20	3k_main_age_fixed_historical_zhang_meng_hero_fire	30	340	false	default_character_skill_selection_policy	3k_general_fire
3k_main_template_historical_yang_ren_hero_fire	450248535	1906567700	0	0	100.0000	true	3k_main_art_set_historical_yang_ren_general	true	vo_actor_group_generic_any_male_fire_general	3	10	20	3k_main_age_fixed_historical_yang_ren_hero_fire	0	245	false	default_character_skill_selection_policy	3k_general_fire
3k_main_template_historical_sui_yuanjin_hero_fire	798657978	450111788	0	0	100.0000	true	3k_main_art_set_historical_sui_yuanjin_general	true	vo_actor_group_generic_any_male_fire_general	3	10	20	3k_main_age_fixed_historical_sui_yuanjin_hero_fire	15	325	false	default_character_skill_selection_policy	3k_general_fire
3k_main_template_historical_wang_bi_hero_fire	421985332	95799204	0	0	100.0000	true	3k_main_art_set_historical_wang_bi_general	true	vo_actor_group_generic_any_male_fire_general	3	10	20	3k_main_age_fixed_historical_wang_bi_hero_fire	25	335	false	default_character_skill_selection_policy	3k_general_fire
3k_main_template_historical_wang_shi_hero_fire	489189464	95799204	2108633001	0	100.0000	true	3k_main_art_set_historical_fix_wang_shi_general	true	vo_actor_group_generic_any_male_fire_general	3	10	20	3k_main_age_fixed_historical_zhang_guang_hero_wood	40	350	false	default_character_skill_selection_policy	3k_general_fire
3k_main_template_historical_wang_jun_hero_fire	1248298695	95799204	1600933675	0	100.0000	true	3k_main_art_set_historical_wang_jun_general	true	vo_actor_group_generic_any_male_fire_general	3	10	20	3k_main_age_fixed_historical_wang_jun_hero_fire	170	480	false	default_character_skill_selection_policy	3k_general_fire
3k_main_template_historical_wang_zhi_hero_fire	84727113	95799204	0	0	100.0000	true	3k_main_art_set_historical_wang_zhi_general	true	vo_actor_group_generic_any_male_fire_general	3	10	20	3k_main_age_fixed_historical_wang_zhi_hero_fire	25	335	false	default_character_skill_selection_policy	3k_general_fire
3k_main_template_historical_deng_fang_hero_fire	325411011	355118090	24053811	0	100.0000	true	3k_main_art_set_historical_deng_fang_general	true	vo_actor_group_generic_any_male_fire_general	3	10	20	3k_main_age_fixed_historical_deng_fang_hero_fire	115	425	false	default_character_skill_selection_policy	3k_general_fire
3k_main_template_historical_shisun_rui_hero_fire	1707782642	1872334191	525798990	0	100.0000	true	3k_main_art_set_historical_shisun_rui_general	true	vo_actor_group_generic_any_male_fire_general	3	10	20	3k_main_age_fixed_historical_shisun_rui_hero_fire	0	245	false	default_character_skill_selection_policy	3k_general_fire
3k_main_template_historical_sun_jiao_hero_fire	1797218953	2142516540	808617033	0	100.0000	true	3k_main_art_set_historical_sun_jiao_general	true	vo_actor_group_generic_any_male_fire_general	3	10	20	3k_main_age_fixed_historical_wu_lan_hero_fire	0	300	false	default_character_skill_selection_policy	3k_general_earth
3k_main_template_historical_sun_yu_hero_fire	1820392181	2142516540	136966273	0	100.0000	true	3k_main_art_set_historical_sun_yu_general	true	vo_actor_group_generic_any_male_earth_general	3	10	20	3k_main_age_fixed_historical_sun_yu_hero_fire	25	335	false	default_character_skill_selection_policy	3k_general_metal
3k_main_template_historical_sun_yi_hero_fire	161629674	2142516540	700441818	0	100.0000	true	3k_main_art_set_historical_sun_yi_general	true	vo_actor_group_generic_any_male_fire_general	3	10	20	3k_main_age_fixed_historical_sun_yi_hero_fire	60	370	false	default_character_skill_selection_policy	3k_general_fire
3k_main_template_historical_sun_zi_hero_fire	103087988	2142516540	1167360459	0	100.0000	true	3k_main_art_set_generic_male_12_general_fire	true	vo_actor_group_generic_any_male_fire_general	3	10	20	3k_main_age_fixed_historical_sun_zi_hero_fire	220	530	false	default_character_skill_selection_policy	3k_general_fire
3k_main_template_historical_sun_he_hero_fire	1860649317	2142516540	927922858	0	100.0000	true	3k_main_art_set_historical_sun_he_general	true	vo_actor_group_generic_any_male_fire_general	3	10	20	3k_main_age_fixed_historical_feng_li_hero_fire	0	200	false	default_character_skill_selection_policy	3k_general_wood
3k_main_template_historical_sun_huan_hero_fire	1946147774	2142516540	68515975	0	100.0000	true	3k_main_art_set_historical_sun_huan_general	true	vo_actor_group_generic_any_male_fire_general	3	10	20	3k_main_age_fixed_historical_sun_huan_hero_fire	115	425	false	default_character_skill_selection_policy	3k_general_fire
3k_dlc06_template_historical_cheng_bing_hero_water	61991413	1897966491	0	0	50.5000	true	3k_main_art_set_historical_cheng_bing_general	true	vo_actor_group_generic_male_water_general	2	6	20	3k_main_age_fixed_historical_cao_chun_hero_fire	0	225	false	default_character_skill_selection_policy	3k_general_water
3k_main_template_historical_xu_ta_hero_water	1966081532	1527149295	0	0	100.0000	true	3k_main_art_set_historical_xu_ta_general	true	vo_actor_group_generic_any_male_water_general	3	10	20	3k_main_age_fixed_historical_xu_ta_hero_water	0	245	false	default_character_skill_selection_policy	3k_general_water
3k_main_template_historical_wei_gu_hero_fire	186685325	1575547969	81806519	0	100.0000	true	3k_main_art_set_historical_wei_gu_general	true	vo_actor_group_generic_any_male_fire_general	3	10	20	3k_main_age_fixed_historical_wei_gu_hero_fire	0	290	false	default_character_skill_selection_policy	3k_general_fire
3k_main_template_historical_cui_yan_hero_water	1250089676	869102437	880854845	0	100.0000	true	3k_main_art_set_generic_male_38_general_water_strategist	true	vo_actor_group_generic_any_male_water_general	3	10	20	3k_main_age_fixed_historical_cui_yan_hero_water	0	265	false	default_character_skill_selection_policy	3k_general_water
3k_main_template_historical_qin_yilu_hero_fire	627974844	1399433665	0	0	100.0000	true	3k_main_art_set_historical_qin_yilu_general	true	vo_actor_group_generic_any_male_fire_general	3	10	20	3k_main_age_fixed_historical_yang_song_hero_earth	0	195	false	default_character_skill_selection_policy	3k_general_fire
3k_main_template_historical_zhang_ji_dong_zhou_hero_earth	2094475059	441369143	0	0	100.0000	true	3k_main_art_set_historical_zhang_ji_earth_general	true	vo_actor_group_generic_any_male_earth_general	2	6	20	3k_main_age_fixed_historical_zhang_ji_dong_zhou_hero_earth	-1	-1	false	default_character_skill_selection_policy	3k_general_earth
3k_main_template_historical_chen_ji_hero_earth	1573667838	1501895880	1371850566	0	100.0000	true	ironic_art_set_fixes_historical_chen_ji_general	true	vo_actor_group_generic_any_male_earth_general	3	10	20	3k_main_age_fixed_historical_chen_ji_hero_earth	0	125	false	default_character_skill_selection_policy	3k_general_earth
3k_dlc04_template_historical_zhou_yu_renming_fire	304158183	1140884222	1752665563	0	100.0000	true	3k_main_art_set_historical_zhou_yu_renming_general	true	vo_actor_group_generic_any_male_earth_general	2	6	20	3k_dlc05_age_fixed_historical_li_ying_hero_water	-1	-1	false	default_character_skill_selection_policy	3k_general_earth
3k_dlc04_template_historical_lady_wang_song_water	156999076	95799204	0	0	100.0000	true	3k_mtu_art_set_historical_lady_wang_song_general	false	vo_actor_group_generic_female_water_general	2	6	20	3k_main_age_fixed_historical_zhang_zhi_hero_water	-1	-1	false	default_character_skill_selection_policy	3k_general_water
3k_ytr_template_historical_liu_pi_hero_water	262722050	2012172474	0	0	100.0000	true	3k_main_art_set_historical_liu_pi	true	vo_actor_group_generic_any_male_water_general	2	6	20	3k_ytr_age_fixed_historical_liu_pi_hero_water	0	999999	false	default_character_skill_selection_policy	3k_general_water
3k_main_template_historical_zou_lin_hero_wood	1466577214	1617550055	0	0	100.0000	true	3k_main_art_set_historical_zou_lin	true	vo_actor_group_generic_any_male_wood_general	3	10	20	3k_main_age_fixed_historical_zou_lin_hero_wood	0	275	false	default_character_skill_selection_policy	3k_general_water
3k_main_template_historical_lady_yuan_anyang_hero_earth	644607996	1082370785	0	0	100.0000	true	3k_main_art_set_generic_female_07_general_earth	false	vo_actor_group_generic_female_earth_general	2	6	20	3k_main_age_fixed_historical_peng_yang_hero_water	0	310	false	default_character_skill_selection_policy	3k_general_earth
3k_main_template_historical_lady_feng_hero_water	743930252	1064797262	0	0	100.0000	true	3k_main_art_set_generic_female_01_general_water_strategist	false	vo_actor_group_generic_female_water_general	2	6	20	3k_main_age_fixed_historical_sun_jing_hero_wood	0	310	false	default_character_skill_selection_policy	3k_general_water
3k_main_template_historical_yan_xiang_hero_water	539389794	1157586582	0	0	100.0000	true	3k_main_art_set_generic_male_22_general_water_strategist	true	vo_actor_group_generic_any_male_water_general	2	6	20	3k_main_age_fixed_historical_deng_sheng_hero_fire	0	300	false	default_character_skill_selection_policy	3k_general_water
