character_generation_template	game_mode	death_distribution_curve	initial_ceos	retinue	min_rank	max_rank	experience_rank_effects	attribute_set	skill_set_override	initial_lives	undercover_character_chance_multiplier	is_deployable
#character_generation_template_game_mode_details_tables;9;db/character_generation_template_game_mode_details_tables/ironic_modified_characters												
3k_main_template_historical_wang_kuang_hero_metal	historical	3k_standard_death_distribution_no_infant_mortality	3k_main_ceo_initial_data_character_historical_wang_kuang	3k_main_general_wang_kuang_metal	1	1	3k_main_rank_effect_set_records_base	3k_main_attribute_set_general_metal_records	3k_main_skillset_wang_kuang_minister_metal	1	0.0050	true
3k_main_template_historical_wang_kuang_hero_metal	romance	3k_romance_death_distribution	3k_main_ceo_initial_data_character_historical_wang_kuang	3k_main_hero_wang_kuang_metal	1	1	3k_main_rank_effect_set_romance_base	3k_main_attribute_set_general_metal_romance	3k_main_skillset_wang_kuang_minister_metal	1	0.0500	true
3k_main_template_historical_sheng_xian_hero_water	historical	3k_standard_death_distribution_no_infant_mortality	3k_main_ceo_initial_data_character_historical_sheng_xian	3k_main_general_sheng_xian_water	0	3	3k_main_rank_effect_set_records_water_strategist	3k_main_attribute_set_general_water_records	3k_main_skillset_generic_agent_water_strategist	1	1.0000	true
3k_main_template_historical_sheng_xian_hero_water	romance	3k_romance_death_distribution	3k_main_ceo_initial_data_character_historical_sheng_xian	3k_main_hero_sheng_xian_water	0	3	3k_main_rank_effect_set_romance_water_strategist	3k_main_attribute_set_general_water_romance	3k_main_skillset_generic_agent_water_strategist	1	1.0000	true
3k_main_template_historical_cao_chun_hero_fire	historical	3k_standard_death_distribution_no_infant_mortality	3k_main_ceo_initial_data_character_historical_cao_chun	3k_main_general_generic_fire	0	3	3k_main_rank_effect_set_records_base	3k_main_attribute_set_general_fire_records	3k_main_skillset_cao_chun_general_fire	1	1.0000	true
3k_main_template_historical_cao_chun_hero_fire	romance	3k_romance_death_distribution	3k_main_ceo_initial_data_character_historical_cao_chun	3k_main_hero_generic_fire	0	3	3k_main_rank_effect_set_romance_base	3k_main_attribute_set_general_fire_romance	3k_main_skillset_cao_chun_general_fire	1	1.0000	true
3k_main_template_historical_cao_xiu_hero_fire	historical	3k_standard_death_distribution_no_infant_mortality	3k_main_ceo_initial_data_character_historical_cao_xiu	3k_main_general_generic_fire	0	3	3k_main_rank_effect_set_records_base	3k_main_attribute_set_general_fire_records	3k_main_skillset_cao_xiu_general_fire	1	1.0000	true
3k_main_template_historical_cao_xiu_hero_fire	romance	3k_romance_death_distribution	3k_main_ceo_initial_data_character_historical_cao_xiu	3k_main_hero_generic_fire	0	3	3k_main_rank_effect_set_romance_base	3k_main_attribute_set_general_fire_romance	3k_main_skillset_cao_xiu_general_fire	1	1.0000	true
3k_main_template_historical_cao_hong_hero_wood	historical	3k_standard_death_distribution_no_infant_mortality	3k_main_ceo_initial_data_character_historical_cao_hong	3k_main_general_cao_hong_wood	0	3	3k_main_rank_effect_set_records_base	3k_main_attribute_set_general_wood_records	3k_main_skillset_cao_hong_general_wood	1	1.0000	true
3k_main_template_historical_cao_hong_hero_wood	romance	3k_romance_death_distribution	3k_main_ceo_initial_data_character_historical_cao_hong	3k_main_hero_cao_hong_wood	0	3	3k_main_rank_effect_set_romance_base	3k_main_attribute_set_general_wood_romance	3k_main_skillset_cao_hong_general_wood	1	1.0000	true
3k_main_template_historical_cao_zhen_hero_earth	historical	3k_standard_death_distribution_no_infant_mortality	3k_main_ceo_initial_data_character_historical_cao_zhen	3k_main_general_generic_earth	0	3	3k_main_rank_effect_set_records_earth_commander	3k_main_attribute_set_general_earth_records	3k_main_skillset_generic_villager_earth	1	1.0000	true
3k_main_template_historical_cao_zhen_hero_earth	romance	3k_romance_death_distribution	3k_main_ceo_initial_data_character_historical_cao_zhen	3k_main_hero_generic_earth	0	3	3k_main_rank_effect_set_romance_earth_commander	3k_main_attribute_set_general_earth_romance	3k_main_skillset_generic_agent_earth	1	1.0000	true
3k_main_template_historical_cao_biao_hero_earth	historical	3k_standard_death_distribution_no_infant_mortality	3k_main_ceo_initial_data_character_historical_cao_biao	3k_main_general_generic_earth	0	3	3k_main_rank_effect_set_records_earth_commander	3k_main_attribute_set_general_earth_records	3k_main_skillset_cao_biao_agent_earth	1	1.0000	true
3k_main_template_historical_cao_biao_hero_earth	romance	3k_romance_death_distribution	3k_main_ceo_initial_data_character_historical_cao_biao	3k_main_hero_generic_earth	0	3	3k_main_rank_effect_set_romance_earth_commander	3k_main_attribute_set_general_earth_romance	3k_main_skillset_cao_biao_agent_earth	1	1.0000	true
3k_main_template_historical_cao_rui_hero_earth	historical	3k_standard_death_distribution_no_infant_mortality	3k_main_ceo_initial_data_character_historical_cao_rui	3k_main_general_generic_earth	0	3	3k_main_rank_effect_set_records_earth_commander	3k_main_attribute_set_general_earth_records	3k_main_skillset_cao_rui_minister_earth	1	0.0050	true
3k_main_template_historical_cao_rui_hero_earth	romance	3k_romance_death_distribution	3k_main_ceo_initial_data_character_historical_cao_rui	3k_main_hero_generic_earth	0	3	3k_main_rank_effect_set_romance_earth_commander	3k_main_attribute_set_general_earth_romance	3k_main_skillset_cao_rui_minister_earth	1	1.0000	true
3k_main_template_historical_cao_shuang_hero_wood	historical	3k_standard_death_distribution_no_infant_mortality	3k_main_ceo_initial_data_character_historical_cao_shuang	3k_main_general_generic_wood	0	3	3k_main_rank_effect_set_records_base	3k_main_attribute_set_general_wood_records	3k_main_skillset_generic_general_wood	1	1.0000	true
3k_main_template_historical_cao_shuang_hero_wood	romance	3k_romance_death_distribution	3k_main_ceo_initial_data_character_historical_cao_shuang	3k_main_hero_generic_wood	0	3	3k_main_rank_effect_set_romance_base	3k_main_attribute_set_general_wood_romance	3k_main_skillset_generic_general_wood	1	1.0000	true
3k_main_template_historical_cao_song_hero_earth	historical	3k_standard_death_distribution_no_infant_mortality	3k_dlc04_ceo_initial_data_character_historical_cao_song_jugao	3k_main_general_generic_earth	0	0	3k_main_rank_effect_set_records_earth_commander	3k_main_attribute_set_general_earth_records	3k_main_skillset_generic_governor_earth	1	0.0050	true
3k_main_template_historical_cao_song_hero_earth	romance	3k_romance_death_distribution	3k_dlc04_ceo_initial_data_character_historical_cao_song_jugao	3k_main_hero_generic_earth	0	0	3k_main_rank_effect_set_romance_earth_commander	3k_main_attribute_set_general_earth_romance	3k_main_skillset_generic_governor_earth	1	0.0500	true
3k_main_template_historical_cao_xi_hero_wood	historical	3k_standard_death_distribution_no_infant_mortality	3k_main_ceo_initial_data_character_historical_cao_xi	3k_main_general_generic_wood	0	3	3k_main_rank_effect_set_records_base	3k_main_attribute_set_general_wood_records	3k_main_skillset_generic_general_wood	1	1.0000	true
3k_main_template_historical_cao_xi_hero_wood	romance	3k_romance_death_distribution	3k_main_ceo_initial_data_character_historical_cao_xi	3k_main_hero_generic_wood	0	3	3k_main_rank_effect_set_romance_base	3k_main_attribute_set_general_wood_romance	3k_main_skillset_generic_general_wood	1	1.0000	true
3k_main_template_historical_cao_zhang_hero_wood	historical	3k_standard_death_distribution_no_infant_mortality	3k_main_ceo_initial_data_character_historical_cao_zhang	3k_main_general_generic_wood	0	3	3k_main_rank_effect_set_records_base	3k_main_attribute_set_general_wood_records	3k_main_skillset_cao_zhang_minister_wood	1	1.0000	true
3k_main_template_historical_cao_zhang_hero_wood	romance	3k_romance_death_distribution	3k_main_ceo_initial_data_character_historical_cao_zhang	3k_main_hero_generic_wood	0	3	3k_main_rank_effect_set_romance_base	3k_main_attribute_set_general_wood_romance	3k_main_skillset_cao_zhang_minister_wood	1	1.0000	true
3k_main_template_historical_cao_zhi_hero_water	historical	3k_standard_death_distribution_no_infant_mortality	3k_main_ceo_initial_data_character_historical_cao_zhi	3k_main_general_generic_water_strategist	0	3	3k_main_rank_effect_set_records_water_strategist	3k_main_attribute_set_general_water_records	3k_main_skillset_cao_zhi_minister_water_strategist	1	1.0000	true
3k_main_template_historical_cao_zhi_hero_water	romance	3k_romance_death_distribution	3k_main_ceo_initial_data_character_historical_cao_zhi	3k_main_hero_generic_water_strategist	0	3	3k_main_rank_effect_set_romance_water_strategist	3k_main_attribute_set_general_water_romance	3k_main_skillset_cao_zhi_minister_water_strategist	1	1.0000	true
3k_main_template_historical_lady_cao_jie_hero_earth	historical	3k_standard_death_distribution_no_infant_mortality	3k_main_ceo_initial_data_character_historical_cao_jie	3k_main_general_generic_earth	0	3	3k_main_rank_effect_set_records_earth_commander	3k_main_attribute_set_general_earth_records	3k_main_skillset_generic_agent_earth	1	1.0000	true
3k_main_template_historical_lady_cao_jie_hero_earth	romance	3k_romance_death_distribution	3k_main_ceo_initial_data_character_historical_cao_jie	3k_main_hero_generic_earth	0	3	3k_main_rank_effect_set_romance_earth_commander	3k_main_attribute_set_general_earth_romance	3k_main_skillset_generic_agent_earth	1	1.0000	true
3k_dlc04_template_historical_cao_de_earth	historical	3k_standard_death_distribution_no_infant_mortality	3k_dlc04_ceo_initial_data_character_historical_cao_de	3k_main_general_generic_earth	0	3	3k_main_rank_effect_set_records_earth_commander	3k_main_attribute_set_general_earth_records	3k_main_skillset_generic_villager_earth	1	1.0000	true
3k_dlc04_template_historical_cao_de_earth	romance	3k_romance_death_distribution	3k_dlc04_ceo_initial_data_character_historical_cao_de	3k_main_hero_generic_earth	0	3	3k_main_rank_effect_set_romance_earth_commander	3k_main_attribute_set_general_earth_romance	3k_main_skillset_generic_villager_earth	1	1.0000	true
3k_main_template_historical_guo_yuan_hero_fire	historical	3k_standard_death_distribution_no_infant_mortality	3k_main_ceo_initial_data_character_historical_guo_yuan	3k_main_general_guo_yuan_fire	0	3	3k_main_rank_effect_set_records_base	3k_main_attribute_set_general_fire_records	3k_main_skillset_generic_general_fire	1	1.0000	true
3k_main_template_historical_guo_yuan_hero_fire	romance	3k_romance_death_distribution	3k_main_ceo_initial_data_character_historical_guo_yuan	3k_main_hero_guo_yuan_fire	0	3	3k_main_rank_effect_set_romance_base	3k_main_attribute_set_general_fire_romance	3k_main_skillset_generic_general_fire	1	1.0000	true
3k_main_template_historical_deng_sheng_hero_fire	historical	3k_standard_death_distribution_no_infant_mortality	3k_main_ceo_initial_data_character_historical_deng_sheng	3k_main_general_generic_fire	0	0	3k_main_rank_effect_set_records_base	3k_main_attribute_set_general_fire_records	3k_main_skillset_generic_governor_fire	1	1.0000	true
3k_main_template_historical_deng_sheng_hero_fire	romance	3k_romance_death_distribution	3k_main_ceo_initial_data_character_historical_deng_sheng	3k_main_hero_generic_fire	0	0	3k_main_rank_effect_set_romance_base	3k_main_attribute_set_general_fire_romance	3k_main_skillset_generic_governor_fire	1	1.0000	true
3k_main_template_historical_xia_zhao_hero_metal	historical	3k_standard_death_distribution_no_infant_mortality	3k_main_ceo_initial_data_character_historical_xia_zhao	3k_main_general_generic_metal	0	0	3k_main_rank_effect_set_records_base	3k_main_attribute_set_general_metal_records	3k_main_skillset_generic_envoy_metal	1	1.0000	true
3k_main_template_historical_xia_zhao_hero_metal	romance	3k_romance_death_distribution	3k_main_ceo_initial_data_character_historical_xia_zhao	3k_main_hero_generic_metal	0	0	3k_main_rank_effect_set_romance_base	3k_main_attribute_set_general_metal_romance	3k_main_skillset_generic_envoy_metal	1	1.0000	true
3k_main_template_generated_lady_gao_zhulan_hero_metal	historical	3k_standard_death_distribution_no_infant_mortality	3k_main_ceo_initial_data_character_historical_zuozhi_zhulan	3k_main_general_generic_metal	0	0	3k_main_rank_effect_set_records_base	3k_main_attribute_set_general_metal_records	3k_main_skillset_generic_minister_metal	1	1.0000	true
3k_main_template_generated_lady_gao_zhulan_hero_metal	romance	3k_romance_death_distribution	3k_main_ceo_initial_data_character_historical_zuozhi_zhulan	3k_main_hero_generic_metal	0	0	3k_main_rank_effect_set_romance_base	3k_main_attribute_set_general_metal_romance	3k_main_skillset_generic_minister_metal	1	1.0000	true
3k_main_template_generated_lady_han_ruilan_hero_earth	historical	3k_standard_death_distribution_no_infant_mortality	3k_main_ceo_initial_data_character_historical_gu_ruilan	3k_main_general_generic_earth	0	0	3k_main_rank_effect_set_records_earth_commander	3k_main_attribute_set_general_earth_records	3k_main_skillset_generic_general_earth	1	1.0000	true
3k_main_template_generated_lady_han_ruilan_hero_earth	romance	3k_romance_death_distribution	3k_main_ceo_initial_data_character_historical_gu_ruilan	3k_main_hero_generic_earth	0	0	3k_main_rank_effect_set_romance_earth_commander	3k_main_attribute_set_general_earth_romance	3k_main_skillset_generic_general_earth	1	1.0000	true
3k_main_template_generated_lady_liu_zhi_hero_earth	historical	3k_standard_death_distribution_no_infant_mortality	3k_main_ceo_initial_data_character_historical_lian_zhi	3k_main_general_generic_earth	0	0	3k_main_rank_effect_set_records_earth_commander	3k_main_attribute_set_general_earth_records	3k_main_skillset_generic_general_earth	1	1.0000	true
3k_main_template_generated_lady_liu_zhi_hero_earth	romance	3k_romance_death_distribution	3k_main_ceo_initial_data_character_historical_lian_zhi	3k_main_hero_generic_earth	0	0	3k_main_rank_effect_set_romance_earth_commander	3k_main_attribute_set_general_earth_romance	3k_main_skillset_generic_general_earth	1	1.0000	true
3k_main_template_historical_geng_wu_hero_earth	historical	3k_standard_death_distribution_no_infant_mortality	3k_main_ceo_initial_data_character_historical_geng_wu	3k_main_general_generic_earth	0	0	3k_main_rank_effect_set_records_earth_commander	3k_main_attribute_set_general_earth_records	3k_main_skillset_generic_governor_earth	1	1.0000	true
3k_main_template_historical_geng_wu_hero_earth	romance	3k_romance_death_distribution	3k_main_ceo_initial_data_character_historical_geng_wu	3k_main_hero_generic_earth	0	0	3k_main_rank_effect_set_romance_earth_commander	3k_main_attribute_set_general_earth_romance	3k_main_skillset_generic_governor_earth	1	1.0000	true
3k_main_template_historical_tian_chou_hero_water	historical	3k_standard_death_distribution_no_infant_mortality	3k_main_ceo_initial_data_character_historical_tian_chou	3k_main_general_generic_water_strategist	0	0	3k_main_rank_effect_set_records_water_strategist	3k_main_attribute_set_general_water_records	3k_main_skillset_generic_minister_water_strategist	1	1.0000	true
3k_main_template_historical_tian_chou_hero_water	romance	3k_romance_death_distribution	3k_main_ceo_initial_data_character_historical_tian_chou	3k_main_hero_generic_water_strategist	0	0	3k_main_rank_effect_set_romance_water_strategist	3k_main_attribute_set_general_water_romance	3k_main_skillset_generic_minister_water_strategist	1	1.0000	true
3k_main_template_generated_lady_zhang_liyan_hero_earth	historical	3k_standard_death_distribution_no_infant_mortality	3k_main_ceo_initial_data_character_historical_fan_liyan	3k_main_general_generic_earth	0	0	3k_main_rank_effect_set_records_earth_commander	3k_main_attribute_set_general_earth_records	3k_main_skillset_generic_villager_earth	1	1.0000	true
3k_main_template_generated_lady_zhang_liyan_hero_earth	romance	3k_romance_death_distribution	3k_main_ceo_initial_data_character_historical_fan_liyan	3k_main_hero_generic_earth	0	0	3k_main_rank_effect_set_romance_earth_commander	3k_main_attribute_set_general_earth_romance	3k_main_skillset_generic_villager_earth	1	1.0000	true
3k_main_template_historical_wei_you_hero_water	historical	3k_standard_death_distribution_no_infant_mortality	3k_main_ceo_initial_data_character_historical_wei_you	3k_main_general_generic_water_strategist	0	0	3k_main_rank_effect_set_records_water_strategist	3k_main_attribute_set_general_water_records	3k_main_skillset_generic_general_water_strategist	1	1.0000	true
3k_main_template_historical_wei_you_hero_water	romance	3k_romance_death_distribution	3k_main_ceo_initial_data_character_historical_wei_you	3k_main_hero_generic_water_strategist	0	0	3k_main_rank_effect_set_romance_water_strategist	3k_main_attribute_set_general_water_romance	3k_main_skillset_generic_general_water_strategist	1	1.0000	true
3k_main_template_historical_liu_he_hero_water	historical	3k_standard_death_distribution_no_infant_mortality	3k_main_ceo_initial_data_character_historical_liu_he	3k_main_general_generic_water_strategist	0	0	3k_main_rank_effect_set_records_water_strategist	3k_main_attribute_set_general_water_records	3k_main_skillset_generic_agent_water_strategist	1	1.0000	true
3k_main_template_historical_liu_he_hero_water	romance	3k_romance_death_distribution	3k_main_ceo_initial_data_character_historical_liu_he	3k_main_hero_generic_water_strategist	0	0	3k_main_rank_effect_set_romance_water_strategist	3k_main_attribute_set_general_water_romance	3k_main_skillset_generic_agent_water_strategist	1	1.0000	true
3k_main_template_historical_ju_shou_hero_water	historical	3k_standard_death_distribution_no_infant_mortality	3k_main_ceo_initial_data_character_historical_ju_shou	3k_dlc07_general_water_ju_shou	0	0	3k_main_rank_effect_set_records_water_strategist	3k_main_attribute_set_general_water_records	3k_main_skillset_generic_minister_water_strategist	1	1.0000	true
3k_main_template_historical_ju_shou_hero_water	romance	3k_romance_death_distribution	3k_main_ceo_initial_data_character_historical_ju_shou	3k_dlc07_hero_water_ju_shou	0	0	3k_main_rank_effect_set_romance_water_strategist	3k_main_attribute_set_general_water_romance	3k_main_skillset_generic_minister_water_strategist	1	1.0000	true
3k_main_template_historical_guan_chun_hero_water	historical	3k_standard_death_distribution_no_infant_mortality	3k_main_ceo_initial_data_character_historical_guan_chun	3k_main_general_generic_water_strategist	0	0	3k_main_rank_effect_set_records_water_strategist	3k_main_attribute_set_general_water_records	3k_main_skillset_generic_minister_water_strategist	1	1.0000	true
3k_main_template_historical_guan_chun_hero_water	romance	3k_romance_death_distribution	3k_main_ceo_initial_data_character_historical_guan_chun	3k_main_hero_generic_water_strategist	0	0	3k_main_rank_effect_set_romance_water_strategist	3k_main_attribute_set_general_water_romance	3k_main_skillset_generic_minister_water_strategist	1	1.0000	true
3k_main_template_historical_yang_chou_hero_water	historical	3k_standard_death_distribution_no_infant_mortality	3k_main_ceo_initial_data_character_historical_yang_chou	3k_main_general_generic_water_strategist	0	0	3k_main_rank_effect_set_records_water_strategist	3k_main_attribute_set_general_water_records	3k_main_skillset_generic_agent_water_strategist	1	1.0000	true
3k_main_template_historical_yang_chou_hero_water	romance	3k_romance_death_distribution	3k_main_ceo_initial_data_character_historical_yang_chou	3k_main_hero_generic_water_strategist	0	0	3k_main_rank_effect_set_romance_water_strategist	3k_main_attribute_set_general_water_romance	3k_main_skillset_generic_agent_water_strategist	1	1.0000	true
3k_main_template_generated_lady_wang_baolan_hero_water	historical	3k_standard_death_distribution	3k_main_ceo_initial_data_character_historical_wang_baolan	3k_main_general_generic_water_strategist	0	0	3k_main_rank_effect_set_records_water_strategist	3k_main_attribute_set_general_water_records	3k_main_skillset_generic_minister_water_strategist	1	1.0000	true
3k_main_template_generated_lady_wang_baolan_hero_water	romance	3k_romance_death_distribution	3k_main_ceo_initial_data_character_historical_wang_baolan	3k_main_hero_generic_water_strategist	0	0	3k_main_rank_effect_set_romance_water_strategist	3k_main_attribute_set_general_water_romance	3k_main_skillset_generic_minister_water_strategist	1	1.0000	true
3k_main_template_generated_lady_wang_lanlan_hero_earth	historical	3k_standard_death_distribution	3k_main_ceo_initial_data_character_historical_wang_lanlan	3k_main_general_generic_earth	0	0	3k_main_rank_effect_set_records_earth_commander	3k_main_attribute_set_general_earth_records	3k_main_skillset_generic_general_earth	1	1.0000	true
3k_main_template_generated_lady_wang_lanlan_hero_earth	romance	3k_romance_death_distribution	3k_main_ceo_initial_data_character_historical_wang_lanlan	3k_main_hero_generic_earth	0	0	3k_main_rank_effect_set_romance_earth_commander	3k_main_attribute_set_general_earth_romance	3k_main_skillset_generic_general_earth	1	1.0000	true
3k_main_template_generated_lady_wang_fangyue_hero_water	historical	3k_standard_death_distribution	3k_main_ceo_initial_data_character_historical_wang_fangyue	3k_main_general_generic_water_strategist	0	0	3k_main_rank_effect_set_records_water_strategist	3k_main_attribute_set_general_water_records	3k_main_skillset_generic_minister_water_strategist	1	1.0000	true
3k_main_template_generated_lady_wang_fangyue_hero_water	romance	3k_romance_death_distribution	3k_main_ceo_initial_data_character_historical_wang_fangyue	3k_main_hero_generic_water_strategist	0	0	3k_main_rank_effect_set_romance_water_strategist	3k_main_attribute_set_general_water_romance	3k_main_skillset_generic_minister_water_strategist	1	1.0000	true
3k_main_template_historical_xianyu_fu_hero_fire	historical	3k_standard_death_distribution_no_infant_mortality	3k_main_ceo_initial_data_character_historical_xianyu_fu	3k_dlc05_general_fire_xianyu_fu	0	0	3k_main_rank_effect_set_records_base	3k_main_attribute_set_general_fire_records	3k_main_skillset_generic_minister_fire	1	1.0000	true
3k_main_template_historical_xianyu_fu_hero_fire	romance	3k_romance_death_distribution	3k_main_ceo_initial_data_character_historical_xianyu_fu	3k_dlc05_hero_fire_xianyu_fu	0	0	3k_main_rank_effect_set_romance_base	3k_main_attribute_set_general_fire_romance	3k_main_skillset_generic_minister_fire	1	1.0000	true
3k_main_template_historical_xianyu_yin_hero_wood	historical	3k_standard_death_distribution_no_infant_mortality	3k_main_ceo_initial_data_character_historical_xianyu_yin	3k_main_general_tier_2_wood	0	0	3k_main_rank_effect_set_records_base	3k_main_attribute_set_general_wood_records	3k_main_skillset_generic_general_wood	1	1.0000	true
3k_main_template_historical_xianyu_yin_hero_wood	romance	3k_romance_death_distribution	3k_main_ceo_initial_data_character_historical_xianyu_yin	3k_main_hero_tier_2_wood	0	0	3k_main_rank_effect_set_romance_base	3k_main_attribute_set_general_wood_romance	3k_main_skillset_generic_general_wood	1	1.0000	true
3k_main_template_generated_han_tong_hero_wood	historical	3k_standard_death_distribution	3k_main_ceo_initial_data_character_historical_han_tong	3k_main_general_generic_wood	0	0	3k_main_rank_effect_set_records_base	3k_main_attribute_set_general_wood_records	3k_main_skillset_generic_minister_wood	1	1.0000	true
3k_main_template_generated_han_tong_hero_wood	romance	3k_romance_death_distribution	3k_main_ceo_initial_data_character_historical_han_tong	3k_main_hero_generic_wood	0	0	3k_main_rank_effect_set_romance_base	3k_main_attribute_set_general_wood_romance	3k_main_skillset_generic_minister_wood	1	0.9900	true
3k_main_template_historical_sui_gu_hero_metal	historical	3k_standard_death_distribution_no_infant_mortality	3k_main_ceo_initial_data_character_historical_sui_gu	3k_main_general_generic_metal	0	0	3k_main_rank_effect_set_records_base	3k_main_attribute_set_general_metal_records	3k_dlc05_skillset_generic_bandit_governor_metal	1	1.0000	true
3k_main_template_historical_sui_gu_hero_metal	romance	3k_romance_death_distribution	3k_main_ceo_initial_data_character_historical_sui_gu	3k_main_hero_generic_metal	0	0	3k_main_rank_effect_set_romance_base	3k_main_attribute_set_general_metal_romance	3k_dlc05_skillset_generic_bandit_governor_metal	1	1.0000	true
3k_main_template_historical_xin_ping_hero_wood	historical	3k_standard_death_distribution_no_infant_mortality	3k_main_ceo_initial_data_character_historical_xin_ping	3k_main_general_generic_wood	0	0	3k_main_rank_effect_set_records_base	3k_main_attribute_set_general_wood_records	3k_main_skillset_generic_governor_wood	1	1.0000	true
3k_main_template_historical_xin_ping_hero_wood	romance	3k_romance_death_distribution	3k_main_ceo_initial_data_character_historical_xin_ping	3k_main_hero_generic_wood	0	0	3k_main_rank_effect_set_romance_base	3k_main_attribute_set_general_wood_romance	3k_main_skillset_generic_governor_wood	1	1.0000	true
3k_main_template_historical_gongsun_gong_hero_earth	historical	3k_standard_death_distribution_no_infant_mortality	3k_main_ceo_initial_data_character_historical_gongsun_gong	3k_main_general_generic_earth	0	0	3k_main_rank_effect_set_records_earth_commander	3k_main_attribute_set_general_earth_records	3k_main_skillset_generic_general_earth	1	1.0000	true
3k_main_template_historical_gongsun_gong_hero_earth	romance	3k_romance_death_distribution	3k_main_ceo_initial_data_character_historical_gongsun_gong	3k_main_hero_generic_earth	0	0	3k_main_rank_effect_set_romance_earth_commander	3k_main_attribute_set_general_earth_romance	3k_main_skillset_generic_general_earth	1	1.0000	true
3k_main_template_historical_gongsun_kang_hero_earth	historical	3k_standard_death_distribution_no_infant_mortality	3k_main_ceo_initial_data_character_historical_gongsun_kang	3k_main_general_generic_earth	0	0	3k_main_rank_effect_set_records_earth_commander	3k_main_attribute_set_general_earth_records	ironic_skillset_gongsun_kang	1	1.0000	true
3k_main_template_historical_gongsun_kang_hero_earth	romance	3k_romance_death_distribution	3k_main_ceo_initial_data_character_historical_gongsun_kang	3k_main_hero_generic_earth	0	0	3k_main_rank_effect_set_romance_earth_commander	3k_main_attribute_set_general_earth_romance	ironic_skillset_gongsun_kang	1	1.0000	true
3k_main_template_generated_lady_gongsun_tingping_hero_metal	historical	3k_standard_death_distribution_no_infant_mortality	3k_main_ceo_initial_data_character_historical_nie_tingping	3k_main_general_generic_metal	0	0	3k_main_rank_effect_set_records_base	3k_main_attribute_set_general_metal_records	3k_main_skillset_generic_villager_metal	1	1.0000	true
3k_main_template_generated_lady_gongsun_tingping_hero_metal	romance	3k_romance_death_distribution	3k_main_ceo_initial_data_character_historical_nie_tingping	3k_main_hero_generic_metal	0	0	3k_main_rank_effect_set_romance_base	3k_main_attribute_set_general_metal_romance	3k_main_skillset_generic_villager_metal	1	1.0000	true
3k_main_template_historical_liang_mao_hero_water	historical	3k_standard_death_distribution_no_infant_mortality	3k_main_ceo_initial_data_character_historical_liang_mao	3k_main_general_generic_water_strategist	0	0	3k_main_rank_effect_set_records_water_strategist	3k_main_attribute_set_general_water_records	3k_main_skillset_generic_agent_water_strategist	1	1.0000	true
3k_main_template_historical_liang_mao_hero_water	romance	3k_romance_death_distribution	3k_main_ceo_initial_data_character_historical_liang_mao	3k_main_hero_generic_water_strategist	0	0	3k_main_rank_effect_set_romance_water_strategist	3k_main_attribute_set_general_water_romance	3k_main_skillset_generic_agent_water_strategist	1	1.0000	true
3k_main_template_historical_yan_gang_hero_metal	historical	3k_standard_death_distribution_no_infant_mortality	3k_main_ceo_initial_data_character_historical_yan_gang	3k_main_general_generic_fire	0	0	3k_main_rank_effect_set_records_base	3k_main_attribute_set_general_fire_records	3k_main_skillset_generic_general_fire	1	1.0000	true
3k_main_template_historical_yan_gang_hero_metal	romance	3k_romance_death_distribution	3k_main_ceo_initial_data_character_historical_yan_gang	3k_main_hero_generic_fire	0	0	3k_main_rank_effect_set_romance_base	3k_main_attribute_set_general_fire_romance	3k_main_skillset_generic_general_fire	1	1.0000	true
3k_main_template_historical_lady_liu_limin_hero_earth	historical	3k_standard_death_distribution_no_infant_mortality	3k_main_ceo_initial_data_character_historical_lady_liu	3k_main_general_generic_earth	0	0	3k_main_rank_effect_set_records_earth_commander	3k_main_attribute_set_general_earth_records	3k_main_skillset_generic_minister_earth	1	1.0000	true
3k_main_template_historical_lady_liu_limin_hero_earth	romance	3k_romance_death_distribution	3k_main_ceo_initial_data_character_historical_lady_liu	3k_main_hero_generic_earth	0	0	3k_main_rank_effect_set_romance_earth_commander	3k_main_attribute_set_general_earth_romance	3k_main_skillset_generic_minister_earth	1	1.0000	true
3k_main_template_historical_yuan_xi_hero_earth	historical	3k_standard_death_distribution_no_infant_mortality	3k_main_ceo_initial_data_character_historical_yuan_xi	3k_main_general_generic_earth	0	0	3k_main_rank_effect_set_records_earth_commander	3k_main_attribute_set_general_earth_records	3k_main_skillset_historical_yuan_generic_earth	1	1.0000	true
3k_main_template_historical_yuan_xi_hero_earth	romance	3k_romance_death_distribution	3k_main_ceo_initial_data_character_historical_yuan_xi	3k_main_hero_generic_earth	0	0	3k_main_rank_effect_set_romance_earth_commander	3k_main_attribute_set_general_earth_romance	3k_main_skillset_historical_yuan_generic_earth	1	1.0000	true
3k_main_template_historical_xu_you_hero_water	historical	3k_standard_death_distribution_no_infant_mortality	3k_dlc05_ceo_initial_data_character_historical_xu_you	3k_dlc07_general_water_xu_you	0	0	3k_main_rank_effect_set_records_water_strategist	3k_main_attribute_set_general_water_records	3k_main_skillset_generic_minister_water_strategist	1	1.0000	true
3k_main_template_historical_xu_you_hero_water	romance	3k_romance_death_distribution	3k_dlc05_ceo_initial_data_character_historical_xu_you	3k_dlc07_hero_water_xu_you	0	0	3k_main_rank_effect_set_romance_water_strategist	3k_main_attribute_set_general_water_romance	3k_main_skillset_generic_minister_water_strategist	1	1.0000	true
3k_main_template_historical_huanglong_hero_fire	historical	3k_standard_death_distribution_no_infant_mortality	3k_main_ceo_initial_data_character_historical_huanglong	3k_dlc05_bandit_general_generic_fire	0	0	3k_main_rank_effect_set_records_base	3k_main_attribute_set_general_fire_records	3k_dlc05_skillset_generic_bandit_general_fire	1	1.0000	true
3k_main_template_historical_huanglong_hero_fire	romance	3k_romance_death_distribution	3k_main_ceo_initial_data_character_historical_huanglong	3k_dlc05_bandit_hero_generic_fire	0	0	3k_main_rank_effect_set_romance_base	3k_main_attribute_set_general_fire_romance	3k_dlc05_skillset_generic_bandit_general_fire	1	1.0000	true
3k_main_template_historical_cui_jun_hero_metal	historical	3k_standard_death_distribution_no_infant_mortality	3k_main_ceo_initial_data_character_historical_cui_jun	3k_main_general_metal_cui_jun	0	0	3k_main_rank_effect_set_records_base	3k_main_attribute_set_general_metal_records	3k_main_skillset_generic_general_metal	1	1.0000	true
3k_main_template_historical_cui_jun_hero_metal	romance	3k_romance_death_distribution	3k_main_ceo_initial_data_character_historical_cui_jun	3k_main_hero_metal_cui_jun	0	0	3k_main_rank_effect_set_romance_base	3k_main_attribute_set_general_metal_romance	3k_main_skillset_generic_general_metal	1	1.0000	true
3k_main_template_historical_wang_dang_hero_water	historical	3k_standard_death_distribution_no_infant_mortality	3k_main_ceo_initial_data_character_historical_wang_dang	3k_dlc05_bandit_general_generic_water	0	0	3k_main_rank_effect_set_records_water_strategist	3k_main_attribute_set_general_water_records	3k_dlc05_skillset_generic_bandit_general_water_strategist	1	1.0000	true
3k_main_template_historical_wang_dang_hero_water	romance	3k_romance_death_distribution	3k_main_ceo_initial_data_character_historical_wang_dang	3k_dlc05_bandit_hero_generic_water	0	0	3k_main_rank_effect_set_romance_water_strategist	3k_main_attribute_set_general_water_romance	3k_dlc05_skillset_generic_bandit_general_water_strategist	1	1.0000	true
3k_main_template_historical_li_damu_hero_wood	historical	3k_standard_death_distribution_no_infant_mortality	3k_main_ceo_initial_data_character_historical_li_damu	3k_dlc05_bandit_general_generic_wood	0	0	3k_main_rank_effect_set_records_base	3k_main_attribute_set_general_wood_records	3k_dlc05_skillset_generic_bandit_envoy_wood	1	1.0000	true
3k_main_template_historical_li_damu_hero_wood	romance	3k_romance_death_distribution	3k_main_ceo_initial_data_character_historical_li_damu	3k_dlc05_bandit_hero_generic_wood	0	0	3k_main_rank_effect_set_romance_base	3k_main_attribute_set_general_wood_romance	3k_dlc05_skillset_generic_bandit_envoy_wood	1	1.0000	true
3k_main_template_historical_yu_du_hero_fire	historical	3k_standard_death_distribution_no_infant_mortality	3k_main_ceo_initial_data_character_historical_yu_du	3k_dlc05_bandit_general_generic_fire	0	0	3k_main_rank_effect_set_records_base	3k_main_attribute_set_general_fire_records	3k_dlc05_skillset_generic_bandit_minister_fire	1	1.0000	true
3k_main_template_historical_yu_du_hero_fire	romance	3k_romance_death_distribution	3k_main_ceo_initial_data_character_historical_yu_du	3k_dlc05_bandit_hero_generic_fire	0	0	3k_main_rank_effect_set_romance_base	3k_main_attribute_set_general_fire_romance	3k_dlc05_skillset_generic_bandit_minister_fire	1	1.0000	true
3k_main_template_historical_yang_biao_hero_water	historical	3k_standard_death_distribution_no_infant_mortality	3k_main_ceo_initial_data_character_historical_yang_biao	3k_main_general_generic_fire	0	0	3k_main_rank_effect_set_records_base	3k_main_attribute_set_general_fire_records	3k_main_skillset_generic_envoy_fire	1	1.0000	true
3k_main_template_historical_yang_biao_hero_water	romance	3k_romance_death_distribution	3k_main_ceo_initial_data_character_historical_yang_biao	3k_main_hero_generic_fire	0	0	3k_main_rank_effect_set_romance_base	3k_main_attribute_set_general_fire_romance	3k_main_skillset_generic_envoy_fire	1	1.0000	true
3k_main_template_historical_deng_yuan_hero_earth	historical	3k_standard_death_distribution_no_infant_mortality	3k_main_ceo_initial_data_character_historical_deng_yuan	3k_main_general_earth_deng_yuan	0	0	3k_main_rank_effect_set_records_earth_commander	3k_main_attribute_set_general_earth_records	3k_main_skillset_generic_envoy_earth	1	1.0000	true
3k_main_template_historical_deng_yuan_hero_earth	romance	3k_romance_death_distribution	3k_main_ceo_initial_data_character_historical_deng_yuan	3k_main_hero_earth_deng_yuan	0	0	3k_main_rank_effect_set_romance_earth_commander	3k_main_attribute_set_general_earth_romance	3k_main_skillset_generic_envoy_earth	1	1.0000	true
3k_main_template_historical_gongsun_yuan_hero_fire	historical	3k_standard_death_distribution_no_infant_mortality	3k_main_ceo_initial_data_character_historical_gongsun_yuan	3k_main_general_generic_fire	2	4	3k_main_rank_effect_set_records_base	3k_main_attribute_set_general_fire_records	3k_main_skillset_gongsun_yuan_minister_fire	1	1.0000	true
3k_main_template_historical_gongsun_yuan_hero_fire	romance	3k_romance_death_distribution	3k_main_ceo_initial_data_character_historical_gongsun_yuan	3k_main_hero_generic_fire	2	4	3k_main_rank_effect_set_romance_base	3k_main_attribute_set_general_fire_romance	3k_main_skillset_gongsun_yuan_minister_fire	1	1.0000	true
3k_main_template_historical_yan_rou_hero_fire	historical	3k_standard_death_distribution_no_infant_mortality	3k_main_ceo_initial_data_character_historical_yan_rou	3k_main_general_generic_fire	0	0	3k_main_rank_effect_set_records_base	3k_main_attribute_set_general_fire_records	3k_main_skillset_wuhuan_general_fire	1	1.0000	true
3k_main_template_historical_yan_rou_hero_fire	romance	3k_romance_death_distribution	3k_main_ceo_initial_data_character_historical_yan_rou	3k_main_hero_generic_fire	0	0	3k_main_rank_effect_set_romance_base	3k_main_attribute_set_general_fire_romance	3k_main_skillset_wuhuan_general_fire	1	1.0000	true
3k_main_template_generated_lady_zhang_shangxiu_hero_water	historical	3k_standard_death_distribution	3k_main_ceo_initial_data_character_historical_lady_zhang_shangxiu	3k_main_general_generic_water_strategist	0	0	3k_main_rank_effect_set_records_water_strategist	3k_main_attribute_set_general_water_records	3k_main_skillset_generic_minister_water_strategist	1	1.0000	true
3k_main_template_generated_lady_zhang_shangxiu_hero_water	romance	3k_romance_death_distribution	3k_main_ceo_initial_data_character_historical_lady_zhang_shangxiu	3k_main_hero_generic_water_strategist	0	0	3k_main_rank_effect_set_romance_water_strategist	3k_main_attribute_set_general_water_romance	3k_main_skillset_generic_minister_water_strategist	1	1.0000	true
3k_main_template_generated_lady_zhang_xiangyang_hero_metal	historical	3k_standard_death_distribution	3k_main_ceo_initial_data_character_historical_lady_zhang_xiangyang	3k_main_general_generic_metal	0	0	3k_main_rank_effect_set_records_base	3k_main_attribute_set_general_metal_records	3k_main_skillset_generic_agent_metal	1	1.0000	true
3k_main_template_generated_lady_zhang_xiangyang_hero_metal	romance	3k_romance_death_distribution	3k_main_ceo_initial_data_character_historical_lady_zhang_xiangyang	3k_main_hero_generic_metal	0	0	3k_main_rank_effect_set_romance_base	3k_main_attribute_set_general_metal_romance	3k_main_skillset_generic_agent_metal	1	1.0000	true
3k_main_template_generated_lady_zhang_yanyan_hero_earth	historical	3k_standard_death_distribution	3k_main_ceo_initial_data_character_historical_zhang_yanyan	3k_main_general_generic_earth	0	0	3k_main_rank_effect_set_records_earth_commander	3k_main_attribute_set_general_earth_records	3k_main_skillset_generic_envoy_earth	1	1.0000	true
3k_main_template_generated_lady_zhang_yanyan_hero_earth	romance	3k_romance_death_distribution	3k_main_ceo_initial_data_character_historical_zhang_yanyan	3k_main_hero_generic_earth	0	0	3k_main_rank_effect_set_romance_earth_commander	3k_main_attribute_set_general_earth_romance	3k_main_skillset_generic_envoy_earth	1	1.0000	true
3k_main_template_historical_niu_fu_hero_fire	historical	3k_standard_death_distribution_no_infant_mortality	3k_main_ceo_initial_data_character_historical_niu_fu	3k_main_general_generic_fire	0	0	3k_main_rank_effect_set_records_base	3k_main_attribute_set_general_fire_records	3k_main_skillset_niu_fu_general_fire	1	1.0000	true
3k_main_template_historical_niu_fu_hero_fire	romance	3k_romance_death_distribution	3k_main_ceo_initial_data_character_historical_niu_fu	3k_main_hero_generic_fire	0	0	3k_main_rank_effect_set_romance_base	3k_main_attribute_set_general_fire_romance	3k_main_skillset_niu_fu_general_fire	1	1.0000	true
3k_dlc05_template_historical_lady_yan_hero_earth	historical	3k_romance_death_distribution	3k_main_ceo_initial_data_character_historical_lady_yan	3k_main_general_generic_earth	0	1	3k_main_rank_effect_set_records_base	3k_main_attribute_set_general_earth_records	3k_main_skillset_lady_yan_agent_earth	1	1.0000	true
3k_dlc05_template_historical_lady_yan_hero_earth	romance	3k_romance_death_distribution	3k_main_ceo_initial_data_character_historical_lady_yan	3k_main_hero_generic_earth	0	1	3k_main_rank_effect_set_romance_base	3k_main_attribute_set_general_earth_romance	3k_main_skillset_lady_yan_agent_earth	1	1.0000	true
3k_main_template_historical_xu_rong_hero_fire	historical	3k_standard_death_distribution_no_infant_mortality	3k_main_ceo_initial_data_character_historical_xu_rong	3k_main_general_generic_wood	0	0	3k_main_rank_effect_set_records_base	3k_main_attribute_set_general_wood_records	3k_main_skillset_generic_general_wood	1	1.0000	true
3k_main_template_historical_xu_rong_hero_fire	romance	3k_romance_death_distribution	3k_main_ceo_initial_data_character_historical_xu_rong	3k_main_hero_generic_wood	0	0	3k_main_rank_effect_set_romance_base	3k_main_attribute_set_general_wood_romance	3k_main_skillset_generic_general_wood	1	1.0000	true
3k_main_template_historical_zhang_ji_dong_zhou_hero_earth	historical	3k_standard_death_distribution_no_infant_mortality	3k_main_ceo_initial_data_character_historical_zhang_ji_dong	3k_main_general_generic_earth	0	0	3k_main_rank_effect_set_records_earth_commander	3k_main_attribute_set_general_earth_records	3k_main_skillset_zhang_ji_general_earth	1	1.0000	true
3k_main_template_historical_zhang_ji_dong_zhou_hero_earth	romance	3k_romance_death_distribution	3k_main_ceo_initial_data_character_historical_zhang_ji_dong	3k_main_hero_generic_earth	0	0	3k_main_rank_effect_set_romance_earth_commander	3k_main_attribute_set_general_earth_romance	3k_main_skillset_zhang_ji_general_earth	1	1.0000	true
3k_main_template_historical_qin_yilu_hero_fire	historical	3k_standard_death_distribution_no_infant_mortality	3k_main_ceo_initial_data_character_historical_qin_yilu	3k_main_general_generic_fire	0	3	3k_main_rank_effect_set_records_base	3k_main_attribute_set_general_fire_records	3k_main_skillset_generic_general_fire	1	1.0000	true
3k_main_template_historical_qin_yilu_hero_fire	romance	3k_romance_death_distribution	3k_main_ceo_initial_data_character_historical_qin_yilu	3k_main_hero_generic_fire	0	3	3k_main_rank_effect_set_romance_base	3k_main_attribute_set_general_fire_romance	3k_main_skillset_generic_general_fire	1	1.0000	true
3k_main_template_generated_lady_dong_li_hero_metal	historical	3k_standard_death_distribution	3k_main_ceo_initial_data_character_historical_dong_li	3k_main_general_generic_metal	0	0	3k_main_rank_effect_set_records_base	3k_main_attribute_set_general_metal_records	3k_main_skillset_dong_li_envoy_metal	1	1.0000	true
3k_main_template_generated_lady_dong_li_hero_metal	romance	3k_romance_death_distribution	3k_main_ceo_initial_data_character_historical_dong_li	3k_main_hero_generic_metal	0	0	3k_main_rank_effect_set_romance_base	3k_main_attribute_set_general_metal_romance	3k_main_skillset_dong_li_envoy_metal	1	1.0000	true
3k_dlc05_template_historical_li_li_hero_fire	historical	3k_standard_death_distribution	3k_main_ceo_initial_data_character_historical_li_li	3k_main_general_generic_fire	0	0	3k_main_rank_effect_set_records_base	3k_main_attribute_set_general_fire_records	3k_main_skillset_generic_general_fire	1	1.0000	true
3k_dlc05_template_historical_li_li_hero_fire	romance	3k_romance_death_distribution	3k_main_ceo_initial_data_character_historical_li_li	3k_main_hero_generic_fire	0	0	3k_main_rank_effect_set_romance_base	3k_main_attribute_set_general_fire_romance	3k_main_skillset_generic_general_fire	1	1.0000	true
3k_dlc05_template_historical_li_xian_hero_metal	historical	3k_standard_death_distribution	3k_main_ceo_initial_data_character_historical_li_xian	3k_main_general_generic_metal	0	0	3k_main_rank_effect_set_records_base	3k_main_attribute_set_general_metal_records	3k_main_skillset_generic_envoy_metal	1	1.0000	true
3k_dlc05_template_historical_li_xian_hero_metal	romance	3k_romance_death_distribution	3k_main_ceo_initial_data_character_historical_li_xian	3k_main_hero_generic_metal	0	0	3k_main_rank_effect_set_romance_base	3k_main_attribute_set_general_metal_romance	3k_main_skillset_generic_envoy_metal	1	1.0000	true
3k_dlc05_template_historical_li_ying_hero_water	historical	3k_standard_death_distribution	3k_main_ceo_initial_data_character_historical_li_ying	3k_main_general_generic_water_strategist	0	0	3k_main_rank_effect_set_records_water_strategist	3k_main_attribute_set_general_water_records	3k_main_skillset_generic_governor_water_strategist	1	1.0000	true
3k_dlc05_template_historical_li_ying_hero_water	romance	3k_romance_death_distribution	3k_main_ceo_initial_data_character_historical_li_ying	3k_main_hero_generic_water_strategist	0	0	3k_main_rank_effect_set_romance_water_strategist	3k_main_attribute_set_general_water_romance	3k_main_skillset_generic_governor_water_strategist	1	1.0000	true
3k_main_template_historical_fan_chou_hero_fire	historical	3k_standard_death_distribution_no_infant_mortality	3k_main_ceo_initial_data_character_historical_fan_chou	3k_main_general_generic_fire	0	3	3k_main_rank_effect_set_records_base	3k_main_attribute_set_general_fire_records	3k_main_skillset_generic_governor_fire	1	1.0000	true
3k_main_template_historical_fan_chou_hero_fire	romance	3k_romance_death_distribution	3k_main_ceo_initial_data_character_historical_fan_chou	3k_main_hero_generic_fire	0	3	3k_main_rank_effect_set_romance_base	3k_main_attribute_set_general_fire_romance	3k_main_skillset_generic_governor_fire	1	1.0000	true
ironic_template_historical_hu_zhen_hero_earth	historical	3k_romance_death_distribution	3k_main_ceo_initial_data_character_historical_hu_zhen	3k_main_general_generic_earth	0	1	3k_main_rank_effect_set_records_base	3k_main_attribute_set_general_earth_records	3k_main_skillset_generic_agent_earth	1	1.0000	true
ironic_template_historical_hu_zhen_hero_earth	romance	3k_romance_death_distribution	3k_main_ceo_initial_data_character_historical_hu_zhen	3k_main_hero_generic_earth	0	1	3k_main_rank_effect_set_romance_base	3k_main_attribute_set_general_earth_romance	3k_main_skillset_generic_agent_earth	1	1.0000	true
3k_main_template_historical_li_su_hero_fire	historical	3k_standard_death_distribution_no_infant_mortality	3k_main_ceo_initial_data_character_historical_li_su	3k_main_general_generic_fire	0	3	3k_main_rank_effect_set_records_base	3k_main_attribute_set_general_fire_records	3k_main_skillset_generic_agent_fire	1	1.0000	true
3k_main_template_historical_li_su_hero_fire	romance	3k_romance_death_distribution	3k_main_ceo_initial_data_character_historical_li_su	3k_main_hero_generic_fire	0	3	3k_main_rank_effect_set_romance_base	3k_main_attribute_set_general_fire_romance	3k_main_skillset_generic_agent_fire	1	1.0000	true
ironic_template_historical_huche_er_hero_wood	historical	3k_standard_death_distribution_no_infant_mortality	3k_main_ceo_initial_data_character_historical_huche_er	3k_main_general_generic_wood	0	0	3k_main_rank_effect_set_records_base	3k_main_attribute_set_general_wood_records	3k_main_skillset_generic_general_wood	1	1.0000	true
ironic_template_historical_huche_er_hero_wood	romance	3k_romance_death_distribution	3k_main_ceo_initial_data_character_historical_huche_er	3k_main_hero_generic_wood	0	0	3k_main_rank_effect_set_romance_base	3k_main_attribute_set_general_wood_romance	3k_main_skillset_generic_general_wood	1	1.0000	true
ironic_template_historical_wang_feng_hero_water	historical	3k_standard_death_distribution	3k_main_ceo_initial_data_character_historical_wang_feng	3k_main_general_generic_water_strategist	0	0	3k_main_rank_effect_set_records_water_strategist	3k_main_attribute_set_general_water_records	3k_main_skillset_generic_governor_water_strategist	1	1.0000	true
ironic_template_historical_wang_feng_hero_water	romance	3k_romance_death_distribution	3k_main_ceo_initial_data_character_historical_wang_feng	3k_main_hero_generic_water_strategist	0	0	3k_main_rank_effect_set_romance_water_strategist	3k_main_attribute_set_general_water_romance	3k_main_skillset_generic_governor_water_strategist	1	1.0000	true
3k_main_template_historical_ma_xiu_hero_fire	historical	3k_standard_death_distribution_no_infant_mortality	3k_ironic_ceo_initial_data_character_historical_ma_xiu	3k_main_general_generic_fire	0	0	3k_main_rank_effect_set_records_base	3k_main_attribute_set_general_fire_records	3k_main_skillset_generic_governor_fire	1	1.0000	true
3k_main_template_historical_ma_xiu_hero_fire	romance	3k_romance_death_distribution	3k_ironic_ceo_initial_data_character_historical_ma_xiu	3k_main_hero_generic_fire	0	0	3k_main_rank_effect_set_romance_base	3k_main_attribute_set_general_fire_romance	3k_main_skillset_generic_governor_fire	1	1.0000	true
3k_main_template_historical_fu_gan_hero_water	historical	3k_standard_death_distribution_no_infant_mortality	3k_ironic_ceo_initial_data_character_historical_fu_gan	3k_main_general_generic_water_strategist	0	0	3k_main_rank_effect_set_records_water_strategist	3k_main_attribute_set_general_water_records	3k_main_skillset_generic_minister_water_strategist	1	1.0000	true
3k_main_template_historical_fu_gan_hero_water	romance	3k_romance_death_distribution	3k_ironic_ceo_initial_data_character_historical_fu_gan	3k_main_hero_generic_water_strategist	0	0	3k_main_rank_effect_set_romance_water_strategist	3k_main_attribute_set_general_water_romance	3k_main_skillset_generic_minister_water_strategist	1	1.0000	true
3k_main_template_historical_ma_tie_hero_fire	historical	3k_standard_death_distribution_no_infant_mortality	3k_ironic_ceo_initial_data_character_historical_ma_tie	3k_main_general_generic_fire	2	2	3k_main_rank_effect_set_records_base	3k_main_attribute_set_general_fire_records	3k_main_skillset_generic_general_fire	1	1.0000	true
3k_main_template_historical_ma_tie_hero_fire	romance	3k_romance_death_distribution	3k_ironic_ceo_initial_data_character_historical_ma_tie	3k_main_hero_generic_fire	2	2	3k_main_rank_effect_set_romance_base	3k_main_attribute_set_general_fire_romance	3k_main_skillset_generic_general_fire	1	1.0000	true
ironic_template_historical_lady_yang_hero_water	historical	3k_standard_death_distribution	3k_ironic_ceo_initial_data_character_historical_lady_yang	3k_main_general_generic_water_strategist	0	0	3k_main_rank_effect_set_records_water_strategist	3k_main_attribute_set_general_water_records	3k_main_skillset_generic_governor_water_strategist	1	1.0000	true
ironic_template_historical_lady_yang_hero_water	romance	3k_romance_death_distribution	3k_ironic_ceo_initial_data_character_historical_lady_yang	3k_main_hero_generic_water_strategist	0	0	3k_main_rank_effect_set_romance_water_strategist	3k_main_attribute_set_general_water_romance	3k_main_skillset_generic_governor_water_strategist	1	1.0000	true
3k_main_template_generated_lady_zhang_jieyan_hero_earth	historical	3k_standard_death_distribution_no_infant_mortality	3k_main_ceo_initial_data_character_historical_bi_jieyan	3k_main_general_generic_earth	0	0	3k_main_rank_effect_set_records_earth_commander	3k_main_attribute_set_general_earth_records	3k_main_skillset_generic_general_earth	1	1.0000	true
3k_main_template_generated_lady_zhang_jieyan_hero_earth	romance	3k_romance_death_distribution	3k_main_ceo_initial_data_character_historical_bi_jieyan	3k_main_hero_generic_earth	0	0	3k_main_rank_effect_set_romance_earth_commander	3k_main_attribute_set_general_earth_romance	3k_main_skillset_generic_general_earth	1	1.0000	true
3k_main_template_historical_zhang_fu_hero_wood	historical	3k_standard_death_distribution	3k_main_ceo_initial_data_character_historical_zhang_fu	3k_main_general_generic_wood	0	0	3k_main_rank_effect_set_records_base	3k_main_attribute_set_general_wood_records	3k_main_skillset_generic_minister_wood	1	1.0000	true
3k_main_template_historical_zhang_fu_hero_wood	romance	3k_romance_death_distribution	3k_main_ceo_initial_data_character_historical_zhang_fu	3k_main_hero_generic_wood	0	0	3k_main_rank_effect_set_romance_base	3k_main_attribute_set_general_wood_romance	3k_main_skillset_generic_minister_wood	1	1.0000	true
3k_main_template_historical_zhang_guang_hero_wood	historical	3k_standard_death_distribution	3k_main_ceo_initial_data_character_historical_zhang_guang	3k_main_general_generic_wood	0	0	3k_main_rank_effect_set_records_base	3k_main_attribute_set_general_wood_records	3k_main_skillset_generic_minister_wood	1	1.0000	true
3k_main_template_historical_zhang_guang_hero_wood	romance	3k_romance_death_distribution	3k_main_ceo_initial_data_character_historical_zhang_guang	3k_main_hero_generic_wood	0	0	3k_main_rank_effect_set_romance_base	3k_main_attribute_set_general_wood_romance	3k_main_skillset_generic_minister_wood	1	1.0000	true
3k_main_template_historical_yan_pu_hero_water	historical	3k_standard_death_distribution_no_infant_mortality	3k_main_ceo_initial_data_character_historical_yan_pu	3k_main_general_generic_water_strategist	0	0	3k_main_rank_effect_set_records_water_strategist	3k_main_attribute_set_general_water_records	3k_main_skillset_generic_minister_water_strategist	1	1.0000	true
3k_main_template_historical_yan_pu_hero_water	romance	3k_romance_death_distribution	3k_main_ceo_initial_data_character_historical_yan_pu	3k_main_hero_generic_water_strategist	0	0	3k_main_rank_effect_set_romance_water_strategist	3k_main_attribute_set_general_water_romance	3k_main_skillset_generic_minister_water_strategist	1	1.0000	true
3k_main_template_historical_li_xiu_hero_water	historical	3k_standard_death_distribution_no_infant_mortality	3k_main_ceo_initial_data_character_historical_li_xiu	3k_main_general_generic_water_strategist	0	0	3k_main_rank_effect_set_records_water_strategist	3k_main_attribute_set_general_water_records	3k_main_skillset_generic_minister_water_strategist	1	1.0000	true
3k_main_template_historical_li_xiu_hero_water	romance	3k_romance_death_distribution	3k_main_ceo_initial_data_character_historical_li_xiu	3k_main_hero_generic_water_strategist	0	0	3k_main_rank_effect_set_romance_water_strategist	3k_main_attribute_set_general_water_romance	3k_main_skillset_generic_minister_water_strategist	1	1.0000	true
3k_main_template_historical_yang_song_hero_earth	historical	3k_standard_death_distribution_no_infant_mortality	3k_main_ceo_initial_data_character_historical_yang_song	3k_main_general_generic_earth	0	0	3k_main_rank_effect_set_records_earth_commander	3k_main_attribute_set_general_earth_records	3k_main_skillset_generic_agent_earth	1	1.0000	true
3k_main_template_historical_yang_song_hero_earth	romance	3k_romance_death_distribution	3k_main_ceo_initial_data_character_historical_yang_song	3k_main_hero_generic_earth	0	0	3k_main_rank_effect_set_romance_earth_commander	3k_main_attribute_set_general_earth_romance	3k_main_skillset_generic_agent_earth	1	1.0000	true
3k_main_template_historical_yang_ren_hero_fire	historical	3k_standard_death_distribution_no_infant_mortality	3k_main_ceo_initial_data_character_historical_yang_ren	3k_main_general_generic_fire	0	3	3k_main_rank_effect_set_records_base	3k_main_attribute_set_general_fire_records	3k_main_skillset_generic_general_fire	1	1.0000	true
3k_main_template_historical_yang_ren_hero_fire	romance	3k_romance_death_distribution	3k_main_ceo_initial_data_character_historical_yang_ren	3k_main_hero_generic_fire	0	3	3k_main_rank_effect_set_romance_base	3k_main_attribute_set_general_fire_romance	3k_main_skillset_generic_general_fire	1	1.0000	true
3k_main_template_historical_yang_bo_hero_metal	historical	3k_standard_death_distribution_no_infant_mortality	3k_main_ceo_initial_data_character_historical_yang_bo	3k_main_general_generic_metal	0	0	3k_main_rank_effect_set_records_base	3k_main_attribute_set_general_metal_records	3k_main_skillset_generic_governor_metal	1	1.0000	true
3k_main_template_historical_yang_bo_hero_metal	romance	3k_romance_death_distribution	3k_main_ceo_initial_data_character_historical_yang_bo	3k_main_hero_generic_metal	0	0	3k_main_rank_effect_set_romance_base	3k_main_attribute_set_general_metal_romance	3k_main_skillset_generic_governor_metal	1	1.0000	true
3k_main_template_historical_wu_yi_hero_fire	historical	3k_standard_death_distribution_no_infant_mortality	3k_main_ceo_initial_data_character_historical_wu_yi	3k_main_general_generic_fire	0	3	3k_main_rank_effect_set_records_base	3k_main_attribute_set_general_fire_records	3k_main_skillset_generic_governor_fire	1	1.0000	true
3k_main_template_historical_wu_yi_hero_fire	romance	3k_romance_death_distribution	3k_main_ceo_initial_data_character_historical_wu_yi	3k_main_hero_generic_fire	0	3	3k_main_rank_effect_set_romance_base	3k_main_attribute_set_general_fire_romance	3k_main_skillset_generic_governor_fire	1	1.0000	true
3k_main_template_historical_zhu_gui_hero_water	historical	3k_standard_death_distribution_no_infant_mortality	3k_main_ceo_initial_data_character_historical_zhu_gui	3k_main_general_generic_water_strategist	0	0	3k_main_rank_effect_set_records_water_strategist	3k_main_attribute_set_general_water_records	3k_main_skillset_generic_general_water_strategist	1	1.0000	true
3k_main_template_historical_zhu_gui_hero_water	romance	3k_romance_death_distribution	3k_main_ceo_initial_data_character_historical_zhu_gui	3k_main_hero_generic_water_strategist	0	0	3k_main_rank_effect_set_romance_water_strategist	3k_main_attribute_set_general_water_romance	3k_main_skillset_generic_general_water_strategist	1	1.0000	true
3k_main_template_historical_lei_tong_hero_fire	historical	3k_standard_death_distribution_no_infant_mortality	3k_main_ceo_initial_data_character_historical_lei_tong	3k_main_general_generic_fire	0	3	3k_main_rank_effect_set_records_base	3k_main_attribute_set_general_fire_records	3k_main_skillset_generic_general_fire	1	1.0000	true
3k_main_template_historical_lei_tong_hero_fire	romance	3k_romance_death_distribution	3k_main_ceo_initial_data_character_historical_lei_tong	3k_main_hero_generic_fire	0	3	3k_main_rank_effect_set_romance_base	3k_main_attribute_set_general_fire_romance	3k_main_skillset_generic_general_fire	1	1.0000	true
3k_dlc07_template_generated_lady_liu_zhang_water	historical	3k_standard_death_distribution_no_infant_mortality	3k_main_ceo_initial_data_character_historical_lady_liu_zhang	3k_main_general_generic_water_strategist	1	1	3k_main_rank_effect_set_records_water_strategist	3k_main_attribute_set_general_water_records	3k_main_skillset_generic_envoy_water_strategist	1	0.0500	true
3k_dlc07_template_generated_lady_liu_zhang_water	romance	3k_romance_death_distribution	3k_main_ceo_initial_data_character_historical_lady_liu_zhang	3k_main_hero_generic_water_strategist	1	1	3k_main_rank_effect_set_romance_water_strategist	3k_main_attribute_set_general_water_romance	3k_main_skillset_generic_envoy_water_strategist	1	0.0500	true
3k_main_template_generated_lady_liu_mengan_hero_water	historical	3k_standard_death_distribution_no_infant_mortality	3k_main_ceo_initial_data_character_historical_lady_liu_mengan	3k_main_general_generic_water_strategist	0	0	3k_main_rank_effect_set_records_water_strategist	3k_main_attribute_set_general_water_records	3k_main_skillset_generic_general_water_strategist	1	1.0000	true
3k_main_template_generated_lady_liu_mengan_hero_water	romance	3k_romance_death_distribution	3k_main_ceo_initial_data_character_historical_lady_liu_mengan	3k_main_hero_generic_water_strategist	0	0	3k_main_rank_effect_set_romance_water_strategist	3k_main_attribute_set_general_water_romance	3k_main_skillset_generic_general_water_strategist	1	1.0000	true
3k_dlc07_template_historical_liu_mao_hero_water	historical	3k_standard_death_distribution	3k_main_ceo_initial_data_character_historical_liu_mao	3k_main_general_generic_water_strategist	0	3	3k_main_rank_effect_set_records_water_strategist	3k_main_attribute_set_general_water_records	3k_main_skillset_generic_envoy_water_strategist	1	1.0000	true
3k_dlc07_template_historical_liu_mao_hero_water	romance	3k_romance_death_distribution	3k_main_ceo_initial_data_character_historical_liu_mao	3k_main_hero_generic_water_strategist	0	3	3k_main_rank_effect_set_romance_water_strategist	3k_main_attribute_set_general_water_romance	3k_main_skillset_generic_envoy_water_strategist	1	1.0000	true
3k_main_template_historical_zhang_ren_hero_fire	historical	3k_standard_death_distribution_no_infant_mortality	3k_main_ceo_initial_data_character_historical_zhang_ren	3k_main_general_generic_fire	0	3	3k_main_rank_effect_set_records_base	3k_main_attribute_set_general_fire_records	3k_main_skillset_zhang_ren_general_fire	1	1.0000	true
3k_main_template_historical_zhang_ren_hero_fire	romance	3k_romance_death_distribution	3k_main_ceo_initial_data_character_historical_zhang_ren	3k_main_hero_generic_fire	0	3	3k_main_rank_effect_set_romance_base	3k_main_attribute_set_general_fire_romance	3k_main_skillset_zhang_ren_general_fire	1	1.0000	true
3k_main_template_historical_huang_quan_hero_fire	historical	3k_standard_death_distribution_no_infant_mortality	3k_main_ceo_initial_data_character_historical_huang_quan	3k_main_general_generic_fire	0	3	3k_main_rank_effect_set_records_base	3k_main_attribute_set_general_fire_records	3k_main_skillset_generic_agent_fire	1	1.0000	true
3k_main_template_historical_huang_quan_hero_fire	romance	3k_romance_death_distribution	3k_main_ceo_initial_data_character_historical_huang_quan	3k_main_hero_generic_fire	0	3	3k_main_rank_effect_set_romance_base	3k_main_attribute_set_general_fire_romance	3k_main_skillset_generic_agent_fire	1	1.0000	true
3k_main_template_historical_peng_yang_hero_water	historical	3k_standard_death_distribution_no_infant_mortality	3k_main_ceo_initial_data_character_historical_peng_yang	3k_main_general_generic_water_strategist	0	3	3k_main_rank_effect_set_records_water_strategist	3k_main_attribute_set_general_water_records	3k_main_skillset_generic_governor_water_strategist	1	1.0000	true
3k_main_template_historical_peng_yang_hero_water	romance	3k_romance_death_distribution	3k_main_ceo_initial_data_character_historical_peng_yang	3k_main_hero_generic_water_strategist	0	3	3k_main_rank_effect_set_romance_water_strategist	3k_main_attribute_set_general_water_romance	3k_main_skillset_generic_governor_water_strategist	1	1.0000	true
3k_dlc07_template_generated_liu_xun_metal	historical	3k_standard_death_distribution_no_infant_mortality	3k_main_ceo_initial_data_character_historical_liu_xun	3k_main_general_generic_metal	1	1	3k_main_rank_effect_set_records_base	3k_main_attribute_set_general_metal_records	3k_main_skillset_generic_general_metal	1	0.0500	true
3k_dlc07_template_generated_liu_xun_metal	romance	3k_romance_death_distribution	3k_main_ceo_initial_data_character_historical_liu_xun	3k_main_hero_generic_metal	1	1	3k_main_rank_effect_set_romance_base	3k_main_attribute_set_general_metal_romance	3k_main_skillset_generic_general_metal	1	0.0500	true
3k_dlc07_template_historical_liu_fan_hero_earth	historical	3k_standard_death_distribution	3k_main_ceo_initial_data_character_historical_liu_fan	3k_main_general_generic_earth	0	3	3k_main_rank_effect_set_records_earth_commander	3k_main_attribute_set_general_earth_records	3k_main_skillset_generic_general_earth	1	1.0000	true
3k_dlc07_template_historical_liu_fan_hero_earth	romance	3k_romance_death_distribution	3k_main_ceo_initial_data_character_historical_liu_fan	3k_main_hero_generic_earth	0	3	3k_main_rank_effect_set_romance_earth_commander	3k_main_attribute_set_general_earth_romance	3k_main_skillset_generic_general_earth	1	1.0000	true
3k_dlc07_template_historical_liu_dan_hero_wood	historical	3k_standard_death_distribution	3k_main_ceo_initial_data_character_historical_liu_dan	3k_main_general_generic_wood	0	3	3k_main_rank_effect_set_records_base	3k_main_attribute_set_general_wood_records	3k_main_skillset_generic_governor_wood	1	1.0000	true
3k_dlc07_template_historical_liu_dan_hero_wood	romance	3k_romance_death_distribution	3k_main_ceo_initial_data_character_historical_liu_dan	3k_main_hero_generic_wood	0	3	3k_main_rank_effect_set_romance_base	3k_main_attribute_set_general_wood_romance	3k_main_skillset_generic_governor_wood	1	1.0000	true
3k_main_template_historical_zhao_wei_hero_water	historical	3k_standard_death_distribution_no_infant_mortality	3k_main_ceo_initial_data_character_historical_zhao_wei	3k_main_general_zhao_wei_water	0	0	3k_main_rank_effect_set_records_water_strategist	3k_main_attribute_set_general_water_records	3k_main_skillset_generic_envoy_water_strategist	1	1.0000	true
3k_main_template_historical_zhao_wei_hero_water	romance	3k_romance_death_distribution	3k_main_ceo_initial_data_character_historical_zhao_wei	3k_main_hero_zhao_wei_water	0	0	3k_main_rank_effect_set_romance_water_strategist	3k_main_attribute_set_general_water_romance	3k_main_skillset_generic_envoy_water_strategist	1	1.0000	true
3k_main_template_historical_chen_chao_hero_fire	historical	3k_standard_death_distribution_no_infant_mortality	3k_main_ceo_initial_data_character_historical_chen_chao	3k_main_general_generic_fire	0	0	3k_main_rank_effect_set_records_base	3k_main_attribute_set_general_fire_records	3k_main_skillset_generic_villager_fire	1	1.0000	true
3k_main_template_historical_chen_chao_hero_fire	romance	3k_romance_death_distribution	3k_main_ceo_initial_data_character_historical_chen_chao	3k_main_hero_generic_fire	0	0	3k_main_rank_effect_set_romance_base	3k_main_attribute_set_general_fire_romance	3k_main_skillset_generic_villager_fire	1	1.0000	true
3k_main_template_historical_ren_qi_hero_fire	historical	3k_standard_death_distribution_no_infant_mortality	3k_main_ceo_initial_data_character_historical_ren_qi	3k_main_general_generic_fire	0	0	3k_main_rank_effect_set_records_base	3k_main_attribute_set_general_fire_records	3k_main_skillset_generic_general_fire	1	1.0000	true
3k_main_template_historical_ren_qi_hero_fire	romance	3k_romance_death_distribution	3k_main_ceo_initial_data_character_historical_ren_qi	3k_main_hero_generic_fire	0	0	3k_main_rank_effect_set_romance_base	3k_main_attribute_set_general_fire_romance	3k_main_skillset_generic_general_fire	1	1.0000	true
3k_main_template_generated_lady_jia_minxiang_hero_earth	historical	3k_standard_death_distribution_no_infant_mortality	3k_main_ceo_initial_data_character_historical_yu_minxiang	3k_main_general_generic_earth	0	0	3k_main_rank_effect_set_records_earth_commander	3k_main_attribute_set_general_earth_records	3k_main_skillset_generic_minister_earth	1	1.0000	true
3k_main_template_generated_lady_jia_minxiang_hero_earth	romance	3k_romance_death_distribution	3k_main_ceo_initial_data_character_historical_yu_minxiang	3k_main_hero_generic_earth	0	0	3k_main_rank_effect_set_romance_earth_commander	3k_main_attribute_set_general_earth_romance	3k_main_skillset_generic_minister_earth	1	1.0000	true
3k_main_template_historical_wang_yun_hero_earth	historical	3k_standard_death_distribution_no_infant_mortality	3k_ironic_ceo_initial_data_character_historical_wang_yun	3k_main_general_earth_wang_yun	1	1	3k_main_rank_effect_set_records_earth_commander	3k_main_attribute_set_general_earth_records	3k_main_skillset_generic_governor_earth	1	1.0000	true
3k_main_template_historical_wang_yun_hero_earth	romance	3k_romance_death_distribution	3k_ironic_ceo_initial_data_character_historical_wang_yun	3k_main_hero_earth_wang_yun	1	1	3k_main_rank_effect_set_romance_earth_commander	3k_main_attribute_set_general_earth_romance	3k_main_skillset_generic_governor_earth	1	1.0000	true
3k_main_template_historical_bao_xin_hero_metal	historical	3k_standard_death_distribution_no_infant_mortality	3k_main_ceo_initial_data_character_historical_bao_xin	3k_main_general_bao_xin_metal	0	0	3k_main_rank_effect_set_records_base	3k_main_attribute_set_general_metal_records	ironic_skillset_bao_xin	1	1.0000	true
3k_main_template_historical_bao_xin_hero_metal	romance	3k_romance_death_distribution	3k_main_ceo_initial_data_character_historical_bao_xin	3k_main_hero_bao_xin_metal	0	0	3k_main_rank_effect_set_romance_base	3k_main_attribute_set_general_metal_romance	ironic_skillset_bao_xin	1	1.0000	true
3k_main_template_historical_bao_xun_hero_water	historical	3k_standard_death_distribution_no_infant_mortality	3k_main_ceo_initial_data_character_historical_bao_xun	3k_main_general_generic_water_strategist	0	3	3k_main_rank_effect_set_records_water_strategist	3k_main_attribute_set_general_water_records	3k_main_skillset_generic_envoy_water_strategist	1	1.0000	true
3k_main_template_historical_bao_xun_hero_water	romance	3k_romance_death_distribution	3k_main_ceo_initial_data_character_historical_bao_xun	3k_main_hero_generic_water_strategist	0	3	3k_main_rank_effect_set_romance_water_strategist	3k_main_attribute_set_general_water_romance	3k_main_skillset_generic_envoy_water_strategist	1	1.0000	true
3k_main_template_historical_cai_he_hero_metal	historical	3k_standard_death_distribution_no_infant_mortality	3k_main_ceo_initial_data_character_historical_cai_he	3k_main_general_generic_metal	0	0	3k_main_rank_effect_set_records_base	3k_main_attribute_set_general_metal_records	3k_main_skillset_generic_minister_metal	1	1.0000	true
3k_main_template_historical_cai_he_hero_metal	romance	3k_romance_death_distribution	3k_main_ceo_initial_data_character_historical_cai_he	3k_main_hero_generic_metal	0	0	3k_main_rank_effect_set_romance_base	3k_main_attribute_set_general_metal_romance	3k_main_skillset_generic_minister_metal	1	1.0000	true
3k_main_template_historical_cai_xun_hero_earth	historical	3k_standard_death_distribution_no_infant_mortality	3k_main_ceo_initial_data_character_historical_cai_xun	3k_main_general_generic_earth	0	0	3k_main_rank_effect_set_records_earth_commander	3k_main_attribute_set_general_earth_records	3k_main_skillset_generic_agent_earth	1	1.0000	true
3k_main_template_historical_cai_xun_hero_earth	romance	3k_romance_death_distribution	3k_main_ceo_initial_data_character_historical_cai_xun	3k_main_hero_generic_earth	0	0	3k_main_rank_effect_set_romance_earth_commander	3k_main_attribute_set_general_earth_romance	3k_main_skillset_generic_agent_earth	1	1.0000	true
ironic_template_historical_cai_yan_m_hero_earth	historical	3k_standard_death_distribution_no_infant_mortality	3k_main_ceo_initial_data_character_historical_cai_yan_m	3k_main_general_generic_water_strategist	1	1	3k_main_rank_effect_set_records_water_strategist	3k_main_attribute_set_general_water_records	3k_main_skillset_generic_envoy_water_strategist	1	0.0500	true
ironic_template_historical_cai_yan_m_hero_earth	romance	3k_romance_death_distribution	3k_main_ceo_initial_data_character_historical_cai_yan_m	3k_main_hero_generic_water_strategist	1	1	3k_main_rank_effect_set_romance_water_strategist	3k_main_attribute_set_general_water_romance	3k_main_skillset_generic_envoy_water_strategist	1	0.0500	true
ironic_template_historical_cai_zan_hero_water	historical	3k_standard_death_distribution_no_infant_mortality	3k_main_ceo_initial_data_character_historical_cai_zan	3k_main_general_generic_earth	0	0	3k_main_rank_effect_set_records_earth_commander	3k_main_attribute_set_general_earth_records	3k_main_skillset_generic_general_earth	1	1.0000	true
ironic_template_historical_cai_zan_hero_water	romance	3k_romance_death_distribution	3k_main_ceo_initial_data_character_historical_cai_zan	3k_main_hero_generic_earth	0	0	3k_main_rank_effect_set_romance_earth_commander	3k_main_attribute_set_general_earth_romance	3k_main_skillset_generic_general_earth	1	1.0000	true
3k_main_template_historical_cai_zhong_hero_wood	historical	3k_standard_death_distribution_no_infant_mortality	3k_main_ceo_initial_data_character_historical_cai_zhong	3k_main_general_generic_wood	0	0	3k_main_rank_effect_set_records_base	3k_main_attribute_set_general_wood_records	3k_main_skillset_generic_minister_wood	1	1.0000	true
3k_main_template_historical_cai_zhong_hero_wood	romance	3k_romance_death_distribution	3k_main_ceo_initial_data_character_historical_cai_zhong	3k_main_hero_generic_wood	0	0	3k_main_rank_effect_set_romance_base	3k_main_attribute_set_general_wood_romance	3k_main_skillset_generic_minister_wood	1	1.0000	true
3k_main_template_generated_lady_cai_qinting_hero_earth	historical	3k_standard_death_distribution_no_infant_mortality	3k_main_ceo_initial_data_character_historical_cang_qinting	3k_main_general_generic_earth	0	0	3k_main_rank_effect_set_records_earth_commander	3k_main_attribute_set_general_earth_records	3k_main_skillset_generic_general_earth	1	1.0000	true
3k_main_template_generated_lady_cai_qinting_hero_earth	romance	3k_romance_death_distribution	3k_main_ceo_initial_data_character_historical_cang_qinting	3k_main_hero_generic_earth	0	0	3k_main_rank_effect_set_romance_earth_commander	3k_main_attribute_set_general_earth_romance	3k_main_skillset_generic_general_earth	1	1.0000	true
3k_main_template_historical_chang_xi_hero_wood	historical	3k_standard_death_distribution_no_infant_mortality	3k_main_ceo_initial_data_character_historical_chang_xi	3k_dlc05_bandit_general_generic_wood	0	3	3k_main_rank_effect_set_records_base	3k_main_attribute_set_general_wood_records	3k_dlc05_skillset_generic_bandit_general_wood	1	1.0000	true
3k_main_template_historical_chang_xi_hero_wood	romance	3k_romance_death_distribution	3k_main_ceo_initial_data_character_historical_chang_xi	3k_dlc05_bandit_hero_generic_wood	0	3	3k_main_rank_effect_set_romance_base	3k_main_attribute_set_general_wood_romance	3k_dlc05_skillset_generic_bandit_general_wood	1	1.0000	true
3k_dlc04_template_historical_chen_deng_yuanlong_water	historical	3k_standard_death_distribution_no_infant_mortality	3k_main_ceo_initial_data_character_historical_chen_deng	3k_main_general_generic_water_strategist	0	3	3k_main_rank_effect_set_records_water_strategist	3k_main_attribute_set_general_water_records	3k_main_skillset_generic_agent_water_strategist	1	1.0000	true
3k_dlc04_template_historical_chen_deng_yuanlong_water	romance	3k_romance_death_distribution	3k_main_ceo_initial_data_character_historical_chen_deng	3k_main_hero_generic_water_strategist	0	3	3k_main_rank_effect_set_romance_water_strategist	3k_main_attribute_set_general_water_romance	3k_main_skillset_generic_agent_water_strategist	1	1.0000	true
3k_dlc04_template_historical_chen_su_water	historical	3k_standard_death_distribution_no_infant_mortality	3k_main_ceo_initial_data_character_historical_chen_su	3k_main_general_generic_water_strategist	0	3	3k_main_rank_effect_set_records_water_strategist	3k_main_attribute_set_general_water_records	3k_main_skillset_generic_general_water_strategist	1	1.0000	true
3k_dlc04_template_historical_chen_su_water	romance	3k_romance_death_distribution	3k_main_ceo_initial_data_character_historical_chen_su	3k_main_hero_generic_water_strategist	0	3	3k_main_rank_effect_set_romance_water_strategist	3k_main_attribute_set_general_water_romance	3k_main_skillset_generic_general_water_strategist	1	1.0000	true
3k_dlc_04_template_historical_chen_gui_water	historical	3k_standard_death_distribution	3k_main_ceo_initial_data_character_historical_chen_gui	3k_main_general_chen_gui_water	1	1	3k_main_rank_effect_set_records_water_strategist	3k_main_attribute_set_general_water_records	3k_main_skillset_generic_villager_water_strategist	1	1.0000	true
3k_dlc_04_template_historical_chen_gui_water	romance	3k_standard_death_distribution_no_infant_mortality	3k_main_ceo_initial_data_character_historical_chen_gui	3k_main_hero_chen_gui_water	1	1	3k_main_rank_effect_set_romance_water_strategist	3k_main_attribute_set_general_water_romance	3k_main_skillset_generic_villager_water_strategist	1	1.0000	true
ironic_template_historical_chen_ying_z_hero_fire	historical	3k_standard_death_distribution_no_infant_mortality	3k_main_ceo_initial_data_character_historical_chen_ying_z	3k_main_general_generic_fire	0	3	3k_main_rank_effect_set_records_base	3k_main_attribute_set_general_fire_records	ironic_skillset_chen_ying	1	1.0000	true
ironic_template_historical_chen_ying_z_hero_fire	romance	3k_romance_death_distribution	3k_main_ceo_initial_data_character_historical_chen_ying_z	3k_main_hero_generic_fire	0	3	3k_main_rank_effect_set_romance_base	3k_main_attribute_set_general_fire_romance	ironic_skillset_chen_ying	1	1.0000	true
3k_main_template_historical_cheng_yu_hero_water	historical	3k_standard_death_distribution_no_infant_mortality	3k_main_ceo_initial_data_character_historical_cheng_yu	3k_main_general_generic_water_strategist	0	3	3k_main_rank_effect_set_records_water_strategist	3k_main_attribute_set_general_water_records	3k_main_skillset_cheng_yu_minister_water_strategist	1	1.0000	true
3k_main_template_historical_cheng_yu_hero_water	romance	3k_romance_death_distribution	3k_main_ceo_initial_data_character_historical_cheng_yu	3k_main_hero_generic_water_strategist	0	3	3k_main_rank_effect_set_romance_water_strategist	3k_main_attribute_set_general_water_romance	3k_main_skillset_cheng_yu_minister_water_strategist	1	1.0000	true
3k_main_template_historical_cui_lie_hero_fire	historical	3k_standard_death_distribution_no_infant_mortality	3k_main_ceo_initial_data_character_historical_cui_lie	3k_main_general_generic_fire	0	0	3k_main_rank_effect_set_records_base	3k_main_attribute_set_general_fire_records	3k_main_skillset_generic_general_fire	1	1.0000	true
3k_main_template_historical_cui_lie_hero_fire	romance	3k_romance_death_distribution	3k_main_ceo_initial_data_character_historical_cui_lie	3k_main_hero_generic_fire	0	0	3k_main_rank_effect_set_romance_base	3k_main_attribute_set_general_fire_romance	3k_main_skillset_generic_general_fire	1	1.0000	true
3k_main_template_historical_huang_wan_hero_water	historical	3k_standard_death_distribution_no_infant_mortality	3k_main_ceo_initial_data_character_historical_huang_wan	3k_main_general_water_huang_wan	0	0	3k_main_rank_effect_set_records_water_strategist	3k_main_attribute_set_general_water_records	3k_main_skillset_generic_minister_water_strategist	1	1.0000	true
3k_main_template_historical_huang_wan_hero_water	romance	3k_romance_death_distribution	3k_main_ceo_initial_data_character_historical_huang_wan	3k_main_hero_water_huang_wan	0	0	3k_main_rank_effect_set_romance_water_strategist	3k_main_attribute_set_general_water_romance	3k_main_skillset_generic_minister_water_strategist	1	1.0000	true
3k_dlc05_template_historical_lady_gan_water	historical	3k_standard_death_distribution_no_infant_mortality	3k_main_ceo_initial_data_character_historical_lady_gan	3k_main_general_generic_water_strategist	0	0	3k_main_rank_effect_set_records_water_strategist	3k_main_attribute_set_general_water_records	3k_main_skillset_generic_general_water_strategist	1	1.0000	true
3k_dlc05_template_historical_lady_gan_water	romance	3k_romance_death_distribution	3k_main_ceo_initial_data_character_historical_lady_gan	3k_main_hero_generic_water_strategist	0	0	3k_main_rank_effect_set_romance_water_strategist	3k_main_attribute_set_general_water_romance	3k_main_skillset_generic_general_water_strategist	1	1.0000	true
3k_main_template_generated_lady_liu_huimin_hero_earth	historical	3k_standard_death_distribution	3k_main_ceo_initial_data_character_historical_lady_liu_huimin	3k_main_general_generic_earth	0	0	3k_main_rank_effect_set_records_earth_commander	3k_main_attribute_set_general_earth_records	3k_main_skillset_generic_envoy_earth	1	1.0000	true
3k_main_template_generated_lady_liu_huimin_hero_earth	romance	3k_romance_death_distribution	3k_main_ceo_initial_data_character_historical_lady_liu_huimin	3k_main_hero_generic_earth	0	0	3k_main_rank_effect_set_romance_earth_commander	3k_main_attribute_set_general_earth_romance	3k_main_skillset_generic_envoy_earth	1	1.0000	true
3k_main_template_generated_lady_liu_yanglan_hero_water	historical	3k_standard_death_distribution_no_infant_mortality	3k_main_ceo_initial_data_character_historical_lady_lu_yang	3k_main_general_generic_water_strategist	0	0	3k_main_rank_effect_set_records_water_strategist	3k_main_attribute_set_general_water_records	3k_main_skillset_generic_general_water_strategist	1	1.0000	true
3k_main_template_generated_lady_liu_yanglan_hero_water	romance	3k_romance_death_distribution	3k_main_ceo_initial_data_character_historical_lady_lu_yang	3k_main_hero_generic_water_strategist	0	0	3k_main_rank_effect_set_romance_water_strategist	3k_main_attribute_set_general_water_romance	3k_main_skillset_generic_general_water_strategist	1	1.0000	true
3k_main_template_generated_lady_ze_ningqin_hero_metal	historical	3k_standard_death_distribution_no_infant_mortality	3k_main_ceo_initial_data_character_historical_lady_ze_deng	3k_main_general_generic_metal	0	3	3k_main_rank_effect_set_records_base	3k_main_attribute_set_general_metal_records	3k_dlc05_skillset_generic_bandit_minister_metal	1	1.0000	true
3k_main_template_generated_lady_ze_ningqin_hero_metal	romance	3k_romance_death_distribution	3k_main_ceo_initial_data_character_historical_lady_ze_deng	3k_main_hero_generic_metal	0	3	3k_main_rank_effect_set_romance_base	3k_main_attribute_set_general_metal_romance	3k_dlc05_skillset_generic_bandit_minister_metal	1	1.0000	true
3k_main_template_generated_lady_ze_yue_hero_metal	historical	3k_romance_death_distribution	3k_main_ceo_initial_data_character_historical_ze_yue	3k_main_general_generic_metal	0	0	3k_main_rank_effect_set_records_base	3k_main_attribute_set_general_metal_records	3k_dlc05_skillset_generic_bandit_governor_metal	1	1.0000	true
3k_main_template_generated_lady_ze_yue_hero_metal	romance	3k_romance_death_distribution	3k_main_ceo_initial_data_character_historical_ze_yue	3k_main_hero_generic_metal	0	0	3k_main_rank_effect_set_romance_base	3k_main_attribute_set_general_metal_romance	3k_dlc05_skillset_generic_bandit_governor_metal	1	1.0000	true
3k_main_template_generated_ze_bu_hero_wood	historical	3k_standard_death_distribution	3k_main_ceo_initial_data_character_historical_ze_bu	3k_main_general_generic_wood	0	0	3k_main_rank_effect_set_records_base	3k_main_attribute_set_general_wood_records	3k_dlc05_skillset_generic_bandit_minister_wood	1	1.0000	true
3k_main_template_generated_ze_bu_hero_wood	romance	3k_romance_death_distribution	3k_main_ceo_initial_data_character_historical_ze_bu	3k_main_hero_generic_wood	0	0	3k_main_rank_effect_set_romance_base	3k_main_attribute_set_general_wood_romance	3k_dlc05_skillset_generic_bandit_minister_wood	1	1.0000	true
3k_main_template_generated_lady_zhang_zhumeng_hero_metal	historical	3k_standard_death_distribution_no_infant_mortality	3k_main_ceo_initial_data_character_historical_lady_zhang_zhumeng	3k_main_general_generic_metal	0	0	3k_main_rank_effect_set_records_base	3k_main_attribute_set_general_metal_records	3k_main_skillset_generic_agent_metal	1	1.0000	true
3k_main_template_generated_lady_zhang_zhumeng_hero_metal	romance	3k_romance_death_distribution	3k_main_ceo_initial_data_character_historical_lady_zhang_zhumeng	3k_main_hero_generic_metal	0	0	3k_main_rank_effect_set_romance_base	3k_main_attribute_set_general_metal_romance	3k_main_skillset_generic_agent_metal	1	1.0000	true
3k_dlc04_template_historical_lu_jun_earth	historical	3k_standard_death_distribution_no_infant_mortality	3k_main_ceo_initial_data_character_historical_lu_jun	3k_main_general_generic_earth	0	3	3k_main_rank_effect_set_records_earth_commander	3k_main_attribute_set_general_earth_records	3k_main_skillset_generic_governor_earth	1	1.0000	true
3k_dlc04_template_historical_lu_jun_earth	romance	3k_romance_death_distribution	3k_main_ceo_initial_data_character_historical_lu_jun	3k_main_hero_generic_earth	0	3	3k_main_rank_effect_set_records_earth_commander	3k_main_attribute_set_general_earth_romance	3k_main_skillset_generic_governor_earth	1	1.0000	true
3k_dlc04_template_historical_lu_shang_fire	historical	3k_standard_death_distribution_no_infant_mortality	3k_main_ceo_initial_data_character_historical_lu_shang	3k_main_general_tier_2_fire	0	3	3k_main_rank_effect_set_records_base	3k_main_attribute_set_general_fire_records	3k_main_skillset_generic_agent_fire	1	1.0000	true
3k_dlc04_template_historical_lu_shang_fire	romance	3k_romance_death_distribution	3k_main_ceo_initial_data_character_historical_lu_shang	3k_main_hero_tier_2_fire	0	3	3k_main_rank_effect_set_romance_base	3k_main_attribute_set_general_fire_romance	3k_main_skillset_generic_agent_fire	1	1.0000	true
3k_dlc04_template_historical_lu_jun_jicai_earth	historical	3k_standard_death_distribution_no_infant_mortality	3k_main_ceo_initial_data_character_historical_lu_ju	3k_main_general_generic_earth	0	3	3k_main_rank_effect_set_records_base	3k_main_attribute_set_general_earth_records	3k_main_skillset_generic_governor_earth	1	1.0000	true
3k_dlc04_template_historical_lu_jun_jicai_earth	romance	3k_romance_death_distribution	3k_main_ceo_initial_data_character_historical_lu_ju	3k_main_hero_generic_earth	0	3	3k_main_rank_effect_set_romance_base	3k_main_attribute_set_general_earth_romance	3k_main_skillset_generic_governor_earth	1	1.0000	true
3k_main_template_historical_lu_kang_hero_water	historical	3k_standard_death_distribution_no_infant_mortality	3k_main_ceo_initial_data_character_historical_lu_kang	3k_main_general_lu_kang_wood	0	0	3k_main_rank_effect_set_records_base	3k_main_attribute_set_general_wood_records	3k_main_skillset_generic_general_wood	1	1.0000	true
3k_main_template_historical_lu_kang_hero_water	romance	3k_romance_death_distribution	3k_main_ceo_initial_data_character_historical_lu_kang	3k_main_hero_lu_kang_wood	0	0	3k_main_rank_effect_set_romance_base	3k_main_attribute_set_general_wood_romance	3k_main_skillset_generic_general_wood	1	1.0000	true
3k_main_template_historical_lu_ji_hero_water	historical	3k_standard_death_distribution_no_infant_mortality	3k_main_ceo_initial_data_character_historical_lu_ji	3k_main_general_generic_water_strategist	0	3	3k_main_rank_effect_set_records_water_strategist	3k_main_attribute_set_general_water_records	3k_main_skillset_lu_ji_minister_water_strategist	1	1.0000	true
3k_main_template_historical_lu_ji_hero_water	romance	3k_romance_death_distribution	3k_main_ceo_initial_data_character_historical_lu_ji	3k_main_hero_generic_water_strategist	0	3	3k_main_rank_effect_set_romance_water_strategist	3k_main_attribute_set_general_water_romance	3k_main_skillset_lu_ji_minister_water_strategist	1	1.0000	true
3k_dlc04_template_historical_mi_fang_metal	historical	3k_standard_death_distribution_no_infant_mortality	3k_main_ceo_initial_data_character_historical_mi_fang	3k_main_general_generic_metal	0	3	3k_main_rank_effect_set_records_base	3k_main_attribute_set_general_metal_records	3k_main_skillset_generic_minister_metal	1	1.0000	true
3k_dlc04_template_historical_mi_fang_metal	romance	3k_romance_death_distribution	3k_main_ceo_initial_data_character_historical_mi_fang	3k_main_hero_generic_metal	0	3	3k_main_rank_effect_set_romance_base	3k_main_attribute_set_general_metal_romance	3k_main_skillset_generic_minister_metal	1	1.0000	true
3k_main_template_historical_shi_yi_hero_water	historical	3k_standard_death_distribution_no_infant_mortality	3k_main_ceo_initial_data_character_historical_shi_yi_w	3k_main_general_generic_water_strategist	0	0	3k_main_rank_effect_set_records_water_strategist	3k_main_attribute_set_general_water_records	3k_main_skillset_generic_envoy_water_strategist	1	1.0000	true
3k_main_template_historical_shi_yi_hero_water	romance	3k_romance_death_distribution	3k_main_ceo_initial_data_character_historical_shi_yi_w	3k_main_hero_generic_water_strategist	0	0	3k_main_rank_effect_set_romance_water_strategist	3k_main_attribute_set_general_water_romance	3k_main_skillset_generic_envoy_water_strategist	1	1.0000	true
ironic_template_historical_sun_guan_hero_wood	historical	3k_standard_death_distribution	3k_main_ceo_initial_data_character_historical_sun_guan	3k_main_general_tier_2_wood	0	0	3k_main_rank_effect_set_records_base	3k_main_attribute_set_general_wood_records	3k_dlc05_skillset_generic_bandit_general_wood	1	1.0000	true
ironic_template_historical_sun_guan_hero_wood	romance	3k_romance_death_distribution	3k_main_ceo_initial_data_character_historical_sun_guan	3k_main_hero_tier_2_wood	0	0	3k_main_rank_effect_set_romance_base	3k_main_attribute_set_general_wood_romance	3k_dlc05_skillset_generic_bandit_general_wood	1	1.0000	true
3k_main_template_historical_sun_shao_hero_metal	historical	3k_standard_death_distribution_no_infant_mortality	3k_main_ceo_initial_data_character_historical_sun_shao	3k_main_general_generic_metal	0	0	3k_main_rank_effect_set_records_base	3k_main_attribute_set_general_metal_records	3k_main_skillset_generic_general_metal	1	1.0000	true
3k_main_template_historical_sun_shao_hero_metal	romance	3k_romance_death_distribution	3k_main_ceo_initial_data_character_historical_sun_shao	3k_main_hero_generic_metal	0	0	3k_main_rank_effect_set_romance_base	3k_main_attribute_set_general_metal_romance	3k_main_skillset_generic_general_metal	1	1.0000	true
3k_main_template_historical_tao_shang_hero_metal	historical	3k_romance_death_distribution	3k_main_ceo_initial_data_character_historical_tao_shang	3k_main_general_generic_metal	0	0	3k_main_rank_effect_set_records_base	3k_main_attribute_set_general_metal_records	3k_main_skillset_generic_governor_metal	1	1.0000	true
3k_main_template_historical_tao_shang_hero_metal	romance	3k_romance_death_distribution	3k_main_ceo_initial_data_character_historical_tao_shang	3k_main_hero_generic_metal	0	0	3k_main_rank_effect_set_romance_base	3k_main_attribute_set_general_metal_romance	3k_main_skillset_generic_governor_metal	1	1.0000	true
3k_main_template_historical_tao_ying_hero_wood	historical	3k_standard_death_distribution	3k_main_ceo_initial_data_character_historical_tao_ying	3k_main_general_generic_wood	0	0	3k_main_rank_effect_set_records_base	3k_main_attribute_set_general_wood_records	3k_main_skillset_generic_minister_wood	1	1.0000	true
3k_main_template_historical_tao_ying_hero_wood	romance	3k_romance_death_distribution	3k_main_ceo_initial_data_character_historical_tao_ying	3k_main_hero_generic_wood	0	0	3k_main_rank_effect_set_romance_base	3k_main_attribute_set_general_wood_romance	3k_main_skillset_generic_minister_wood	1	1.0000	true
3k_main_template_generated_lady_kong_yurui_hero_water	historical	3k_standard_death_distribution_no_infant_mortality	3k_main_ceo_initial_data_character_historical_tong_yurui	3k_main_general_generic_water_strategist	0	0	3k_main_rank_effect_set_records_water_strategist	3k_main_attribute_set_general_water_records	3k_main_skillset_generic_general_water_strategist	1	1.0000	true
3k_main_template_generated_lady_kong_yurui_hero_water	romance	3k_romance_death_distribution	3k_main_ceo_initial_data_character_historical_tong_yurui	3k_main_hero_generic_water_strategist	0	0	3k_main_rank_effect_set_romance_water_strategist	3k_main_attribute_set_general_water_romance	3k_main_skillset_generic_general_water_strategist	1	1.0000	true
3k_main_template_historical_wang_hong_hero_earth	historical	3k_standard_death_distribution_no_infant_mortality	3k_main_ceo_initial_data_character_historical_wang_hong	3k_main_general_generic_earth	0	0	3k_main_rank_effect_set_records_earth_commander	3k_main_attribute_set_general_earth_records	3k_main_skillset_generic_minister_earth	1	1.0000	true
3k_main_template_historical_wang_hong_hero_earth	romance	3k_romance_death_distribution	3k_main_ceo_initial_data_character_historical_wang_hong	3k_main_hero_generic_earth	0	0	3k_main_rank_effect_set_romance_earth_commander	3k_main_attribute_set_general_earth_romance	3k_main_skillset_generic_minister_earth	1	1.0000	true
3k_main_template_historical_wang_yu_hero_metal	historical	3k_standard_death_distribution_no_infant_mortality	3k_main_ceo_initial_data_character_historical_wang_yu	3k_main_general_generic_metal	0	0	3k_main_rank_effect_set_records_base	3k_main_attribute_set_general_metal_records	3k_main_skillset_generic_agent_metal	1	1.0000	true
3k_main_template_historical_wang_yu_hero_metal	romance	3k_romance_death_distribution	3k_main_ceo_initial_data_character_historical_wang_yu	3k_main_hero_generic_metal	0	0	3k_main_rank_effect_set_romance_base	3k_main_attribute_set_general_metal_romance	3k_main_skillset_generic_agent_metal	1	1.0000	true
3k_main_template_historical_xu_jing_hero_water	historical	3k_standard_death_distribution_no_infant_mortality	3k_main_ceo_initial_data_character_historical_xu_jing	3k_main_general_generic_water_strategist	0	0	3k_main_rank_effect_set_records_water_strategist	3k_main_attribute_set_general_water_records	3k_main_skillset_generic_governor_water_strategist	1	1.0000	true
3k_main_template_historical_xu_jing_hero_water	romance	3k_romance_death_distribution	3k_main_ceo_initial_data_character_historical_xu_jing	3k_main_hero_generic_water_strategist	0	0	3k_main_rank_effect_set_romance_water_strategist	3k_main_attribute_set_general_water_romance	3k_main_skillset_generic_governor_water_strategist	1	1.0000	true
3k_main_template_historical_ying_shao_hero_fire	historical	3k_standard_death_distribution_no_infant_mortality	3k_main_ceo_initial_data_character_historical_ying_shao	3k_main_general_ying_shao_fire	0	0	3k_main_rank_effect_set_records_base	3k_main_attribute_set_general_fire_records	3k_main_skillset_generic_envoy_fire	1	1.0000	true
3k_main_template_historical_ying_shao_hero_fire	romance	3k_romance_death_distribution	3k_main_ceo_initial_data_character_historical_ying_shao	3k_main_hero_ying_shao_fire	0	0	3k_main_rank_effect_set_romance_base	3k_main_attribute_set_general_fire_romance	3k_main_skillset_generic_envoy_fire	1	1.0000	true
3k_main_template_historical_zang_ba_hero_wood	historical	3k_standard_death_distribution_no_infant_mortality	3k_main_ceo_initial_data_character_historical_zang_ba	3k_main_general_wood_zang_ba	0	0	3k_main_rank_effect_set_records_base	3k_main_attribute_set_general_wood_records	3k_dlc05_skillset_zang_ba_bandit_minister_wood	1	1.0000	true
3k_main_template_historical_zang_ba_hero_wood	romance	3k_romance_death_distribution	3k_main_ceo_initial_data_character_historical_zang_ba	3k_main_hero_wood_zang_ba	0	0	3k_main_rank_effect_set_romance_base	3k_main_attribute_set_general_wood_romance	3k_dlc05_skillset_zang_ba_bandit_minister_wood	1	1.0000	true
3k_main_template_historical_zang_hong_hero_metal	historical	3k_standard_death_distribution_no_infant_mortality	3k_main_ceo_initial_data_character_historical_zang_hong	3k_main_general_generic_metal_archer_support	0	0	3k_main_rank_effect_set_records_base	3k_main_attribute_set_general_metal_records	3k_main_skillset_generic_minister_metal	1	1.0000	true
3k_main_template_historical_zang_hong_hero_metal	romance	3k_romance_death_distribution	3k_main_ceo_initial_data_character_historical_zang_hong	3k_main_hero_generic_metal_archer_support	0	0	3k_main_rank_effect_set_romance_base	3k_main_attribute_set_general_metal_romance	3k_main_skillset_generic_minister_metal	1	1.0000	true
3k_main_template_historical_zhang_miao_hero_water	historical	3k_standard_death_distribution_no_infant_mortality	3k_main_ceo_initial_data_character_historical_zhang_miao	3k_main_general_zhang_miao_water	0	0	3k_main_rank_effect_set_records_water_strategist	3k_main_attribute_set_general_water_records	3k_main_skillset_generic_governor_water_strategist	1	1.0000	true
3k_main_template_historical_zhang_miao_hero_water	romance	3k_romance_death_distribution	3k_main_ceo_initial_data_character_historical_zhang_miao	3k_main_hero_zhang_miao_water	0	0	3k_main_rank_effect_set_romance_water_strategist	3k_main_attribute_set_general_water_romance	3k_main_skillset_generic_governor_water_strategist	1	1.0000	true
3k_main_template_historical_zhang_yun_hero_water	historical	3k_standard_death_distribution_no_infant_mortality	3k_main_ceo_initial_data_character_historical_zhang_yun	ironic_190e_general_zhang_yun_water	0	0	3k_main_rank_effect_set_records_water_strategist	3k_main_attribute_set_general_water_records	3k_main_skillset_zhang_yun_agent_water_strategist	1	1.0000	true
3k_main_template_historical_zhang_yun_hero_water	romance	3k_romance_death_distribution	3k_main_ceo_initial_data_character_historical_zhang_yun	ironic_190e_hero_zhang_yun_water	0	0	3k_main_rank_effect_set_romance_water_strategist	3k_main_attribute_set_general_water_romance	3k_main_skillset_zhang_yun_agent_water_strategist	1	1.0000	true
ironic_template_historical_zhao_fan_hero_water	historical	3k_standard_death_distribution_no_infant_mortality	3k_main_ceo_initial_data_character_historical_zhao_fan	3k_main_general_generic_water_strategist	0	0	3k_main_rank_effect_set_records_water_strategist	3k_main_attribute_set_general_water_records	3k_main_skillset_generic_general_water_strategist	1	1.0000	true
ironic_template_historical_zhao_fan_hero_water	romance	3k_romance_death_distribution	3k_main_ceo_initial_data_character_historical_zhao_fan	3k_main_hero_generic_water_strategist	0	0	3k_main_rank_effect_set_romance_water_strategist	3k_main_attribute_set_general_water_romance	3k_main_skillset_generic_general_water_strategist	1	1.0000	true
3k_main_template_historical_zheng_yan_hero_wood	historical	3k_standard_death_distribution_no_infant_mortality	3k_main_ceo_initial_data_character_historical_zheng_yan	3k_main_general_wood_jis	0	0	3k_main_rank_effect_set_records_base	3k_main_attribute_set_general_wood_records	3k_main_skillset_generic_envoy_wood	1	1.0000	true
3k_main_template_historical_zheng_yan_hero_wood	romance	3k_romance_death_distribution	3k_main_ceo_initial_data_character_historical_zheng_yan	3k_main_hero_wood_jis	0	0	3k_main_rank_effect_set_romance_base	3k_main_attribute_set_general_wood_romance	3k_main_skillset_generic_envoy_wood	1	1.0000	true
3k_dlc04_template_historical_zhou_ang_earth	historical	3k_standard_death_distribution_no_infant_mortality	3k_main_ceo_initial_data_character_historical_zhou_ang	3k_main_general_generic_earth	0	3	3k_main_rank_effect_set_records_earth_commander	3k_main_attribute_set_general_earth_records	3k_main_skillset_generic_minister_earth	1	1.0000	true
3k_dlc04_template_historical_zhou_ang_earth	romance	3k_romance_death_distribution	3k_main_ceo_initial_data_character_historical_zhou_ang	3k_main_hero_generic_earth	0	3	3k_main_rank_effect_set_records_earth_commander	3k_main_attribute_set_general_earth_romance	3k_main_skillset_generic_minister_earth	1	1.0000	true
3k_main_template_historical_zhou_xin_hero_fire	historical	3k_standard_death_distribution_no_infant_mortality	3k_main_ceo_initial_data_character_historical_zhou_xin	3k_main_general_generic_fire	0	3	3k_main_rank_effect_set_records_base	3k_main_attribute_set_general_fire_records	3k_main_skillset_generic_governor_fire	1	1.0000	true
3k_main_template_historical_zhou_xin_hero_fire	romance	3k_romance_death_distribution	3k_main_ceo_initial_data_character_historical_zhou_xin	3k_main_hero_generic_fire	0	3	3k_main_rank_effect_set_romance_base	3k_main_attribute_set_general_fire_romance	3k_main_skillset_generic_governor_fire	1	1.0000	true
ironic_template_historical_zong_cheng_hero_water	historical	3k_standard_death_distribution_no_infant_mortality	3k_main_ceo_initial_data_character_historical_zong_cheng	3k_main_general_generic_water_strategist	0	0	3k_main_rank_effect_set_records_water_strategist	3k_main_attribute_set_general_water_records	3k_main_skillset_generic_general_water_strategist	1	1.0000	true
ironic_template_historical_zong_cheng_hero_water	romance	3k_romance_death_distribution	3k_main_ceo_initial_data_character_historical_zong_cheng	3k_main_hero_generic_water_strategist	0	0	3k_main_rank_effect_set_romance_water_strategist	3k_main_attribute_set_general_water_romance	3k_main_skillset_generic_general_water_strategist	1	1.0000	true
3k_main_template_historical_zhuge_xuan_hero_fire	historical	3k_standard_death_distribution_no_infant_mortality	3k_main_ceo_initial_data_character_historical_zhuge_xuan	3k_main_general_zhuge_xuan_fire	0	3	3k_main_rank_effect_set_records_base	3k_main_attribute_set_general_fire_records	3k_main_skillset_generic_governor_fire	1	1.0000	true
3k_main_template_historical_zhuge_xuan_hero_fire	romance	3k_romance_death_distribution	3k_main_ceo_initial_data_character_historical_zhuge_xuan	3k_main_hero_zhuge_xuan_fire	0	3	3k_main_rank_effect_set_romance_base	3k_main_attribute_set_general_fire_romance	3k_main_skillset_generic_governor_fire	1	1.0000	true
3k_main_template_historical_yin_li_hero_metal	historical	3k_standard_death_distribution_no_infant_mortality	3k_main_ceo_initial_data_character_historical_yin_li	3k_dlc05_bandit_general_generic_metal	0	0	3k_main_rank_effect_set_records_base	3k_main_attribute_set_general_metal_records	3k_dlc05_skillset_generic_bandit_agent_metal	1	1.0000	true
3k_main_template_historical_yin_li_hero_metal	romance	3k_romance_death_distribution	3k_main_ceo_initial_data_character_historical_yin_li	3k_dlc05_bandit_hero_generic_metal	0	0	3k_main_rank_effect_set_romance_base	3k_main_attribute_set_general_metal_romance	3k_dlc05_skillset_generic_bandit_agent_metal	1	1.0000	true
3k_main_template_historical_congqian_hero_metal	historical	3k_standard_death_distribution_no_infant_mortality	3k_main_ceo_initial_data_character_historical_congqian	3k_dlc05_bandit_general_generic_metal	0	0	3k_main_rank_effect_set_records_base	3k_main_attribute_set_general_metal_records	3k_dlc05_skillset_generic_bandit_agent_metal	1	1.0000	true
3k_main_template_historical_congqian_hero_metal	romance	3k_romance_death_distribution	3k_main_ceo_initial_data_character_historical_congqian	3k_dlc05_bandit_hero_generic_metal	0	0	3k_main_rank_effect_set_romance_base	3k_main_attribute_set_general_metal_romance	3k_dlc05_skillset_generic_bandit_agent_metal	1	1.0000	true
3k_dlc05_template_historical_hu_mao_hero_metal	historical	3k_standard_death_distribution_no_infant_mortality	3k_main_ceo_initial_data_character_historical_hu_mao	ironic_190e_general_hu_mao_metal	0	1	3k_main_rank_effect_set_records_base	3k_main_attribute_set_general_metal_records	3k_main_skillset_generic_governor_metal	1	1.0000	true
3k_dlc05_template_historical_hu_mao_hero_metal	romance	3k_romance_death_distribution	3k_main_ceo_initial_data_character_historical_hu_mao	ironic_190e_hero_hu_mao_metal	0	1	3k_main_rank_effect_set_romance_base	3k_main_attribute_set_general_metal_romance	3k_main_skillset_generic_governor_metal	1	1.0000	true
3k_ytr_template_historical_guo_da_hero_metal	historical	3k_standard_death_distribution_no_infant_mortality	3k_main_ceo_initial_data_character_historical_guo_da	3k_ytr_yellow_turban_general_generic_metal_scholar	1	1	3k_ytr_rank_effect_set_records_base	3k_ytr_attribute_set_general_scholar_records	3k_ytr_skillset_romance_generic_artisan_scholar	1	1.0000	true
3k_ytr_template_historical_guo_da_hero_metal	romance	3k_romance_death_distribution	3k_main_ceo_initial_data_character_historical_guo_da	3k_ytr_yellow_turban_hero_generic_metal_scholar	1	1	3k_ytr_rank_effect_set_romance_base	3k_ytr_attribute_set_general_scholar_romance	3k_ytr_skillset_romance_generic_artisan_scholar	1	1.0000	true
3k_ytr_template_historical_liao_hua_hero_wood	historical	3k_standard_death_distribution_no_infant_mortality	3k_main_ceo_initial_data_character_historical_liao_hua_ytr	3k_ytr_yellow_turban_general_generic_wood_veteran	1	1	3k_ytr_rank_effect_set_records_base	3k_ytr_attribute_set_general_veteran_records	3k_ytr_skillset_romance_generic_soldier_veteran	1	1.0000	true
3k_ytr_template_historical_liao_hua_hero_wood	romance	3k_romance_death_distribution	3k_main_ceo_initial_data_character_historical_liao_hua_ytr	3k_ytr_yellow_turban_hero_generic_wood_veteran	1	1	3k_ytr_rank_effect_set_romance_base	3k_ytr_attribute_set_general_veteran_romance	3k_ytr_skillset_romance_generic_soldier_veteran	1	1.0000	true
3k_main_template_historical_shi_huang_hero_earth	historical	3k_standard_death_distribution	3k_main_ceo_initial_data_character_historical_shi_huang_sg	ironic_190e_general_shi_huang_earth	1	2	3k_main_rank_effect_set_records_base	3k_main_attribute_set_general_earth_records	3k_main_skillset_generic_governor_earth	1	1.0000	true
3k_main_template_historical_shi_huang_hero_earth	romance	3k_romance_death_distribution	3k_main_ceo_initial_data_character_historical_shi_huang_sg	ironic_190e_hero_shi_huang_earth	1	2	3k_main_rank_effect_set_romance_base	3k_main_attribute_set_general_earth_romance	3k_main_skillset_generic_governor_earth	1	1.0000	true
3k_ytr_template_historical_xu_he_hero_metal	historical	3k_standard_death_distribution_no_infant_mortality	3k_main_ceo_initial_data_character_historical_xu_he_ytr	3k_ytr_yellow_turban_general_generic_metal_scholar	1	1	3k_ytr_rank_effect_set_records_base	3k_ytr_attribute_set_general_scholar_records	3k_ytr_skillset_romance_generic_official_scholar	1	1.0000	true
3k_ytr_template_historical_xu_he_hero_metal	romance	3k_romance_death_distribution	3k_main_ceo_initial_data_character_historical_xu_he_ytr	3k_ytr_yellow_turban_hero_generic_metal_scholar	1	1	3k_ytr_rank_effect_set_romance_base	3k_ytr_attribute_set_general_scholar_romance	3k_ytr_skillset_romance_generic_official_scholar	1	1.0000	true
3k_ytr_template_historical_zhao_bo_hero_wood	historical	3k_standard_death_distribution_no_infant_mortality	3k_main_ceo_initial_data_character_historical_zhao_bo_ytr	3k_ytr_yellow_turban_general_wood_zhao_bo	1	1	3k_ytr_rank_effect_set_records_base	3k_ytr_attribute_set_general_veteran_records	3k_ytr_skillset_romance_generic_soldier_veteran	1	1.0000	true
3k_ytr_template_historical_zhao_bo_hero_wood	romance	3k_romance_death_distribution	3k_main_ceo_initial_data_character_historical_zhao_bo_ytr	3k_ytr_yellow_turban_hero_wood_zhao_bo	1	1	3k_ytr_rank_effect_set_romance_base	3k_ytr_attribute_set_general_veteran_romance	3k_ytr_skillset_romance_generic_soldier_veteran	1	1.0000	true
3k_main_template_historical_liu_yan_hero_water	historical	ironic_historical_death_liu_yan	3k_main_ceo_initial_data_character_historical_liu_yan	3k_dlc07_general_water_liu_yan	1	1	3k_main_rank_effect_set_records_water_strategist	3k_main_attribute_set_general_water_records	3k_dlc07_skillset_historical_liu_yan	1	0.0050	true
3k_main_template_historical_liu_yan_hero_water	romance	ironic_romance_death_liu_yan	3k_main_ceo_initial_data_character_historical_liu_yan	3k_dlc07_hero_water_liu_yan	1	1	3k_main_rank_effect_set_romance_water_strategist	3k_main_attribute_set_general_water_romance	3k_dlc07_skillset_historical_liu_yan	1	0.0500	true
3k_main_template_historical_liu_yu_hero_earth	historical	3k_standard_death_distribution_no_infant_mortality	3k_main_ceo_initial_data_character_historical_liu_yu	3k_main_general_liu_yu_earth	1	1	3k_main_rank_effect_set_records_earth_commander	3k_main_attribute_set_general_water_records	ironic_skillset_liu_yu	1	0.0050	true
3k_main_template_historical_liu_yu_hero_earth	romance	3k_romance_death_distribution	3k_main_ceo_initial_data_character_historical_liu_yu	3k_main_hero_liu_yu_earth	1	1	3k_main_rank_effect_set_romance_earth_commander	3k_main_attribute_set_general_water_romance	ironic_skillset_liu_yu	1	0.0500	true
3k_main_template_generated_lady_han_anyue_hero_metal	historical	3k_romance_death_distribution	3k_main_ceo_initial_data_character_historical_han_anyue	3k_main_general_generic_metal	0	0	3k_main_rank_effect_set_records_base	3k_main_attribute_set_general_metal_records	3k_main_skillset_generic_governor_metal	1	1.0000	true
3k_main_template_generated_lady_han_anyue_hero_metal	romance	3k_romance_death_distribution	3k_main_ceo_initial_data_character_historical_han_anyue	3k_main_hero_generic_metal	0	0	3k_main_rank_effect_set_romance_base	3k_main_attribute_set_general_metal_romance	3k_main_skillset_generic_governor_metal	1	1.0000	true
3k_main_template_generated_han_chong_hero_wood	historical	3k_standard_death_distribution	3k_main_ceo_initial_data_character_historical_han_chong	3k_dlc05_general_wood_han_chong	0	0	3k_main_rank_effect_set_records_base	3k_main_attribute_set_general_wood_records	3k_main_skillset_generic_minister_wood	1	1.0000	true
3k_main_template_generated_han_chong_hero_wood	romance	3k_romance_death_distribution	3k_main_ceo_initial_data_character_historical_han_chong	3k_dlc05_hero_wood_han_chong	0	0	3k_main_rank_effect_set_romance_base	3k_main_attribute_set_general_wood_romance	3k_main_skillset_generic_minister_wood	1	1.0000	true
3k_main_template_generated_han_xin_hero_fire	historical	3k_standard_death_distribution	3k_main_ceo_initial_data_character_historical_han_xin	3k_main_general_generic_fire	0	0	3k_main_rank_effect_set_records_base	3k_main_attribute_set_general_fire_records	3k_main_skillset_generic_envoy_fire	1	1.0000	true
3k_main_template_generated_han_xin_hero_fire	romance	3k_romance_death_distribution	3k_main_ceo_initial_data_character_historical_han_xin	3k_main_hero_generic_fire	0	0	3k_main_rank_effect_set_romance_base	3k_main_attribute_set_general_fire_romance	3k_main_skillset_generic_envoy_fire	1	1.0000	true
3k_main_template_generated_lady_han_wanwan_hero_metal	historical	3k_standard_death_distribution_no_infant_mortality	3k_main_ceo_initial_data_character_historical_miao_wanwan	3k_main_general_generic_metal	0	3	3k_main_rank_effect_set_records_base	3k_main_attribute_set_general_metal_records	3k_main_skillset_generic_governor_metal	1	1.0000	true
3k_main_template_generated_lady_han_wanwan_hero_metal	romance	3k_romance_death_distribution	3k_main_ceo_initial_data_character_historical_miao_wanwan	3k_main_hero_generic_metal	0	3	3k_main_rank_effect_set_romance_base	3k_main_attribute_set_general_metal_romance	3k_main_skillset_generic_governor_metal	1	1.0000	true
3k_main_template_historical_yan_xing_hero_metal	historical	3k_standard_death_distribution_no_infant_mortality	3k_main_ceo_initial_data_character_historical_yan_xing	3k_main_general_generic_metal	0	0	3k_main_rank_effect_set_records_base	3k_main_attribute_set_general_metal_records	3k_main_skillset_generic_agent_metal	1	1.0000	true
3k_main_template_historical_yan_xing_hero_metal	romance	3k_romance_death_distribution	3k_main_ceo_initial_data_character_historical_yan_xing	3k_main_hero_generic_metal	0	0	3k_main_rank_effect_set_romance_base	3k_main_attribute_set_general_metal_romance	3k_main_skillset_generic_agent_metal	1	1.0000	true
3k_main_template_historical_li_kan_hero_fire	historical	3k_standard_death_distribution_no_infant_mortality	3k_main_ceo_initial_data_character_historical_li_kan	3k_main_general_generic_fire	0	0	3k_main_rank_effect_set_records_base	3k_main_attribute_set_general_fire_records	ironic_skillset_li_kan	1	1.0000	true
3k_main_template_historical_li_kan_hero_fire	romance	3k_romance_death_distribution	3k_main_ceo_initial_data_character_historical_li_kan	3k_main_hero_generic_fire	0	0	3k_main_rank_effect_set_romance_base	3k_main_attribute_set_general_fire_romance	ironic_skillset_li_kan	1	1.0000	true
3k_main_template_historical_cheng_yi_hero_wood	historical	3k_standard_death_distribution_no_infant_mortality	3k_main_ceo_initial_data_character_historical_cheng_yi	3k_dlc05_general_cheng_yi	0	0	3k_main_rank_effect_set_records_base	3k_main_attribute_set_general_wood_records	ironic_skillset_cheng_yin	1	1.0000	true
3k_main_template_historical_cheng_yi_hero_wood	romance	3k_romance_death_distribution	3k_main_ceo_initial_data_character_historical_cheng_yi	3k_dlc05_hero_cheng_yi	0	0	3k_main_rank_effect_set_romance_base	3k_main_attribute_set_general_wood_romance	ironic_skillset_cheng_yin	1	1.0000	true
3k_main_template_historical_chenggong_ying_hero_fire	historical	3k_standard_death_distribution_no_infant_mortality	3k_main_ceo_initial_data_character_historical_chenggong_ying	3k_main_general_generic_fire	0	0	3k_main_rank_effect_set_records_base	3k_main_attribute_set_general_fire_records	3k_main_skillset_generic_agent_fire	1	1.0000	true
3k_main_template_historical_chenggong_ying_hero_fire	romance	3k_romance_death_distribution	3k_main_ceo_initial_data_character_historical_chenggong_ying	3k_main_hero_generic_fire	0	0	3k_main_rank_effect_set_romance_base	3k_main_attribute_set_general_fire_romance	3k_main_skillset_generic_agent_fire	1	1.0000	true
3k_main_template_historical_liang_xing_hero_metal	historical	3k_standard_death_distribution_no_infant_mortality	3k_main_ceo_initial_data_character_historical_liang_xing	3k_main_general_generic_metal	0	0	3k_main_rank_effect_set_records_base	3k_main_attribute_set_general_metal_records	ironic_skillset_liang_xing	1	1.0000	true
3k_main_template_historical_liang_xing_hero_metal	romance	3k_romance_death_distribution	3k_main_ceo_initial_data_character_historical_liang_xing	3k_main_hero_generic_metal	0	0	3k_main_rank_effect_set_romance_base	3k_main_attribute_set_general_metal_romance	ironic_skillset_liang_xing	1	1.0000	true
3k_main_template_historical_ma_wan_hero_fire	historical	3k_standard_death_distribution_no_infant_mortality	3k_main_ceo_initial_data_character_historical_ma_wan	3k_main_general_generic_fire	0	0	3k_main_rank_effect_set_records_base	3k_main_attribute_set_general_fire_records	ironic_skillset_ma_wan	1	1.0000	true
3k_main_template_historical_ma_wan_hero_fire	romance	3k_romance_death_distribution	3k_main_ceo_initial_data_character_historical_ma_wan	3k_main_hero_generic_fire	0	0	3k_main_rank_effect_set_romance_base	3k_main_attribute_set_general_fire_romance	ironic_skillset_ma_wan	1	1.0000	true
3k_main_template_historical_ma_dai_hero_fire	historical	3k_romance_death_distribution	3k_mtu_ceo_initial_data_character_historical_ma_dai	3k_main_general_generic_fire	0	3	3k_main_rank_effect_set_records_base	3k_main_attribute_set_general_fire_records	3k_main_skillset_ma_dai_general_fire	1	0.0050	true
3k_main_template_historical_ma_dai_hero_fire	romance	3k_romance_death_distribution	3k_mtu_ceo_initial_data_character_historical_ma_dai	3k_main_hero_generic_fire	0	3	3k_main_rank_effect_set_romance_base	3k_main_attribute_set_general_fire_romance	3k_main_skillset_ma_dai_general_fire	1	0.0500	true
3k_main_template_historical_yue_jiu_hero_fire	historical	3k_standard_death_distribution_no_infant_mortality	3k_main_ceo_initial_data_character_historical_yue_jiu	3k_main_general_generic_fire	0	3	3k_main_rank_effect_set_records_base	3k_main_attribute_set_general_fire_records	3k_main_skillset_generic_general_fire	1	1.0000	true
3k_main_template_historical_yue_jiu_hero_fire	romance	3k_romance_death_distribution	3k_main_ceo_initial_data_character_historical_yue_jiu	3k_main_hero_generic_fire	0	3	3k_main_rank_effect_set_romance_base	3k_main_attribute_set_general_fire_romance	3k_main_skillset_generic_general_fire	1	1.0000	true
3k_main_template_historical_yuan_yao_hero_earth	historical	3k_standard_death_distribution_no_infant_mortality	3k_main_ceo_initial_data_character_historical_yuan_yao	3k_main_general_generic_earth	0	0	3k_main_rank_effect_set_records_earth_commander	3k_main_attribute_set_general_earth_records	3k_main_skillset_historical_yuan_generic_earth	1	1.0000	true
3k_main_template_historical_yuan_yao_hero_earth	romance	3k_romance_death_distribution	3k_main_ceo_initial_data_character_historical_yuan_yao	3k_main_hero_generic_earth	0	0	3k_main_rank_effect_set_romance_earth_commander	3k_main_attribute_set_general_earth_romance	3k_main_skillset_historical_yuan_generic_earth	1	1.0000	true
3k_main_template_historical_mei_cheng_hero_metal	historical	3k_standard_death_distribution_no_infant_mortality	3k_main_ceo_initial_data_character_historical_mei_cheng	3k_dlc05_bandit_general_generic_metal	0	3	3k_main_rank_effect_set_records_base	3k_main_attribute_set_general_metal_records	3k_dlc05_skillset_generic_bandit_agent_metal	1	1.0000	true
3k_main_template_historical_mei_cheng_hero_metal	romance	3k_romance_death_distribution	3k_main_ceo_initial_data_character_historical_mei_cheng	3k_dlc05_bandit_hero_generic_metal	0	3	3k_main_rank_effect_set_romance_base	3k_main_attribute_set_general_metal_romance	3k_dlc05_skillset_generic_bandit_agent_metal	1	1.0000	true
3k_main_template_historical_yang_hong_hero_metal	historical	3k_standard_death_distribution_no_infant_mortality	3k_main_ceo_initial_data_character_historical_yang_hong	3k_main_general_yang_hong_metal	0	0	3k_main_rank_effect_set_records_base	3k_main_attribute_set_general_metal_records	3k_main_skillset_generic_governor_metal	1	1.0000	true
3k_main_template_historical_yang_hong_hero_metal	romance	3k_romance_death_distribution	3k_main_ceo_initial_data_character_historical_yang_hong	3k_main_hero_yang_hong_metal	0	0	3k_main_rank_effect_set_romance_base	3k_main_attribute_set_general_metal_romance	3k_main_skillset_generic_governor_metal	1	1.0000	true
3k_main_template_historical_chen_lan_hero_wood	historical	3k_standard_death_distribution_no_infant_mortality	3k_main_ceo_initial_data_character_historical_chen_lan	3k_dlc05_bandit_general_generic_wood	0	3	3k_main_rank_effect_set_records_base	3k_main_attribute_set_general_wood_records	3k_dlc05_skillset_generic_bandit_general_wood	1	1.0000	true
3k_main_template_historical_chen_lan_hero_wood	romance	3k_romance_death_distribution	3k_main_ceo_initial_data_character_historical_chen_lan	3k_dlc05_bandit_hero_generic_wood	0	3	3k_main_rank_effect_set_romance_base	3k_main_attribute_set_general_wood_romance	3k_dlc05_skillset_generic_bandit_general_wood	1	1.0000	true
3k_main_template_historical_chen_ji_hero_earth	historical	3k_standard_death_distribution_no_infant_mortality	3k_main_ceo_initial_data_character_historical_chen_ji	3k_main_general_earth_chen_ji	0	0	3k_main_rank_effect_set_records_earth_commander	3k_main_attribute_set_general_earth_records	3k_main_skillset_generic_envoy_earth	1	1.0000	true
3k_main_template_historical_chen_ji_hero_earth	romance	3k_romance_death_distribution	3k_main_ceo_initial_data_character_historical_chen_ji	3k_main_hero_earth_chen_ji	0	0	3k_main_rank_effect_set_romance_earth_commander	3k_main_attribute_set_general_earth_romance	3k_main_skillset_generic_envoy_earth	1	1.0000	true
3k_main_template_historical_zhang_cheng_hero_water	historical	3k_standard_death_distribution_no_infant_mortality	3k_main_ceo_initial_data_character_historical_zhang_cheng	3k_main_general_generic_water_strategist	0	0	3k_main_rank_effect_set_records_water_strategist	3k_main_attribute_set_general_water_records	3k_main_skillset_generic_minister_water_strategist	1	1.0000	true
3k_main_template_historical_zhang_cheng_hero_water	romance	3k_romance_death_distribution	3k_main_ceo_initial_data_character_historical_zhang_cheng	3k_main_hero_generic_water_strategist	0	0	3k_main_rank_effect_set_romance_water_strategist	3k_main_attribute_set_general_water_romance	3k_main_skillset_generic_minister_water_strategist	1	1.0000	true
3k_main_template_historical_liu_qi_hero_earth	historical	3k_standard_death_distribution_no_infant_mortality	3k_main_ceo_initial_data_character_historical_liu_qi	3k_main_general_generic_fire	0	0	3k_main_rank_effect_set_records_base	3k_main_attribute_set_general_fire_records	3k_main_skillset_generic_governor_fire	1	1.0000	true
3k_main_template_historical_liu_qi_hero_earth	romance	3k_romance_death_distribution	3k_main_ceo_initial_data_character_historical_liu_qi	3k_main_hero_generic_fire	0	0	3k_main_rank_effect_set_romance_base	3k_main_attribute_set_general_fire_romance	3k_main_skillset_generic_governor_fire	1	1.0000	true
3k_main_template_historical_liu_cong_hero_earth	historical	3k_standard_death_distribution_no_infant_mortality	3k_main_ceo_initial_data_character_historical_liu_cong	3k_dlc07_general_earth_liu_cong	0	0	3k_main_rank_effect_set_records_earth_commander	3k_main_attribute_set_general_earth_records	3k_main_skillset_generic_governor_earth	1	1.0000	true
3k_main_template_historical_liu_cong_hero_earth	romance	3k_romance_death_distribution	3k_main_ceo_initial_data_character_historical_liu_cong	3k_dlc07_hero_earth_liu_cong	0	0	3k_main_rank_effect_set_romance_earth_commander	3k_main_attribute_set_general_earth_romance	3k_main_skillset_generic_governor_earth	1	1.0000	true
3k_main_template_historical_kuai_liang_hero_water	historical	3k_standard_death_distribution_no_infant_mortality	3k_main_ceo_initial_data_character_historical_kuai_liang	3k_main_general_generic_water_strategist	0	0	3k_main_rank_effect_set_records_water_strategist	3k_main_attribute_set_general_water_records	3k_main_skillset_generic_agent_water_strategist	1	1.0000	true
3k_main_template_historical_kuai_liang_hero_water	romance	3k_romance_death_distribution	3k_main_ceo_initial_data_character_historical_kuai_liang	3k_main_hero_generic_water_strategist	0	0	3k_main_rank_effect_set_romance_water_strategist	3k_main_attribute_set_general_water_romance	3k_main_skillset_generic_agent_water_strategist	1	1.0000	true
3k_main_template_historical_kuai_yue_hero_water	historical	3k_standard_death_distribution_no_infant_mortality	3k_main_ceo_initial_data_character_historical_kuai_yue	3k_main_general_generic_water_strategist	0	0	3k_main_rank_effect_set_records_water_strategist	3k_main_attribute_set_general_water_records	3k_main_skillset_generic_general_water_strategist	1	1.0000	true
3k_main_template_historical_kuai_yue_hero_water	romance	3k_romance_death_distribution	3k_main_ceo_initial_data_character_historical_kuai_yue	3k_main_hero_generic_water_strategist	0	0	3k_main_rank_effect_set_romance_water_strategist	3k_main_attribute_set_general_water_romance	3k_main_skillset_generic_general_water_strategist	1	1.0000	true
3k_main_template_historical_lady_cai_yuxiang_hero_earth	historical	3k_standard_death_distribution_no_infant_mortality	3k_ironic_ceo_initial_data_character_historical_lady_cai	3k_main_general_generic_earth	0	0	3k_main_rank_effect_set_records_earth_commander	3k_main_attribute_set_general_earth_records	3k_main_skillset_generic_minister_earth	1	1.0000	true
3k_main_template_historical_lady_cai_yuxiang_hero_earth	romance	3k_romance_death_distribution	3k_ironic_ceo_initial_data_character_historical_lady_cai	3k_main_hero_generic_earth	0	0	3k_main_rank_effect_set_romance_earth_commander	3k_main_attribute_set_general_earth_romance	3k_main_skillset_generic_minister_earth	1	1.0000	true
3k_main_template_historical_lou_gui_hero_fire	historical	3k_standard_death_distribution_no_infant_mortality	3k_main_ceo_initial_data_character_historical_lou_gui	3k_main_general_generic_fire	0	0	3k_main_rank_effect_set_records_base	3k_main_attribute_set_general_fire_records	3k_main_skillset_generic_agent_fire	1	1.0000	true
3k_main_template_historical_lou_gui_hero_fire	romance	3k_romance_death_distribution	3k_main_ceo_initial_data_character_historical_lou_gui	3k_main_hero_generic_fire	0	0	3k_main_rank_effect_set_romance_base	3k_main_attribute_set_general_fire_romance	3k_main_skillset_generic_agent_fire	1	1.0000	true
ironic_template_historical_wen_pin_hero_wood	historical	3k_standard_death_distribution_no_infant_mortality	3k_main_ceo_initial_data_character_historical_wen_pin	3k_main_general_tier_2_wood	0	0	3k_main_rank_effect_set_records_base	3k_main_attribute_set_general_wood_records	3k_main_skillset_generic_envoy_wood	1	1.0000	true
ironic_template_historical_wen_pin_hero_wood	romance	3k_romance_death_distribution	3k_main_ceo_initial_data_character_historical_wen_pin	3k_main_hero_tier_2_wood	0	0	3k_main_rank_effect_set_romance_base	3k_main_attribute_set_general_wood_romance	3k_main_skillset_generic_envoy_wood	1	1.0000	true
3k_main_template_historical_chen_jiu_hero_wood	historical	3k_standard_death_distribution_no_infant_mortality	3k_main_ceo_initial_data_character_historical_chen_jiu	3k_main_general_generic_wood	0	0	3k_main_rank_effect_set_records_base	3k_main_attribute_set_general_wood_records	3k_main_skillset_generic_minister_wood	1	1.0000	true
3k_main_template_historical_chen_jiu_hero_wood	romance	3k_romance_death_distribution	3k_main_ceo_initial_data_character_historical_chen_jiu	3k_main_hero_generic_wood	0	0	3k_main_rank_effect_set_romance_base	3k_main_attribute_set_general_wood_romance	3k_main_skillset_generic_minister_wood	1	1.0000	true
3k_main_template_generated_lady_huang_anbao_hero_water	historical	3k_standard_death_distribution	3k_main_ceo_initial_data_character_historical_huang_anbao	3k_main_general_generic_water_strategist	0	0	3k_main_rank_effect_set_records_water_strategist	3k_main_attribute_set_general_water_records	3k_main_skillset_generic_general_water_strategist	1	1.0000	true
3k_main_template_generated_lady_huang_anbao_hero_water	romance	3k_romance_death_distribution	3k_main_ceo_initial_data_character_historical_huang_anbao	3k_main_hero_generic_water_strategist	0	0	3k_main_rank_effect_set_romance_water_strategist	3k_main_attribute_set_general_water_romance	3k_main_skillset_generic_general_water_strategist	1	1.0000	true
3k_main_template_historical_huang_she_hero_metal	historical	3k_standard_death_distribution_no_infant_mortality	3k_main_ceo_initial_data_character_historical_huang_she	3k_main_general_generic_metal	0	0	3k_main_rank_effect_set_records_base	3k_main_attribute_set_general_metal_records	3k_main_skillset_generic_villager_metal	1	1.0000	true
3k_main_template_historical_huang_she_hero_metal	romance	3k_romance_death_distribution	3k_main_ceo_initial_data_character_historical_huang_she	3k_main_hero_generic_metal	0	0	3k_main_rank_effect_set_romance_base	3k_main_attribute_set_general_metal_romance	3k_main_skillset_generic_villager_metal	1	1.0000	true
3k_main_template_historical_lady_huang_yueying_hero_wood	historical	3k_standard_death_distribution_no_infant_mortality	3k_main_ceo_initial_data_character_historical_huang_yueying	3k_main_general_generic_metal	0	3	3k_main_rank_effect_set_records_base	3k_main_attribute_set_general_metal_records	3k_main_skillset_huang_yueying_envoy_metal	1	0.0050	true
3k_main_template_historical_lady_huang_yueying_hero_wood	romance	3k_romance_death_distribution	3k_main_ceo_initial_data_character_historical_huang_yueying	3k_main_hero_generic_metal	0	3	3k_main_rank_effect_set_romance_base	3k_main_attribute_set_general_metal_romance	3k_main_skillset_huang_yueying_envoy_metal	1	0.0500	true
3k_main_template_generated_lady_huang_yingxiu_hero_metal	historical	3k_standard_death_distribution_no_infant_mortality	3k_main_ceo_initial_data_character_historical_lady_huang_xie	3k_main_general_generic_metal	0	3	3k_main_rank_effect_set_records_base	3k_main_attribute_set_general_metal_records	3k_main_skillset_generic_governor_metal	1	1.0000	true
3k_main_template_generated_lady_huang_yingxiu_hero_metal	romance	3k_romance_death_distribution	3k_main_ceo_initial_data_character_historical_lady_huang_xie	3k_main_hero_generic_metal	0	3	3k_main_rank_effect_set_romance_base	3k_main_attribute_set_general_metal_romance	3k_main_skillset_generic_governor_metal	1	1.0000	true
3k_main_template_historical_lu_gong_hero_fire	historical	3k_standard_death_distribution_no_infant_mortality	3k_main_ceo_initial_data_character_historical_lu_gong	3k_main_general_tier_2_fire	0	0	3k_main_rank_effect_set_records_base	3k_main_attribute_set_general_fire_records	3k_main_skillset_generic_governor_fire	1	1.0000	true
3k_main_template_historical_lu_gong_hero_fire	romance	3k_romance_death_distribution	3k_main_ceo_initial_data_character_historical_lu_gong	3k_main_hero_tier_2_fire	0	0	3k_main_rank_effect_set_romance_base	3k_main_attribute_set_general_fire_romance	3k_main_skillset_generic_governor_fire	1	1.0000	true
3k_main_template_historical_su_fei_hero_fire	historical	3k_standard_death_distribution_no_infant_mortality	3k_main_ceo_initial_data_character_historical_su_fei	3k_main_general_generic_fire	0	0	3k_main_rank_effect_set_records_base	3k_main_attribute_set_general_fire_records	3k_main_skillset_generic_agent_fire	1	1.0000	true
3k_main_template_historical_su_fei_hero_fire	romance	3k_romance_death_distribution	3k_main_ceo_initial_data_character_historical_su_fei	3k_main_hero_generic_fire	0	0	3k_main_rank_effect_set_romance_base	3k_main_attribute_set_general_fire_romance	3k_main_skillset_generic_agent_fire	1	1.0000	true
3k_main_template_historical_zhang_hu_hero_metal	historical	3k_standard_death_distribution_no_infant_mortality	3k_main_ceo_initial_data_character_historical_zhang_hu	3k_main_general_generic_metal	0	0	3k_main_rank_effect_set_records_base	3k_main_attribute_set_general_metal_records	3k_main_skillset_generic_general_metal	1	1.0000	true
3k_main_template_historical_zhang_hu_hero_metal	romance	3k_romance_death_distribution	3k_main_ceo_initial_data_character_historical_zhang_hu	3k_main_hero_generic_metal	0	0	3k_main_rank_effect_set_romance_base	3k_main_attribute_set_general_metal_romance	3k_main_skillset_generic_general_metal	1	1.0000	true
3k_main_template_historical_han_fu_hero_earth	historical	3k_standard_death_distribution_no_infant_mortality	3k_main_ceo_initial_data_character_historical_han_fu	3k_main_general_han_fu_wood	0	0	3k_main_rank_effect_set_records_earth_commander	3k_main_attribute_set_general_wood_records	3k_main_skillset_generic_agent_wood	1	0.0050	true
3k_main_template_historical_han_fu_hero_earth	romance	3k_romance_death_distribution	3k_main_ceo_initial_data_character_historical_han_fu	3k_main_hero_han_fu_wood	0	0	3k_main_rank_effect_set_romance_earth_commander	3k_main_attribute_set_general_wood_romance	3k_main_skillset_generic_agent_wood	1	0.0500	true
3k_main_template_historical_zhang_yang_hero_earth	romance	3k_romance_death_distribution	3k_main_ceo_initial_data_character_historical_zhang_yang	3k_main_hero_zhang_yang_fire	1	1	3k_main_rank_effect_set_romance_earth_commander	3k_main_attribute_set_general_fire_romance	3k_main_skillset_generic_general_fire	1	1.0000	true
3k_main_template_historical_zhang_yang_hero_earth	historical	3k_standard_death_distribution_no_infant_mortality	3k_main_ceo_initial_data_character_historical_zhang_yang	3k_main_general_zhang_yang_fire	1	1	3k_main_rank_effect_set_records_earth_commander	3k_main_attribute_set_general_fire_records	3k_main_skillset_generic_general_fire	1	1.0000	true
3k_main_template_historical_zhang_lu_hero_wood	historical	3k_standard_death_distribution_no_infant_mortality	3k_dlc05_ceo_initial_data_character_historical_zhang_lu	3k_main_general_zhang_lu_wood	1	1	3k_main_rank_effect_set_records_base	3k_main_attribute_set_general_wood_records	ironic_skillset_zhang_lu	1	1.0000	true
3k_main_template_historical_zhang_lu_hero_wood	romance	3k_romance_death_distribution	3k_dlc05_ceo_initial_data_character_historical_zhang_lu	3k_main_hero_zhang_lu_wood	1	1	3k_main_rank_effect_set_romance_base	3k_main_attribute_set_general_wood_romance	ironic_skillset_zhang_lu	1	1.0000	true
3k_main_template_historical_liu_dai_hero_water	historical	3k_standard_death_distribution_no_infant_mortality	3k_main_ceo_initial_data_character_historical_liu_dai	3k_main_general_liu_dai_water	1	1	3k_main_rank_effect_set_records_water_strategist	3k_main_attribute_set_general_water_records	3k_main_skillset_generic_villager_water_strategist	1	0.0050	true
3k_main_template_historical_liu_dai_hero_water	romance	3k_romance_death_distribution	3k_main_ceo_initial_data_character_historical_liu_dai	3k_main_hero_liu_dai_water	1	1	3k_main_rank_effect_set_romance_water_strategist	3k_main_attribute_set_general_water_romance	3k_main_skillset_generic_villager_water_strategist	1	0.0500	true
3k_main_template_historical_gongsun_du_hero_metal	historical	3k_standard_death_distribution_no_infant_mortality	3k_main_ceo_initial_data_character_historical_gongsun_du	3k_main_general_gongsun_du_metal	1	1	3k_main_rank_effect_set_records_base	3k_main_attribute_set_general_metal_records	ironic_skillset_gongsun_du	1	1.0000	true
3k_main_template_historical_gongsun_du_hero_metal	romance	3k_romance_death_distribution	3k_main_ceo_initial_data_character_historical_gongsun_du	3k_main_hero_gongsun_du_metal	1	1	3k_main_rank_effect_set_romance_base	3k_main_attribute_set_general_metal_romance	ironic_skillset_gongsun_du	1	1.0000	true
3k_main_template_historical_ze_rong_hero_fire	historical	3k_standard_death_distribution_no_infant_mortality	3k_dlc05_ceo_initial_data_character_historical_ze_rong	3k_main_general_ze_rong_fire	0	0	3k_main_rank_effect_set_records_base	3k_main_attribute_set_general_fire_records	3k_dlc05_skillset_generic_bandit_envoy_fire	1	1.0000	true
3k_main_template_historical_ze_rong_hero_fire	romance	3k_romance_death_distribution	3k_dlc05_ceo_initial_data_character_historical_ze_rong	3k_main_hero_ze_rong_fire	0	0	3k_main_rank_effect_set_romance_base	3k_main_attribute_set_general_fire_romance	3k_dlc05_skillset_generic_bandit_envoy_fire	1	1.0000	true
3k_main_template_historical_zhang_chao_hero_water	historical	3k_standard_death_distribution_no_infant_mortality	3k_main_ceo_initial_data_character_historical_zhang_chao	3k_main_general_zhang_chao_metal	0	0	3k_main_rank_effect_set_records_base	3k_main_attribute_set_general_metal_records	3k_main_skillset_generic_envoy_metal	1	1.0000	true
3k_main_template_historical_zhang_chao_hero_water	romance	3k_romance_death_distribution	3k_main_ceo_initial_data_character_historical_zhang_chao	3k_main_hero_zhang_chao_metal	0	0	3k_main_rank_effect_set_romance_base	3k_main_attribute_set_general_metal_romance	3k_main_skillset_generic_envoy_metal	1	1.0000	true
3k_main_template_historical_kong_zhou_hero_water	historical	3k_standard_death_distribution_no_infant_mortality	3k_main_ceo_initial_data_character_historical_kong_zhou	3k_main_general_kong_zhou_water	1	1	3k_main_rank_effect_set_records_water_strategist	3k_main_attribute_set_general_water_records	3k_main_skillset_generic_governor_water_strategist	1	0.0050	true
3k_main_template_historical_kong_zhou_hero_water	romance	3k_romance_death_distribution	3k_main_ceo_initial_data_character_historical_kong_zhou	3k_main_hero_kong_zhou_water	1	1	3k_main_rank_effect_set_romance_water_strategist	3k_main_attribute_set_general_water_romance	3k_main_skillset_generic_governor_water_strategist	1	0.0500	true
3k_dlc05_template_historical_hou_cheng_hero_wood	historical	3k_standard_death_distribution_no_infant_mortality	3k_main_ceo_initial_data_character_historical_Hou_Cheng	3k_main_general_generic_wood	1	1	3k_main_rank_effect_set_records_base	3k_main_attribute_set_general_wood_records	3k_main_skillset_generic_general_wood	1	0.0050	true
3k_dlc05_template_historical_hou_cheng_hero_wood	romance	3k_romance_death_distribution	3k_main_ceo_initial_data_character_historical_Hou_Cheng	3k_main_hero_generic_wood	1	1	3k_main_rank_effect_set_romance_base	3k_main_attribute_set_general_wood_romance	3k_main_skillset_generic_general_wood	1	0.0500	true
3k_main_template_historical_cao_xing_hero_wood	historical	3k_standard_death_distribution_no_infant_mortality	3k_main_ceo_initial_data_character_historical_Cao_Xing	3k_main_general_generic_wood	0	0	3k_main_rank_effect_set_records_base	3k_main_attribute_set_general_wood_records	3k_main_skillset_cao_xing_general_wood	1	1.0000	true
3k_main_template_historical_cao_xing_hero_wood	romance	3k_romance_death_distribution	3k_main_ceo_initial_data_character_historical_Cao_Xing	3k_main_hero_generic_wood	0	0	3k_main_rank_effect_set_romance_base	3k_main_attribute_set_general_wood_romance	3k_main_skillset_cao_xing_general_wood	1	1.0000	true
3k_main_template_historical_jiang_wei_hero_fire	historical	3k_standard_death_distribution_no_infant_mortality	3k_main_ceo_initial_data_character_historical_Jiang_Wei	3k_main_general_generic_fire	0	3	3k_main_rank_effect_set_records_base	3k_main_attribute_set_general_fire_records	3k_main_skillset_jiang_wei_minister_fire	1	1.0000	true
3k_main_template_historical_jiang_wei_hero_fire	romance	3k_romance_death_distribution	3k_main_ceo_initial_data_character_historical_Jiang_Wei	3k_main_hero_generic_fire	0	3	3k_main_rank_effect_set_romance_base	3k_main_attribute_set_general_fire_romance	3k_main_skillset_jiang_wei_minister_fire	1	1.0000	true
3k_main_template_historical_jia_kui_hero_fire	historical	3k_standard_death_distribution_no_infant_mortality	3k_main_ceo_initial_data_character_historical_Jia_Kui	3k_main_general_generic_fire	0	3	3k_main_rank_effect_set_records_base	3k_main_attribute_set_general_fire_records	3k_main_skillset_generic_villager_fire	1	1.0000	true
3k_main_template_historical_jia_kui_hero_fire	romance	3k_romance_death_distribution	3k_main_ceo_initial_data_character_historical_Jia_Kui	3k_main_hero_generic_fire	0	3	3k_main_rank_effect_set_romance_base	3k_main_attribute_set_general_fire_romance	3k_main_skillset_generic_villager_fire	1	1.0000	true
3k_main_template_historical_li_dian_hero_metal	historical	3k_standard_death_distribution_no_infant_mortality	3k_main_ceo_initial_data_character_historical_Li_Dian	3k_main_general_generic_metal	0	3	3k_main_rank_effect_set_records_base	3k_main_attribute_set_general_metal_records	3k_main_skillset_li_dian_general_metal	1	1.0000	true
3k_main_template_historical_li_dian_hero_metal	romance	3k_romance_death_distribution	3k_main_ceo_initial_data_character_historical_Li_Dian	3k_main_hero_generic_metal	0	3	3k_main_rank_effect_set_romance_base	3k_main_attribute_set_general_metal_romance	3k_main_skillset_li_dian_general_metal	1	1.0000	true
3k_main_template_historical_li_yan_hero_fire	historical	3k_standard_death_distribution_no_infant_mortality	3k_main_ceo_initial_data_character_historical_Li_Yan	3k_main_general_generic_fire	0	3	3k_main_rank_effect_set_records_base	3k_main_attribute_set_general_fire_records	3k_main_skillset_generic_general_fire	1	1.0000	true
3k_main_template_historical_li_yan_hero_fire	romance	3k_romance_death_distribution	3k_main_ceo_initial_data_character_historical_Li_Yan	3k_main_hero_generic_fire	0	3	3k_main_rank_effect_set_romance_base	3k_main_attribute_set_general_fire_romance	3k_main_skillset_generic_general_fire	1	1.0000	true
3k_main_template_historical_liu_feng_hero_fire	historical	3k_standard_death_distribution_no_infant_mortality	3k_main_ceo_initial_data_character_historical_Liu_Feng	3k_main_general_generic_fire	0	3	3k_main_rank_effect_set_records_base	3k_main_attribute_set_general_fire_records	3k_main_skillset_generic_governor_fire	1	1.0000	true
3k_main_template_historical_liu_feng_hero_fire	romance	3k_romance_death_distribution	3k_main_ceo_initial_data_character_historical_Liu_Feng	3k_main_hero_generic_fire	0	3	3k_main_rank_effect_set_romance_base	3k_main_attribute_set_general_fire_romance	3k_main_skillset_generic_governor_fire	1	1.0000	true
3k_main_template_historical_liu_shan_hero_earth	historical	3k_standard_death_distribution_no_infant_mortality	3k_main_ceo_initial_data_character_historical_Liu_Shan	3k_main_general_generic_earth	0	3	3k_main_rank_effect_set_records_earth_commander	3k_main_attribute_set_general_earth_records	3k_main_skillset_liu_shan_minister_earth	1	0.0050	true
3k_main_template_historical_liu_shan_hero_earth	romance	3k_romance_death_distribution	3k_main_ceo_initial_data_character_historical_Liu_Shan	3k_main_hero_generic_earth	0	3	3k_main_rank_effect_set_romance_earth_commander	3k_main_attribute_set_general_earth_romance	3k_main_skillset_liu_shan_minister_earth	1	0.0500	true
3k_main_template_historical_luo_tong_hero_fire	historical	3k_standard_death_distribution_no_infant_mortality	3k_main_ceo_initial_data_character_historical_Luo_Tong	3k_main_general_generic_fire	1	1	3k_main_rank_effect_set_records_base	3k_main_attribute_set_general_fire_records	3k_main_skillset_luo_tong_villager_fire	1	1.0000	true
3k_main_template_historical_luo_tong_hero_fire	romance	3k_romance_death_distribution	3k_main_ceo_initial_data_character_historical_Luo_Tong	3k_main_hero_generic_fire	1	1	3k_main_rank_effect_set_romance_base	3k_main_attribute_set_general_fire_romance	3k_main_skillset_luo_tong_villager_fire	1	1.0000	true
3k_main_template_historical_man_chong_hero_fire	historical	3k_standard_death_distribution_no_infant_mortality	3k_main_ceo_initial_data_character_historical_Man_Chong	3k_main_general_generic_fire	0	3	3k_main_rank_effect_set_records_base	3k_main_attribute_set_general_fire_records	3k_main_skillset_man_chong_governor_fire	1	1.0000	true
3k_main_template_historical_man_chong_hero_fire	romance	3k_romance_death_distribution	3k_main_ceo_initial_data_character_historical_Man_Chong	3k_main_hero_generic_fire	0	3	3k_main_rank_effect_set_romance_base	3k_main_attribute_set_general_fire_romance	3k_main_skillset_man_chong_governor_fire	1	1.0000	true
3k_main_template_historical_mi_heng_hero_water	historical	3k_standard_death_distribution_no_infant_mortality	3k_main_ceo_initial_data_character_historical_Mi_Heng	3k_main_general_generic_water_strategist	0	3	3k_main_rank_effect_set_records_water_strategist	3k_main_attribute_set_general_water_records	3k_main_skillset_mi_heng_water_strategist	1	1.0000	true
3k_main_template_historical_mi_heng_hero_water	romance	3k_romance_death_distribution	3k_main_ceo_initial_data_character_historical_Mi_Heng	3k_main_hero_generic_water_strategist	0	3	3k_main_rank_effect_set_romance_water_strategist	3k_main_attribute_set_general_water_romance	3k_main_skillset_mi_heng_water_strategist	1	1.0000	true
3k_main_template_historical_sima_shi_hero_earth	historical	3k_standard_death_distribution_no_infant_mortality	3k_main_ceo_initial_data_character_historical_Sima_Shi	3k_main_general_generic_earth	0	3	3k_main_rank_effect_set_records_earth_commander	3k_main_attribute_set_general_earth_records	3k_main_skillset_sima_shi_minister_earth	1	1.0000	true
3k_main_template_historical_sima_shi_hero_earth	romance	3k_romance_death_distribution	3k_main_ceo_initial_data_character_historical_Sima_Shi	3k_main_hero_generic_earth	0	3	3k_main_rank_effect_set_romance_earth_commander	3k_main_attribute_set_general_earth_romance	3k_main_skillset_sima_shi_minister_earth	1	1.0000	true
3k_main_template_historical_sima_zhao_hero_earth	historical	3k_standard_death_distribution_no_infant_mortality	3k_main_ceo_initial_data_character_historical_Sima_Zhao	3k_main_general_generic_earth	0	3	3k_main_rank_effect_set_records_earth_commander	3k_main_attribute_set_general_earth_records	3k_main_skillset_sima_zhao_minister_earth	1	1.0000	true
3k_main_template_historical_sima_zhao_hero_earth	romance	3k_romance_death_distribution	3k_main_ceo_initial_data_character_historical_Sima_Zhao	3k_main_hero_generic_earth	0	3	3k_main_rank_effect_set_romance_earth_commander	3k_main_attribute_set_general_earth_romance	3k_main_skillset_sima_zhao_minister_earth	1	1.0000	true
3k_main_template_historical_wang_yi_hero_earth	historical	3k_standard_death_distribution_no_infant_mortality	3k_main_ceo_initial_data_character_historical_Wang_Yi	3k_main_general_generic_earth	0	3	3k_main_rank_effect_set_records_earth_commander	3k_main_attribute_set_general_earth_records	3k_main_skillset_wang_yi_earth	1	1.0000	true
3k_main_template_historical_wang_yi_hero_earth	romance	3k_romance_death_distribution	3k_main_ceo_initial_data_character_historical_Wang_Yi	3k_main_hero_generic_earth	0	3	3k_main_rank_effect_set_romance_earth_commander	3k_main_attribute_set_general_earth_romance	3k_main_skillset_wang_yi_earth	1	1.0000	true
3k_main_template_historical_wang_yuanji_hero_earth	historical	3k_standard_death_distribution_no_infant_mortality	3k_main_ceo_initial_data_character_historical_Wang_Yuanji	3k_main_general_generic_earth	0	3	3k_main_rank_effect_set_records_earth_commander	3k_main_attribute_set_general_earth_records	3k_main_skillset_wang_yuanji_envoy_earth	1	1.0000	true
3k_main_template_historical_wang_yuanji_hero_earth	romance	3k_romance_death_distribution	3k_main_ceo_initial_data_character_historical_Wang_Yuanji	3k_main_hero_generic_earth	0	3	3k_main_rank_effect_set_romance_earth_commander	3k_main_attribute_set_general_earth_romance	3k_main_skillset_wang_yuanji_envoy_earth	1	1.0000	true
3k_main_template_historical_guo_huai_hero_earth	historical	3k_standard_death_distribution_no_infant_mortality	3k_main_ceo_initial_data_character_historical_Guo_Huai	3k_main_general_generic_earth	0	3	3k_main_rank_effect_set_records_earth_commander	3k_main_attribute_set_general_earth_records	3k_main_skillset_guo_huai_general_earth	1	1.0000	true
3k_main_template_historical_guo_huai_hero_earth	romance	3k_romance_death_distribution	3k_main_ceo_initial_data_character_historical_Guo_Huai	3k_main_hero_generic_earth	0	3	3k_main_rank_effect_set_romance_earth_commander	3k_main_attribute_set_general_earth_romance	3k_main_skillset_guo_huai_general_earth	1	1.0000	true
3k_main_template_historical_guan_ping_hero_fire	historical	3k_standard_death_distribution_no_infant_mortality	3k_main_ceo_initial_data_character_historical_Guan_Ping	3k_main_general_generic_fire	0	3	3k_main_rank_effect_set_records_base	3k_main_attribute_set_general_fire_records	3k_main_skillset_guan_ping_general_fire	1	0.0050	true
3k_main_template_historical_guan_ping_hero_fire	romance	3k_romance_death_distribution	3k_main_ceo_initial_data_character_historical_Guan_Ping	3k_main_hero_generic_fire	0	3	3k_main_rank_effect_set_romance_base	3k_main_attribute_set_general_fire_romance	3k_main_skillset_guan_ping_general_fire	1	0.0500	true
3k_main_template_historical_guan_xing_hero_wood	historical	3k_standard_death_distribution_no_infant_mortality	3k_main_ceo_initial_data_character_historical_Guan_Xing	3k_main_general_generic_wood	0	3	3k_main_rank_effect_set_records_base	3k_main_attribute_set_general_wood_records	3k_main_skillset_historical_guan_xing	1	1.0000	true
3k_main_template_historical_guan_xing_hero_wood	romance	3k_romance_death_distribution	3k_main_ceo_initial_data_character_historical_Guan_Xing	3k_main_hero_generic_wood	0	3	3k_main_rank_effect_set_romance_base	3k_main_attribute_set_general_wood_romance	3k_main_skillset_historical_guan_xing	1	1.0000	true
3k_main_template_historical_deng_ai_hero_metal	historical	3k_standard_death_distribution_no_infant_mortality	3k_main_ceo_initial_data_character_historical_Deng_Ai	3k_main_general_generic_metal	0	3	3k_main_rank_effect_set_records_base	3k_main_attribute_set_general_metal_records	3k_main_skillset_deng_ai_general_metal	1	1.0000	true
3k_main_template_historical_deng_ai_hero_metal	romance	3k_romance_death_distribution	3k_main_ceo_initial_data_character_historical_Deng_Ai	3k_main_hero_generic_metal	0	3	3k_main_rank_effect_set_romance_base	3k_main_attribute_set_general_metal_romance	3k_main_skillset_deng_ai_general_metal	1	1.0000	true
3k_main_template_historical_xiahou_ba_hero_fire	historical	3k_standard_death_distribution_no_infant_mortality	3k_main_ceo_initial_data_character_historical_Xiahou_Ba	3k_main_general_generic_fire	0	3	3k_main_rank_effect_set_records_base	3k_main_attribute_set_general_fire_records	3k_main_skillset_xiahou_ba_general_fire	1	1.0000	true
3k_main_template_historical_xiahou_ba_hero_fire	romance	3k_romance_death_distribution	3k_main_ceo_initial_data_character_historical_Xiahou_Ba	3k_main_hero_generic_fire	0	3	3k_main_rank_effect_set_romance_base	3k_main_attribute_set_general_fire_romance	3k_main_skillset_xiahou_ba_general_fire	1	1.0000	true
3k_main_template_historical_xin_xianying_hero_water	historical	3k_standard_death_distribution_no_infant_mortality	3k_main_ceo_initial_data_character_historical_Xin_Xianying	3k_main_general_generic_water_strategist	0	3	3k_main_rank_effect_set_records_water_strategist	3k_main_attribute_set_general_water_records	3k_main_skillset_xin_xinyang_envoy_water_strategist	1	1.0000	true
3k_main_template_historical_xin_xianying_hero_water	romance	3k_romance_death_distribution	3k_main_ceo_initial_data_character_historical_Xin_Xianying	3k_main_hero_generic_water_strategist	0	3	3k_main_rank_effect_set_romance_water_strategist	3k_main_attribute_set_general_water_romance	3k_main_skillset_xin_xinyang_envoy_water_strategist	1	1.0000	true
3k_main_template_historical_zhang_chunhua_hero_water	historical	3k_standard_death_distribution_no_infant_mortality	3k_main_ceo_initial_data_character_historical_Zhang_Chunhua	3k_main_general_generic_water_strategist	0	3	3k_main_rank_effect_set_records_water_strategist	3k_main_attribute_set_general_water_records	3k_main_skillset_zhang_chunhua_envoy_water_strategist	1	1.0000	true
3k_main_template_historical_zhang_chunhua_hero_water	romance	3k_romance_death_distribution	3k_main_ceo_initial_data_character_historical_Zhang_Chunhua	3k_main_hero_generic_water_strategist	0	3	3k_main_rank_effect_set_romance_water_strategist	3k_main_attribute_set_general_water_romance	3k_main_skillset_zhang_chunhua_envoy_water_strategist	1	1.0000	true
3k_main_template_historical_zhong_yao_hero_water	historical	3k_standard_death_distribution_no_infant_mortality	3k_main_ceo_initial_data_character_historical_Zhong_Yao	3k_main_general_generic_water_strategist	0	3	3k_main_rank_effect_set_records_water_strategist	3k_main_attribute_set_general_water_records	3k_main_skillset_zhong_yao_governor_water_strategist	1	1.0000	true
3k_main_template_historical_zhong_yao_hero_water	romance	3k_romance_death_distribution	3k_main_ceo_initial_data_character_historical_Zhong_Yao	3k_main_hero_generic_water_strategist	0	3	3k_main_rank_effect_set_romance_water_strategist	3k_main_attribute_set_general_water_romance	3k_main_skillset_zhong_yao_governor_water_strategist	1	1.0000	true
3k_main_template_historical_tuoba_liwei_hero_wood	historical	3k_standard_death_distribution_no_infant_mortality	3k_main_ceo_initial_data_character_historical_tuoba_liwei	3k_main_general_xianbei_sword_cavalry_metal	0	3	3k_main_rank_effect_set_records_base	3k_main_attribute_set_general_xianbei_records	3k_main_skillset_xianbei_minister_metal	1	1.0000	true
3k_main_template_historical_tuoba_liwei_hero_wood	romance	3k_romance_death_distribution	3k_main_ceo_initial_data_character_historical_tuoba_liwei	3k_main_hero_xianbei_sword_cavalry_metal	0	3	3k_main_rank_effect_set_romance_base	3k_main_attribute_set_general_xianbei_romance	3k_main_skillset_xianbei_minister_metal	1	1.0000	true
3k_main_template_historical_jia_chong_hero_water	historical	3k_standard_death_distribution_no_infant_mortality	3k_main_ceo_initial_data_character_historical_Jia_Chong	3k_main_general_generic_water_strategist	0	3	3k_main_rank_effect_set_records_water_strategist	3k_main_attribute_set_general_water_records	3k_main_skillset_jia_chong_minister_water_strategist	1	1.0000	true
3k_main_template_historical_jia_chong_hero_water	romance	3k_romance_death_distribution	3k_main_ceo_initial_data_character_historical_Jia_Chong	3k_main_hero_generic_water_strategist	0	3	3k_main_rank_effect_set_romance_water_strategist	3k_main_attribute_set_general_water_romance	3k_main_skillset_jia_chong_minister_water_strategist	1	1.0000	true
ironic_template_fictional_bao_sanniang_hero_fire	historical	3k_standard_death_distribution_no_infant_mortality	3k_main_ceo_initial_data_character_historical_Bao_Sanniang	3k_main_general_generic_fire	0	3	3k_main_rank_effect_set_records_base	3k_main_attribute_set_general_fire_records	3k_main_skillset_generic_envoy_fire	1	0.0050	true
ironic_template_fictional_bao_sanniang_hero_fire	romance	3k_romance_death_distribution	3k_main_ceo_initial_data_character_historical_Bao_Sanniang	3k_main_hero_generic_fire	0	3	3k_main_rank_effect_set_romance_base	3k_main_attribute_set_general_fire_romance	3k_main_skillset_generic_envoy_fire	1	0.0500	true
ironic_template_fictional_guan_suo_hero_wood	historical	3k_standard_death_distribution_no_infant_mortality	3k_main_ceo_initial_data_character_historical_Guan_Suo	3k_main_general_generic_wood	0	3	3k_main_rank_effect_set_records_base	3k_main_attribute_set_general_wood_records	3k_main_skillset_guan_suo_general_wood	1	1.0000	true
ironic_template_fictional_guan_suo_hero_wood	romance	3k_romance_death_distribution	3k_main_ceo_initial_data_character_historical_Guan_Suo	3k_main_hero_generic_wood	0	3	3k_main_rank_effect_set_romance_base	3k_main_attribute_set_general_wood_romance	3k_main_skillset_guan_suo_general_wood	1	1.0000	true
ironic_template_historical_chen_dao_hero_earth	historical	3k_standard_death_distribution_no_infant_mortality	3k_main_ceo_initial_data_character_historical_Chen_Dao	3k_main_general_generic_earth	0	3	3k_main_rank_effect_set_records_earth_commander	3k_main_attribute_set_general_earth_records	3k_main_skillset_chen_dao_general_earth	1	0.0050	true
ironic_template_historical_chen_dao_hero_earth	romance	3k_romance_death_distribution	3k_main_ceo_initial_data_character_historical_Chen_Dao	3k_main_hero_generic_earth	0	3	3k_main_rank_effect_set_romance_earth_commander	3k_main_attribute_set_general_earth_romance	3k_main_skillset_chen_dao_general_earth	1	0.0500	true
ironic_template_historical_zhong_hui_hero_earth	historical	3k_standard_death_distribution_no_infant_mortality	3k_main_ceo_initial_data_character_historical_Zhong_Hui	3k_main_general_generic_earth	0	3	3k_main_rank_effect_set_records_earth_commander	3k_main_attribute_set_general_earth_records	3k_main_skillset_zhong_hui_general_earth	1	0.0050	true
ironic_template_historical_zhong_hui_hero_earth	romance	3k_romance_death_distribution	3k_main_ceo_initial_data_character_historical_Zhong_Hui	3k_main_hero_generic_earth	0	3	3k_main_rank_effect_set_romance_earth_commander	3k_main_attribute_set_general_earth_romance	3k_main_skillset_zhong_hui_general_earth	1	0.0500	true
ironic_template_historical_pan_feng_hero_fire	historical	3k_standard_death_distribution_no_infant_mortality	3k_main_ceo_initial_data_character_historical_Pan_Feng	3k_main_general_generic_fire	0	3	3k_main_rank_effect_set_records_base	3k_main_attribute_set_general_fire_records	3k_main_skillset_pan_feng_fire_general	1	0.0050	true
ironic_template_historical_pan_feng_hero_fire	romance	3k_romance_death_distribution	3k_main_ceo_initial_data_character_historical_Pan_Feng	3k_main_hero_generic_fire	0	3	3k_main_rank_effect_set_romance_base	3k_main_attribute_set_general_fire_romance	3k_main_skillset_pan_feng_fire_general	1	0.0500	true
ironic_template_historical_budugen_hero_metal	historical	3k_standard_death_distribution_no_infant_mortality	3k_main_ceo_initial_data_character_historical_Budugen	3k_main_general_xianbei_sword_cavalry_metal	0	0	3k_main_rank_effect_set_records_base	3k_main_attribute_set_general_xianbei_records	3k_main_skillset_xianbei_general_metal	1	1.0000	true
ironic_template_historical_budugen_hero_metal	romance	3k_romance_death_distribution	3k_main_ceo_initial_data_character_historical_Budugen	3k_main_hero_xianbei_sword_cavalry_metal	0	0	3k_main_rank_effect_set_romance_base	3k_main_attribute_set_general_xianbei_romance	3k_main_skillset_xianbei_general_metal	1	1.0000	true
ironic_template_historical_chenglugui_hero_metal	historical	3k_standard_death_distribution_no_infant_mortality	3k_main_ceo_initial_data_character_historical_Chenglugui	3k_main_general_xianbei_shock_cavalry_metal	0	0	3k_main_rank_effect_set_records_base	3k_main_attribute_set_general_xianbei_records	3k_main_skillset_xianbei_general_metal	1	1.0000	true
ironic_template_historical_chenglugui_hero_metal	romance	3k_romance_death_distribution	3k_main_ceo_initial_data_character_historical_Chenglugui	3k_main_hero_xianbei_shock_cavalry_metal	0	0	3k_main_rank_effect_set_romance_base	3k_main_attribute_set_general_xianbei_romance	3k_main_skillset_xianbei_general_metal	1	1.0000	true
ironic_template_historical_fulohan_hero_metal	historical	3k_standard_death_distribution_no_infant_mortality	3k_main_ceo_initial_data_character_historical_Fulohan	3k_main_general_xianbei_sword_cavalry_metal	0	0	3k_main_rank_effect_set_records_base	3k_main_attribute_set_general_xianbei_records	3k_main_skillset_xianbei_general_metal	1	1.0000	true
ironic_template_historical_fulohan_hero_metal	romance	3k_romance_death_distribution	3k_main_ceo_initial_data_character_historical_Fulohan	3k_main_hero_xianbei_sword_cavalry_metal	0	0	3k_main_rank_effect_set_romance_base	3k_main_attribute_set_general_xianbei_romance	3k_main_skillset_xianbei_general_metal	1	1.0000	true
ironic_template_historical_kebineng_hero_metal	historical	3k_standard_death_distribution_no_infant_mortality	3k_main_ceo_initial_data_character_historical_Kebineng	3k_main_general_xianbei_ranged_cavalry_metal	0	0	3k_main_rank_effect_set_records_base	3k_main_attribute_set_general_xianbei_records	3k_main_skillset_xianbei_minister_metal	1	1.0000	true
ironic_template_historical_kebineng_hero_metal	romance	3k_romance_death_distribution	3k_main_ceo_initial_data_character_historical_Kebineng	3k_main_hero_xianbei_ranged_cavalry_metal	0	0	3k_main_rank_effect_set_romance_base	3k_main_attribute_set_general_xianbei_romance	3k_main_skillset_xianbei_minister_metal	1	1.0000	true
ironic_template_historical_kuitou_hero_metal	historical	3k_standard_death_distribution_no_infant_mortality	3k_main_ceo_initial_data_character_historical_Kuitou	3k_main_general_kuitou_metal	0	0	3k_main_rank_effect_set_records_base	3k_main_attribute_set_general_xianbei_records	3k_main_skillset_xianbei_minister_metal	1	1.0000	true
ironic_template_historical_kuitou_hero_metal	romance	3k_romance_death_distribution	3k_main_ceo_initial_data_character_historical_Kuitou	3k_main_hero_kuitou_metal	0	0	3k_main_rank_effect_set_romance_base	3k_main_attribute_set_general_xianbei_romance	3k_main_skillset_xianbei_minister_metal	1	1.0000	true
ironic_template_historical_mohuba_hero_metal	historical	3k_standard_death_distribution_no_infant_mortality	3k_main_ceo_initial_data_character_historical_Mohuba	3k_main_general_xianbei_shock_cavalry_metal	0	0	3k_main_rank_effect_set_records_base	3k_main_attribute_set_general_xianbei_records	3k_main_skillset_xianbei_general_metal	1	1.0000	true
ironic_template_historical_mohuba_hero_metal	romance	3k_romance_death_distribution	3k_main_ceo_initial_data_character_historical_Mohuba	3k_main_hero_xianbei_shock_cavalry_metal	0	0	3k_main_rank_effect_set_romance_base	3k_main_attribute_set_general_xianbei_romance	3k_main_skillset_xianbei_general_metal	1	1.0000	true
ironic_template_historical_qlianman_hero_metal	historical	3k_standard_death_distribution_no_infant_mortality	3k_main_ceo_initial_data_character_historical_QIianman	3k_main_general_xianbei_ranged_cavalry_metal	0	0	3k_main_rank_effect_set_records_base	3k_main_attribute_set_general_xianbei_records	3k_main_skillset_xianbei_governor_metal	1	1.0000	true
ironic_template_historical_qlianman_hero_metal	romance	3k_romance_death_distribution	3k_main_ceo_initial_data_character_historical_QIianman	3k_main_hero_xianbei_ranged_cavalry_metal	0	0	3k_main_rank_effect_set_romance_base	3k_main_attribute_set_general_xianbei_romance	3k_main_skillset_xianbei_governor_metal	1	1.0000	true
ironic_template_historical_Suli_hero_metal	historical	3k_standard_death_distribution_no_infant_mortality	3k_main_ceo_initial_data_character_historical_Suli	3k_main_general_xianbei_shock_cavalry_metal	0	0	3k_main_rank_effect_set_records_base	3k_main_attribute_set_general_xianbei_records	3k_main_skillset_xianbei_governor_metal	1	1.0000	true
ironic_template_historical_Suli_hero_metal	romance	3k_romance_death_distribution	3k_main_ceo_initial_data_character_historical_Suli	3k_main_hero_xianbei_shock_cavalry_metal	0	0	3k_main_rank_effect_set_romance_base	3k_main_attribute_set_general_xianbei_romance	3k_main_skillset_xianbei_governor_metal	1	1.0000	true
ironic_template_historical_tufa_pigu_hero_metal	historical	3k_standard_death_distribution_no_infant_mortality	3k_main_ceo_initial_data_character_historical_tufa_pigu	3k_main_general_xianbei_general_cavalry_metal	0	0	3k_main_rank_effect_set_records_base	3k_main_attribute_set_general_xianbei_records	3k_main_skillset_xianbei_general_metal	1	1.0000	true
ironic_template_historical_tufa_pigu_hero_metal	romance	3k_romance_death_distribution	3k_main_ceo_initial_data_character_historical_tufa_pigu	3k_main_hero_xianbei_general_cavalry_metal	0	0	3k_main_rank_effect_set_romance_base	3k_main_attribute_set_general_xianbei_romance	3k_main_skillset_xianbei_general_metal	1	1.0000	true
ironic_template_historical_tuoba_jiefan_hero_metal	historical	3k_standard_death_distribution_no_infant_mortality	3k_main_ceo_initial_data_character_historical_tuoba_jiefan	3k_main_general_xianbei_ranged_cavalry_metal	0	0	3k_main_rank_effect_set_records_base	3k_main_attribute_set_general_xianbei_records	3k_main_skillset_xianbei_minister_metal	1	1.0000	true
ironic_template_historical_tuoba_jiefan_hero_metal	romance	3k_romance_death_distribution	3k_main_ceo_initial_data_character_historical_tuoba_jiefan	3k_main_hero_xianbei_ranged_cavalry_metal	0	0	3k_main_rank_effect_set_romance_base	3k_main_attribute_set_general_xianbei_romance	3k_main_skillset_xianbei_minister_metal	1	1.0000	true
3k_main_template_historical_guo_nuwang_hero_earth	historical	3k_standard_death_distribution_no_infant_mortality	3k_main_ceo_initial_data_character_historical_guo_nuwang	3k_main_general_generic_earth	0	3	3k_main_rank_effect_set_records_earth_commander	3k_main_attribute_set_general_earth_records	3k_main_skillset_generic_minister_earth	1	1.0000	true
3k_main_template_historical_guo_nuwang_hero_earth	romance	3k_romance_death_distribution	3k_main_ceo_initial_data_character_historical_guo_nuwang	3k_main_hero_generic_earth	0	3	3k_main_rank_effect_set_romance_earth_commander	3k_main_attribute_set_general_earth_romance	3k_main_skillset_generic_minister_earth	1	1.0000	true
3k_main_template_historical_guo_tu_hero_water	historical	3k_standard_death_distribution_no_infant_mortality	3k_main_ceo_initial_data_character_historical_guo_tu	3k_main_general_generic_water_strategist	0	3	3k_main_rank_effect_set_records_water_strategist	3k_main_attribute_set_general_water_records	3k_main_skillset_generic_envoy_water_strategist	1	1.0000	true
3k_main_template_historical_guo_tu_hero_water	romance	3k_romance_death_distribution	3k_main_ceo_initial_data_character_historical_guo_tu	3k_main_hero_generic_water_strategist	0	3	3k_main_rank_effect_set_romance_water_strategist	3k_main_attribute_set_general_water_romance	3k_main_skillset_generic_envoy_water_strategist	1	1.0000	true
3k_main_template_historical_pang_ji_hero_water	historical	3k_standard_death_distribution_no_infant_mortality	3k_main_ceo_initial_data_character_historical_pang_ji`	3k_main_general_generic_water_strategist	0	3	3k_main_rank_effect_set_records_water_strategist	3k_main_attribute_set_general_water_records	3k_main_skillset_generic_general_water_strategist	1	1.0000	true
3k_main_template_historical_pang_ji_hero_water	romance	3k_romance_death_distribution	3k_main_ceo_initial_data_character_historical_pang_ji`	3k_main_hero_generic_water_strategist	0	3	3k_main_rank_effect_set_romance_water_strategist	3k_main_attribute_set_general_water_romance	3k_main_skillset_generic_general_water_strategist	1	1.0000	true
3k_main_template_historical_tian_yu_hero_fire	historical	3k_standard_death_distribution_no_infant_mortality	3k_main_ceo_initial_data_character_historical_tian_yu	3k_main_general_generic_fire	0	3	3k_main_rank_effect_set_records_base	3k_main_attribute_set_general_fire_records	3k_main_skillset_generic_general_fire	1	1.0000	true
3k_main_template_historical_tian_yu_hero_fire	romance	3k_romance_death_distribution	3k_main_ceo_initial_data_character_historical_tian_yu	3k_main_hero_generic_fire	0	3	3k_main_rank_effect_set_romance_base	3k_main_attribute_set_general_fire_romance	3k_main_skillset_generic_general_fire	1	1.0000	true
3k_main_template_historical_zao_zhi_hero_wood	historical	3k_standard_death_distribution_no_infant_mortality	3k_main_ceo_initial_data_character_historical_zao_zhi	3k_main_general_generic_wood	0	0	3k_main_rank_effect_set_records_base	3k_main_attribute_set_general_wood_records	3k_main_skillset_generic_general_wood	1	1.0000	true
3k_main_template_historical_zao_zhi_hero_wood	romance	3k_romance_death_distribution	3k_main_ceo_initial_data_character_historical_zao_zhi	3k_main_hero_generic_wood	0	0	3k_main_rank_effect_set_romance_base	3k_main_attribute_set_general_wood_romance	3k_main_skillset_generic_general_wood	1	1.0000	true
3k_main_template_historical_jia_long_hero_metal	historical	3k_standard_death_distribution_no_infant_mortality	3k_main_ceo_initial_data_character_historical_jia_long	3k_main_general_jia_long_metal	0	0	3k_main_rank_effect_set_records_base	3k_main_attribute_set_general_metal_records	3k_main_skillset_generic_minister_metal	1	1.0000	true
3k_main_template_historical_jia_long_hero_metal	romance	3k_romance_death_distribution	3k_main_ceo_initial_data_character_historical_jia_long	3k_main_hero_jia_long_metal	0	0	3k_main_rank_effect_set_romance_base	3k_main_attribute_set_general_metal_romance	3k_main_skillset_generic_minister_metal	1	1.0000	true
3k_main_template_historical_bian_rang_hero_water	historical	3k_standard_death_distribution_no_infant_mortality	3k_main_ceo_initial_data_character_historical_bian_rang_ironic	ironic_190e_general_bian_rang_water	0	0	3k_main_rank_effect_set_records_water_strategist	3k_main_attribute_set_general_water_records	3k_main_skillset_generic_villager_water_strategist	1	1.0000	true
3k_main_template_historical_bian_rang_hero_water	romance	3k_romance_death_distribution	3k_main_ceo_initial_data_character_historical_bian_rang_ironic	ironic_190e_hero_bian_rang_water	0	0	3k_main_rank_effect_set_romance_water_strategist	3k_main_attribute_set_general_water_romance	3k_main_skillset_generic_villager_water_strategist	1	1.0000	true
3k_main_template_historical_chen_heng_hero_metal	historical	3k_standard_death_distribution_no_infant_mortality	3k_main_ceo_initial_data_character_historical_chen_heng	3k_main_general_generic_metal	0	0	3k_main_rank_effect_set_records_base	3k_main_attribute_set_general_metal_records	3k_main_skillset_generic_minister_metal	1	1.0000	true
3k_main_template_historical_chen_heng_hero_metal	romance	3k_romance_death_distribution	3k_main_ceo_initial_data_character_historical_chen_heng	3k_main_hero_generic_metal	0	0	3k_main_rank_effect_set_romance_base	3k_main_attribute_set_general_metal_romance	3k_main_skillset_generic_minister_metal	1	1.0000	true
3k_dlc05_template_historical_chen_yu_hero_water	historical	3k_standard_death_distribution_no_infant_mortality	3k_main_ceo_initial_data_character_historical_chen_yu	3k_main_general_generic_water_strategist	0	0	3k_main_rank_effect_set_records_water_strategist	3k_main_attribute_set_general_water_records	3k_main_skillset_generic_agent_water_strategist	1	1.0000	true
3k_dlc05_template_historical_chen_yu_hero_water	romance	3k_romance_death_distribution	3k_main_ceo_initial_data_character_historical_chen_yu	3k_main_hero_generic_water_strategist	0	0	3k_main_rank_effect_set_romance_water_strategist	3k_main_attribute_set_general_water_romance	3k_main_skillset_generic_agent_water_strategist	1	1.0000	true
3k_main_template_historical_dong_zhao_hero_water	historical	3k_standard_death_distribution_no_infant_mortality	3k_main_ceo_initial_data_character_historical_dong_zhao_unique	3k_main_general_generic_water_strategist	0	3	3k_main_rank_effect_set_records_water_strategist	3k_main_attribute_set_general_water_records	3k_main_skillset_generic_envoy_water_strategist	1	1.0000	true
3k_main_template_historical_dong_zhao_hero_water	romance	3k_romance_death_distribution	3k_main_ceo_initial_data_character_historical_dong_zhao_unique	3k_main_hero_generic_water_strategist	0	3	3k_main_rank_effect_set_romance_water_strategist	3k_main_attribute_set_general_water_romance	3k_main_skillset_generic_envoy_water_strategist	1	1.0000	true
3k_main_template_historical_gao_rou_hero_water	historical	3k_standard_death_distribution_no_infant_mortality	3k_main_ceo_initial_data_character_historical_gao_rou	3k_main_general_generic_water_strategist	0	0	3k_main_rank_effect_set_records_water_strategist	3k_main_attribute_set_general_water_records	3k_main_skillset_generic_villager_water_strategist	1	1.0000	true
3k_main_template_historical_gao_rou_hero_water	romance	3k_romance_death_distribution	3k_main_ceo_initial_data_character_historical_gao_rou	3k_main_hero_generic_water_strategist	0	0	3k_main_rank_effect_set_romance_water_strategist	3k_main_attribute_set_general_water_romance	3k_main_skillset_generic_villager_water_strategist	1	1.0000	true
3k_main_template_historical_hao_meng_hero_fire	historical	3k_standard_death_distribution_no_infant_mortality	3k_main_ceo_initial_data_character_historical_hao_meng	3k_main_general_generic_fire	0	1	3k_main_rank_effect_set_records_base	3k_main_attribute_set_general_fire_records	3k_main_skillset_generic_general_fire	1	1.0000	true
3k_main_template_historical_hao_meng_hero_fire	romance	3k_romance_death_distribution	3k_main_ceo_initial_data_character_historical_hao_meng	3k_main_hero_generic_fire	0	1	3k_main_rank_effect_set_romance_base	3k_main_attribute_set_general_fire_romance	3k_main_skillset_generic_general_fire	1	1.0000	true
3k_main_template_historical_huo_jun_hero_fire	historical	3k_standard_death_distribution_no_infant_mortality	3k_main_ceo_initial_data_character_historical_huo_jun	3k_main_general_generic_fire	0	3	3k_main_rank_effect_set_records_base	3k_main_attribute_set_general_fire_records	3k_main_skillset_generic_minister_fire	1	1.0000	true
3k_main_template_historical_huo_jun_hero_fire	romance	3k_romance_death_distribution	3k_main_ceo_initial_data_character_historical_huo_jun	3k_main_hero_generic_fire	0	3	3k_main_rank_effect_set_romance_base	3k_main_attribute_set_general_fire_romance	3k_main_skillset_generic_minister_fire	1	1.0000	true
3k_main_template_historical_huo_nu_hero_wood	historical	3k_standard_death_distribution_no_infant_mortality	3k_main_ceo_initial_data_character_historical_huo_nu	3k_main_general_generic_wood	0	3	3k_main_rank_effect_set_records_base	3k_main_attribute_set_general_wood_records	3k_main_skillset_generic_agent_wood	1	1.0000	true
3k_main_template_historical_huo_nu_hero_wood	romance	3k_romance_death_distribution	3k_main_ceo_initial_data_character_historical_huo_nu	3k_main_hero_generic_wood	0	3	3k_main_rank_effect_set_romance_base	3k_main_attribute_set_general_wood_romance	3k_main_skillset_generic_agent_wood	1	1.0000	true
3k_main_template_historical_ji_ben_hero_wood	historical	3k_standard_death_distribution_no_infant_mortality	3k_main_ceo_initial_data_character_historical_ji_ben	3k_main_general_generic_wood	0	3	3k_main_rank_effect_set_records_base	3k_main_attribute_set_general_wood_records	3k_main_skillset_generic_envoy_wood	1	1.0000	true
3k_main_template_historical_ji_ben_hero_wood	romance	3k_romance_death_distribution	3k_main_ceo_initial_data_character_historical_ji_ben	3k_main_hero_generic_wood	0	3	3k_main_rank_effect_set_romance_base	3k_main_attribute_set_general_wood_romance	3k_main_skillset_generic_envoy_wood	1	1.0000	true
3k_main_template_generated_lady_liu_jiejie_hero_earth	historical	3k_standard_death_distribution_no_infant_mortality	3k_main_ceo_initial_data_character_historical_jue_jiejie	3k_main_general_generic_earth	0	0	3k_main_rank_effect_set_records_earth_commander	3k_main_attribute_set_general_earth_records	3k_main_skillset_generic_general_earth	1	1.0000	true
3k_main_template_generated_lady_liu_jiejie_hero_earth	romance	3k_romance_death_distribution	3k_main_ceo_initial_data_character_historical_jue_jiejie	3k_main_hero_generic_earth	0	0	3k_main_rank_effect_set_romance_earth_commander	3k_main_attribute_set_general_earth_romance	3k_main_skillset_generic_general_earth	1	1.0000	true
3k_main_template_historical_li_tong_hero_fire	historical	3k_standard_death_distribution_no_infant_mortality	3k_main_ceo_initial_data_character_historical_li_tong	3k_main_general_generic_fire	0	3	3k_main_rank_effect_set_records_base	3k_main_attribute_set_general_fire_records	3k_main_skillset_generic_villager_fire	1	1.0000	true
3k_main_template_historical_li_tong_hero_fire	romance	3k_romance_death_distribution	3k_main_ceo_initial_data_character_historical_li_tong	3k_main_hero_generic_fire	0	3	3k_main_rank_effect_set_romance_base	3k_main_attribute_set_general_fire_romance	3k_main_skillset_generic_villager_fire	1	1.0000	true
3k_main_template_generated_lady_liu_pingming_hero_metal	historical	3k_romance_death_distribution	3k_main_ceo_initial_data_character_historical_liu_pingming	3k_main_general_generic_metal	0	0	3k_main_rank_effect_set_records_base	3k_main_attribute_set_general_metal_records	3k_main_skillset_generic_governor_metal	1	1.0000	true
3k_main_template_generated_lady_liu_pingming_hero_metal	romance	3k_romance_death_distribution	3k_main_ceo_initial_data_character_historical_liu_pingming	3k_main_hero_generic_metal	0	0	3k_main_rank_effect_set_romance_base	3k_main_attribute_set_general_metal_romance	3k_main_skillset_generic_governor_metal	1	1.0000	true
3k_main_template_historical_liu_ji_hero_fire	historical	3k_standard_death_distribution	3k_main_ceo_initial_data_character_historical_liu_ji	3k_main_general_generic_fire	0	0	3k_main_rank_effect_set_records_base	3k_main_attribute_set_general_fire_records	3k_main_skillset_generic_envoy_fire	1	1.0000	true
3k_main_template_historical_liu_ji_hero_fire	romance	3k_romance_death_distribution	3k_main_ceo_initial_data_character_historical_liu_ji	3k_main_hero_generic_fire	0	0	3k_main_rank_effect_set_romance_base	3k_main_attribute_set_general_fire_romance	3k_main_skillset_generic_envoy_fire	1	1.0000	true
3k_main_template_historical_liu_shang_hero_metal	historical	3k_romance_death_distribution	3k_main_ceo_initial_data_character_historical_liu_shang	3k_main_general_generic_metal	0	0	3k_main_rank_effect_set_records_base	3k_main_attribute_set_general_metal_records	3k_main_skillset_generic_governor_metal	1	1.0000	true
3k_main_template_historical_liu_shang_hero_metal	romance	3k_romance_death_distribution	3k_main_ceo_initial_data_character_historical_liu_shang	3k_main_hero_generic_metal	0	0	3k_main_rank_effect_set_romance_base	3k_main_attribute_set_general_metal_romance	3k_main_skillset_generic_governor_metal	1	1.0000	true
3k_main_template_historical_liu_shao_hero_wood	historical	3k_standard_death_distribution	3k_main_ceo_initial_data_character_historical_liu_shuo	3k_main_general_generic_wood	0	0	3k_main_rank_effect_set_records_base	3k_main_attribute_set_general_wood_records	3k_main_skillset_generic_minister_wood	1	1.0000	true
3k_main_template_historical_liu_shao_hero_wood	romance	3k_romance_death_distribution	3k_main_ceo_initial_data_character_historical_liu_shuo	3k_main_hero_generic_wood	0	0	3k_main_rank_effect_set_romance_base	3k_main_attribute_set_general_wood_romance	3k_main_skillset_generic_minister_wood	1	1.0000	true
3k_main_template_historical_liu_ye_hero_water	historical	3k_standard_death_distribution_no_infant_mortality	3k_main_ceo_initial_data_character_historical_liu_ye	3k_main_general_generic_water_strategist	0	3	3k_main_rank_effect_set_records_water_strategist	3k_main_attribute_set_general_water_records	3k_main_skillset_generic_minister_water_strategist	1	1.0000	true
3k_main_template_historical_liu_ye_hero_water	romance	3k_romance_death_distribution	3k_main_ceo_initial_data_character_historical_liu_ye	3k_main_hero_generic_water_strategist	0	3	3k_main_rank_effect_set_romance_water_strategist	3k_main_attribute_set_general_water_romance	3k_main_skillset_generic_minister_water_strategist	1	1.0000	true
3k_main_template_historical_ma_midi_hero_water	historical	3k_standard_death_distribution_no_infant_mortality	3k_main_ceo_initial_data_character_historical_ma_midi	3k_main_general_generic_water_strategist	0	3	3k_main_rank_effect_set_records_water_strategist	3k_main_attribute_set_general_water_records	3k_main_skillset_generic_minister_water_strategist	1	1.0000	true
3k_main_template_historical_ma_midi_hero_water	romance	3k_romance_death_distribution	3k_main_ceo_initial_data_character_historical_ma_midi	3k_main_hero_generic_water_strategist	0	3	3k_main_rank_effect_set_romance_water_strategist	3k_main_attribute_set_general_water_romance	3k_main_skillset_generic_minister_water_strategist	1	1.0000	true
3k_main_template_historical_quan_rou_hero_wood	historical	3k_standard_death_distribution_no_infant_mortality	3k_main_ceo_initial_data_character_historical_quan_rou	3k_main_general_wood_quan_rou	0	0	3k_main_rank_effect_set_records_base	3k_main_attribute_set_general_wood_records	3k_main_skillset_generic_villager_wood	1	1.0000	true
3k_main_template_historical_quan_rou_hero_wood	romance	3k_romance_death_distribution	3k_main_ceo_initial_data_character_historical_quan_rou	3k_main_hero_wood_quan_rou	0	0	3k_main_rank_effect_set_romance_base	3k_main_attribute_set_general_wood_romance	3k_main_skillset_generic_villager_wood	1	1.0000	true
3k_main_template_historical_wei_huang_hero_water	historical	3k_standard_death_distribution_no_infant_mortality	3k_main_ceo_initial_data_character_historical_wei_huang	3k_main_general_generic_wood	0	3	3k_main_rank_effect_set_records_base	3k_main_attribute_set_general_wood_records	3k_main_skillset_generic_general_wood	1	1.0000	true
3k_main_template_historical_wei_huang_hero_water	romance	3k_romance_death_distribution	3k_main_ceo_initial_data_character_historical_wei_huang	3k_main_hero_generic_wood	0	3	3k_main_rank_effect_set_romance_base	3k_main_attribute_set_general_wood_romance	3k_main_skillset_generic_general_wood	1	1.0000	true
3k_main_template_historical_xiahou_jie_hero_fire	historical	3k_standard_death_distribution_no_infant_mortality	3k_main_ceo_initial_data_character_historical_xiahou_jie	3k_main_general_generic_fire	0	3	3k_main_rank_effect_set_records_base	3k_main_attribute_set_general_fire_records	3k_main_skillset_generic_general_fire	1	1.0000	true
3k_main_template_historical_xiahou_jie_hero_fire	romance	3k_romance_death_distribution	3k_main_ceo_initial_data_character_historical_xiahou_jie	3k_main_hero_generic_fire	0	3	3k_main_rank_effect_set_romance_base	3k_main_attribute_set_general_fire_romance	3k_main_skillset_generic_general_fire	1	1.0000	true
3k_main_template_historical_xue_li_hero_metal	historical	3k_standard_death_distribution_no_infant_mortality	3k_main_ceo_initial_data_character_historical_xue_li	3k_main_general_generic_metal	0	0	3k_main_rank_effect_set_records_base	3k_main_attribute_set_general_metal_records	3k_main_skillset_generic_general_metal	1	1.0000	true
3k_main_template_historical_xue_li_hero_metal	romance	3k_romance_death_distribution	3k_main_ceo_initial_data_character_historical_xue_li	3k_main_hero_generic_metal	0	0	3k_main_rank_effect_set_romance_base	3k_main_attribute_set_general_metal_romance	3k_main_skillset_generic_general_metal	1	1.0000	true
3k_main_template_historical_zhang_nan_hero_fire	historical	3k_standard_death_distribution_no_infant_mortality	3k_main_ceo_initial_data_character_historical_zhang_nan	3k_main_general_generic_fire	0	3	3k_main_rank_effect_set_records_base	3k_main_attribute_set_general_fire_records	3k_main_skillset_generic_general_fire	1	1.0000	true
3k_main_template_historical_zhang_nan_hero_fire	romance	3k_romance_death_distribution	3k_main_ceo_initial_data_character_historical_zhang_nan	3k_main_hero_generic_fire	0	3	3k_main_rank_effect_set_romance_base	3k_main_attribute_set_general_fire_romance	3k_main_skillset_generic_general_fire	1	1.0000	true
3k_dlc04_template_historical_zhou_yu_renming_fire	historical	3k_standard_death_distribution_no_infant_mortality	3k_main_ceo_initial_data_character_historical_zhou_yu_renming	3k_main_general_generic_earth	0	3	3k_main_rank_effect_set_records_base	3k_main_attribute_set_general_earth_records	3k_main_skillset_generic_governor_earth	1	1.0000	true
3k_dlc04_template_historical_zhou_yu_renming_fire	romance	3k_romance_death_distribution	3k_main_ceo_initial_data_character_historical_zhou_yu_renming	3k_main_hero_generic_earth	0	3	3k_main_rank_effect_set_romance_base	3k_main_attribute_set_general_earth_romance	3k_main_skillset_generic_governor_earth	1	1.0000	true
3k_main_template_historical_zhu_jun_hero_fire	historical	3k_standard_death_distribution_no_infant_mortality	3k_main_ceo_initial_data_character_historical_zhu_jun	3k_main_general_fire_zhu_jun	0	0	3k_main_rank_effect_set_records_base	3k_main_attribute_set_general_fire_records	3k_main_skillset_generic_minister_fire	1	1.0000	true
3k_main_template_historical_zhu_jun_hero_fire	romance	3k_romance_death_distribution	3k_main_ceo_initial_data_character_historical_zhu_jun	3k_main_hero_fire_zhu_jun	0	0	3k_main_rank_effect_set_romance_base	3k_main_attribute_set_general_fire_romance	3k_main_skillset_generic_minister_fire	1	1.0000	true
3k_main_template_historical_zuozi_hangba_hero_wood	historical	3k_standard_death_distribution_no_infant_mortality	3k_main_ceo_initial_data_character_historical_zuozi_zhangba	3k_main_general_generic_wood	0	3	3k_main_rank_effect_set_records_base	3k_main_attribute_set_general_wood_records	3k_dlc05_skillset_generic_bandit_minister_wood	1	1.0000	true
3k_main_template_historical_zuozi_hangba_hero_wood	romance	3k_romance_death_distribution	3k_main_ceo_initial_data_character_historical_zuozi_zhangba	3k_main_hero_generic_wood	0	3	3k_main_rank_effect_set_romance_base	3k_main_attribute_set_general_wood_romance	3k_dlc05_skillset_generic_bandit_minister_wood	1	1.0000	true
3k_main_template_historical_sun_yi_hero_fire	historical	3k_standard_death_distribution_no_infant_mortality	3k_main_ceo_initial_data_character_historical_sun_yi	3k_main_general_generic_fire	0	3	3k_main_rank_effect_set_records_base	3k_main_attribute_set_general_fire_records	3k_main_skillset_generic_minister_fire	1	1.0000	true
3k_main_template_historical_sun_yi_hero_fire	romance	3k_romance_death_distribution	3k_main_ceo_initial_data_character_historical_sun_yi	3k_main_hero_generic_fire	0	3	3k_main_rank_effect_set_romance_base	3k_main_attribute_set_general_fire_romance	3k_main_skillset_generic_minister_fire	1	1.0000	true
3k_main_template_historical_sun_yu_hero_fire	historical	3k_standard_death_distribution_no_infant_mortality	3k_main_ceo_initial_data_character_historical_sun_yu	3k_main_general_generic_metal	0	3	3k_main_rank_effect_set_records_base	3k_main_attribute_set_general_metal_records	3k_main_skillset_generic_minister_metal	1	1.0000	true
3k_main_template_historical_sun_yu_hero_fire	romance	3k_romance_death_distribution	3k_main_ceo_initial_data_character_historical_sun_yu	3k_main_hero_generic_metal	0	3	3k_main_rank_effect_set_romance_base	3k_main_attribute_set_general_metal_romance	3k_main_skillset_generic_minister_metal	1	1.0000	true
3k_main_template_historical_sun_jiao_hero_fire	historical	3k_standard_death_distribution_no_infant_mortality	3k_main_ceo_initial_data_character_historical_sun_jiao	3k_main_general_generic_earth	0	3	3k_main_rank_effect_set_records_base	3k_main_attribute_set_general_earth_records	3k_main_skillset_generic_general_earth	1	1.0000	true
3k_main_template_historical_sun_jiao_hero_fire	romance	3k_romance_death_distribution	3k_main_ceo_initial_data_character_historical_sun_jiao	3k_main_hero_generic_earth	0	3	3k_main_rank_effect_set_romance_base	3k_main_attribute_set_general_earth_romance	3k_main_skillset_generic_general_earth	1	1.0000	true
3k_main_template_historical_zhu_ran_hero_fire	historical	3k_standard_death_distribution_no_infant_mortality	3k_main_ceo_initial_data_character_historical_zhu_ran	3k_main_general_generic_fire	0	3	3k_main_rank_effect_set_records_base	3k_main_attribute_set_general_fire_records	3k_main_skillset_zhu_ran_general_fire	1	1.0000	true
3k_main_template_historical_zhu_ran_hero_fire	romance	3k_romance_death_distribution	3k_main_ceo_initial_data_character_historical_zhu_ran	3k_main_hero_generic_fire	0	3	3k_main_rank_effect_set_romance_base	3k_main_attribute_set_general_fire_romance	3k_main_skillset_zhu_ran_general_fire	1	1.0000	true
3k_main_template_historical_zhu_zhi_hero_metal	historical	3k_standard_death_distribution_no_infant_mortality	3k_main_ceo_initial_data_character_historical_zhu_zhi	3k_main_general_generic_metal	0	3	3k_main_rank_effect_set_records_base	3k_main_attribute_set_general_metal_records	3k_main_skillset_zhu_zhi_governor_metal	1	1.0000	true
3k_main_template_historical_zhu_zhi_hero_metal	romance	3k_romance_death_distribution	3k_main_ceo_initial_data_character_historical_zhu_zhi	3k_main_hero_generic_metal	0	3	3k_main_rank_effect_set_romance_base	3k_main_attribute_set_general_metal_romance	3k_main_skillset_zhu_zhi_governor_metal	1	1.0000	true
3k_main_template_historical_sun_he_hero_fire	historical	3k_standard_death_distribution_no_infant_mortality	3k_main_ceo_initial_data_character_historical_sun_he	3k_main_general_generic_wood	0	3	3k_main_rank_effect_set_records_base	3k_main_attribute_set_general_wood_records	3k_main_skillset_generic_general_wood	1	1.0000	true
3k_main_template_historical_sun_he_hero_fire	romance	3k_romance_death_distribution	3k_main_ceo_initial_data_character_historical_sun_he	3k_main_hero_generic_wood	0	3	3k_main_rank_effect_set_romance_base	3k_main_attribute_set_general_wood_romance	3k_main_skillset_generic_general_wood	1	1.0000	true
3k_main_template_historical_han_dang_hero_fire	historical	3k_standard_death_distribution_no_infant_mortality	3k_main_ceo_initial_data_character_historical_han_dang	3k_main_general_generic_fire	2	2	3k_main_rank_effect_set_records_base	3k_main_attribute_set_general_fire_records	3k_main_skillset_han_dang_general_fire	1	1.0000	true
3k_main_template_historical_han_dang_hero_fire	romance	3k_romance_death_distribution	3k_main_ceo_initial_data_character_historical_han_dang	3k_main_hero_generic_fire	2	2	3k_main_rank_effect_set_romance_base	3k_main_attribute_set_general_fire_romance	3k_main_skillset_han_dang_general_fire	1	1.0000	true
3k_main_template_historical_lady_bu_lianshi_hero_wood	historical	3k_standard_death_distribution_no_infant_mortality	3k_main_ceo_initial_data_character_historical_bu_lianshi	3k_main_general_generic_water_strategist	0	3	3k_main_rank_effect_set_romance_water_strategist	3k_main_attribute_set_general_water_records	3k_main_skillset_bu_lianshi_envoy_water_strategist	1	1.0000	true
3k_main_template_historical_lady_bu_lianshi_hero_wood	romance	3k_romance_death_distribution	3k_main_ceo_initial_data_character_historical_bu_lianshi	3k_main_hero_generic_water_strategist	0	3	3k_main_rank_effect_set_records_water_strategist	3k_main_attribute_set_general_water_records	3k_main_skillset_bu_lianshi_envoy_water_strategist	1	1.0000	true
3k_main_template_historical_sun_deng_hero_earth	historical	3k_standard_death_distribution_no_infant_mortality	3k_main_ceo_initial_data_character_historical_sun_deng	3k_main_general_generic_earth	0	3	3k_main_rank_effect_set_records_earth_commander	3k_main_attribute_set_general_earth_records	3k_main_skillset_generic_envoy_earth	1	1.0000	true
3k_main_template_historical_sun_deng_hero_earth	romance	3k_romance_death_distribution	3k_main_ceo_initial_data_character_historical_sun_deng	3k_main_hero_generic_earth	0	3	3k_main_rank_effect_set_romance_earth_commander	3k_main_attribute_set_general_earth_romance	3k_main_skillset_generic_envoy_earth	1	1.0000	true
3k_main_template_historical_wu_jing_hero_fire	historical	3k_standard_death_distribution_no_infant_mortality	3k_main_ceo_initial_data_character_historical_wu_jing_ironic	3k_main_general_wu_jing_fire	0	3	3k_main_rank_effect_set_records_base	3k_main_attribute_set_general_fire_records	3k_main_skillset_wu_jing_minister_fire	1	1.0000	true
3k_main_template_historical_wu_jing_hero_fire	romance	3k_romance_death_distribution	3k_main_ceo_initial_data_character_historical_wu_jing_ironic	3k_main_hero_wu_jing_fire	0	3	3k_main_rank_effect_set_romance_base	3k_main_attribute_set_general_fire_romance	3k_main_skillset_wu_jing_minister_fire	1	1.0000	true
3k_main_template_historical_zhu_en_hero_water	historical	3k_standard_death_distribution_no_infant_mortality	3k_main_ceo_initial_data_character_historical_zhu_en_ironic	3k_main_general_generic_water_strategist	0	3	3k_main_rank_effect_set_records_water_strategist	3k_main_attribute_set_general_water_records	3k_main_skillset_generic_villager_water_strategist	1	1.0000	true
3k_main_template_historical_zhu_en_hero_water	romance	3k_romance_death_distribution	3k_main_ceo_initial_data_character_historical_zhu_en_ironic	3k_main_hero_generic_water_strategist	0	3	3k_main_rank_effect_set_romance_water_strategist	3k_main_attribute_set_general_water_romance	3k_main_skillset_generic_villager_water_strategist	1	1.0000	true
3k_main_template_historical_ling_cao_hero_fire	historical	3k_standard_death_distribution_no_infant_mortality	3k_main_ceo_initial_data_character_historical_ling_cao_ironic	3k_main_general_generic_fire	0	3	3k_main_rank_effect_set_records_base	3k_main_attribute_set_general_fire_records	3k_main_skillset_generic_minister_fire	1	1.0000	true
3k_main_template_historical_ling_cao_hero_fire	romance	3k_romance_death_distribution	3k_main_ceo_initial_data_character_historical_ling_cao_ironic	3k_main_hero_generic_fire	0	3	3k_main_rank_effect_set_romance_base	3k_main_attribute_set_general_fire_romance	3k_main_skillset_generic_minister_fire	1	1.0000	true
3k_main_template_historical_rui_xuan_hero_fire	historical	3k_standard_death_distribution_no_infant_mortality	3k_main_ceo_initial_data_character_historical_rui_xuan_ironic	3k_main_general_generic_earth	0	3	3k_main_rank_effect_set_records_earth_commander	3k_main_attribute_set_general_earth_records	3k_main_skillset_generic_envoy_earth	1	1.0000	true
3k_main_template_historical_rui_xuan_hero_fire	romance	3k_romance_death_distribution	3k_main_ceo_initial_data_character_historical_rui_xuan_ironic	3k_main_hero_generic_earth	0	3	3k_main_rank_effect_set_romance_earth_commander	3k_main_attribute_set_general_earth_romance	3k_main_skillset_generic_envoy_earth	1	1.0000	true
3k_main_template_historical_pan_zhang_hero_fire	historical	3k_standard_death_distribution_no_infant_mortality	3k_main_ceo_initial_data_character_historical_pan_zhang_ironic	3k_main_general_generic_fire	0	3	3k_main_rank_effect_set_records_base	3k_main_attribute_set_general_fire_records	3k_main_skillset_pan_zhang_general_fire	1	1.0000	true
3k_main_template_historical_pan_zhang_hero_fire	romance	3k_romance_death_distribution	3k_main_ceo_initial_data_character_historical_pan_zhang_ironic	3k_main_hero_generic_fire	0	3	3k_main_rank_effect_set_romance_base	3k_main_attribute_set_general_fire_romance	3k_main_skillset_pan_zhang_general_fire	1	1.0000	true
3k_main_template_generated_lady_wang_qinmeng_hero_earth	historical	3k_standard_death_distribution_no_infant_mortality	3k_main_ceo_initial_data_character_historical_kang_qinmeng_ironic	3k_main_general_generic_earth	0	0	3k_main_rank_effect_set_records_earth_commander	3k_main_attribute_set_general_earth_records	3k_main_skillset_generic_general_earth	1	1.0000	true
3k_main_template_generated_lady_wang_qinmeng_hero_earth	romance	3k_romance_death_distribution	3k_main_ceo_initial_data_character_historical_kang_qinmeng_ironic	3k_main_hero_generic_earth	0	0	3k_main_rank_effect_set_romance_earth_commander	3k_main_attribute_set_general_earth_romance	3k_main_skillset_generic_general_earth	1	1.0000	true
3k_main_template_historical_yu_fan_hero_water	historical	3k_standard_death_distribution_no_infant_mortality	3k_main_ceo_initial_data_character_historical_yu_fan_ironic	3k_main_general_yu_fan_water	0	0	3k_main_rank_effect_set_records_water_strategist	3k_main_attribute_set_general_water_records	3k_main_skillset_generic_governor_water_strategist	1	1.0000	true
3k_main_template_historical_yu_fan_hero_water	romance	3k_romance_death_distribution	3k_main_ceo_initial_data_character_historical_yu_fan_ironic	3k_main_hero_yu_fan_water	0	0	3k_main_rank_effect_set_romance_water_strategist	3k_main_attribute_set_general_water_romance	3k_main_skillset_generic_governor_water_strategist	1	1.0000	true
3k_main_template_historical_wang_su_hero_water	historical	3k_standard_death_distribution_no_infant_mortality	3k_main_ceo_initial_data_character_historical_wang_su_ironic	3k_main_general_generic_water_strategist	0	3	3k_main_rank_effect_set_records_water_strategist	3k_main_attribute_set_general_water_records	3k_main_skillset_generic_agent_water_strategist	1	1.0000	true
3k_main_template_historical_wang_su_hero_water	romance	3k_romance_death_distribution	3k_main_ceo_initial_data_character_historical_wang_su_ironic	3k_main_hero_generic_water_strategist	0	3	3k_main_rank_effect_set_romance_water_strategist	3k_main_attribute_set_general_water_romance	3k_main_skillset_generic_agent_water_strategist	1	1.0000	true
3k_main_template_historical_he_qi_hero_fire	historical	3k_standard_death_distribution_no_infant_mortality	3k_main_ceo_initial_data_character_historical_he_qi_ironic	3k_main_general_generic_fire	0	3	3k_main_rank_effect_set_records_base	3k_main_attribute_set_general_fire_records	3k_main_skillset_generic_villager_fire	1	1.0000	true
3k_main_template_historical_he_qi_hero_fire	romance	3k_romance_death_distribution	3k_main_ceo_initial_data_character_historical_he_qi_ironic	3k_main_hero_generic_fire	0	3	3k_main_rank_effect_set_romance_base	3k_main_attribute_set_general_fire_romance	3k_main_skillset_generic_villager_fire	1	1.0000	true
3k_main_template_historical_dong_xi_hero_fire	historical	3k_standard_death_distribution_no_infant_mortality	3k_main_ceo_initial_data_character_historical_dong_xi_ironic	3k_main_general_generic_fire	0	3	3k_main_rank_effect_set_records_base	3k_main_attribute_set_general_fire_records	3k_main_skillset_dong_xi_general_fire	1	1.0000	true
3k_main_template_historical_dong_xi_hero_fire	romance	3k_romance_death_distribution	3k_main_ceo_initial_data_character_historical_dong_xi_ironic	3k_main_hero_generic_fire	0	3	3k_main_rank_effect_set_romance_base	3k_main_attribute_set_general_fire_romance	3k_main_skillset_dong_xi_general_fire	1	1.0000	true
3k_main_template_historical_gu_yong_hero_water	historical	3k_standard_death_distribution_no_infant_mortality	3k_main_ceo_initial_data_character_historical_gu_yong_ironic	3k_main_general_generic_water_strategist	0	3	3k_main_rank_effect_set_records_water_strategist	3k_main_attribute_set_general_water_records	3k_main_skillset_generic_agent_water_strategist	1	1.0000	true
3k_main_template_historical_gu_yong_hero_water	romance	3k_romance_death_distribution	3k_main_ceo_initial_data_character_historical_gu_yong_ironic	3k_main_hero_generic_water_strategist	0	3	3k_main_rank_effect_set_romance_water_strategist	3k_main_attribute_set_general_water_romance	3k_main_skillset_generic_agent_water_strategist	1	1.0000	true
3k_main_template_historical_wu_can_hero_fire	historical	3k_standard_death_distribution_no_infant_mortality	3k_main_ceo_initial_data_character_historical_wu_can_ironic	3k_main_general_generic_fire	0	3	3k_main_rank_effect_set_records_base	3k_main_attribute_set_general_fire_records	3k_main_skillset_generic_governor_fire	1	1.0000	true
3k_main_template_historical_wu_can_hero_fire	romance	3k_romance_death_distribution	3k_main_ceo_initial_data_character_historical_wu_can_ironic	3k_main_hero_generic_fire	0	3	3k_main_rank_effect_set_romance_base	3k_main_attribute_set_general_fire_romance	3k_main_skillset_generic_governor_fire	1	1.0000	true
3k_main_template_historical_bu_zhi_hero_fire	historical	3k_standard_death_distribution_no_infant_mortality	3k_main_ceo_initial_data_character_historical_bu_zhi_ironic	3k_main_general_generic_fire	0	3	3k_main_rank_effect_set_records_base	3k_main_attribute_set_general_fire_records	3k_main_skillset_generic_general_fire	1	1.0000	true
3k_main_template_historical_bu_zhi_hero_fire	romance	3k_romance_death_distribution	3k_main_ceo_initial_data_character_historical_bu_zhi_ironic	3k_main_hero_generic_fire	0	3	3k_main_rank_effect_set_romance_base	3k_main_attribute_set_general_fire_romance	3k_main_skillset_generic_general_fire	1	1.0000	true
3k_dlc04_template_historical_lu_yu_metal	historical	3k_standard_death_distribution_no_infant_mortality	3k_main_ceo_initial_data_character_historical_lu_yu_ironic	3k_main_general_generic_metal	0	3	3k_main_rank_effect_set_records_base	3k_main_attribute_set_general_metal_records	3k_main_skillset_generic_general_metal	1	1.0000	true
3k_dlc04_template_historical_lu_yu_metal	romance	3k_romance_death_distribution	3k_main_ceo_initial_data_character_historical_lu_yu_ironic	3k_main_hero_generic_metal	0	3	3k_main_rank_effect_set_romance_base	3k_main_attribute_set_general_metal_romance	3k_main_skillset_generic_general_metal	1	1.0000	true
3k_main_template_historical_lu_mao_hero_water	historical	3k_standard_death_distribution_no_infant_mortality	3k_main_ceo_initial_data_character_historical_lu_mao_ironic	3k_main_general_generic_wood	0	3	3k_main_rank_effect_set_records_base	3k_main_attribute_set_general_wood_records	3k_main_skillset_generic_envoy_wood	1	1.0000	true
3k_main_template_historical_lu_mao_hero_water	romance	3k_romance_death_distribution	3k_main_ceo_initial_data_character_historical_lu_mao_ironic	3k_main_hero_generic_wood	0	3	3k_main_rank_effect_set_romance_base	3k_main_attribute_set_general_wood_romance	3k_main_skillset_generic_envoy_wood	1	1.0000	true
3k_main_template_historical_xu_shao_hero_water	historical	3k_standard_death_distribution_no_infant_mortality	3k_main_ceo_initial_data_character_historical_xu_shao_ironic	3k_main_general_xu_shao_water	0	0	3k_main_rank_effect_set_records_water_strategist	3k_main_attribute_set_general_water_records	3k_main_skillset_generic_minister_water_strategist	1	1.0000	true
3k_main_template_historical_xu_shao_hero_water	romance	3k_romance_death_distribution	3k_main_ceo_initial_data_character_historical_xu_shao_ironic	3k_main_hero_xu_shao_water	0	0	3k_main_rank_effect_set_romance_water_strategist	3k_main_attribute_set_general_water_romance	3k_main_skillset_generic_minister_water_strategist	1	1.0000	true
3k_main_template_historical_que_xuan_hero_water	historical	3k_standard_death_distribution_no_infant_mortality	3k_main_ceo_initial_data_character_historical_que_xuan_ironic	3k_main_general_generic_water_strategist	0	3	3k_main_rank_effect_set_records_water_strategist	3k_main_attribute_set_general_water_records	3k_main_skillset_generic_governor_water_strategist	1	1.0000	true
3k_main_template_historical_que_xuan_hero_water	romance	3k_romance_death_distribution	3k_main_ceo_initial_data_character_historical_que_xuan_ironic	3k_main_hero_generic_water_strategist	0	3	3k_main_rank_effect_set_romance_water_strategist	3k_main_attribute_set_general_water_romance	3k_main_skillset_generic_governor_water_strategist	1	1.0000	true
3k_main_template_historical_wu_fan_hero_water	historical	3k_standard_death_distribution_no_infant_mortality	3k_main_ceo_initial_data_character_historical_wu_fan_ironic	3k_main_general_generic_metal	0	3	3k_main_rank_effect_set_records_base	3k_main_attribute_set_general_metal_records	3k_main_skillset_generic_envoy_metal	1	1.0000	true
3k_main_template_historical_wu_fan_hero_water	romance	3k_romance_death_distribution	3k_main_ceo_initial_data_character_historical_wu_fan_ironic	3k_main_hero_generic_metal	0	3	3k_main_rank_effect_set_romance_base	3k_main_attribute_set_general_metal_romance	3k_main_skillset_generic_envoy_metal	1	1.0000	true
3k_main_template_historical_ying_qu_hero_water	historical	3k_standard_death_distribution_no_infant_mortality	3k_dlc04_ceo_initial_data_character_historical_ying_qu_xiulian	3k_main_general_generic_water_strategist	0	3	3k_main_rank_effect_set_records_water_strategist	3k_main_attribute_set_general_water_records	3k_main_skillset_generic_governor_water_strategist	1	1.0000	true
3k_main_template_historical_ying_qu_hero_water	romance	3k_romance_death_distribution	3k_dlc04_ceo_initial_data_character_historical_ying_qu_xiulian	3k_main_hero_generic_water_strategist	0	3	3k_main_rank_effect_set_romance_water_strategist	3k_main_attribute_set_general_water_romance	3k_main_skillset_generic_governor_water_strategist	1	1.0000	true
3k_main_template_historical_xu_gan_hero_water	historical	3k_standard_death_distribution_no_infant_mortality	3k_main_ceo_initial_data_character_historical_xu_gan_ironic	3k_main_general_generic_water_strategist	0	3	3k_main_rank_effect_set_records_water_strategist	3k_main_attribute_set_general_water_records	3k_main_skillset_generic_agent_water_strategist	1	1.0000	true
3k_main_template_historical_xu_gan_hero_water	romance	3k_romance_death_distribution	3k_main_ceo_initial_data_character_historical_xu_gan_ironic	3k_main_hero_generic_water_strategist	0	3	3k_main_rank_effect_set_romance_water_strategist	3k_main_attribute_set_general_water_romance	3k_main_skillset_generic_agent_water_strategist	1	1.0000	true
3k_main_template_historical_liu_zhen_hero_water	historical	3k_standard_death_distribution_no_infant_mortality	3k_main_ceo_initial_data_character_historical_liu_zhen_ironic	3k_main_general_generic_earth	0	3	3k_main_rank_effect_set_records_earth_commander	3k_main_attribute_set_general_earth_records	3k_main_skillset_generic_general_earth	1	1.0000	true
3k_main_template_historical_liu_zhen_hero_water	romance	3k_romance_death_distribution	3k_main_ceo_initial_data_character_historical_liu_zhen_ironic	3k_main_hero_generic_earth	0	3	3k_main_rank_effect_set_romance_earth_commander	3k_main_attribute_set_general_earth_romance	3k_main_skillset_generic_general_earth	1	1.0000	true
3k_main_template_historical_xu_xuan_hero_water	historical	3k_standard_death_distribution_no_infant_mortality	3k_main_ceo_initial_data_character_historical_xu_xuan_ironic	3k_main_general_generic_fire	0	3	3k_main_rank_effect_set_records_base	3k_main_attribute_set_general_fire_records	3k_main_skillset_generic_governor_fire	1	1.0000	true
3k_main_template_historical_xu_xuan_hero_water	romance	3k_romance_death_distribution	3k_main_ceo_initial_data_character_historical_xu_xuan_ironic	3k_main_hero_generic_fire	0	3	3k_main_rank_effect_set_romance_base	3k_main_attribute_set_general_fire_romance	3k_main_skillset_generic_governor_fire	1	1.0000	true
3k_main_template_historical_min_chun_hero_water	historical	3k_standard_death_distribution_no_infant_mortality	3k_main_ceo_initial_data_character_historical_min_chun_ironic	3k_main_general_generic_fire	0	3	3k_main_rank_effect_set_records_base	3k_main_attribute_set_general_fire_records	3k_main_skillset_generic_general_fire	1	1.0000	true
3k_main_template_historical_min_chun_hero_water	romance	3k_romance_death_distribution	3k_main_ceo_initial_data_character_historical_min_chun_ironic	3k_main_hero_generic_fire	0	3	3k_main_rank_effect_set_romance_base	3k_main_attribute_set_general_fire_romance	3k_main_skillset_generic_general_fire	1	1.0000	true
3k_main_template_historical_zhu_han_hero_water	historical	3k_standard_death_distribution_no_infant_mortality	3k_main_ceo_initial_data_character_historical_zhu_han_ironic	3k_main_general_generic_metal	0	3	3k_main_rank_effect_set_records_base	3k_main_attribute_set_general_metal_records	3k_main_skillset_generic_envoy_metal	1	1.0000	true
3k_main_template_historical_zhu_han_hero_water	romance	3k_romance_death_distribution	3k_main_ceo_initial_data_character_historical_zhu_han_ironic	3k_main_hero_generic_metal	0	3	3k_main_rank_effect_set_romance_base	3k_main_attribute_set_general_metal_romance	3k_main_skillset_generic_envoy_metal	1	1.0000	true
3k_main_template_historical_zhu_ling_hero_fire	historical	3k_standard_death_distribution_no_infant_mortality	3k_main_ceo_initial_data_character_historical_zhu_ling_ironic	3k_main_general_generic_wood	0	3	3k_main_rank_effect_set_records_base	3k_main_attribute_set_general_wood_records	3k_main_skillset_generic_general_wood	1	1.0000	true
3k_main_template_historical_zhu_ling_hero_fire	romance	3k_romance_death_distribution	3k_main_ceo_initial_data_character_historical_zhu_ling_ironic	3k_main_hero_generic_wood	0	3	3k_main_rank_effect_set_romance_base	3k_main_attribute_set_general_wood_romance	3k_main_skillset_generic_general_wood	1	1.0000	true
3k_main_template_historical_zou_dan_hero_fire	historical	3k_standard_death_distribution_no_infant_mortality	3k_main_ceo_initial_data_character_historical_zou_dan_ironic	3k_main_general_generic_fire	0	3	3k_main_rank_effect_set_records_base	3k_main_attribute_set_general_fire_records	3k_main_skillset_generic_general_fire	1	1.0000	true
3k_main_template_historical_zou_dan_hero_fire	romance	3k_romance_death_distribution	3k_main_ceo_initial_data_character_historical_zou_dan_ironic	3k_main_hero_generic_fire	0	3	3k_main_rank_effect_set_romance_base	3k_main_attribute_set_general_fire_romance	3k_main_skillset_generic_general_fire	1	1.0000	true
3k_main_template_historical_yang_yi_hero_fire	historical	3k_standard_death_distribution_no_infant_mortality	3k_main_ceo_initial_data_character_historical_yang_yi_ironic	3k_main_general_generic_fire	0	0	3k_main_rank_effect_set_records_base	3k_main_attribute_set_general_fire_records	3k_main_skillset_generic_governor_fire	1	1.0000	true
3k_main_template_historical_yang_yi_hero_fire	romance	3k_romance_death_distribution	3k_main_ceo_initial_data_character_historical_yang_yi_ironic	3k_main_hero_generic_fire	0	0	3k_main_rank_effect_set_romance_base	3k_main_attribute_set_general_fire_romance	3k_main_skillset_generic_governor_fire	1	1.0000	true
3k_main_template_historical_liu_yi_hero_water	historical	3k_standard_death_distribution_no_infant_mortality	3k_main_ceo_initial_data_character_historical_liu_yi_ironic	3k_main_general_generic_fire	0	3	3k_main_rank_effect_set_records_base	3k_main_attribute_set_general_fire_records	3k_main_skillset_generic_minister_fire	1	1.0000	true
3k_main_template_historical_liu_yi_hero_water	romance	3k_romance_death_distribution	3k_main_ceo_initial_data_character_historical_liu_yi_ironic	3k_main_hero_generic_fire	0	3	3k_main_rank_effect_set_romance_base	3k_main_attribute_set_general_fire_romance	3k_main_skillset_generic_minister_fire	1	1.0000	true
3k_main_template_historical_wang_lie_hero_water	historical	3k_standard_death_distribution_no_infant_mortality	3k_main_ceo_initial_data_character_historical_wang_lie_ironic	3k_main_general_generic_water_strategist	0	3	3k_main_rank_effect_set_records_water_strategist	3k_main_attribute_set_general_water_records	3k_main_skillset_generic_envoy_water_strategist	1	1.0000	true
3k_main_template_historical_wang_lie_hero_water	romance	3k_romance_death_distribution	3k_main_ceo_initial_data_character_historical_wang_lie_ironic	3k_main_hero_generic_water_strategist	0	3	3k_main_rank_effect_set_romance_water_strategist	3k_main_attribute_set_general_water_romance	3k_main_skillset_generic_envoy_water_strategist	1	1.0000	true
3k_main_template_historical_wei_gu_hero_fire	historical	3k_standard_death_distribution_no_infant_mortality	3k_main_ceo_initial_data_character_historical_wei_gu_ironic	3k_main_general_generic_fire	0	3	3k_main_rank_effect_set_records_base	3k_main_attribute_set_general_fire_records	3k_main_skillset_generic_envoy_fire	1	1.0000	true
3k_main_template_historical_wei_gu_hero_fire	romance	3k_romance_death_distribution	3k_main_ceo_initial_data_character_historical_wei_gu_ironic	3k_main_hero_generic_fire	0	3	3k_main_rank_effect_set_romance_base	3k_main_attribute_set_general_fire_romance	3k_main_skillset_generic_envoy_fire	1	1.0000	true
3k_main_template_historical_li_meng_hero_fire	historical	3k_standard_death_distribution_no_infant_mortality	3k_main_ceo_initial_data_character_historical_li_meng_ironic	3k_main_general_generic_metal	0	3	3k_main_rank_effect_set_records_base	3k_main_attribute_set_general_metal_records	3k_main_skillset_generic_agent_metal	1	1.0000	true
3k_main_template_historical_li_meng_hero_fire	romance	3k_romance_death_distribution	3k_main_ceo_initial_data_character_historical_li_meng_ironic	3k_main_hero_generic_metal	0	3	3k_main_rank_effect_set_romance_base	3k_main_attribute_set_general_metal_romance	3k_main_skillset_generic_agent_metal	1	1.0000	true
3k_main_template_historical_duan_wei_hero_fire	historical	3k_standard_death_distribution_no_infant_mortality	3k_main_ceo_initial_data_character_historical_duan_wei_ironic	3k_main_general_generic_fire	0	3	3k_main_rank_effect_set_records_base	3k_main_attribute_set_general_fire_records	3k_main_skillset_generic_general_fire	1	1.0000	true
3k_main_template_historical_duan_wei_hero_fire	romance	3k_romance_death_distribution	3k_main_ceo_initial_data_character_historical_duan_wei_ironic	3k_main_hero_generic_fire	0	3	3k_main_rank_effect_set_romance_base	3k_main_attribute_set_general_fire_romance	3k_main_skillset_generic_general_fire	1	1.0000	true
3k_main_template_historical_ling_tong_hero_wood	historical	3k_standard_death_distribution_no_infant_mortality	3k_main_ceo_initial_data_character_historical_ling_tong_fix	3k_main_general_generic_wood	0	3	3k_main_rank_effect_set_records_base	3k_main_attribute_set_general_wood_records	3k_main_skillset_ling_tong_general_wood	1	1.0000	true
3k_main_template_historical_ling_tong_hero_wood	romance	3k_romance_death_distribution	3k_main_ceo_initial_data_character_historical_ling_tong_fix	3k_main_hero_generic_wood	0	3	3k_main_rank_effect_set_romance_base	3k_main_attribute_set_general_wood_romance	3k_main_skillset_ling_tong_general_wood	1	1.0000	true
3k_main_template_historical_zhu_huan_hero_fire	historical	3k_standard_death_distribution_no_infant_mortality	3k_main_ceo_initial_data_character_historical_zhu_huan_ironic	3k_main_general_generic_earth	0	3	3k_main_rank_effect_set_records_base	3k_main_attribute_set_general_fire_records	3k_main_skillset_zhu_huan_general_earth	1	1.0000	true
3k_main_template_historical_zhu_huan_hero_fire	romance	3k_romance_death_distribution	3k_main_ceo_initial_data_character_historical_zhu_huan_ironic	3k_main_hero_generic_earth	0	3	3k_main_rank_effect_set_romance_base	3k_main_attribute_set_general_fire_romance	3k_main_skillset_zhu_huan_general_earth	1	1.0000	true
3k_dlc04_template_historical_liu_xun_fire	historical	3k_standard_death_distribution_no_infant_mortality	3k_main_ceo_initial_data_character_historical_liu_xun_zitai	ironic_190e_general_liu_xun_fire	0	3	3k_main_rank_effect_set_records_base	3k_main_attribute_set_general_fire_records	3k_main_skillset_generic_general_fire	1	1.0000	true
3k_dlc04_template_historical_liu_xun_fire	romance	3k_romance_death_distribution	3k_main_ceo_initial_data_character_historical_liu_xun_zitai	ironic_190e_hero_liu_xun_fire	0	3	3k_main_rank_effect_set_romance_base	3k_main_attribute_set_general_fire_romance	3k_main_skillset_generic_general_fire	1	1.0000	true
3k_dlc04_template_historical_lady_wang_song_water	historical	3k_standard_death_distribution_no_infant_mortality	3k_main_ceo_initial_data_character_historical_wang_song	3k_main_general_generic_water_strategist	0	3	3k_main_rank_effect_set_records_water_strategist	3k_main_attribute_set_general_water_records	3k_main_skillset_generic_agent_water_strategist	1	1.0000	true
3k_dlc04_template_historical_lady_wang_song_water	romance	3k_romance_death_distribution	3k_main_ceo_initial_data_character_historical_wang_song	3k_main_hero_generic_water_strategist	0	3	3k_main_rank_effect_set_romance_water_strategist	3k_main_attribute_set_general_water_romance	3k_main_skillset_generic_agent_water_strategist	1	1.0000	true
3k_main_template_historical_liu_jing_hero_fire	historical	3k_standard_death_distribution_no_infant_mortality	3k_main_ceo_initial_data_character_historical_liu_jing	3k_main_general_generic_fire	0	3	3k_main_rank_effect_set_records_base	3k_main_attribute_set_general_fire_records	3k_main_skillset_generic_villager_fire	1	1.0000	true
3k_main_template_historical_liu_jing_hero_fire	romance	3k_romance_death_distribution	3k_main_ceo_initial_data_character_historical_liu_jing	3k_main_hero_generic_fire	0	3	3k_main_rank_effect_set_romance_base	3k_main_attribute_set_general_fire_romance	3k_main_skillset_generic_villager_fire	1	1.0000	true
3k_main_template_historical_li_shu_hero_water	historical	3k_standard_death_distribution_no_infant_mortality	3k_main_ceo_initial_data_character_historical_li_shu	3k_main_general_generic_water_strategist	0	3	3k_main_rank_effect_set_records_water_strategist	3k_main_attribute_set_general_water_records	3k_main_skillset_generic_minister_water_strategist	1	1.0000	true
3k_main_template_historical_li_shu_hero_water	romance	3k_romance_death_distribution	3k_main_ceo_initial_data_character_historical_li_shu	3k_main_hero_generic_water_strategist	0	3	3k_main_rank_effect_set_romance_water_strategist	3k_main_attribute_set_general_water_romance	3k_main_skillset_generic_minister_water_strategist	1	1.0000	true
3k_main_template_historical_jiang_qin_hero_fire	historical	3k_standard_death_distribution_no_infant_mortality	3k_main_ceo_initial_data_character_historical_jiang_qin	3k_main_general_fire_jiang_qin	1	1	3k_main_rank_effect_set_records_base	3k_main_attribute_set_general_fire_records	3k_dlc05_skillset_jiang_qin_bandit_general_fire	1	1.0000	true
3k_main_template_historical_jiang_qin_hero_fire	romance	3k_romance_death_distribution	3k_main_ceo_initial_data_character_historical_jiang_qin	3k_main_hero_fire_jiang_qin	1	1	3k_main_rank_effect_set_romance_base	3k_main_attribute_set_general_fire_romance	3k_dlc05_skillset_jiang_qin_bandit_general_fire	1	1.0000	true
3k_main_template_historical_zheng_tai_hero_water	historical	3k_standard_death_distribution_no_infant_mortality	3k_main_ceo_initial_data_character_historical_zheng_tai	3k_main_general_generic_water_strategist	0	0	3k_main_rank_effect_set_records_water_strategist	3k_main_attribute_set_general_water_records	3k_main_skillset_generic_envoy_water_strategist	1	1.0000	true
3k_main_template_historical_zheng_tai_hero_water	romance	3k_romance_death_distribution	3k_main_ceo_initial_data_character_historical_zheng_tai	3k_main_hero_generic_water_strategist	0	0	3k_main_rank_effect_set_romance_water_strategist	3k_main_attribute_set_general_water_romance	3k_main_skillset_generic_envoy_water_strategist	1	1.0000	true
3k_main_template_historical_zheng_mao_hero_water	historical	3k_standard_death_distribution_no_infant_mortality	3k_main_ceo_initial_data_character_historical_zheng_mao	3k_main_general_generic_water_strategist	0	3	3k_main_rank_effect_set_records_water_strategist	3k_main_attribute_set_general_water_records	3k_main_skillset_generic_governor_water_strategist	1	1.0000	true
3k_main_template_historical_zheng_mao_hero_water	romance	3k_romance_death_distribution	3k_main_ceo_initial_data_character_historical_zheng_mao	3k_main_hero_generic_water_strategist	0	3	3k_main_rank_effect_set_romance_water_strategist	3k_main_attribute_set_general_water_romance	3k_main_skillset_generic_governor_water_strategist	1	1.0000	true
3k_main_template_historical_zhang_ya_hero_metal	historical	3k_standard_death_distribution_no_infant_mortality	3k_main_ceo_initial_data_character_historical_zhang_ya	3k_main_general_generic_metal	0	0	3k_main_rank_effect_set_records_base	3k_main_attribute_set_general_metal_records	3k_main_skillset_generic_agent_metal	1	1.0000	true
3k_main_template_historical_zhang_ya_hero_metal	romance	3k_romance_death_distribution	3k_main_ceo_initial_data_character_historical_zhang_ya	3k_main_hero_generic_metal	0	0	3k_main_rank_effect_set_romance_base	3k_main_attribute_set_general_metal_romance	3k_main_skillset_generic_agent_metal	1	1.0000	true
3k_main_template_historical_lu_dai_hero_fire	historical	3k_standard_death_distribution_long_life	3k_main_ceo_initial_data_character_historical_lu_dai	3k_main_general_generic_fire	0	3	3k_main_rank_effect_set_records_base	3k_main_attribute_set_general_fire_records	3k_main_skillset_generic_minister_fire	1	1.0000	true
3k_main_template_historical_lu_dai_hero_fire	romance	3k_romance_death_distribution_long_life	3k_main_ceo_initial_data_character_historical_lu_dai	3k_main_hero_generic_fire	0	3	3k_main_rank_effect_set_romance_base	3k_main_attribute_set_general_fire_romance	3k_main_skillset_generic_minister_fire	1	1.0000	true
3k_main_template_historical_liu_zan_hero_fire	historical	3k_standard_death_distribution_no_infant_mortality	3k_main_ceo_initial_data_character_historical_liu_zan	3k_main_general_generic_fire	0	3	3k_main_rank_effect_set_records_base	3k_main_attribute_set_general_fire_records	3k_main_skillset_generic_governor_fire	1	1.0000	true
3k_main_template_historical_liu_zan_hero_fire	romance	3k_romance_death_distribution	3k_main_ceo_initial_data_character_historical_liu_zan	3k_main_hero_generic_fire	0	3	3k_main_rank_effect_set_romance_base	3k_main_attribute_set_general_fire_romance	3k_main_skillset_generic_governor_fire	1	1.0000	true
3k_main_template_historical_guan_ning_hero_water	historical	3k_standard_death_distribution_no_infant_mortality	3k_main_ceo_initial_data_character_historical_guan_ning	3k_main_general_generic_water_strategist	0	3	3k_main_rank_effect_set_records_water_strategist	3k_main_attribute_set_general_water_records	3k_main_skillset_generic_minister_water_strategist	1	1.0000	true
3k_main_template_historical_guan_ning_hero_water	romance	3k_romance_death_distribution	3k_main_ceo_initial_data_character_historical_guan_ning	3k_main_hero_generic_water_strategist	0	3	3k_main_rank_effect_set_romance_water_strategist	3k_main_attribute_set_general_water_romance	3k_main_skillset_generic_minister_water_strategist	1	1.0000	true
3k_main_template_historical_liu_fu_hero_water	historical	3k_standard_death_distribution_no_infant_mortality	3k_main_ceo_initial_data_character_historical_liu_fu	3k_main_general_generic_water_strategist	0	3	3k_main_rank_effect_set_records_water_strategist	3k_main_attribute_set_general_water_records	3k_main_skillset_generic_agent_water_strategist	1	1.0000	true
3k_main_template_historical_liu_fu_hero_water	romance	3k_romance_death_distribution	3k_main_ceo_initial_data_character_historical_liu_fu	3k_main_hero_generic_water_strategist	0	3	3k_main_rank_effect_set_romance_water_strategist	3k_main_attribute_set_general_water_romance	3k_main_skillset_generic_agent_water_strategist	1	1.0000	true
3k_main_template_historical_lu_yu_hero_water	historical	3k_standard_death_distribution_no_infant_mortality	3k_main_ceo_initial_data_character_historical_lu_yu_ironic_water	3k_main_general_generic_water_strategist	0	3	3k_main_rank_effect_set_records_water_strategist	3k_main_attribute_set_general_water_records	3k_main_skillset_generic_general_water_strategist	1	1.0000	true
3k_main_template_historical_lu_yu_hero_water	romance	3k_romance_death_distribution	3k_main_ceo_initial_data_character_historical_lu_yu_ironic_water	3k_main_hero_generic_water_strategist	0	3	3k_main_rank_effect_set_romance_water_strategist	3k_main_attribute_set_general_water_romance	3k_main_skillset_generic_general_water_strategist	1	1.0000	true
3k_main_template_historical_kan_ze_hero_water	historical	3k_standard_death_distribution_no_infant_mortality	3k_main_ceo_initial_data_character_historical_kan_ze_ironic	3k_main_general_generic_water_strategist	0	3	3k_main_rank_effect_set_records_water_strategist	3k_main_attribute_set_general_water_records	3k_main_skillset_generic_general_water_strategist	1	1.0000	true
3k_main_template_historical_kan_ze_hero_water	romance	3k_romance_death_distribution	3k_main_ceo_initial_data_character_historical_kan_ze_ironic	3k_main_hero_generic_water_strategist	0	3	3k_main_rank_effect_set_romance_water_strategist	3k_main_attribute_set_general_water_romance	3k_main_skillset_generic_general_water_strategist	1	1.0000	true
3k_dlc07_template_generated_chen_bai_hero_earth	historical	3k_standard_death_distribution_no_infant_mortality	3k_main_ceo_initial_data_character_historical_chen_bai_ironic	3k_ytr_yellow_turban_general_generic_water_healer	1	1	3k_ytr_rank_effect_set_records_base	3k_ytr_attribute_set_general_healer_records	3k_ytr_skillset_romance_generic_soldier_healer	1	0.0500	true
3k_dlc07_template_generated_chen_bai_hero_earth	romance	3k_romance_death_distribution	3k_main_ceo_initial_data_character_historical_chen_bai_ironic	3k_ytr_yellow_turban_hero_generic_water_healer	1	1	3k_ytr_rank_effect_set_romance_base	3k_ytr_attribute_set_general_healer_romance	3k_ytr_skillset_romance_generic_soldier_healer	1	0.0500	true
3k_main_template_historical_xu_gong_hero_fire	historical	3k_standard_death_distribution	3k_main_ceo_initial_data_character_historical_xu_gong_ironic	3k_main_general_generic_fire	1	2	3k_main_rank_effect_set_records_base	3k_main_attribute_set_general_fire_records	3k_main_skillset_generic_governor_fire	1	1.0000	true
3k_main_template_historical_xu_gong_hero_fire	romance	3k_romance_death_distribution	3k_main_ceo_initial_data_character_historical_xu_gong_ironic	3k_main_hero_generic_fire	1	2	3k_main_rank_effect_set_romance_base	3k_main_attribute_set_general_fire_romance	3k_main_skillset_generic_governor_fire	1	1.0000	true
3k_main_template_historical_xu_zhao_hero_earth	historical	3k_standard_death_distribution	3k_main_ceo_initial_data_character_historical_xu_zhao_ironic	3k_main_general_generic_earth	1	2	3k_main_rank_effect_set_records_base	3k_main_attribute_set_general_earth_records	3k_main_skillset_generic_governor_earth	1	1.0000	true
3k_main_template_historical_xu_zhao_hero_earth	romance	3k_romance_death_distribution	3k_main_ceo_initial_data_character_historical_xu_zhao_ironic	3k_main_hero_generic_earth	1	2	3k_main_rank_effect_set_romance_base	3k_main_attribute_set_general_earth_romance	3k_main_skillset_generic_governor_earth	1	1.0000	true
3k_main_template_historical_gao_dai_hero_water	historical	3k_standard_death_distribution	3k_main_ceo_initial_data_character_historical_gao_dai_ironic	3k_main_general_generic_water_strategist	2	3	3k_main_rank_effect_set_records_water_strategist	3k_main_attribute_set_general_water_records	3k_main_skillset_generic_minister_water_strategist	1	1.0000	true
3k_main_template_historical_gao_dai_hero_water	romance	3k_romance_death_distribution	3k_main_ceo_initial_data_character_historical_gao_dai_ironic	3k_main_hero_generic_water_strategist	2	3	3k_main_rank_effect_set_romance_water_strategist	3k_main_attribute_set_general_water_romance	3k_main_skillset_generic_minister_water_strategist	1	1.0000	true
3k_dlc05_template_historical_huanglong_luo_hero_fire	historical	3k_standard_death_distribution_no_infant_mortality	3k_main_ceo_initial_data_character_historical_huanglong_luo_ironic	3k_dlc05_bandit_general_generic_fire	0	0	3k_main_rank_effect_set_records_base	3k_main_attribute_set_general_fire_records	3k_dlc05_skillset_generic_bandit_general_fire	1	1.0000	true
3k_dlc05_template_historical_huanglong_luo_hero_fire	romance	3k_romance_death_distribution	3k_main_ceo_initial_data_character_historical_huanglong_luo_ironic	3k_dlc05_bandit_hero_generic_fire	0	0	3k_main_rank_effect_set_romance_base	3k_main_attribute_set_general_fire_romance	3k_dlc05_skillset_generic_bandit_general_fire	1	1.0000	true
3k_dlc05_template_historical_zhou_bo_hero_earth	historical	3k_standard_death_distribution_no_infant_mortality	3k_main_ceo_initial_data_character_historical_zhou_bo_ironic	3k_dlc05_bandit_general_generic_earth	0	0	3k_main_rank_effect_set_records_earth_commander	3k_main_attribute_set_general_earth_records	3k_dlc05_skillset_generic_bandit_general_earth	1	1.0000	true
3k_dlc05_template_historical_zhou_bo_hero_earth	romance	3k_romance_death_distribution	3k_main_ceo_initial_data_character_historical_zhou_bo_ironic	3k_dlc05_bandit_hero_generic_earth	0	0	3k_main_rank_effect_set_romance_earth_commander	3k_main_attribute_set_general_earth_romance	3k_dlc05_skillset_generic_bandit_general_earth	1	1.0000	true
3k_main_template_historical_zhuge_jin_hero_water	historical	3k_standard_death_distribution_no_infant_mortality	3k_main_ceo_initial_data_character_historical_zhuge_jin_ironic	3k_main_general_generic_water_strategist	0	3	3k_main_rank_effect_set_records_water_strategist	3k_main_attribute_set_general_water_records	3k_main_skillset_zhuge_jin_minister_water_strategist	1	1.0000	true
3k_main_template_historical_zhuge_jin_hero_water	romance	3k_romance_death_distribution	3k_main_ceo_initial_data_character_historical_zhuge_jin_ironic	3k_main_hero_generic_water_strategist	0	3	3k_main_rank_effect_set_romance_water_strategist	3k_main_attribute_set_general_water_romance	3k_main_skillset_zhuge_jin_minister_water_strategist	1	1.0000	true
3k_main_template_historical_zhuge_dan_hero_fire	historical	3k_standard_death_distribution_no_infant_mortality	3k_main_ceo_initial_data_character_historical_zhuge_dan_ironic_fire	3k_main_general_generic_fire	0	3	3k_main_rank_effect_set_records_base	3k_main_attribute_set_general_fire_records	3k_main_skillset_zhuge_dan_general_fire	1	1.0000	true
3k_main_template_historical_zhuge_dan_hero_fire	romance	3k_romance_death_distribution	3k_main_ceo_initial_data_character_historical_zhuge_dan_ironic_fire	3k_main_hero_generic_fire	0	3	3k_main_rank_effect_set_romance_base	3k_main_attribute_set_general_fire_romance	3k_main_skillset_zhuge_dan_general_fire	1	1.0000	true
3k_main_template_historical_wu_huan_hero_metal	historical	3k_standard_death_distribution	3k_main_ceo_initial_data_character_historical_wu_huan_ytr	ironic_190e_general_wu_huan_ytr_metal	2	3	3k_main_rank_effect_set_records_base	3k_ytr_attribute_set_general_scholar_records	3k_ytr_skillset_romance_generic_soldier_scholar	1	1.0000	true
3k_main_template_historical_wu_huan_hero_metal	romance	3k_romance_death_distribution	3k_main_ceo_initial_data_character_historical_wu_huan_ytr	ironic_190e_hero_wu_huan_ytr_metal	2	3	3k_main_rank_effect_set_romance_base	3k_ytr_attribute_set_general_scholar_romance	3k_ytr_skillset_romance_generic_soldier_scholar	1	1.0000	true
3k_main_template_historical_liu_yao_hero_earth	historical	3k_standard_death_distribution_no_infant_mortality	3k_main_ceo_initial_data_character_historical_liu_yao	3k_main_general_liu_yao_metal	1	1	3k_main_rank_effect_set_records_base	3k_main_attribute_set_general_metal_records	3k_main_skillset_generic_minister_metal	1	0.0050	true
3k_main_template_historical_liu_yao_hero_earth	romance	3k_romance_death_distribution	3k_main_ceo_initial_data_character_historical_liu_yao	3k_main_hero_liu_yao_metal	1	1	3k_main_rank_effect_set_romance_base	3k_main_attribute_set_general_metal_romance	3k_main_skillset_generic_minister_metal	1	0.0500	true
3k_main_template_historical_wang_lang_hero_earth	historical	3k_standard_death_distribution_no_infant_mortality	3k_main_ceo_initial_data_character_historical_wang_lang	3k_main_general_wang_lang_earth	0	0	3k_main_rank_effect_set_records_earth_commander	3k_main_attribute_set_general_earth_records	3k_main_skillset_wang_lang_minister_earth	1	0.0050	true
3k_main_template_historical_wang_lang_hero_earth	romance	3k_romance_death_distribution	3k_main_ceo_initial_data_character_historical_wang_lang	3k_main_hero_wang_lang_earth	0	0	3k_main_rank_effect_set_romance_earth_commander	3k_main_attribute_set_general_earth_romance	3k_main_skillset_wang_lang_minister_earth	1	0.0500	true
3k_dlc05_template_historical_pan_lin_hero_water	historical	3k_standard_death_distribution_no_infant_mortality	3k_main_ceo_initial_data_character_historical_pan_lin	ironic_190e_general_pan_lin_water	0	0	3k_main_rank_effect_set_records_water_strategist	3k_main_attribute_set_general_water_records	3k_dlc05_skillset_pan_lin_bandit_minister_water_strategist	1	1.0000	true
3k_dlc05_template_historical_pan_lin_hero_water	romance	3k_romance_death_distribution	3k_main_ceo_initial_data_character_historical_pan_lin	ironic_190e_hero_pan_lin_water	0	0	3k_main_rank_effect_set_romance_water_strategist	3k_main_attribute_set_general_water_romance	3k_dlc05_skillset_pan_lin_bandit_minister_water_strategist	1	1.0000	true
3k_main_template_historical_hong_ming_hero_wood	historical	3k_standard_death_distribution_no_infant_mortality	3k_main_ceo_initial_data_character_historical_hong_ming	3k_dlc05_bandit_general_generic_wood	0	3	3k_main_rank_effect_set_records_base	3k_main_attribute_set_general_wood_records	3k_dlc05_skillset_generic_bandit_agent_wood	1	1.0000	true
3k_main_template_historical_hong_ming_hero_wood	romance	3k_romance_death_distribution	3k_main_ceo_initial_data_character_historical_hong_ming	3k_dlc05_bandit_hero_generic_wood	0	3	3k_main_rank_effect_set_romance_base	3k_main_attribute_set_general_wood_romance	3k_dlc05_skillset_generic_bandit_agent_wood	1	1.0000	true
3k_main_template_historical_you_tu_hero_wood	historical	3k_standard_death_distribution_no_infant_mortality	3k_main_ceo_initial_data_character_historical_you_tu	3k_main_general_you_tu_wood	0	3	3k_main_rank_effect_set_records_base	3k_main_attribute_set_general_wood_records	3k_dlc05_skillset_you_tu_bandit_minister_wood	1	1.0000	true
3k_main_template_historical_you_tu_hero_wood	romance	3k_romance_death_distribution	3k_main_ceo_initial_data_character_historical_you_tu	3k_main_hero_you_tu_wood	0	3	3k_main_rank_effect_set_romance_base	3k_main_attribute_set_general_wood_romance	3k_dlc05_skillset_you_tu_bandit_minister_wood	1	1.0000	true
3k_main_template_historical_li_yu_hero_wood	historical	3k_standard_death_distribution_no_infant_mortality	3k_main_ceo_initial_data_character_historical_li_yu	3k_dlc05_bandit_general_generic_wood	0	3	3k_main_rank_effect_set_records_base	3k_main_attribute_set_general_wood_records	3k_dlc05_skillset_generic_bandit_minister_wood	1	1.0000	true
3k_main_template_historical_li_yu_hero_wood	romance	3k_romance_death_distribution	3k_main_ceo_initial_data_character_historical_li_yu	3k_dlc05_bandit_hero_generic_wood	0	3	3k_main_rank_effect_set_romance_base	3k_main_attribute_set_general_wood_romance	3k_dlc05_skillset_generic_bandit_minister_wood	1	1.0000	true
3k_main_template_historical_yuan_long_hero_water	historical	3k_standard_death_distribution_no_infant_mortality	3k_main_ceo_initial_data_character_historical_yuan_long	3k_dlc05_bandit_general_generic_metal	0	3	3k_main_rank_effect_set_records_base	3k_main_attribute_set_general_metal_records	3k_dlc05_skillset_generic_bandit_governor_metal	1	1.0000	true
3k_main_template_historical_yuan_long_hero_water	romance	3k_romance_death_distribution	3k_main_ceo_initial_data_character_historical_yuan_long	3k_dlc05_bandit_hero_generic_metal	0	3	3k_main_rank_effect_set_romance_base	3k_main_attribute_set_general_metal_romance	3k_dlc05_skillset_generic_bandit_governor_metal	1	1.0000	true
3k_main_template_historical_zou_lin_hero_wood	historical	3k_standard_death_distribution_no_infant_mortality	3k_main_ceo_initial_data_character_historical_zou_lin_unique	3k_dlc05_bandit_general_generic_water	0	3	3k_main_rank_effect_set_records_base	3k_main_attribute_set_general_water_records	3k_dlc05_skillset_generic_bandit_villager_water_strategist	1	1.0000	true
3k_main_template_historical_zou_lin_hero_wood	romance	3k_romance_death_distribution	3k_main_ceo_initial_data_character_historical_zou_lin_unique	3k_dlc05_bandit_hero_generic_water	0	3	3k_main_rank_effect_set_romance_base	3k_main_attribute_set_general_water_romance	3k_dlc05_skillset_generic_bandit_villager_water_strategist	1	1.0000	true
3k_main_template_historical_xu_miao_hero_water	historical	3k_standard_death_distribution_no_infant_mortality	3k_main_ceo_initial_data_character_historical_xu_miao	3k_main_general_generic_water_strategist	0	3	3k_main_rank_effect_set_records_water_strategist	3k_main_attribute_set_general_water_records	3k_main_skillset_generic_envoy_water_strategist	1	1.0000	true
3k_main_template_historical_xu_miao_hero_water	romance	3k_romance_death_distribution	3k_main_ceo_initial_data_character_historical_xu_miao	3k_main_hero_generic_water_strategist	0	3	3k_main_rank_effect_set_romance_water_strategist	3k_main_attribute_set_general_water_romance	3k_main_skillset_generic_envoy_water_strategist	1	1.0000	true
3k_dlc06_template_generic_qu_pan_hero_metal	historical	3k_standard_death_distribution	3k_main_ceo_initial_data_character_historical_qu_pan	ironic_190e_general_qu_pan_earth	1	3	3k_main_rank_effect_set_records_base	3k_main_attribute_set_general_earth_records	3k_main_skillset_generic_minister_earth	1	0.0500	true
3k_dlc06_template_generic_qu_pan_hero_metal	romance	3k_romance_death_distribution	3k_main_ceo_initial_data_character_historical_qu_pan	ironic_190e_hero_qu_pan_earth	1	3	3k_main_rank_effect_set_romance_base	3k_main_attribute_set_general_earth_romance	3k_main_skillset_generic_minister_earth	1	0.0500	true
3k_main_template_historical_lu_fan_hero_water	historical	3k_standard_death_distribution_no_infant_mortality	3k_main_ceo_initial_data_character_historical_lu_fan_ironic	3k_main_general_generic_water_strategist	0	3	3k_main_rank_effect_set_records_water_strategist	3k_main_attribute_set_general_water_records	3k_main_skillset_generic_minister_water_strategist	1	1.0000	true
3k_main_template_historical_lu_fan_hero_water	romance	3k_romance_death_distribution	3k_main_ceo_initial_data_character_historical_lu_fan_ironic	3k_main_hero_generic_water_strategist	0	3	3k_main_rank_effect_set_romance_water_strategist	3k_main_attribute_set_general_water_romance	3k_main_skillset_generic_minister_water_strategist	1	1.0000	true
3k_main_template_historical_jiang_gong_hero_wood	historical	3k_standard_death_distribution_no_infant_mortality	3k_dlc05_ceo_initial_data_character_generic_bandit_m_wood_general	3k_main_general_generic_wood	0	3	3k_main_rank_effect_set_records_base	3k_main_attribute_set_general_wood_records	3k_dlc05_skillset_generic_bandit_general_wood	1	1.0000	true
3k_main_template_historical_jiang_gong_hero_wood	romance	3k_romance_death_distribution	3k_dlc05_ceo_initial_data_character_generic_bandit_m_wood_general	3k_main_hero_generic_wood	0	3	3k_main_rank_effect_set_romance_base	3k_main_attribute_set_general_wood_romance	3k_dlc05_skillset_generic_bandit_general_wood	1	1.0000	true
3k_main_template_historical_ding_feng_hero_metal	historical	3k_standard_death_distribution_no_infant_mortality	3k_main_ceo_initial_data_character_historical_ding_feng	3k_main_general_generic_wood	0	3	3k_main_rank_effect_set_records_base	3k_main_attribute_set_general_wood_records	3k_main_skillset_ding_feng_general_wood	1	1.0000	true
3k_main_template_historical_ding_feng_hero_metal	romance	3k_romance_death_distribution	3k_main_ceo_initial_data_character_historical_ding_feng	3k_main_hero_generic_wood	0	3	3k_main_rank_effect_set_romance_base	3k_main_attribute_set_general_wood_romance	3k_main_skillset_ding_feng_general_wood	1	1.0000	true
3k_ytr_template_historical_liu_pi_hero_water	historical	3k_standard_death_distribution_no_infant_mortality	3k_main_ceo_initial_data_character_historical_liu_pi_unique	3k_ytr_yellow_turban_general_generic_water_healer	1	1	3k_ytr_rank_effect_set_records_base	3k_ytr_attribute_set_general_healer_records	3k_ytr_skillset_romance_generic_official_healer	1	1.0000	true
3k_ytr_template_historical_liu_pi_hero_water	romance	3k_romance_death_distribution	3k_main_ceo_initial_data_character_historical_liu_pi_unique	3k_ytr_yellow_turban_hero_generic_water_healer	1	1	3k_ytr_rank_effect_set_romance_base	3k_ytr_attribute_set_general_healer_romance	3k_ytr_skillset_romance_generic_official_healer	1	1.0000	true
3k_main_template_historical_yuan_yi_hero_water	historical	3k_standard_death_distribution_no_infant_mortality	3k_main_ceo_initial_data_character_historical_yuan_yi_unique	3k_main_general_generic_water_strategist	0	3	3k_main_rank_effect_set_records_water_strategist	3k_main_attribute_set_general_water_records	3k_main_skillset_generic_envoy_water_strategist	1	1.0000	true
3k_main_template_historical_yuan_yi_hero_water	romance	3k_romance_death_distribution	3k_main_ceo_initial_data_character_historical_yuan_yi_unique	3k_main_hero_generic_water_strategist	0	3	3k_main_rank_effect_set_romance_water_strategist	3k_main_attribute_set_general_water_romance	3k_main_skillset_generic_envoy_water_strategist	1	1.0000	true
3k_main_template_historical_yuan_huan_hero_earth	historical	3k_standard_death_distribution_no_infant_mortality	3k_main_ceo_initial_data_character_historical_yuan_huan_unique	3k_main_general_earth_yuan_huan	0	0	3k_main_rank_effect_set_records_earth_commander	3k_main_attribute_set_general_earth_records	3k_main_skillset_generic_minister_earth	1	1.0000	true
3k_main_template_historical_yuan_huan_hero_earth	romance	3k_romance_death_distribution	3k_main_ceo_initial_data_character_historical_yuan_huan_unique	3k_main_hero_earth_yuan_huan	0	0	3k_main_rank_effect_set_romance_earth_commander	3k_main_attribute_set_general_earth_romance	3k_main_skillset_generic_minister_earth	1	1.0000	true
3k_main_template_historical_gao_sheng_hero_wood	historical	3k_standard_death_distribution_no_infant_mortality	3k_main_ceo_initial_data_character_historical_gao_sheng_title	3k_dlc05_bandit_general_generic_water	0	3	3k_main_rank_effect_set_records_water_strategist	3k_main_attribute_set_general_water_records	3k_dlc05_skillset_generic_bandit_agent_water_strategist	1	1.0000	true
3k_main_template_historical_gao_sheng_hero_wood	romance	3k_romance_death_distribution	3k_main_ceo_initial_data_character_historical_gao_sheng_title	3k_dlc05_bandit_hero_generic_water	0	3	3k_main_rank_effect_set_romance_water_strategist	3k_main_attribute_set_general_water_romance	3k_dlc05_skillset_generic_bandit_agent_water_strategist	1	1.0000	true
3k_main_template_historical_li_huan_hero_wood	historical	3k_standard_death_distribution_no_infant_mortality	3k_main_ceo_initial_data_character_historical_li_huan_title	3k_dlc05_bandit_general_generic_metal	0	3	3k_main_rank_effect_set_records_base	3k_main_attribute_set_general_metal_records	3k_dlc05_skillset_generic_bandit_agent_metal	1	1.0000	true
3k_main_template_historical_li_huan_hero_wood	romance	3k_romance_death_distribution	3k_main_ceo_initial_data_character_historical_li_huan_title	3k_dlc05_bandit_hero_generic_metal	0	3	3k_main_rank_effect_set_romance_base	3k_main_attribute_set_general_metal_romance	3k_dlc05_skillset_generic_bandit_agent_metal	1	1.0000	true
3k_main_template_generated_lady_shi_jiejin_hero_water	historical	3k_standard_death_distribution	3k_main_ceo_initial_data_character_historical_li_shi_unique	3k_main_general_generic_water_strategist	0	0	3k_main_rank_effect_set_records_water_strategist	3k_main_attribute_set_general_water_records	3k_main_skillset_generic_minister_water_strategist	1	1.0000	true
3k_main_template_generated_lady_shi_jiejin_hero_water	romance	3k_romance_death_distribution	3k_main_ceo_initial_data_character_historical_li_shi_unique	3k_main_hero_generic_water_strategist	0	0	3k_main_rank_effect_set_romance_water_strategist	3k_main_attribute_set_general_water_romance	3k_main_skillset_generic_minister_water_strategist	1	1.0000	true
3k_main_template_historical_shi_hui_hero_earth	historical	3k_standard_death_distribution_no_infant_mortality	3k_main_ceo_initial_data_character_historical_shi_hui_unique	3k_main_general_generic_earth	0	0	3k_main_rank_effect_set_records_earth_commander	3k_main_attribute_set_general_earth_records	3k_main_skillset_generic_governor_earth	1	1.0000	true
3k_main_template_historical_shi_hui_hero_earth	romance	3k_romance_death_distribution	3k_main_ceo_initial_data_character_historical_shi_hui_unique	3k_main_hero_generic_earth	0	0	3k_main_rank_effect_set_romance_earth_commander	3k_main_attribute_set_general_earth_romance	3k_main_skillset_generic_governor_earth	1	1.0000	true
3k_dlc06_template_historical_shi_wei_hero_metal	historical	3k_standard_death_distribution_no_infant_mortality	3k_main_ceo_initial_data_character_historical_shi_wei_unique	3k_main_general_generic_metal	0	1	3k_main_rank_effect_set_records_base	3k_main_attribute_set_general_metal_records	3k_main_skillset_generic_governor_metal	1	1.0000	true
3k_dlc06_template_historical_shi_wei_hero_metal	romance	3k_romance_death_distribution	3k_main_ceo_initial_data_character_historical_shi_wei_unique	3k_main_hero_generic_metal	0	1	3k_main_rank_effect_set_romance_base	3k_main_attribute_set_general_metal_romance	3k_main_skillset_generic_governor_metal	1	1.0000	true
3k_main_template_historical_shi_wu_hero_fire	historical	3k_standard_death_distribution	3k_main_ceo_initial_data_character_historical_shi_wu_unique	3k_main_general_generic_fire	1	1	3k_main_rank_effect_set_records_base	3k_main_attribute_set_general_fire_records	3k_main_skillset_generic_governor_fire	1	1.0000	true
3k_main_template_historical_shi_wu_hero_fire	romance	3k_romance_death_distribution	3k_main_ceo_initial_data_character_historical_shi_wu_unique	3k_main_hero_generic_fire	1	1	3k_main_rank_effect_set_romance_base	3k_main_attribute_set_general_fire_romance	3k_main_skillset_generic_governor_fire	1	1.0000	true
3k_main_template_historical_shi_yi_hero_metal	historical	3k_standard_death_distribution	3k_main_ceo_initial_data_character_historical_shi_yi_unique	3k_dlc06_general_metal_shi_yi	1	2	3k_main_rank_effect_set_records_base	3k_main_attribute_set_general_metal_records	3k_main_skillset_generic_governor_metal	1	1.0000	true
3k_main_template_historical_shi_yi_hero_metal	romance	3k_romance_death_distribution	3k_main_ceo_initial_data_character_historical_shi_yi_unique	3k_dlc06_hero_metal_shi_yi	1	2	3k_main_rank_effect_set_romance_base	3k_main_attribute_set_general_metal_romance	3k_main_skillset_generic_governor_metal	1	1.0000	true
3k_main_template_historical_shi_zhi_hero_water	historical	3k_standard_death_distribution_no_infant_mortality	3k_main_ceo_initial_data_character_historical_shi_zin_unique	3k_main_general_generic_water_strategist	0	1	3k_main_rank_effect_set_records_water_strategist	3k_main_attribute_set_general_water_records	3k_main_skillset_generic_envoy_water_strategist	1	1.0000	true
3k_main_template_historical_shi_zhi_hero_water	romance	3k_romance_death_distribution	3k_main_ceo_initial_data_character_historical_shi_zin_unique	3k_main_hero_generic_water_strategist	0	1	3k_main_rank_effect_set_romance_water_strategist	3k_main_attribute_set_general_water_romance	3k_main_skillset_generic_envoy_water_strategist	1	1.0000	true
3k_main_template_historical_zhang_min_hero_water	historical	3k_standard_death_distribution_no_infant_mortality	3k_main_ceo_initial_data_character_historical_zhang_min_unique	3k_main_general_generic_water_strategist	0	0	3k_main_rank_effect_set_records_water_strategist	3k_main_attribute_set_general_water_records	3k_main_skillset_generic_envoy_water_strategist	1	1.0000	true
3k_main_template_historical_zhang_min_hero_water	romance	3k_romance_death_distribution	3k_main_ceo_initial_data_character_historical_zhang_min_unique	3k_main_hero_generic_water_strategist	0	0	3k_main_rank_effect_set_romance_water_strategist	3k_main_attribute_set_general_water_romance	3k_main_skillset_generic_envoy_water_strategist	1	1.0000	true
3k_main_template_historical_huan_lin_hero_wood	historical	3k_standard_death_distribution_no_infant_mortality	3k_main_ceo_initial_data_character_historical_huan_lin_unique	3k_main_general_generic_metal	0	0	3k_main_rank_effect_set_records_base	3k_main_attribute_set_general_metal_records	3k_main_skillset_generic_governor_metal	1	1.0000	true
3k_main_template_historical_huan_lin_hero_wood	romance	3k_romance_death_distribution	3k_main_ceo_initial_data_character_historical_huan_lin_unique	3k_main_hero_generic_metal	0	0	3k_main_rank_effect_set_romance_base	3k_main_attribute_set_general_metal_romance	3k_main_skillset_generic_governor_metal	1	1.0000	true
3k_main_template_historical_huan_zhi_hero_wood	historical	3k_standard_death_distribution_no_infant_mortality	3k_main_ceo_initial_data_character_historical_huan_zhi_unique	3k_main_general_generic_wood	0	0	3k_main_rank_effect_set_records_base	3k_main_attribute_set_general_wood_records	3k_main_skillset_generic_agent_wood	1	1.0000	true
3k_main_template_historical_huan_zhi_hero_wood	romance	3k_romance_death_distribution	3k_main_ceo_initial_data_character_historical_huan_zhi_unique	3k_main_hero_generic_wood	0	0	3k_main_rank_effect_set_romance_base	3k_main_attribute_set_general_wood_romance	3k_main_skillset_generic_agent_wood	1	1.0000	true
3k_main_template_historical_wu_lan_hero_fire	historical	3k_standard_death_distribution_no_infant_mortality	3k_main_ceo_initial_data_character_historical_wu_lan_title	3k_main_general_generic_fire	0	3	3k_main_rank_effect_set_records_base	3k_main_attribute_set_general_fire_records	3k_main_skillset_generic_envoy_fire	1	1.0000	true
3k_main_template_historical_wu_lan_hero_fire	romance	3k_romance_death_distribution	3k_main_ceo_initial_data_character_historical_wu_lan_title	3k_main_hero_generic_fire	0	3	3k_main_rank_effect_set_romance_base	3k_main_attribute_set_general_fire_romance	3k_main_skillset_generic_envoy_fire	1	1.0000	true
3k_main_template_historical_wang_lei_hero_water	historical	3k_standard_death_distribution_no_infant_mortality	3k_main_ceo_initial_data_character_historical_wang_lei_unique	3k_main_general_generic_water_strategist	0	3	3k_main_rank_effect_set_records_water_strategist	3k_main_attribute_set_general_water_records	3k_main_skillset_generic_governor_water_strategist	1	1.0000	true
3k_main_template_historical_wang_lei_hero_water	romance	3k_romance_death_distribution	3k_main_ceo_initial_data_character_historical_wang_lei_unique	3k_main_hero_generic_water_strategist	0	3	3k_main_rank_effect_set_romance_water_strategist	3k_main_attribute_set_general_water_romance	3k_main_skillset_generic_governor_water_strategist	1	1.0000	true
3k_main_template_historical_jiang_wan_hero_earth	historical	3k_standard_death_distribution_no_infant_mortality	3k_main_ceo_initial_data_character_historical_jiang_wan_unique	3k_main_general_generic_earth	0	3	3k_main_rank_effect_set_records_earth_commander	3k_main_attribute_set_general_earth_records	3k_main_skillset_generic_general_earth	1	1.0000	true
3k_main_template_historical_jiang_wan_hero_earth	romance	3k_romance_death_distribution	3k_main_ceo_initial_data_character_historical_jiang_wan_unique	3k_main_hero_generic_earth	0	3	3k_main_rank_effect_set_romance_earth_commander	3k_main_attribute_set_general_earth_romance	3k_main_skillset_generic_general_earth	1	1.0000	true
3k_main_template_historical_ren_an_hero_water	historical	3k_standard_death_distribution_no_infant_mortality	3k_main_ceo_initial_data_character_historical_ren_an_title	3k_main_general_generic_water_strategist	0	3	3k_main_rank_effect_set_records_water_strategist	3k_main_attribute_set_general_water_records	3k_main_skillset_generic_villager_water_strategist	1	1.0000	true
3k_main_template_historical_ren_an_hero_water	romance	3k_romance_death_distribution	3k_main_ceo_initial_data_character_historical_ren_an_title	3k_main_hero_generic_water_strategist	0	3	3k_main_rank_effect_set_romance_water_strategist	3k_main_attribute_set_general_water_romance	3k_main_skillset_generic_villager_water_strategist	1	1.0000	true
3k_main_template_historical_qin_mi_hero_water	historical	3k_standard_death_distribution_no_infant_mortality	3k_main_ceo_initial_data_character_historical_qin_mi_title	3k_main_general_generic_earth	0	3	3k_main_rank_effect_set_records_earth_commander	3k_main_attribute_set_general_earth_records	3k_main_skillset_generic_villager_earth	1	1.0000	true
3k_main_template_historical_qin_mi_hero_water	romance	3k_romance_death_distribution	3k_main_ceo_initial_data_character_historical_qin_mi_title	3k_main_hero_generic_earth	0	3	3k_main_rank_effect_set_romance_earth_commander	3k_main_attribute_set_general_earth_records	3k_main_skillset_generic_villager_earth	1	1.0000	true
3k_main_template_historical_wang_fu_hero_water	historical	3k_standard_death_distribution_no_infant_mortality	3k_main_ceo_initial_data_character_historical_wang_fu_stra_unique	3k_main_general_generic_water_strategist	0	3	3k_main_rank_effect_set_records_water_strategist	3k_main_attribute_set_general_water_records	3k_main_skillset_generic_governor_water_strategist	1	1.0000	true
3k_main_template_historical_wang_fu_hero_water	romance	3k_romance_death_distribution	3k_main_ceo_initial_data_character_historical_wang_fu_stra_unique	3k_main_hero_generic_water_strategist	0	3	3k_main_rank_effect_set_romance_water_strategist	3k_main_attribute_set_general_water_romance	3k_main_skillset_generic_governor_water_strategist	1	1.0000	true
3k_main_template_historical_wang_shi_hero_fire	historical	3k_standard_death_distribution_no_infant_mortality	3k_main_ceo_initial_data_character_historical_wang_shi_unique	3k_main_general_generic_fire	0	3	3k_main_rank_effect_set_records_base	3k_main_attribute_set_general_fire_records	3k_main_skillset_generic_general_fire	1	1.0000	true
3k_main_template_historical_wang_shi_hero_fire	romance	3k_romance_death_distribution	3k_main_ceo_initial_data_character_historical_wang_shi_unique	3k_main_hero_generic_fire	0	3	3k_main_rank_effect_set_romance_base	3k_main_attribute_set_general_fire_romance	3k_main_skillset_generic_general_fire	1	1.0000	true
3k_main_template_historical_li_hui_hero_fire	historical	3k_standard_death_distribution_no_infant_mortality	3k_main_ceo_initial_data_character_historical_li_hui_van_unique	3k_main_general_generic_fire	0	3	3k_main_rank_effect_set_records_base	3k_main_attribute_set_general_fire_records	3k_main_skillset_generic_villager_fire	1	1.0000	true
3k_main_template_historical_li_hui_hero_fire	romance	3k_romance_death_distribution	3k_main_ceo_initial_data_character_historical_li_hui_van_unique	3k_main_hero_generic_fire	0	3	3k_main_rank_effect_set_romance_base	3k_main_attribute_set_general_fire_romance	3k_main_skillset_generic_villager_fire	1	1.0000	true
3k_main_template_historical_yong_kai_hero_fire	historical	3k_standard_death_distribution_no_infant_mortality	3k_main_ceo_initial_data_character_historical_yong_kai_unique	3k_main_general_generic_wood	0	3	3k_main_rank_effect_set_records_base	3k_main_attribute_set_general_wood_records	3k_main_skillset_yong_kai_agent_wood	1	1.0000	true
3k_main_template_historical_yong_kai_hero_fire	romance	3k_romance_death_distribution	3k_main_ceo_initial_data_character_historical_yong_kai_unique	3k_main_hero_generic_wood	0	3	3k_main_rank_effect_set_romance_base	3k_main_attribute_set_general_wood_romance	3k_main_skillset_yong_kai_agent_wood	1	1.0000	true
3k_main_template_historical_zhao_lei_hero_fire	historical	3k_standard_death_distribution_no_infant_mortality	3k_main_ceo_initial_data_character_historical_zhao_lei_title	3k_main_general_generic_fire	0	3	3k_main_rank_effect_set_records_base	3k_main_attribute_set_general_fire_records	3k_main_skillset_generic_general_fire	1	1.0000	true
3k_main_template_historical_zhao_lei_hero_fire	romance	3k_romance_death_distribution	3k_main_ceo_initial_data_character_historical_zhao_lei_title	3k_main_hero_generic_fire	0	3	3k_main_rank_effect_set_romance_base	3k_main_attribute_set_general_fire_romance	3k_main_skillset_generic_general_fire	1	1.0000	true
3k_main_template_historical_jin_xuan_hero_earth	historical	3k_standard_death_distribution_no_infant_mortality	3k_main_ceo_initial_data_character_historical_jin_xuan_unique	3k_main_general_generic_earth	0	3	3k_main_rank_effect_set_records_earth_commander	3k_main_attribute_set_general_earth_records	3k_main_skillset_generic_envoy_earth	1	1.0000	true
3k_main_template_historical_jin_xuan_hero_earth	romance	3k_romance_death_distribution	3k_main_ceo_initial_data_character_historical_jin_xuan_unique	3k_main_hero_generic_earth	0	3	3k_main_rank_effect_set_romance_earth_commander	3k_main_attribute_set_general_earth_romance	3k_main_skillset_generic_envoy_earth	1	1.0000	true
3k_main_template_historical_pan_jun_hero_fire	historical	3k_standard_death_distribution_no_infant_mortality	3k_main_ceo_initial_data_character_historical_pan_jun_unique	3k_main_general_generic_fire	0	3	3k_main_rank_effect_set_records_base	3k_main_attribute_set_general_fire_records	3k_main_skillset_generic_minister_fire	1	1.0000	true
3k_main_template_historical_pan_jun_hero_fire	romance	3k_romance_death_distribution	3k_main_ceo_initial_data_character_historical_pan_jun_unique	3k_main_hero_generic_fire	0	3	3k_main_rank_effect_set_romance_base	3k_main_attribute_set_general_fire_romance	3k_main_skillset_generic_minister_fire	1	1.0000	true
3k_main_template_generated_lady_shi_mengjuan_hero_water	historical	3k_standard_death_distribution_no_infant_mortality	3k_main_ceo_initial_data_character_historical_li_shi_unique	3k_main_general_generic_water_strategist	0	0	3k_main_rank_effect_set_records_water_strategist	3k_main_attribute_set_general_water_records	3k_main_skillset_generic_general_water_strategist	1	1.0000	true
3k_main_template_generated_lady_shi_mengjuan_hero_water	romance	3k_romance_death_distribution	3k_main_ceo_initial_data_character_historical_li_shi_unique	3k_main_hero_generic_water_strategist	0	0	3k_main_rank_effect_set_romance_water_strategist	3k_main_attribute_set_general_water_romance	3k_main_skillset_generic_general_water_strategist	1	1.0000	true
3k_main_template_historical_gao_pei_hero_fire	historical	3k_standard_death_distribution_no_infant_mortality	3k_main_ceo_initial_data_character_historical_gao_pei_unique	3k_main_general_generic_fire	0	3	3k_main_rank_effect_set_records_base	3k_main_attribute_set_general_fire_records	3k_main_skillset_generic_general_fire	1	1.0000	true
3k_main_template_historical_gao_pei_hero_fire	romance	3k_romance_death_distribution	3k_main_ceo_initial_data_character_historical_gao_pei_unique	3k_main_hero_generic_fire	0	3	3k_main_rank_effect_set_romance_base	3k_main_attribute_set_general_fire_romance	3k_main_skillset_generic_general_fire	1	1.0000	true
3k_main_template_historical_zhang_song_hero_water	historical	3k_standard_death_distribution_no_infant_mortality	3k_main_ceo_initial_data_character_historical_zhang_song_unique	3k_main_general_generic_water_strategist	0	3	3k_main_rank_effect_set_records_water_strategist	3k_main_attribute_set_general_water_records	3k_main_skillset_zhang_song_agent_water_strategist	1	1.0000	true
3k_main_template_historical_zhang_song_hero_water	romance	3k_romance_death_distribution	3k_main_ceo_initial_data_character_historical_zhang_song_unique	3k_main_hero_generic_water_strategist	0	3	3k_main_rank_effect_set_romance_water_strategist	3k_main_attribute_set_general_water_romance	3k_main_skillset_zhang_song_agent_water_strategist	1	1.0000	true
3k_main_template_historical_li_shao_hero_water	historical	3k_standard_death_distribution_no_infant_mortality	3k_main_ceo_initial_data_character_historical_li_shao_title	3k_main_general_generic_water_strategist	0	3	3k_main_rank_effect_set_records_water_strategist	3k_main_attribute_set_general_water_records	3k_main_skillset_generic_minister_water_strategist	1	1.0000	true
3k_main_template_historical_li_shao_hero_water	romance	3k_romance_death_distribution	3k_main_ceo_initial_data_character_historical_li_shao_title	3k_main_hero_generic_water_strategist	0	3	3k_main_rank_effect_set_romance_water_strategist	3k_main_attribute_set_general_water_romance	3k_main_skillset_generic_minister_water_strategist	1	1.0000	true
3k_main_template_historical_yang_huai_hero_fire	historical	3k_standard_death_distribution_no_infant_mortality	3k_main_ceo_initial_data_character_historical_yang_huai_title	3k_main_general_generic_metal	0	3	3k_main_rank_effect_set_records_base	3k_main_attribute_set_general_metal_records	3k_main_skillset_generic_general_metal	1	1.0000	true
3k_main_template_historical_yang_huai_hero_fire	romance	3k_romance_death_distribution	3k_main_ceo_initial_data_character_historical_yang_huai_title	3k_main_hero_generic_metal	0	3	3k_main_rank_effect_set_romance_base	3k_main_attribute_set_general_metal_romance	3k_main_skillset_generic_general_metal	1	1.0000	true
3k_main_template_historical_han_ji_hero_water	historical	3k_standard_death_distribution_no_infant_mortality	3k_main_ceo_initial_data_character_historical_han_ji_unique_ironic	3k_main_general_generic_water_strategist	0	3	3k_main_rank_effect_set_records_water_strategist	3k_main_attribute_set_general_water_records	3k_main_skillset_generic_minister_water_strategist	1	1.0000	true
3k_main_template_historical_han_ji_hero_water	romance	3k_romance_death_distribution	3k_main_ceo_initial_data_character_historical_han_ji_unique_ironic	3k_main_hero_generic_water_strategist	0	3	3k_main_rank_effect_set_romance_water_strategist	3k_main_attribute_set_general_water_romance	3k_main_skillset_generic_minister_water_strategist	1	1.0000	true
3k_main_template_historical_lu_meng_hero_metal	historical	3k_standard_death_distribution_no_infant_mortality	3k_main_ceo_initial_data_character_historical_lu_meng_unique_ironic	3k_main_general_generic_metal	1	1	3k_main_rank_effect_set_records_base	3k_main_attribute_set_general_metal_records	3k_main_skillset_lu_meng_minister_metal	1	1.0000	true
3k_main_template_historical_lu_meng_hero_metal	romance	3k_romance_death_distribution	3k_main_ceo_initial_data_character_historical_lu_meng_unique_ironic	3k_main_hero_generic_metal	1	1	3k_main_rank_effect_set_romance_base	3k_main_attribute_set_general_metal_romance	3k_main_skillset_lu_meng_minister_metal	1	1.0000	true
3k_main_template_historical_chen_wu_hero_metal	historical	3k_standard_death_distribution_no_infant_mortality	3k_main_ceo_initial_data_character_historical_chen_wu_unique	3k_main_general_generic_metal	0	3	3k_main_rank_effect_set_records_base	3k_main_attribute_set_general_metal_records	3k_main_skillset_chen_wu_general_metal	1	1.0000	true
3k_main_template_historical_chen_wu_hero_metal	romance	3k_romance_death_distribution	3k_main_ceo_initial_data_character_historical_chen_wu_unique	3k_main_hero_generic_metal	0	3	3k_main_rank_effect_set_romance_base	3k_main_attribute_set_general_metal_romance	3k_main_skillset_chen_wu_general_metal	1	1.0000	true
3k_dlc06_template_historical_shi_xin_hero_wood	historical	3k_standard_death_distribution	3k_main_ceo_initial_data_character_historical_shi_xin_unique	3k_dlc06_general_wood_shi_xin	1	3	3k_main_rank_effect_set_records_base	3k_main_attribute_set_general_wood_records	3k_main_skillset_generic_envoy_wood	1	1.0000	true
3k_dlc06_template_historical_shi_xin_hero_wood	romance	3k_romance_death_distribution	3k_main_ceo_initial_data_character_historical_shi_xin_unique	3k_dlc06_hero_wood_shi_xin	1	3	3k_main_rank_effect_set_romance_base	3k_main_attribute_set_general_wood_romance	3k_main_skillset_generic_envoy_wood	1	1.0000	true
3k_dlc04_template_historical_sima_ju_metal	historical	3k_standard_death_distribution_no_infant_mortality	3k_main_ceo_initial_data_character_historical_sima_ju_ytr	3k_ytr_yellow_turban_general_generic_metal_scholar	0	3	3k_ytr_rank_effect_set_records_base	3k_main_attribute_set_general_metal_records	3k_ytr_skillset_romance_generic_peasant_scholar	1	1.0000	true
3k_dlc04_template_historical_sima_ju_metal	romance	3k_romance_death_distribution	3k_main_ceo_initial_data_character_historical_sima_ju_ytr	3k_ytr_yellow_turban_hero_generic_metal_scholar	0	3	3k_ytr_rank_effect_set_romance_base	3k_main_attribute_set_general_metal_romance	3k_ytr_skillset_romance_generic_peasant_scholar	1	1.0000	true
3k_main_template_generated_lady_han_lian_hero_earth	historical	3k_standard_death_distribution	3k_main_ceo_initial_data_character_historical_han_lian	3k_main_general_generic_earth	0	0	3k_main_rank_effect_set_records_earth_commander	3k_main_attribute_set_general_earth_records	3k_main_skillset_generic_minister_earth	1	1.0000	true
3k_main_template_generated_lady_han_lian_hero_earth	romance	3k_romance_death_distribution	3k_main_ceo_initial_data_character_historical_han_lian	3k_main_hero_generic_earth	0	0	3k_main_rank_effect_set_romance_earth_commander	3k_main_attribute_set_general_earth_romance	3k_main_skillset_generic_minister_earth	1	1.0000	true
3k_dlc04_template_historical_ying_xun_jiyu_fire	historical	3k_standard_death_distribution_no_infant_mortality	3k_main_ceo_initial_data_character_historical_ying_xun	3k_main_general_generic_fire	0	3	3k_main_rank_effect_set_records_base	3k_main_attribute_set_general_fire_records	3k_main_skillset_generic_general_fire	1	1.0000	true
3k_dlc04_template_historical_ying_xun_jiyu_fire	romance	3k_romance_death_distribution	3k_main_ceo_initial_data_character_historical_ying_xun	3k_main_hero_generic_fire	0	3	3k_main_rank_effect_set_romance_base	3k_main_attribute_set_general_fire_romance	3k_main_skillset_generic_general_fire	1	1.0000	true
3k_main_template_historical_zhu_fu_hero_water	historical	3k_standard_death_distribution	3k_main_ceo_initial_data_character_historical_zhu_fu_unique	ironic_190e_general_zhu_fu_water	1	2	3k_main_rank_effect_set_records_water_strategist	3k_main_attribute_set_general_water_records	3k_main_skillset_generic_governor_water_strategist	1	1.0000	true
3k_main_template_historical_zhu_fu_hero_water	romance	3k_romance_death_distribution	3k_main_ceo_initial_data_character_historical_zhu_fu_unique	ironic_190e_hero_zhu_fu_water	1	2	3k_main_rank_effect_set_romance_water_strategist	3k_main_attribute_set_general_water_romance	3k_main_skillset_generic_governor_water_strategist	1	1.0000	true
3k_main_template_historical_li_chao_hero_water	historical	3k_standard_death_distribution_no_infant_mortality	3k_main_ceo_initial_data_character_historical_li_chao_title	3k_main_general_generic_earth	0	3	3k_main_rank_effect_set_records_earth_commander	3k_main_attribute_set_general_earth_records	3k_main_skillset_generic_agent_earth	1	1.0000	true
3k_main_template_historical_li_chao_hero_water	romance	3k_romance_death_distribution	3k_main_ceo_initial_data_character_historical_li_chao_title	3k_main_hero_generic_earth	0	3	3k_main_rank_effect_set_romance_earth_commander	3k_main_attribute_set_general_earth_romance	3k_main_skillset_generic_agent_earth	1	1.0000	true
3k_main_template_historical_li_miao_hero_fire	historical	3k_standard_death_distribution_no_infant_mortality	3k_main_ceo_initial_data_character_historical_li_miao_title	3k_main_general_generic_wood	0	3	3k_main_rank_effect_set_records_base	3k_main_attribute_set_general_wood_records	3k_main_skillset_generic_agent_wood	1	1.0000	true
3k_main_template_historical_li_miao_hero_fire	romance	3k_romance_death_distribution	3k_main_ceo_initial_data_character_historical_li_miao_title	3k_main_hero_generic_wood	0	3	3k_main_rank_effect_set_romance_base	3k_main_attribute_set_general_wood_romance	3k_main_skillset_generic_agent_wood	1	1.0000	true
3k_main_template_historical_gan_li_hero_metal	historical	3k_standard_death_distribution_no_infant_mortality	3k_main_ceo_initial_data_character_historical_gan_li_title	3k_main_general_generic_wood	0	0	3k_main_rank_effect_set_records_base	3k_main_attribute_set_general_wood_records	3k_main_skillset_generic_general_wood	1	1.0000	true
3k_main_template_historical_gan_li_hero_metal	romance	3k_romance_death_distribution	3k_main_ceo_initial_data_character_historical_gan_li_title	3k_main_hero_generic_wood	0	0	3k_main_rank_effect_set_romance_base	3k_main_attribute_set_general_wood_romance	3k_main_skillset_generic_general_wood	1	1.0000	true
3k_main_template_historical_song_jian_hero_metal	historical	3k_standard_death_distribution_no_infant_mortality	3k_dlc04_ceo_initial_data_character_historical_song_jian	3k_main_general_song_jian_metal	0	3	3k_main_rank_effect_set_records_base	3k_main_attribute_set_general_metal_records	3k_main_skillset_song_jian_minister_metal	1	1.0000	true
3k_main_template_historical_song_jian_hero_metal	romance	3k_romance_death_distribution	3k_dlc04_ceo_initial_data_character_historical_song_jian	3k_main_hero_song_jian_metal	0	3	3k_main_rank_effect_set_romance_base	3k_main_attribute_set_general_metal_romance	3k_main_skillset_song_jian_minister_metal	1	1.0000	true
3k_main_template_historical_yang_feng_hero_wood	historical	3k_standard_death_distribution_no_infant_mortality	3k_dlc05_ceo_initial_data_character_historical_yang_feng	3k_main_general_yang_feng_wood	0	0	3k_main_rank_effect_set_records_base	3k_main_attribute_set_general_wood_records	3k_dlc05_skillset_yang_feng_bandit_minister_wood	1	1.0000	true
3k_main_template_historical_yang_feng_hero_wood	romance	3k_romance_death_distribution	3k_dlc05_ceo_initial_data_character_historical_yang_feng	3k_main_hero_yang_feng_wood	0	0	3k_main_rank_effect_set_romance_base	3k_main_attribute_set_general_wood_romance	3k_dlc05_skillset_yang_feng_bandit_minister_wood	1	1.0000	true
3k_main_template_historical_cai_mao_hero_fire	historical	3k_standard_death_distribution_no_infant_mortality	3k_main_ceo_initial_data_character_historical_cai_mao	3k_main_general_cai_mao_fire	0	0	3k_main_rank_effect_set_records_base	3k_main_attribute_set_general_fire_records	3k_main_skillset_cai_mao_minister_fire	1	1.0000	true
3k_main_template_historical_cai_mao_hero_fire	romance	3k_romance_death_distribution	3k_main_ceo_initial_data_character_historical_cai_mao	3k_main_hero_cai_mao_fire	0	0	3k_main_rank_effect_set_romance_base	3k_main_attribute_set_general_fire_romance	3k_main_skillset_cai_mao_minister_fire	1	1.0000	true
3k_dlc04_template_historical_luo_jun_xiaoyuan_wood	historical	3k_standard_death_distribution_no_infant_mortality	3k_dlc04_ceo_initial_data_character_historical_luo_jun_xiaoyuan	3k_main_general_luo_jun_wood	0	3	3k_main_rank_effect_set_records_base	3k_main_attribute_set_general_wood_records	3k_main_skillset_historical_luo_jun	1	1.0000	true
3k_dlc04_template_historical_luo_jun_xiaoyuan_wood	romance	3k_romance_death_distribution	3k_dlc04_ceo_initial_data_character_historical_luo_jun_xiaoyuan	3k_main_hero_luo_jun_wood	0	3	3k_main_rank_effect_set_romance_base	3k_main_attribute_set_general_wood_romance	3k_main_skillset_historical_luo_jun	1	1.0000	true
3k_main_template_historical_sun_quan_hero_earth	historical	3k_standard_death_distribution_no_infant_mortality	3k_main_ceo_initial_data_character_historical_sun_quan	3k_main_general_earth_sun_quan	1	1	3k_main_rank_effect_set_records_earth_commander	3k_main_attribute_set_general_earth_records	3k_main_skillset_sun_quan_minister_earth	1	0.0050	true
3k_main_template_historical_sun_quan_hero_earth	romance	3k_romance_death_distribution	3k_main_ceo_initial_data_character_historical_sun_quan	3k_main_hero_earth_sun_quan	1	1	3k_main_rank_effect_set_romance_earth_commander	3k_main_attribute_set_general_earth_romance	3k_main_skillset_sun_quan_minister_earth	1	0.0500	true
3k_dlc07_template_historical_lady_zhen_water	historical	3k_standard_death_distribution_no_infant_mortality	3k_main_ceo_initial_data_character_historical_lady_zhen	3k_main_general_generic_water_strategist	0	0	3k_main_rank_effect_set_records_water_strategist	3k_main_attribute_set_general_water_records	3k_main_skillset_lady_zhen_governor_water_strategist	1	1.0000	true
3k_dlc07_template_historical_lady_zhen_water	romance	3k_romance_death_distribution	3k_main_ceo_initial_data_character_historical_lady_zhen	3k_main_hero_generic_water_strategist	0	0	3k_main_rank_effect_set_romance_water_strategist	3k_main_attribute_set_general_water_romance	3k_main_skillset_lady_zhen_governor_water_strategist	1	1.0000	true
3k_main_template_historical_cao_ang_hero_wood	historical	3k_standard_death_distribution_no_infant_mortality	3k_main_ceo_initial_data_character_historical_cao_ang	3k_main_general_generic_wood	0	0	3k_main_rank_effect_set_records_base	3k_main_attribute_set_general_wood_records	3k_main_skillset_cao_ang_general_wood	1	0.0050	true
3k_main_template_historical_cao_ang_hero_wood	romance	3k_romance_death_distribution	3k_main_ceo_initial_data_character_historical_cao_ang	3k_main_hero_generic_wood	0	0	3k_main_rank_effect_set_romance_base	3k_main_attribute_set_general_wood_romance	3k_main_skillset_cao_ang_general_wood	1	0.0500	true
3k_main_template_historical_yuan_shu_hero_earth	historical	3k_standard_death_distribution_no_infant_mortality	3k_main_ceo_initial_data_character_historical_yuan_shu	3k_main_general_earth_yuan_shu	1	1	3k_main_rank_effect_set_records_earth_commander	3k_main_attribute_set_general_earth_records	3k_main_skillset_yuan_shu_minister_earth	1	0.0050	true
3k_main_template_historical_yuan_shu_hero_earth	romance	3k_romance_death_distribution	3k_main_ceo_initial_data_character_historical_yuan_shu	3k_main_hero_earth_yuan_shu	1	1	3k_main_rank_effect_set_romance_earth_commander	3k_main_attribute_set_general_earth_romance	3k_main_skillset_yuan_shu_minister_earth	1	0.0500	true
3k_main_template_historical_gongsun_zan_hero_fire	historical	3k_standard_death_distribution_no_infant_mortality	3k_main_ceo_initial_data_character_historical_gongsun_zan	3k_main_general_fire_gongsun_zan	2	2	3k_main_rank_effect_set_records_base	3k_main_attribute_set_general_fire_records	3k_main_skillset_gongsun_zan_minister_fire	1	0.0050	true
3k_main_template_historical_gongsun_zan_hero_fire	romance	3k_romance_death_distribution	3k_main_ceo_initial_data_character_historical_gongsun_zan	3k_main_hero_fire_gongsun_zan	2	2	3k_main_rank_effect_set_romance_base	3k_main_attribute_set_general_fire_romance	3k_main_skillset_gongsun_zan_minister_fire	1	0.0500	true
3k_dlc06_template_historical_shi_kuang_hero_fire	historical	3k_standard_death_distribution	3k_main_ceo_initial_data_character_historical_shi_kuang_unique	3k_main_general_generic_fire	1	2	3k_main_rank_effect_set_records_base	3k_main_attribute_set_general_fire_records	3k_main_skillset_generic_agent_fire	1	1.0000	true
3k_dlc06_template_historical_shi_kuang_hero_fire	romance	3k_romance_death_distribution	3k_main_ceo_initial_data_character_historical_shi_kuang_unique	3k_main_hero_generic_fire	1	2	3k_main_rank_effect_set_romance_base	3k_main_attribute_set_general_fire_romance	3k_main_skillset_generic_agent_fire	1	1.0000	true
3k_main_template_historical_cao_ren_hero_earth	historical	3k_standard_death_distribution_no_infant_mortality	3k_main_ceo_initial_data_character_historical_cao_ren	3k_main_general_cao_ren_earth	1	1	3k_main_rank_effect_set_records_earth_commander	3k_main_attribute_set_general_earth_records	3k_dlc07_skillset_historical_cao_ren	1	0.0050	true
3k_main_template_historical_cao_ren_hero_earth	romance	3k_romance_death_distribution	3k_main_ceo_initial_data_character_historical_cao_ren	3k_main_hero_cao_ren_earth	1	1	3k_main_rank_effect_set_romance_earth_commander	3k_main_attribute_set_general_earth_romance	3k_dlc07_skillset_historical_cao_ren	1	0.0500	true
3k_main_template_historical_huang_zu_hero_wood	historical	3k_standard_death_distribution_no_infant_mortality	3k_main_ceo_initial_data_character_historical_huang_zu	3k_main_general_huang_zu_wood	1	1	3k_main_rank_effect_set_records_base	3k_main_attribute_set_general_wood_records	3k_main_skillset_historical_huang_zu	1	0.0050	true
3k_main_template_historical_huang_zu_hero_wood	romance	3k_romance_death_distribution	3k_main_ceo_initial_data_character_historical_huang_zu	3k_main_hero_huang_zu_wood	1	1	3k_main_rank_effect_set_romance_base	3k_main_attribute_set_general_wood_romance	3k_main_skillset_historical_huang_zu	1	0.0500	true
3k_main_template_historical_cao_pi_hero_earth	historical	3k_standard_death_distribution_no_infant_mortality	3k_main_ceo_initial_data_character_historical_cao_pi	3k_main_general_earth_cao_pi	0	0	3k_main_rank_effect_set_records_base	3k_main_attribute_set_general_earth_records	3k_main_skillset_cao_pi_minister_earth	1	1.0000	true
3k_main_template_historical_cao_pi_hero_earth	romance	3k_romance_death_distribution	3k_main_ceo_initial_data_character_historical_cao_pi	3k_main_hero_earth_cao_pi	0	0	3k_main_rank_effect_set_romance_base	3k_main_attribute_set_general_earth_romance	3k_main_skillset_cao_pi_minister_earth	1	0.0500	true
3k_main_template_historical_lu_xun_hero_water	historical	3k_standard_death_distribution_no_infant_mortality	3k_main_ceo_initial_data_character_historical_lu_xun	3k_main_general_generic_water_strategist	3	3	3k_main_rank_effect_set_records_water_strategist	3k_main_attribute_set_general_water_records	3k_main_skillset_lu_xun_minister_water_strategist	1	1.0000	true
3k_main_template_historical_lu_xun_hero_water	romance	3k_romance_death_distribution	3k_main_ceo_initial_data_character_historical_lu_xun	3k_main_hero_generic_water_strategist	3	3	3k_main_rank_effect_set_romance_water_strategist	3k_main_attribute_set_general_water_romance	3k_main_skillset_lu_xun_minister_water_strategist	1	1.0000	true
3k_main_template_historical_xu_shu_hero_water	historical	3k_standard_death_distribution_no_infant_mortality	3k_main_ceo_initial_data_character_historical_xu_shu	3k_main_general_generic_water_strategist	2	2	3k_main_rank_effect_set_records_water_strategist	3k_main_attribute_set_general_water_records	3k_main_skillset_xu_shu_general_water_strategist	1	1.0000	true
3k_main_template_historical_xu_shu_hero_water	romance	3k_romance_death_distribution	3k_main_ceo_initial_data_character_historical_xu_shu	3k_dlc05_hero_water_xu_shu	2	2	3k_main_rank_effect_set_romance_water_strategist	3k_main_attribute_set_general_water_romance	3k_main_skillset_xu_shu_general_water_strategist	1	1.0000	true
3k_main_template_historical_zhuge_ke_hero_earth	historical	3k_standard_death_distribution_no_infant_mortality	3k_main_ceo_initial_data_character_historical_zhuge_ke	3k_main_general_generic_earth	0	3	3k_main_rank_effect_set_records_earth_commander	3k_main_attribute_set_general_earth_records	3k_main_skillset_zhuge_ke_minister_earth	1	1.0000	true
3k_main_template_historical_zhuge_ke_hero_earth	romance	3k_romance_death_distribution	3k_main_ceo_initial_data_character_historical_zhuge_ke	3k_main_hero_generic_earth	0	3	3k_main_rank_effect_set_romance_earth_commander	3k_main_attribute_set_general_earth_romance	3k_main_skillset_zhuge_ke_minister_earth	1	1.0000	true
3k_main_template_historical_shi_xie_hero_water	historical	3k_standard_death_distribution_long_life	3k_main_ceo_initial_data_character_historical_shi_xie	ironic_190e_general_shi_xie_water	2	2	3k_main_rank_effect_set_records_water_strategist	3k_main_attribute_set_general_water_records	3k_main_skillset_historical_shi_xie	1	1.0000	true
3k_main_template_historical_shi_xie_hero_water	romance	3k_standard_death_distribution_long_life	3k_main_ceo_initial_data_character_historical_shi_xie	ironic_190e_hero_shi_xie_water	2	2	3k_main_rank_effect_set_romance_water_strategist	3k_main_attribute_set_general_water_romance	3k_main_skillset_historical_shi_xie	1	1.0000	true
3k_dlc05_template_historical_zhang_fang_hero_earth	historical	3k_standard_death_distribution	3k_dlc05_ceo_initial_data_character_historical_zhang_fang	3k_main_general_generic_earth	0	0	3k_main_rank_effect_set_records_earth_commander	3k_main_attribute_set_general_earth_records	3k_dlc05_skillset_generic_bandit_minister_earth	1	1.0000	true
3k_dlc05_template_historical_zhang_fang_hero_earth	romance	3k_romance_death_distribution	3k_dlc05_ceo_initial_data_character_historical_zhang_fang	3k_main_hero_generic_earth	0	0	3k_main_rank_effect_set_romance_earth_commander	3k_main_attribute_set_general_earth_romance	3k_dlc05_skillset_generic_bandit_minister_earth	1	1.0000	true
