character_generation_template	game_mode	death_distribution_curve	initial_ceos	retinue	min_rank	max_rank	experience_rank_effects	attribute_set	skill_set_override	initial_lives	undercover_character_chance_multiplier	is_deployable
#character_generation_template_game_mode_details_tables;9;db/character_generation_template_game_mode_details_tables/ironic_southern_characters												
3k_main_template_historical_yufuluo_hero_earth	historical	3k_standard_death_distribution_no_infant_mortality	3k_main_ceo_initial_data_character_historical_yufuluo	3k_main_general_xiongnu_tier_2_earth	0	1	3k_main_rank_effect_set_records_earth_commander	3k_main_attribute_set_general_earth_records	3k_main_skillset_xiongnu_minister_earth	1	1.0000	true
3k_main_template_historical_yufuluo_hero_earth	romance	3k_romance_death_distribution	3k_main_ceo_initial_data_character_historical_yufuluo	3k_main_hero_xiongnu_tier_2_earth	0	1	3k_main_rank_effect_set_records_earth_commander	3k_main_attribute_set_general_earth_romance	3k_main_skillset_xiongnu_minister_earth	1	1.0000	true
3k_main_template_historical_qiulijiu_hero_fire	historical	3k_standard_death_distribution_no_infant_mortality	3k_main_ceo_initial_data_character_historical_qiulijiu	3k_main_general_wuhuan_tier_2_fire	0	1	3k_main_rank_effect_set_records_base	3k_main_attribute_set_general_fire_records	3k_main_skillset_wuhuan_minister_fire	1	1.0000	true
3k_main_template_historical_qiulijiu_hero_fire	romance	3k_romance_death_distribution	3k_main_ceo_initial_data_character_historical_qiulijiu	3k_main_hero_wuhuan_tier_2_fire	0	1	3k_main_rank_effect_set_romance_base	3k_main_attribute_set_general_fire_romance	3k_main_skillset_wuhuan_minister_fire	1	1.0000	true
3k_main_template_historical_wu_ju_hero_earth	historical	3k_standard_death_distribution_no_infant_mortality	3k_main_ceo_initial_data_character_historical_wu_ju	ironic_190e_general_wu_ju_earth	0	1	3k_main_rank_effect_set_records_earth_commander	3k_main_attribute_set_general_earth_records	3k_main_skillset_generic_general_earth	1	1.0000	true
3k_main_template_historical_wu_ju_hero_earth	romance	3k_romance_death_distribution	3k_main_ceo_initial_data_character_historical_wu_ju	ironic_190e_hero_wu_ju_earth	0	1	3k_main_rank_effect_set_records_earth_commander	3k_main_attribute_set_general_earth_romance	3k_main_skillset_generic_general_earth	1	1.0000	true
3k_main_template_historical_lai_gong_hero_fire	historical	3k_standard_death_distribution_no_infant_mortality	3k_main_ceo_initial_data_character_historical_lai_gong	ironic_190e_general_lai_gong_fire	0	1	3k_main_rank_effect_set_records_base	3k_main_attribute_set_general_fire_records	3k_main_skillset_generic_general_fire	1	1.0000	true
3k_main_template_historical_lai_gong_hero_fire	romance	3k_romance_death_distribution	3k_main_ceo_initial_data_character_historical_lai_gong	ironic_190e_hero_lai_gong_fire	0	1	3k_main_rank_effect_set_romance_base	3k_main_attribute_set_general_fire_romance	3k_main_skillset_generic_general_fire	1	1.0000	true
3k_main_template_historical_zhang_xian_hero_metal	historical	3k_standard_death_distribution_no_infant_mortality	3k_main_ceo_initial_data_character_historical_zhang_xian	ironic_190e_general_zhang_xian_metal	0	1	3k_main_rank_effect_set_records_base	3k_main_attribute_set_general_metal_records	3k_main_skillset_generic_general_metal	1	0.0500	true
3k_main_template_historical_zhang_xian_hero_metal	romance	3k_romance_death_distribution	3k_main_ceo_initial_data_character_historical_zhang_xian	ironic_190e_hero_zhang_xian_metal	0	1	3k_main_rank_effect_set_romance_base	3k_main_attribute_set_general_metal_romance	3k_main_skillset_generic_general_metal	1	0.0500	true
3k_main_template_historical_liu_pan_hero_earth	historical	3k_standard_death_distribution_no_infant_mortality	3k_main_ceo_initial_data_character_historical_liu_pan	ironic_190e_general_liu_pan_earth	0	1	3k_main_rank_effect_set_records_base	3k_main_attribute_set_general_earth_records	3k_main_skillset_generic_general_earth	1	0.0500	true
3k_main_template_historical_liu_pan_hero_earth	romance	3k_romance_death_distribution	3k_main_ceo_initial_data_character_historical_liu_pan	ironic_190e_hero_liu_pan_earth	0	1	3k_main_rank_effect_set_romance_base	3k_main_attribute_set_general_earth_romance	3k_main_skillset_generic_general_earth	1	0.0500	true
3k_main_template_historical_chen_wen_hero_water	historical	3k_standard_death_distribution	3k_main_ceo_initial_data_character_historical_chen_wen	3k_main_general_chen_wen_water	0	1	3k_main_rank_effect_set_records_water_strategist	3k_main_attribute_set_general_water_records	3k_main_skillset_generic_governor_water_strategist	1	1.0000	true
3k_main_template_historical_chen_wen_hero_water	romance	3k_romance_death_distribution	3k_main_ceo_initial_data_character_historical_chen_wen	3k_main_hero_chen_wen_water	0	1	3k_main_rank_effect_set_romance_water_strategist	3k_main_attribute_set_general_water_romance	3k_main_skillset_generic_governor_water_strategist	1	1.0000	true
3k_main_template_historical_zhang_jin_hero_fire	historical	3k_standard_death_distribution_no_infant_mortality	3k_main_ceo_initial_data_character_historical_zhang_jin	ironic_190e_general_zhang_jin_fire	0	1	3k_main_rank_effect_set_records_base	3k_main_attribute_set_general_fire_records	3k_main_skillset_generic_general_fire	1	1.0000	true
3k_main_template_historical_zhang_jin_hero_fire	romance	3k_romance_death_distribution	3k_main_ceo_initial_data_character_historical_zhang_jin	ironic_190e_hero_zhang_jin_fire	0	1	3k_main_rank_effect_set_romance_base	3k_main_attribute_set_general_fire_romance	3k_main_skillset_generic_general_fire	1	1.0000	true
3k_main_template_historical_zhu_hao_hero_fire	historical	3k_standard_death_distribution_no_infant_mortality	3k_main_ceo_initial_data_character_historical_zhu_hao	3k_main_general_zhu_hao_fire	0	1	3k_main_rank_effect_set_records_base	3k_main_attribute_set_general_fire_records	3k_main_skillset_generic_general_fire	1	1.0000	true
3k_main_template_historical_zhu_hao_hero_fire	romance	3k_romance_death_distribution	3k_main_ceo_initial_data_character_historical_zhu_hao	3k_main_hero_zhu_hao_fire	0	1	3k_main_rank_effect_set_romance_base	3k_main_attribute_set_general_fire_romance	3k_main_skillset_generic_general_fire	1	1.0000	true
ironic_template_historical_tadun_hero_fire	historical	3k_standard_death_distribution_no_infant_mortality	3k_main_ceo_initial_data_character_historical_tadun	3k_main_general_wuhuan_tier_2_fire	0	1	3k_main_rank_effect_set_records_base	3k_main_attribute_set_general_fire_records	3k_main_skillset_wuhuan_minister_fire	1	1.0000	true
ironic_template_historical_tadun_hero_fire	romance	3k_romance_death_distribution	3k_main_ceo_initial_data_character_historical_tadun	3k_main_hero_wuhuan_tier_2_fire	0	1	3k_main_rank_effect_set_romance_base	3k_main_attribute_set_general_fire_romance	3k_main_skillset_wuhuan_minister_fire	1	1.0000	true
ironic_template_historical_leipan_hero_fire	historical	3k_standard_death_distribution_no_infant_mortality	3k_main_ceo_initial_data_character_historical_leipan	3k_main_general_wuhuan_tier_1_fire	0	1	3k_main_rank_effect_set_records_base	3k_main_attribute_set_general_fire_records	3k_main_skillset_wuhuan_minister_fire	1	1.0000	true
ironic_template_historical_leipan_hero_fire	romance	3k_romance_death_distribution	3k_main_ceo_initial_data_character_historical_leipan	3k_main_hero_wuhuan_tier_1_fire	0	1	3k_main_rank_effect_set_romance_base	3k_main_attribute_set_general_fire_romance	3k_main_skillset_wuhuan_minister_fire	1	1.0000	true
ironic_template_historical_supuyan_hero_fire	historical	3k_standard_death_distribution_no_infant_mortality	3k_main_ceo_initial_data_character_historical_supuyan	3k_main_general_wuhuan_tier_1_fire	0	1	3k_main_rank_effect_set_records_base	3k_main_attribute_set_general_fire_records	3k_main_skillset_wuhuan_general_fire	1	1.0000	true
ironic_template_historical_supuyan_hero_fire	romance	3k_romance_death_distribution	3k_main_ceo_initial_data_character_historical_supuyan	3k_main_hero_wuhuan_tier_1_fire	0	1	3k_main_rank_effect_set_romance_base	3k_main_attribute_set_general_fire_romance	3k_main_skillset_wuhuan_general_fire	1	1.0000	true
ironic_template_historical_wuyan_hero_fire	historical	3k_standard_death_distribution_no_infant_mortality	3k_main_ceo_initial_data_character_historical_wuyan	3k_main_general_wuhuan_tier_1_fire	0	1	3k_main_rank_effect_set_records_base	3k_main_attribute_set_general_fire_records	3k_main_skillset_wuhuan_governor_fire	1	1.0000	true
ironic_template_historical_wuyan_hero_fire	romance	3k_romance_death_distribution	3k_main_ceo_initial_data_character_historical_wuyan	3k_main_hero_wuhuan_tier_1_fire	0	1	3k_main_rank_effect_set_romance_base	3k_main_attribute_set_general_fire_romance	3k_main_skillset_wuhuan_governor_fire	1	1.0000	true
ironic_template_historical_wangdong_hero_fire	historical	3k_standard_death_distribution_no_infant_mortality	3k_main_ceo_initial_data_character_historical_wangdong	3k_main_general_wuhuan_tier_1_fire	0	1	3k_main_rank_effect_set_records_base	3k_main_attribute_set_general_fire_records	3k_main_skillset_wuhuan_general_fire	1	1.0000	true
ironic_template_historical_wangdong_hero_fire	romance	3k_romance_death_distribution	3k_main_ceo_initial_data_character_historical_wangdong	3k_main_hero_wuhuan_tier_1_fire	0	1	3k_main_rank_effect_set_romance_base	3k_main_attribute_set_general_fire_romance	3k_main_skillset_wuhuan_general_fire	1	1.0000	true
ironic_template_historical_gurudun_hero_fire	historical	3k_standard_death_distribution_no_infant_mortality	3k_main_ceo_initial_data_character_historical_gurudun	3k_main_general_wuhuan_tier_1_fire	0	1	3k_main_rank_effect_set_records_base	3k_main_attribute_set_general_fire_records	3k_main_skillset_wuhuan_governor_fire	1	1.0000	true
ironic_template_historical_gurudun_hero_fire	romance	3k_romance_death_distribution	3k_main_ceo_initial_data_character_historical_gurudun	3k_main_hero_wuhuan_tier_1_fire	0	1	3k_main_rank_effect_set_romance_base	3k_main_attribute_set_general_fire_romance	3k_main_skillset_wuhuan_governor_fire	1	1.0000	true
ironic_template_historical_gujin_hero_fire	historical	3k_standard_death_distribution_no_infant_mortality	3k_main_ceo_initial_data_character_historical_gujin	3k_main_general_wuhuan_tier_1_fire	0	1	3k_main_rank_effect_set_records_base	3k_main_attribute_set_general_fire_records	3k_main_skillset_wuhuan_general_fire	1	1.0000	true
ironic_template_historical_gujin_hero_fire	romance	3k_romance_death_distribution	3k_main_ceo_initial_data_character_historical_gujin	3k_main_hero_wuhuan_tier_1_fire	0	1	3k_main_rank_effect_set_romance_base	3k_main_attribute_set_general_fire_romance	3k_main_skillset_wuhuan_general_fire	1	1.0000	true
ironic_template_historical_liu_bao_hero_earth	historical	3k_standard_death_distribution_no_infant_mortality	3k_main_ceo_initial_data_character_historical_liu_bao	3k_main_general_xiongnu_tier_1_earth	0	1	3k_main_rank_effect_set_records_earth_commander	3k_main_attribute_set_general_earth_records	3k_main_skillset_xiongnu_minister_earth	1	1.0000	true
ironic_template_historical_liu_bao_hero_earth	romance	3k_romance_death_distribution	3k_main_ceo_initial_data_character_historical_liu_bao	3k_main_hero_xiongnu_tier_1_earth	0	1	3k_main_rank_effect_set_records_earth_commander	3k_main_attribute_set_general_earth_romance	3k_main_skillset_xiongnu_minister_earth	1	1.0000	true
ironic_template_historical_huchuquan_hero_earth	historical	3k_standard_death_distribution_no_infant_mortality	3k_main_ceo_initial_data_character_historical_huchuquan	3k_main_general_xiongnu_tier_1_earth	0	1	3k_main_rank_effect_set_records_earth_commander	3k_main_attribute_set_general_earth_records	3k_main_skillset_xiongnu_general_earth	1	1.0000	true
ironic_template_historical_huchuquan_hero_earth	romance	3k_romance_death_distribution	3k_main_ceo_initial_data_character_historical_huchuquan	3k_main_hero_xiongnu_tier_1_earth	0	1	3k_main_rank_effect_set_records_earth_commander	3k_main_attribute_set_general_earth_romance	3k_main_skillset_xiongnu_general_earth	1	1.0000	true
ironic_template_historical_qubei_hero_earth	historical	3k_standard_death_distribution_no_infant_mortality	3k_main_ceo_initial_data_character_historical_qubei	3k_main_general_xiongnu_tier_1_earth	0	1	3k_main_rank_effect_set_records_earth_commander	3k_main_attribute_set_general_earth_records	3k_main_skillset_xiongnu_governor_earth	1	1.0000	true
ironic_template_historical_qubei_hero_earth	romance	3k_romance_death_distribution	3k_main_ceo_initial_data_character_historical_qubei	3k_main_hero_xiongnu_tier_1_earth	0	1	3k_main_rank_effect_set_records_earth_commander	3k_main_attribute_set_general_earth_romance	3k_main_skillset_xiongnu_governor_earth	1	1.0000	true
3k_main_template_historical_gao_gan_hero_metal	historical	3k_standard_death_distribution_no_infant_mortality	3k_main_ceo_initial_data_character_historical_gao_gan	3k_main_general_gao_gan_metal	0	1	3k_main_rank_effect_set_records_base	3k_main_attribute_set_general_metal_records	ironic_skillset_gao_gan	1	1.0000	true
3k_main_template_historical_gao_gan_hero_metal	romance	3k_romance_death_distribution	3k_main_ceo_initial_data_character_historical_gao_gan	3k_main_hero_gao_gan_metal	0	1	3k_main_rank_effect_set_romance_base	3k_main_attribute_set_general_metal_romance	ironic_skillset_gao_gan	1	1.0000	true
3k_main_template_historical_han_hao_hero_wood	historical	3k_standard_death_distribution_no_infant_mortality	3k_dlc05_ceo_initial_data_character_historical_han_hao	3k_main_general_tier_2_wood	0	1	3k_main_rank_effect_set_records_base	3k_main_attribute_set_general_wood_records	3k_main_skillset_generic_minister_wood	1	1.0000	true
3k_main_template_historical_han_hao_hero_wood	romance	3k_romance_death_distribution	3k_dlc05_ceo_initial_data_character_historical_han_hao	3k_main_hero_tier_2_wood	0	1	3k_main_rank_effect_set_romance_base	3k_main_attribute_set_general_wood_romance	3k_main_skillset_generic_minister_wood	1	1.0000	true
3k_main_template_historical_hua_xin_hero_water	historical	3k_standard_death_distribution_no_infant_mortality	3k_mtu_ceo_initial_data_character_historical_hua_xin	3k_main_general_hua_xin_water	0	1	3k_main_rank_effect_set_records_water_strategist	3k_main_attribute_set_general_water_records	3k_main_skillset_historical_hua_xin	1	1.0000	true
3k_main_template_historical_hua_xin_hero_water	romance	3k_romance_death_distribution	3k_mtu_ceo_initial_data_character_historical_hua_xin	3k_main_hero_hua_xin_water	0	1	3k_main_rank_effect_set_romance_water_strategist	3k_main_attribute_set_general_water_romance	3k_main_skillset_historical_hua_xin	1	1.0000	true
3k_main_template_historical_gongsun_yue_hero_fire	historical	3k_standard_death_distribution_no_infant_mortality	3k_main_ceo_initial_data_character_historical_gongsun_yue	3k_main_general_generic_fire	0	1	3k_main_rank_effect_set_records_base	3k_main_attribute_set_general_fire_records	3k_main_skillset_generic_general_fire	1	0.0050	true
3k_main_template_historical_gongsun_yue_hero_fire	romance	3k_romance_death_distribution	3k_main_ceo_initial_data_character_historical_gongsun_yue	3k_main_hero_generic_fire	0	1	3k_main_rank_effect_set_romance_base	3k_main_attribute_set_general_fire_romance	3k_main_skillset_generic_general_fire	1	0.0500	true
3k_main_template_historical_gongsun_fan_hero_fire	historical	3k_standard_death_distribution_no_infant_mortality	3k_main_ceo_initial_data_character_historical_gongsun_fan	3k_main_general_generic_wood	0	1	3k_main_rank_effect_set_records_base	3k_main_attribute_set_general_wood_records	3k_main_skillset_generic_governor_wood	1	0.0050	true
3k_main_template_historical_gongsun_fan_hero_fire	romance	3k_romance_death_distribution	3k_main_ceo_initial_data_character_historical_gongsun_fan	3k_main_hero_generic_wood	0	1	3k_main_rank_effect_set_romance_base	3k_main_attribute_set_general_wood_romance	3k_main_skillset_generic_governor_wood	1	0.0500	true
3k_main_template_historical_gao_lan_hero_wood	historical	3k_standard_death_distribution	3k_main_ceo_initial_data_character_historical_gao_lan	3k_main_general_generic_wood	0	1	3k_main_rank_effect_set_records_base	3k_main_attribute_set_general_wood_records	ironic_skillset_gao_lan	1	1.0000	true
3k_main_template_historical_gao_lan_hero_wood	romance	3k_romance_death_distribution	3k_main_ceo_initial_data_character_historical_gao_lan	3k_main_hero_generic_wood	0	1	3k_main_rank_effect_set_romance_base	3k_main_attribute_set_general_wood_romance	ironic_skillset_gao_lan	1	1.0000	true
3k_main_template_historical_qu_yi_hero_earth	historical	3k_standard_death_distribution_no_infant_mortality	3k_main_ceo_initial_data_character_historical_qu_yi	3k_main_general_generic_earth	0	1	3k_main_rank_effect_set_records_earth_commander	3k_main_attribute_set_general_earth_records	ironic_skillset_qu_yi	1	1.0000	true
3k_main_template_historical_qu_yi_hero_earth	romance	3k_romance_death_distribution	3k_main_ceo_initial_data_character_historical_qu_yi	3k_main_hero_generic_earth	0	1	3k_main_rank_effect_set_romance_earth_commander	3k_main_attribute_set_general_earth_romance	ironic_skillset_qu_yi	1	1.0000	true
ironic_template_historical_nanlou_hero_fire	historical	3k_standard_death_distribution_no_infant_mortality	3k_main_ceo_initial_data_character_historical_nanlou	3k_main_general_wuhuan_tier_2_fire	0	1	3k_main_rank_effect_set_records_base	3k_main_attribute_set_general_fire_records	3k_main_skillset_wuhuan_general_fire	1	1.0000	true
ironic_template_historical_nanlou_hero_fire	romance	3k_romance_death_distribution	3k_main_ceo_initial_data_character_historical_nanlou	3k_main_hero_wuhuan_tier_2_fire	0	1	3k_main_rank_effect_set_romance_base	3k_main_attribute_set_general_fire_romance	3k_main_skillset_wuhuan_general_fire	1	1.0000	true
ironic_template_historical_lady_wu_xian	historical	3k_standard_death_distribution_no_infant_mortality	3k_main_ceo_initial_data_character_historical_lady_wu_xian	3k_main_general_tier_2_water	0	1	3k_main_rank_effect_set_records_base	3k_main_attribute_set_general_water_records	3k_main_skillset_generic_general_water_strategist	1	1.0000	true
ironic_template_historical_lady_wu_xian	romance	3k_romance_death_distribution	3k_main_ceo_initial_data_character_historical_lady_wu_xian	3k_main_hero_tier_2_water	0	1	3k_main_rank_effect_set_romance_base	3k_main_attribute_set_general_water_romance	3k_main_skillset_generic_general_water_strategist	1	1.0000	true
ironic_template_historical_yan_yan_hero_metal	historical	3k_standard_death_distribution_no_infant_mortality	3k_main_ceo_initial_data_character_historical_yan_yan	3k_main_general_tier_2_metal	0	1	3k_main_rank_effect_set_records_base	3k_main_attribute_set_general_metal_records	3k_main_skillset_generic_general_metal	1	1.0000	true
ironic_template_historical_yan_yan_hero_metal	romance	3k_romance_death_distribution	3k_main_ceo_initial_data_character_historical_yan_yan	3k_main_hero_tier_2_metal	0	1	3k_main_rank_effect_set_romance_base	3k_main_attribute_set_general_metal_romance	3k_main_skillset_generic_general_metal	1	1.0000	true
ironic_template_ancestral_wu_gan	historical	3k_standard_death_distribution_no_infant_mortality	ep_ceo_initial_data_character_generic_m_fire_minister	3k_main_general_tier_2_fire	0	1	3k_main_rank_effect_set_records_base	3k_main_attribute_set_general_fire_records	3k_main_skillset_generic_general_fire	1	1.0000	true
ironic_template_ancestral_wu_gan	romance	3k_romance_death_distribution	ep_ceo_initial_data_character_generic_m_fire_minister	3k_main_hero_tier_2_fire	0	1	3k_main_rank_effect_set_romance_base	3k_main_attribute_set_general_fire_romance	3k_main_skillset_generic_general_fire	1	1.0000	true
ironic_template_historical_zhang_heng_hero_earth	historical	3k_standard_death_distribution_no_infant_mortality	3k_main_ceo_initial_data_character_historical_zhang_heng	3k_main_general_generic_earth	0	1	3k_main_rank_effect_set_records_earth_commander	3k_main_attribute_set_general_earth_records	ironic_skillset_zhang_heng	1	1.0000	true
ironic_template_historical_zhang_heng_hero_earth	romance	3k_romance_death_distribution	3k_main_ceo_initial_data_character_historical_zhang_heng	3k_main_hero_generic_earth	0	1	3k_main_rank_effect_set_records_earth_commander	3k_main_attribute_set_general_earth_romance	ironic_skillset_zhang_heng	1	1.0000	true
ironic_template_historical_hou_xuan_hero_fire	historical	3k_standard_death_distribution_no_infant_mortality	3k_main_ceo_initial_data_character_historical_hou_xuan	3k_main_general_generic_fire	0	1	3k_main_rank_effect_set_records_base	3k_main_attribute_set_general_fire_records	ironic_skillset_hou_xuan	1	1.0000	true
ironic_template_historical_hou_xuan_hero_fire	romance	3k_romance_death_distribution	3k_main_ceo_initial_data_character_historical_hou_xuan	3k_main_hero_generic_fire	0	1	3k_main_rank_effect_set_romance_base	3k_main_attribute_set_general_fire_romance	ironic_skillset_hou_xuan	1	1.0000	true
ironic_template_historical_yang_qiu_hero_wood	historical	3k_standard_death_distribution_no_infant_mortality	3k_main_ceo_initial_data_character_historical_yang_qiu	3k_main_general_generic_wood	0	1	3k_main_rank_effect_set_records_base	3k_main_attribute_set_general_wood_records	ironic_skillset_yang_qiu	1	1.0000	true
ironic_template_historical_yang_qiu_hero_wood	romance	3k_romance_death_distribution	3k_main_ceo_initial_data_character_historical_yang_qiu	3k_main_hero_generic_wood	0	1	3k_main_rank_effect_set_romance_base	3k_main_attribute_set_general_wood_romance	ironic_skillset_yang_qiu	1	1.0000	true
ironic_template_historical_cheng_yin_hero_metal	historical	3k_standard_death_distribution_no_infant_mortality	3k_main_ceo_initial_data_character_historical_cheng_yin	3k_main_general_generic_metal	0	1	3k_main_rank_effect_set_records_base	3k_main_attribute_set_general_metal_records	ironic_skillset_cheng_yi	1	1.0000	true
ironic_template_historical_cheng_yin_hero_metal	romance	3k_romance_death_distribution	3k_main_ceo_initial_data_character_historical_cheng_yin	3k_main_hero_generic_metal	0	1	3k_main_rank_effect_set_romance_base	3k_main_attribute_set_general_metal_romance	ironic_skillset_cheng_yi	1	1.0000	true
ironic_template_historical_zhang_wei_hero_earth	historical	3k_standard_death_distribution_no_infant_mortality	3k_main_ceo_initial_data_character_historical_zhang_wei	3k_main_general_zhang_wei_earth	0	1	3k_main_rank_effect_set_records_earth_commander	3k_main_attribute_set_general_earth_records	3k_main_skillset_generic_general_earth	1	1.0000	true
ironic_template_historical_zhang_wei_hero_earth	romance	3k_romance_death_distribution	3k_main_ceo_initial_data_character_historical_zhang_wei	3k_main_hero_zhang_wei_earth	0	1	3k_main_rank_effect_set_records_earth_commander	3k_main_attribute_set_general_earth_romance	3k_main_skillset_generic_general_earth	1	1.0000	true
ironic_template_ancestral_zhang_heng	historical	3k_standard_death_distribution_no_infant_mortality	3k_main_ceo_initial_data_character_generic_m_earth_general	3k_main_general_generic_earth	0	1	3k_main_rank_effect_set_records_earth_commander	3k_main_attribute_set_general_earth_records	3k_main_skillset_generic_general_earth	1	1.0000	true
ironic_template_ancestral_zhang_heng	romance	3k_romance_death_distribution	3k_main_ceo_initial_data_character_generic_m_earth_general	3k_main_hero_generic_earth	0	1	3k_main_rank_effect_set_records_earth_commander	3k_main_attribute_set_general_earth_romance	3k_main_skillset_generic_general_earth	1	1.0000	true
ironic_template_historical_wu_ban_hero_fire	historical	3k_standard_death_distribution_no_infant_mortality	3k_main_ceo_initial_data_character_historical_wu_ban	3k_main_general_generic_fire	0	1	3k_main_rank_effect_set_records_base	3k_main_attribute_set_general_fire_records	3k_main_skillset_generic_general_fire	1	1.0000	true
ironic_template_historical_wu_ban_hero_fire	romance	3k_romance_death_distribution	3k_main_ceo_initial_data_character_historical_wu_ban	3k_main_hero_generic_fire	0	1	3k_main_rank_effect_set_romance_base	3k_main_attribute_set_general_fire_romance	3k_main_skillset_generic_general_fire	1	1.0000	true
ironic_template_historical_wu_kuang_hero_metal	historical	3k_standard_death_distribution_no_infant_mortality	3k_main_ceo_initial_data_character_historical_wu_kuang	3k_main_general_imperial_retinue_metal	0	1	3k_main_rank_effect_set_records_base	3k_main_attribute_set_general_metal_records	3k_main_skillset_generic_general_metal	1	1.0000	true
ironic_template_historical_wu_kuang_hero_metal	romance	3k_romance_death_distribution	3k_main_ceo_initial_data_character_historical_wu_kuang	3k_main_hero_imperial_retinue_metal	0	1	3k_main_rank_effect_set_romance_base	3k_main_attribute_set_general_metal_romance	3k_main_skillset_generic_general_metal	1	1.0000	true
ironic_template_historical_dong_fu_hero_water	historical	3k_standard_death_distribution_no_infant_mortality	3k_ironic_ceo_initial_data_character_historical_dong_fu	3k_main_general_generic_water_strategist	0	1	3k_main_rank_effect_set_records_base	3k_main_attribute_set_general_water_records	3k_main_skillset_generic_general_water_strategist	1	1.0000	true
ironic_template_historical_dong_fu_hero_water	romance	3k_romance_death_distribution	3k_ironic_ceo_initial_data_character_historical_dong_fu	3k_main_hero_generic_water_strategist	0	1	3k_main_rank_effect_set_romance_base	3k_main_attribute_set_general_water_romance	3k_main_skillset_generic_general_water_strategist	1	1.0000	true
ironic_template_ancestral_wu_zhi	historical	3k_standard_death_distribution_no_infant_mortality	3k_main_ceo_initial_data_character_generic_m_earth_general	3k_main_general_generic_water_strategist	0	1	3k_main_rank_effect_set_records_base	3k_main_attribute_set_general_water_records	3k_main_skillset_generic_general_water_strategist	1	1.0000	true
ironic_template_ancestral_wu_zhi	romance	3k_romance_death_distribution	3k_main_ceo_initial_data_character_generic_m_earth_general	3k_main_hero_generic_water_strategist	0	1	3k_main_rank_effect_set_romance_base	3k_main_attribute_set_general_water_romance	3k_main_skillset_generic_general_water_strategist	1	1.0000	true
ironic_template_historical_yang_ang_hero_fire	historical	3k_standard_death_distribution_no_infant_mortality	3k_main_ceo_initial_data_character_historical_yang_ang	3k_main_general_generic_fire	0	1	3k_main_rank_effect_set_records_base	3k_main_attribute_set_general_fire_records	3k_main_skillset_generic_general_fire	1	1.0000	true
ironic_template_historical_yang_ang_hero_fire	romance	3k_romance_death_distribution	3k_main_ceo_initial_data_character_historical_yang_ang	3k_main_hero_generic_fire	0	1	3k_main_rank_effect_set_romance_base	3k_main_attribute_set_general_fire_romance	3k_main_skillset_generic_general_fire	1	1.0000	true
ironic_template_historical_pang_xi_hero_water	historical	3k_standard_death_distribution_no_infant_mortality	3k_main_ceo_initial_data_character_historical_pang_xi	3k_main_general_generic_water_strategist	0	1	3k_main_rank_effect_set_records_base	3k_main_attribute_set_general_water_records	3k_main_skillset_generic_general_water_strategist	1	1.0000	true
ironic_template_historical_pang_xi_hero_water	romance	3k_romance_death_distribution	3k_main_ceo_initial_data_character_historical_pang_xi	3k_main_hero_generic_water_strategist	0	1	3k_main_rank_effect_set_romance_base	3k_main_attribute_set_general_water_romance	3k_main_skillset_generic_general_water_strategist	1	1.0000	true
ironic_template_historical_gogukcheon_hero_fire	historical	3k_standard_death_distribution_no_infant_mortality	3k_main_ceo_initial_data_character_historical_gogukcheon	ironic_general_korea_fire	0	1	3k_main_rank_effect_set_records_base	3k_main_attribute_set_general_fire_records	ironic_skillset_korea_minister_fire_gogukcheon	1	1.0000	true
ironic_template_historical_gogukcheon_hero_fire	romance	3k_romance_death_distribution	3k_main_ceo_initial_data_character_historical_gogukcheon	ironic_hero_korea_fire	0	1	3k_main_rank_effect_set_romance_base	3k_main_attribute_set_general_fire_romance	ironic_skillset_korea_minister_fire_gogukcheon	1	1.0000	true
ironic_template_historical_chogo_hero_earth	historical	3k_standard_death_distribution_no_infant_mortality	3k_main_ceo_initial_data_character_historical_chogo	ironic_general_korea_earth	0	1	3k_main_rank_effect_set_records_base	3k_main_attribute_set_general_earth_records	ironic_skillset_korea_minister_earth_chogo	1	1.0000	true
ironic_template_historical_chogo_hero_earth	romance	3k_romance_death_distribution	3k_main_ceo_initial_data_character_historical_chogo	ironic_hero_korea_earth	0	1	3k_main_rank_effect_set_romance_base	3k_main_attribute_set_general_earth_romance	ironic_skillset_korea_minister_earth_chogo	1	1.0000	true
ironic_template_historical_beolhyu_hero_water	historical	3k_standard_death_distribution_no_infant_mortality	3k_main_ceo_initial_data_character_historical_beolhyu	ironic_general_korea_water	0	1	3k_main_rank_effect_set_records_base	3k_main_attribute_set_general_water_records	ironic_skillset_korea_minister_water_strategist_beolhyu	1	1.0000	true
ironic_template_historical_beolhyu_hero_water	romance	3k_romance_death_distribution	3k_main_ceo_initial_data_character_historical_beolhyu	ironic_hero_korea_water	0	1	3k_main_rank_effect_set_romance_base	3k_main_attribute_set_general_water_romance	ironic_skillset_korea_minister_water_strategist_beolhyu	1	1.0000	true
ironic_template_historical_lei_xu_hero_metal	historical	3k_standard_death_distribution_no_infant_mortality	3k_main_ceo_initial_data_character_historical_lei_xu	3k_main_general_tier_2_metal	0	1	3k_main_rank_effect_set_records_base	3k_main_attribute_set_general_metal_records	3k_main_skillset_generic_general_metal	1	1.0000	true
ironic_template_historical_lei_xu_hero_metal	romance	3k_romance_death_distribution	3k_main_ceo_initial_data_character_historical_lei_xu	3k_main_hero_tier_2_metal	0	1	3k_main_rank_effect_set_romance_base	3k_main_attribute_set_general_metal_romance	3k_main_skillset_generic_general_metal	1	1.0000	true
ironic_template_historical_yuan_yin_hero_earth	historical	3k_standard_death_distribution_no_infant_mortality	3k_main_ceo_initial_data_character_historical_yuan_yin	3k_main_general_tier_2_earth	0	1	3k_main_rank_effect_set_records_base	3k_main_attribute_set_general_earth_records	3k_main_skillset_generic_general_earth	1	0.0500	true
ironic_template_historical_yuan_yin_hero_earth	romance	3k_romance_death_distribution	3k_main_ceo_initial_data_character_historical_yuan_yin	3k_main_hero_tier_2_earth	0	1	3k_main_rank_effect_set_romance_base	3k_main_attribute_set_general_earth_romance	3k_main_skillset_generic_general_earth	1	0.0500	true
ironic_template_historical_munseong_hero_water	historical	3k_standard_death_distribution_no_infant_mortality	3k_main_ceo_initial_data_character_historical_go_munseong	ironic_general_korea_water	0	1	3k_main_rank_effect_set_records_water_strategist	3k_main_attribute_set_general_water_records	ironic_skillset_korea_minister_water_strategist	1	1.0000	true
ironic_template_historical_munseong_hero_water	romance	3k_romance_death_distribution	3k_main_ceo_initial_data_character_historical_go_munseong	ironic_hero_korea_water	0	1	3k_main_rank_effect_set_romance_water_strategist	3k_main_attribute_set_general_water_romance	ironic_skillset_korea_minister_water_strategist	1	1.0000	true
ironic_template_historical_ganwigeo_hero_fire	historical	3k_standard_death_distribution_no_infant_mortality	3k_main_ceo_initial_data_character_historical_ganwiego	ironic_general_korea_fire	0	1	3k_main_rank_effect_set_records_base	3k_main_attribute_set_general_fire_records	ironic_skillset_korea_minister_fire	1	1.0000	true
ironic_template_historical_ganwigeo_hero_fire	romance	3k_romance_death_distribution	3k_main_ceo_initial_data_character_historical_ganwiego	ironic_hero_korea_fire	0	1	3k_main_rank_effect_set_romance_base	3k_main_attribute_set_general_fire_romance	ironic_skillset_korea_minister_fire	1	1.0000	true
ironic_template_historical_kim_suro_hero_earth	historical	3k_standard_death_distribution_no_infant_mortality	3k_main_ceo_initial_data_character_historical_kim_suro	ironic_general_korea_earth	0	1	3k_main_rank_effect_set_records_earth_commander	3k_main_attribute_set_general_earth_records	ironic_skillset_korea_minister_earth_kim_suro	1	1.0000	true
ironic_template_historical_kim_suro_hero_earth	romance	3k_romance_death_distribution	3k_main_ceo_initial_data_character_historical_kim_suro	ironic_hero_korea_earth	0	1	3k_main_rank_effect_set_records_earth_commander	3k_main_attribute_set_general_earth_romance	ironic_skillset_korea_minister_earth_kim_suro	1	1.0000	true
ironic_template_historical_yeonbul_hero_metal	historical	3k_standard_death_distribution	3k_main_ceo_initial_data_character_historical_yeonbul	ironic_general_korea_metal	1	1	3k_main_rank_effect_set_records_base	3k_main_attribute_set_general_metal_records	ironic_skillset_korea_minister_metal	1	0.0500	true
ironic_template_historical_yeonbul_hero_metal	romance	3k_romance_death_distribution	3k_main_ceo_initial_data_character_historical_yeonbul	ironic_hero_korea_metal	1	1	3k_main_rank_effect_set_romance_base	3k_main_attribute_set_general_metal_romance	ironic_skillset_korea_minister_metal	1	0.0500	true
ironic_template_historical_huang_chengyan_hero_water	historical	3k_standard_death_distribution_no_infant_mortality	3k_main_ceo_initial_data_character_historical_huang_chengyan	3k_main_general_generic_water_strategist	0	1	3k_main_rank_effect_set_records_water_strategist	3k_main_attribute_set_general_water_records	3k_main_skillset_generic_governor_water_strategist	1	1.0000	true
ironic_template_historical_huang_chengyan_hero_water	romance	3k_romance_death_distribution	3k_main_ceo_initial_data_character_historical_huang_chengyan	3k_main_hero_generic_water_strategist	0	1	3k_main_rank_effect_set_romance_water_strategist	3k_main_attribute_set_general_water_romance	3k_main_skillset_generic_governor_water_strategist	1	1.0000	true
ironic_template_historical_cao_anmin_hero_water	historical	3k_standard_death_distribution_no_infant_mortality	3k_main_ceo_initial_data_character_historical_cao_anmin_unique	3k_main_general_generic_water_strategist	0	1	3k_main_rank_effect_set_records_water_strategist	3k_main_attribute_set_general_water_records	3k_main_skillset_generic_envoy_water_strategist	1	1.0000	true
ironic_template_historical_cao_anmin_hero_water	romance	3k_romance_death_distribution	3k_main_ceo_initial_data_character_historical_cao_anmin_unique	3k_main_hero_generic_water_strategist	0	1	3k_main_rank_effect_set_romance_water_strategist	3k_main_attribute_set_general_water_romance	3k_main_skillset_generic_envoy_water_strategist	1	1.0000	true
ironic_template_historical_cao_qinghe_hero_earth	historical	3k_standard_death_distribution_no_infant_mortality	3k_main_ceo_initial_data_character_historical_cao_qinghe_unique	3k_main_general_generic_earth	0	1	3k_main_rank_effect_set_records_earth_commander	3k_main_attribute_set_general_earth_records	3k_main_skillset_generic_general_earth	1	1.0000	true
ironic_template_historical_cao_qinghe_hero_earth	romance	3k_romance_death_distribution	3k_main_ceo_initial_data_character_historical_cao_qinghe_unique	3k_main_hero_generic_earth	0	1	3k_main_rank_effect_set_romance_earth_commander	3k_main_attribute_set_general_earth_romance	3k_main_skillset_generic_general_earth	1	1.0000	true
ironic_template_historical_xiahou_mao_hero_fire	historical	3k_standard_death_distribution_no_infant_mortality	3k_main_ceo_initial_data_character_historical_xiahou_mao_ironic	3k_main_general_generic_fire	0	1	3k_main_rank_effect_set_records_base	3k_main_attribute_set_general_fire_records	3k_main_skillset_generic_villager_fire	1	1.0000	true
ironic_template_historical_xiahou_mao_hero_fire	romance	3k_romance_death_distribution	3k_main_ceo_initial_data_character_historical_xiahou_mao_ironic	3k_main_hero_generic_fire	0	1	3k_main_rank_effect_set_romance_base	3k_main_attribute_set_general_fire_romance	3k_main_skillset_generic_villager_fire	1	1.0000	true
ironic_template_historical_xiahou_heng_hero_metal	historical	3k_standard_death_distribution	3k_main_ceo_initial_data_character_generic_m_metal_general	3k_main_general_generic_metal	1	1	3k_main_rank_effect_set_records_base	3k_main_attribute_set_general_metal_records	3k_main_skillset_generic_general_metal	1	0.0500	true
ironic_template_historical_xiahou_heng_hero_metal	romance	3k_romance_death_distribution	3k_main_ceo_initial_data_character_generic_m_metal_general	3k_main_hero_generic_metal	1	1	3k_main_rank_effect_set_romance_base	3k_main_attribute_set_general_metal_romance	3k_main_skillset_generic_general_metal	1	0.0500	true
ironic_template_historical_xi_zhicai_hero_water	historical	3k_standard_death_distribution_no_infant_mortality	3k_main_ceo_initial_data_character_historical_xi_zhicai_unique	3k_main_general_generic_water_strategist	1	1	3k_main_rank_effect_set_records_water_strategist	3k_main_attribute_set_general_water_records	3k_main_skillset_xi_zhicai_general_water_strategist	1	1.0000	true
ironic_template_historical_xi_zhicai_hero_water	romance	3k_romance_death_distribution	3k_main_ceo_initial_data_character_historical_xi_zhicai_unique	3k_main_hero_generic_water_strategist	1	1	3k_main_rank_effect_set_romance_water_strategist	3k_main_attribute_set_general_water_romance	3k_main_skillset_xi_zhicai_general_water_strategist	1	1.0000	true
ironic_template_historical_zu_lang_hero_wood	historical	3k_standard_death_distribution_no_infant_mortality	3k_main_ceo_initial_data_character_historical_zu_lang	3k_main_general_zu_lang_wood	1	1	3k_main_rank_effect_set_records_base	3k_main_attribute_set_general_wood_records	3k_dlc05_skillset_generic_bandit_minister_wood	1	1.0000	true
ironic_template_historical_zu_lang_hero_wood	romance	3k_romance_death_distribution	3k_main_ceo_initial_data_character_historical_zu_lang	3k_main_hero_zu_lang_wood	1	1	3k_main_rank_effect_set_romance_base	3k_main_attribute_set_general_wood_romance	3k_dlc05_skillset_generic_bandit_minister_wood	1	1.0000	true
ironic_template_historical_wang_sheng_hero_earth	historical	3k_standard_death_distribution_no_infant_mortality	3k_main_ceo_initial_data_character_historical_wang_sheng	3k_main_general_wang_sheng_earth	0	1	3k_main_rank_effect_set_records_earth_commander	3k_main_attribute_set_general_earth_records	3k_main_skillset_generic_minister_earth	1	1.0000	true
ironic_template_historical_wang_sheng_hero_earth	romance	3k_romance_death_distribution	3k_main_ceo_initial_data_character_historical_wang_sheng	3k_main_hero_wang_sheng_earth	0	1	3k_main_rank_effect_set_romance_earth_commander	3k_main_attribute_set_general_earth_romance	3k_main_skillset_generic_minister_earth	1	1.0000	true
ironic_template_historical_tong_zhi_hero_water	historical	3k_standard_death_distribution	3k_main_ceo_initial_data_character_historical_tong_zhi	3k_main_general_tong_zhi_water	0	1	3k_main_rank_effect_set_records_water_strategist	3k_main_attribute_set_general_water_records	3k_main_skillset_generic_minister_water_strategist	1	1.0000	true
ironic_template_historical_tong_zhi_hero_water	romance	3k_romance_death_distribution	3k_main_ceo_initial_data_character_historical_tong_zhi	3k_main_hero_tong_zhi_water	0	1	3k_main_rank_effect_set_romance_water_strategist	3k_main_attribute_set_general_water_romance	3k_main_skillset_generic_minister_water_strategist	1	1.0000	true
ironic_template_historical_generated_lady_cai_pingwan	historical	3k_standard_death_distribution_no_infant_mortality	3k_main_ceo_initial_data_character_historical_cai_pingwan_title	3k_main_general_generic_earth	0	1	3k_main_rank_effect_set_records_earth_commander	3k_main_attribute_set_general_earth_records	3k_main_skillset_generic_general_earth	1	1.0000	true
ironic_template_historical_generated_lady_cai_pingwan	romance	3k_romance_death_distribution	3k_main_ceo_initial_data_character_historical_cai_pingwan_title	3k_main_hero_generic_earth	0	1	3k_main_rank_effect_set_records_earth_commander	3k_main_attribute_set_general_earth_romance	3k_main_skillset_generic_general_earth	1	1.0000	true
ironic_template_historical_generated_lady_cai_jingshu	historical	3k_standard_death_distribution_no_infant_mortality	3k_main_ceo_initial_data_character_generic_f_earth_governor	3k_main_general_generic_earth	0	1	3k_main_rank_effect_set_records_earth_commander	3k_main_attribute_set_general_earth_records	3k_main_skillset_generic_general_earth	1	1.0000	true
ironic_template_historical_generated_lady_cai_jingshu	romance	3k_romance_death_distribution	3k_main_ceo_initial_data_character_generic_f_earth_governor	3k_main_hero_generic_earth	0	1	3k_main_rank_effect_set_records_earth_commander	3k_main_attribute_set_general_earth_romance	3k_main_skillset_generic_general_earth	1	1.0000	true
ironic_template_historical_xun_chen_hero_water	historical	3k_standard_death_distribution	3k_main_ceo_initial_data_character_historical_xun_chen	3k_main_general_tier_2_water	0	1	3k_main_rank_effect_set_records_water_strategist	3k_main_attribute_set_general_water_records	3k_main_skillset_generic_minister_water_strategist	1	1.0000	true
ironic_template_historical_xun_chen_hero_water	romance	3k_romance_death_distribution	3k_main_ceo_initial_data_character_historical_xun_chen	3k_main_hero_tier_2_water	0	1	3k_main_rank_effect_set_romance_water_strategist	3k_main_attribute_set_general_water_romance	3k_main_skillset_generic_minister_water_strategist	1	1.0000	true
ironic_template_historical_xu_dan_hero_earth	historical	3k_romance_death_distribution	3k_main_ceo_initial_data_character_historical_xu_dan_ironic	3k_main_general_generic_earth	0	1	3k_main_rank_effect_set_records_earth_commander	3k_main_attribute_set_general_earth_records	3k_main_skillset_generic_governor_earth	1	1.0000	true
ironic_template_historical_xu_dan_hero_earth	romance	3k_romance_death_distribution	3k_main_ceo_initial_data_character_historical_xu_dan_ironic	3k_main_hero_generic_earth	0	1	3k_main_rank_effect_set_romance_earth_commander	3k_main_attribute_set_general_earth_romance	3k_main_skillset_generic_governor_earth	1	1.0000	true
ironic_template_historical_bao_tao_hero_fire	historical	3k_standard_death_distribution	3k_main_ceo_initial_data_character_historical_bao_tao_ironic	3k_main_general_generic_fire	0	1	3k_main_rank_effect_set_records_base	3k_main_attribute_set_general_fire_records	3k_main_skillset_generic_villager_fire	1	1.0000	true
ironic_template_historical_bao_tao_hero_fire	romance	3k_romance_death_distribution	3k_main_ceo_initial_data_character_historical_bao_tao_ironic	3k_main_hero_generic_fire	0	1	3k_main_rank_effect_set_romance_base	3k_main_attribute_set_general_fire_romance	3k_main_skillset_generic_villager_fire	1	1.0000	true
ironic_template_historical_bao_zhong_hero_water	historical	3k_standard_death_distribution	3k_main_ceo_initial_data_character_historical_bao_zhong_ironic	3k_main_general_generic_wood	0	1	3k_main_rank_effect_set_records_base	3k_main_attribute_set_general_wood_records	3k_main_skillset_generic_minister_wood	1	1.0000	true
ironic_template_historical_bao_zhong_hero_water	romance	3k_romance_death_distribution	3k_main_ceo_initial_data_character_historical_bao_zhong_ironic	3k_main_hero_generic_wood	0	1	3k_main_rank_effect_set_romance_base	3k_main_attribute_set_general_wood_romance	3k_main_skillset_generic_minister_wood	1	1.0000	true
ironic_template_historical_wang_gong_hero_wood	historical	3k_standard_death_distribution	3k_main_ceo_initial_data_character_historical_wang_gong_ironic	3k_main_general_generic_wood	0	1	3k_main_rank_effect_set_records_base	3k_main_attribute_set_general_wood_records	3k_main_skillset_generic_general_wood	1	1.0000	true
ironic_template_historical_wang_gong_hero_wood	romance	3k_romance_death_distribution	3k_main_ceo_initial_data_character_historical_wang_gong_ironic	3k_main_hero_generic_wood	0	1	3k_main_rank_effect_set_romance_base	3k_main_attribute_set_general_wood_romance	3k_main_skillset_generic_general_wood	1	1.0000	true
ironic_template_historical_zong_bao_hero_wood	historical	3k_standard_death_distribution	3k_main_ceo_initial_data_character_generic_m_wood_general	3k_main_general_generic_wood	0	1	3k_main_rank_effect_set_records_base	3k_main_attribute_set_general_wood_records	3k_main_skillset_generic_general_wood	1	1.0000	true
ironic_template_historical_zong_bao_hero_wood	romance	3k_romance_death_distribution	3k_main_ceo_initial_data_character_generic_m_wood_general	3k_main_hero_generic_wood	0	1	3k_main_rank_effect_set_romance_base	3k_main_attribute_set_general_wood_romance	3k_main_skillset_generic_general_wood	1	1.0000	true
ironic_template_historical_zuo_chengxu_hero_fire	historical	3k_standard_death_distribution	3k_main_ceo_initial_data_character_historical_zuo_chengxu_ironic	3k_main_general_generic_fire	0	1	3k_main_rank_effect_set_records_base	3k_main_attribute_set_general_fire_records	3k_main_skillset_generic_villager_fire	1	1.0000	true
ironic_template_historical_zuo_chengxu_hero_fire	romance	3k_romance_death_distribution	3k_main_ceo_initial_data_character_historical_zuo_chengxu_ironic	3k_main_hero_generic_fire	0	1	3k_main_rank_effect_set_romance_base	3k_main_attribute_set_general_fire_romance	3k_main_skillset_generic_villager_fire	1	1.0000	true
ironic_template_historical_lu_you_hero_water	historical	3k_standard_death_distribution	3k_main_ceo_initial_data_character_generic_m_water_minister_legendary	3k_main_general_tier_2_water	0	1	3k_main_rank_effect_set_records_water_strategist	3k_main_attribute_set_general_water_records	3k_main_skillset_generic_minister_water_strategist	1	1.0000	true
ironic_template_historical_lu_you_hero_water	romance	3k_romance_death_distribution	3k_main_ceo_initial_data_character_generic_m_water_minister_legendary	3k_main_hero_tier_2_water	0	1	3k_main_rank_effect_set_romance_water_strategist	3k_main_attribute_set_general_water_romance	3k_main_skillset_generic_minister_water_strategist	1	1.0000	true
ironic_template_historical_wu_dun_hero_wood	historical	3k_standard_death_distribution_no_infant_mortality	3k_main_ceo_initial_data_character_historical_wu_dun_ironic	3k_dlc05_bandit_general_generic_wood	0	1	3k_main_rank_effect_set_records_base	3k_main_attribute_set_general_wood_records	3k_dlc05_skillset_generic_bandit_general_wood	1	1.0000	true
ironic_template_historical_wu_dun_hero_wood	romance	3k_romance_death_distribution	3k_main_ceo_initial_data_character_historical_wu_dun_ironic	3k_dlc05_bandit_hero_generic_wood	0	1	3k_main_rank_effect_set_romance_base	3k_main_attribute_set_general_wood_romance	3k_dlc05_skillset_generic_bandit_general_wood	1	1.0000	true
ironic_template_historical_handan_shang_hero_wood	historical	3k_standard_death_distribution_no_infant_mortality	3k_main_ceo_initial_data_character_historical_handan_shang	3k_main_general_handan_shang_water	0	1	3k_main_rank_effect_set_records_water_strategist	3k_main_attribute_set_general_water_records	3k_main_skillset_generic_envoy_water_strategist	1	1.0000	true
ironic_template_historical_handan_shang_hero_wood	romance	3k_romance_death_distribution	3k_main_ceo_initial_data_character_historical_handan_shang	3k_main_hero_handan_shang_water	0	1	3k_main_rank_effect_set_romance_water_strategist	3k_main_attribute_set_general_water_romance	3k_main_skillset_generic_envoy_water_strategist	1	1.0000	true
ironic_template_historical_ma_ai_hero_fire	historical	3k_standard_death_distribution	3k_main_ceo_initial_data_character_historical_ma_ai	3k_main_general_ma_ai_fire	0	1	3k_main_rank_effect_set_records_base	3k_main_attribute_set_general_fire_records	3k_main_skillset_generic_minister_fire	1	1.0000	true
ironic_template_historical_ma_ai_hero_fire	romance	3k_romance_death_distribution	3k_main_ceo_initial_data_character_historical_ma_ai	3k_main_hero_ma_ai_fire	0	1	3k_main_rank_effect_set_romance_base	3k_main_attribute_set_general_fire_romance	3k_main_skillset_generic_minister_fire	1	1.0000	true
ironic_template_historical_huang_ang_hero_water	historical	3k_standard_death_distribution	3k_main_ceo_initial_data_character_historical_huang_ang	3k_main_general_huang_ang_wood	0	1	3k_main_rank_effect_set_records_base	3k_main_attribute_set_general_wood_records	3k_main_skillset_generic_general_wood	1	1.0000	true
ironic_template_historical_huang_ang_hero_water	romance	3k_romance_death_distribution	3k_main_ceo_initial_data_character_historical_huang_ang	3k_main_hero_huang_ang_wood	0	1	3k_main_rank_effect_set_romance_base	3k_main_attribute_set_general_wood_romance	3k_main_skillset_generic_general_wood	1	1.0000	true
ironic_template_historical_song_xian_hero_metal	historical	3k_standard_death_distribution	3k_main_ceo_initial_data_character_historical_Song_Xian	3k_main_general_generic_metal	1	1	3k_main_rank_effect_set_records_base	3k_main_attribute_set_general_metal_records	3k_main_skillset_generic_general_metal	1	0.0500	true
ironic_template_historical_song_xian_hero_metal	romance	3k_romance_death_distribution	3k_main_ceo_initial_data_character_historical_Song_Xian	3k_main_hero_generic_metal	1	1	3k_main_rank_effect_set_romance_base	3k_main_attribute_set_general_metal_romance	3k_main_skillset_generic_general_metal	1	0.0500	true
ironic_template_historical_wei_xu_hero_metal	historical	3k_standard_death_distribution	3k_main_ceo_initial_data_character_historical_Wei_Xu	3k_main_general_generic_metal	1	1	3k_main_rank_effect_set_records_base	3k_main_attribute_set_general_metal_records	3k_main_skillset_generic_general_metal	1	0.0500	true
ironic_template_historical_wei_xu_hero_metal	romance	3k_romance_death_distribution	3k_main_ceo_initial_data_character_historical_Wei_Xu	3k_main_hero_generic_metal	1	1	3k_main_rank_effect_set_romance_base	3k_main_attribute_set_general_metal_romance	3k_main_skillset_generic_general_metal	1	0.0500	true
ironic_template_historical_mike_hero_metal	historical	3k_standard_death_distribution_no_infant_mortality	3k_main_ceo_initial_data_character_historical_mike	3k_main_general_xianbei_shock_cavalry_metal	0	1	3k_main_rank_effect_set_records_base	3k_main_attribute_set_general_xianbei_records	3k_main_skillset_xianbei_general_metal	1	1.0000	true
ironic_template_historical_mike_hero_metal	romance	3k_romance_death_distribution	3k_main_ceo_initial_data_character_historical_mike	3k_main_hero_xianbei_shock_cavalry_metal	0	1	3k_main_rank_effect_set_romance_base	3k_main_attribute_set_general_xianbei_romance	3k_main_skillset_xianbei_general_metal	1	1.0000	true
ironic_template_historical_jueji_hero_metal	historical	3k_standard_death_distribution_no_infant_mortality	3k_main_ceo_initial_data_character_historical_jueji	3k_main_general_xianbei_shock_cavalry_metal	0	1	3k_main_rank_effect_set_records_base	3k_main_attribute_set_general_xianbei_records	3k_main_skillset_xianbei_governor_metal	1	1.0000	true
ironic_template_historical_jueji_hero_metal	romance	3k_romance_death_distribution	3k_main_ceo_initial_data_character_historical_jueji	3k_main_hero_xianbei_shock_cavalry_metal	0	1	3k_main_rank_effect_set_romance_base	3k_main_attribute_set_general_xianbei_romance	3k_main_skillset_xianbei_governor_metal	1	1.0000	true
ironic_template_historical_duo_mao_hero_wood	historical	3k_standard_death_distribution_no_infant_mortality	3k_main_ceo_initial_data_character_historical_dou_mao	3k_main_hero_di_general_cataphracts_cavarly_wood	1	1	3k_main_rank_effect_set_records_base	3k_main_attribute_set_general_wood_records	3k_main_skillset_di_minister_wood	1	1.0000	true
ironic_template_historical_duo_mao_hero_wood	romance	3k_romance_death_distribution	3k_main_ceo_initial_data_character_historical_dou_mao	3k_main_hero_di_hero_cataphracts_cavarly_wood	1	1	3k_main_rank_effect_set_romance_base	3k_main_attribute_set_general_wood_romance	3k_main_skillset_di_minister_wood	1	1.0000	true
ironic_template_historical_agui_hero_wood	historical	3k_standard_death_distribution_no_infant_mortality	3k_main_ceo_initial_data_character_historical_agui	3k_main_hero_di_general_marauders_cavarly_wood	1	1	3k_main_rank_effect_set_records_base	3k_main_attribute_set_general_wood_records	3k_main_skillset_di_general_wood	1	1.0000	true
ironic_template_historical_agui_hero_wood	romance	3k_romance_death_distribution	3k_main_ceo_initial_data_character_historical_agui	3k_main_hero_di_hero_marauders_cavarly_wood	1	1	3k_main_rank_effect_set_romance_base	3k_main_attribute_set_general_wood_romance	3k_main_skillset_di_general_wood	1	1.0000	true
ironic_template_fictional_lady_yang_hero_wood	historical	3k_standard_death_distribution_no_infant_mortality	3k_main_ceo_initial_data_character_historical_lady_yang_di	3k_main_hero_di_general_archer_cavarly_wood	1	1	3k_main_rank_effect_set_records_base	3k_main_attribute_set_general_wood_records	3k_main_skillset_di_governor_wood	1	1.0000	true
ironic_template_fictional_lady_yang_hero_wood	romance	3k_romance_death_distribution	3k_main_ceo_initial_data_character_historical_lady_yang_di	3k_main_hero_di_hero_archer_cavarly_wood	1	1	3k_main_rank_effect_set_romance_base	3k_main_attribute_set_general_wood_romance	3k_main_skillset_di_governor_wood	1	1.0000	true
ironic_template_historical_qiang_duan_hero_wood	historical	3k_standard_death_distribution_no_infant_mortality	3k_main_ceo_initial_data_character_historical_qiang_duan	3k_main_hero_di_general_raider_cavarly_wood	1	1	3k_main_rank_effect_set_records_base	3k_main_attribute_set_general_wood_records	3k_main_skillset_di_general_wood	1	1.0000	true
ironic_template_historical_qiang_duan_hero_wood	romance	3k_romance_death_distribution	3k_main_ceo_initial_data_character_historical_qiang_duan	3k_main_hero_di_hero_raider_cavarly_wood	1	1	3k_main_rank_effect_set_romance_base	3k_main_attribute_set_general_wood_romance	3k_main_skillset_di_general_wood	1	1.0000	true
ironic_template_historical_yang_qianwan_hero_wood	historical	3k_standard_death_distribution_no_infant_mortality	3k_main_ceo_initial_data_character_historical_yang_qianwan	3k_main_hero_di_general_raider_cavarly_wood	1	1	3k_main_rank_effect_set_records_base	3k_main_attribute_set_general_wood_records	3k_main_skillset_di_general_wood	1	1.0000	true
ironic_template_historical_yang_qianwan_hero_wood	romance	3k_romance_death_distribution	3k_main_ceo_initial_data_character_historical_yang_qianwan	3k_main_hero_di_hero_raider_cavarly_wood	1	1	3k_main_rank_effect_set_romance_base	3k_main_attribute_set_general_wood_romance	3k_main_skillset_di_general_wood	1	1.0000	true
ironic_template_historical_gan_ji_hero_metal	historical	3k_standard_death_distribution_no_infant_mortality	3k_main_ceo_initial_data_character_historical_gan_ji	3k_main_general_generic_metal	1	1	3k_main_rank_effect_set_records_base	3k_main_attribute_set_general_metal_records	3k_main_skillset_gan_ji_metal	1	1.0000	true
ironic_template_historical_gan_ji_hero_metal	romance	3k_romance_death_distribution	3k_main_ceo_initial_data_character_historical_gan_ji	3k_main_hero_generic_metal	1	1	3k_main_rank_effect_set_romance_base	3k_main_attribute_set_general_metal_romance	3k_main_skillset_gan_ji_metal	1	1.0000	true
ironic_template_romance_zuo_ci_hero_water	historical	3k_standard_death_distribution_no_infant_mortality	3k_main_ceo_initial_data_character_historical_zuo_ci	3k_main_general_generic_water_strategist	1	1	3k_main_rank_effect_set_records_base	3k_main_attribute_set_general_water_records	3k_main_skillset_zuo_ci_water_strategist	1	0.0050	true
ironic_template_romance_zuo_ci_hero_water	romance	ironic_romance_death_zuo_ci	3k_main_ceo_initial_data_character_historical_zuo_ci	3k_main_hero_generic_water_strategist	1	1	3k_main_rank_effect_set_romance_base	3k_main_attribute_set_general_water_romance	3k_main_skillset_zuo_ci_water_strategist	1	0.0500	true
3k_main_template_historical_hua_tuo_hero_water	historical	3k_standard_death_distribution_no_infant_mortality	3k_main_ceo_initial_data_character_historical_hua_tuo	3k_main_general_generic_water_strategist	0	1	3k_main_rank_effect_set_records_water_strategist	3k_main_attribute_set_general_water_records	3k_main_skillset_hua_tuo_water_strategist	1	0.0050	true
3k_main_template_historical_hua_tuo_hero_water	romance	3k_romance_death_distribution	3k_main_ceo_initial_data_character_historical_hua_tuo	3k_main_hero_generic_water_strategist	0	1	3k_main_rank_effect_set_romance_water_strategist	3k_main_attribute_set_general_water_romance	3k_main_skillset_hua_tuo_water_strategist	1	0.0500	true
ironic_template_romance_zhang_lin_f_hero_earth	historical	3k_standard_death_distribution_no_infant_mortality	3k_main_ceo_initial_data_character_generic_f_earth_minister	3k_main_general_generic_earth	0	1	3k_main_rank_effect_set_records_earth_commander	3k_main_attribute_set_general_earth_records	3k_main_skillset_generic_general_earth	1	1.0000	true
ironic_template_romance_zhang_lin_f_hero_earth	romance	3k_romance_death_distribution	3k_main_ceo_initial_data_character_generic_f_earth_minister	3k_main_hero_generic_earth	0	1	3k_main_rank_effect_set_records_earth_commander	3k_main_attribute_set_general_earth_romance	3k_main_skillset_generic_general_earth	1	1.0000	true
ironic_template_romance_ma_chun_f_hero_metal	historical	3k_standard_death_distribution_no_infant_mortality	3k_main_ceo_initial_data_character_generic_f_metal_general	3k_main_general_generic_metal	0	1	3k_main_rank_effect_set_records_base	3k_main_attribute_set_general_metal_records	3k_main_skillset_generic_villager_metal	1	1.0000	true
ironic_template_romance_ma_chun_f_hero_metal	romance	3k_romance_death_distribution	3k_main_ceo_initial_data_character_generic_f_metal_general	3k_main_hero_generic_metal	0	1	3k_main_rank_effect_set_romance_base	3k_main_attribute_set_general_metal_romance	3k_main_skillset_generic_villager_metal	1	1.0000	true
ironic_template_romance_ma_ya_f_hero_water	historical	3k_standard_death_distribution_no_infant_mortality	3k_main_ceo_initial_data_character_generic_f_water_agent	3k_main_general_tier_2_water	0	1	3k_main_rank_effect_set_records_base	3k_main_attribute_set_general_water_records	3k_main_skillset_generic_general_water_strategist	1	1.0000	true
ironic_template_romance_ma_ya_f_hero_water	romance	3k_romance_death_distribution	3k_main_ceo_initial_data_character_generic_f_water_agent	3k_main_hero_tier_2_water	0	1	3k_main_rank_effect_set_romance_base	3k_main_attribute_set_general_water_romance	3k_main_skillset_generic_general_water_strategist	1	1.0000	true
ironic_template_romance_zhang_gong_hero_wood	historical	3k_standard_death_distribution_no_infant_mortality	3k_main_ceo_initial_data_character_historical_zhang_gong	3k_main_general_generic_wood	0	1	3k_main_rank_effect_set_records_base	3k_main_attribute_set_general_wood_records	3k_main_skillset_generic_general_wood	1	1.0000	true
ironic_template_romance_zhang_gong_hero_wood	romance	3k_romance_death_distribution	3k_main_ceo_initial_data_character_historical_zhang_gong	3k_main_hero_generic_wood	0	1	3k_main_rank_effect_set_romance_base	3k_main_attribute_set_general_wood_romance	3k_main_skillset_generic_general_wood	1	1.0000	true
ironic_template_romance_zhang_jiu_hero_earth	historical	3k_romance_death_distribution	3k_main_ceo_initial_data_character_generic_f_earth_governor	3k_main_general_generic_earth	0	1	3k_main_rank_effect_set_records_earth_commander	3k_main_attribute_set_general_earth_records	3k_main_skillset_generic_governor_earth	1	1.0000	true
ironic_template_romance_zhang_jiu_hero_earth	romance	3k_romance_death_distribution	3k_main_ceo_initial_data_character_generic_f_earth_governor	3k_main_hero_generic_earth	0	1	3k_main_rank_effect_set_romance_earth_commander	3k_main_attribute_set_general_earth_romance	3k_main_skillset_generic_governor_earth	1	1.0000	true
ironic_template_romance_yang_feng_hero_fire	historical	3k_standard_death_distribution_no_infant_mortality	3k_main_ceo_initial_data_character_historical_yang_feng_nw	3k_main_general_generic_fire	0	1	3k_main_rank_effect_set_records_base	3k_main_attribute_set_general_fire_records	3k_main_skillset_generic_general_fire	1	1.0000	true
ironic_template_romance_yang_feng_hero_fire	romance	3k_romance_death_distribution	3k_main_ceo_initial_data_character_historical_yang_feng_nw	3k_main_hero_generic_fire	0	1	3k_main_rank_effect_set_romance_base	3k_main_attribute_set_general_fire_romance	3k_main_skillset_generic_general_fire	1	1.0000	true
ironic_template_romance_yang_fu_hero_wood	historical	3k_standard_death_distribution_no_infant_mortality	3k_main_ceo_initial_data_character_historical_yang_fu	3k_dlc05_bandit_general_generic_wood	0	1	3k_main_rank_effect_set_records_base	3k_main_attribute_set_general_wood_records	3k_dlc05_skillset_generic_bandit_general_wood	1	1.0000	true
ironic_template_romance_yang_fu_hero_wood	romance	3k_romance_death_distribution	3k_main_ceo_initial_data_character_historical_yang_fu	3k_dlc05_bandit_hero_generic_wood	0	1	3k_main_rank_effect_set_romance_base	3k_main_attribute_set_general_wood_romance	3k_dlc05_skillset_generic_bandit_general_wood	1	1.0000	true
ironic_template_romance_jiang_xu_hero_metal	historical	3k_standard_death_distribution	3k_main_ceo_initial_data_character_generic_m_metal_governor	3k_main_general_generic_metal	1	1	3k_main_rank_effect_set_records_base	3k_main_attribute_set_general_metal_records	3k_main_skillset_generic_governor_metal	1	0.0500	true
ironic_template_romance_jiang_xu_hero_metal	romance	3k_romance_death_distribution	3k_main_ceo_initial_data_character_generic_m_metal_governor	3k_main_hero_generic_metal	1	1	3k_main_rank_effect_set_romance_base	3k_main_attribute_set_general_metal_romance	3k_main_skillset_generic_governor_metal	1	0.0500	true
ironic_template_romance_yan_wen_hero_earth	historical	3k_romance_death_distribution	3k_main_ceo_initial_data_character_generic_m_earth_general	3k_main_general_generic_earth	0	1	3k_main_rank_effect_set_records_earth_commander	3k_main_attribute_set_general_earth_records	3k_main_skillset_generic_general_earth	1	1.0000	true
ironic_template_romance_yan_wen_hero_earth	romance	3k_romance_death_distribution	3k_main_ceo_initial_data_character_generic_m_earth_general	3k_main_hero_generic_earth	0	1	3k_main_rank_effect_set_romance_earth_commander	3k_main_attribute_set_general_earth_romance	3k_main_skillset_generic_general_earth	1	1.0000	true
ironic_template_romance_su_ze_hero_water	historical	3k_standard_death_distribution_no_infant_mortality	3k_main_ceo_initial_data_character_historical_su_ze	3k_main_general_generic_water_strategist	1	1	3k_main_rank_effect_set_records_base	3k_main_attribute_set_general_water_records	3k_main_skillset_generic_envoy_water_strategist	1	0.0050	true
ironic_template_romance_su_ze_hero_water	romance	3k_romance_death_distribution	3k_main_ceo_initial_data_character_historical_su_ze	3k_main_hero_generic_water_strategist	1	1	3k_main_rank_effect_set_romance_base	3k_main_attribute_set_general_water_romance	3k_main_skillset_generic_envoy_water_strategist	1	0.0500	true
ironic_template_historical_wei_qing_f_hero_earth	historical	3k_standard_death_distribution_no_infant_mortality	3k_main_ceo_initial_data_character_generic_f_earth_minister	3k_main_general_generic_earth	0	1	3k_main_rank_effect_set_records_earth_commander	3k_main_attribute_set_general_earth_records	3k_main_skillset_generic_general_earth	1	1.0000	true
ironic_template_historical_wei_qing_f_hero_earth	romance	3k_romance_death_distribution	3k_main_ceo_initial_data_character_generic_f_earth_minister	3k_main_hero_generic_earth	0	1	3k_main_rank_effect_set_records_earth_commander	3k_main_attribute_set_general_earth_romance	3k_main_skillset_generic_general_earth	1	1.0000	true
ironic_template_historical_wei_duan_hero_wood	historical	3k_standard_death_distribution	3k_main_ceo_initial_data_character_historical_wei_duan_ironic	3k_main_general_generic_wood	0	1	3k_main_rank_effect_set_records_base	3k_main_attribute_set_general_wood_records	3k_main_skillset_generic_general_wood	1	1.0000	true
ironic_template_historical_wei_duan_hero_wood	romance	3k_romance_death_distribution	3k_main_ceo_initial_data_character_historical_wei_duan_ironic	3k_main_hero_generic_wood	0	1	3k_main_rank_effect_set_romance_base	3k_main_attribute_set_general_wood_romance	3k_main_skillset_generic_general_wood	1	1.0000	true
ironic_template_historical_wei_kang_hero_earth	historical	3k_romance_death_distribution	3k_main_ceo_initial_data_character_historical_wei_kang	3k_main_general_wei_kang_earth	0	1	3k_main_rank_effect_set_records_earth_commander	3k_main_attribute_set_general_earth_records	3k_main_skillset_generic_general_earth	1	1.0000	true
ironic_template_historical_wei_kang_hero_earth	romance	3k_romance_death_distribution	3k_main_ceo_initial_data_character_historical_wei_kang	3k_main_hero_wei_kang_earth	0	1	3k_main_rank_effect_set_romance_earth_commander	3k_main_attribute_set_general_earth_romance	3k_main_skillset_generic_general_earth	1	1.0000	true
ironic_template_historical_wei_dan_hero_water	historical	3k_standard_death_distribution_no_infant_mortality	3k_main_ceo_initial_data_character_historical_wei_dan	3k_main_general_generic_water_strategist	0	1	3k_main_rank_effect_set_records_water_strategist	3k_main_attribute_set_general_water_records	3k_main_skillset_generic_envoy_water_strategist	1	0.0050	true
ironic_template_historical_wei_dan_hero_water	romance	3k_romance_death_distribution	3k_main_ceo_initial_data_character_historical_wei_dan	3k_main_hero_generic_water_strategist	0	1	3k_main_rank_effect_set_romance_water_strategist	3k_main_attribute_set_general_water_romance	3k_main_skillset_generic_envoy_water_strategist	1	0.0500	true
ironic_template_historical_zhang_jin_hero_metal	historical	3k_standard_death_distribution	3k_main_ceo_initial_data_character_historical_zhang_jin_nw	3k_main_general_generic_metal	0	1	3k_main_rank_effect_set_records_base	3k_main_attribute_set_general_metal_records	3k_main_skillset_generic_governor_metal	1	0.0500	true
ironic_template_historical_zhang_jin_hero_metal	romance	3k_romance_death_distribution	3k_main_ceo_initial_data_character_historical_zhang_jin_nw	3k_main_hero_generic_metal	0	1	3k_main_rank_effect_set_romance_base	3k_main_attribute_set_general_metal_romance	3k_main_skillset_generic_governor_metal	1	0.0500	true
ironic_template_historical_he_luan_hero_earth	historical	3k_romance_death_distribution	3k_main_ceo_initial_data_character_historical_he_luan_ironic	3k_main_general_generic_earth	0	1	3k_main_rank_effect_set_records_earth_commander	3k_main_attribute_set_general_earth_records	3k_main_skillset_generic_general_earth	1	1.0000	true
ironic_template_historical_he_luan_hero_earth	romance	3k_romance_death_distribution	3k_main_ceo_initial_data_character_historical_he_luan_ironic	3k_main_hero_generic_earth	0	1	3k_main_rank_effect_set_romance_earth_commander	3k_main_attribute_set_general_earth_romance	3k_main_skillset_generic_general_earth	1	1.0000	true
ironic_template_historical_pang_yu_hero_wood	historical	3k_standard_death_distribution_no_infant_mortality	3k_main_ceo_initial_data_character_historical_pang_yu	3k_dlc05_bandit_general_generic_wood	0	1	3k_main_rank_effect_set_records_base	3k_main_attribute_set_general_wood_records	3k_dlc05_skillset_generic_bandit_general_wood	1	1.0000	true
ironic_template_historical_pang_yu_hero_wood	romance	3k_romance_death_distribution	3k_main_ceo_initial_data_character_historical_pang_yu	3k_dlc05_bandit_hero_generic_wood	0	1	3k_main_rank_effect_set_romance_base	3k_main_attribute_set_general_wood_romance	3k_dlc05_skillset_generic_bandit_general_wood	1	1.0000	true
ironic_template_historical_zhao_e_hero_metal	historical	3k_standard_death_distribution_no_infant_mortality	3k_main_ceo_initial_data_character_historical_zhao_e	3k_main_general_generic_metal	0	1	3k_main_rank_effect_set_records_base	3k_main_attribute_set_general_metal_records	3k_main_skillset_zhao_e_general_metal	1	1.0000	true
ironic_template_historical_zhao_e_hero_metal	romance	3k_romance_death_distribution	3k_main_ceo_initial_data_character_historical_zhao_e	3k_main_hero_generic_metal	0	1	3k_main_rank_effect_set_romance_base	3k_main_attribute_set_general_metal_romance	3k_main_skillset_zhao_e_general_metal	1	1.0000	true
3k_main_template_historical_zhang_meng_hero_fire	historical	3k_standard_death_distribution_no_infant_mortality	3k_main_ceo_initial_data_character_historical_zhang_meng	3k_main_general_generic_fire	0	1	3k_main_rank_effect_set_records_base	3k_main_attribute_set_general_fire_records	3k_main_skillset_generic_governor_fire	1	1.0000	true
3k_main_template_historical_zhang_meng_hero_fire	romance	3k_romance_death_distribution	3k_main_ceo_initial_data_character_historical_zhang_meng	3k_main_hero_generic_fire	0	1	3k_main_rank_effect_set_romance_base	3k_main_attribute_set_general_fire_romance	3k_main_skillset_generic_governor_fire	1	1.0000	true
ironic_template_historical_ge_jing_hero_water	historical	3k_standard_death_distribution_no_infant_mortality	3k_main_ceo_initial_data_character_historical_ge_jing_ironic	3k_main_general_tier_2_water	0	1	3k_main_rank_effect_set_records_base	3k_main_attribute_set_general_water_records	3k_main_skillset_generic_general_water_strategist	1	1.0000	true
ironic_template_historical_ge_jing_hero_water	romance	3k_romance_death_distribution	3k_main_ceo_initial_data_character_historical_ge_jing_ironic	3k_main_hero_tier_2_water	0	1	3k_main_rank_effect_set_romance_base	3k_main_attribute_set_general_water_romance	3k_main_skillset_generic_general_water_strategist	1	1.0000	true
ironic_template_historical_huang_xun_hero_earth	historical	3k_romance_death_distribution	3k_main_ceo_initial_data_character_historical_huang_xun_ironic	3k_main_general_generic_earth	0	1	3k_main_rank_effect_set_records_earth_commander	3k_main_attribute_set_general_earth_records	3k_main_skillset_generic_general_earth	1	1.0000	true
ironic_template_historical_huang_xun_hero_earth	romance	3k_romance_death_distribution	3k_main_ceo_initial_data_character_historical_huang_xun_ironic	3k_main_hero_generic_earth	0	1	3k_main_rank_effect_set_romance_earth_commander	3k_main_attribute_set_general_earth_romance	3k_main_skillset_generic_general_earth	1	1.0000	true
ironic_template_historical_huang_hua_hero_earth	historical	3k_romance_death_distribution	3k_main_ceo_initial_data_character_historical_huang_hua	3k_main_general_generic_earth	0	1	3k_main_rank_effect_set_records_earth_commander	3k_main_attribute_set_general_earth_records	3k_main_skillset_generic_general_earth	1	1.0000	true
ironic_template_historical_huang_hua_hero_earth	romance	3k_romance_death_distribution	3k_main_ceo_initial_data_character_historical_huang_hua	3k_main_hero_generic_earth	0	1	3k_main_rank_effect_set_romance_earth_commander	3k_main_attribute_set_general_earth_romance	3k_main_skillset_generic_general_earth	1	1.0000	true
ironic_template_historical_huang_chun_hero_earth	historical	3k_standard_death_distribution_no_infant_mortality	3k_main_ceo_initial_data_character_historical_huang_chun_ironic	3k_main_general_generic_earth	0	1	3k_main_rank_effect_set_records_earth_commander	3k_main_attribute_set_general_earth_records	3k_main_skillset_generic_general_earth	1	1.0000	true
ironic_template_historical_huang_chun_hero_earth	romance	3k_romance_death_distribution	3k_main_ceo_initial_data_character_historical_huang_chun_ironic	3k_main_hero_generic_earth	0	1	3k_main_rank_effect_set_records_earth_commander	3k_main_attribute_set_general_earth_romance	3k_main_skillset_generic_general_earth	1	1.0000	true
ironic_template_historical_huang_min_hero_water	historical	3k_standard_death_distribution_no_infant_mortality	3k_main_ceo_initial_data_character_historical_huang_min_ironic	3k_main_general_tier_2_water	0	1	3k_main_rank_effect_set_records_base	3k_main_attribute_set_general_water_records	3k_main_skillset_generic_general_water_strategist	1	1.0000	true
ironic_template_historical_huang_min_hero_water	romance	3k_romance_death_distribution	3k_main_ceo_initial_data_character_historical_huang_min_ironic	3k_main_hero_tier_2_water	0	1	3k_main_rank_effect_set_romance_base	3k_main_attribute_set_general_water_romance	3k_main_skillset_generic_general_water_strategist	1	1.0000	true
ironic_template_historical_xu_yi_hero_fire	historical	3k_standard_death_distribution	3k_main_ceo_initial_data_character_historical_xu_yi_ironic	3k_main_general_generic_fire	0	1	3k_main_rank_effect_set_records_base	3k_main_attribute_set_general_fire_records	3k_main_skillset_generic_villager_fire	1	1.0000	true
ironic_template_historical_xu_yi_hero_fire	romance	3k_romance_death_distribution	3k_main_ceo_initial_data_character_historical_xu_yi_ironic	3k_main_hero_generic_fire	0	1	3k_main_rank_effect_set_romance_base	3k_main_attribute_set_general_fire_romance	3k_main_skillset_generic_villager_fire	1	1.0000	true
ironic_template_historical_zhao_ang_hero_water	historical	3k_standard_death_distribution_no_infant_mortality	3k_main_ceo_initial_data_character_historical_zhao_ang	3k_main_general_generic_water_strategist	1	1	3k_main_rank_effect_set_records_base	3k_main_attribute_set_general_water_records	3k_main_skillset_generic_envoy_water_strategist	1	0.0050	true
ironic_template_historical_zhao_ang_hero_water	romance	3k_romance_death_distribution	3k_main_ceo_initial_data_character_historical_zhao_ang	3k_main_hero_generic_water_strategist	1	1	3k_main_rank_effect_set_romance_base	3k_main_attribute_set_general_water_romance	3k_main_skillset_generic_envoy_water_strategist	1	0.0500	true
ironic_template_historical_yin_feng_hero_wood	historical	3k_standard_death_distribution	3k_main_ceo_initial_data_character_historical_yin_feng_ironic	3k_main_general_generic_wood	0	1	3k_main_rank_effect_set_records_base	3k_main_attribute_set_general_wood_records	3k_main_skillset_generic_general_wood	1	1.0000	true
ironic_template_historical_yin_feng_hero_wood	romance	3k_romance_death_distribution	3k_main_ceo_initial_data_character_historical_yin_feng_ironic	3k_main_hero_generic_wood	0	1	3k_main_rank_effect_set_romance_base	3k_main_attribute_set_general_wood_romance	3k_main_skillset_generic_general_wood	1	1.0000	true
ironic_template_historical_qu_yan_hero_metal	historical	3k_standard_death_distribution	3k_main_ceo_initial_data_character_historical_qu_yan	3k_main_general_generic_wood	1	1	3k_main_rank_effect_set_records_base	3k_main_attribute_set_general_wood_records	3k_main_skillset_generic_minister_wood	1	0.0500	true
ironic_template_historical_qu_yan_hero_metal	romance	3k_romance_death_distribution	3k_main_ceo_initial_data_character_historical_qu_yan	3k_main_hero_generic_wood	1	1	3k_main_rank_effect_set_romance_base	3k_main_attribute_set_general_wood_romance	3k_main_skillset_generic_minister_wood	1	0.0500	true
ironic_template_historical_xin_pi_hero_water	historical	3k_standard_death_distribution_no_infant_mortality	3k_main_ceo_initial_data_character_historical_xin_pi	3k_main_general_generic_water_strategist	0	1	3k_main_rank_effect_set_records_water_strategist	3k_main_attribute_set_general_water_records	3k_main_skillset_xin_pi_minister_water_strategist	1	0.0050	true
ironic_template_historical_xin_pi_hero_water	romance	3k_romance_death_distribution	3k_main_ceo_initial_data_character_historical_xin_pi	3k_main_hero_generic_water_strategist	0	1	3k_main_rank_effect_set_romance_water_strategist	3k_main_attribute_set_general_water_romance	3k_main_skillset_xin_pi_minister_water_strategist	1	0.0500	true
ironic_template_historical_yan_jun_hero_metal	historical	3k_standard_death_distribution	3k_main_ceo_initial_data_character_historical_yan_jun	3k_main_general_generic_metal	1	1	3k_main_rank_effect_set_records_base	3k_main_attribute_set_general_metal_records	3k_main_skillset_generic_villager_metal	1	0.0500	true
ironic_template_historical_yan_jun_hero_metal	romance	3k_romance_death_distribution	3k_main_ceo_initial_data_character_historical_yan_jun	3k_main_hero_generic_metal	1	1	3k_main_rank_effect_set_romance_base	3k_main_attribute_set_general_metal_romance	3k_main_skillset_generic_villager_metal	1	0.0500	true
ironic_template_historical_jiang_shi_hero_wood	historical	3k_standard_death_distribution	3k_main_ceo_initial_data_character_historical_jiang_shi	3k_main_general_generic_earth	0	1	3k_main_rank_effect_set_records_earth_commander	3k_main_attribute_set_general_earth_records	3k_main_skillset_generic_general_earth	1	1.0000	true
ironic_template_historical_jiang_shi_hero_wood	romance	3k_romance_death_distribution	3k_main_ceo_initial_data_character_historical_jiang_shi	3k_main_hero_generic_earth	0	1	3k_main_rank_effect_set_records_earth_commander	3k_main_attribute_set_general_earth_romance	3k_main_skillset_generic_general_earth	1	1.0000	true
ironic_template_historical_tian_le_hero_earth	historical	3k_standard_death_distribution_no_infant_mortality	3k_main_ceo_initial_data_character_historical_tian_le	3k_main_general_generic_earth	0	1	3k_main_rank_effect_set_records_earth_commander	3k_main_attribute_set_general_earth_records	3k_main_skillset_generic_minister_earth	1	1.0000	true
ironic_template_historical_tian_le_hero_earth	romance	3k_romance_death_distribution	3k_main_ceo_initial_data_character_historical_tian_le	3k_main_hero_generic_earth	0	1	3k_main_rank_effect_set_records_earth_commander	3k_main_attribute_set_general_earth_romance	3k_main_skillset_generic_minister_earth	1	1.0000	true
ironic_template_historical_kong_gui_hero_water	historical	3k_standard_death_distribution_no_infant_mortality	3k_main_ceo_initial_data_character_historical_kong_gui	3k_main_general_tier_2_water	0	1	3k_main_rank_effect_set_records_base	3k_main_attribute_set_general_water_records	3k_main_skillset_generic_agent_water_strategist	1	1.0000	true
ironic_template_historical_kong_gui_hero_water	romance	3k_romance_death_distribution	3k_main_ceo_initial_data_character_historical_kong_gui	3k_main_hero_tier_2_water	0	1	3k_main_rank_effect_set_romance_base	3k_main_attribute_set_general_water_romance	3k_main_skillset_generic_agent_water_strategist	1	1.0000	true
ironic_template_historical_ke_wu_hero_fire	historical	3k_standard_death_distribution_no_infant_mortality	3k_main_ceo_initial_data_character_historical_ke_wu	3k_main_general_generic_fire	0	1	3k_main_rank_effect_set_records_base	3k_main_attribute_set_general_fire_records	3k_dlc05_skillset_ke_wu_bandit_general_fire	1	1.0000	true
ironic_template_historical_ke_wu_hero_fire	romance	3k_romance_death_distribution	3k_main_ceo_initial_data_character_historical_ke_wu	3k_main_hero_generic_fire	0	1	3k_main_rank_effect_set_romance_base	3k_main_attribute_set_general_fire_romance	3k_dlc05_skillset_ke_wu_bandit_general_fire	1	1.0000	true
ironic_template_historical_liang_shuang_hero_wood	historical	3k_standard_death_distribution_no_infant_mortality	3k_main_ceo_initial_data_character_historical_liang_shuang	3k_main_general_generic_wood	0	1	3k_main_rank_effect_set_records_base	3k_main_attribute_set_general_wood_records	3k_main_skillset_generic_general_wood	1	1.0000	true
ironic_template_historical_liang_shuang_hero_wood	romance	3k_romance_death_distribution	3k_main_ceo_initial_data_character_historical_liang_shuang	3k_main_hero_generic_wood	0	1	3k_main_rank_effect_set_romance_base	3k_main_attribute_set_general_wood_romance	3k_main_skillset_generic_general_wood	1	1.0000	true
ironic_template_historical_murong_hero_metal	historical	3k_standard_death_distribution_no_infant_mortality	3k_main_ceo_initial_data_character_historical_xianbei_generic_male_waymaker	3k_main_general_xianbei_shock_cavalry_metal	0	1	3k_main_rank_effect_set_records_base	3k_main_attribute_set_general_xianbei_records	3k_main_skillset_xianbei_general_metal	1	1.0000	true
ironic_template_historical_murong_hero_metal	romance	3k_romance_death_distribution	3k_main_ceo_initial_data_character_historical_xianbei_generic_male_waymaker	3k_main_hero_xianbei_shock_cavalry_metal	0	1	3k_main_rank_effect_set_romance_base	3k_main_attribute_set_general_xianbei_romance	3k_main_skillset_xianbei_general_metal	1	1.0000	true
ironic_template_historical_chen_duan_hero_earth	historical	3k_standard_death_distribution_no_infant_mortality	3k_main_ceo_initial_data_character_historical_chen_duan	3k_main_general_generic_earth	0	1	3k_main_rank_effect_set_records_earth_commander	3k_main_attribute_set_general_earth_records	3k_main_skillset_generic_minister_earth	1	1.0000	true
ironic_template_historical_chen_duan_hero_earth	romance	3k_romance_death_distribution	3k_main_ceo_initial_data_character_historical_chen_duan	3k_main_hero_generic_earth	0	1	3k_main_rank_effect_set_records_earth_commander	3k_main_attribute_set_general_earth_romance	3k_main_skillset_generic_minister_earth	1	1.0000	true
ironic_template_historical_lady_xiahou_hero_water	historical	3k_standard_death_distribution_no_infant_mortality	3k_main_ceo_initial_data_character_historical_lady_xiahou	3k_main_general_tier_2_water	0	1	3k_main_rank_effect_set_records_base	3k_main_attribute_set_general_water_records	3k_main_skillset_generic_agent_water_strategist	1	1.0000	true
ironic_template_historical_lady_xiahou_hero_water	romance	3k_romance_death_distribution	3k_main_ceo_initial_data_character_historical_lady_xiahou	3k_main_hero_tier_2_water	0	1	3k_main_rank_effect_set_romance_base	3k_main_attribute_set_general_water_romance	3k_main_skillset_generic_agent_water_strategist	1	1.0000	true
ironic_template_historical_qin_song_hero_water	historical	3k_standard_death_distribution_no_infant_mortality	3k_main_ceo_initial_data_character_historical_qin_song	3k_main_general_tier_2_water	0	1	3k_main_rank_effect_set_records_base	3k_main_attribute_set_general_water_records	3k_main_skillset_generic_agent_water_strategist	1	1.0000	true
ironic_template_historical_qin_song_hero_water	romance	3k_romance_death_distribution	3k_main_ceo_initial_data_character_historical_qin_song	3k_main_hero_tier_2_water	0	1	3k_main_rank_effect_set_romance_base	3k_main_attribute_set_general_water_romance	3k_main_skillset_generic_agent_water_strategist	1	1.0000	true
ironic_template_historical_syiyan_hero_metal	historical	3k_standard_death_distribution_no_infant_mortality	3k_main_ceo_initial_data_character_historical_syiyan	3k_main_general_xianbei_shock_cavalry_metal	0	1	3k_main_rank_effect_set_records_base	3k_main_attribute_set_general_xianbei_records	3k_main_skillset_xianbei_general_metal	1	1.0000	true
ironic_template_historical_syiyan_hero_metal	romance	3k_romance_death_distribution	3k_main_ceo_initial_data_character_historical_syiyan	3k_main_hero_xianbei_shock_cavalry_metal	0	1	3k_main_rank_effect_set_romance_base	3k_main_attribute_set_general_xianbei_romance	3k_main_skillset_xianbei_general_metal	1	1.0000	true
ironic_template_historical_teng_dan_hero_water	historical	3k_standard_death_distribution_no_infant_mortality	3k_main_ceo_initial_data_character_historical_teng_dan	3k_main_general_tier_2_water	0	1	3k_main_rank_effect_set_records_base	3k_main_attribute_set_general_water_records	3k_main_skillset_generic_agent_water_strategist	1	1.0000	true
ironic_template_historical_teng_dan_hero_water	romance	3k_romance_death_distribution	3k_main_ceo_initial_data_character_historical_teng_dan	3k_main_hero_tier_2_water	0	1	3k_main_rank_effect_set_romance_base	3k_main_attribute_set_general_water_romance	3k_main_skillset_generic_agent_water_strategist	1	1.0000	true
ironic_template_historical_teng_zhou_hero_earth	historical	3k_standard_death_distribution_no_infant_mortality	3k_main_ceo_initial_data_character_historical_teng_zhou	3k_main_general_generic_earth	0	1	3k_main_rank_effect_set_records_earth_commander	3k_main_attribute_set_general_earth_records	3k_main_skillset_generic_minister_earth	1	1.0000	true
ironic_template_historical_teng_zhou_hero_earth	romance	3k_romance_death_distribution	3k_main_ceo_initial_data_character_historical_teng_zhou	3k_main_hero_generic_earth	0	1	3k_main_rank_effect_set_records_earth_commander	3k_main_attribute_set_general_earth_romance	3k_main_skillset_generic_minister_earth	1	1.0000	true
ironic_template_historical_yalu_hero_fire	historical	3k_standard_death_distribution_no_infant_mortality	3k_main_ceo_initial_data_character_historical_yalu	3k_main_general_wuhuan_tier_2_fire	0	1	3k_main_rank_effect_set_records_base	3k_main_attribute_set_general_fire_records	3k_main_skillset_wuhuan_general_fire	1	1.0000	true
ironic_template_historical_yalu_hero_fire	romance	3k_romance_death_distribution	3k_main_ceo_initial_data_character_historical_yalu	3k_main_hero_wuhuan_tier_2_fire	0	1	3k_main_rank_effect_set_romance_base	3k_main_attribute_set_general_fire_romance	3k_main_skillset_wuhuan_general_fire	1	1.0000	true
ironic_template_historical_yu_mi_hero_fire	historical	3k_standard_death_distribution_no_infant_mortality	3k_main_ceo_initial_data_character_historical_yu_mi	3k_main_general_generic_fire	0	1	3k_main_rank_effect_set_records_base	3k_main_attribute_set_general_fire_records	3k_main_skillset_generic_villager_fire	1	1.0000	true
ironic_template_historical_yu_mi_hero_fire	romance	3k_romance_death_distribution	3k_main_ceo_initial_data_character_historical_yu_mi	3k_main_hero_generic_fire	0	1	3k_main_rank_effect_set_romance_base	3k_main_attribute_set_general_fire_romance	3k_main_skillset_generic_villager_fire	1	1.0000	true
ironic_template_historical_zhang_ying_hero_wood	historical	3k_standard_death_distribution_no_infant_mortality	3k_main_ceo_initial_data_character_historical_zhang_ying	3k_main_general_generic_wood	0	1	3k_main_rank_effect_set_records_base	3k_main_attribute_set_general_wood_records	3k_main_skillset_generic_general_wood	1	1.0000	true
ironic_template_historical_zhang_ying_hero_wood	romance	3k_romance_death_distribution	3k_main_ceo_initial_data_character_historical_zhang_ying	3k_main_hero_generic_wood	0	1	3k_main_rank_effect_set_romance_base	3k_main_attribute_set_general_wood_romance	3k_main_skillset_generic_general_wood	1	1.0000	true
ironic_template_historical_fan_neng_hero_metal	historical	3k_standard_death_distribution_no_infant_mortality	3k_main_ceo_initial_data_character_historical_fan_neng	3k_main_general_generic_metal	0	1	3k_main_rank_effect_set_records_base	3k_main_attribute_set_general_metal_records	3k_main_skillset_generic_villager_metal	1	0.0500	true
ironic_template_historical_fan_neng_hero_metal	romance	3k_romance_death_distribution	3k_main_ceo_initial_data_character_historical_fan_neng	3k_main_hero_generic_metal	0	1	3k_main_rank_effect_set_romance_base	3k_main_attribute_set_general_metal_romance	3k_main_skillset_generic_villager_metal	1	0.0500	true
ironic_template_historical_sun_jing_hero_wood	historical	3k_standard_death_distribution_no_infant_mortality	3k_main_ceo_initial_data_character_historical_sun_jing	3k_main_general_generic_wood	0	1	3k_main_rank_effect_set_records_base	3k_main_attribute_set_general_wood_records	3k_main_skillset_generic_governor_wood	1	1.0000	true
ironic_template_historical_sun_jing_hero_wood	romance	3k_romance_death_distribution	3k_main_ceo_initial_data_character_historical_sun_jing	3k_main_hero_generic_wood	0	1	3k_main_rank_effect_set_romance_base	3k_main_attribute_set_general_wood_romance	3k_main_skillset_generic_governor_wood	1	1.0000	true
ironic_template_historical_sun_ben_hero_fire	historical	3k_standard_death_distribution_no_infant_mortality	3k_main_ceo_initial_data_character_historical_sun_ben	3k_main_general_generic_fire	0	1	3k_main_rank_effect_set_records_base	3k_main_attribute_set_general_fire_records	3k_main_skillset_generic_general_fire	1	1.0000	true
ironic_template_historical_sun_ben_hero_fire	romance	3k_romance_death_distribution	3k_main_ceo_initial_data_character_historical_sun_ben	3k_main_hero_generic_fire	0	1	3k_main_rank_effect_set_romance_base	3k_main_attribute_set_general_fire_romance	3k_main_skillset_generic_general_fire	1	1.0000	true
ironic_template_historical_sun_fu_hero_earth	historical	3k_standard_death_distribution_no_infant_mortality	3k_main_ceo_initial_data_character_historical_sun_fu	3k_main_general_generic_earth	0	1	3k_main_rank_effect_set_records_earth_commander	3k_main_attribute_set_general_earth_records	3k_main_skillset_generic_minister_earth	1	1.0000	true
ironic_template_historical_sun_fu_hero_earth	romance	3k_romance_death_distribution	3k_main_ceo_initial_data_character_historical_sun_fu	3k_main_hero_generic_earth	0	1	3k_main_rank_effect_set_records_earth_commander	3k_main_attribute_set_general_earth_romance	3k_main_skillset_generic_minister_earth	1	1.0000	true
ironic_template_historical_sun_hao_hero_water	historical	3k_standard_death_distribution_no_infant_mortality	3k_main_ceo_initial_data_character_historical_sun_hao	3k_main_general_tier_2_water	0	1	3k_main_rank_effect_set_records_base	3k_main_attribute_set_general_water_records	3k_main_skillset_generic_agent_water_strategist	1	1.0000	true
ironic_template_historical_sun_hao_hero_water	romance	3k_romance_death_distribution	3k_main_ceo_initial_data_character_historical_sun_hao	3k_main_hero_tier_2_water	0	1	3k_main_rank_effect_set_romance_base	3k_main_attribute_set_general_water_romance	3k_main_skillset_generic_agent_water_strategist	1	1.0000	true
ironic_template_historical_sun_shao_hero_fire	historical	3k_standard_death_distribution_no_infant_mortality	3k_main_ceo_initial_data_character_historical_sun_shao_sun	3k_main_general_generic_fire	0	1	3k_main_rank_effect_set_records_base	3k_main_attribute_set_general_fire_records	3k_main_skillset_generic_general_fire	1	1.0000	true
ironic_template_historical_sun_shao_hero_fire	romance	3k_romance_death_distribution	3k_main_ceo_initial_data_character_historical_sun_shao_sun	3k_main_hero_generic_fire	0	1	3k_main_rank_effect_set_romance_base	3k_main_attribute_set_general_fire_romance	3k_main_skillset_generic_general_fire	1	1.0000	true
ironic_template_historical_sun_lang_hero_fire	historical	3k_standard_death_distribution_no_infant_mortality	3k_main_ceo_initial_data_character_historical_sun_lang	3k_main_general_generic_fire	0	1	3k_main_rank_effect_set_records_base	3k_main_attribute_set_general_fire_records	3k_main_skillset_generic_general_fire	1	1.0000	true
ironic_template_historical_sun_lang_hero_fire	romance	3k_romance_death_distribution	3k_main_ceo_initial_data_character_historical_sun_lang	3k_main_hero_generic_fire	0	1	3k_main_rank_effect_set_romance_base	3k_main_attribute_set_general_fire_romance	3k_main_skillset_generic_general_fire	1	1.0000	true
ironic_template_historical_sun_kuang_hero_earth	historical	3k_standard_death_distribution_no_infant_mortality	3k_main_ceo_initial_data_character_historical_sun_kuang	3k_main_general_generic_earth	0	1	3k_main_rank_effect_set_records_earth_commander	3k_main_attribute_set_general_earth_records	3k_main_skillset_generic_minister_earth	1	1.0000	true
ironic_template_historical_sun_kuang_hero_earth	romance	3k_romance_death_distribution	3k_main_ceo_initial_data_character_historical_sun_kuang	3k_main_hero_generic_earth	0	1	3k_main_rank_effect_set_records_earth_commander	3k_main_attribute_set_general_earth_romance	3k_main_skillset_generic_minister_earth	1	1.0000	true
ironic_template_historical_zu_mao_hero_wood	historical	3k_standard_death_distribution_no_infant_mortality	3k_main_ceo_initial_data_character_historical_zu_mao	3k_main_general_generic_wood	0	1	3k_main_rank_effect_set_records_base	3k_main_attribute_set_general_wood_records	3k_main_skillset_generic_general_wood	1	1.0000	true
ironic_template_historical_zu_mao_hero_wood	romance	3k_romance_death_distribution	3k_main_ceo_initial_data_character_historical_zu_mao	3k_main_hero_generic_wood	0	1	3k_main_rank_effect_set_romance_base	3k_main_attribute_set_general_wood_romance	3k_main_skillset_generic_general_wood	1	1.0000	true
3k_main_template_historical_mao_jie_hero_water	historical	3k_standard_death_distribution_no_infant_mortality	3k_main_ceo_initial_data_character_historical_mao_jie	3k_main_general_generic_water_strategist	0	3	3k_main_rank_effect_set_records_water_strategist	3k_main_attribute_set_general_water_records	3k_main_skillset_generic_envoy_water_strategist	1	1.0000	true
3k_main_template_historical_mao_jie_hero_water	romance	3k_romance_death_distribution	3k_main_ceo_initial_data_character_historical_mao_jie	3k_main_hero_generic_water_strategist	0	3	3k_main_rank_effect_set_romance_water_strategist	3k_main_attribute_set_general_water_romance	3k_main_skillset_generic_envoy_water_strategist	1	1.0000	true
3k_main_template_generated_lady_liu_min_hero_water	historical	3k_standard_death_distribution	3k_main_ceo_initial_data_character_historical_liu_min	3k_main_general_generic_water_strategist	0	0	3k_main_rank_effect_set_records_water_strategist	3k_main_attribute_set_general_water_records	3k_main_skillset_generic_envoy_water_strategist	1	1.0000	true
3k_main_template_generated_lady_liu_min_hero_water	romance	3k_romance_death_distribution	3k_main_ceo_initial_data_character_historical_liu_min	3k_main_hero_generic_water_strategist	0	0	3k_main_rank_effect_set_romance_water_strategist	3k_main_attribute_set_general_water_romance	3k_main_skillset_generic_envoy_water_strategist	1	1.0000	true
3k_main_template_historical_wang_ping_hero_fire	historical	3k_standard_death_distribution_no_infant_mortality	3k_main_ceo_initial_data_character_historical_wang_ping	3k_main_general_generic_fire	0	3	3k_main_rank_effect_set_records_base	3k_main_attribute_set_general_fire_records	3k_main_skillset_wang_ping_general_fire	1	1.0000	true
3k_main_template_historical_wang_ping_hero_fire	romance	3k_romance_death_distribution	3k_main_ceo_initial_data_character_historical_wang_ping	3k_main_hero_generic_fire	0	3	3k_main_rank_effect_set_romance_base	3k_main_attribute_set_general_fire_romance	3k_main_skillset_wang_ping_general_fire	1	1.0000	true
3k_main_template_historical_ruan_ji_hero_fire	historical	3k_standard_death_distribution_no_infant_mortality	3k_main_ceo_initial_data_character_historical_ruan_ji	3k_main_general_generic_fire	0	3	3k_main_rank_effect_set_records_base	3k_main_attribute_set_general_fire_records	3k_main_skillset_generic_agent_fire	1	1.0000	true
3k_main_template_historical_ruan_ji_hero_fire	romance	3k_romance_death_distribution	3k_main_ceo_initial_data_character_historical_ruan_ji	3k_main_hero_generic_fire	0	3	3k_main_rank_effect_set_romance_base	3k_main_attribute_set_general_fire_romance	3k_main_skillset_generic_agent_fire	1	1.0000	true
3k_main_template_historical_shi_huan_hero_fire	historical	3k_standard_death_distribution_no_infant_mortality	3k_main_ceo_initial_data_character_historical_shi_huan	3k_main_general_generic_fire	0	3	3k_main_rank_effect_set_records_base	3k_main_attribute_set_general_fire_records	3k_main_skillset_generic_general_fire	1	1.0000	true
3k_main_template_historical_shi_huan_hero_fire	romance	3k_romance_death_distribution	3k_main_ceo_initial_data_character_historical_shi_huan	3k_main_hero_generic_fire	0	3	3k_main_rank_effect_set_romance_base	3k_main_attribute_set_general_fire_romance	3k_main_skillset_generic_general_fire	1	1.0000	true
3k_main_template_historical_yang_xiu_hero_water	historical	3k_standard_death_distribution_no_infant_mortality	3k_main_ceo_initial_data_character_historical_yang_xiu	3k_main_general_generic_water_strategist	0	3	3k_main_rank_effect_set_records_water_strategist	3k_main_attribute_set_general_water_records	3k_main_skillset_yang_xiu_minister_water_strategist	1	1.0000	true
3k_main_template_historical_yang_xiu_hero_water	romance	3k_romance_death_distribution	3k_main_ceo_initial_data_character_historical_yang_xiu	3k_main_hero_generic_water_strategist	0	3	3k_main_rank_effect_set_romance_water_strategist	3k_main_attribute_set_general_water_romance	3k_main_skillset_yang_xiu_minister_water_strategist	1	1.0000	true
3k_main_template_historical_xiahou_shang_hero_fire	historical	3k_standard_death_distribution_no_infant_mortality	3k_main_ceo_initial_data_character_historical_xiahou_shang	3k_main_general_generic_fire	0	3	3k_main_rank_effect_set_records_base	3k_main_attribute_set_general_fire_records	3k_main_skillset_generic_agent_fire	1	1.0000	true
3k_main_template_historical_xiahou_shang_hero_fire	romance	3k_romance_death_distribution	3k_main_ceo_initial_data_character_historical_xiahou_shang	3k_main_hero_generic_fire	0	3	3k_main_rank_effect_set_romance_base	3k_main_attribute_set_general_fire_romance	3k_main_skillset_generic_agent_fire	1	1.0000	true
3k_main_template_historical_meng_da_hero_fire	historical	3k_standard_death_distribution_no_infant_mortality	3k_main_ceo_initial_data_character_historical_meng_da	3k_main_general_generic_fire	0	3	3k_main_rank_effect_set_records_base	3k_main_attribute_set_general_fire_records	3k_main_skillset_generic_envoy_fire	1	1.0000	true
3k_main_template_historical_meng_da_hero_fire	romance	3k_romance_death_distribution	3k_main_ceo_initial_data_character_historical_meng_da	3k_main_hero_generic_fire	0	3	3k_main_rank_effect_set_romance_base	3k_main_attribute_set_general_fire_romance	3k_main_skillset_generic_envoy_fire	1	1.0000	true
3k_main_template_historical_hou_yin_hero_metal	historical	3k_standard_death_distribution_no_infant_mortality	3k_main_ceo_initial_data_character_historical_hou_yin	3k_main_general_generic_metal	0	3	3k_main_rank_effect_set_records_base	3k_main_attribute_set_general_metal_records	3k_main_skillset_generic_envoy_metal	1	1.0000	true
3k_main_template_historical_hou_yin_hero_metal	romance	3k_romance_death_distribution	3k_main_ceo_initial_data_character_historical_hou_yin	3k_main_hero_generic_metal	0	3	3k_main_rank_effect_set_romance_base	3k_main_attribute_set_general_metal_romance	3k_main_skillset_generic_envoy_metal	1	1.0000	true
3k_main_template_historical_chen_zhen_hero_water	historical	3k_standard_death_distribution_no_infant_mortality	3k_main_ceo_initial_data_character_historical_chen_zhen	3k_main_general_generic_water_strategist	0	3	3k_main_rank_effect_set_records_water_strategist	3k_main_attribute_set_general_water_records	3k_main_skillset_generic_villager_water_strategist	1	1.0000	true
3k_main_template_historical_chen_zhen_hero_water	romance	3k_romance_death_distribution	3k_main_ceo_initial_data_character_historical_chen_zhen	3k_main_hero_generic_water_strategist	0	3	3k_main_rank_effect_set_romance_water_strategist	3k_main_attribute_set_general_water_romance	3k_main_skillset_generic_villager_water_strategist	1	1.0000	true
ironic_template_historical_zhou_cang_hero_wood	historical	3k_standard_death_distribution_no_infant_mortality	3k_main_ceo_initial_data_character_historical_zhou_cang	3k_main_general_generic_wood	0	1	3k_main_rank_effect_set_records_base	3k_main_attribute_set_general_wood_records	3k_main_skillset_generic_general_wood	1	1.0000	true
ironic_template_historical_zhou_cang_hero_wood	romance	3k_romance_death_distribution	3k_main_ceo_initial_data_character_historical_zhou_cang	3k_main_hero_generic_wood	0	1	3k_main_rank_effect_set_romance_base	3k_main_attribute_set_general_wood_romance	3k_main_skillset_generic_general_wood	1	1.0000	true
ironic_template_historical_liu_yan_hero_fire	historical	3k_standard_death_distribution_no_infant_mortality	3k_main_ceo_initial_data_character_historical_liu_yan_drunk	3k_main_general_generic_fire	0	3	3k_main_rank_effect_set_records_base	3k_main_attribute_set_general_fire_records	3k_main_skillset_generic_general_fire	1	1.0000	true
ironic_template_historical_liu_yan_hero_fire	romance	3k_romance_death_distribution	3k_main_ceo_initial_data_character_historical_liu_yan_drunk	3k_main_hero_generic_fire	0	3	3k_main_rank_effect_set_romance_base	3k_main_attribute_set_general_fire_romance	3k_main_skillset_generic_general_fire	1	1.0000	true
ironic_template_historical_liu_du_hero_water	historical	3k_standard_death_distribution_no_infant_mortality	3k_main_ceo_initial_data_character_historical_liu_du_unique_ironic	3k_main_general_tier_2_water	0	1	3k_main_rank_effect_set_records_base	3k_main_attribute_set_general_water_records	3k_main_skillset_generic_agent_water_strategist	1	1.0000	true
ironic_template_historical_liu_du_hero_water	romance	3k_romance_death_distribution	3k_main_ceo_initial_data_character_historical_liu_du_unique_ironic	3k_main_hero_tier_2_water	0	1	3k_main_rank_effect_set_romance_base	3k_main_attribute_set_general_water_romance	3k_main_skillset_generic_agent_water_strategist	1	1.0000	true
ironic_template_historical_han_xuan_hero_water	historical	3k_standard_death_distribution_no_infant_mortality	3k_main_ceo_initial_data_character_historical_han_xuan_ironic	3k_main_general_tier_2_water	0	1	3k_main_rank_effect_set_records_base	3k_main_attribute_set_general_water_records	3k_main_skillset_generic_minister_water_strategist	1	1.0000	true
ironic_template_historical_han_xuan_hero_water	romance	3k_romance_death_distribution	3k_main_ceo_initial_data_character_historical_han_xuan_ironic	3k_main_hero_tier_2_water	0	1	3k_main_rank_effect_set_romance_base	3k_main_attribute_set_general_water_romance	3k_main_skillset_generic_minister_water_strategist	1	1.0000	true
ironic_template_historical_liu_ai_hero_metal	historical	3k_standard_death_distribution_no_infant_mortality	3k_main_ceo_initial_data_character_historical_liu_ai	3k_main_general_generic_metal	1	1	3k_main_rank_effect_set_records_base	3k_main_attribute_set_general_metal_records	3k_main_skillset_generic_envoy_metal	1	1.0000	true
ironic_template_historical_liu_ai_hero_metal	romance	3k_romance_death_distribution	3k_main_ceo_initial_data_character_historical_liu_ai	3k_main_hero_generic_metal	1	1	3k_main_rank_effect_set_romance_base	3k_main_attribute_set_general_metal_romance	3k_main_skillset_generic_envoy_metal	1	1.0000	true
ironic_template_historical_liu_jin_hero_wood	historical	3k_standard_death_distribution_no_infant_mortality	3k_main_ceo_initial_data_character_historical_liu_jin	3k_main_general_generic_wood	1	1	3k_main_rank_effect_set_records_base	3k_main_attribute_set_general_wood_records	3k_main_skillset_generic_governor_wood	1	1.0000	true
ironic_template_historical_liu_jin_hero_wood	romance	3k_romance_death_distribution	3k_main_ceo_initial_data_character_historical_liu_jin	3k_main_hero_generic_wood	1	1	3k_main_rank_effect_set_romance_base	3k_main_attribute_set_general_wood_romance	3k_main_skillset_generic_governor_wood	1	1.0000	true
ironic_template_historical_liu_xie_hero_water	historical	3k_standard_death_distribution_no_infant_mortality	3k_main_ceo_initial_data_character_historical_liu_xie_zitai	3k_main_general_generic_water_strategist	1	1	3k_main_rank_effect_set_records_water_strategist	3k_main_attribute_set_general_water_records	3k_main_skillset_generic_agent_water_strategist	1	1.0000	true
ironic_template_historical_liu_xie_hero_water	romance	3k_romance_death_distribution	3k_main_ceo_initial_data_character_historical_liu_xie_zitai	3k_main_hero_generic_water_strategist	1	1	3k_main_rank_effect_set_romance_water_strategist	3k_main_attribute_set_general_water_romance	3k_main_skillset_generic_agent_water_strategist	1	1.0000	true
ironic_template_historical_liu_wei_hero_metal	historical	3k_standard_death_distribution_no_infant_mortality	3k_main_ceo_initial_data_character_historical_liu_wei	3k_main_general_generic_metal	1	1	3k_main_rank_effect_set_records_base	3k_main_attribute_set_general_metal_records	3k_main_skillset_generic_minister_metal	1	1.0000	true
ironic_template_historical_liu_wei_hero_metal	romance	3k_romance_death_distribution	3k_main_ceo_initial_data_character_historical_liu_wei	3k_main_hero_generic_metal	1	1	3k_main_rank_effect_set_romance_base	3k_main_attribute_set_general_metal_romance	3k_main_skillset_generic_minister_metal	1	1.0000	true
ironic_template_historical_yan_xiang_hero_metal	historical	3k_standard_death_distribution_no_infant_mortality	3k_main_ceo_initial_data_character_historical_yan_xiang	3k_main_general_generic_metal	1	1	3k_main_rank_effect_set_records_base	3k_main_attribute_set_general_metal_records	3k_main_skillset_generic_governor_metal	1	1.0000	true
ironic_template_historical_yan_xiang_hero_metal	romance	3k_romance_death_distribution	3k_main_ceo_initial_data_character_historical_yan_xiang	3k_main_hero_generic_metal	1	1	3k_main_rank_effect_set_romance_base	3k_main_attribute_set_general_metal_romance	3k_main_skillset_generic_governor_metal	1	1.0000	true
ironic_template_historical_ke_ren_hero_metal	historical	3k_standard_death_distribution_no_infant_mortality	3k_main_ceo_initial_data_character_historical_ke_ren	3k_main_general_generic_metal	1	1	3k_main_rank_effect_set_records_base	3k_main_attribute_set_general_metal_records	3k_main_skillset_generic_villager_metal	1	1.0000	true
ironic_template_historical_ke_ren_hero_metal	romance	3k_romance_death_distribution	3k_main_ceo_initial_data_character_historical_ke_ren	3k_main_hero_generic_metal	1	1	3k_main_rank_effect_set_romance_base	3k_main_attribute_set_general_metal_romance	3k_main_skillset_generic_villager_metal	1	1.0000	true
ironic_template_historical_tong_yin_hero_fire	historical	3k_standard_death_distribution_no_infant_mortality	3k_main_ceo_initial_data_character_historical_tong_yin	3k_main_general_generic_fire	1	1	3k_main_rank_effect_set_records_base	3k_main_attribute_set_general_fire_records	3k_main_skillset_generic_minister_fire	1	1.0000	true
ironic_template_historical_tong_yin_hero_fire	romance	3k_romance_death_distribution	3k_main_ceo_initial_data_character_historical_tong_yin	3k_main_hero_generic_fire	1	1	3k_main_rank_effect_set_romance_base	3k_main_attribute_set_general_fire_romance	3k_main_skillset_generic_minister_fire	1	1.0000	true
ironic_template_historical_tong_jie_hero_metal	historical	3k_standard_death_distribution_no_infant_mortality	3k_main_ceo_initial_data_character_historical_tong_jie_unique	3k_main_general_generic_fire	1	1	3k_main_rank_effect_set_records_base	3k_main_attribute_set_general_fire_records	3k_main_skillset_generic_envoy_fire	1	1.0000	true
ironic_template_historical_tong_jie_hero_metal	romance	3k_romance_death_distribution	3k_main_ceo_initial_data_character_historical_tong_jie_unique	3k_main_hero_generic_fire	1	1	3k_main_rank_effect_set_romance_base	3k_main_attribute_set_general_fire_romance	3k_main_skillset_generic_envoy_fire	1	1.0000	true
ironic_template_historical_tong_you_hero_earth	historical	3k_standard_death_distribution_no_infant_mortality	3k_main_ceo_initial_data_character_historical_tong_you	3k_main_general_generic_earth	1	1	3k_main_rank_effect_set_records_earth_commander	3k_main_attribute_set_general_earth_records	3k_main_skillset_generic_minister_earth	1	1.0000	true
ironic_template_historical_tong_you_hero_earth	romance	3k_romance_death_distribution	3k_main_ceo_initial_data_character_historical_tong_you	3k_main_hero_generic_earth	1	1	3k_main_rank_effect_set_romance_earth_commander	3k_main_attribute_set_general_earth_romance	3k_main_skillset_generic_minister_earth	1	1.0000	true
ironic_template_historical_tong_yang_hero_metal	historical	3k_standard_death_distribution_no_infant_mortality	3k_main_ceo_initial_data_character_historical_tong_yang	3k_main_general_generic_metal	1	1	3k_main_rank_effect_set_records_base	3k_main_attribute_set_general_metal_records	3k_main_skillset_generic_envoy_metal	1	1.0000	true
ironic_template_historical_tong_yang_hero_metal	romance	3k_romance_death_distribution	3k_main_ceo_initial_data_character_historical_tong_yang	3k_main_hero_generic_metal	1	1	3k_main_rank_effect_set_romance_base	3k_main_attribute_set_general_metal_romance	3k_main_skillset_generic_envoy_metal	1	1.0000	true
ironic_template_historical_xu_yi_hero_wood	historical	3k_standard_death_distribution_no_infant_mortality	3k_main_ceo_initial_data_character_historical_xu_yi	3k_main_general_generic_wood	1	1	3k_main_rank_effect_set_records_base	3k_main_attribute_set_general_wood_records	3k_main_skillset_generic_governor_wood	1	1.0000	true
ironic_template_historical_xu_yi_hero_wood	romance	3k_romance_death_distribution	3k_main_ceo_initial_data_character_historical_xu_yi	3k_main_hero_generic_wood	1	1	3k_main_rank_effect_set_romance_base	3k_main_attribute_set_general_wood_romance	3k_main_skillset_generic_governor_wood	1	1.0000	true
ironic_template_historical_zhou_shan_hero_fire	historical	3k_standard_death_distribution_no_infant_mortality	3k_main_ceo_initial_data_character_historical_zhou_shan	3k_main_general_generic_fire	1	1	3k_main_rank_effect_set_records_base	3k_main_attribute_set_general_fire_records	3k_main_skillset_generic_general_fire	1	1.0000	true
ironic_template_historical_zhou_shan_hero_fire	romance	3k_romance_death_distribution	3k_main_ceo_initial_data_character_historical_zhou_shan	3k_main_hero_generic_fire	1	1	3k_main_rank_effect_set_romance_base	3k_main_attribute_set_general_fire_romance	3k_main_skillset_generic_general_fire	1	1.0000	true
ironic_template_historical_jia_hua_hero_wood	historical	3k_standard_death_distribution_no_infant_mortality	3k_main_ceo_initial_data_character_historical_jia_hua	3k_main_general_generic_wood	1	1	3k_main_rank_effect_set_records_base	3k_main_attribute_set_general_wood_records	3k_main_skillset_generic_general_wood	1	1.0000	true
ironic_template_historical_jia_hua_hero_wood	romance	3k_romance_death_distribution	3k_main_ceo_initial_data_character_historical_jia_hua	3k_main_hero_generic_wood	1	1	3k_main_rank_effect_set_romance_base	3k_main_attribute_set_general_wood_romance	3k_main_skillset_generic_general_wood	1	1.0000	true
ironic_template_historical_liu_dun_hero_water	historical	3k_standard_death_distribution_no_infant_mortality	3k_main_ceo_initial_data_character_historical_liu_dun	3k_main_general_generic_water_strategist	1	1	3k_main_rank_effect_set_records_water_strategist	3k_main_attribute_set_general_water_records	3k_main_skillset_generic_minister_water_strategist	1	1.0000	true
ironic_template_historical_liu_dun_hero_water	romance	3k_romance_death_distribution	3k_main_ceo_initial_data_character_historical_liu_dun	3k_main_hero_generic_water_strategist	1	1	3k_main_rank_effect_set_romance_water_strategist	3k_main_attribute_set_general_water_romance	3k_main_skillset_generic_minister_water_strategist	1	1.0000	true
ironic_template_historical_zhongli_xu_hero_earth	historical	3k_standard_death_distribution_no_infant_mortality	3k_main_ceo_initial_data_character_historical_zhongli_xu	3k_main_general_generic_earth	1	1	3k_main_rank_effect_set_records_earth_commander	3k_main_attribute_set_general_earth_records	3k_main_skillset_generic_general_earth	1	1.0000	true
ironic_template_historical_zhongli_xu_hero_earth	romance	3k_romance_death_distribution	3k_main_ceo_initial_data_character_historical_zhongli_xu	3k_main_hero_generic_earth	1	1	3k_main_rank_effect_set_romance_earth_commander	3k_main_attribute_set_general_earth_romance	3k_main_skillset_generic_general_earth	1	1.0000	true
ironic_template_historical_chunyu_dan_hero_fire	historical	3k_standard_death_distribution_no_infant_mortality	3k_main_ceo_initial_data_character_historical_chunyu_dan	3k_main_general_generic_fire	1	1	3k_main_rank_effect_set_records_base	3k_main_attribute_set_general_fire_records	3k_main_skillset_generic_general_fire	1	1.0000	true
ironic_template_historical_chunyu_dan_hero_fire	romance	3k_romance_death_distribution	3k_main_ceo_initial_data_character_historical_chunyu_dan	3k_main_hero_generic_fire	1	1	3k_main_rank_effect_set_romance_base	3k_main_attribute_set_general_fire_romance	3k_main_skillset_generic_general_fire	1	1.0000	true
ironic_template_historical_teng_ling_hero_earth	historical	3k_standard_death_distribution_no_infant_mortality	3k_main_ceo_initial_data_character_historical_teng_ling	3k_main_general_generic_earth	1	1	3k_main_rank_effect_set_records_earth_commander	3k_main_attribute_set_general_earth_records	3k_main_skillset_generic_envoy_earth	1	1.0000	true
ironic_template_historical_teng_ling_hero_earth	romance	3k_romance_death_distribution	3k_main_ceo_initial_data_character_historical_teng_ling	3k_main_hero_generic_earth	1	1	3k_main_rank_effect_set_romance_earth_commander	3k_main_attribute_set_general_earth_romance	3k_main_skillset_generic_envoy_earth	1	1.0000	true
ironic_template_historical_hua_ji_hero_wood	historical	3k_standard_death_distribution_no_infant_mortality	3k_main_ceo_initial_data_character_historical_hua_ji_unique	3k_main_general_generic_wood	1	1	3k_main_rank_effect_set_records_base	3k_main_attribute_set_general_wood_records	3k_main_skillset_generic_minister_wood	1	1.0000	true
ironic_template_historical_hua_ji_hero_wood	romance	3k_romance_death_distribution	3k_main_ceo_initial_data_character_historical_hua_ji_unique	3k_main_hero_generic_wood	1	1	3k_main_rank_effect_set_romance_base	3k_main_attribute_set_general_wood_romance	3k_main_skillset_generic_minister_wood	1	1.0000	true
ironic_template_historical_bing_yuan_hero_earth	historical	3k_standard_death_distribution_no_infant_mortality	3k_main_ceo_initial_data_character_historical_bing_yuan	3k_main_general_generic_earth	1	1	3k_main_rank_effect_set_records_earth_commander	3k_main_attribute_set_general_earth_records	3k_main_skillset_generic_governor_earth	1	1.0000	true
ironic_template_historical_bing_yuan_hero_earth	romance	3k_romance_death_distribution	3k_main_ceo_initial_data_character_historical_bing_yuan	3k_main_hero_generic_earth	1	1	3k_main_rank_effect_set_romance_earth_commander	3k_main_attribute_set_general_earth_romance	3k_main_skillset_generic_governor_earth	1	1.0000	true
ironic_template_historical_liu_yi_hero_fire	historical	3k_standard_death_distribution_no_infant_mortality	3k_main_ceo_initial_data_character_historical_liu_yi	3k_main_general_generic_fire	1	1	3k_main_rank_effect_set_records_base	3k_main_attribute_set_general_fire_records	3k_main_skillset_generic_envoy_fire	1	1.0000	true
ironic_template_historical_liu_yi_hero_fire	romance	3k_romance_death_distribution	3k_main_ceo_initial_data_character_historical_liu_yi	3k_main_hero_generic_fire	1	1	3k_main_rank_effect_set_romance_base	3k_main_attribute_set_general_fire_romance	3k_main_skillset_generic_envoy_fire	1	1.0000	true
ironic_template_historical_jiang_gan_hero_water	historical	3k_standard_death_distribution_no_infant_mortality	3k_main_ceo_initial_data_character_historical_jiang_gan	3k_main_general_generic_water_strategist	1	1	3k_main_rank_effect_set_records_water_strategist	3k_main_attribute_set_general_water_records	3k_main_skillset_generic_agent_water_strategist	1	1.0000	true
ironic_template_historical_jiang_gan_hero_water	romance	3k_romance_death_distribution	3k_main_ceo_initial_data_character_historical_jiang_gan	3k_main_hero_generic_water_strategist	1	1	3k_main_rank_effect_set_romance_water_strategist	3k_main_attribute_set_general_water_romance	3k_main_skillset_generic_agent_water_strategist	1	1.0000	true
ironic_template_historical_zheng_hun_hero_wood	historical	3k_standard_death_distribution_no_infant_mortality	3k_main_ceo_initial_data_character_historical_zheng_hun	3k_main_general_generic_wood	1	1	3k_main_rank_effect_set_records_base	3k_main_attribute_set_general_wood_records	3k_main_skillset_generic_governor_wood	1	1.0000	true
ironic_template_historical_zheng_hun_hero_wood	romance	3k_romance_death_distribution	3k_main_ceo_initial_data_character_historical_zheng_hun	3k_main_hero_generic_wood	1	1	3k_main_rank_effect_set_romance_base	3k_main_attribute_set_general_wood_romance	3k_main_skillset_generic_governor_wood	1	1.0000	true
ironic_template_historical_cang_ci_hero_metal	historical	3k_standard_death_distribution_no_infant_mortality	3k_main_ceo_initial_data_character_historical_cang_ci	3k_main_general_generic_metal	1	1	3k_main_rank_effect_set_records_base	3k_main_attribute_set_general_metal_records	3k_main_skillset_generic_governor_metal	1	1.0000	true
ironic_template_historical_cang_ci_hero_metal	romance	3k_romance_death_distribution	3k_main_ceo_initial_data_character_historical_cang_ci	3k_main_hero_generic_metal	1	1	3k_main_rank_effect_set_romance_base	3k_main_attribute_set_general_metal_romance	3k_main_skillset_generic_governor_metal	1	1.0000	true
ironic_template_historical_xianyu_dan_hero_fire	historical	3k_standard_death_distribution_no_infant_mortality	3k_main_ceo_initial_data_character_historical_xianyu_dan	3k_main_general_generic_fire	1	1	3k_main_rank_effect_set_records_base	3k_main_attribute_set_general_fire_records	3k_main_skillset_generic_general_fire	1	1.0000	true
ironic_template_historical_xianyu_dan_hero_fire	romance	3k_romance_death_distribution	3k_main_ceo_initial_data_character_historical_xianyu_dan	3k_main_hero_generic_fire	1	1	3k_main_rank_effect_set_romance_base	3k_main_attribute_set_general_fire_romance	3k_main_skillset_generic_general_fire	1	1.0000	true
ironic_template_historical_shang_sheng_hero_fire	historical	3k_standard_death_distribution_no_infant_mortality	3k_main_ceo_initial_data_character_historical_shang_sheng	3k_main_general_generic_fire	1	1	3k_main_rank_effect_set_records_base	3k_main_attribute_set_general_fire_records	3k_main_skillset_generic_minister_fire	1	1.0000	true
ironic_template_historical_shang_sheng_hero_fire	romance	3k_romance_death_distribution	3k_main_ceo_initial_data_character_historical_shang_sheng	3k_main_hero_generic_fire	1	1	3k_main_rank_effect_set_romance_base	3k_main_attribute_set_general_fire_romance	3k_main_skillset_generic_minister_fire	1	1.0000	true
ironic_template_historical_zhang_luo_hero_water	historical	3k_standard_death_distribution_no_infant_mortality	3k_main_ceo_initial_data_character_historical_zhang_luo	3k_main_general_generic_water_strategist	1	1	3k_main_rank_effect_set_records_water_strategist	3k_main_attribute_set_general_water_records	3k_main_skillset_generic_villager_water_strategist	1	1.0000	true
ironic_template_historical_zhang_luo_hero_water	romance	3k_romance_death_distribution	3k_main_ceo_initial_data_character_historical_zhang_luo	3k_main_hero_generic_water_strategist	1	1	3k_main_rank_effect_set_romance_water_strategist	3k_main_attribute_set_general_water_romance	3k_main_skillset_generic_villager_water_strategist	1	1.0000	true
ironic_template_historical_he_xiong_hero_wood	historical	3k_standard_death_distribution_no_infant_mortality	3k_main_ceo_initial_data_character_historical_he_xiong	3k_main_general_generic_wood	1	1	3k_main_rank_effect_set_records_base	3k_main_attribute_set_general_wood_records	3k_main_skillset_generic_general_wood	1	1.0000	true
ironic_template_historical_he_xiong_hero_wood	romance	3k_romance_death_distribution	3k_main_ceo_initial_data_character_historical_he_xiong	3k_main_hero_generic_wood	1	1	3k_main_rank_effect_set_romance_base	3k_main_attribute_set_general_wood_romance	3k_main_skillset_generic_general_wood	1	1.0000	true
ironic_template_historical_zhan_qiang_hero_earth	historical	3k_standard_death_distribution_no_infant_mortality	3k_main_ceo_initial_data_character_historical_zhan_qiang	3k_main_general_generic_earth	1	1	3k_main_rank_effect_set_records_earth_commander	3k_main_attribute_set_general_earth_records	3k_main_skillset_generic_minister_earth	1	1.0000	true
ironic_template_historical_zhan_qiang_hero_earth	romance	3k_romance_death_distribution	3k_main_ceo_initial_data_character_historical_zhan_qiang	3k_main_hero_generic_earth	1	1	3k_main_rank_effect_set_romance_earth_commander	3k_main_attribute_set_general_earth_romance	3k_main_skillset_generic_minister_earth	1	1.0000	true
ironic_template_historical_lang_zhi_hero_fire	historical	3k_standard_death_distribution_no_infant_mortality	3k_main_ceo_initial_data_character_historical_lang_zhi	3k_main_general_generic_fire	1	1	3k_main_rank_effect_set_records_base	3k_main_attribute_set_general_fire_records	3k_main_skillset_generic_governor_fire	1	1.0000	true
ironic_template_historical_lang_zhi_hero_fire	romance	3k_romance_death_distribution	3k_main_ceo_initial_data_character_historical_lang_zhi	3k_main_hero_generic_fire	1	1	3k_main_rank_effect_set_romance_base	3k_main_attribute_set_general_fire_romance	3k_main_skillset_generic_governor_fire	1	1.0000	true
ironic_template_historical_dai_liang_hero_water	historical	3k_standard_death_distribution_no_infant_mortality	3k_main_ceo_initial_data_character_historical_dai_liang	3k_main_general_generic_water_strategist	1	1	3k_main_rank_effect_set_records_water_strategist	3k_main_attribute_set_general_water_records	3k_main_skillset_generic_general_water_strategist	1	1.0000	true
ironic_template_historical_dai_liang_hero_water	romance	3k_romance_death_distribution	3k_main_ceo_initial_data_character_historical_dai_liang	3k_main_hero_generic_water_strategist	1	1	3k_main_rank_effect_set_romance_water_strategist	3k_main_attribute_set_general_water_romance	3k_main_skillset_generic_general_water_strategist	1	1.0000	true
ironic_template_historical_liu_jue_hero_metal	historical	3k_standard_death_distribution_no_infant_mortality	3k_main_ceo_initial_data_character_historical_liu_jue	3k_main_general_generic_metal	1	1	3k_main_rank_effect_set_records_base	3k_main_attribute_set_general_metal_records	3k_main_skillset_generic_villager_metal	1	1.0000	true
ironic_template_historical_liu_jue_hero_metal	romance	3k_romance_death_distribution	3k_main_ceo_initial_data_character_historical_liu_jue	3k_main_hero_generic_metal	1	1	3k_main_rank_effect_set_romance_base	3k_main_attribute_set_general_metal_romance	3k_main_skillset_generic_villager_metal	1	1.0000	true
ironic_template_historical_rong_fang_hero_earth	historical	3k_standard_death_distribution_no_infant_mortality	3k_main_ceo_initial_data_character_historical_rong_fang_ironic	3k_main_general_generic_earth	1	1	3k_main_rank_effect_set_records_earth_commander	3k_main_attribute_set_general_earth_records	3k_main_skillset_generic_envoy_earth	1	1.0000	true
ironic_template_historical_rong_fang_hero_earth	romance	3k_romance_death_distribution	3k_main_ceo_initial_data_character_historical_rong_fang_ironic	3k_main_hero_generic_earth	1	1	3k_main_rank_effect_set_romance_earth_commander	3k_main_attribute_set_general_earth_romance	3k_main_skillset_generic_envoy_earth	1	1.0000	true
ironic_template_historical_wu_fen_hero_wood	historical	3k_standard_death_distribution_no_infant_mortality	3k_main_ceo_initial_data_character_historical_wu_fen_ironic	3k_main_general_generic_wood	1	1	3k_main_rank_effect_set_records_base	3k_main_attribute_set_general_wood_records	3k_main_skillset_generic_villager_wood	1	1.0000	true
ironic_template_historical_wu_fen_hero_wood	romance	3k_romance_death_distribution	3k_main_ceo_initial_data_character_historical_wu_fen_ironic	3k_main_hero_generic_wood	1	1	3k_main_rank_effect_set_romance_base	3k_main_attribute_set_general_wood_romance	3k_main_skillset_generic_villager_wood	1	1.0000	true
ironic_template_historical_wu_qi_hero_metal	historical	3k_standard_death_distribution_no_infant_mortality	3k_main_ceo_initial_data_character_historical_wu_qi_ironic	3k_main_general_generic_metal	1	1	3k_main_rank_effect_set_records_base	3k_main_attribute_set_general_metal_records	3k_main_skillset_generic_general_metal	1	1.0000	true
ironic_template_historical_wu_qi_hero_metal	romance	3k_romance_death_distribution	3k_main_ceo_initial_data_character_historical_wu_qi_ironic	3k_main_hero_generic_metal	1	1	3k_main_rank_effect_set_romance_base	3k_main_attribute_set_general_metal_romance	3k_main_skillset_generic_general_metal	1	1.0000	true
ironic_template_historical_xu_zhen_hero_water	historical	3k_standard_death_distribution_no_infant_mortality	3k_main_ceo_initial_data_character_historical_xu_zhen_ironic	3k_main_general_generic_water_strategist	1	1	3k_main_rank_effect_set_records_water_strategist	3k_main_attribute_set_general_water_records	3k_main_skillset_generic_envoy_water_strategist	1	1.0000	true
ironic_template_historical_xu_zhen_hero_water	romance	3k_romance_death_distribution	3k_main_ceo_initial_data_character_historical_xu_zhen_ironic	3k_main_hero_generic_water_strategist	1	1	3k_main_rank_effect_set_romance_water_strategist	3k_main_attribute_set_general_water_romance	3k_main_skillset_generic_envoy_water_strategist	1	1.0000	true
ironic_template_historical_sun_shi_hero_earth	historical	3k_standard_death_distribution_no_infant_mortality	3k_main_ceo_initial_data_character_historical_sun_shi_ironic	3k_main_general_generic_earth	1	1	3k_main_rank_effect_set_records_earth_commander	3k_main_attribute_set_general_earth_records	3k_main_skillset_generic_general_earth	1	1.0000	true
ironic_template_historical_sun_shi_hero_earth	romance	3k_romance_death_distribution	3k_main_ceo_initial_data_character_historical_sun_shi_ironic	3k_main_hero_generic_earth	1	1	3k_main_rank_effect_set_romance_earth_commander	3k_main_attribute_set_general_earth_romance	3k_main_skillset_generic_general_earth	1	1.0000	true
ironic_template_historical_xu_kun_hero_wood	historical	3k_standard_death_distribution_no_infant_mortality	3k_main_ceo_initial_data_character_historical_xu_kun_ironic	3k_main_general_generic_wood	1	1	3k_main_rank_effect_set_records_base	3k_main_attribute_set_general_wood_records	3k_main_skillset_generic_minister_wood	1	1.0000	true
ironic_template_historical_xu_kun_hero_wood	romance	3k_romance_death_distribution	3k_main_ceo_initial_data_character_historical_xu_kun_ironic	3k_main_hero_generic_wood	1	1	3k_main_rank_effect_set_romance_base	3k_main_attribute_set_general_wood_romance	3k_main_skillset_generic_minister_wood	1	1.0000	true
ironic_template_historical_xu_xiu_hero_metal	historical	3k_standard_death_distribution_no_infant_mortality	3k_main_ceo_initial_data_character_historical_xu_xiu_ironic	3k_main_general_generic_metal	1	1	3k_main_rank_effect_set_records_base	3k_main_attribute_set_general_metal_records	3k_main_skillset_generic_general_metal	1	1.0000	true
ironic_template_historical_xu_xiu_hero_metal	romance	3k_romance_death_distribution	3k_main_ceo_initial_data_character_historical_xu_xiu_ironic	3k_main_hero_generic_metal	1	1	3k_main_rank_effect_set_romance_base	3k_main_attribute_set_general_metal_romance	3k_main_skillset_generic_general_metal	1	1.0000	true
ironic_template_historical_rui_zhi_hero_wood	historical	3k_standard_death_distribution_no_infant_mortality	3k_main_ceo_initial_data_character_historical_rui_zhi_ironic	3k_main_general_generic_wood	1	1	3k_main_rank_effect_set_records_base	3k_main_attribute_set_general_wood_records	3k_main_skillset_generic_envoy_wood	1	1.0000	true
ironic_template_historical_rui_zhi_hero_wood	romance	3k_romance_death_distribution	3k_main_ceo_initial_data_character_historical_rui_zhi_ironic	3k_main_hero_generic_wood	1	1	3k_main_rank_effect_set_romance_base	3k_main_attribute_set_general_wood_romance	3k_main_skillset_generic_envoy_wood	1	1.0000	true
ironic_template_historical_rui_liang_hero_metal	historical	3k_standard_death_distribution_no_infant_mortality	3k_main_ceo_initial_data_character_historical_rui_liang_ironic	3k_main_general_generic_metal	1	1	3k_main_rank_effect_set_records_base	3k_main_attribute_set_general_metal_records	3k_main_skillset_generic_agent_metal	1	1.0000	true
ironic_template_historical_rui_liang_hero_metal	romance	3k_romance_death_distribution	3k_main_ceo_initial_data_character_historical_rui_liang_ironic	3k_main_hero_generic_metal	1	1	3k_main_rank_effect_set_romance_base	3k_main_attribute_set_general_metal_romance	3k_main_skillset_generic_agent_metal	1	1.0000	true
ironic_template_historical_si_cong_hero_wood	historical	3k_standard_death_distribution_no_infant_mortality	3k_main_ceo_initial_data_character_historical_si_cong_ironic	3k_dlc05_bandit_general_generic_wood	1	1	3k_main_rank_effect_set_records_base	3k_main_attribute_set_general_wood_records	3k_dlc05_skillset_generic_bandit_general_wood	1	1.0000	true
ironic_template_historical_si_cong_hero_wood	romance	3k_romance_death_distribution	3k_main_ceo_initial_data_character_historical_si_cong_ironic	3k_dlc05_bandit_hero_generic_wood	1	1	3k_main_rank_effect_set_romance_base	3k_main_attribute_set_general_wood_romance	3k_dlc05_skillset_generic_bandit_general_wood	1	1.0000	true
ironic_template_historical_han_yan_hero_earth	historical	3k_standard_death_distribution_no_infant_mortality	3k_main_ceo_initial_data_character_historical_han_yan_ironic	3k_main_general_generic_earth	1	1	3k_main_rank_effect_set_records_earth_commander	3k_main_attribute_set_general_earth_records	3k_main_skillset_generic_general_earth	1	1.0000	true
ironic_template_historical_han_yan_hero_earth	romance	3k_romance_death_distribution	3k_main_ceo_initial_data_character_historical_han_yan_ironic	3k_main_hero_generic_earth	1	1	3k_main_rank_effect_set_romance_earth_commander	3k_main_attribute_set_general_earth_romance	3k_main_skillset_generic_general_earth	1	1.0000	true
ironic_template_historical_yuan_zhong_hero_metal	historical	3k_standard_death_distribution_no_infant_mortality	3k_main_ceo_initial_data_character_historical_yuan_zhong_ironic	3k_main_general_generic_metal	1	1	3k_main_rank_effect_set_records_base	3k_main_attribute_set_general_metal_records	3k_main_skillset_generic_governor_metal	1	1.0000	true
ironic_template_historical_yuan_zhong_hero_metal	romance	3k_romance_death_distribution	3k_main_ceo_initial_data_character_historical_yuan_zhong_ironic	3k_main_hero_generic_metal	1	1	3k_main_rank_effect_set_romance_base	3k_main_attribute_set_general_metal_romance	3k_main_skillset_generic_governor_metal	1	1.0000	true
ironic_template_historical_lu_mei_hero_metal	historical	3k_standard_death_distribution_no_infant_mortality	3k_main_ceo_initial_data_character_historical_lu_mei_ironic	3k_main_general_generic_metal	1	1	3k_main_rank_effect_set_records_base	3k_main_attribute_set_general_metal_records	3k_main_skillset_generic_envoy_metal	1	1.0000	true
ironic_template_historical_lu_mei_hero_metal	romance	3k_romance_death_distribution	3k_main_ceo_initial_data_character_historical_lu_mei_ironic	3k_main_hero_generic_metal	1	1	3k_main_rank_effect_set_romance_base	3k_main_attribute_set_general_metal_romance	3k_main_skillset_generic_envoy_metal	1	1.0000	true
ironic_template_historical_gu_hui_hero_wood	historical	3k_standard_death_distribution_no_infant_mortality	3k_main_ceo_initial_data_character_historical_gu_hui_ironic	3k_main_general_generic_wood	1	1	3k_main_rank_effect_set_records_base	3k_main_attribute_set_general_wood_records	3k_main_skillset_generic_agent_wood	1	1.0000	true
ironic_template_historical_gu_hui_hero_wood	romance	3k_romance_death_distribution	3k_main_ceo_initial_data_character_historical_gu_hui_ironic	3k_main_hero_generic_wood	1	1	3k_main_rank_effect_set_romance_base	3k_main_attribute_set_general_wood_romance	3k_main_skillset_generic_agent_wood	1	1.0000	true
ironic_template_historical_gu_shao_hero_water	historical	3k_standard_death_distribution_no_infant_mortality	3k_main_ceo_initial_data_character_historical_gu_shao_ironic	3k_main_general_generic_water_strategist	1	1	3k_main_rank_effect_set_records_water_strategist	3k_main_attribute_set_general_water_records	3k_main_skillset_generic_governor_water_strategist	1	1.0000	true
ironic_template_historical_gu_shao_hero_water	romance	3k_romance_death_distribution	3k_main_ceo_initial_data_character_historical_gu_shao_ironic	3k_main_hero_generic_water_strategist	1	1	3k_main_rank_effect_set_romance_water_strategist	3k_main_attribute_set_general_water_romance	3k_main_skillset_generic_governor_water_strategist	1	1.0000	true
ironic_template_historical_hui_qu_hero_wood	historical	3k_standard_death_distribution_no_infant_mortality	3k_main_ceo_initial_data_character_historical_hui_qu_ironic	3k_main_general_generic_wood	1	1	3k_main_rank_effect_set_records_base	3k_main_attribute_set_general_wood_records	3k_main_skillset_generic_villager_wood	1	1.0000	true
ironic_template_historical_hui_qu_hero_wood	romance	3k_romance_death_distribution	3k_main_ceo_initial_data_character_historical_hui_qu_ironic	3k_main_hero_generic_wood	1	1	3k_main_rank_effect_set_romance_base	3k_main_attribute_set_general_wood_romance	3k_main_skillset_generic_villager_wood	1	1.0000	true
ironic_template_historical_zhou_ying_hero_metal	historical	3k_standard_death_distribution_no_infant_mortality	3k_main_ceo_initial_data_character_historical_zhou_ying_ironic	3k_main_general_generic_metal	1	1	3k_main_rank_effect_set_records_base	3k_main_attribute_set_general_metal_records	3k_main_skillset_generic_envoy_metal	1	1.0000	true
ironic_template_historical_zhou_ying_hero_metal	romance	3k_romance_death_distribution	3k_main_ceo_initial_data_character_historical_zhou_ying_ironic	3k_main_hero_generic_metal	1	1	3k_main_rank_effect_set_romance_base	3k_main_attribute_set_general_metal_romance	3k_main_skillset_generic_envoy_metal	1	1.0000	true
ironic_template_historical_huang_kui_hero_water	historical	3k_standard_death_distribution_no_infant_mortality	3k_main_ceo_initial_data_character_historical_huang_kui_ironic	3k_main_general_generic_water_strategist	1	1	3k_main_rank_effect_set_records_water_strategist	3k_main_attribute_set_general_water_records	3k_main_skillset_generic_agent_water_strategist	1	1.0000	true
ironic_template_historical_huang_kui_hero_water	romance	3k_romance_death_distribution	3k_main_ceo_initial_data_character_historical_huang_kui_ironic	3k_main_hero_generic_water_strategist	1	1	3k_main_rank_effect_set_romance_water_strategist	3k_main_attribute_set_general_water_romance	3k_main_skillset_generic_agent_water_strategist	1	1.0000	true
ironic_template_historical_lai_shuang_hero_water	historical	3k_standard_death_distribution_no_infant_mortality	3k_main_ceo_initial_data_character_historical_lai_shuang_ironic	3k_main_general_generic_water_strategist	1	1	3k_main_rank_effect_set_records_water_strategist	3k_main_attribute_set_general_water_records	3k_main_skillset_generic_envoy_water_strategist	1	1.0000	true
ironic_template_historical_lai_shuang_hero_water	romance	3k_romance_death_distribution	3k_main_ceo_initial_data_character_historical_lai_shuang_ironic	3k_main_hero_generic_water_strategist	1	1	3k_main_rank_effect_set_romance_water_strategist	3k_main_attribute_set_general_water_romance	3k_main_skillset_generic_envoy_water_strategist	1	1.0000	true
ironic_template_historical_lai_min_hero_water	historical	3k_standard_death_distribution_no_infant_mortality	3k_main_ceo_initial_data_character_historical_lai_min_ironic	3k_main_general_generic_water_strategist	1	1	3k_main_rank_effect_set_records_water_strategist	3k_main_attribute_set_general_water_records	3k_main_skillset_generic_minister_water_strategist	1	1.0000	true
ironic_template_historical_lai_min_hero_water	romance	3k_romance_death_distribution	3k_main_ceo_initial_data_character_historical_lai_min_ironic	3k_main_hero_generic_water_strategist	1	1	3k_main_rank_effect_set_romance_water_strategist	3k_main_attribute_set_general_water_romance	3k_main_skillset_generic_minister_water_strategist	1	1.0000	true
ironic_template_historical_lu_fei_hero_metal	historical	3k_standard_death_distribution_no_infant_mortality	3k_main_ceo_initial_data_character_historical_lu_fei_ironic	3k_main_general_generic_metal	1	1	3k_main_rank_effect_set_records_base	3k_main_attribute_set_general_metal_records	3k_main_skillset_generic_envoy_metal	1	1.0000	true
ironic_template_historical_lu_fei_hero_metal	romance	3k_romance_death_distribution	3k_main_ceo_initial_data_character_historical_lu_fei_ironic	3k_main_hero_generic_metal	1	1	3k_main_rank_effect_set_romance_base	3k_main_attribute_set_general_metal_romance	3k_main_skillset_generic_envoy_metal	1	1.0000	true
ironic_template_historical_lu_dang_hero_fire	historical	3k_standard_death_distribution_no_infant_mortality	3k_main_ceo_initial_data_character_historical_lu_dang_ironic	3k_main_general_generic_fire	1	1	3k_main_rank_effect_set_records_base	3k_main_attribute_set_general_fire_records	3k_main_skillset_generic_minister_fire	1	1.0000	true
ironic_template_historical_lu_dang_hero_fire	romance	3k_romance_death_distribution	3k_main_ceo_initial_data_character_historical_lu_dang_ironic	3k_main_hero_generic_fire	1	1	3k_main_rank_effect_set_romance_base	3k_main_attribute_set_general_fire_romance	3k_main_skillset_generic_minister_fire	1	1.0000	true
ironic_template_historical_lu_bing_kang_hero_water	historical	3k_standard_death_distribution_no_infant_mortality	3k_main_ceo_initial_data_character_historical_lu_bing_ironic	3k_main_general_generic_water_strategist	1	1	3k_main_rank_effect_set_records_water_strategist	3k_main_attribute_set_general_water_records	3k_main_skillset_generic_agent_water_strategist	1	1.0000	true
ironic_template_historical_lu_bing_kang_hero_water	romance	3k_romance_death_distribution	3k_main_ceo_initial_data_character_historical_lu_bing_ironic	3k_main_hero_generic_water_strategist	1	1	3k_main_rank_effect_set_romance_water_strategist	3k_main_attribute_set_general_water_romance	3k_main_skillset_generic_agent_water_strategist	1	1.0000	true
ironic_template_historical_zhao_yu_hero_earth	historical	3k_standard_death_distribution_no_infant_mortality	3k_main_ceo_initial_data_character_historical_zhao_yu_ironic	3k_main_general_generic_earth	1	1	3k_main_rank_effect_set_records_earth_commander	3k_main_attribute_set_general_earth_records	3k_main_skillset_generic_governor_earth	1	1.0000	true
ironic_template_historical_zhao_yu_hero_earth	romance	3k_romance_death_distribution	3k_main_ceo_initial_data_character_historical_zhao_yu_ironic	3k_main_hero_generic_earth	1	1	3k_main_rank_effect_set_romance_earth_commander	3k_main_attribute_set_general_earth_romance	3k_main_skillset_generic_governor_earth	1	1.0000	true
ironic_template_historical_yu_zi_hero_wood	historical	3k_standard_death_distribution_no_infant_mortality	3k_main_ceo_initial_data_character_historical_yu_zi_ironic	3k_main_general_generic_wood	1	1	3k_main_rank_effect_set_records_base	3k_main_attribute_set_general_wood_records	3k_dlc05_skillset_generic_bandit_general_wood	1	1.0000	true
ironic_template_historical_yu_zi_hero_wood	romance	3k_romance_death_distribution	3k_main_ceo_initial_data_character_historical_yu_zi_ironic	3k_main_hero_generic_wood	1	1	3k_main_rank_effect_set_romance_base	3k_main_attribute_set_general_wood_romance	3k_dlc05_skillset_generic_bandit_general_wood	1	1.0000	true
ironic_template_historical_gan_mei_hero_water	historical	3k_standard_death_distribution_no_infant_mortality	3k_main_ceo_initial_data_character_historical_gan_mei_ironic	3k_main_general_generic_water_strategist	1	1	3k_main_rank_effect_set_records_water_strategist	3k_main_attribute_set_general_water_records	3k_main_skillset_xin_xianying_governor_water_strategist	1	1.0000	true
ironic_template_historical_gan_mei_hero_water	romance	3k_romance_death_distribution	3k_main_ceo_initial_data_character_historical_gan_mei_ironic	3k_main_hero_generic_water_strategist	1	1	3k_main_rank_effect_set_romance_water_strategist	3k_main_attribute_set_general_water_romance	3k_main_skillset_xin_xianying_governor_water_strategist	1	1.0000	true
ironic_template_historical_lü_you_hero_water	historical	3k_standard_death_distribution_no_infant_mortality	3k_main_ceo_initial_data_character_generic_m_water_minister_legendary	3k_main_general_generic_water_strategist	1	1	3k_main_rank_effect_set_records_water_strategist	3k_main_attribute_set_general_water_records	3k_main_skillset_generic_general_water_strategist	1	1.0000	true
ironic_template_historical_lü_you_hero_water	romance	3k_romance_death_distribution	3k_main_ceo_initial_data_character_generic_m_water_minister_legendary	3k_main_hero_generic_water_strategist	1	1	3k_main_rank_effect_set_romance_water_strategist	3k_main_attribute_set_general_water_romance	3k_main_skillset_generic_general_water_strategist	1	1.0000	true
ironic_template_historical_cao_hong_hero_earth	historical	3k_standard_death_distribution_no_infant_mortality	3k_main_ceo_initial_data_character_historical_cao_hong_ironic	3k_main_general_generic_earth	1	1	3k_main_rank_effect_set_records_earth_commander	3k_main_attribute_set_general_earth_records	3k_main_skillset_generic_general_earth	1	1.0000	true
ironic_template_historical_cao_hong_hero_earth	romance	3k_romance_death_distribution	3k_main_ceo_initial_data_character_historical_cao_hong_ironic	3k_main_hero_generic_earth	1	1	3k_main_rank_effect_set_romance_earth_commander	3k_main_attribute_set_general_earth_romance	3k_main_skillset_generic_general_earth	1	1.0000	true
ironic_template_historical_ying_lun_hero_water	historical	3k_standard_death_distribution_no_infant_mortality	3k_main_ceo_initial_data_character_historical_ying_lun_ironic	3k_main_general_generic_water_strategist	1	1	3k_main_rank_effect_set_records_water_strategist	3k_main_attribute_set_general_water_records	3k_main_skillset_generic_envoy_water_strategist	1	1.0000	true
ironic_template_historical_ying_lun_hero_water	romance	3k_romance_death_distribution	3k_main_ceo_initial_data_character_historical_ying_lun_ironic	3k_main_hero_generic_water_strategist	1	1	3k_main_rank_effect_set_romance_water_strategist	3k_main_attribute_set_general_water_romance	3k_main_skillset_generic_envoy_water_strategist	1	1.0000	true
ironic_template_historical_zuo_chengxu_hero_water	historical	3k_standard_death_distribution_no_infant_mortality	3k_main_ceo_initial_data_character_historical_zuo_chengxu_ironic	3k_main_general_generic_water_strategist	1	1	3k_main_rank_effect_set_records_water_strategist	3k_main_attribute_set_general_water_records	3k_main_skillset_generic_minister_water_strategist	1	1.0000	true
ironic_template_historical_zuo_chengxu_hero_water	romance	3k_romance_death_distribution	3k_main_ceo_initial_data_character_historical_zuo_chengxu_ironic	3k_main_hero_generic_water_strategist	1	1	3k_main_rank_effect_set_romance_water_strategist	3k_main_attribute_set_general_water_romance	3k_main_skillset_generic_minister_water_strategist	1	1.0000	true
ironic_template_historical_wang_zifu_hero_metal	historical	3k_standard_death_distribution_no_infant_mortality	3k_main_ceo_initial_data_character_historical_wang_zifu_ironic	3k_main_general_generic_metal	1	1	3k_main_rank_effect_set_records_base	3k_main_attribute_set_general_metal_records	3k_main_skillset_generic_agent_metal	1	1.0000	true
ironic_template_historical_wang_zifu_hero_metal	romance	3k_romance_death_distribution	3k_main_ceo_initial_data_character_historical_wang_zifu_ironic	3k_main_hero_generic_metal	1	1	3k_main_rank_effect_set_romance_base	3k_main_attribute_set_general_metal_romance	3k_main_skillset_generic_agent_metal	1	1.0000	true
ironic_template_historical_xiao_jian_hero_fire	historical	3k_standard_death_distribution_no_infant_mortality	3k_main_ceo_initial_data_character_historical_xiao_jian_ironic	3k_main_general_generic_fire	1	1	3k_main_rank_effect_set_records_base	3k_main_attribute_set_general_fire_records	3k_main_skillset_generic_governor_fire	1	1.0000	true
ironic_template_historical_xiao_jian_hero_fire	romance	3k_romance_death_distribution	3k_main_ceo_initial_data_character_historical_xiao_jian_ironic	3k_main_hero_generic_fire	1	1	3k_main_rank_effect_set_romance_base	3k_main_attribute_set_general_fire_romance	3k_main_skillset_generic_governor_fire	1	1.0000	true
ironic_template_historical_chen_jiao_hero_metal	historical	3k_standard_death_distribution_no_infant_mortality	3k_main_ceo_initial_data_character_historical_chen_jiao_ironic	3k_main_general_generic_metal	1	1	3k_main_rank_effect_set_records_base	3k_main_attribute_set_general_metal_records	3k_main_skillset_generic_minister_metal	1	1.0000	true
ironic_template_historical_chen_jiao_hero_metal	romance	3k_romance_death_distribution	3k_main_ceo_initial_data_character_historical_chen_jiao_ironic	3k_main_hero_generic_metal	1	1	3k_main_rank_effect_set_romance_base	3k_main_attribute_set_general_metal_romance	3k_main_skillset_generic_minister_metal	1	1.0000	true
ironic_template_historical_chen_cong_hero_earth	historical	3k_standard_death_distribution_no_infant_mortality	3k_main_ceo_initial_data_character_historical_chen_cong_ironic	3k_main_general_generic_earth	1	1	3k_main_rank_effect_set_records_earth_commander	3k_main_attribute_set_general_earth_records	3k_main_skillset_generic_governor_earth	1	1.0000	true
ironic_template_historical_chen_cong_hero_earth	romance	3k_romance_death_distribution	3k_main_ceo_initial_data_character_historical_chen_cong_ironic	3k_main_hero_generic_earth	1	1	3k_main_rank_effect_set_romance_earth_commander	3k_main_attribute_set_general_earth_romance	3k_main_skillset_generic_governor_earth	1	1.0000	true
ironic_template_historical_wei_zi_hero_fire	historical	3k_standard_death_distribution_no_infant_mortality	3k_main_ceo_initial_data_character_historical_wei_zi_ironic	3k_main_general_generic_fire	1	1	3k_main_rank_effect_set_records_base	3k_main_attribute_set_general_fire_records	3k_main_skillset_generic_general_fire	1	1.0000	true
ironic_template_historical_wei_zi_hero_fire	romance	3k_romance_death_distribution	3k_main_ceo_initial_data_character_historical_wei_zi_ironic	3k_main_hero_generic_fire	1	1	3k_main_rank_effect_set_romance_base	3k_main_attribute_set_general_fire_romance	3k_main_skillset_generic_general_fire	1	1.0000	true
ironic_template_historical_bi_chen_hero_metal	historical	3k_standard_death_distribution_no_infant_mortality	3k_main_ceo_initial_data_character_historical_bi_chen_ironic	3k_main_general_generic_metal	1	1	3k_main_rank_effect_set_records_base	3k_main_attribute_set_general_metal_records	3k_main_skillset_generic_general_metal	1	1.0000	true
ironic_template_historical_bi_chen_hero_metal	romance	3k_romance_death_distribution	3k_main_ceo_initial_data_character_historical_bi_chen_ironic	3k_main_hero_generic_metal	1	1	3k_main_rank_effect_set_romance_base	3k_main_attribute_set_general_metal_romance	3k_main_skillset_generic_general_metal	1	1.0000	true
ironic_template_historical_xu_si_hero_water	historical	3k_standard_death_distribution_no_infant_mortality	3k_main_ceo_initial_data_character_historical_xu_si_ironic	3k_main_general_generic_water_strategist	1	1	3k_main_rank_effect_set_records_water_strategist	3k_main_attribute_set_general_water_records	3k_main_skillset_generic_agent_water_strategist	1	1.0000	true
ironic_template_historical_xu_si_hero_water	romance	3k_romance_death_distribution	3k_main_ceo_initial_data_character_historical_xu_si_ironic	3k_main_hero_generic_water_strategist	1	1	3k_main_rank_effect_set_romance_water_strategist	3k_main_attribute_set_general_water_romance	3k_main_skillset_generic_agent_water_strategist	1	1.0000	true
ironic_template_historical_wang_kai_hero_earth	historical	3k_standard_death_distribution_no_infant_mortality	3k_main_ceo_initial_data_character_historical_wang_kai_ironic	3k_main_general_generic_earth	1	1	3k_main_rank_effect_set_records_earth_commander	3k_main_attribute_set_general_earth_records	3k_main_skillset_generic_governor_earth	1	1.0000	true
ironic_template_historical_wang_kai_hero_earth	romance	3k_romance_death_distribution	3k_main_ceo_initial_data_character_historical_wang_kai_ironic	3k_main_hero_generic_earth	1	1	3k_main_rank_effect_set_romance_earth_commander	3k_main_attribute_set_general_earth_romance	3k_main_skillset_generic_governor_earth	1	1.0000	true
ironic_template_historical_fang_yue_hero_wood	historical	3k_standard_death_distribution_no_infant_mortality	3k_main_ceo_initial_data_character_historical_fang_yue_ironic	3k_main_general_generic_wood	1	1	3k_main_rank_effect_set_records_base	3k_main_attribute_set_general_wood_records	3k_main_skillset_generic_general_wood	1	1.0000	true
ironic_template_historical_fang_yue_hero_wood	romance	3k_romance_death_distribution	3k_main_ceo_initial_data_character_historical_fang_yue_ironic	3k_main_hero_generic_wood	1	1	3k_main_rank_effect_set_romance_base	3k_main_attribute_set_general_wood_romance	3k_main_skillset_generic_general_wood	1	1.0000	true
ironic_template_historical_mu_shun_hero_fire	historical	3k_standard_death_distribution_no_infant_mortality	3k_main_ceo_initial_data_character_historical_mu_shun_ironic	3k_main_general_generic_fire	1	1	3k_main_rank_effect_set_records_base	3k_main_attribute_set_general_fire_records	3k_main_skillset_generic_general_fire	1	1.0000	true
ironic_template_historical_mu_shun_hero_fire	romance	3k_romance_death_distribution	3k_main_ceo_initial_data_character_historical_mu_shun_ironic	3k_main_hero_generic_fire	1	1	3k_main_rank_effect_set_romance_base	3k_main_attribute_set_general_fire_romance	3k_main_skillset_generic_general_fire	1	1.0000	true
ironic_template_historical_miao_shang_hero_wood	historical	3k_standard_death_distribution_no_infant_mortality	3k_main_ceo_initial_data_character_historical_miao_shang_ironic	3k_main_general_generic_wood	1	1	3k_main_rank_effect_set_records_base	3k_main_attribute_set_general_wood_records	3k_main_skillset_generic_governor_wood	1	1.0000	true
ironic_template_historical_miao_shang_hero_wood	romance	3k_romance_death_distribution	3k_main_ceo_initial_data_character_historical_miao_shang_ironic	3k_main_hero_generic_wood	1	1	3k_main_rank_effect_set_romance_base	3k_main_attribute_set_general_wood_romance	3k_main_skillset_generic_governor_wood	1	1.0000	true
ironic_template_historical_qian_zhao_hero_fire	historical	3k_standard_death_distribution_no_infant_mortality	3k_main_ceo_initial_data_character_historical_qian_zhao_ironic	3k_main_general_generic_fire	1	1	3k_main_rank_effect_set_records_base	3k_main_attribute_set_general_fire_records	3k_main_skillset_qian_zhao_general_fire	1	1.0000	true
ironic_template_historical_qian_zhao_hero_fire	romance	3k_romance_death_distribution	3k_main_ceo_initial_data_character_historical_qian_zhao_ironic	3k_main_hero_generic_fire	1	1	3k_main_rank_effect_set_romance_base	3k_main_attribute_set_general_fire_romance	3k_main_skillset_qian_zhao_general_fire	1	1.0000	true
ironic_template_historical_wang_men_hero_earth	historical	3k_standard_death_distribution_no_infant_mortality	3k_main_ceo_initial_data_character_historical_wang_men_ironic	3k_main_general_generic_earth	1	1	3k_main_rank_effect_set_records_earth_commander	3k_main_attribute_set_general_earth_records	3k_main_skillset_generic_villager_earth	1	1.0000	true
ironic_template_historical_wang_men_hero_earth	romance	3k_romance_death_distribution	3k_main_ceo_initial_data_character_historical_wang_men_ironic	3k_main_hero_generic_earth	1	1	3k_main_rank_effect_set_romance_earth_commander	3k_main_attribute_set_general_earth_romance	3k_main_skillset_generic_villager_earth	1	1.0000	true
ironic_template_historical_fan_fang_hero_wood	historical	3k_standard_death_distribution_no_infant_mortality	3k_main_ceo_initial_data_character_historical_fan_fang_ironic	3k_main_general_generic_wood	1	1	3k_main_rank_effect_set_records_base	3k_main_attribute_set_general_wood_records	3k_main_skillset_generic_governor_wood	1	1.0000	true
ironic_template_historical_fan_fang_hero_wood	romance	3k_romance_death_distribution	3k_main_ceo_initial_data_character_historical_fan_fang_ironic	3k_main_hero_generic_wood	1	1	3k_main_rank_effect_set_romance_base	3k_main_attribute_set_general_wood_romance	3k_main_skillset_generic_governor_wood	1	1.0000	true
ironic_template_historical_shan_jing_hero_metal	historical	3k_standard_death_distribution_no_infant_mortality	3k_main_ceo_initial_data_character_historical_shan_jing_ironic	3k_main_general_generic_metal	1	1	3k_main_rank_effect_set_records_base	3k_main_attribute_set_general_metal_records	3k_main_skillset_generic_general_metal	1	1.0000	true
ironic_template_historical_shan_jing_hero_metal	romance	3k_romance_death_distribution	3k_main_ceo_initial_data_character_historical_shan_jing_ironic	3k_main_hero_generic_metal	1	1	3k_main_rank_effect_set_romance_base	3k_main_attribute_set_general_metal_romance	3k_main_skillset_generic_general_metal	1	1.0000	true
ironic_template_historical_xiahou_lan_hero_water	historical	3k_standard_death_distribution_no_infant_mortality	3k_main_ceo_initial_data_character_historical_xiahou_lan_ironic	3k_main_general_generic_water_strategist	1	1	3k_main_rank_effect_set_records_water_strategist	3k_main_attribute_set_general_water_records	3k_main_skillset_generic_villager_water_strategist	1	1.0000	true
ironic_template_historical_xiahou_lan_hero_water	romance	3k_romance_death_distribution	3k_main_ceo_initial_data_character_historical_xiahou_lan_ironic	3k_main_hero_generic_water_strategist	1	1	3k_main_rank_effect_set_romance_water_strategist	3k_main_attribute_set_general_water_romance	3k_main_skillset_generic_villager_water_strategist	1	1.0000	true
ironic_template_historical_gongsun_baoyue_hero_earth	historical	3k_standard_death_distribution_no_infant_mortality	3k_main_ceo_initial_data_character_historical_gongsun_baoyue_ironic	3k_main_general_generic_earth	1	1	3k_main_rank_effect_set_records_earth_commander	3k_main_attribute_set_general_earth_records	3k_main_skillset_generic_envoy_earth	1	1.0000	true
ironic_template_historical_gongsun_baoyue_hero_earth	romance	3k_romance_death_distribution	3k_main_ceo_initial_data_character_historical_gongsun_baoyue_ironic	3k_main_hero_generic_earth	1	1	3k_main_rank_effect_set_romance_earth_commander	3k_main_attribute_set_general_earth_romance	3k_main_skillset_generic_envoy_earth	1	1.0000	true
ironic_template_historical_gongsun_mo_hero_wood	historical	3k_standard_death_distribution_no_infant_mortality	3k_main_ceo_initial_data_character_historical_gongsun_mo_ironic	3k_main_general_generic_wood	1	1	3k_main_rank_effect_set_records_base	3k_main_attribute_set_general_wood_records	3k_main_skillset_generic_villager_wood	1	1.0000	true
ironic_template_historical_gongsun_mo_hero_wood	romance	3k_romance_death_distribution	3k_main_ceo_initial_data_character_historical_gongsun_mo_ironic	3k_main_hero_generic_wood	1	1	3k_main_rank_effect_set_romance_base	3k_main_attribute_set_general_wood_romance	3k_main_skillset_generic_villager_wood	1	1.0000	true
ironic_template_historical_wang_lie_hero_water	historical	3k_standard_death_distribution_no_infant_mortality	3k_main_ceo_initial_data_character_historical_wang_lie_ironic	3k_main_general_generic_water_strategist	1	1	3k_main_rank_effect_set_records_water_strategist	3k_main_attribute_set_general_water_records	3k_main_skillset_generic_minister_water_strategist	1	1.0000	true
ironic_template_historical_wang_lie_hero_water	romance	3k_romance_death_distribution	3k_main_ceo_initial_data_character_historical_wang_lie_ironic	3k_main_hero_generic_water_strategist	1	1	3k_main_rank_effect_set_romance_water_strategist	3k_main_attribute_set_general_water_romance	3k_main_skillset_generic_minister_water_strategist	1	1.0000	true
ironic_template_historical_zhang_chang_hero_earth	historical	3k_standard_death_distribution_no_infant_mortality	3k_main_ceo_initial_data_character_historical_zhang_chang_ironic	3k_main_general_generic_earth	1	1	3k_main_rank_effect_set_records_earth_commander	3k_main_attribute_set_general_earth_records	3k_main_skillset_generic_general_earth	1	1.0000	true
ironic_template_historical_zhang_chang_hero_earth	romance	3k_romance_death_distribution	3k_main_ceo_initial_data_character_historical_zhang_chang_ironic	3k_main_hero_generic_earth	1	1	3k_main_rank_effect_set_romance_earth_commander	3k_main_attribute_set_general_earth_romance	3k_main_skillset_generic_general_earth	1	1.0000	true
ironic_template_historical_gongsun_ya_hero_water	historical	3k_standard_death_distribution_no_infant_mortality	3k_main_ceo_initial_data_character_historical_gongsun_ya_ironic	3k_main_general_generic_water_strategist	1	1	3k_main_rank_effect_set_records_water_strategist	3k_main_attribute_set_general_water_records	3k_main_skillset_generic_envoy_water_strategist	1	1.0000	true
ironic_template_historical_gongsun_ya_hero_water	romance	3k_romance_death_distribution	3k_main_ceo_initial_data_character_historical_gongsun_ya_ironic	3k_main_hero_generic_water_strategist	1	1	3k_main_rank_effect_set_romance_water_strategist	3k_main_attribute_set_general_water_romance	3k_main_skillset_generic_envoy_water_strategist	1	1.0000	true
ironic_template_historical_fan_xian_hero_earth	historical	3k_standard_death_distribution_no_infant_mortality	3k_main_ceo_initial_data_character_historical_fan_xian_ironic	3k_main_general_generic_earth	1	1	3k_main_rank_effect_set_records_earth_commander	3k_main_attribute_set_general_earth_records	3k_main_skillset_generic_governor_earth	1	1.0000	true
ironic_template_historical_fan_xian_hero_earth	romance	3k_romance_death_distribution	3k_main_ceo_initial_data_character_historical_fan_xian_ironic	3k_main_hero_generic_earth	1	1	3k_main_rank_effect_set_romance_earth_commander	3k_main_attribute_set_general_earth_romance	3k_main_skillset_generic_governor_earth	1	1.0000	true
ironic_template_historical_zhang_yan_hero_wood	historical	3k_standard_death_distribution_no_infant_mortality	3k_main_ceo_initial_data_character_historical_zhang_yan_ironic	3k_dlc05_bandit_general_generic_wood	1	1	3k_main_rank_effect_set_records_base	3k_main_attribute_set_general_wood_records	3k_dlc05_skillset_generic_bandit_general_wood	1	1.0000	true
ironic_template_historical_zhang_yan_hero_wood	romance	3k_romance_death_distribution	3k_main_ceo_initial_data_character_historical_zhang_yan_ironic	3k_dlc05_bandit_hero_generic_wood	1	1	3k_main_rank_effect_set_romance_base	3k_main_attribute_set_general_wood_romance	3k_dlc05_skillset_generic_bandit_general_wood	1	1.0000	true
ironic_template_historical_zhang_cheng_hero_fire	historical	3k_standard_death_distribution_no_infant_mortality	3k_main_ceo_initial_data_character_historical_zhang_cheng_ironic	3k_dlc05_bandit_general_generic_fire	1	1	3k_main_rank_effect_set_records_base	3k_main_attribute_set_general_fire_records	3k_dlc05_skillset_generic_bandit_minister_fire	1	1.0000	true
ironic_template_historical_zhang_cheng_hero_fire	romance	3k_romance_death_distribution	3k_main_ceo_initial_data_character_historical_zhang_cheng_ironic	3k_dlc05_bandit_hero_generic_fire	1	1	3k_main_rank_effect_set_romance_base	3k_main_attribute_set_general_fire_romance	3k_dlc05_skillset_generic_bandit_minister_fire	1	1.0000	true
ironic_template_historical_hu_cai_hero_earth	historical	3k_standard_death_distribution_no_infant_mortality	3k_main_ceo_initial_data_character_historical_hu_cai_ironic	3k_main_general_generic_earth	1	1	3k_main_rank_effect_set_records_earth_commander	3k_main_attribute_set_general_earth_records	3k_main_skillset_generic_general_earth	1	1.0000	true
ironic_template_historical_hu_cai_hero_earth	romance	3k_romance_death_distribution	3k_main_ceo_initial_data_character_historical_hu_cai_ironic	3k_main_hero_generic_earth	1	1	3k_main_rank_effect_set_romance_earth_commander	3k_main_attribute_set_general_earth_romance	3k_main_skillset_generic_general_earth	1	1.0000	true
ironic_template_historical_shi_ren_hero_wood	historical	3k_standard_death_distribution_no_infant_mortality	3k_main_ceo_initial_data_character_historical_shi_ren_ironic	3k_main_general_generic_wood	1	1	3k_main_rank_effect_set_records_base	3k_main_attribute_set_general_wood_records	3k_main_skillset_generic_general_wood	1	1.0000	true
ironic_template_historical_shi_ren_hero_wood	romance	3k_romance_death_distribution	3k_main_ceo_initial_data_character_historical_shi_ren_ironic	3k_main_hero_generic_wood	1	1	3k_main_rank_effect_set_romance_base	3k_main_attribute_set_general_wood_romance	3k_main_skillset_generic_general_wood	1	1.0000	true
ironic_template_historical_he_kui_hero_wood	historical	3k_standard_death_distribution_no_infant_mortality	3k_main_ceo_initial_data_character_historical_he_kui_ironic	3k_main_general_generic_wood	1	1	3k_main_rank_effect_set_records_base	3k_main_attribute_set_general_wood_records	3k_main_skillset_generic_villager_wood	1	1.0000	true
ironic_template_historical_he_kui_hero_wood	romance	3k_romance_death_distribution	3k_main_ceo_initial_data_character_historical_he_kui_ironic	3k_main_hero_generic_wood	1	1	3k_main_rank_effect_set_romance_base	3k_main_attribute_set_general_wood_romance	3k_main_skillset_generic_villager_wood	1	1.0000	true
ironic_template_historical_guo_gong_hero_fire	historical	3k_standard_death_distribution_no_infant_mortality	3k_main_ceo_initial_data_character_historical_guo_gong_ironic	3k_main_general_generic_fire	1	1	3k_main_rank_effect_set_records_base	3k_main_attribute_set_general_fire_records	3k_main_skillset_generic_governor_fire	1	1.0000	true
ironic_template_historical_guo_gong_hero_fire	romance	3k_romance_death_distribution	3k_main_ceo_initial_data_character_historical_guo_gong_ironic	3k_main_hero_generic_fire	1	1	3k_main_rank_effect_set_romance_base	3k_main_attribute_set_general_fire_romance	3k_main_skillset_generic_governor_fire	1	1.0000	true
ironic_template_historical_shu_shao_hero_metal	historical	3k_standard_death_distribution_no_infant_mortality	3k_main_ceo_initial_data_character_historical_shu_shao_ironic	3k_main_general_generic_metal	1	1	3k_main_rank_effect_set_records_base	3k_main_attribute_set_general_metal_records	3k_main_skillset_generic_governor_metal	1	1.0000	true
ironic_template_historical_shu_shao_hero_metal	romance	3k_romance_death_distribution	3k_main_ceo_initial_data_character_historical_shu_shao_ironic	3k_main_hero_generic_metal	1	1	3k_main_rank_effect_set_romance_base	3k_main_attribute_set_general_metal_romance	3k_main_skillset_generic_governor_metal	1	1.0000	true
ironic_template_historical_ying_rong_hero_water	historical	3k_standard_death_distribution_no_infant_mortality	3k_main_ceo_initial_data_character_historical_ying_rong_ironic	3k_main_general_generic_water_strategist	1	1	3k_main_rank_effect_set_records_water_strategist	3k_main_attribute_set_general_water_records	3k_main_skillset_generic_minister_water_strategist	1	1.0000	true
ironic_template_historical_ying_rong_hero_water	romance	3k_romance_death_distribution	3k_main_ceo_initial_data_character_historical_ying_rong_ironic	3k_main_hero_generic_water_strategist	1	1	3k_main_rank_effect_set_romance_water_strategist	3k_main_attribute_set_general_water_romance	3k_main_skillset_generic_minister_water_strategist	1	1.0000	true
ironic_template_historical_yu_she_hero_metal	historical	3k_standard_death_distribution_no_infant_mortality	3k_main_ceo_initial_data_character_historical_yu_she_ironic	3k_main_general_generic_metal	1	1	3k_main_rank_effect_set_records_base	3k_main_attribute_set_general_metal_records	3k_main_skillset_generic_general_metal	1	1.0000	true
ironic_template_historical_yu_she_hero_metal	romance	3k_romance_death_distribution	3k_main_ceo_initial_data_character_historical_yu_she_ironic	3k_main_hero_generic_metal	1	1	3k_main_rank_effect_set_romance_base	3k_main_attribute_set_general_metal_romance	3k_main_skillset_generic_general_metal	1	1.0000	true
ironic_template_historical_xun_zheng_hero_wood	historical	3k_standard_death_distribution_no_infant_mortality	3k_main_ceo_initial_data_character_historical_xun_zheng_ironic	3k_main_general_generic_wood	1	1	3k_main_rank_effect_set_records_base	3k_main_attribute_set_general_wood_records	3k_main_skillset_generic_general_wood	1	1.0000	true
ironic_template_historical_xun_zheng_hero_wood	romance	3k_romance_death_distribution	3k_main_ceo_initial_data_character_historical_xun_zheng_ironic	3k_main_hero_generic_wood	1	1	3k_main_rank_effect_set_romance_base	3k_main_attribute_set_general_wood_romance	3k_main_skillset_generic_general_wood	1	1.0000	true
ironic_template_historical_li_feng_hero_wood	historical	3k_standard_death_distribution_no_infant_mortality	3k_main_ceo_initial_data_character_historical_li_feng_ironic	3k_main_general_generic_wood	1	1	3k_main_rank_effect_set_records_base	3k_main_attribute_set_general_wood_records	3k_main_skillset_generic_minister_wood	1	1.0000	true
ironic_template_historical_li_feng_hero_wood	romance	3k_romance_death_distribution	3k_main_ceo_initial_data_character_historical_li_feng_ironic	3k_main_hero_generic_wood	1	1	3k_main_rank_effect_set_romance_base	3k_main_attribute_set_general_wood_romance	3k_main_skillset_generic_minister_wood	1	1.0000	true
ironic_template_historical_bing_zhi_hero_metal	historical	3k_standard_death_distribution_no_infant_mortality	3k_main_ceo_initial_data_character_historical_bing_zhi_ironic	3k_main_general_generic_metal	1	1	3k_main_rank_effect_set_records_base	3k_main_attribute_set_general_metal_records	3k_main_skillset_generic_governor_metal	1	1.0000	true
ironic_template_historical_bing_zhi_hero_metal	romance	3k_romance_death_distribution	3k_main_ceo_initial_data_character_historical_bing_zhi_ironic	3k_main_hero_generic_metal	1	1	3k_main_rank_effect_set_romance_base	3k_main_attribute_set_general_metal_romance	3k_main_skillset_generic_governor_metal	1	1.0000	true
ironic_template_historical_zhou_shang_hero_water	historical	3k_standard_death_distribution_no_infant_mortality	3k_main_ceo_initial_data_character_historical_zhou_shang_ironic	3k_main_general_generic_water_strategist	1	1	3k_main_rank_effect_set_records_water_strategist	3k_main_attribute_set_general_water_records	3k_main_skillset_generic_governor_water_strategist	1	1.0000	true
ironic_template_historical_zhou_shang_hero_water	romance	3k_romance_death_distribution	3k_main_ceo_initial_data_character_historical_zhou_shang_ironic	3k_main_hero_generic_water_strategist	1	1	3k_main_rank_effect_set_romance_water_strategist	3k_main_attribute_set_general_water_romance	3k_main_skillset_generic_governor_water_strategist	1	1.0000	true
ironic_template_historical_li_qian_hero_metal	historical	3k_standard_death_distribution_no_infant_mortality	3k_main_ceo_initial_data_character_historical_li_qian_ironic	3k_main_general_generic_metal	1	1	3k_main_rank_effect_set_records_base	3k_main_attribute_set_general_metal_records	3k_main_skillset_generic_governor_metal	1	1.0000	true
ironic_template_historical_li_qian_hero_metal	romance	3k_romance_death_distribution	3k_main_ceo_initial_data_character_historical_li_qian_ironic	3k_main_hero_generic_metal	1	1	3k_main_rank_effect_set_romance_base	3k_main_attribute_set_general_metal_romance	3k_main_skillset_generic_governor_metal	1	1.0000	true
ironic_template_historical_wen_ji_hero_fire	historical	3k_standard_death_distribution_no_infant_mortality	3k_main_ceo_initial_data_character_historical_wen_ji_ironic	3k_main_general_generic_fire	1	1	3k_main_rank_effect_set_records_base	3k_main_attribute_set_general_fire_records	3k_main_skillset_generic_general_fire	1	1.0000	true
ironic_template_historical_wen_ji_hero_fire	romance	3k_romance_death_distribution	3k_main_ceo_initial_data_character_historical_wen_ji_ironic	3k_main_hero_generic_fire	1	1	3k_main_rank_effect_set_romance_base	3k_main_attribute_set_general_fire_romance	3k_main_skillset_generic_general_fire	1	1.0000	true
ironic_template_historical_wen_qin_hero_earth	historical	3k_standard_death_distribution_no_infant_mortality	3k_main_ceo_initial_data_character_historical_wen_qin_ironic	3k_main_general_generic_earth	1	1	3k_main_rank_effect_set_records_earth_commander	3k_main_attribute_set_general_earth_records	3k_main_skillset_generic_minister_earth	1	1.0000	true
ironic_template_historical_wen_qin_hero_earth	romance	3k_romance_death_distribution	3k_main_ceo_initial_data_character_historical_wen_qin_ironic	3k_main_hero_generic_earth	1	1	3k_main_rank_effect_set_romance_earth_commander	3k_main_attribute_set_general_earth_romance	3k_main_skillset_generic_minister_earth	1	1.0000	true
ironic_template_historical_zhao_cen_hero_metal	historical	3k_standard_death_distribution_no_infant_mortality	3k_main_ceo_initial_data_character_historical_zhao_cen_ironic	3k_main_general_generic_metal	1	1	3k_main_rank_effect_set_records_base	3k_main_attribute_set_general_metal_records	3k_main_skillset_generic_general_metal	1	1.0000	true
ironic_template_historical_zhao_cen_hero_metal	romance	3k_romance_death_distribution	3k_main_ceo_initial_data_character_historical_zhao_cen_ironic	3k_main_hero_generic_metal	1	1	3k_main_rank_effect_set_romance_base	3k_main_attribute_set_general_metal_romance	3k_main_skillset_generic_general_metal	1	1.0000	true
ironic_template_historical_yang_ding_hero_fire	historical	3k_standard_death_distribution_no_infant_mortality	3k_main_ceo_initial_data_character_historical_yang_ding_ironic	3k_main_general_generic_fire	1	1	3k_main_rank_effect_set_records_base	3k_main_attribute_set_general_fire_records	3k_main_skillset_generic_general_fire	1	1.0000	true
ironic_template_historical_yang_ding_hero_fire	romance	3k_romance_death_distribution	3k_main_ceo_initial_data_character_historical_yang_ding_ironic	3k_main_hero_generic_fire	1	1	3k_main_rank_effect_set_romance_base	3k_main_attribute_set_general_fire_romance	3k_main_skillset_generic_general_fire	1	1.0000	true
ironic_template_historical_wu_xi_hero_metal	historical	3k_standard_death_distribution_no_infant_mortality	3k_main_ceo_initial_data_character_historical_wu_xi_ironic	3k_main_general_generic_metal	1	1	3k_main_rank_effect_set_records_base	3k_main_attribute_set_general_metal_records	3k_main_skillset_generic_agent_metal	1	1.0000	true
ironic_template_historical_wu_xi_hero_metal	romance	3k_romance_death_distribution	3k_main_ceo_initial_data_character_historical_wu_xi_ironic	3k_main_hero_generic_metal	1	1	3k_main_rank_effect_set_romance_base	3k_main_attribute_set_general_metal_romance	3k_main_skillset_generic_agent_metal	1	1.0000	true
ironic_template_historical_wei_qian_hero_earth	historical	3k_standard_death_distribution_no_infant_mortality	3k_main_ceo_initial_data_character_historical_wei_qian_ironic	3k_main_general_generic_earth	1	1	3k_main_rank_effect_set_records_earth_commander	3k_main_attribute_set_general_earth_records	3k_main_skillset_generic_villager_earth	1	1.0000	true
ironic_template_historical_wei_qian_hero_earth	romance	3k_romance_death_distribution	3k_main_ceo_initial_data_character_historical_wei_qian_ironic	3k_main_hero_generic_earth	1	1	3k_main_rank_effect_set_romance_earth_commander	3k_main_attribute_set_general_earth_romance	3k_main_skillset_generic_villager_earth	1	1.0000	true
ironic_template_historical_zhou_che_hero_metal	historical	3k_standard_death_distribution_no_infant_mortality	3k_main_ceo_initial_data_character_historical_zhou_che_ironic	3k_main_general_generic_metal	1	1	3k_main_rank_effect_set_records_base	3k_main_attribute_set_general_metal_records	3k_main_skillset_generic_envoy_metal	1	1.0000	true
ironic_template_historical_zhou_che_hero_metal	romance	3k_romance_death_distribution	3k_main_ceo_initial_data_character_historical_zhou_che_ironic	3k_main_hero_generic_metal	1	1	3k_main_rank_effect_set_romance_base	3k_main_attribute_set_general_metal_romance	3k_main_skillset_generic_envoy_metal	1	1.0000	true
ironic_template_historical_chen_ying_hero_water	historical	3k_standard_death_distribution_no_infant_mortality	3k_main_ceo_initial_data_character_historical_chen_ying_ironic	3k_main_general_generic_water_strategist	1	1	3k_main_rank_effect_set_records_water_strategist	3k_main_attribute_set_general_water_records	3k_main_skillset_generic_agent_water_strategist	1	1.0000	true
ironic_template_historical_chen_ying_hero_water	romance	3k_romance_death_distribution	3k_main_ceo_initial_data_character_historical_chen_ying_ironic	3k_main_hero_generic_water_strategist	1	1	3k_main_rank_effect_set_romance_water_strategist	3k_main_attribute_set_general_water_romance	3k_main_skillset_generic_agent_water_strategist	1	1.0000	true
ironic_template_historical_pan_shun_hero_wood	historical	3k_standard_death_distribution_no_infant_mortality	3k_main_ceo_initial_data_character_historical_pan_shun	3k_main_general_generic_wood	1	1	3k_main_rank_effect_set_records_base	3k_main_attribute_set_general_wood_records	3k_dlc05_skillset_generic_bandit_minister_wood	1	1.0000	true
ironic_template_historical_pan_shun_hero_wood	romance	3k_romance_death_distribution	3k_main_ceo_initial_data_character_historical_pan_shun	3k_main_hero_generic_wood	1	1	3k_main_rank_effect_set_romance_base	3k_main_attribute_set_general_wood_romance	3k_dlc05_skillset_generic_bandit_minister_wood	1	1.0000	true
ironic_template_historical_pan_man_hero_earth	historical	3k_standard_death_distribution_no_infant_mortality	3k_main_ceo_initial_data_character_historical_pan_man	3k_main_general_generic_earth	1	1	3k_main_rank_effect_set_records_earth_commander	3k_main_attribute_set_general_earth_records	3k_dlc05_skillset_generic_bandit_envoy_earth	1	1.0000	true
ironic_template_historical_pan_man_hero_earth	romance	3k_romance_death_distribution	3k_main_ceo_initial_data_character_historical_pan_man	3k_main_hero_generic_earth	1	1	3k_main_rank_effect_set_romance_earth_commander	3k_main_attribute_set_general_earth_romance	3k_dlc05_skillset_generic_bandit_envoy_earth	1	1.0000	true
ironic_template_historical_pan_juan_hero_water	historical	3k_standard_death_distribution_no_infant_mortality	3k_main_ceo_initial_data_character_historical_pan_juan	3k_main_general_generic_water_strategist	1	1	3k_main_rank_effect_set_records_water_strategist	3k_main_attribute_set_general_water_records	3k_dlc05_skillset_generic_bandit_envoy_water_strategist	1	1.0000	true
ironic_template_historical_pan_juan_hero_water	romance	3k_romance_death_distribution	3k_main_ceo_initial_data_character_historical_pan_juan	3k_main_hero_generic_water_strategist	1	1	3k_main_rank_effect_set_romance_water_strategist	3k_main_attribute_set_general_water_romance	3k_dlc05_skillset_generic_bandit_envoy_water_strategist	1	1.0000	true
ironic_template_historical_pan_ke_hero_metal	historical	3k_standard_death_distribution_no_infant_mortality	3k_main_ceo_initial_data_character_historical_pan_ke	3k_main_general_generic_metal	1	1	3k_main_rank_effect_set_records_base	3k_main_attribute_set_general_metal_records	3k_dlc05_skillset_generic_bandit_governor_metal	1	1.0000	true
ironic_template_historical_pan_ke_hero_metal	romance	3k_romance_death_distribution	3k_main_ceo_initial_data_character_historical_pan_ke	3k_main_hero_generic_metal	1	1	3k_main_rank_effect_set_romance_base	3k_main_attribute_set_general_metal_romance	3k_dlc05_skillset_generic_bandit_governor_metal	1	1.0000	true
ironic_template_historical_lu_he_hero_metal	historical	3k_standard_death_distribution_no_infant_mortality	3k_main_ceo_initial_data_character_historical_lu_he	3k_main_general_generic_metal	1	1	3k_main_rank_effect_set_records_base	3k_main_attribute_set_general_metal_records	3k_dlc05_skillset_generic_bandit_minister_metal	1	1.0000	true
ironic_template_historical_lu_he_hero_metal	romance	3k_romance_death_distribution	3k_main_ceo_initial_data_character_historical_lu_he	3k_main_hero_generic_metal	1	1	3k_main_rank_effect_set_romance_base	3k_main_attribute_set_general_metal_romance	3k_dlc05_skillset_generic_bandit_minister_metal	1	1.0000	true
ironic_template_historical_qin_lang_hero_wood	historical	3k_standard_death_distribution_no_infant_mortality	3k_main_ceo_initial_data_character_historical_qin_lang	3k_main_general_generic_wood	1	1	3k_main_rank_effect_set_records_base	3k_main_attribute_set_general_wood_records	3k_dlc05_skillset_generic_bandit_governor_wood	1	1.0000	true
ironic_template_historical_qin_lang_hero_wood	romance	3k_romance_death_distribution	3k_main_ceo_initial_data_character_historical_qin_lang	3k_main_hero_generic_wood	1	1	3k_main_rank_effect_set_romance_base	3k_main_attribute_set_general_wood_romance	3k_dlc05_skillset_generic_bandit_governor_wood	1	1.0000	true
ironic_template_historical_wu_wu_hero_fire	historical	3k_standard_death_distribution_no_infant_mortality	3k_main_ceo_initial_data_character_historical_wu_wu	3k_main_general_generic_fire	1	1	3k_main_rank_effect_set_records_base	3k_main_attribute_set_general_fire_records	3k_dlc05_skillset_generic_bandit_general_fire	1	1.0000	true
ironic_template_historical_wu_wu_hero_fire	romance	3k_romance_death_distribution	3k_main_ceo_initial_data_character_historical_wu_wu	3k_main_hero_generic_fire	1	1	3k_main_rank_effect_set_romance_base	3k_main_attribute_set_general_fire_romance	3k_dlc05_skillset_generic_bandit_general_fire	1	1.0000	true
ironic_template_historical_ding_fan_hero_earth	historical	3k_standard_death_distribution_no_infant_mortality	3k_main_ceo_initial_data_character_historical_ding_fan	3k_main_general_generic_earth	1	1	3k_main_rank_effect_set_records_earth_commander	3k_main_attribute_set_general_earth_records	3k_dlc05_skillset_generic_bandit_general_earth	1	1.0000	true
ironic_template_historical_ding_fan_hero_earth	romance	3k_romance_death_distribution	3k_main_ceo_initial_data_character_historical_ding_fan	3k_main_hero_generic_earth	1	1	3k_main_rank_effect_set_romance_earth_commander	3k_main_attribute_set_general_earth_romance	3k_dlc05_skillset_generic_bandit_general_earth	1	1.0000	true
ironic_template_historical_zu_shan_hero_fire	historical	3k_standard_death_distribution_no_infant_mortality	3k_main_ceo_initial_data_character_historical_zu_shan	3k_main_general_generic_fire	1	1	3k_main_rank_effect_set_records_base	3k_main_attribute_set_general_fire_records	3k_dlc05_skillset_generic_bandit_agent_fire	1	1.0000	true
ironic_template_historical_zu_shan_hero_fire	romance	3k_romance_death_distribution	3k_main_ceo_initial_data_character_historical_zu_shan	3k_main_hero_generic_fire	1	1	3k_main_rank_effect_set_romance_base	3k_main_attribute_set_general_fire_romance	3k_dlc05_skillset_generic_bandit_agent_fire	1	1.0000	true
ironic_template_historical_jin_qi_hero_water	historical	3k_standard_death_distribution_no_infant_mortality	3k_main_ceo_initial_data_character_historical_jin_qi	3k_main_general_generic_water_strategist	1	1	3k_main_rank_effect_set_records_water_strategist	3k_main_attribute_set_general_water_records	3k_dlc05_skillset_generic_bandit_general_water_strategist	1	1.0000	true
ironic_template_historical_jin_qi_hero_water	romance	3k_romance_death_distribution	3k_main_ceo_initial_data_character_historical_jin_qi	3k_main_hero_generic_water_strategist	1	1	3k_main_rank_effect_set_romance_water_strategist	3k_main_attribute_set_general_water_romance	3k_dlc05_skillset_generic_bandit_general_water_strategist	1	1.0000	true
ironic_template_historical_qu_chuntao_hero_water	historical	3k_standard_death_distribution_no_infant_mortality	3k_main_ceo_initial_data_character_historical_qu_chuntao	3k_main_general_generic_water_strategist	1	1	3k_main_rank_effect_set_records_water_strategist	3k_main_attribute_set_general_water_records	3k_dlc05_skillset_generic_bandit_agent_water_strategist	1	1.0000	true
ironic_template_historical_qu_chuntao_hero_water	romance	3k_romance_death_distribution	3k_main_ceo_initial_data_character_historical_qu_chuntao	3k_main_hero_generic_water_strategist	1	1	3k_main_rank_effect_set_romance_water_strategist	3k_main_attribute_set_general_water_romance	3k_dlc05_skillset_generic_bandit_agent_water_strategist	1	1.0000	true
ironic_template_historical_you_mi_hero_metal	historical	3k_standard_death_distribution_no_infant_mortality	3k_main_ceo_initial_data_character_historical_you_mi	3k_main_general_generic_metal	1	1	3k_main_rank_effect_set_records_base	3k_main_attribute_set_general_metal_records	3k_dlc05_skillset_generic_bandit_agent_metal	1	1.0000	true
ironic_template_historical_you_mi_hero_metal	romance	3k_romance_death_distribution	3k_main_ceo_initial_data_character_historical_you_mi	3k_main_hero_generic_metal	1	1	3k_main_rank_effect_set_romance_base	3k_main_attribute_set_general_metal_romance	3k_dlc05_skillset_generic_bandit_agent_metal	1	1.0000	true
ironic_template_historical_you_yu_hero_water	historical	3k_standard_death_distribution_no_infant_mortality	3k_main_ceo_initial_data_character_historical_you_yu	3k_main_general_generic_water_strategist	1	1	3k_main_rank_effect_set_records_water_strategist	3k_main_attribute_set_general_water_records	3k_dlc05_skillset_generic_bandit_agent_water_strategist	1	1.0000	true
ironic_template_historical_you_yu_hero_water	romance	3k_romance_death_distribution	3k_main_ceo_initial_data_character_historical_you_yu	3k_main_hero_generic_water_strategist	1	1	3k_main_rank_effect_set_romance_water_strategist	3k_main_attribute_set_general_water_romance	3k_dlc05_skillset_generic_bandit_agent_water_strategist	1	1.0000	true
ironic_template_historical_wang_jin_hero_wood	historical	3k_standard_death_distribution_no_infant_mortality	3k_main_ceo_initial_data_character_historical_wang_jin	3k_main_general_generic_wood	1	1	3k_main_rank_effect_set_records_base	3k_main_attribute_set_general_wood_records	3k_dlc05_skillset_generic_bandit_general_wood	1	1.0000	true
ironic_template_historical_wang_jin_hero_wood	romance	3k_romance_death_distribution	3k_main_ceo_initial_data_character_historical_wang_jin	3k_main_hero_generic_wood	1	1	3k_main_rank_effect_set_romance_base	3k_main_attribute_set_general_wood_romance	3k_dlc05_skillset_generic_bandit_general_wood	1	1.0000	true
ironic_template_historical_chen_pu_hero_metal	historical	3k_standard_death_distribution_no_infant_mortality	3k_main_ceo_initial_data_character_historical_chen_pu	3k_main_general_generic_metal	1	1	3k_main_rank_effect_set_records_base	3k_main_attribute_set_general_metal_records	3k_dlc05_skillset_generic_bandit_minister_metal	1	1.0000	true
ironic_template_historical_chen_pu_hero_metal	romance	3k_romance_death_distribution	3k_main_ceo_initial_data_character_historical_chen_pu	3k_main_hero_generic_metal	1	1	3k_main_rank_effect_set_romance_base	3k_main_attribute_set_general_metal_romance	3k_dlc05_skillset_generic_bandit_minister_metal	1	1.0000	true
ironic_template_historical_wang_hai_hero_water	historical	3k_standard_death_distribution_no_infant_mortality	3k_main_ceo_initial_data_character_historical_wang_hai	3k_main_general_generic_water_strategist	1	1	3k_main_rank_effect_set_records_water_strategist	3k_main_attribute_set_general_water_records	3k_dlc05_skillset_generic_bandit_governor_water_strategist	1	1.0000	true
ironic_template_historical_wang_hai_hero_water	romance	3k_romance_death_distribution	3k_main_ceo_initial_data_character_historical_wang_hai	3k_main_hero_generic_water_strategist	1	1	3k_main_rank_effect_set_romance_water_strategist	3k_main_attribute_set_general_water_romance	3k_dlc05_skillset_generic_bandit_governor_water_strategist	1	1.0000	true
ironic_template_historical_peng_cai_hero_wood	historical	3k_standard_death_distribution_no_infant_mortality	3k_main_ceo_initial_data_character_historical_peng_cai	3k_main_general_generic_wood	1	1	3k_main_rank_effect_set_records_base	3k_main_attribute_set_general_wood_records	3k_dlc05_skillset_generic_bandit_general_wood	1	1.0000	true
ironic_template_historical_peng_cai_hero_wood	romance	3k_romance_death_distribution	3k_main_ceo_initial_data_character_historical_peng_cai	3k_main_hero_generic_wood	1	1	3k_main_rank_effect_set_romance_base	3k_main_attribute_set_general_wood_romance	3k_dlc05_skillset_generic_bandit_general_wood	1	1.0000	true
ironic_template_historical_wu_dang_hero_earth	historical	3k_standard_death_distribution_no_infant_mortality	3k_main_ceo_initial_data_character_historical_wu_dang	3k_main_general_generic_earth	1	1	3k_main_rank_effect_set_records_earth_commander	3k_main_attribute_set_general_earth_records	3k_dlc05_skillset_generic_bandit_governor_earth	1	1.0000	true
ironic_template_historical_wu_dang_hero_earth	romance	3k_romance_death_distribution	3k_main_ceo_initial_data_character_historical_wu_dang	3k_main_hero_generic_earth	1	1	3k_main_rank_effect_set_romance_earth_commander	3k_main_attribute_set_general_earth_romance	3k_dlc05_skillset_generic_bandit_governor_earth	1	1.0000	true
ironic_template_historical_ouhou_cai_hero_metal	historical	3k_standard_death_distribution_no_infant_mortality	3k_main_ceo_initial_data_character_historical_ouhou_cai	3k_main_general_generic_metal	1	1	3k_main_rank_effect_set_records_base	3k_main_attribute_set_general_metal_records	3k_dlc05_skillset_ouhou_cai_bandit_general_metal	1	1.0000	true
ironic_template_historical_ouhou_cai_hero_metal	romance	3k_romance_death_distribution	3k_main_ceo_initial_data_character_historical_ouhou_cai	3k_main_hero_generic_metal	1	1	3k_main_rank_effect_set_romance_base	3k_main_attribute_set_general_metal_romance	3k_dlc05_skillset_ouhou_cai_bandit_general_metal	1	1.0000	true
ironic_template_historical_zu_mo_hero_water	historical	3k_standard_death_distribution_no_infant_mortality	3k_main_ceo_initial_data_character_historical_zu_mo	3k_main_general_generic_water_strategist	1	1	3k_main_rank_effect_set_records_water_strategist	3k_main_attribute_set_general_water_records	3k_dlc05_skillset_generic_bandit_envoy_water_strategist	1	1.0000	true
ironic_template_historical_zu_mo_hero_water	romance	3k_romance_death_distribution	3k_main_ceo_initial_data_character_historical_zu_mo	3k_main_hero_generic_water_strategist	1	1	3k_main_rank_effect_set_romance_water_strategist	3k_main_attribute_set_general_water_romance	3k_dlc05_skillset_generic_bandit_envoy_water_strategist	1	1.0000	true
ironic_template_historical_zu_si_hero_earth	historical	3k_standard_death_distribution_no_infant_mortality	3k_main_ceo_initial_data_character_historical_zu_si	3k_main_general_generic_earth	1	1	3k_main_rank_effect_set_records_earth_commander	3k_main_attribute_set_general_earth_records	3k_dlc05_skillset_generic_bandit_general_earth	1	1.0000	true
ironic_template_historical_zu_si_hero_earth	romance	3k_romance_death_distribution	3k_main_ceo_initial_data_character_historical_zu_si	3k_main_hero_generic_earth	1	1	3k_main_rank_effect_set_romance_earth_commander	3k_main_attribute_set_general_earth_romance	3k_dlc05_skillset_generic_bandit_general_earth	1	1.0000	true
ironic_template_historical_zu_ting_hero_wood	historical	3k_standard_death_distribution_no_infant_mortality	3k_main_ceo_initial_data_character_historical_zu_ting	3k_main_general_generic_wood	1	1	3k_main_rank_effect_set_records_base	3k_main_attribute_set_general_wood_records	3k_dlc05_skillset_zu_ting_bandit_general_wood	1	1.0000	true
ironic_template_historical_zu_ting_hero_wood	romance	3k_romance_death_distribution	3k_main_ceo_initial_data_character_historical_zu_ting	3k_main_hero_generic_wood	1	1	3k_main_rank_effect_set_romance_base	3k_main_attribute_set_general_wood_romance	3k_dlc05_skillset_zu_ting_bandit_general_wood	1	1.0000	true
ironic_template_historical_zu_cui_hero_water	historical	3k_standard_death_distribution_no_infant_mortality	3k_main_ceo_initial_data_character_historical_zu_cui	3k_main_general_generic_water_strategist	1	1	3k_main_rank_effect_set_records_water_strategist	3k_main_attribute_set_general_water_records	3k_dlc05_skillset_generic_bandit_agent_water_strategist	1	1.0000	true
ironic_template_historical_zu_cui_hero_water	romance	3k_romance_death_distribution	3k_main_ceo_initial_data_character_historical_zu_cui	3k_main_hero_generic_water_strategist	1	1	3k_main_rank_effect_set_romance_water_strategist	3k_main_attribute_set_general_water_romance	3k_dlc05_skillset_generic_bandit_agent_water_strategist	1	1.0000	true
ironic_template_historical_zu_hong_hero_wood	historical	3k_standard_death_distribution_no_infant_mortality	3k_main_ceo_initial_data_character_historical_zu_hong	3k_main_general_generic_wood	1	1	3k_main_rank_effect_set_records_base	3k_main_attribute_set_general_wood_records	3k_dlc05_skillset_generic_bandit_minister_wood	1	1.0000	true
ironic_template_historical_zu_hong_hero_wood	romance	3k_romance_death_distribution	3k_main_ceo_initial_data_character_historical_zu_hong	3k_main_hero_generic_wood	1	1	3k_main_rank_effect_set_romance_base	3k_main_attribute_set_general_wood_romance	3k_dlc05_skillset_generic_bandit_minister_wood	1	1.0000	true
ironic_template_historical_yuan_yu_hero_fire	historical	3k_standard_death_distribution_no_infant_mortality	3k_main_ceo_initial_data_character_historical_yuan_yu	3k_main_general_generic_fire	1	1	3k_main_rank_effect_set_records_base	3k_main_attribute_set_general_fire_records	3k_dlc05_skillset_generic_bandit_minister_fire	1	1.0000	true
ironic_template_historical_yuan_yu_hero_fire	romance	3k_romance_death_distribution	3k_main_ceo_initial_data_character_historical_yuan_yu	3k_main_hero_generic_fire	1	1	3k_main_rank_effect_set_romance_base	3k_main_attribute_set_general_fire_romance	3k_dlc05_skillset_generic_bandit_minister_fire	1	1.0000	true
ironic_template_historical_hong_jin_hero_earth	historical	3k_standard_death_distribution_no_infant_mortality	3k_main_ceo_initial_data_character_historical_hong_jin	3k_main_general_generic_earth	1	1	3k_main_rank_effect_set_records_earth_commander	3k_main_attribute_set_general_earth_records	3k_dlc05_skillset_generic_bandit_minister_earth	1	1.0000	true
ironic_template_historical_hong_jin_hero_earth	romance	3k_romance_death_distribution	3k_main_ceo_initial_data_character_historical_hong_jin	3k_main_hero_generic_earth	1	1	3k_main_rank_effect_set_romance_earth_commander	3k_main_attribute_set_general_earth_romance	3k_dlc05_skillset_generic_bandit_minister_earth	1	1.0000	true
ironic_template_historical_zou_ta_hero_metal	historical	3k_standard_death_distribution_no_infant_mortality	3k_main_ceo_initial_data_character_historical_zou_ta	3k_main_general_generic_metal	1	1	3k_main_rank_effect_set_records_base	3k_main_attribute_set_general_metal_records	3k_dlc05_skillset_generic_bandit_general_metal	1	1.0000	true
ironic_template_historical_zou_ta_hero_metal	romance	3k_romance_death_distribution	3k_main_ceo_initial_data_character_historical_zou_ta	3k_main_hero_generic_metal	1	1	3k_main_rank_effect_set_romance_base	3k_main_attribute_set_general_metal_romance	3k_dlc05_skillset_generic_bandit_general_metal	1	1.0000	true
ironic_template_historical_qian_tong_hero_fire	historical	3k_standard_death_distribution_no_infant_mortality	3k_main_ceo_initial_data_character_historical_qian_tong	3k_main_general_generic_fire	1	1	3k_main_rank_effect_set_records_base	3k_main_attribute_set_general_fire_records	3k_dlc05_skillset_generic_bandit_governor_fire	1	1.0000	true
ironic_template_historical_qian_tong_hero_fire	romance	3k_romance_death_distribution	3k_main_ceo_initial_data_character_historical_qian_tong	3k_main_hero_generic_fire	1	1	3k_main_rank_effect_set_romance_base	3k_main_attribute_set_general_fire_romance	3k_dlc05_skillset_generic_bandit_governor_fire	1	1.0000	true
ironic_template_historical_jiao_yi_hero_wood	historical	3k_standard_death_distribution_no_infant_mortality	3k_main_ceo_initial_data_character_historical_jiao_yi	3k_main_general_generic_wood	1	1	3k_main_rank_effect_set_records_base	3k_main_attribute_set_general_wood_records	3k_dlc05_skillset_generic_bandit_agent_wood	1	1.0000	true
ironic_template_historical_jiao_yi_hero_wood	romance	3k_romance_death_distribution	3k_main_ceo_initial_data_character_historical_jiao_yi	3k_main_hero_generic_wood	1	1	3k_main_rank_effect_set_romance_base	3k_main_attribute_set_general_wood_romance	3k_dlc05_skillset_generic_bandit_agent_wood	1	1.0000	true
ironic_template_historical_dang_lianhua_hero_earth	historical	3k_standard_death_distribution_no_infant_mortality	3k_main_ceo_initial_data_character_historical_dang_lianhua	3k_main_general_generic_earth	1	1	3k_main_rank_effect_set_records_earth_commander	3k_main_attribute_set_general_earth_records	3k_main_skillset_generic_envoy_earth	1	1.0000	true
ironic_template_historical_dang_lianhua_hero_earth	romance	3k_romance_death_distribution	3k_main_ceo_initial_data_character_historical_dang_lianhua	3k_main_hero_generic_earth	1	1	3k_main_rank_effect_set_romance_earth_commander	3k_main_attribute_set_general_earth_romance	3k_main_skillset_generic_envoy_earth	1	1.0000	true
ironic_template_historical_lei_ding_hero_fire	historical	3k_standard_death_distribution_no_infant_mortality	3k_main_ceo_initial_data_character_historical_lei_ding	3k_main_general_generic_fire	1	1	3k_main_rank_effect_set_records_base	3k_main_attribute_set_general_fire_records	3k_main_skillset_generic_general_fire	1	1.0000	true
ironic_template_historical_lei_ding_hero_fire	romance	3k_romance_death_distribution	3k_main_ceo_initial_data_character_historical_lei_ding	3k_main_hero_generic_fire	1	1	3k_main_rank_effect_set_romance_base	3k_main_attribute_set_general_fire_romance	3k_main_skillset_generic_general_fire	1	1.0000	true
ironic_template_historical_guo_xian_hero_metal	historical	3k_standard_death_distribution_no_infant_mortality	3k_main_ceo_initial_data_character_historical_guo_xian	3k_main_general_generic_metal	1	1	3k_main_rank_effect_set_records_base	3k_main_attribute_set_general_metal_records	3k_main_skillset_generic_governor_metal	1	1.0000	true
ironic_template_historical_guo_xian_hero_metal	romance	3k_romance_death_distribution	3k_main_ceo_initial_data_character_historical_guo_xian	3k_main_hero_generic_metal	1	1	3k_main_rank_effect_set_romance_base	3k_main_attribute_set_general_metal_romance	3k_main_skillset_generic_governor_metal	1	1.0000	true
ironic_template_historical_yang_kui_hero_earth	historical	3k_standard_death_distribution_no_infant_mortality	3k_main_ceo_initial_data_character_historical_yang_kui	3k_main_general_generic_earth	1	1	3k_main_rank_effect_set_records_earth_commander	3k_main_attribute_set_general_earth_records	3k_main_skillset_generic_general_earth	1	1.0000	true
ironic_template_historical_yang_kui_hero_earth	romance	3k_romance_death_distribution	3k_main_ceo_initial_data_character_historical_yang_kui	3k_main_hero_generic_earth	1	1	3k_main_rank_effect_set_romance_earth_commander	3k_main_attribute_set_general_earth_romance	3k_main_skillset_generic_general_earth	1	1.0000	true
ironic_template_historical_qu_pan_hero_earth	historical	3k_standard_death_distribution_no_infant_mortality	3k_main_ceo_initial_data_character_historical_qu_pan	3k_main_general_generic_earth	1	1	3k_main_rank_effect_set_records_earth_commander	3k_main_attribute_set_general_earth_records	3k_main_skillset_generic_minister_earth	1	1.0000	true
ironic_template_historical_qu_pan_hero_earth	romance	3k_romance_death_distribution	3k_main_ceo_initial_data_character_historical_qu_pan	3k_main_hero_generic_earth	1	1	3k_main_rank_effect_set_romance_earth_commander	3k_main_attribute_set_general_earth_romance	3k_main_skillset_generic_minister_earth	1	1.0000	true
ironic_template_historical_xin_fangyue_hero_water	historical	3k_standard_death_distribution_no_infant_mortality	3k_main_ceo_initial_data_character_historical_xin_fangyue	3k_main_general_generic_water_strategist	1	1	3k_main_rank_effect_set_records_water_strategist	3k_main_attribute_set_general_water_records	3k_main_skillset_generic_envoy_water_strategist	1	1.0000	true
ironic_template_historical_xin_fangyue_hero_water	romance	3k_romance_death_distribution	3k_main_ceo_initial_data_character_historical_xin_fangyue	3k_main_hero_generic_water_strategist	1	1	3k_main_rank_effect_set_romance_water_strategist	3k_main_attribute_set_general_water_romance	3k_main_skillset_generic_envoy_water_strategist	1	1.0000	true
ironic_template_historical_xi_jiao_hero_wood	historical	3k_standard_death_distribution_no_infant_mortality	3k_main_ceo_initial_data_character_historical_xi_jiao	3k_main_general_generic_wood	1	1	3k_main_rank_effect_set_records_base	3k_main_attribute_set_general_wood_records	3k_main_skillset_generic_general_wood	1	1.0000	true
ironic_template_historical_xi_jiao_hero_wood	romance	3k_romance_death_distribution	3k_main_ceo_initial_data_character_historical_xi_jiao	3k_main_hero_generic_wood	1	1	3k_main_rank_effect_set_romance_base	3k_main_attribute_set_general_wood_romance	3k_main_skillset_generic_general_wood	1	1.0000	true
ironic_template_historical_zuo_yu_hero_metal	historical	3k_standard_death_distribution_no_infant_mortality	3k_main_ceo_initial_data_character_historical_zuo_yu	3k_main_general_generic_metal	1	1	3k_main_rank_effect_set_records_base	3k_main_attribute_set_general_metal_records	3k_main_skillset_generic_envoy_metal	1	1.0000	true
ironic_template_historical_zuo_yu_hero_metal	romance	3k_romance_death_distribution	3k_main_ceo_initial_data_character_historical_zuo_yu	3k_main_hero_generic_metal	1	1	3k_main_rank_effect_set_romance_base	3k_main_attribute_set_general_metal_romance	3k_main_skillset_generic_envoy_metal	1	1.0000	true
ironic_template_historical_zao_zhan_hero_water	historical	3k_standard_death_distribution_no_infant_mortality	3k_main_ceo_initial_data_character_historical_zao_zhan	3k_main_general_generic_water_strategist	1	1	3k_main_rank_effect_set_records_water_strategist	3k_main_attribute_set_general_water_records	3k_main_skillset_generic_minister_water_strategist	1	1.0000	true
ironic_template_historical_zao_zhan_hero_water	romance	3k_romance_death_distribution	3k_main_ceo_initial_data_character_historical_zao_zhan	3k_main_hero_generic_water_strategist	1	1	3k_main_rank_effect_set_romance_water_strategist	3k_main_attribute_set_general_water_romance	3k_main_skillset_generic_minister_water_strategist	1	1.0000	true
ironic_template_historical_cheng_fu_hero_fire	historical	3k_standard_death_distribution_no_infant_mortality	3k_main_ceo_initial_data_character_historical_cheng_fu	3k_main_general_generic_fire	1	1	3k_main_rank_effect_set_records_base	3k_main_attribute_set_general_fire_records	3k_main_skillset_generic_general_fire	1	1.0000	true
ironic_template_historical_cheng_fu_hero_fire	romance	3k_romance_death_distribution	3k_main_ceo_initial_data_character_historical_cheng_fu	3k_main_hero_generic_fire	1	1	3k_main_rank_effect_set_romance_base	3k_main_attribute_set_general_fire_romance	3k_main_skillset_generic_general_fire	1	1.0000	true
ironic_template_historical_su_dai_hero_wood	historical	3k_standard_death_distribution_no_infant_mortality	3k_main_ceo_initial_data_character_historical_su_dai_unique	ironic_190e_general_su_dai_wood	1	1	3k_main_rank_effect_set_records_base	3k_main_attribute_set_general_wood_records	3k_main_skillset_generic_minister_wood	1	1.0000	true
ironic_template_historical_su_dai_hero_wood	romance	3k_romance_death_distribution	3k_main_ceo_initial_data_character_historical_su_dai_unique	ironic_190e_hero_su_dai_wood	1	1	3k_main_rank_effect_set_romance_base	3k_main_attribute_set_general_wood_romance	3k_main_skillset_generic_minister_wood	1	1.0000	true
ironic_template_historical_bei_jia_hero_water	historical	3k_standard_death_distribution_no_infant_mortality	3k_main_ceo_initial_data_character_historical_bei_jia	3k_main_general_generic_water_strategist	1	1	3k_main_rank_effect_set_records_water_strategist	3k_main_attribute_set_general_water_records	3k_main_skillset_generic_agent_water_strategist	1	1.0000	true
ironic_template_historical_bei_jia_hero_water	romance	3k_romance_death_distribution	3k_main_ceo_initial_data_character_historical_bei_jia	3k_main_hero_generic_water_strategist	1	1	3k_main_rank_effect_set_romance_water_strategist	3k_main_attribute_set_general_water_romance	3k_main_skillset_generic_agent_water_strategist	1	1.0000	true
ironic_template_historical_bei_yu_hero_fire	historical	3k_standard_death_distribution_no_infant_mortality	3k_main_ceo_initial_data_character_historical_bei_yu	3k_main_general_generic_fire	1	1	3k_main_rank_effect_set_records_base	3k_main_attribute_set_general_fire_records	3k_main_skillset_generic_minister_fire	1	1.0000	true
ironic_template_historical_bei_yu_hero_fire	romance	3k_romance_death_distribution	3k_main_ceo_initial_data_character_historical_bei_yu	3k_main_hero_generic_fire	1	1	3k_main_rank_effect_set_romance_base	3k_main_attribute_set_general_fire_romance	3k_main_skillset_generic_minister_fire	1	1.0000	true
ironic_template_historical_linghu_qian_hero_earth	historical	3k_standard_death_distribution_no_infant_mortality	3k_main_ceo_initial_data_character_historical_linghu_qian	3k_main_general_generic_earth	1	1	3k_main_rank_effect_set_records_earth_commander	3k_main_attribute_set_general_earth_records	3k_main_skillset_generic_agent_earth	1	1.0000	true
ironic_template_historical_linghu_qian_hero_earth	romance	3k_romance_death_distribution	3k_main_ceo_initial_data_character_historical_linghu_qian	3k_main_hero_generic_earth	1	1	3k_main_rank_effect_set_romance_earth_commander	3k_main_attribute_set_general_earth_romance	3k_main_skillset_generic_agent_earth	1	1.0000	true
ironic_template_historical_bei_chong_hero_water	historical	3k_standard_death_distribution_no_infant_mortality	3k_main_ceo_initial_data_character_historical_bei_chong	3k_main_general_generic_water_strategist	1	1	3k_main_rank_effect_set_records_water_strategist	3k_main_attribute_set_general_water_records	3k_main_skillset_generic_governor_water_strategist	1	1.0000	true
ironic_template_historical_bei_chong_hero_water	romance	3k_romance_death_distribution	3k_main_ceo_initial_data_character_historical_bei_chong	3k_main_hero_generic_water_strategist	1	1	3k_main_rank_effect_set_romance_water_strategist	3k_main_attribute_set_general_water_romance	3k_main_skillset_generic_governor_water_strategist	1	1.0000	true
ironic_template_historical_su_ping_hero_earth	historical	3k_standard_death_distribution_no_infant_mortality	3k_main_ceo_initial_data_character_historical_su_ping	3k_main_general_generic_earth	1	1	3k_main_rank_effect_set_records_earth_commander	3k_main_attribute_set_general_earth_records	3k_main_skillset_generic_envoy_earth	1	1.0000	true
ironic_template_historical_su_ping_hero_earth	romance	3k_romance_death_distribution	3k_main_ceo_initial_data_character_historical_su_ping	3k_main_hero_generic_earth	1	1	3k_main_rank_effect_set_romance_earth_commander	3k_main_attribute_set_general_earth_romance	3k_main_skillset_generic_envoy_earth	1	1.0000	true
ironic_template_historical_su_kelan_hero_metal	historical	3k_standard_death_distribution_no_infant_mortality	3k_main_ceo_initial_data_character_historical_su_kelan	3k_main_general_generic_metal	1	1	3k_main_rank_effect_set_records_base	3k_main_attribute_set_general_metal_records	3k_main_skillset_generic_envoy_metal	1	1.0000	true
ironic_template_historical_su_kelan_hero_metal	romance	3k_romance_death_distribution	3k_main_ceo_initial_data_character_historical_su_kelan	3k_main_hero_generic_metal	1	1	3k_main_rank_effect_set_romance_base	3k_main_attribute_set_general_metal_romance	3k_main_skillset_generic_envoy_metal	1	1.0000	true
ironic_template_historical_heng_ruiling_hero_earth	historical	3k_standard_death_distribution_no_infant_mortality	3k_main_ceo_initial_data_character_historical_heng_ruiling	3k_main_general_generic_earth	1	1	3k_main_rank_effect_set_records_earth_commander	3k_main_attribute_set_general_earth_records	3k_main_skillset_generic_minister_earth	1	1.0000	true
ironic_template_historical_heng_ruiling_hero_earth	romance	3k_romance_death_distribution	3k_main_ceo_initial_data_character_historical_heng_ruiling	3k_main_hero_generic_earth	1	1	3k_main_rank_effect_set_romance_earth_commander	3k_main_attribute_set_general_earth_romance	3k_main_skillset_generic_minister_earth	1	1.0000	true
ironic_template_historical_bian_rou_hero_metal	historical	3k_standard_death_distribution_no_infant_mortality	3k_main_ceo_initial_data_character_historical_bian_rou	3k_main_general_generic_metal	1	1	3k_main_rank_effect_set_records_base	3k_main_attribute_set_general_metal_records	3k_main_skillset_generic_minister_metal	1	1.0000	true
ironic_template_historical_bian_rou_hero_metal	romance	3k_romance_death_distribution	3k_main_ceo_initial_data_character_historical_bian_rou	3k_main_hero_generic_metal	1	1	3k_main_rank_effect_set_romance_base	3k_main_attribute_set_general_metal_romance	3k_main_skillset_generic_minister_metal	1	1.0000	true
ironic_template_historical_bian_baozhai_hero_earth	historical	3k_standard_death_distribution_no_infant_mortality	3k_main_ceo_initial_data_character_historical_bian_baozhai	3k_main_general_generic_earth	1	1	3k_main_rank_effect_set_records_earth_commander	3k_main_attribute_set_general_earth_records	3k_main_skillset_generic_agent_earth	1	1.0000	true
ironic_template_historical_bian_baozhai_hero_earth	romance	3k_romance_death_distribution	3k_main_ceo_initial_data_character_historical_bian_baozhai	3k_main_hero_generic_earth	1	1	3k_main_rank_effect_set_romance_earth_commander	3k_main_attribute_set_general_earth_romance	3k_main_skillset_generic_agent_earth	1	1.0000	true
ironic_template_historical_lu_qian_hero_metal	historical	3k_standard_death_distribution_no_infant_mortality	3k_main_ceo_initial_data_character_historical_lu_qian	3k_main_general_generic_metal	1	1	3k_main_rank_effect_set_records_base	3k_main_attribute_set_general_metal_records	3k_main_skillset_generic_general_metal	1	1.0000	true
ironic_template_historical_lu_qian_hero_metal	romance	3k_romance_death_distribution	3k_main_ceo_initial_data_character_historical_lu_qian	3k_main_hero_generic_metal	1	1	3k_main_rank_effect_set_romance_base	3k_main_attribute_set_general_metal_romance	3k_main_skillset_generic_general_metal	1	1.0000	true
ironic_template_historical_yang_jun_hero_metal	historical	3k_standard_death_distribution_no_infant_mortality	3k_main_ceo_initial_data_character_historical_yang_jun	3k_main_general_generic_metal	1	1	3k_main_rank_effect_set_records_base	3k_main_attribute_set_general_metal_records	3k_main_skillset_generic_governor_metal	1	1.0000	true
ironic_template_historical_yang_jun_hero_metal	romance	3k_romance_death_distribution	3k_main_ceo_initial_data_character_historical_yang_jun	3k_main_hero_generic_metal	1	1	3k_main_rank_effect_set_romance_base	3k_main_attribute_set_general_metal_romance	3k_main_skillset_generic_governor_metal	1	1.0000	true
ironic_template_historical_huan_shao_hero_water	historical	3k_standard_death_distribution_no_infant_mortality	3k_main_ceo_initial_data_character_historical_huan_shao	3k_main_general_generic_water_strategist	1	1	3k_main_rank_effect_set_records_water_strategist	3k_main_attribute_set_general_water_records	3k_main_skillset_generic_governor_water_strategist	1	1.0000	true
ironic_template_historical_huan_shao_hero_water	romance	3k_romance_death_distribution	3k_main_ceo_initial_data_character_historical_huan_shao	3k_main_hero_generic_water_strategist	1	1	3k_main_rank_effect_set_romance_water_strategist	3k_main_attribute_set_general_water_romance	3k_main_skillset_generic_governor_water_strategist	1	1.0000	true
ironic_template_historical_xu_xi_hero_fire	historical	3k_standard_death_distribution_no_infant_mortality	3k_main_ceo_initial_data_character_historical_xu_xi	3k_main_general_generic_fire	1	1	3k_main_rank_effect_set_records_base	3k_main_attribute_set_general_fire_records	3k_main_skillset_generic_general_fire	1	1.0000	true
ironic_template_historical_xu_xi_hero_fire	romance	3k_romance_death_distribution	3k_main_ceo_initial_data_character_historical_xu_xi	3k_main_hero_generic_fire	1	1	3k_main_rank_effect_set_romance_base	3k_main_attribute_set_general_fire_romance	3k_main_skillset_generic_general_fire	1	1.0000	true
ironic_template_historical_mao_jun_hero_wood	historical	3k_standard_death_distribution_no_infant_mortality	3k_main_ceo_initial_data_character_historical_mao_jun	3k_main_general_generic_wood	1	1	3k_main_rank_effect_set_records_base	3k_main_attribute_set_general_wood_records	3k_main_skillset_generic_general_wood	1	1.0000	true
ironic_template_historical_mao_jun_hero_wood	romance	3k_romance_death_distribution	3k_main_ceo_initial_data_character_historical_mao_jun	3k_main_hero_generic_wood	1	1	3k_main_rank_effect_set_romance_base	3k_main_attribute_set_general_wood_romance	3k_main_skillset_generic_general_wood	1	1.0000	true
ironic_template_historical_jiong_mu_hero_earth	historical	3k_standard_death_distribution_no_infant_mortality	3k_main_ceo_initial_data_character_historical_jiong_mu	3k_main_general_generic_earth	1	1	3k_main_rank_effect_set_records_earth_commander	3k_main_attribute_set_general_earth_records	3k_main_skillset_generic_general_earth	1	1.0000	true
ironic_template_historical_jiong_mu_hero_earth	romance	3k_romance_death_distribution	3k_main_ceo_initial_data_character_historical_jiong_mu	3k_main_hero_generic_earth	1	1	3k_main_rank_effect_set_romance_earth_commander	3k_main_attribute_set_general_earth_romance	3k_main_skillset_generic_general_earth	1	1.0000	true
ironic_template_historical_du_song_hero_water	historical	3k_standard_death_distribution_no_infant_mortality	3k_main_ceo_initial_data_character_historical_du_song	3k_main_general_generic_water_strategist	1	1	3k_main_rank_effect_set_records_water_strategist	3k_main_attribute_set_general_water_records	3k_main_skillset_generic_general_water_strategist	1	1.0000	true
ironic_template_historical_du_song_hero_water	romance	3k_romance_death_distribution	3k_main_ceo_initial_data_character_historical_du_song	3k_main_hero_generic_water_strategist	1	1	3k_main_rank_effect_set_romance_water_strategist	3k_main_attribute_set_general_water_romance	3k_main_skillset_generic_general_water_strategist	1	1.0000	true
ironic_template_historical_wang_xiang_hero_earth	historical	3k_standard_death_distribution_no_infant_mortality	3k_main_ceo_initial_data_character_historical_wang_xiang	3k_main_general_generic_earth	1	1	3k_main_rank_effect_set_records_earth_commander	3k_main_attribute_set_general_earth_records	3k_main_skillset_generic_governor_earth	1	1.0000	true
ironic_template_historical_wang_xiang_hero_earth	romance	3k_romance_death_distribution	3k_main_ceo_initial_data_character_historical_wang_xiang	3k_main_hero_generic_earth	1	1	3k_main_rank_effect_set_romance_earth_commander	3k_main_attribute_set_general_earth_romance	3k_main_skillset_generic_governor_earth	1	1.0000	true
ironic_template_historical_zhang_shuo_hero_earth	historical	3k_standard_death_distribution_no_infant_mortality	3k_main_ceo_initial_data_character_historical_zhang_shuo	3k_main_general_generic_earth	1	1	3k_main_rank_effect_set_records_earth_commander	3k_main_attribute_set_general_earth_records	3k_main_skillset_generic_general_earth	1	1.0000	true
ironic_template_historical_zhang_shuo_hero_earth	romance	3k_romance_death_distribution	3k_main_ceo_initial_data_character_historical_zhang_shuo	3k_main_hero_generic_earth	1	1	3k_main_rank_effect_set_romance_earth_commander	3k_main_attribute_set_general_earth_romance	3k_main_skillset_generic_general_earth	1	1.0000	true
ironic_template_historical_deng_long_hero_metal	historical	3k_standard_death_distribution_no_infant_mortality	3k_main_ceo_initial_data_character_historical_deng_long	3k_main_general_generic_metal	1	1	3k_main_rank_effect_set_records_base	3k_main_attribute_set_general_metal_records	3k_main_skillset_generic_general_metal	1	1.0000	true
ironic_template_historical_deng_long_hero_metal	romance	3k_romance_death_distribution	3k_main_ceo_initial_data_character_historical_deng_long	3k_main_hero_generic_metal	1	1	3k_main_rank_effect_set_romance_base	3k_main_attribute_set_general_metal_romance	3k_main_skillset_generic_general_metal	1	1.0000	true
ironic_template_historical_chen_sheng_hero_wood	historical	3k_standard_death_distribution_no_infant_mortality	3k_main_ceo_initial_data_character_historical_chen_sheng	3k_main_general_generic_wood	1	1	3k_main_rank_effect_set_records_base	3k_main_attribute_set_general_wood_records	3k_main_skillset_generic_minister_wood	1	1.0000	true
ironic_template_historical_chen_sheng_hero_wood	romance	3k_romance_death_distribution	3k_main_ceo_initial_data_character_historical_chen_sheng	3k_main_hero_generic_wood	1	1	3k_main_rank_effect_set_romance_base	3k_main_attribute_set_general_wood_romance	3k_main_skillset_generic_minister_wood	1	1.0000	true
ironic_template_historical_li_gui_hero_water	historical	3k_standard_death_distribution_no_infant_mortality	3k_main_ceo_initial_data_character_historical_li_gui	3k_main_general_generic_water_strategist	1	1	3k_main_rank_effect_set_records_water_strategist	3k_main_attribute_set_general_water_records	3k_main_skillset_generic_governor_water_strategist	1	1.0000	true
ironic_template_historical_li_gui_hero_water	romance	3k_romance_death_distribution	3k_main_ceo_initial_data_character_historical_li_gui	3k_main_hero_generic_water_strategist	1	1	3k_main_rank_effect_set_romance_water_strategist	3k_main_attribute_set_general_water_romance	3k_main_skillset_generic_governor_water_strategist	1	1.0000	true
ironic_template_historical_cai_hui_hero_metal	historical	3k_standard_death_distribution_no_infant_mortality	3k_main_ceo_initial_data_character_historical_cai_hui	3k_main_general_generic_metal	1	1	3k_main_rank_effect_set_records_base	3k_main_attribute_set_general_metal_records	3k_main_skillset_generic_envoy_metal	1	1.0000	true
ironic_template_historical_cai_hui_hero_metal	romance	3k_romance_death_distribution	3k_main_ceo_initial_data_character_historical_cai_hui	3k_main_hero_generic_metal	1	1	3k_main_rank_effect_set_romance_base	3k_main_attribute_set_general_metal_romance	3k_main_skillset_generic_envoy_metal	1	1.0000	true
ironic_template_historical_fan_yufeng_hero_earth	historical	3k_standard_death_distribution_no_infant_mortality	3k_main_ceo_initial_data_character_historical_fan_yufeng	3k_main_general_generic_earth	1	1	3k_main_rank_effect_set_records_earth_commander	3k_main_attribute_set_general_earth_records	3k_main_skillset_fan_fuyeng_agent_earth	1	1.0000	true
ironic_template_historical_fan_yufeng_hero_earth	romance	3k_romance_death_distribution	3k_main_ceo_initial_data_character_historical_fan_yufeng	3k_main_hero_generic_earth	1	1	3k_main_rank_effect_set_romance_earth_commander	3k_main_attribute_set_general_earth_romance	3k_main_skillset_fan_fuyeng_agent_earth	1	1.0000	true
ironic_template_historical_bao_long_hero_wood	historical	3k_standard_death_distribution_no_infant_mortality	3k_main_ceo_initial_data_character_historical_bao_long	3k_main_general_generic_wood	1	1	3k_main_rank_effect_set_records_base	3k_main_attribute_set_general_wood_records	3k_main_skillset_generic_general_wood	1	1.0000	true
ironic_template_historical_bao_long_hero_wood	romance	3k_romance_death_distribution	3k_main_ceo_initial_data_character_historical_bao_long	3k_main_hero_generic_wood	1	1	3k_main_rank_effect_set_romance_base	3k_main_attribute_set_general_wood_romance	3k_main_skillset_generic_general_wood	1	1.0000	true
ironic_template_historical_fu_xun_hero_water	historical	3k_standard_death_distribution_no_infant_mortality	3k_main_ceo_initial_data_character_historical_fu_xun	3k_main_general_generic_water_strategist	1	1	3k_main_rank_effect_set_records_water_strategist	3k_main_attribute_set_general_water_records	3k_main_skillset_generic_governor_water_strategist	1	1.0000	true
ironic_template_historical_fu_xun_hero_water	romance	3k_romance_death_distribution	3k_main_ceo_initial_data_character_historical_fu_xun	3k_main_hero_generic_water_strategist	1	1	3k_main_rank_effect_set_romance_water_strategist	3k_main_attribute_set_general_water_romance	3k_main_skillset_generic_governor_water_strategist	1	1.0000	true
ironic_template_historical_han_song_hero_metal	historical	3k_standard_death_distribution_no_infant_mortality	3k_main_ceo_initial_data_character_historical_han_song	3k_main_general_generic_metal	1	1	3k_main_rank_effect_set_records_base	3k_main_attribute_set_general_metal_records	3k_main_skillset_generic_minister_metal	1	1.0000	true
ironic_template_historical_han_song_hero_metal	romance	3k_romance_death_distribution	3k_main_ceo_initial_data_character_historical_han_song	3k_main_hero_generic_metal	1	1	3k_main_rank_effect_set_romance_base	3k_main_attribute_set_general_metal_romance	3k_main_skillset_generic_minister_metal	1	1.0000	true
ironic_template_historical_cai_huizhen_hero_earth	historical	3k_standard_death_distribution_no_infant_mortality	3k_main_ceo_initial_data_character_historical_cai_huizhen	3k_main_general_generic_earth	1	1	3k_main_rank_effect_set_records_earth_commander	3k_main_attribute_set_general_earth_records	3k_main_skillset_generic_envoy_earth	1	1.0000	true
ironic_template_historical_cai_huizhen_hero_earth	romance	3k_romance_death_distribution	3k_main_ceo_initial_data_character_historical_cai_huizhen	3k_main_hero_generic_earth	1	1	3k_main_rank_effect_set_romance_earth_commander	3k_main_attribute_set_general_earth_romance	3k_main_skillset_generic_envoy_earth	1	1.0000	true
ironic_template_historical_liu_xiu_hero_earth	historical	3k_standard_death_distribution_no_infant_mortality	3k_main_ceo_initial_data_character_historical_liu_xiu	3k_main_general_generic_earth	1	1	3k_main_rank_effect_set_records_earth_commander	3k_main_attribute_set_general_earth_records	3k_main_skillset_generic_minister_earth	1	1.0000	true
ironic_template_historical_liu_xiu_hero_earth	romance	3k_romance_death_distribution	3k_main_ceo_initial_data_character_historical_liu_xiu	3k_main_hero_generic_earth	1	1	3k_main_rank_effect_set_romance_earth_commander	3k_main_attribute_set_general_earth_romance	3k_main_skillset_generic_minister_earth	1	1.0000	true
ironic_template_historical_liu_xian_hero_metal	historical	3k_standard_death_distribution_no_infant_mortality	3k_main_ceo_initial_data_character_historical_liu_xian	3k_main_general_generic_metal	1	1	3k_main_rank_effect_set_records_base	3k_main_attribute_set_general_metal_records	3k_main_skillset_generic_governor_metal	1	1.0000	true
ironic_template_historical_liu_xian_hero_metal	romance	3k_romance_death_distribution	3k_main_ceo_initial_data_character_historical_liu_xian	3k_main_hero_generic_metal	1	1	3k_main_rank_effect_set_romance_base	3k_main_attribute_set_general_metal_romance	3k_main_skillset_generic_governor_metal	1	1.0000	true
ironic_template_historical_deng_yi_hero_wood	historical	3k_standard_death_distribution_no_infant_mortality	3k_main_ceo_initial_data_character_historical_deng_yi	3k_main_general_generic_wood	1	1	3k_main_rank_effect_set_records_base	3k_main_attribute_set_general_wood_records	3k_main_skillset_generic_governor_wood	1	1.0000	true
ironic_template_historical_deng_yi_hero_wood	romance	3k_romance_death_distribution	3k_main_ceo_initial_data_character_historical_deng_yi	3k_main_hero_generic_wood	1	1	3k_main_rank_effect_set_romance_base	3k_main_attribute_set_general_wood_romance	3k_main_skillset_generic_governor_wood	1	1.0000	true
ironic_template_historical_huo_du_hero_fire	historical	3k_standard_death_distribution_no_infant_mortality	3k_main_ceo_initial_data_character_historical_huo_du	3k_main_general_generic_fire	1	1	3k_main_rank_effect_set_records_base	3k_main_attribute_set_general_fire_records	3k_main_skillset_generic_general_fire	1	1.0000	true
ironic_template_historical_huo_du_hero_fire	romance	3k_romance_death_distribution	3k_main_ceo_initial_data_character_historical_huo_du	3k_main_hero_generic_fire	1	1	3k_main_rank_effect_set_romance_base	3k_main_attribute_set_general_fire_romance	3k_main_skillset_generic_general_fire	1	1.0000	true
ironic_template_historical_wang_wei_hero_wood	historical	3k_standard_death_distribution_no_infant_mortality	3k_main_ceo_initial_data_character_historical_wang_wei	3k_main_general_generic_wood	1	1	3k_main_rank_effect_set_records_base	3k_main_attribute_set_general_wood_records	3k_main_skillset_generic_general_wood	1	1.0000	true
ironic_template_historical_wang_wei_hero_wood	romance	3k_romance_death_distribution	3k_main_ceo_initial_data_character_historical_wang_wei	3k_main_hero_generic_wood	1	1	3k_main_rank_effect_set_romance_base	3k_main_attribute_set_general_wood_romance	3k_main_skillset_generic_general_wood	1	1.0000	true
ironic_template_historical_deng_ji_hero_earth	historical	3k_standard_death_distribution_no_infant_mortality	3k_main_ceo_initial_data_character_historical_deng_ji	3k_main_general_generic_earth	1	1	3k_main_rank_effect_set_records_earth_commander	3k_main_attribute_set_general_earth_records	3k_main_skillset_generic_general_earth	1	1.0000	true
ironic_template_historical_deng_ji_hero_earth	romance	3k_romance_death_distribution	3k_main_ceo_initial_data_character_historical_deng_ji	3k_main_hero_generic_earth	1	1	3k_main_rank_effect_set_romance_earth_commander	3k_main_attribute_set_general_earth_romance	3k_main_skillset_generic_general_earth	1	1.0000	true
ironic_template_historical_song_zhong_hero_water	historical	3k_standard_death_distribution_no_infant_mortality	3k_main_ceo_initial_data_character_historical_song_zhong	3k_main_general_generic_water_strategist	1	1	3k_main_rank_effect_set_records_water_strategist	3k_main_attribute_set_general_water_records	3k_main_skillset_generic_minister_water_strategist	1	1.0000	true
ironic_template_historical_song_zhong_hero_water	romance	3k_romance_death_distribution	3k_main_ceo_initial_data_character_historical_song_zhong	3k_main_hero_generic_water_strategist	1	1	3k_main_rank_effect_set_romance_water_strategist	3k_main_attribute_set_general_water_romance	3k_main_skillset_generic_minister_water_strategist	1	1.0000	true
ironic_template_historical_qimu_kai_hero_water	historical	3k_standard_death_distribution_no_infant_mortality	3k_main_ceo_initial_data_character_historical_qimu_kai	3k_main_general_generic_water_strategist	1	1	3k_main_rank_effect_set_records_water_strategist	3k_main_attribute_set_general_water_records	3k_main_skillset_generic_governor_water_strategist	1	1.0000	true
ironic_template_historical_qimu_kai_hero_water	romance	3k_romance_death_distribution	3k_main_ceo_initial_data_character_historical_qimu_kai	3k_main_hero_generic_water_strategist	1	1	3k_main_rank_effect_set_romance_water_strategist	3k_main_attribute_set_general_water_romance	3k_main_skillset_generic_governor_water_strategist	1	1.0000	true
ironic_template_historical_liu_he_hero_earth	historical	3k_standard_death_distribution_no_infant_mortality	3k_main_ceo_initial_data_character_historical_liu_he_pirate_unique	3k_dlc05_bandit_general_generic_earth	1	1	3k_main_rank_effect_set_records_earth_commander	3k_main_attribute_set_general_earth_records	3k_dlc05_skillset_generic_bandit_minister_earth	1	1.0000	true
ironic_template_historical_liu_he_hero_earth	romance	3k_romance_death_distribution	3k_main_ceo_initial_data_character_historical_liu_he_pirate_unique	3k_dlc05_bandit_hero_generic_earth	1	1	3k_main_rank_effect_set_romance_earth_commander	3k_main_attribute_set_general_earth_romance	3k_dlc05_skillset_generic_bandit_minister_earth	1	1.0000	true
ironic_template_historical_shen_mi_hero_wood	historical	3k_standard_death_distribution_no_infant_mortality	3k_main_ceo_initial_data_character_historical_shen_mi	3k_dlc05_bandit_general_generic_wood	1	1	3k_main_rank_effect_set_records_base	3k_main_attribute_set_general_wood_records	3k_dlc05_skillset_generic_bandit_general_wood	1	1.0000	true
ironic_template_historical_shen_mi_hero_wood	romance	3k_romance_death_distribution	3k_main_ceo_initial_data_character_historical_shen_mi	3k_dlc05_bandit_hero_generic_wood	1	1	3k_main_rank_effect_set_romance_base	3k_main_attribute_set_general_wood_romance	3k_dlc05_skillset_generic_bandit_general_wood	1	1.0000	true
ironic_template_historical_lou_fa_hero_water	historical	3k_standard_death_distribution_no_infant_mortality	3k_main_ceo_initial_data_character_historical_lou_fa	3k_dlc05_bandit_general_generic_water	1	1	3k_main_rank_effect_set_records_water_strategist	3k_main_attribute_set_general_water_records	3k_dlc05_skillset_generic_bandit_governor_water_strategist	1	1.0000	true
ironic_template_historical_lou_fa_hero_water	romance	3k_romance_death_distribution	3k_main_ceo_initial_data_character_historical_lou_fa	3k_dlc05_bandit_hero_generic_water	1	1	3k_main_rank_effect_set_romance_water_strategist	3k_main_attribute_set_general_water_romance	3k_dlc05_skillset_generic_bandit_governor_water_strategist	1	1.0000	true
ironic_template_historical_zhang_chi_hero_fire	historical	3k_standard_death_distribution_no_infant_mortality	3k_main_ceo_initial_data_character_historical_zhang_chi	3k_main_general_generic_fire	1	1	3k_main_rank_effect_set_records_base	3k_main_attribute_set_general_fire_records	3k_dlc05_skillset_generic_bandit_governor_fire	1	1.0000	true
ironic_template_historical_zhang_chi_hero_fire	romance	3k_romance_death_distribution	3k_main_ceo_initial_data_character_historical_zhang_chi	3k_main_hero_generic_fire	1	1	3k_main_rank_effect_set_romance_base	3k_main_attribute_set_general_fire_romance	3k_dlc05_skillset_generic_bandit_governor_fire	1	1.0000	true
ironic_template_historical_shen_cheng_hero_earth	historical	3k_standard_death_distribution_no_infant_mortality	3k_main_ceo_initial_data_character_historical_shen_cheng	3k_main_general_generic_earth	1	1	3k_main_rank_effect_set_records_earth_commander	3k_main_attribute_set_general_earth_records	3k_dlc05_skillset_generic_bandit_minister_earth	1	1.0000	true
ironic_template_historical_shen_cheng_hero_earth	romance	3k_romance_death_distribution	3k_main_ceo_initial_data_character_historical_shen_cheng	3k_main_hero_generic_earth	1	1	3k_main_rank_effect_set_romance_earth_commander	3k_main_attribute_set_general_earth_romance	3k_dlc05_skillset_generic_bandit_minister_earth	1	1.0000	true
ironic_template_historical_jiang_gong_hero_wood	historical	3k_standard_death_distribution_no_infant_mortality	3k_main_ceo_initial_data_character_historical_jiang_gong	3k_main_general_generic_wood	1	1	3k_main_rank_effect_set_records_base	3k_main_attribute_set_general_wood_records	3k_dlc05_skillset_generic_bandit_general_wood	1	1.0000	true
ironic_template_historical_jiang_gong_hero_wood	romance	3k_romance_death_distribution	3k_main_ceo_initial_data_character_historical_jiang_gong	3k_main_hero_generic_wood	1	1	3k_main_rank_effect_set_romance_base	3k_main_attribute_set_general_wood_romance	3k_dlc05_skillset_generic_bandit_general_wood	1	1.0000	true
ironic_template_historical_lu_bing_hero_water	historical	3k_standard_death_distribution_no_infant_mortality	3k_main_ceo_initial_data_character_historical_lu_bing	3k_main_general_generic_water_strategist	1	1	3k_main_rank_effect_set_records_water_strategist	3k_main_attribute_set_general_water_records	3k_dlc05_skillset_generic_bandit_governor_water_strategist	1	1.0000	true
ironic_template_historical_lu_bing_hero_water	romance	3k_romance_death_distribution	3k_main_ceo_initial_data_character_historical_lu_bing	3k_main_hero_generic_water_strategist	1	1	3k_main_rank_effect_set_romance_water_strategist	3k_main_attribute_set_general_water_romance	3k_dlc05_skillset_generic_bandit_governor_water_strategist	1	1.0000	true
ironic_template_historical_li_tiao_hero_fire	historical	3k_standard_death_distribution_no_infant_mortality	3k_main_ceo_initial_data_character_historical_li_tiao	3k_main_general_generic_fire	1	1	3k_main_rank_effect_set_records_base	3k_main_attribute_set_general_fire_records	3k_dlc05_skillset_generic_bandit_general_fire	1	1.0000	true
ironic_template_historical_li_tiao_hero_fire	romance	3k_romance_death_distribution	3k_main_ceo_initial_data_character_historical_li_tiao	3k_main_hero_generic_fire	1	1	3k_main_rank_effect_set_romance_base	3k_main_attribute_set_general_fire_romance	3k_dlc05_skillset_generic_bandit_general_fire	1	1.0000	true
ironic_template_historical_bian_xi_hero_wood	historical	3k_standard_death_distribution_no_infant_mortality	3k_main_ceo_initial_data_character_historical_bian_xi	3k_main_general_generic_wood	1	1	3k_ytr_rank_effect_set_records_base	3k_ytr_attribute_set_general_veteran_records	3k_ytr_skillset_romance_generic_peasant_veteran	1	1.0000	true
ironic_template_historical_bian_xi_hero_wood	romance	3k_romance_death_distribution	3k_main_ceo_initial_data_character_historical_bian_xi	3k_main_hero_generic_wood	1	1	3k_ytr_rank_effect_set_romance_base	3k_ytr_attribute_set_general_veteran_romance	3k_ytr_skillset_romance_generic_peasant_veteran	1	1.0000	true
ironic_template_historical_yang_yi_hero_water	historical	3k_standard_death_distribution_no_infant_mortality	3k_main_ceo_initial_data_character_historical_yang_yi_title	3k_main_general_generic_water_strategist	1	1	3k_main_rank_effect_set_records_water_strategist	3k_main_attribute_set_general_water_records	3k_main_skillset_generic_general_water_strategist	1	1.0000	true
ironic_template_historical_yang_yi_hero_water	romance	3k_romance_death_distribution	3k_main_ceo_initial_data_character_historical_yang_yi_title	3k_main_hero_generic_water_strategist	1	1	3k_main_rank_effect_set_romance_water_strategist	3k_main_attribute_set_general_water_romance	3k_main_skillset_generic_general_water_strategist	1	1.0000	true
ironic_template_historical_jia_mei_hero_earth	historical	3k_standard_death_distribution_no_infant_mortality	3k_main_ceo_initial_data_character_historical_jia_mei_title	3k_main_general_generic_earth	1	1	3k_main_rank_effect_set_records_earth_commander	3k_main_attribute_set_general_earth_records	3k_main_skillset_generic_envoy_earth	1	1.0000	true
ironic_template_historical_jia_mei_hero_earth	romance	3k_romance_death_distribution	3k_main_ceo_initial_data_character_historical_jia_mei_title	3k_main_hero_generic_earth	1	1	3k_main_rank_effect_set_romance_earth_commander	3k_main_attribute_set_general_earth_romance	3k_main_skillset_generic_envoy_earth	1	1.0000	true
ironic_template_historical_zhang_yi_title_hero_metal	historical	3k_standard_death_distribution_no_infant_mortality	3k_main_ceo_initial_data_character_historical_zhang_yi_title	3k_main_general_generic_metal	1	1	3k_main_rank_effect_set_records_base	3k_main_attribute_set_general_metal_records	3k_main_skillset_generic_minister_metal	1	1.0000	true
ironic_template_historical_zhang_yi_title_hero_metal	romance	3k_romance_death_distribution	3k_main_ceo_initial_data_character_historical_zhang_yi_title	3k_main_hero_generic_metal	1	1	3k_main_rank_effect_set_romance_base	3k_main_attribute_set_general_metal_romance	3k_main_skillset_generic_minister_metal	1	1.0000	true
ironic_template_historical_li_quan_hero_earth	historical	3k_standard_death_distribution_no_infant_mortality	3k_main_ceo_initial_data_character_historical_li_quan_title	3k_main_general_generic_earth	1	1	3k_main_rank_effect_set_records_earth_commander	3k_main_attribute_set_general_earth_records	3k_main_skillset_generic_governor_earth	1	1.0000	true
ironic_template_historical_li_quan_hero_earth	romance	3k_romance_death_distribution	3k_main_ceo_initial_data_character_historical_li_quan_title	3k_main_hero_generic_earth	1	1	3k_main_rank_effect_set_romance_earth_commander	3k_main_attribute_set_general_earth_romance	3k_main_skillset_generic_governor_earth	1	1.0000	true
ironic_template_historical_li_fu_hero_water	historical	3k_standard_death_distribution_no_infant_mortality	3k_main_ceo_initial_data_character_historical_li_fu_title	3k_main_general_generic_water_strategist	1	1	3k_main_rank_effect_set_records_water_strategist	3k_main_attribute_set_general_water_records	3k_main_skillset_generic_general_water_strategist	1	1.0000	true
ironic_template_historical_li_fu_hero_water	romance	3k_romance_death_distribution	3k_main_ceo_initial_data_character_historical_li_fu_title	3k_main_hero_generic_water_strategist	1	1	3k_main_rank_effect_set_romance_water_strategist	3k_main_attribute_set_general_water_romance	3k_main_skillset_generic_general_water_strategist	1	1.0000	true
ironic_template_historical_wang_xian_hero_water	historical	3k_standard_death_distribution_no_infant_mortality	3k_main_ceo_initial_data_character_historical_wang_xian_title	3k_main_general_generic_water_strategist	1	1	3k_main_rank_effect_set_records_water_strategist	3k_main_attribute_set_general_water_records	3k_main_skillset_generic_general_water_strategist	1	1.0000	true
ironic_template_historical_wang_xian_hero_water	romance	3k_romance_death_distribution	3k_main_ceo_initial_data_character_historical_wang_xian_title	3k_main_hero_generic_water_strategist	1	1	3k_main_rank_effect_set_romance_water_strategist	3k_main_attribute_set_general_water_romance	3k_main_skillset_generic_general_water_strategist	1	1.0000	true
ironic_template_historical_cuan_xi_hero_wood	historical	3k_standard_death_distribution_no_infant_mortality	3k_main_ceo_initial_data_character_historical_cuan_xi_title	3k_main_general_generic_wood	1	1	3k_main_rank_effect_set_records_base	3k_main_attribute_set_general_wood_records	3k_main_skillset_generic_governor_wood	1	1.0000	true
ironic_template_historical_cuan_xi_hero_wood	romance	3k_romance_death_distribution	3k_main_ceo_initial_data_character_historical_cuan_xi_title	3k_main_hero_generic_wood	1	1	3k_main_rank_effect_set_romance_base	3k_main_attribute_set_general_wood_romance	3k_main_skillset_generic_governor_wood	1	1.0000	true
ironic_template_historical_wang_shang_hero_metal	historical	3k_standard_death_distribution_no_infant_mortality	3k_main_ceo_initial_data_character_historical_wang_shang_title	3k_main_general_generic_metal	1	1	3k_main_rank_effect_set_records_base	3k_main_attribute_set_general_metal_records	3k_main_skillset_generic_minister_metal	1	1.0000	true
ironic_template_historical_wang_shang_hero_metal	romance	3k_romance_death_distribution	3k_main_ceo_initial_data_character_historical_wang_shang_title	3k_main_hero_generic_metal	1	1	3k_main_rank_effect_set_romance_base	3k_main_attribute_set_general_metal_romance	3k_main_skillset_generic_minister_metal	1	1.0000	true
ironic_template_historical_jing_yi_hero_wood	historical	3k_standard_death_distribution_no_infant_mortality	3k_main_ceo_initial_data_character_historical_jing_yi_title	3k_main_general_generic_wood	1	1	3k_main_rank_effect_set_records_base	3k_main_attribute_set_general_wood_records	3k_main_skillset_generic_governor_wood	1	1.0000	true
ironic_template_historical_jing_yi_hero_wood	romance	3k_romance_death_distribution	3k_main_ceo_initial_data_character_historical_jing_yi_title	3k_main_hero_generic_wood	1	1	3k_main_rank_effect_set_romance_base	3k_main_attribute_set_general_wood_romance	3k_main_skillset_generic_governor_wood	1	1.0000	true
ironic_template_historical_wang_lian_hero_metal	historical	3k_standard_death_distribution_no_infant_mortality	3k_main_ceo_initial_data_character_historical_wang_lian_title	3k_main_general_generic_metal	1	1	3k_main_rank_effect_set_records_base	3k_main_attribute_set_general_metal_records	3k_main_skillset_generic_governor_metal	1	1.0000	true
ironic_template_historical_wang_lian_hero_metal	romance	3k_romance_death_distribution	3k_main_ceo_initial_data_character_historical_wang_lian_title	3k_main_hero_generic_metal	1	1	3k_main_rank_effect_set_romance_base	3k_main_attribute_set_general_metal_romance	3k_main_skillset_generic_governor_metal	1	1.0000	true
ironic_template_historical_wu_chen_hero_wood	historical	3k_standard_death_distribution_no_infant_mortality	3k_main_ceo_initial_data_character_historical_wu_chen_unique	3k_main_general_generic_wood	1	1	3k_main_rank_effect_set_records_base	3k_main_attribute_set_general_wood_records	3k_main_skillset_generic_minister_wood	1	1.0000	true
ironic_template_historical_wu_chen_hero_wood	romance	3k_romance_death_distribution	3k_main_ceo_initial_data_character_historical_wu_chen_unique	3k_main_hero_generic_wood	1	1	3k_main_rank_effect_set_romance_base	3k_main_attribute_set_general_wood_romance	3k_main_skillset_generic_minister_wood	1	1.0000	true
ironic_template_historical_ru_xun_hero_water	historical	3k_standard_death_distribution_no_infant_mortality	3k_main_ceo_initial_data_character_historical_ru_xun_title	3k_main_general_generic_water_strategist	1	1	3k_main_rank_effect_set_records_water_strategist	3k_main_attribute_set_general_water_records	3k_main_skillset_generic_envoy_water_strategist	1	1.0000	true
ironic_template_historical_ru_xun_hero_water	romance	3k_romance_death_distribution	3k_main_ceo_initial_data_character_historical_ru_xun_title	3k_main_hero_generic_water_strategist	1	1	3k_main_rank_effect_set_romance_water_strategist	3k_main_attribute_set_general_water_romance	3k_main_skillset_generic_envoy_water_strategist	1	1.0000	true
ironic_template_historical_wu_mai_hero_earth	historical	3k_standard_death_distribution_no_infant_mortality	3k_main_ceo_initial_data_character_historical_wu_mai_title	3k_main_general_generic_earth	1	1	3k_main_rank_effect_set_records_earth_commander	3k_main_attribute_set_general_earth_records	3k_main_skillset_generic_governor_earth	1	1.0000	true
ironic_template_historical_wu_mai_hero_earth	romance	3k_romance_death_distribution	3k_main_ceo_initial_data_character_historical_wu_mai_title	3k_main_hero_generic_earth	1	1	3k_main_rank_effect_set_romance_earth_commander	3k_main_attribute_set_general_earth_romance	3k_main_skillset_generic_governor_earth	1	1.0000	true
ironic_template_historical_wu_xiang_hero_metal	historical	3k_standard_death_distribution_no_infant_mortality	3k_main_ceo_initial_data_character_historical_wu_xiang_title	3k_main_general_generic_metal	1	1	3k_main_rank_effect_set_records_base	3k_main_attribute_set_general_metal_records	3k_main_skillset_generic_envoy_metal	1	1.0000	true
ironic_template_historical_wu_xiang_hero_metal	romance	3k_romance_death_distribution	3k_main_ceo_initial_data_character_historical_wu_xiang_title	3k_main_hero_generic_metal	1	1	3k_main_rank_effect_set_romance_base	3k_main_attribute_set_general_metal_romance	3k_main_skillset_generic_envoy_metal	1	1.0000	true
ironic_template_historical_wu_xi_hero_earth	historical	3k_standard_death_distribution_no_infant_mortality	3k_main_ceo_initial_data_character_historical_wu_xi_title	3k_main_general_generic_earth	1	1	3k_main_rank_effect_set_records_earth_commander	3k_main_attribute_set_general_earth_records	3k_main_skillset_generic_envoy_earth	1	1.0000	true
ironic_template_historical_wu_xi_hero_earth	romance	3k_romance_death_distribution	3k_main_ceo_initial_data_character_historical_wu_xi_title	3k_main_hero_generic_earth	1	1	3k_main_rank_effect_set_romance_earth_commander	3k_main_attribute_set_general_earth_romance	3k_main_skillset_generic_envoy_earth	1	1.0000	true
ironic_template_historical_huan_ye_hero_fire	historical	3k_standard_death_distribution_no_infant_mortality	3k_main_ceo_initial_data_character_historical_huan_ye_title	3k_main_general_generic_fire	1	1	3k_main_rank_effect_set_records_base	3k_main_attribute_set_general_fire_records	3k_main_skillset_generic_governor_fire	1	1.0000	true
ironic_template_historical_huan_ye_hero_fire	romance	3k_romance_death_distribution	3k_main_ceo_initial_data_character_historical_huan_ye_title	3k_main_hero_generic_fire	1	1	3k_main_rank_effect_set_romance_base	3k_main_attribute_set_general_fire_romance	3k_main_skillset_generic_governor_fire	1	1.0000	true
ironic_template_historical_liao_li_hero_metal	historical	3k_standard_death_distribution_no_infant_mortality	3k_main_ceo_initial_data_character_historical_liao_li_title	3k_main_general_generic_metal	1	1	3k_main_rank_effect_set_records_base	3k_main_attribute_set_general_metal_records	3k_main_skillset_generic_minister_metal	1	1.0000	true
ironic_template_historical_liao_li_hero_metal	romance	3k_romance_death_distribution	3k_main_ceo_initial_data_character_historical_liao_li_title	3k_main_hero_generic_metal	1	1	3k_main_rank_effect_set_romance_base	3k_main_attribute_set_general_metal_romance	3k_main_skillset_generic_minister_metal	1	1.0000	true
ironic_template_historical_xu_yuanxian_hero_metal	historical	3k_standard_death_distribution_no_infant_mortality	3k_main_ceo_initial_data_character_historical_xu_yuanxian_title	3k_main_general_generic_metal	1	1	3k_main_rank_effect_set_records_base	3k_main_attribute_set_general_metal_records	3k_main_skillset_generic_general_metal	1	1.0000	true
ironic_template_historical_xu_yuanxian_hero_metal	romance	3k_romance_death_distribution	3k_main_ceo_initial_data_character_historical_xu_yuanxian_title	3k_main_hero_generic_metal	1	1	3k_main_rank_effect_set_romance_base	3k_main_attribute_set_general_metal_romance	3k_main_skillset_generic_general_metal	1	1.0000	true
ironic_template_historical_wen_gong_hero_water	historical	3k_standard_death_distribution_no_infant_mortality	3k_main_ceo_initial_data_character_historical_wen_gong_title	3k_main_general_generic_water_strategist	1	1	3k_main_rank_effect_set_records_water_strategist	3k_main_attribute_set_general_water_records	3k_main_skillset_generic_general_water_strategist	1	1.0000	true
ironic_template_historical_wen_gong_hero_water	romance	3k_romance_death_distribution	3k_main_ceo_initial_data_character_historical_wen_gong_title	3k_main_hero_generic_water_strategist	1	1	3k_main_rank_effect_set_romance_water_strategist	3k_main_attribute_set_general_water_romance	3k_main_skillset_generic_general_water_strategist	1	1.0000	true
ironic_template_historical_xu_ci_hero_water	historical	3k_standard_death_distribution_no_infant_mortality	3k_main_ceo_initial_data_character_historical_xu_ci_title	3k_main_general_generic_water_strategist	1	1	3k_main_rank_effect_set_records_water_strategist	3k_main_attribute_set_general_water_records	3k_main_skillset_generic_minister_water_strategist	1	1.0000	true
ironic_template_historical_xu_ci_hero_water	romance	3k_romance_death_distribution	3k_main_ceo_initial_data_character_historical_xu_ci_title	3k_main_hero_generic_water_strategist	1	1	3k_main_rank_effect_set_romance_water_strategist	3k_main_attribute_set_general_water_romance	3k_main_skillset_generic_minister_water_strategist	1	1.0000	true
ironic_template_historical_hu_qian_hero_earth	historical	3k_standard_death_distribution_no_infant_mortality	3k_main_ceo_initial_data_character_historical_hu_qian_title	3k_main_general_generic_earth	1	1	3k_main_rank_effect_set_records_earth_commander	3k_main_attribute_set_general_earth_records	3k_main_skillset_generic_governor_earth	1	1.0000	true
ironic_template_historical_hu_qian_hero_earth	romance	3k_romance_death_distribution	3k_main_ceo_initial_data_character_historical_hu_qian_title	3k_main_hero_generic_earth	1	1	3k_main_rank_effect_set_romance_earth_commander	3k_main_attribute_set_general_earth_romance	3k_main_skillset_generic_governor_earth	1	1.0000	true
ironic_template_historical_zhuo_xiangyun_hero_earth	historical	3k_standard_death_distribution_no_infant_mortality	3k_main_ceo_initial_data_character_historical_zhuo_xiangyun_title	3k_main_general_generic_earth	1	1	3k_main_rank_effect_set_records_earth_commander	3k_main_attribute_set_general_earth_records	3k_main_skillset_generic_minister_earth	1	1.0000	true
ironic_template_historical_zhuo_xiangyun_hero_earth	romance	3k_romance_death_distribution	3k_main_ceo_initial_data_character_historical_zhuo_xiangyun_title	3k_main_hero_generic_earth	1	1	3k_main_rank_effect_set_romance_earth_commander	3k_main_attribute_set_general_earth_romance	3k_main_skillset_generic_minister_earth	1	1.0000	true
ironic_template_historical_lai_feng_hero_metal	historical	3k_standard_death_distribution_no_infant_mortality	3k_main_ceo_initial_data_character_historical_lai_feng_title	3k_main_general_generic_metal	1	1	3k_main_rank_effect_set_records_base	3k_main_attribute_set_general_metal_records	3k_main_skillset_generic_minister_metal	1	1.0000	true
ironic_template_historical_lai_feng_hero_metal	romance	3k_romance_death_distribution	3k_main_ceo_initial_data_character_historical_lai_feng_title	3k_main_hero_generic_metal	1	1	3k_main_rank_effect_set_romance_base	3k_main_attribute_set_general_metal_romance	3k_main_skillset_generic_minister_metal	1	1.0000	true
ironic_template_historical_lai_zu_hero_wood	historical	3k_standard_death_distribution_no_infant_mortality	3k_main_ceo_initial_data_character_historical_lai_zu_title	3k_main_general_generic_wood	1	1	3k_main_rank_effect_set_records_base	3k_main_attribute_set_general_wood_records	3k_main_skillset_generic_general_wood	1	1.0000	true
ironic_template_historical_lai_zu_hero_wood	romance	3k_romance_death_distribution	3k_main_ceo_initial_data_character_historical_lai_zu_title	3k_main_hero_generic_wood	1	1	3k_main_rank_effect_set_romance_base	3k_main_attribute_set_general_wood_romance	3k_main_skillset_generic_general_wood	1	1.0000	true
ironic_template_historical_lai_xun_hero_water	historical	3k_standard_death_distribution_no_infant_mortality	3k_main_ceo_initial_data_character_historical_lai_xun_unique	3k_main_general_generic_water_strategist	1	1	3k_main_rank_effect_set_records_water_strategist	3k_main_attribute_set_general_water_records	3k_main_skillset_generic_minister_water_strategist	1	1.0000	true
ironic_template_historical_lai_xun_hero_water	romance	3k_romance_death_distribution	3k_main_ceo_initial_data_character_historical_lai_xun_unique	3k_main_hero_generic_water_strategist	1	1	3k_main_rank_effect_set_romance_water_strategist	3k_main_attribute_set_general_water_romance	3k_main_skillset_generic_minister_water_strategist	1	1.0000	true
ironic_template_historical_yuan_hui_hero_earth	historical	3k_standard_death_distribution_no_infant_mortality	3k_main_ceo_initial_data_character_historical_yuan_hui_title	3k_main_general_generic_earth	1	1	3k_main_rank_effect_set_records_earth_commander	3k_main_attribute_set_general_earth_records	3k_main_skillset_generic_governor_earth	1	1.0000	true
ironic_template_historical_yuan_hui_hero_earth	romance	3k_romance_death_distribution	3k_main_ceo_initial_data_character_historical_yuan_hui_title	3k_main_hero_generic_earth	1	1	3k_main_rank_effect_set_romance_earth_commander	3k_main_attribute_set_general_earth_romance	3k_main_skillset_generic_governor_earth	1	1.0000	true
ironic_template_historical_yuan_ba_hero_water	historical	3k_standard_death_distribution_no_infant_mortality	3k_main_ceo_initial_data_character_historical_yuan_ba_title	3k_main_general_generic_water_strategist	1	1	3k_main_rank_effect_set_records_water_strategist	3k_main_attribute_set_general_water_records	3k_main_skillset_generic_minister_water_strategist	1	1.0000	true
ironic_template_historical_yuan_ba_hero_water	romance	3k_romance_death_distribution	3k_main_ceo_initial_data_character_historical_yuan_ba_title	3k_main_hero_generic_water_strategist	1	1	3k_main_rank_effect_set_romance_water_strategist	3k_main_attribute_set_general_water_romance	3k_main_skillset_generic_minister_water_strategist	1	1.0000	true
ironic_template_historical_yuan_min_hero_wood	historical	3k_standard_death_distribution_no_infant_mortality	3k_main_ceo_initial_data_character_historical_yuan_min_title	3k_main_general_generic_wood	1	1	3k_main_rank_effect_set_records_base	3k_main_attribute_set_general_wood_records	3k_main_skillset_generic_general_wood	1	1.0000	true
ironic_template_historical_yuan_min_hero_wood	romance	3k_romance_death_distribution	3k_main_ceo_initial_data_character_historical_yuan_min_title	3k_main_hero_generic_wood	1	1	3k_main_rank_effect_set_romance_base	3k_main_attribute_set_general_wood_romance	3k_main_skillset_generic_general_wood	1	1.0000	true
ironic_template_historical_yang_yong_hero_water	historical	3k_standard_death_distribution_no_infant_mortality	3k_main_ceo_initial_data_character_historical_yang_yong_title	3k_main_general_generic_water_strategist	1	1	3k_main_rank_effect_set_records_water_strategist	3k_main_attribute_set_general_water_records	3k_main_skillset_generic_general_water_strategist	1	1.0000	true
ironic_template_historical_yang_yong_hero_water	romance	3k_romance_death_distribution	3k_main_ceo_initial_data_character_historical_yang_yong_title	3k_main_hero_generic_water_strategist	1	1	3k_main_rank_effect_set_romance_water_strategist	3k_main_attribute_set_general_water_romance	3k_main_skillset_generic_general_water_strategist	1	1.0000	true
ironic_template_historical_fu_qun_hero_metal	historical	3k_standard_death_distribution_no_infant_mortality	3k_main_ceo_initial_data_character_historical_fu_qun_title	3k_main_general_generic_metal	1	1	3k_main_rank_effect_set_records_base	3k_main_attribute_set_general_metal_records	3k_main_skillset_generic_governor_metal	1	1.0000	true
ironic_template_historical_fu_qun_hero_metal	romance	3k_romance_death_distribution	3k_main_ceo_initial_data_character_historical_fu_qun_title	3k_main_hero_generic_metal	1	1	3k_main_rank_effect_set_romance_base	3k_main_attribute_set_general_metal_romance	3k_main_skillset_generic_governor_metal	1	1.0000	true
ironic_template_historical_hao_pu_hero_fire	historical	3k_standard_death_distribution_no_infant_mortality	3k_main_ceo_initial_data_character_historical_hao_pu_title	3k_main_general_generic_fire	1	1	3k_main_rank_effect_set_records_base	3k_main_attribute_set_general_fire_records	3k_main_skillset_generic_governor_fire	1	1.0000	true
ironic_template_historical_hao_pu_hero_fire	romance	3k_romance_death_distribution	3k_main_ceo_initial_data_character_historical_hao_pu_title	3k_main_hero_generic_fire	1	1	3k_main_rank_effect_set_romance_base	3k_main_attribute_set_general_fire_romance	3k_main_skillset_generic_governor_fire	1	1.0000	true
ironic_template_historical_shentu_xiang_hero_water	historical	3k_standard_death_distribution_no_infant_mortality	3k_main_ceo_initial_data_character_historical_shentu_xiang_title	3k_main_general_generic_water_strategist	1	1	3k_main_rank_effect_set_records_water_strategist	3k_main_attribute_set_general_water_records	3k_main_skillset_generic_envoy_water_strategist	1	1.0000	true
ironic_template_historical_shentu_xiang_hero_water	romance	3k_romance_death_distribution	3k_main_ceo_initial_data_character_historical_shentu_xiang_title	3k_main_hero_generic_water_strategist	1	1	3k_main_rank_effect_set_romance_water_strategist	3k_main_attribute_set_general_water_romance	3k_main_skillset_generic_envoy_water_strategist	1	1.0000	true
ironic_template_historical_zhang_meimei_hero_metal	historical	3k_standard_death_distribution_no_infant_mortality	3k_main_ceo_initial_data_character_historical_zhang_meimei_title	3k_main_general_generic_metal	1	1	3k_main_rank_effect_set_records_base	3k_main_attribute_set_general_metal_records	3k_main_skillset_generic_envoy_metal	1	1.0000	true
ironic_template_historical_zhang_meimei_hero_metal	romance	3k_romance_death_distribution	3k_main_ceo_initial_data_character_historical_zhang_meimei_title	3k_main_hero_generic_metal	1	1	3k_main_rank_effect_set_romance_base	3k_main_attribute_set_general_metal_romance	3k_main_skillset_generic_envoy_metal	1	1.0000	true
ironic_template_historical_zhang_lili_hero_earth	historical	3k_standard_death_distribution_no_infant_mortality	3k_main_ceo_initial_data_character_historical_zhang_lili_title	3k_main_general_generic_earth	1	1	3k_main_rank_effect_set_records_earth_commander	3k_main_attribute_set_general_earth_records	3k_main_skillset_generic_envoy_earth	1	1.0000	true
ironic_template_historical_zhang_lili_hero_earth	romance	3k_romance_death_distribution	3k_main_ceo_initial_data_character_historical_zhang_lili_title	3k_main_hero_generic_earth	1	1	3k_main_rank_effect_set_romance_earth_commander	3k_main_attribute_set_general_earth_romance	3k_main_skillset_generic_envoy_earth	1	1.0000	true
ironic_template_historical_zhang_luoluo_hero_metal	historical	3k_standard_death_distribution_no_infant_mortality	3k_main_ceo_initial_data_character_historical_zhang_luoluo_title	3k_main_general_generic_metal	1	1	3k_main_rank_effect_set_records_base	3k_main_attribute_set_general_metal_records	3k_main_skillset_generic_envoy_metal	1	1.0000	true
ironic_template_historical_zhang_luoluo_hero_metal	romance	3k_romance_death_distribution	3k_main_ceo_initial_data_character_historical_zhang_luoluo_title	3k_main_hero_generic_metal	1	1	3k_main_rank_effect_set_romance_base	3k_main_attribute_set_general_metal_romance	3k_main_skillset_generic_envoy_metal	1	1.0000	true
ironic_template_historical_qu_jing_hero_earth	historical	3k_standard_death_distribution_no_infant_mortality	3k_main_ceo_initial_data_character_historical_qu_jing_title	3k_main_general_generic_earth	1	1	3k_main_rank_effect_set_records_earth_commander	3k_main_attribute_set_general_earth_records	3k_main_skillset_generic_minister_earth	1	1.0000	true
ironic_template_historical_qu_jing_hero_earth	romance	3k_romance_death_distribution	3k_main_ceo_initial_data_character_historical_qu_jing_title	3k_main_hero_generic_earth	1	1	3k_main_rank_effect_set_romance_earth_commander	3k_main_attribute_set_general_earth_romance	3k_main_skillset_generic_minister_earth	1	1.0000	true
ironic_template_historical_mou_rong_hero_water	historical	3k_standard_death_distribution_no_infant_mortality	3k_main_ceo_initial_data_character_historical_mou_rong_title	3k_main_general_generic_water_strategist	1	1	3k_main_rank_effect_set_records_water_strategist	3k_main_attribute_set_general_water_records	3k_main_skillset_generic_governor_water_strategist	1	1.0000	true
ironic_template_historical_mou_rong_hero_water	romance	3k_romance_death_distribution	3k_main_ceo_initial_data_character_historical_mou_rong_title	3k_main_hero_generic_water_strategist	1	1	3k_main_rank_effect_set_romance_water_strategist	3k_main_attribute_set_general_water_romance	3k_main_skillset_generic_governor_water_strategist	1	1.0000	true
ironic_template_historical_yi_liao_hero_fire	historical	3k_standard_death_distribution_no_infant_mortality	3k_main_ceo_initial_data_character_historical_yi_liao_title	3k_main_general_generic_fire	1	1	3k_main_rank_effect_set_records_base	3k_main_attribute_set_general_fire_records	3k_main_skillset_generic_general_fire	1	1.0000	true
ironic_template_historical_yi_liao_hero_fire	romance	3k_romance_death_distribution	3k_main_ceo_initial_data_character_historical_yi_liao_title	3k_main_hero_generic_fire	1	1	3k_main_rank_effect_set_romance_base	3k_main_attribute_set_general_fire_romance	3k_main_skillset_generic_general_fire	1	1.0000	true
ironic_template_historical_qian_bo_z_hero_wood	historical	3k_standard_death_distribution_no_infant_mortality	3k_main_ceo_initial_data_character_historical_qian_bo_title	3k_main_general_generic_wood	1	1	3k_main_rank_effect_set_records_base	3k_main_attribute_set_general_wood_records	3k_main_skillset_generic_general_wood	1	1.0000	true
ironic_template_historical_qian_bo_z_hero_wood	romance	3k_romance_death_distribution	3k_main_ceo_initial_data_character_historical_qian_bo_title	3k_main_hero_generic_wood	1	1	3k_main_rank_effect_set_romance_base	3k_main_attribute_set_general_wood_romance	3k_main_skillset_generic_general_wood	1	1.0000	true
ironic_template_historical_jin_yi_hero_water	historical	3k_standard_death_distribution_no_infant_mortality	3k_main_ceo_initial_data_character_historical_jin_yi_title	3k_main_general_generic_water_strategist	1	1	3k_main_rank_effect_set_records_water_strategist	3k_main_attribute_set_general_water_records	3k_main_skillset_generic_general_water_strategist	1	1.0000	true
ironic_template_historical_jin_yi_hero_water	romance	3k_romance_death_distribution	3k_main_ceo_initial_data_character_historical_jin_yi_title	3k_main_hero_generic_water_strategist	1	1	3k_main_rank_effect_set_romance_water_strategist	3k_main_attribute_set_general_water_romance	3k_main_skillset_generic_general_water_strategist	1	1.0000	true
ironic_template_historical_fei_zhan_hero_fire	historical	3k_standard_death_distribution_no_infant_mortality	3k_main_ceo_initial_data_character_historical_fei_zhan_unique	ironic_190e_general_fei_zhan_fire	1	1	3k_main_rank_effect_set_records_base	3k_main_attribute_set_general_fire_records	3k_dlc05_skillset_generic_bandit_minister_fire	1	1.0000	true
ironic_template_historical_fei_zhan_hero_fire	romance	3k_romance_death_distribution	3k_main_ceo_initial_data_character_historical_fei_zhan_unique	ironic_190e_hero_fei_zhan_fire	1	1	3k_main_rank_effect_set_romance_base	3k_main_attribute_set_general_fire_romance	3k_dlc05_skillset_generic_bandit_minister_fire	1	1.0000	true
ironic_template_historical_nangong_xinyu_hero_water	historical	3k_standard_death_distribution_no_infant_mortality	3k_main_ceo_initial_data_character_historical_nangong_xinyu_unique	3k_main_general_generic_water_strategist	1	1	3k_main_rank_effect_set_records_water_strategist	3k_main_attribute_set_general_water_records	3k_dlc05_skillset_generic_bandit_minister_water_strategist	1	1.0000	true
ironic_template_historical_nangong_xinyu_hero_water	romance	3k_romance_death_distribution	3k_main_ceo_initial_data_character_historical_nangong_xinyu_unique	3k_main_hero_generic_water_strategist	1	1	3k_main_rank_effect_set_romance_water_strategist	3k_main_attribute_set_general_water_romance	3k_dlc05_skillset_generic_bandit_minister_water_strategist	1	1.0000	true
ironic_template_historical_fei_yang_hero_earth	historical	3k_standard_death_distribution_no_infant_mortality	3k_main_ceo_initial_data_character_historical_fei_yang_title	3k_main_general_generic_earth	1	1	3k_main_rank_effect_set_records_earth_commander	3k_main_attribute_set_general_earth_records	3k_dlc05_skillset_generic_bandit_minister_earth	1	1.0000	true
ironic_template_historical_fei_yang_hero_earth	romance	3k_romance_death_distribution	3k_main_ceo_initial_data_character_historical_fei_yang_title	3k_main_hero_generic_earth	1	1	3k_main_rank_effect_set_romance_earth_commander	3k_main_attribute_set_general_earth_romance	3k_dlc05_skillset_generic_bandit_minister_earth	1	1.0000	true
ironic_template_historical_nangong_zixiao_hero_wood	historical	3k_standard_death_distribution_no_infant_mortality	3k_main_ceo_initial_data_character_historical_nangong_zixiao_unique	3k_main_general_generic_wood	1	1	3k_main_rank_effect_set_records_base	3k_main_attribute_set_general_wood_records	3k_dlc05_skillset_generic_bandit_minister_wood	1	1.0000	true
ironic_template_historical_nangong_zixiao_hero_wood	romance	3k_romance_death_distribution	3k_main_ceo_initial_data_character_historical_nangong_zixiao_unique	3k_main_hero_generic_wood	1	1	3k_main_rank_effect_set_romance_base	3k_main_attribute_set_general_wood_romance	3k_dlc05_skillset_generic_bandit_minister_wood	1	1.0000	true
ironic_template_historical_fei_yuelan_hero_earth	historical	3k_standard_death_distribution_no_infant_mortality	3k_main_ceo_initial_data_character_historical_fei_yuelan_title	3k_main_general_generic_earth	1	1	3k_main_rank_effect_set_records_earth_commander	3k_main_attribute_set_general_earth_records	3k_dlc05_skillset_generic_bandit_envoy_earth	1	1.0000	true
ironic_template_historical_fei_yuelan_hero_earth	romance	3k_romance_death_distribution	3k_main_ceo_initial_data_character_historical_fei_yuelan_title	3k_main_hero_generic_earth	1	1	3k_main_rank_effect_set_romance_earth_commander	3k_main_attribute_set_general_earth_romance	3k_dlc05_skillset_generic_bandit_envoy_earth	1	1.0000	true
ironic_template_historical_fei_xin_hero_metal	historical	3k_standard_death_distribution_no_infant_mortality	3k_main_ceo_initial_data_character_historical_fei_xin_title	3k_main_general_generic_metal	1	1	3k_main_rank_effect_set_records_base	3k_main_attribute_set_general_metal_records	3k_dlc05_skillset_generic_bandit_agent_metal	1	1.0000	true
ironic_template_historical_fei_xin_hero_metal	romance	3k_romance_death_distribution	3k_main_ceo_initial_data_character_historical_fei_xin_title	3k_main_hero_generic_metal	1	1	3k_main_rank_effect_set_romance_base	3k_main_attribute_set_general_metal_romance	3k_dlc05_skillset_generic_bandit_agent_metal	1	1.0000	true
ironic_template_historical_zhang_wu_hero_wood	historical	3k_standard_death_distribution_no_infant_mortality	3k_main_ceo_initial_data_character_historical_zhang_wu_title	3k_main_general_generic_wood	1	1	3k_main_rank_effect_set_records_base	3k_main_attribute_set_general_wood_records	3k_dlc05_skillset_generic_bandit_minister_wood	1	1.0000	true
ironic_template_historical_zhang_wu_hero_wood	romance	3k_romance_death_distribution	3k_main_ceo_initial_data_character_historical_zhang_wu_title	3k_main_hero_generic_wood	1	1	3k_main_rank_effect_set_romance_base	3k_main_attribute_set_general_wood_romance	3k_dlc05_skillset_generic_bandit_minister_wood	1	1.0000	true
ironic_template_historical_chen_sun_hero_fire	historical	3k_standard_death_distribution_no_infant_mortality	3k_main_ceo_initial_data_character_historical_chen_sun_title	3k_main_general_generic_fire	1	1	3k_main_rank_effect_set_records_base	3k_main_attribute_set_general_fire_records	3k_dlc05_skillset_generic_bandit_governor_fire	1	1.0000	true
ironic_template_historical_chen_sun_hero_fire	romance	3k_romance_death_distribution	3k_main_ceo_initial_data_character_historical_chen_sun_title	3k_main_hero_generic_fire	1	1	3k_main_rank_effect_set_romance_base	3k_main_attribute_set_general_fire_romance	3k_dlc05_skillset_generic_bandit_governor_fire	1	1.0000	true
ironic_template_historical_chen_fu_hero_metal	historical	3k_standard_death_distribution_no_infant_mortality	3k_main_ceo_initial_data_character_historical_chen_fu_title	3k_main_general_generic_metal	1	1	3k_main_rank_effect_set_records_base	3k_main_attribute_set_general_metal_records	3k_dlc05_skillset_generic_bandit_general_metal	1	1.0000	true
ironic_template_historical_chen_fu_hero_metal	romance	3k_romance_death_distribution	3k_main_ceo_initial_data_character_historical_chen_fu_title	3k_main_hero_generic_metal	1	1	3k_main_rank_effect_set_romance_base	3k_main_attribute_set_general_metal_romance	3k_dlc05_skillset_generic_bandit_general_metal	1	1.0000	true
ironic_template_historical_deng_kai_hero_earth	historical	3k_standard_death_distribution_no_infant_mortality	3k_main_ceo_initial_data_character_historical_deng_kai_title	3k_main_general_generic_earth	1	1	3k_main_rank_effect_set_records_earth_commander	3k_main_attribute_set_general_earth_records	3k_dlc05_skillset_generic_bandit_general_earth	1	1.0000	true
ironic_template_historical_deng_kai_hero_earth	romance	3k_romance_death_distribution	3k_main_ceo_initial_data_character_historical_deng_kai_title	3k_main_hero_generic_earth	1	1	3k_main_rank_effect_set_romance_earth_commander	3k_main_attribute_set_general_earth_romance	3k_dlc05_skillset_generic_bandit_general_earth	1	1.0000	true
ironic_template_historical_peng_shi_hero_wood	historical	3k_standard_death_distribution_no_infant_mortality	3k_main_ceo_initial_data_character_historical_peng_shi_title	3k_main_general_generic_wood	1	1	3k_main_rank_effect_set_records_base	3k_main_attribute_set_general_wood_records	3k_dlc05_skillset_generic_bandit_governor_wood	1	1.0000	true
ironic_template_historical_peng_shi_hero_wood	romance	3k_romance_death_distribution	3k_main_ceo_initial_data_character_historical_peng_shi_title	3k_main_hero_generic_wood	1	1	3k_main_rank_effect_set_romance_base	3k_main_attribute_set_general_wood_romance	3k_dlc05_skillset_generic_bandit_governor_wood	1	1.0000	true
ironic_template_historical_ma_qin_hero_metal	historical	3k_standard_death_distribution_no_infant_mortality	3k_main_ceo_initial_data_character_historical_ma_qin_title	3k_main_general_generic_metal	1	1	3k_main_rank_effect_set_records_base	3k_main_attribute_set_general_metal_records	3k_dlc05_skillset_generic_bandit_general_metal	1	1.0000	true
ironic_template_historical_ma_qin_hero_metal	romance	3k_romance_death_distribution	3k_main_ceo_initial_data_character_historical_ma_qin_title	3k_main_hero_generic_metal	1	1	3k_main_rank_effect_set_romance_base	3k_main_attribute_set_general_metal_romance	3k_dlc05_skillset_generic_bandit_general_metal	1	1.0000	true
ironic_template_historical_lu_he_hero_wood	historical	3k_standard_death_distribution_no_infant_mortality	3k_main_ceo_initial_data_character_historical_lu_he_title	3k_main_general_generic_wood	1	1	3k_main_rank_effect_set_records_base	3k_main_attribute_set_general_wood_records	3k_dlc05_skillset_generic_bandit_general_wood	1	1.0000	true
ironic_template_historical_lu_he_hero_wood	romance	3k_romance_death_distribution	3k_main_ceo_initial_data_character_historical_lu_he_title	3k_main_hero_generic_wood	1	1	3k_main_rank_effect_set_romance_base	3k_main_attribute_set_general_wood_romance	3k_dlc05_skillset_generic_bandit_general_wood	1	1.0000	true
ironic_template_historical_luo_li_hero_fire	historical	3k_standard_death_distribution_no_infant_mortality	3k_main_ceo_initial_data_character_historical_luo_li_title	3k_main_general_generic_fire	1	1	3k_main_rank_effect_set_records_base	3k_main_attribute_set_general_fire_records	3k_dlc05_skillset_generic_bandit_general_fire	1	1.0000	true
ironic_template_historical_luo_li_hero_fire	romance	3k_romance_death_distribution	3k_main_ceo_initial_data_character_historical_luo_li_title	3k_main_hero_generic_fire	1	1	3k_main_rank_effect_set_romance_base	3k_main_attribute_set_general_fire_romance	3k_dlc05_skillset_generic_bandit_general_fire	1	1.0000	true
ironic_template_historical_sui_chun_hero_earth	historical	3k_standard_death_distribution_no_infant_mortality	3k_main_ceo_initial_data_character_historical_sui_chun_title	3k_main_general_generic_earth	1	1	3k_main_rank_effect_set_records_earth_commander	3k_main_attribute_set_general_earth_records	3k_dlc05_skillset_generic_bandit_general_earth	1	1.0000	true
ironic_template_historical_sui_chun_hero_earth	romance	3k_romance_death_distribution	3k_main_ceo_initial_data_character_historical_sui_chun_title	3k_main_hero_generic_earth	1	1	3k_main_rank_effect_set_romance_earth_commander	3k_main_attribute_set_general_earth_romance	3k_dlc05_skillset_generic_bandit_general_earth	1	1.0000	true
ironic_template_historical_liao_shi_hero_water	historical	3k_standard_death_distribution_no_infant_mortality	3k_main_ceo_initial_data_character_historical_liao_shi_title	3k_main_general_generic_water_strategist	1	1	3k_main_rank_effect_set_records_water_strategist	3k_main_attribute_set_general_water_records	3k_dlc05_skillset_generic_bandit_minister_water_strategist	1	1.0000	true
ironic_template_historical_liao_shi_hero_water	romance	3k_romance_death_distribution	3k_main_ceo_initial_data_character_historical_liao_shi_title	3k_main_hero_generic_water_strategist	1	1	3k_main_rank_effect_set_romance_water_strategist	3k_main_attribute_set_general_water_romance	3k_dlc05_skillset_generic_bandit_minister_water_strategist	1	1.0000	true
ironic_template_historical_shi_fen_hero_water	historical	3k_standard_death_distribution_no_infant_mortality	3k_main_ceo_initial_data_character_historical_shi_fen_unique	3k_main_general_generic_water_strategist	1	1	3k_main_rank_effect_set_records_water_strategist	3k_main_attribute_set_general_water_records	3k_main_skillset_generic_agent_water_strategist	1	1.0000	true
ironic_template_historical_shi_fen_hero_water	romance	3k_romance_death_distribution	3k_main_ceo_initial_data_character_historical_shi_fen_unique	3k_main_hero_generic_water_strategist	1	1	3k_main_rank_effect_set_romance_water_strategist	3k_main_attribute_set_general_water_romance	3k_main_skillset_generic_agent_water_strategist	1	1.0000	true
ironic_template_historical_shi_caiwei_hero_metal	historical	3k_standard_death_distribution_no_infant_mortality	3k_main_ceo_initial_data_character_historical_shi_caiwei_title	3k_main_general_generic_metal	1	1	3k_main_rank_effect_set_records_base	3k_main_attribute_set_general_metal_records	3k_main_skillset_generic_agent_metal	1	1.0000	true
ironic_template_historical_shi_caiwei_hero_metal	romance	3k_romance_death_distribution	3k_main_ceo_initial_data_character_historical_shi_caiwei_title	3k_main_hero_generic_metal	1	1	3k_main_rank_effect_set_romance_base	3k_main_attribute_set_general_metal_romance	3k_main_skillset_generic_agent_metal	1	1.0000	true
ironic_template_historical_shi_gan_hero_metal	historical	3k_standard_death_distribution_no_infant_mortality	3k_main_ceo_initial_data_character_historical_shi_gan_title	3k_main_general_generic_metal	1	1	3k_main_rank_effect_set_records_base	3k_main_attribute_set_general_metal_records	3k_main_skillset_generic_general_metal	1	1.0000	true
ironic_template_historical_shi_gan_hero_metal	romance	3k_romance_death_distribution	3k_main_ceo_initial_data_character_historical_shi_gan_title	3k_main_hero_generic_metal	1	1	3k_main_rank_effect_set_romance_base	3k_main_attribute_set_general_metal_romance	3k_main_skillset_generic_general_metal	1	1.0000	true
ironic_template_historical_shi_song_hero_earth	historical	3k_standard_death_distribution_no_infant_mortality	3k_main_ceo_initial_data_character_historical_shi_song_title	3k_main_general_generic_earth	1	1	3k_main_rank_effect_set_records_earth_commander	3k_main_attribute_set_general_earth_records	3k_main_skillset_generic_governor_earth	1	1.0000	true
ironic_template_historical_shi_song_hero_earth	romance	3k_romance_death_distribution	3k_main_ceo_initial_data_character_historical_shi_song_title	3k_main_hero_generic_earth	1	1	3k_main_rank_effect_set_romance_earth_commander	3k_main_attribute_set_general_earth_romance	3k_main_skillset_generic_governor_earth	1	1.0000	true
ironic_template_historical_shi_han_hero_earth	historical	3k_standard_death_distribution_no_infant_mortality	3k_main_ceo_initial_data_character_historical_shi_han_title	3k_main_general_generic_earth	1	1	3k_main_rank_effect_set_records_earth_commander	3k_main_attribute_set_general_earth_records	3k_main_skillset_generic_agent_earth	1	1.0000	true
ironic_template_historical_shi_han_hero_earth	romance	3k_romance_death_distribution	3k_main_ceo_initial_data_character_historical_shi_han_title	3k_main_hero_generic_earth	1	1	3k_main_rank_effect_set_romance_earth_commander	3k_main_attribute_set_general_earth_romance	3k_main_skillset_generic_agent_earth	1	1.0000	true
ironic_template_historical_shi_lihua_hero_water	historical	3k_standard_death_distribution_no_infant_mortality	3k_main_ceo_initial_data_character_historical_shi_lihua_title	3k_main_general_generic_water_strategist	1	1	3k_main_rank_effect_set_records_water_strategist	3k_main_attribute_set_general_water_records	3k_main_skillset_generic_agent_water_strategist	1	1.0000	true
ironic_template_historical_shi_lihua_hero_water	romance	3k_romance_death_distribution	3k_main_ceo_initial_data_character_historical_shi_lihua_title	3k_main_hero_generic_water_strategist	1	1	3k_main_rank_effect_set_romance_water_strategist	3k_main_attribute_set_general_water_romance	3k_main_skillset_generic_agent_water_strategist	1	1.0000	true
ironic_template_historical_zhou_jing_hero_water	historical	3k_standard_death_distribution_no_infant_mortality	3k_main_ceo_initial_data_character_historical_zhou_jing_title	3k_main_general_generic_water_strategist	1	1	3k_main_rank_effect_set_records_water_strategist	3k_main_attribute_set_general_water_records	3k_main_skillset_generic_governor_water_strategist	1	1.0000	true
ironic_template_historical_zhou_jing_hero_water	romance	3k_romance_death_distribution	3k_main_ceo_initial_data_character_historical_zhou_jing_title	3k_main_hero_generic_water_strategist	1	1	3k_main_rank_effect_set_romance_water_strategist	3k_main_attribute_set_general_water_romance	3k_main_skillset_generic_governor_water_strategist	1	1.0000	true
ironic_template_historical_dan_meng_hero_metal	historical	3k_standard_death_distribution_no_infant_mortality	3k_main_ceo_initial_data_character_historical_dan_meng_title	3k_main_general_generic_metal	1	1	3k_main_rank_effect_set_records_base	3k_main_attribute_set_general_metal_records	3k_main_skillset_generic_minister_metal	1	1.0000	true
ironic_template_historical_dan_meng_hero_metal	romance	3k_romance_death_distribution	3k_main_ceo_initial_data_character_historical_dan_meng_title	3k_main_hero_generic_metal	1	1	3k_main_rank_effect_set_romance_base	3k_main_attribute_set_general_metal_romance	3k_main_skillset_generic_minister_metal	1	1.0000	true
ironic_template_historical_pan_xin_hero_water	historical	3k_standard_death_distribution_no_infant_mortality	3k_main_ceo_initial_data_character_historical_pan_xin_title	3k_main_general_generic_water_strategist	1	1	3k_main_rank_effect_set_records_water_strategist	3k_main_attribute_set_general_water_records	3k_main_skillset_generic_general_water_strategist	1	1.0000	true
ironic_template_historical_pan_xin_hero_water	romance	3k_romance_death_distribution	3k_main_ceo_initial_data_character_historical_pan_xin_title	3k_main_hero_generic_water_strategist	1	1	3k_main_rank_effect_set_romance_water_strategist	3k_main_attribute_set_general_water_romance	3k_main_skillset_generic_general_water_strategist	1	1.0000	true
ironic_template_historical_pan_miao_hero_fire	historical	3k_standard_death_distribution_no_infant_mortality	3k_main_ceo_initial_data_character_historical_pan_miao_title	3k_main_general_generic_fire	1	1	3k_main_rank_effect_set_records_base	3k_main_attribute_set_general_fire_records	3k_main_skillset_generic_general_fire	1	1.0000	true
ironic_template_historical_pan_miao_hero_fire	romance	3k_romance_death_distribution	3k_main_ceo_initial_data_character_historical_pan_miao_title	3k_main_hero_generic_fire	1	1	3k_main_rank_effect_set_romance_base	3k_main_attribute_set_general_fire_romance	3k_main_skillset_generic_general_fire	1	1.0000	true
ironic_template_historical_zhang_yi_hero_metal	historical	3k_standard_death_distribution_no_infant_mortality	3k_main_ceo_initial_data_character_historical_zhang_yi_unique	3k_main_general_generic_metal	1	1	3k_main_rank_effect_set_records_base	3k_main_attribute_set_general_metal_records	3k_main_skillset_zhang_yi_general_metal	1	1.0000	true
ironic_template_historical_zhang_yi_hero_metal	romance	3k_romance_death_distribution	3k_main_ceo_initial_data_character_historical_zhang_yi_unique	3k_main_hero_generic_metal	1	1	3k_main_rank_effect_set_romance_base	3k_main_attribute_set_general_metal_romance	3k_main_skillset_zhang_yi_general_metal	1	1.0000	true
ironic_template_historical_zhang_ni_hero_wood	historical	3k_standard_death_distribution_no_infant_mortality	3k_main_ceo_initial_data_character_historical_zhang_ni_unique	3k_main_general_generic_wood	1	1	3k_main_rank_effect_set_records_base	3k_main_attribute_set_general_wood_records	3k_main_skillset_zhang_ni_general_wood	1	1.0000	true
ironic_template_historical_zhang_ni_hero_wood	romance	3k_romance_death_distribution	3k_main_ceo_initial_data_character_historical_zhang_ni_unique	3k_main_hero_generic_wood	1	1	3k_main_rank_effect_set_romance_base	3k_main_attribute_set_general_wood_romance	3k_main_skillset_zhang_ni_general_wood	1	1.0000	true
ironic_template_historical_meng_guang_hero_water	historical	3k_standard_death_distribution_no_infant_mortality	3k_main_ceo_initial_data_character_historical_meng_guang_title	3k_main_general_generic_water_strategist	1	1	3k_main_rank_effect_set_records_water_strategist	3k_main_attribute_set_general_water_records	3k_main_skillset_generic_governor_water_strategist	1	1.0000	true
ironic_template_historical_meng_guang_hero_water	romance	3k_romance_death_distribution	3k_main_ceo_initial_data_character_historical_meng_guang_title	3k_main_hero_generic_water_strategist	1	1	3k_main_rank_effect_set_romance_water_strategist	3k_main_attribute_set_general_water_romance	3k_main_skillset_generic_governor_water_strategist	1	1.0000	true
ironic_template_historical_fei_guan_hero_metal	historical	3k_standard_death_distribution_no_infant_mortality	3k_main_ceo_initial_data_character_historical_fei_guan_title	3k_main_general_generic_metal	1	1	3k_main_rank_effect_set_records_base	3k_main_attribute_set_general_metal_records	3k_main_skillset_generic_governor_metal	1	1.0000	true
ironic_template_historical_fei_guan_hero_metal	romance	3k_romance_death_distribution	3k_main_ceo_initial_data_character_historical_fei_guan_title	3k_main_hero_generic_metal	1	1	3k_main_rank_effect_set_romance_base	3k_main_attribute_set_general_metal_romance	3k_main_skillset_generic_governor_metal	1	1.0000	true
ironic_template_historical_liu_chan_hero_earth	historical	3k_standard_death_distribution_no_infant_mortality	3k_main_ceo_initial_data_character_historical_liu_chan_title	3k_main_general_generic_earth	1	1	3k_main_rank_effect_set_records_earth_commander	3k_main_attribute_set_general_earth_records	3k_main_skillset_generic_minister_earth	1	1.0000	true
ironic_template_historical_liu_chan_hero_earth	romance	3k_romance_death_distribution	3k_main_ceo_initial_data_character_historical_liu_chan_title	3k_main_hero_generic_earth	1	1	3k_main_rank_effect_set_romance_earth_commander	3k_main_attribute_set_general_earth_romance	3k_main_skillset_generic_minister_earth	1	1.0000	true
ironic_template_historical_liu_ting_hero_water	historical	3k_standard_death_distribution_no_infant_mortality	3k_main_ceo_initial_data_character_historical_liu_ting_title	3k_main_general_generic_water_strategist	1	1	3k_main_rank_effect_set_records_water_strategist	3k_main_attribute_set_general_water_records	3k_main_skillset_generic_minister_water_strategist	1	1.0000	true
ironic_template_historical_liu_ting_hero_water	romance	3k_romance_death_distribution	3k_main_ceo_initial_data_character_historical_liu_ting_title	3k_main_hero_generic_water_strategist	1	1	3k_main_rank_effect_set_romance_water_strategist	3k_main_attribute_set_general_water_romance	3k_main_skillset_generic_minister_water_strategist	1	1.0000	true
ironic_template_historical_wang_mou_hero_wood	historical	3k_standard_death_distribution_no_infant_mortality	3k_main_ceo_initial_data_character_historical_wang_mou_title	3k_main_general_generic_wood	1	1	3k_main_rank_effect_set_records_base	3k_main_attribute_set_general_wood_records	3k_main_skillset_generic_governor_wood	1	1.0000	true
ironic_template_historical_wang_mou_hero_wood	romance	3k_romance_death_distribution	3k_main_ceo_initial_data_character_historical_wang_mou_title	3k_main_hero_generic_wood	1	1	3k_main_rank_effect_set_romance_base	3k_main_attribute_set_general_wood_romance	3k_main_skillset_generic_governor_wood	1	1.0000	true
ironic_template_historical_liu_gui_hero_wood	historical	3k_standard_death_distribution_no_infant_mortality	3k_main_ceo_initial_data_character_historical_liu_gui_unique	3k_main_general_generic_wood	1	1	3k_main_rank_effect_set_records_base	3k_main_attribute_set_general_wood_records	3k_main_skillset_generic_general_wood	1	1.0000	true
ironic_template_historical_liu_gui_hero_wood	romance	3k_romance_death_distribution	3k_main_ceo_initial_data_character_historical_liu_gui_unique	3k_main_hero_generic_wood	1	1	3k_main_rank_effect_set_romance_base	3k_main_attribute_set_general_wood_romance	3k_main_skillset_generic_general_wood	1	1.0000	true
ironic_template_historical_fei_shi_hero_metal	historical	3k_standard_death_distribution_no_infant_mortality	3k_main_ceo_initial_data_character_historical_fei_shi_title	3k_main_general_generic_metal	1	1	3k_main_rank_effect_set_records_base	3k_main_attribute_set_general_metal_records	3k_main_skillset_generic_governor_metal	1	1.0000	true
ironic_template_historical_fei_shi_hero_metal	romance	3k_romance_death_distribution	3k_main_ceo_initial_data_character_historical_fei_shi_title	3k_main_hero_generic_metal	1	1	3k_main_rank_effect_set_romance_base	3k_main_attribute_set_general_metal_romance	3k_main_skillset_generic_governor_metal	1	1.0000	true
ironic_template_historical_fei_yi_hero_earth	historical	3k_standard_death_distribution_no_infant_mortality	3k_main_ceo_initial_data_character_historical_fei_yi_title	3k_main_general_generic_earth	1	1	3k_main_rank_effect_set_records_earth_commander	3k_main_attribute_set_general_earth_records	3k_main_skillset_generic_minister_earth	1	1.0000	true
ironic_template_historical_fei_yi_hero_earth	romance	3k_romance_death_distribution	3k_main_ceo_initial_data_character_historical_fei_yi_title	3k_main_hero_generic_earth	1	1	3k_main_rank_effect_set_romance_earth_commander	3k_main_attribute_set_general_earth_romance	3k_main_skillset_generic_minister_earth	1	1.0000	true
ironic_template_historical_zheng_du_hero_water	historical	3k_standard_death_distribution_no_infant_mortality	3k_main_ceo_initial_data_character_historical_zheng_du_title	3k_main_general_generic_water_strategist	1	1	3k_main_rank_effect_set_records_water_strategist	3k_main_attribute_set_general_water_records	3k_main_skillset_generic_general_water_strategist	1	1.0000	true
ironic_template_historical_zheng_du_hero_water	romance	3k_romance_death_distribution	3k_main_ceo_initial_data_character_historical_zheng_du_title	3k_main_hero_generic_water_strategist	1	1	3k_main_rank_effect_set_romance_water_strategist	3k_main_attribute_set_general_water_romance	3k_main_skillset_generic_general_water_strategist	1	1.0000	true
ironic_template_historical_linghu_na_hero_earth	historical	3k_standard_death_distribution_no_infant_mortality	3k_main_ceo_initial_data_character_historical_linghu_na_unique	3k_main_general_generic_earth	1	1	3k_main_rank_effect_set_records_earth_commander	3k_main_attribute_set_general_earth_records	3k_main_skillset_generic_envoy_earth	1	1.0000	true
ironic_template_historical_linghu_na_hero_earth	romance	3k_romance_death_distribution	3k_main_ceo_initial_data_character_historical_linghu_na_unique	3k_main_hero_generic_earth	1	1	3k_main_rank_effect_set_romance_earth_commander	3k_main_attribute_set_general_earth_romance	3k_main_skillset_generic_envoy_earth	1	1.0000	true
ironic_template_historical_zhao_yuanjiang_hero_metal	historical	3k_standard_death_distribution_no_infant_mortality	3k_main_ceo_initial_data_character_historical_zhao_yuanjiang_title	3k_main_general_generic_metal	1	1	3k_main_rank_effect_set_records_base	3k_main_attribute_set_general_metal_records	3k_main_skillset_generic_agent_metal	1	1.0000	true
ironic_template_historical_zhao_yuanjiang_hero_metal	romance	3k_romance_death_distribution	3k_main_ceo_initial_data_character_historical_zhao_yuanjiang_title	3k_main_hero_generic_metal	1	1	3k_main_rank_effect_set_romance_base	3k_main_attribute_set_general_metal_romance	3k_main_skillset_generic_agent_metal	1	1.0000	true
ironic_template_historical_zhao_shurou_hero_water	historical	3k_standard_death_distribution_no_infant_mortality	3k_main_ceo_initial_data_character_historical_zhao_shurou_title	3k_main_general_generic_water_strategist	1	1	3k_main_rank_effect_set_records_water_strategist	3k_main_attribute_set_general_water_records	3k_main_skillset_generic_envoy_water_strategist	1	1.0000	true
ironic_template_historical_zhao_shurou_hero_water	romance	3k_romance_death_distribution	3k_main_ceo_initial_data_character_historical_zhao_shurou_title	3k_main_hero_generic_water_strategist	1	1	3k_main_rank_effect_set_romance_water_strategist	3k_main_attribute_set_general_water_romance	3k_main_skillset_generic_envoy_water_strategist	1	1.0000	true
ironic_template_historical_zhao_lingjing_hero_earth	historical	3k_standard_death_distribution_no_infant_mortality	3k_main_ceo_initial_data_character_historical_zhao_lingjing_title	3k_main_general_generic_earth	1	1	3k_main_rank_effect_set_records_earth_commander	3k_main_attribute_set_general_earth_records	3k_main_skillset_generic_envoy_earth	1	1.0000	true
ironic_template_historical_zhao_lingjing_hero_earth	romance	3k_romance_death_distribution	3k_main_ceo_initial_data_character_historical_zhao_lingjing_title	3k_main_hero_generic_earth	1	1	3k_main_rank_effect_set_romance_earth_commander	3k_main_attribute_set_general_earth_romance	3k_main_skillset_generic_envoy_earth	1	1.0000	true
ironic_template_historical_sheng_dao_hero_earth	historical	3k_standard_death_distribution_no_infant_mortality	3k_main_ceo_initial_data_character_historical_sheng_dao_unique	3k_main_general_generic_earth	1	1	3k_main_rank_effect_set_records_earth_commander	3k_main_attribute_set_general_earth_records	3k_main_skillset_generic_minister_earth	1	1.0000	true
ironic_template_historical_sheng_dao_hero_earth	romance	3k_romance_death_distribution	3k_main_ceo_initial_data_character_historical_sheng_dao_unique	3k_main_hero_generic_earth	1	1	3k_main_rank_effect_set_romance_earth_commander	3k_main_attribute_set_general_earth_romance	3k_main_skillset_generic_minister_earth	1	1.0000	true
ironic_template_historical_shen_dan_hero_earth	historical	3k_standard_death_distribution_no_infant_mortality	3k_main_ceo_initial_data_character_historical_shen_dan_title	3k_main_general_generic_earth	1	1	3k_main_rank_effect_set_records_earth_commander	3k_main_attribute_set_general_earth_records	3k_main_skillset_generic_minister_earth	1	1.0000	true
ironic_template_historical_shen_dan_hero_earth	romance	3k_romance_death_distribution	3k_main_ceo_initial_data_character_historical_shen_dan_title	3k_main_hero_generic_earth	1	1	3k_main_rank_effect_set_romance_earth_commander	3k_main_attribute_set_general_earth_romance	3k_main_skillset_generic_minister_earth	1	1.0000	true
ironic_template_historical_shen_yi_hero_fire	historical	3k_standard_death_distribution_no_infant_mortality	3k_main_ceo_initial_data_character_historical_shen_yi_title	3k_main_general_generic_fire	1	1	3k_main_rank_effect_set_records_base	3k_main_attribute_set_general_fire_records	3k_main_skillset_generic_minister_fire	1	1.0000	true
ironic_template_historical_shen_yi_hero_fire	romance	3k_romance_death_distribution	3k_main_ceo_initial_data_character_historical_shen_yi_title	3k_main_hero_generic_fire	1	1	3k_main_rank_effect_set_romance_base	3k_main_attribute_set_general_fire_romance	3k_main_skillset_generic_minister_fire	1	1.0000	true
ironic_template_historical_cheng_ji_hero_fire	historical	3k_standard_death_distribution_no_infant_mortality	3k_main_ceo_initial_data_character_historical_cheng_ji_title	3k_main_general_generic_fire	1	1	3k_main_rank_effect_set_records_base	3k_main_attribute_set_general_fire_records	3k_main_skillset_generic_governor_fire	1	1.0000	true
ironic_template_historical_cheng_ji_hero_fire	romance	3k_romance_death_distribution	3k_main_ceo_initial_data_character_historical_cheng_ji_title	3k_main_hero_generic_fire	1	1	3k_main_rank_effect_set_romance_base	3k_main_attribute_set_general_fire_romance	3k_main_skillset_generic_governor_fire	1	1.0000	true
ironic_template_historical_cheng_yu_hero_earth	historical	3k_standard_death_distribution_no_infant_mortality	3k_main_ceo_initial_data_character_historical_cheng_yu_title	3k_main_general_generic_earth	1	1	3k_main_rank_effect_set_records_earth_commander	3k_main_attribute_set_general_earth_records	3k_main_skillset_generic_envoy_earth	1	1.0000	true
ironic_template_historical_cheng_yu_hero_earth	romance	3k_romance_death_distribution	3k_main_ceo_initial_data_character_historical_cheng_yu_title	3k_main_hero_generic_earth	1	1	3k_main_rank_effect_set_romance_earth_commander	3k_main_attribute_set_general_earth_romance	3k_main_skillset_generic_envoy_earth	1	1.0000	true
ironic_template_historical_li_yi_hero_fire	historical	3k_standard_death_distribution_no_infant_mortality	3k_main_ceo_initial_data_character_historical_li_yi_title	3k_main_general_generic_fire	1	1	3k_main_rank_effect_set_records_base	3k_main_attribute_set_general_fire_records	3k_main_skillset_generic_general_fire	1	1.0000	true
ironic_template_historical_li_yi_hero_fire	romance	3k_romance_death_distribution	3k_main_ceo_initial_data_character_historical_li_yi_title	3k_main_hero_generic_fire	1	1	3k_main_rank_effect_set_romance_base	3k_main_attribute_set_general_fire_romance	3k_main_skillset_generic_general_fire	1	1.0000	true
ironic_template_historical_pang_le_hero_metal	historical	3k_standard_death_distribution_no_infant_mortality	3k_main_ceo_initial_data_character_historical_pang_le_title	3k_main_general_generic_metal	1	1	3k_main_rank_effect_set_records_base	3k_main_attribute_set_general_metal_records	3k_main_skillset_generic_general_metal	1	1.0000	true
ironic_template_historical_pang_le_hero_metal	romance	3k_romance_death_distribution	3k_main_ceo_initial_data_character_historical_pang_le_title	3k_main_hero_generic_metal	1	1	3k_main_rank_effect_set_romance_base	3k_main_attribute_set_general_metal_romance	3k_main_skillset_generic_general_metal	1	1.0000	true
ironic_template_historical_leng_bao_hero_wood	historical	3k_standard_death_distribution_no_infant_mortality	3k_main_ceo_initial_data_character_historical_leng_bao_unique	3k_main_general_generic_wood	1	1	3k_main_rank_effect_set_records_base	3k_main_attribute_set_general_wood_records	3k_main_skillset_generic_general_wood	1	1.0000	true
ironic_template_historical_leng_bao_hero_wood	romance	3k_romance_death_distribution	3k_main_ceo_initial_data_character_historical_leng_bao_unique	3k_main_hero_generic_wood	1	1	3k_main_rank_effect_set_romance_base	3k_main_attribute_set_general_wood_romance	3k_main_skillset_generic_general_wood	1	1.0000	true
ironic_template_historical_ma_han_hero_wood	historical	3k_standard_death_distribution_no_infant_mortality	3k_main_ceo_initial_data_character_historical_ma_han_title	3k_main_general_generic_wood	1	1	3k_main_rank_effect_set_records_base	3k_main_attribute_set_general_wood_records	3k_main_skillset_generic_general_wood	1	1.0000	true
ironic_template_historical_ma_han_hero_wood	romance	3k_romance_death_distribution	3k_main_ceo_initial_data_character_historical_ma_han_title	3k_main_hero_generic_wood	1	1	3k_main_rank_effect_set_romance_base	3k_main_attribute_set_general_wood_romance	3k_main_skillset_generic_general_wood	1	1.0000	true
ironic_template_historical_li_si_hero_water	historical	3k_standard_death_distribution_no_infant_mortality	3k_main_ceo_initial_data_character_historical_li_si_title	3k_main_general_generic_water_strategist	1	1	3k_main_rank_effect_set_records_water_strategist	3k_main_attribute_set_general_water_records	3k_main_skillset_generic_general_water_strategist	1	1.0000	true
ironic_template_historical_li_si_hero_water	romance	3k_romance_death_distribution	3k_main_ceo_initial_data_character_historical_li_si_title	3k_main_hero_generic_water_strategist	1	1	3k_main_rank_effect_set_romance_water_strategist	3k_main_attribute_set_general_water_romance	3k_main_skillset_generic_general_water_strategist	1	1.0000	true
ironic_template_historical_zhang_su_hero_water	historical	3k_standard_death_distribution_no_infant_mortality	3k_main_ceo_initial_data_character_historical_zhang_su_title	3k_main_general_generic_water_strategist	1	1	3k_main_rank_effect_set_records_water_strategist	3k_main_attribute_set_general_water_records	3k_main_skillset_generic_governor_water_strategist	1	1.0000	true
ironic_template_historical_zhang_su_hero_water	romance	3k_romance_death_distribution	3k_main_ceo_initial_data_character_historical_zhang_su_title	3k_main_hero_generic_water_strategist	1	1	3k_main_rank_effect_set_romance_water_strategist	3k_main_attribute_set_general_water_romance	3k_main_skillset_generic_governor_water_strategist	1	1.0000	true
ironic_template_historical_zhou_qun_hero_water	historical	3k_standard_death_distribution_no_infant_mortality	3k_main_ceo_initial_data_character_historical_zhou_qun_title	3k_main_general_generic_water_strategist	1	1	3k_main_rank_effect_set_records_water_strategist	3k_main_attribute_set_general_water_records	3k_main_skillset_generic_governor_water_strategist	1	1.0000	true
ironic_template_historical_zhou_qun_hero_water	romance	3k_romance_death_distribution	3k_main_ceo_initial_data_character_historical_zhou_qun_title	3k_main_hero_generic_water_strategist	1	1	3k_main_rank_effect_set_romance_water_strategist	3k_main_attribute_set_general_water_romance	3k_main_skillset_generic_governor_water_strategist	1	1.0000	true
ironic_template_historical_zhang_yu_hero_earth	historical	3k_standard_death_distribution_no_infant_mortality	3k_main_ceo_initial_data_character_historical_zhang_yu_title	3k_main_general_generic_earth	1	1	3k_main_rank_effect_set_records_earth_commander	3k_main_attribute_set_general_earth_records	3k_main_skillset_generic_governor_earth	1	1.0000	true
ironic_template_historical_zhang_yu_hero_earth	romance	3k_romance_death_distribution	3k_main_ceo_initial_data_character_historical_zhang_yu_title	3k_main_hero_generic_earth	1	1	3k_main_rank_effect_set_romance_earth_commander	3k_main_attribute_set_general_earth_romance	3k_main_skillset_generic_governor_earth	1	1.0000	true
ironic_template_historical_ma_xun_hero_fire	historical	3k_standard_death_distribution_no_infant_mortality	3k_main_ceo_initial_data_character_historical_ma_xun_title	3k_main_general_generic_fire	1	1	3k_main_rank_effect_set_records_base	3k_main_attribute_set_general_fire_records	3k_main_skillset_generic_general_fire	1	1.0000	true
ironic_template_historical_ma_xun_hero_fire	romance	3k_romance_death_distribution	3k_main_ceo_initial_data_character_historical_ma_xun_title	3k_main_hero_generic_fire	1	1	3k_main_rank_effect_set_romance_base	3k_main_attribute_set_general_fire_romance	3k_main_skillset_generic_general_fire	1	1.0000	true
ironic_template_historical_ma_zhong_hero_wood	historical	3k_standard_death_distribution_no_infant_mortality	3k_main_ceo_initial_data_character_historical_ma_zhong_unique	3k_main_general_generic_wood	1	1	3k_main_rank_effect_set_records_base	3k_main_attribute_set_general_wood_records	3k_main_skillset_ma_zhong_general_wood	1	1.0000	true
ironic_template_historical_ma_zhong_hero_wood	romance	3k_romance_death_distribution	3k_main_ceo_initial_data_character_historical_ma_zhong_unique	3k_main_hero_generic_wood	1	1	3k_main_rank_effect_set_romance_base	3k_main_attribute_set_general_wood_romance	3k_main_skillset_ma_zhong_general_wood	1	1.0000	true
ironic_template_historical_zhu_min_hero_earth	historical	3k_standard_death_distribution_no_infant_mortality	3k_main_ceo_initial_data_character_historical_zhu_min_ironic	3k_main_general_generic_earth	1	1	3k_main_rank_effect_set_records_earth_commander	3k_main_attribute_set_general_earth_records	3k_main_skillset_generic_envoy_earth	1	1.0000	true
ironic_template_historical_zhu_min_hero_earth	romance	3k_romance_death_distribution	3k_main_ceo_initial_data_character_historical_zhu_min_ironic	3k_main_hero_generic_earth	1	1	3k_main_rank_effect_set_romance_earth_commander	3k_main_attribute_set_general_earth_romance	3k_main_skillset_generic_envoy_earth	1	1.0000	true
ironic_template_historical_zhu_lian_hero_metal	historical	3k_standard_death_distribution_no_infant_mortality	3k_main_ceo_initial_data_character_historical_zhu_lian_ironic	3k_main_general_generic_metal	1	1	3k_main_rank_effect_set_records_base	3k_main_attribute_set_general_metal_records	3k_main_skillset_generic_agent_metal	1	1.0000	true
ironic_template_historical_zhu_lian_hero_metal	romance	3k_romance_death_distribution	3k_main_ceo_initial_data_character_historical_zhu_lian_ironic	3k_main_hero_generic_metal	1	1	3k_main_rank_effect_set_romance_base	3k_main_attribute_set_general_metal_romance	3k_main_skillset_generic_agent_metal	1	1.0000	true
ironic_template_historical_zhou_shu_hero_wood	historical	3k_standard_death_distribution_no_infant_mortality	3k_main_ceo_initial_data_character_historical_zhou_shu_ironic	3k_main_general_generic_wood	1	1	3k_main_rank_effect_set_records_base	3k_main_attribute_set_general_wood_records	3k_main_skillset_generic_minister_wood	1	1.0000	true
ironic_template_historical_zhou_shu_hero_wood	romance	3k_romance_death_distribution	3k_main_ceo_initial_data_character_historical_zhou_shu_ironic	3k_main_hero_generic_wood	1	1	3k_main_rank_effect_set_romance_base	3k_main_attribute_set_general_wood_romance	3k_main_skillset_generic_minister_wood	1	1.0000	true
ironic_template_historical_huangfu_jianshou_hero_metal	historical	3k_standard_death_distribution_no_infant_mortality	3k_main_ceo_initial_data_character_historical_huangfu_jianshou_ironic	3k_main_general_generic_metal	1	1	3k_main_rank_effect_set_records_base	3k_main_attribute_set_general_metal_records	3k_main_skillset_generic_minister_metal	1	1.0000	true
ironic_template_historical_huangfu_jianshou_hero_metal	romance	3k_romance_death_distribution	3k_main_ceo_initial_data_character_historical_huangfu_jianshou_ironic	3k_main_hero_generic_metal	1	1	3k_main_rank_effect_set_romance_base	3k_main_attribute_set_general_metal_romance	3k_main_skillset_generic_minister_metal	1	1.0000	true
ironic_template_historical_lu_xu_hero_earth	historical	3k_standard_death_distribution_no_infant_mortality	3k_main_ceo_initial_data_character_historical_lu_xu_ironic	3k_main_general_generic_earth	1	1	3k_main_rank_effect_set_records_earth_commander	3k_main_attribute_set_general_earth_records	3k_main_skillset_generic_general_earth	1	1.0000	true
ironic_template_historical_lu_xu_hero_earth	romance	3k_romance_death_distribution	3k_main_ceo_initial_data_character_historical_lu_xu_ironic	3k_main_hero_generic_earth	1	1	3k_main_rank_effect_set_romance_earth_commander	3k_main_attribute_set_general_earth_romance	3k_main_skillset_generic_general_earth	1	1.0000	true
ironic_template_historical_gu_li_hero_wood	historical	3k_standard_death_distribution_no_infant_mortality	3k_main_ceo_initial_data_character_historical_gu_li_ironic	3k_main_general_generic_wood	1	1	3k_main_rank_effect_set_records_base	3k_main_attribute_set_general_wood_records	3k_main_skillset_generic_general_wood	1	1.0000	true
ironic_template_historical_gu_li_hero_wood	romance	3k_romance_death_distribution	3k_main_ceo_initial_data_character_historical_gu_li_ironic	3k_main_hero_generic_wood	1	1	3k_main_rank_effect_set_romance_base	3k_main_attribute_set_general_wood_romance	3k_main_skillset_generic_general_wood	1	1.0000	true
ironic_template_historical_song_qian_hero_fire	historical	3k_standard_death_distribution_no_infant_mortality	3k_main_ceo_initial_data_character_historical_song_qian_ironic	3k_main_general_generic_fire	1	1	3k_main_rank_effect_set_records_base	3k_main_attribute_set_general_fire_records	3k_main_skillset_generic_general_fire	1	1.0000	true
ironic_template_historical_song_qian_hero_fire	romance	3k_romance_death_distribution	3k_main_ceo_initial_data_character_historical_song_qian_ironic	3k_main_hero_generic_fire	1	1	3k_main_rank_effect_set_romance_base	3k_main_attribute_set_general_fire_romance	3k_main_skillset_generic_general_fire	1	1.0000	true
ironic_template_historical_puyang_yi_hero_water	historical	3k_standard_death_distribution_no_infant_mortality	3k_main_ceo_initial_data_character_historical_puyang_yi_ironic	3k_main_general_generic_water_strategist	1	1	3k_main_rank_effect_set_records_water_strategist	3k_main_attribute_set_general_water_records	3k_main_skillset_generic_governor_water_strategist	1	1.0000	true
ironic_template_historical_puyang_yi_hero_water	romance	3k_romance_death_distribution	3k_main_ceo_initial_data_character_historical_puyang_yi_ironic	3k_main_hero_generic_water_strategist	1	1	3k_main_rank_effect_set_romance_water_strategist	3k_main_attribute_set_general_water_romance	3k_main_skillset_generic_governor_water_strategist	1	1.0000	true
ironic_template_historical_chunyu_shi_hero_metal	historical	3k_standard_death_distribution_no_infant_mortality	3k_main_ceo_initial_data_character_historical_chunyu_shi_ironic	3k_main_general_generic_metal	1	1	3k_main_rank_effect_set_records_base	3k_main_attribute_set_general_metal_records	3k_main_skillset_generic_governor_metal	1	1.0000	true
ironic_template_historical_chunyu_shi_hero_metal	romance	3k_romance_death_distribution	3k_main_ceo_initial_data_character_historical_chunyu_shi_ironic	3k_main_hero_generic_metal	1	1	3k_main_rank_effect_set_romance_base	3k_main_attribute_set_general_metal_romance	3k_main_skillset_generic_governor_metal	1	1.0000	true
ironic_template_historical_zheng_bao_hero_wood	historical	3k_standard_death_distribution_no_infant_mortality	3k_main_ceo_initial_data_character_historical_zheng_bao_ironic	3k_main_general_generic_wood	1	1	3k_main_rank_effect_set_records_base	3k_main_attribute_set_general_wood_records	3k_main_skillset_generic_minister_wood	1	1.0000	true
ironic_template_historical_zheng_bao_hero_wood	romance	3k_romance_death_distribution	3k_main_ceo_initial_data_character_historical_zheng_bao_ironic	3k_main_hero_generic_wood	1	1	3k_main_rank_effect_set_romance_base	3k_main_attribute_set_general_wood_romance	3k_main_skillset_generic_minister_wood	1	1.0000	true
ironic_template_historical_zheng_fei_hero_earth	historical	3k_standard_death_distribution_no_infant_mortality	3k_main_ceo_initial_data_character_historical_zheng_fei_ironic	3k_main_general_generic_earth	1	1	3k_main_rank_effect_set_records_earth_commander	3k_main_attribute_set_general_earth_records	3k_main_skillset_generic_general_earth	1	1.0000	true
ironic_template_historical_zheng_fei_hero_earth	romance	3k_romance_death_distribution	3k_main_ceo_initial_data_character_historical_zheng_fei_ironic	3k_main_hero_generic_earth	1	1	3k_main_rank_effect_set_romance_earth_commander	3k_main_attribute_set_general_earth_romance	3k_main_skillset_generic_general_earth	1	1.0000	true
ironic_template_historical_zhang_duo_hero_fire	historical	3k_standard_death_distribution_no_infant_mortality	3k_main_ceo_initial_data_character_historical_zhang_duo_ironic	3k_main_general_generic_fire	1	1	3k_main_rank_effect_set_records_base	3k_main_attribute_set_general_fire_records	3k_main_skillset_generic_minister_fire	1	1.0000	true
ironic_template_historical_zhang_duo_hero_fire	romance	3k_romance_death_distribution	3k_main_ceo_initial_data_character_historical_zhang_duo_ironic	3k_main_hero_generic_fire	1	1	3k_main_rank_effect_set_romance_base	3k_main_attribute_set_general_fire_romance	3k_main_skillset_generic_minister_fire	1	1.0000	true
ironic_template_historical_xu_qian_hero_earth	historical	3k_standard_death_distribution_no_infant_mortality	3k_main_ceo_initial_data_character_historical_xu_qian_ironic	3k_main_general_generic_earth	1	1	3k_main_rank_effect_set_records_earth_commander	3k_main_attribute_set_general_earth_records	3k_main_skillset_generic_governor_earth	1	1.0000	true
ironic_template_historical_xu_qian_hero_earth	romance	3k_romance_death_distribution	3k_main_ceo_initial_data_character_historical_xu_qian_ironic	3k_main_hero_generic_earth	1	1	3k_main_rank_effect_set_romance_earth_commander	3k_main_attribute_set_general_earth_romance	3k_main_skillset_generic_governor_earth	1	1.0000	true
ironic_template_historical_chen_ce_hero_metal	historical	3k_standard_death_distribution_no_infant_mortality	3k_main_ceo_initial_data_character_historical_chen_ce_ironic	3k_dlc05_bandit_general_generic_metal	1	1	3k_main_rank_effect_set_records_base	3k_main_attribute_set_general_metal_records	3k_dlc05_skillset_generic_bandit_minister_metal	1	1.0000	true
ironic_template_historical_chen_ce_hero_metal	romance	3k_romance_death_distribution	3k_main_ceo_initial_data_character_historical_chen_ce_ironic	3k_dlc05_bandit_hero_generic_metal	1	1	3k_main_rank_effect_set_romance_base	3k_main_attribute_set_general_metal_romance	3k_dlc05_skillset_generic_bandit_minister_metal	1	1.0000	true
ironic_template_historical_zhao_da_hero_water	historical	3k_standard_death_distribution_no_infant_mortality	3k_main_ceo_initial_data_character_historical_zhao_da_ironic	3k_main_general_generic_water_strategist	1	1	3k_main_rank_effect_set_records_water_strategist	3k_main_attribute_set_general_water_records	3k_main_skillset_generic_villager_water_strategist	1	1.0000	true
ironic_template_historical_zhao_da_hero_water	romance	3k_romance_death_distribution	3k_main_ceo_initial_data_character_historical_zhao_da_ironic	3k_main_hero_generic_water_strategist	1	1	3k_main_rank_effect_set_romance_water_strategist	3k_main_attribute_set_general_water_romance	3k_main_skillset_generic_villager_water_strategist	1	1.0000	true
ironic_template_historical_zuo_xian_hero_water	historical	3k_standard_death_distribution_no_infant_mortality	3k_main_ceo_initial_data_character_historical_zuo_xian_ironic	3k_main_general_generic_water_strategist	1	1	3k_main_rank_effect_set_records_water_strategist	3k_main_attribute_set_general_water_records	3k_main_skillset_generic_general_water_strategist	1	1.0000	true
ironic_template_historical_zuo_xian_hero_water	romance	3k_romance_death_distribution	3k_main_ceo_initial_data_character_historical_zuo_xian_ironic	3k_main_hero_generic_water_strategist	1	1	3k_main_rank_effect_set_romance_water_strategist	3k_main_attribute_set_general_water_romance	3k_main_skillset_generic_general_water_strategist	1	1.0000	true
ironic_template_historical_ni_xiaode_hero_fire	historical	3k_standard_death_distribution_no_infant_mortality	3k_main_ceo_initial_data_character_historical_ni_xiaode_unique	ironic_190e_general_ni_xiaode_fire	1	1	3k_main_rank_effect_set_records_base	3k_main_attribute_set_general_fire_records	3k_main_skillset_generic_minister_fire	1	1.0000	true
ironic_template_historical_ni_xiaode_hero_fire	romance	3k_romance_death_distribution	3k_main_ceo_initial_data_character_historical_ni_xiaode_unique	ironic_190e_hero_ni_xiaode_fire	1	1	3k_main_rank_effect_set_romance_base	3k_main_attribute_set_general_fire_romance	3k_main_skillset_generic_minister_fire	1	1.0000	true
ironic_template_historical_ouyang_su_hero_earth	historical	3k_standard_death_distribution_no_infant_mortality	3k_main_ceo_initial_data_character_historical_ouyang_su_ironic	3k_main_general_generic_earth	1	1	3k_main_rank_effect_set_records_earth_commander	3k_main_attribute_set_general_earth_records	3k_main_skillset_generic_general_earth	1	1.0000	true
ironic_template_historical_ouyang_su_hero_earth	romance	3k_romance_death_distribution	3k_main_ceo_initial_data_character_historical_ouyang_su_ironic	3k_main_hero_generic_earth	1	1	3k_main_rank_effect_set_romance_earth_commander	3k_main_attribute_set_general_earth_romance	3k_main_skillset_generic_general_earth	1	1.0000	true
ironic_template_historical_ni_kan_hero_wood	historical	3k_standard_death_distribution_no_infant_mortality	3k_main_ceo_initial_data_character_historical_ni_kan_ironic	3k_main_general_generic_wood	1	1	3k_main_rank_effect_set_records_base	3k_main_attribute_set_general_wood_records	3k_main_skillset_generic_minister_wood	1	1.0000	true
ironic_template_historical_ni_kan_hero_wood	romance	3k_romance_death_distribution	3k_main_ceo_initial_data_character_historical_ni_kan_ironic	3k_main_hero_generic_wood	1	1	3k_main_rank_effect_set_romance_base	3k_main_attribute_set_general_wood_romance	3k_main_skillset_generic_minister_wood	1	1.0000	true
ironic_template_historical_ni_lu_hero_water	historical	3k_standard_death_distribution_no_infant_mortality	3k_main_ceo_initial_data_character_historical_ni_lu_ironic	3k_main_general_generic_water_strategist	1	1	3k_main_rank_effect_set_records_water_strategist	3k_main_attribute_set_general_water_records	3k_main_skillset_generic_governor_water_strategist	1	1.0000	true
ironic_template_historical_ni_lu_hero_water	romance	3k_romance_death_distribution	3k_main_ceo_initial_data_character_historical_ni_lu_ironic	3k_main_hero_generic_water_strategist	1	1	3k_main_rank_effect_set_romance_water_strategist	3k_main_attribute_set_general_water_romance	3k_main_skillset_generic_governor_water_strategist	1	1.0000	true
ironic_template_historical_ni_nu_hero_metal	historical	3k_standard_death_distribution_no_infant_mortality	3k_main_ceo_initial_data_character_historical_ni_nu_title	3k_main_general_generic_metal	1	1	3k_main_rank_effect_set_records_base	3k_main_attribute_set_general_metal_records	3k_main_skillset_generic_envoy_metal	1	1.0000	true
ironic_template_historical_ni_nu_hero_metal	romance	3k_romance_death_distribution	3k_main_ceo_initial_data_character_historical_ni_nu_title	3k_main_hero_generic_metal	1	1	3k_main_rank_effect_set_romance_base	3k_main_attribute_set_general_metal_romance	3k_main_skillset_generic_envoy_metal	1	1.0000	true
ironic_template_historical_wan_bing_hero_metal	historical	3k_standard_death_distribution_no_infant_mortality	3k_main_ceo_initial_data_character_historical_wan_bing_ironic	3k_ytr_yellow_turban_general_generic_metal_scholar	1	1	3k_ytr_rank_effect_set_records_base	3k_ytr_attribute_set_general_scholar_records	3k_ytr_skillset_romance_generic_official_scholar	1	1.0000	true
ironic_template_historical_wan_bing_hero_metal	romance	3k_romance_death_distribution	3k_main_ceo_initial_data_character_historical_wan_bing_ironic	3k_ytr_yellow_turban_hero_generic_metal_scholar	1	1	3k_ytr_rank_effect_set_romance_base	3k_ytr_attribute_set_general_scholar_romance	3k_ytr_skillset_romance_generic_official_scholar	1	1.0000	true
ironic_template_historical_chen_bao_hero_wood	historical	3k_standard_death_distribution_no_infant_mortality	3k_main_ceo_initial_data_character_historical_chen_bao_ironic	3k_ytr_yellow_turban_general_generic_wood_veteran	1	1	3k_ytr_rank_effect_set_records_base	3k_ytr_attribute_set_general_veteran_records	3k_ytr_skillset_romance_generic_peasant_veteran	1	1.0000	true
ironic_template_historical_chen_bao_hero_wood	romance	3k_romance_death_distribution	3k_main_ceo_initial_data_character_historical_chen_bao_ironic	3k_ytr_yellow_turban_hero_generic_wood_veteran	1	1	3k_ytr_rank_effect_set_romance_base	3k_ytr_attribute_set_general_veteran_romance	3k_ytr_skillset_romance_generic_peasant_veteran	1	1.0000	true
ironic_template_historical_kuang_gan_hero_water	historical	3k_standard_death_distribution_no_infant_mortality	3k_main_ceo_initial_data_character_historical_kuang_gan_ironic	3k_main_general_generic_water_strategist	1	1	3k_main_rank_effect_set_records_water_strategist	3k_main_attribute_set_general_water_records	3k_main_skillset_generic_envoy_water_strategist	1	1.0000	true
ironic_template_historical_kuang_gan_hero_water	romance	3k_romance_death_distribution	3k_main_ceo_initial_data_character_historical_kuang_gan_ironic	3k_main_hero_generic_water_strategist	1	1	3k_main_rank_effect_set_romance_water_strategist	3k_main_attribute_set_general_water_romance	3k_main_skillset_generic_envoy_water_strategist	1	1.0000	true
ironic_template_historical_sheng_kuang_hero_fire	historical	3k_standard_death_distribution_no_infant_mortality	3k_main_ceo_initial_data_character_historical_sheng_kuang_ironic	3k_main_general_generic_fire	1	1	3k_main_rank_effect_set_records_base	3k_main_attribute_set_general_fire_records	3k_main_skillset_generic_minister_fire	1	1.0000	true
ironic_template_historical_sheng_kuang_hero_fire	romance	3k_romance_death_distribution	3k_main_ceo_initial_data_character_historical_sheng_kuang_ironic	3k_main_hero_generic_fire	1	1	3k_main_rank_effect_set_romance_base	3k_main_attribute_set_general_fire_romance	3k_main_skillset_generic_minister_fire	1	1.0000	true
ironic_template_historical_sheng_mai_hero_metal	historical	3k_standard_death_distribution_no_infant_mortality	3k_main_ceo_initial_data_character_historical_sheng_mai_ironic	3k_main_general_generic_metal	1	1	3k_main_rank_effect_set_records_base	3k_main_attribute_set_general_metal_records	3k_main_skillset_generic_agent_metal	1	1.0000	true
ironic_template_historical_sheng_mai_hero_metal	romance	3k_romance_death_distribution	3k_main_ceo_initial_data_character_historical_sheng_mai_ironic	3k_main_hero_generic_metal	1	1	3k_main_rank_effect_set_romance_base	3k_main_attribute_set_general_metal_romance	3k_main_skillset_generic_agent_metal	1	1.0000	true
ironic_template_historical_zhou_gu_hero_wood	historical	3k_standard_death_distribution_no_infant_mortality	3k_main_ceo_initial_data_character_historical_zhou_gu_ironic	3k_main_general_generic_wood	1	1	3k_main_rank_effect_set_records_base	3k_main_attribute_set_general_wood_records	3k_main_skillset_generic_villager_wood	1	1.0000	true
ironic_template_historical_zhou_gu_hero_wood	romance	3k_romance_death_distribution	3k_main_ceo_initial_data_character_historical_zhou_gu_ironic	3k_main_hero_generic_wood	1	1	3k_main_rank_effect_set_romance_base	3k_main_attribute_set_general_wood_romance	3k_main_skillset_generic_villager_wood	1	1.0000	true
ironic_template_historical_dai_yuan_hero_fire	historical	3k_standard_death_distribution_no_infant_mortality	3k_main_ceo_initial_data_character_historical_dai_yuan_ironic	3k_main_general_generic_fire	1	1	3k_main_rank_effect_set_records_base	3k_main_attribute_set_general_fire_records	3k_main_skillset_generic_villager_fire	1	1.0000	true
ironic_template_historical_dai_yuan_hero_fire	romance	3k_romance_death_distribution	3k_main_ceo_initial_data_character_historical_dai_yuan_ironic	3k_main_hero_generic_fire	1	1	3k_main_rank_effect_set_romance_base	3k_main_attribute_set_general_fire_romance	3k_main_skillset_generic_villager_fire	1	1.0000	true
ironic_template_historical_bian_hong_hero_wood	historical	3k_standard_death_distribution_no_infant_mortality	3k_main_ceo_initial_data_character_historical_bian_hong_ironic	3k_main_general_generic_wood	1	1	3k_main_rank_effect_set_records_base	3k_main_attribute_set_general_wood_records	3k_main_skillset_generic_general_wood	1	1.0000	true
ironic_template_historical_bian_hong_hero_wood	romance	3k_romance_death_distribution	3k_main_ceo_initial_data_character_historical_bian_hong_ironic	3k_main_hero_generic_wood	1	1	3k_main_rank_effect_set_romance_base	3k_main_attribute_set_general_wood_romance	3k_main_skillset_generic_general_wood	1	1.0000	true
ironic_template_historical_gui_lan_hero_metal	historical	3k_standard_death_distribution_no_infant_mortality	3k_main_ceo_initial_data_character_historical_gui_lan_ironic	3k_main_general_generic_metal	1	1	3k_main_rank_effect_set_records_base	3k_main_attribute_set_general_metal_records	3k_main_skillset_generic_agent_metal	1	1.0000	true
ironic_template_historical_gui_lan_hero_metal	romance	3k_romance_death_distribution	3k_main_ceo_initial_data_character_historical_gui_lan_ironic	3k_main_hero_generic_metal	1	1	3k_main_rank_effect_set_romance_base	3k_main_attribute_set_general_metal_romance	3k_main_skillset_generic_agent_metal	1	1.0000	true
ironic_template_historical_xu_sheng_hero_earth	historical	3k_standard_death_distribution_no_infant_mortality	3k_main_ceo_initial_data_character_historical_xu_sheng_ironic	3k_main_general_generic_earth	1	1	3k_main_rank_effect_set_records_earth_commander	3k_main_attribute_set_general_earth_records	3k_main_skillset_xu_sheng_general_earth	1	1.0000	true
ironic_template_historical_xu_sheng_hero_earth	romance	3k_romance_death_distribution	3k_main_ceo_initial_data_character_historical_xu_sheng_ironic	3k_main_hero_generic_earth	1	1	3k_main_rank_effect_set_romance_earth_commander	3k_main_attribute_set_general_earth_romance	3k_main_skillset_xu_sheng_general_earth	1	1.0000	true
ironic_template_historical_xie_jiong_hero_metal	historical	3k_standard_death_distribution_no_infant_mortality	3k_main_ceo_initial_data_character_historical_xie_jiong_ironic	3k_main_general_generic_metal	1	1	3k_main_rank_effect_set_records_base	3k_main_attribute_set_general_metal_records	3k_main_skillset_generic_governor_metal	1	1.0000	true
ironic_template_historical_xie_jiong_hero_metal	romance	3k_romance_death_distribution	3k_main_ceo_initial_data_character_historical_xie_jiong_ironic	3k_main_hero_generic_metal	1	1	3k_main_rank_effect_set_romance_base	3k_main_attribute_set_general_metal_romance	3k_main_skillset_generic_governor_metal	1	1.0000	true
ironic_template_historical_xie_zhen_hero_water	historical	3k_standard_death_distribution_no_infant_mortality	3k_main_ceo_initial_data_character_historical_xie_zhen_ironic	3k_main_general_generic_water_strategist	1	1	3k_main_rank_effect_set_records_water_strategist	3k_main_attribute_set_general_water_records	3k_main_skillset_generic_governor_water_strategist	1	1.0000	true
ironic_template_historical_xie_zhen_hero_water	romance	3k_romance_death_distribution	3k_main_ceo_initial_data_character_historical_xie_zhen_ironic	3k_main_hero_generic_water_strategist	1	1	3k_main_rank_effect_set_romance_water_strategist	3k_main_attribute_set_general_water_romance	3k_main_skillset_generic_governor_water_strategist	1	1.0000	true
ironic_template_historical_xie_mi_hero_water	historical	3k_standard_death_distribution_no_infant_mortality	3k_main_ceo_initial_data_character_historical_xie_mi_ironic	3k_main_general_generic_water_strategist	1	1	3k_main_rank_effect_set_records_water_strategist	3k_main_attribute_set_general_water_records	3k_main_skillset_generic_envoy_water_strategist	1	1.0000	true
ironic_template_historical_xie_mi_hero_water	romance	3k_romance_death_distribution	3k_main_ceo_initial_data_character_historical_xie_mi_ironic	3k_main_hero_generic_water_strategist	1	1	3k_main_rank_effect_set_romance_water_strategist	3k_main_attribute_set_general_water_romance	3k_main_skillset_generic_envoy_water_strategist	1	1.0000	true
ironic_template_historical_xie_cheng_hero_water	historical	3k_standard_death_distribution_no_infant_mortality	3k_main_ceo_initial_data_character_historical_xie_cheng_ironic	3k_main_general_generic_water_strategist	1	1	3k_main_rank_effect_set_records_water_strategist	3k_main_attribute_set_general_water_records	3k_main_skillset_generic_minister_water_strategist	1	1.0000	true
ironic_template_historical_xie_cheng_hero_water	romance	3k_romance_death_distribution	3k_main_ceo_initial_data_character_historical_xie_cheng_ironic	3k_main_hero_generic_water_strategist	1	1	3k_main_rank_effect_set_romance_water_strategist	3k_main_attribute_set_general_water_romance	3k_main_skillset_generic_minister_water_strategist	1	1.0000	true
ironic_template_historical_zhuang_zhen_hero_wood	historical	3k_standard_death_distribution_no_infant_mortality	3k_main_ceo_initial_data_character_historical_zhuang_zhen_ironic	3k_dlc05_bandit_general_generic_wood	1	1	3k_main_rank_effect_set_records_base	3k_main_attribute_set_general_wood_records	3k_dlc05_skillset_generic_bandit_envoy_wood	1	1.0000	true
ironic_template_historical_zhuang_zhen_hero_wood	romance	3k_romance_death_distribution	3k_main_ceo_initial_data_character_historical_zhuang_zhen_ironic	3k_dlc05_bandit_hero_generic_wood	1	1	3k_main_rank_effect_set_romance_base	3k_main_attribute_set_general_wood_romance	3k_dlc05_skillset_generic_bandit_envoy_wood	1	1.0000	true
ironic_template_historical_yan_xia_hero_metal	historical	3k_standard_death_distribution_no_infant_mortality	3k_main_ceo_initial_data_character_historical_yan_xia_unique	3k_dlc05_bandit_general_generic_metal	1	1	3k_main_rank_effect_set_records_base	3k_main_attribute_set_general_metal_records	3k_dlc05_skillset_yan_xia_bandit_minister_metal	1	1.0000	true
ironic_template_historical_yan_xia_hero_metal	romance	3k_romance_death_distribution	3k_main_ceo_initial_data_character_historical_yan_xia_unique	3k_dlc05_bandit_hero_generic_metal	1	1	3k_main_rank_effect_set_romance_base	3k_main_attribute_set_general_metal_romance	3k_dlc05_skillset_yan_xia_bandit_minister_metal	1	1.0000	true
ironic_template_historical_yan_lan_hero_water	historical	3k_standard_death_distribution_no_infant_mortality	3k_main_ceo_initial_data_character_historical_yan_lan_unique	3k_dlc05_bandit_general_generic_water	1	1	3k_main_rank_effect_set_records_water_strategist	3k_main_attribute_set_general_water_records	3k_dlc05_skillset_generic_bandit_envoy_water_strategist	1	1.0000	true
ironic_template_historical_yan_lan_hero_water	romance	3k_romance_death_distribution	3k_main_ceo_initial_data_character_historical_yan_lan_unique	3k_dlc05_bandit_hero_generic_water	1	1	3k_main_rank_effect_set_romance_water_strategist	3k_main_attribute_set_general_water_romance	3k_dlc05_skillset_generic_bandit_envoy_water_strategist	1	1.0000	true
ironic_template_historical_huanglong_luo_hero_fire	historical	3k_standard_death_distribution_no_infant_mortality	3k_main_ceo_initial_data_character_historical_huanglong_luo_ironic	3k_dlc05_bandit_general_generic_fire	1	1	3k_main_rank_effect_set_records_base	3k_main_attribute_set_general_fire_records	3k_dlc05_skillset_generic_bandit_minister_fire	1	1.0000	true
ironic_template_historical_huanglong_luo_hero_fire	romance	3k_romance_death_distribution	3k_main_ceo_initial_data_character_historical_huanglong_luo_ironic	3k_dlc05_bandit_hero_generic_fire	1	1	3k_main_rank_effect_set_romance_base	3k_main_attribute_set_general_fire_romance	3k_dlc05_skillset_generic_bandit_minister_fire	1	1.0000	true
ironic_template_historical_chen_mu_hero_metal	historical	3k_standard_death_distribution_no_infant_mortality	3k_main_ceo_initial_data_character_historical_chen_mu_ironic	3k_dlc05_bandit_general_generic_metal	1	1	3k_main_rank_effect_set_records_base	3k_main_attribute_set_general_metal_records	3k_dlc05_skillset_generic_bandit_governor_metal	1	1.0000	true
ironic_template_historical_chen_mu_hero_metal	romance	3k_romance_death_distribution	3k_main_ceo_initial_data_character_historical_chen_mu_ironic	3k_dlc05_bandit_hero_generic_metal	1	1	3k_main_rank_effect_set_romance_base	3k_main_attribute_set_general_metal_romance	3k_dlc05_skillset_generic_bandit_governor_metal	1	1.0000	true
ironic_template_historical_peng_hu_hero_wood	historical	3k_standard_death_distribution_no_infant_mortality	3k_main_ceo_initial_data_character_historical_peng_hu_ironic	3k_dlc05_bandit_general_generic_wood	1	1	3k_main_rank_effect_set_records_base	3k_main_attribute_set_general_wood_records	3k_dlc05_skillset_generic_bandit_minister_wood	1	1.0000	true
ironic_template_historical_peng_hu_hero_wood	romance	3k_romance_death_distribution	3k_main_ceo_initial_data_character_historical_peng_hu_ironic	3k_dlc05_bandit_hero_generic_wood	1	1	3k_main_rank_effect_set_romance_base	3k_main_attribute_set_general_wood_romance	3k_dlc05_skillset_generic_bandit_minister_wood	1	1.0000	true
ironic_template_historical_zhu_shulian_hero_water	historical	3k_standard_death_distribution_no_infant_mortality	3k_main_ceo_initial_data_character_historical_zhu_shulian_ironic	3k_dlc05_bandit_general_generic_water	1	1	3k_main_rank_effect_set_records_water_strategist	3k_main_attribute_set_general_water_records	3k_dlc05_skillset_generic_bandit_governor_water_strategist	1	1.0000	true
ironic_template_historical_zhu_shulian_hero_water	romance	3k_romance_death_distribution	3k_main_ceo_initial_data_character_historical_zhu_shulian_ironic	3k_dlc05_bandit_hero_generic_water	1	1	3k_main_rank_effect_set_romance_water_strategist	3k_main_attribute_set_general_water_romance	3k_dlc05_skillset_generic_bandit_governor_water_strategist	1	1.0000	true
ironic_template_historical_wan_yan_hero_water	historical	3k_standard_death_distribution_no_infant_mortality	3k_main_ceo_initial_data_character_historical_wan_yan_ironic	3k_dlc05_bandit_general_generic_water	1	1	3k_main_rank_effect_set_records_water_strategist	3k_main_attribute_set_general_water_records	3k_dlc05_skillset_generic_bandit_agent_water_strategist	1	1.0000	true
ironic_template_historical_wan_yan_hero_water	romance	3k_romance_death_distribution	3k_main_ceo_initial_data_character_historical_wan_yan_ironic	3k_dlc05_bandit_hero_generic_water	1	1	3k_main_rank_effect_set_romance_water_strategist	3k_main_attribute_set_general_water_romance	3k_dlc05_skillset_generic_bandit_agent_water_strategist	1	1.0000	true
ironic_template_historical_wu_mian_hero_earth	historical	3k_standard_death_distribution_no_infant_mortality	3k_main_ceo_initial_data_character_historical_wu_mian_ironic	3k_dlc05_bandit_general_generic_earth	1	1	3k_main_rank_effect_set_records_earth_commander	3k_main_attribute_set_general_earth_records	3k_dlc05_skillset_generic_bandit_general_earth	1	1.0000	true
ironic_template_historical_wu_mian_hero_earth	romance	3k_romance_death_distribution	3k_main_ceo_initial_data_character_historical_wu_mian_ironic	3k_dlc05_bandit_hero_generic_earth	1	1	3k_main_rank_effect_set_romance_earth_commander	3k_main_attribute_set_general_earth_romance	3k_dlc05_skillset_generic_bandit_general_earth	1	1.0000	true
ironic_template_historical_hua_dang_hero_fire	historical	3k_standard_death_distribution_no_infant_mortality	3k_main_ceo_initial_data_character_historical_hua_dang_ironic	3k_dlc05_bandit_general_generic_fire	1	1	3k_main_rank_effect_set_records_base	3k_main_attribute_set_general_fire_records	3k_dlc05_skillset_generic_bandit_general_fire	1	1.0000	true
ironic_template_historical_hua_dang_hero_fire	romance	3k_romance_death_distribution	3k_main_ceo_initial_data_character_historical_hua_dang_ironic	3k_dlc05_bandit_hero_generic_fire	1	1	3k_main_rank_effect_set_romance_base	3k_main_attribute_set_general_fire_romance	3k_dlc05_skillset_generic_bandit_general_fire	1	1.0000	true
ironic_template_historical_qian_bo_hero_wood	historical	3k_standard_death_distribution_no_infant_mortality	3k_main_ceo_initial_data_character_historical_qian_bo_ironic	3k_dlc05_bandit_general_generic_wood	1	1	3k_main_rank_effect_set_records_base	3k_main_attribute_set_general_wood_records	3k_dlc05_skillset_generic_bandit_general_wood	1	1.0000	true
ironic_template_historical_qian_bo_hero_wood	romance	3k_romance_death_distribution	3k_main_ceo_initial_data_character_historical_qian_bo_ironic	3k_dlc05_bandit_hero_generic_wood	1	1	3k_main_rank_effect_set_romance_base	3k_main_attribute_set_general_wood_romance	3k_dlc05_skillset_generic_bandit_general_wood	1	1.0000	true
ironic_template_historical_mao_gan_hero_fire	historical	3k_standard_death_distribution_no_infant_mortality	3k_main_ceo_initial_data_character_historical_mao_gan_ironic	3k_dlc05_bandit_general_generic_fire	1	1	3k_main_rank_effect_set_records_base	3k_main_attribute_set_general_fire_records	3k_dlc05_skillset_generic_bandit_governor_fire	1	1.0000	true
ironic_template_historical_mao_gan_hero_fire	romance	3k_romance_death_distribution	3k_main_ceo_initial_data_character_historical_mao_gan_ironic	3k_dlc05_bandit_hero_generic_fire	1	1	3k_main_rank_effect_set_romance_base	3k_main_attribute_set_general_fire_romance	3k_dlc05_skillset_generic_bandit_governor_fire	1	1.0000	true
ironic_template_historical_puyang_lian_hero_earth	historical	3k_standard_death_distribution_no_infant_mortality	3k_main_ceo_initial_data_character_historical_puyang_lian_ironic	3k_main_general_generic_earth	1	1	3k_main_rank_effect_set_records_earth_commander	3k_main_attribute_set_general_earth_records	3k_main_skillset_generic_envoy_earth	1	1.0000	true
ironic_template_historical_puyang_lian_hero_earth	romance	3k_romance_death_distribution	3k_main_ceo_initial_data_character_historical_puyang_lian_ironic	3k_main_hero_generic_earth	1	1	3k_main_rank_effect_set_romance_earth_commander	3k_main_attribute_set_general_earth_romance	3k_main_skillset_generic_envoy_earth	1	1.0000	true
ironic_template_historical_zhuge_jin_hero_water	historical	3k_standard_death_distribution_no_infant_mortality	3k_main_ceo_initial_data_character_historical_zhuge_jin_ironic	3k_main_general_generic_water_strategist	1	1	3k_main_rank_effect_set_records_water_strategist	3k_main_attribute_set_general_water_records	3k_main_skillset_generic_minister_water_strategist	1	1.0000	true
ironic_template_historical_zhuge_jin_hero_water	romance	3k_romance_death_distribution	3k_main_ceo_initial_data_character_historical_zhuge_jin_ironic	3k_main_hero_generic_water_strategist	1	1	3k_main_rank_effect_set_romance_water_strategist	3k_main_attribute_set_general_water_romance	3k_main_skillset_generic_minister_water_strategist	1	1.0000	true
ironic_template_historical_zhuge_guo_hero_metal	historical	3k_standard_death_distribution_no_infant_mortality	3k_main_ceo_initial_data_character_historical_zhuge_guo_ironic	3k_main_general_generic_metal	1	1	3k_main_rank_effect_set_records_base	3k_main_attribute_set_general_metal_records	3k_main_skillset_generic_envoy_metal	1	1.0000	true
ironic_template_historical_zhuge_guo_hero_metal	romance	3k_romance_death_distribution	3k_main_ceo_initial_data_character_historical_zhuge_guo_ironic	3k_main_hero_generic_metal	1	1	3k_main_rank_effect_set_romance_base	3k_main_attribute_set_general_metal_romance	3k_main_skillset_generic_envoy_metal	1	1.0000	true
ironic_template_historical_zhuge_pian_hero_earth	historical	3k_standard_death_distribution_no_infant_mortality	3k_main_ceo_initial_data_character_historical_zhuge_pian_ironic	3k_main_general_generic_earth	1	1	3k_main_rank_effect_set_records_earth_commander	3k_main_attribute_set_general_earth_records	3k_main_skillset_generic_envoy_earth	1	1.0000	true
ironic_template_historical_zhuge_pian_hero_earth	romance	3k_romance_death_distribution	3k_main_ceo_initial_data_character_historical_zhuge_pian_ironic	3k_main_hero_generic_earth	1	1	3k_main_rank_effect_set_romance_earth_commander	3k_main_attribute_set_general_earth_romance	3k_main_skillset_generic_envoy_earth	1	1.0000	true
ironic_template_historical_zhuge_jun_hero_earth	historical	3k_standard_death_distribution_no_infant_mortality	3k_main_ceo_initial_data_character_historical_zhuge_jun_ironic	3k_main_general_generic_earth	1	1	3k_main_rank_effect_set_records_earth_commander	3k_main_attribute_set_general_earth_records	3k_main_skillset_generic_envoy_earth	1	1.0000	true
ironic_template_historical_zhuge_jun_hero_earth	romance	3k_romance_death_distribution	3k_main_ceo_initial_data_character_historical_zhuge_jun_ironic	3k_main_hero_generic_earth	1	1	3k_main_rank_effect_set_romance_earth_commander	3k_main_attribute_set_general_earth_romance	3k_main_skillset_generic_envoy_earth	1	1.0000	true
ironic_template_historical_zhuge_fu_hero_metal	historical	3k_standard_death_distribution_no_infant_mortality	3k_main_ceo_initial_data_character_historical_zhuge_fu_ironic	3k_main_general_generic_metal	1	1	3k_main_rank_effect_set_records_base	3k_main_attribute_set_general_metal_records	3k_main_skillset_generic_envoy_metal	1	1.0000	true
ironic_template_historical_zhuge_fu_hero_metal	romance	3k_romance_death_distribution	3k_main_ceo_initial_data_character_historical_zhuge_fu_ironic	3k_main_hero_generic_metal	1	1	3k_main_rank_effect_set_romance_base	3k_main_attribute_set_general_metal_romance	3k_main_skillset_generic_envoy_metal	1	1.0000	true
ironic_template_historical_zhuge_luo_hero_earth	historical	3k_standard_death_distribution_no_infant_mortality	3k_main_ceo_initial_data_character_historical_zhuge_luo_ironic	3k_main_general_generic_earth	1	1	3k_main_rank_effect_set_records_earth_commander	3k_main_attribute_set_general_earth_records	3k_main_skillset_generic_envoy_earth	1	1.0000	true
ironic_template_historical_zhuge_luo_hero_earth	romance	3k_romance_death_distribution	3k_main_ceo_initial_data_character_historical_zhuge_luo_ironic	3k_main_hero_generic_earth	1	1	3k_main_rank_effect_set_romance_earth_commander	3k_main_attribute_set_general_earth_romance	3k_main_skillset_generic_envoy_earth	1	1.0000	true
ironic_template_historical_zhuge_gan_hero_wood	historical	3k_standard_death_distribution_no_infant_mortality	3k_main_ceo_initial_data_character_historical_zhuge_gan_ironic	3k_main_general_generic_wood	1	1	3k_main_rank_effect_set_records_base	3k_main_attribute_set_general_wood_records	3k_main_skillset_generic_general_wood	1	1.0000	true
ironic_template_historical_zhuge_gan_hero_wood	romance	3k_romance_death_distribution	3k_main_ceo_initial_data_character_historical_zhuge_gan_ironic	3k_main_hero_generic_wood	1	1	3k_main_rank_effect_set_romance_base	3k_main_attribute_set_general_wood_romance	3k_main_skillset_generic_general_wood	1	1.0000	true
ironic_template_historical_zhuge_bin_hero_wood	historical	3k_standard_death_distribution_no_infant_mortality	3k_main_ceo_initial_data_character_historical_zhuge_bin_ironic	3k_main_general_generic_wood	1	1	3k_main_rank_effect_set_records_base	3k_main_attribute_set_general_wood_records	3k_main_skillset_generic_governor_wood	1	1.0000	true
ironic_template_historical_zhuge_bin_hero_wood	romance	3k_romance_death_distribution	3k_main_ceo_initial_data_character_historical_zhuge_bin_ironic	3k_main_hero_generic_wood	1	1	3k_main_rank_effect_set_romance_base	3k_main_attribute_set_general_wood_romance	3k_main_skillset_generic_governor_wood	1	1.0000	true
ironic_template_historical_zhuge_qiong_hero_fire	historical	3k_standard_death_distribution_no_infant_mortality	3k_main_ceo_initial_data_character_historical_zhuge_qiong_ironic	3k_main_general_generic_fire	1	1	3k_main_rank_effect_set_records_base	3k_main_attribute_set_general_fire_records	3k_main_skillset_generic_general_fire	1	1.0000	true
ironic_template_historical_zhuge_qiong_hero_fire	romance	3k_romance_death_distribution	3k_main_ceo_initial_data_character_historical_zhuge_qiong_ironic	3k_main_hero_generic_fire	1	1	3k_main_rank_effect_set_romance_base	3k_main_attribute_set_general_fire_romance	3k_main_skillset_generic_general_fire	1	1.0000	true
ironic_template_historical_zhuge_ji_hero_earth	historical	3k_standard_death_distribution_no_infant_mortality	3k_main_ceo_initial_data_character_historical_zhuge_ji_ironic	3k_main_general_generic_earth	1	1	3k_main_rank_effect_set_records_earth_commander	3k_main_attribute_set_general_earth_records	3k_main_skillset_generic_agent_earth	1	1.0000	true
ironic_template_historical_zhuge_ji_hero_earth	romance	3k_romance_death_distribution	3k_main_ceo_initial_data_character_historical_zhuge_ji_ironic	3k_main_hero_generic_earth	1	1	3k_main_rank_effect_set_romance_earth_commander	3k_main_attribute_set_general_earth_romance	3k_main_skillset_generic_agent_earth	1	1.0000	true
ironic_template_historical_zhuge_xu_hero_metal	historical	3k_standard_death_distribution_no_infant_mortality	3k_main_ceo_initial_data_character_historical_zhuge_xu_ironic	3k_main_general_generic_metal	1	1	3k_main_rank_effect_set_records_base	3k_main_attribute_set_general_metal_records	3k_main_skillset_generic_minister_metal	1	1.0000	true
ironic_template_historical_zhuge_xu_hero_metal	romance	3k_romance_death_distribution	3k_main_ceo_initial_data_character_historical_zhuge_xu_ironic	3k_main_hero_generic_metal	1	1	3k_main_rank_effect_set_romance_base	3k_main_attribute_set_general_metal_romance	3k_main_skillset_generic_minister_metal	1	1.0000	true
ironic_template_historical_yan_jun_hero_water	historical	3k_standard_death_distribution_no_infant_mortality	3k_main_ceo_initial_data_character_historical_yan_jun_ironic	3k_main_general_generic_water_strategist	1	1	3k_main_rank_effect_set_records_water_strategist	3k_main_attribute_set_general_water_records	3k_main_skillset_generic_minister_water_strategist	1	1.0000	true
ironic_template_historical_yan_jun_hero_water	romance	3k_romance_death_distribution	3k_main_ceo_initial_data_character_historical_yan_jun_ironic	3k_main_hero_generic_water_strategist	1	1	3k_main_rank_effect_set_romance_water_strategist	3k_main_attribute_set_general_water_romance	3k_main_skillset_generic_minister_water_strategist	1	1.0000	true
ironic_template_historical_kuai_qi_hero_metal	historical	3k_standard_death_distribution_no_infant_mortality	3k_main_ceo_initial_data_character_historical_kuai_qi_ironic	3k_main_general_generic_metal	1	1	3k_main_rank_effect_set_records_base	3k_main_attribute_set_general_metal_records	3k_main_skillset_generic_governor_metal	1	1.0000	true
ironic_template_historical_kuai_qi_hero_metal	romance	3k_romance_death_distribution	3k_main_ceo_initial_data_character_historical_kuai_qi_ironic	3k_main_hero_generic_metal	1	1	3k_main_rank_effect_set_romance_base	3k_main_attribute_set_general_metal_romance	3k_main_skillset_generic_governor_metal	1	1.0000	true
ironic_template_historical_pang_degong_hero_earth	historical	3k_standard_death_distribution_no_infant_mortality	3k_main_ceo_initial_data_character_historical_pang_degong_ironic_water	3k_main_general_generic_water_strategist	1	1	3k_main_rank_effect_set_records_water_strategist	3k_main_attribute_set_general_water_records	3k_main_skillset_pang_degong_minister_water_strategist	1	1.0000	true
ironic_template_historical_pang_degong_hero_earth	romance	3k_romance_death_distribution	3k_main_ceo_initial_data_character_historical_pang_degong_ironic_water	3k_main_hero_generic_water_strategist	1	1	3k_main_rank_effect_set_romance_water_strategist	3k_main_attribute_set_general_water_romance	3k_main_skillset_pang_degong_minister_water_strategist	1	1.0000	true
ironic_template_historical_sima_hui_hero_water	historical	3k_standard_death_distribution_no_infant_mortality	3k_main_ceo_initial_data_character_historical_sima_hui_ironic_water	3k_main_general_generic_earth	1	1	3k_main_rank_effect_set_records_earth_commander	3k_main_attribute_set_general_earth_records	3k_main_skillset_sima_hui_minister_earth	1	1.0000	true
ironic_template_historical_sima_hui_hero_water	romance	3k_romance_death_distribution	3k_main_ceo_initial_data_character_historical_sima_hui_ironic_water	3k_main_hero_generic_earth	1	1	3k_main_rank_effect_set_romance_earth_commander	3k_main_attribute_set_general_earth_romance	3k_main_skillset_sima_hui_minister_earth	1	1.0000	true
ironic_template_historical_pang_shanmin_hero_metal	historical	3k_standard_death_distribution_no_infant_mortality	3k_main_ceo_initial_data_character_historical_pang_shanmin_ironic	3k_main_general_generic_metal	1	1	3k_main_rank_effect_set_records_base	3k_main_attribute_set_general_metal_records	3k_main_skillset_generic_governor_metal	1	1.0000	true
ironic_template_historical_pang_shanmin_hero_metal	romance	3k_romance_death_distribution	3k_main_ceo_initial_data_character_historical_pang_shanmin_ironic	3k_main_hero_generic_metal	1	1	3k_main_rank_effect_set_romance_base	3k_main_attribute_set_general_metal_romance	3k_main_skillset_generic_governor_metal	1	1.0000	true
ironic_template_historical_kou_xiaolan_ironic_hero_metal	historical	3k_standard_death_distribution_no_infant_mortality	3k_main_ceo_initial_data_character_historical_kou_xiaolan_title_ironic	3k_main_general_generic_metal	1	1	3k_main_rank_effect_set_records_base	3k_main_attribute_set_general_metal_records	3k_main_skillset_generic_general_metal	1	1.0000	true
ironic_template_historical_kou_xiaolan_ironic_hero_metal	romance	3k_romance_death_distribution	3k_main_ceo_initial_data_character_historical_kou_xiaolan_title_ironic	3k_main_hero_generic_metal	1	1	3k_main_rank_effect_set_romance_base	3k_main_attribute_set_general_metal_romance	3k_main_skillset_generic_general_metal	1	1.0000	true
ironic_template_historical_zhu_liu_ironic_hero_earth	historical	3k_standard_death_distribution_no_infant_mortality	3k_main_ceo_initial_data_character_historical_zhu_liu_title_ironic	3k_main_general_generic_earth	1	1	3k_main_rank_effect_set_records_earth_commander	3k_main_attribute_set_general_earth_records	3k_main_skillset_generic_general_earth	1	1.0000	true
ironic_template_historical_zhu_liu_ironic_hero_earth	romance	3k_romance_death_distribution	3k_main_ceo_initial_data_character_historical_zhu_liu_title_ironic	3k_main_hero_generic_earth	1	1	3k_main_rank_effect_set_romance_earth_commander	3k_main_attribute_set_general_earth_romance	3k_main_skillset_generic_general_earth	1	1.0000	true
ironic_template_historical_she_yuan_ironic_hero_earth	historical	3k_standard_death_distribution_no_infant_mortality	3k_main_ceo_initial_data_character_historical_she_yuan_title_ironic	3k_main_general_generic_earth	1	1	3k_main_rank_effect_set_records_earth_commander	3k_main_attribute_set_general_earth_records	3k_main_skillset_generic_minister_earth	1	1.0000	true
ironic_template_historical_she_yuan_ironic_hero_earth	romance	3k_romance_death_distribution	3k_main_ceo_initial_data_character_historical_she_yuan_title_ironic	3k_main_hero_generic_earth	1	1	3k_main_rank_effect_set_romance_earth_commander	3k_main_attribute_set_general_earth_romance	3k_main_skillset_generic_minister_earth	1	1.0000	true
ironic_template_historical_she_jian_ironic_hero_wood	historical	3k_standard_death_distribution_no_infant_mortality	3k_main_ceo_initial_data_character_historical_she_jian_title_ironic	3k_main_general_generic_wood	1	1	3k_main_rank_effect_set_records_base	3k_main_attribute_set_general_wood_records	3k_main_skillset_generic_governor_wood	1	1.0000	true
ironic_template_historical_she_jian_ironic_hero_wood	romance	3k_romance_death_distribution	3k_main_ceo_initial_data_character_historical_she_jian_title_ironic	3k_main_hero_generic_wood	1	1	3k_main_rank_effect_set_romance_base	3k_main_attribute_set_general_wood_romance	3k_main_skillset_generic_governor_wood	1	1.0000	true
ironic_template_historical_huangfu_qi_ironic_hero_metal	historical	3k_standard_death_distribution_no_infant_mortality	3k_main_ceo_initial_data_character_historical_huangfu_qi_title_ironic	3k_main_general_generic_metal	1	1	3k_main_rank_effect_set_records_base	3k_main_attribute_set_general_metal_records	3k_main_skillset_generic_minister_metal	1	1.0000	true
ironic_template_historical_huangfu_qi_ironic_hero_metal	romance	3k_romance_death_distribution	3k_main_ceo_initial_data_character_historical_huangfu_qi_title_ironic	3k_main_hero_generic_metal	1	1	3k_main_rank_effect_set_romance_base	3k_main_attribute_set_general_metal_romance	3k_main_skillset_generic_minister_metal	1	1.0000	true
ironic_template_historical_yu_bao_ironic_hero_wood	historical	3k_standard_death_distribution_no_infant_mortality	3k_main_ceo_initial_data_character_historical_yu_bao_title_ironic	3k_main_general_generic_wood	1	1	3k_main_rank_effect_set_records_base	3k_main_attribute_set_general_wood_records	3k_main_skillset_generic_general_wood	1	1.0000	true
ironic_template_historical_yu_bao_ironic_hero_wood	romance	3k_romance_death_distribution	3k_main_ceo_initial_data_character_historical_yu_bao_title_ironic	3k_main_hero_generic_wood	1	1	3k_main_rank_effect_set_romance_base	3k_main_attribute_set_general_wood_romance	3k_main_skillset_generic_general_wood	1	1.0000	true
ironic_template_historical_liu_yan_ironic_hero_fire	historical	3k_standard_death_distribution_no_infant_mortality	3k_main_ceo_initial_data_character_historical_liu_yan_title_ironic	3k_main_general_generic_fire	1	1	3k_main_rank_effect_set_records_base	3k_main_attribute_set_general_fire_records	3k_main_skillset_generic_general_fire	1	1.0000	true
ironic_template_historical_liu_yan_ironic_hero_fire	romance	3k_romance_death_distribution	3k_main_ceo_initial_data_character_historical_liu_yan_title_ironic	3k_main_hero_generic_fire	1	1	3k_main_rank_effect_set_romance_base	3k_main_attribute_set_general_fire_romance	3k_main_skillset_generic_general_fire	1	1.0000	true
ironic_template_historical_wen_ying_ironic_hero_water	historical	3k_standard_death_distribution_no_infant_mortality	3k_main_ceo_initial_data_character_historical_wen_ying_title_ironic	3k_main_general_generic_water_strategist	1	1	3k_main_rank_effect_set_records_water_strategist	3k_main_attribute_set_general_water_records	3k_main_skillset_generic_governor_water_strategist	1	1.0000	true
ironic_template_historical_wen_ying_ironic_hero_water	romance	3k_romance_death_distribution	3k_main_ceo_initial_data_character_historical_wen_ying_title_ironic	3k_main_hero_generic_water_strategist	1	1	3k_main_rank_effect_set_romance_water_strategist	3k_main_attribute_set_general_water_romance	3k_main_skillset_generic_governor_water_strategist	1	1.0000	true
ironic_template_historical_ying_rong_ironic_hero_metal	historical	3k_standard_death_distribution_no_infant_mortality	3k_main_ceo_initial_data_character_historical_ying_rong_title_ironic	3k_main_general_generic_metal	1	1	3k_main_rank_effect_set_records_base	3k_main_attribute_set_general_metal_records	3k_main_skillset_generic_governor_metal	1	1.0000	true
ironic_template_historical_ying_rong_ironic_hero_metal	romance	3k_romance_death_distribution	3k_main_ceo_initial_data_character_historical_ying_rong_title_ironic	3k_main_hero_generic_metal	1	1	3k_main_rank_effect_set_romance_base	3k_main_attribute_set_general_metal_romance	3k_main_skillset_generic_governor_metal	1	1.0000	true
ironic_template_historical_he_qia_ironic_hero_fire	historical	3k_standard_death_distribution_no_infant_mortality	3k_main_ceo_initial_data_character_historical_he_qia_title_ironic	3k_main_general_generic_fire	1	1	3k_main_rank_effect_set_records_base	3k_main_attribute_set_general_fire_records	3k_main_skillset_generic_minister_fire	1	1.0000	true
ironic_template_historical_he_qia_ironic_hero_fire	romance	3k_romance_death_distribution	3k_main_ceo_initial_data_character_historical_he_qia_title_ironic	3k_main_hero_generic_fire	1	1	3k_main_rank_effect_set_romance_base	3k_main_attribute_set_general_fire_romance	3k_main_skillset_generic_minister_fire	1	1.0000	true
ironic_template_historical_xi_zhen_ironic_hero_water	historical	3k_standard_death_distribution_no_infant_mortality	3k_main_ceo_initial_data_character_historical_xi_zhen_title_ironic	3k_main_general_generic_water_strategist	1	1	3k_main_rank_effect_set_records_water_strategist	3k_main_attribute_set_general_water_records	3k_main_skillset_generic_governor_water_strategist	1	1.0000	true
ironic_template_historical_xi_zhen_ironic_hero_water	romance	3k_romance_death_distribution	3k_main_ceo_initial_data_character_historical_xi_zhen_title_ironic	3k_main_hero_generic_water_strategist	1	1	3k_main_rank_effect_set_romance_water_strategist	3k_main_attribute_set_general_water_romance	3k_main_skillset_generic_governor_water_strategist	1	1.0000	true
ironic_template_historical_zu_si_ironic_hero_earth	historical	3k_standard_death_distribution_no_infant_mortality	3k_main_ceo_initial_data_character_historical_zu_si_title_ironic	3k_main_general_generic_earth	1	1	3k_main_rank_effect_set_records_earth_commander	3k_main_attribute_set_general_earth_records	3k_main_skillset_generic_minister_earth	1	1.0000	true
ironic_template_historical_zu_si_ironic_hero_earth	romance	3k_romance_death_distribution	3k_main_ceo_initial_data_character_historical_zu_si_title_ironic	3k_main_hero_generic_earth	1	1	3k_main_rank_effect_set_romance_earth_commander	3k_main_attribute_set_general_earth_romance	3k_main_skillset_generic_minister_earth	1	1.0000	true
ironic_template_historical_shi_en_ironic_hero_metal	historical	3k_standard_death_distribution_no_infant_mortality	3k_main_ceo_initial_data_character_historical_shi_en_title_ironic	3k_main_general_generic_metal	1	1	3k_main_rank_effect_set_records_base	3k_main_attribute_set_general_metal_records	3k_main_skillset_generic_minister_metal	1	1.0000	true
ironic_template_historical_shi_en_ironic_hero_metal	romance	3k_romance_death_distribution	3k_main_ceo_initial_data_character_historical_shi_en_title_ironic	3k_main_hero_generic_metal	1	1	3k_main_rank_effect_set_romance_base	3k_main_attribute_set_general_metal_romance	3k_main_skillset_generic_minister_metal	1	1.0000	true
ironic_template_historical_shi_qi_ironic_hero_water	historical	3k_standard_death_distribution_no_infant_mortality	3k_main_ceo_initial_data_character_historical_shi_qi_title_ironic	3k_main_general_generic_water_strategist	1	1	3k_main_rank_effect_set_records_water_strategist	3k_main_attribute_set_general_water_records	3k_main_skillset_generic_general_water_strategist	1	1.0000	true
ironic_template_historical_shi_qi_ironic_hero_water	romance	3k_romance_death_distribution	3k_main_ceo_initial_data_character_historical_shi_qi_title_ironic	3k_main_hero_generic_water_strategist	1	1	3k_main_rank_effect_set_romance_water_strategist	3k_main_attribute_set_general_water_romance	3k_main_skillset_generic_general_water_strategist	1	1.0000	true
ironic_template_historical_shi_changchang_ironic_hero_earth	historical	3k_standard_death_distribution_no_infant_mortality	3k_main_ceo_initial_data_character_historical_shi_changchang_title_ironic	3k_main_general_generic_earth	1	1	3k_main_rank_effect_set_records_earth_commander	3k_main_attribute_set_general_earth_records	3k_main_skillset_generic_general_earth	1	1.0000	true
ironic_template_historical_shi_changchang_ironic_hero_earth	romance	3k_romance_death_distribution	3k_main_ceo_initial_data_character_historical_shi_changchang_title_ironic	3k_main_hero_generic_earth	1	1	3k_main_rank_effect_set_romance_earth_commander	3k_main_attribute_set_general_earth_romance	3k_main_skillset_generic_general_earth	1	1.0000	true
ironic_template_historical_liu_xi_ironic_hero_water	historical	3k_standard_death_distribution_no_infant_mortality	3k_main_ceo_initial_data_character_historical_liu_xi_title_ironic	3k_main_general_generic_water_strategist	1	1	3k_main_rank_effect_set_records_water_strategist	3k_main_attribute_set_general_water_records	3k_main_skillset_generic_governor_water_strategist	1	1.0000	true
ironic_template_historical_liu_xi_ironic_hero_water	romance	3k_romance_death_distribution	3k_main_ceo_initial_data_character_historical_liu_xi_title_ironic	3k_main_hero_generic_water_strategist	1	1	3k_main_rank_effect_set_romance_water_strategist	3k_main_attribute_set_general_water_romance	3k_main_skillset_generic_governor_water_strategist	1	1.0000	true
ironic_template_historical_zhang_xiang_ironic_hero_wood	historical	3k_standard_death_distribution_no_infant_mortality	3k_main_ceo_initial_data_character_historical_zhang_xiang_title_ironic	3k_main_general_generic_wood	1	1	3k_main_rank_effect_set_records_base	3k_main_attribute_set_general_wood_records	3k_main_skillset_generic_minister_wood	1	1.0000	true
ironic_template_historical_zhang_xiang_ironic_hero_wood	romance	3k_romance_death_distribution	3k_main_ceo_initial_data_character_historical_zhang_xiang_title_ironic	3k_main_hero_generic_wood	1	1	3k_main_rank_effect_set_romance_base	3k_main_attribute_set_general_wood_romance	3k_main_skillset_generic_minister_wood	1	1.0000	true
ironic_template_historical_deng_zixiao_ironic_hero_fire	historical	3k_standard_death_distribution_no_infant_mortality	3k_main_ceo_initial_data_character_historical_deng_zixiao_title_ironic	3k_main_general_generic_fire	1	1	3k_main_rank_effect_set_records_base	3k_main_attribute_set_general_fire_records	3k_main_skillset_generic_general_fire	1	1.0000	true
ironic_template_historical_deng_zixiao_ironic_hero_fire	romance	3k_romance_death_distribution	3k_main_ceo_initial_data_character_historical_deng_zixiao_title_ironic	3k_main_hero_generic_fire	1	1	3k_main_rank_effect_set_romance_base	3k_main_attribute_set_general_fire_romance	3k_main_skillset_generic_general_fire	1	1.0000	true
ironic_template_historical_niu_wei_ironic_hero_water	historical	3k_standard_death_distribution_no_infant_mortality	3k_main_ceo_initial_data_character_historical_niu_wei_title_ironic	3k_main_general_generic_water_strategist	1	1	3k_main_rank_effect_set_records_water_strategist	3k_main_attribute_set_general_water_records	3k_main_skillset_generic_governor_water_strategist	1	1.0000	true
ironic_template_historical_niu_wei_ironic_hero_water	romance	3k_romance_death_distribution	3k_main_ceo_initial_data_character_historical_niu_wei_title_ironic	3k_main_hero_generic_water_strategist	1	1	3k_main_rank_effect_set_romance_water_strategist	3k_main_attribute_set_general_water_romance	3k_main_skillset_generic_governor_water_strategist	1	1.0000	true
ironic_template_historical_niu_dan_ironic_hero_earth	historical	3k_standard_death_distribution_no_infant_mortality	3k_main_ceo_initial_data_character_historical_niu_dan_title_ironic	3k_main_general_generic_earth	1	1	3k_main_rank_effect_set_records_earth_commander	3k_main_attribute_set_general_earth_records	3k_main_skillset_generic_minister_earth	1	1.0000	true
ironic_template_historical_niu_dan_ironic_hero_earth	romance	3k_romance_death_distribution	3k_main_ceo_initial_data_character_historical_niu_dan_title_ironic	3k_main_hero_generic_earth	1	1	3k_main_rank_effect_set_romance_earth_commander	3k_main_attribute_set_general_earth_romance	3k_main_skillset_generic_minister_earth	1	1.0000	true
ironic_template_historical_hu_man_ironic_hero_earth	historical	3k_standard_death_distribution_no_infant_mortality	3k_main_ceo_initial_data_character_historical_hu_man_title_ironic	3k_main_general_generic_earth	1	1	3k_main_rank_effect_set_records_earth_commander	3k_main_attribute_set_general_earth_records	3k_main_skillset_generic_general_earth	1	1.0000	true
ironic_template_historical_hu_man_ironic_hero_earth	romance	3k_romance_death_distribution	3k_main_ceo_initial_data_character_historical_hu_man_title_ironic	3k_main_hero_generic_earth	1	1	3k_main_rank_effect_set_romance_earth_commander	3k_main_attribute_set_general_earth_romance	3k_main_skillset_generic_general_earth	1	1.0000	true
ironic_template_historical_hu_yu_ironic_hero_metal	historical	3k_standard_death_distribution_no_infant_mortality	3k_main_ceo_initial_data_character_historical_hu_yu_title_ironic	3k_main_general_generic_metal	1	1	3k_main_rank_effect_set_records_base	3k_main_attribute_set_general_metal_records	3k_main_skillset_generic_general_metal	1	1.0000	true
ironic_template_historical_hu_yu_ironic_hero_metal	romance	3k_romance_death_distribution	3k_main_ceo_initial_data_character_historical_hu_yu_title_ironic	3k_main_hero_generic_metal	1	1	3k_main_rank_effect_set_romance_base	3k_main_attribute_set_general_metal_romance	3k_main_skillset_generic_general_metal	1	1.0000	true
ironic_template_historical_deng_xian_ironic_hero_wood	historical	3k_standard_death_distribution_no_infant_mortality	3k_main_ceo_initial_data_character_historical_deng_xian_unique_ironic	3k_main_general_generic_wood	1	1	3k_main_rank_effect_set_records_base	3k_main_attribute_set_general_wood_records	3k_main_skillset_generic_general_wood	1	1.0000	true
ironic_template_historical_deng_xian_ironic_hero_wood	romance	3k_romance_death_distribution	3k_main_ceo_initial_data_character_historical_deng_xian_unique_ironic	3k_main_hero_generic_wood	1	1	3k_main_rank_effect_set_romance_base	3k_main_attribute_set_general_wood_romance	3k_main_skillset_generic_general_wood	1	1.0000	true
ironic_template_historical_zhang_tiansheng_ironic_hero_earth	historical	3k_standard_death_distribution_no_infant_mortality	3k_main_ceo_initial_data_character_historical_zhang_tiansheng_title_ironic	3k_main_general_generic_earth	1	1	3k_main_rank_effect_set_records_earth_commander	3k_main_attribute_set_general_earth_records	3k_main_skillset_generic_minister_earth	1	1.0000	true
ironic_template_historical_zhang_tiansheng_ironic_hero_earth	romance	3k_romance_death_distribution	3k_main_ceo_initial_data_character_historical_zhang_tiansheng_title_ironic	3k_main_hero_generic_earth	1	1	3k_main_rank_effect_set_romance_earth_commander	3k_main_attribute_set_general_earth_romance	3k_main_skillset_generic_minister_earth	1	1.0000	true
ironic_template_historical_deng_xi_ironic_hero_wood	historical	3k_standard_death_distribution_no_infant_mortality	3k_main_ceo_initial_data_character_historical_deng_xi_title_ironic	3k_main_general_generic_wood	1	1	3k_main_rank_effect_set_records_base	3k_main_attribute_set_general_wood_records	3k_main_skillset_generic_general_wood	1	1.0000	true
ironic_template_historical_deng_xi_ironic_hero_wood	romance	3k_romance_death_distribution	3k_main_ceo_initial_data_character_historical_deng_xi_title_ironic	3k_main_hero_generic_wood	1	1	3k_main_rank_effect_set_romance_base	3k_main_attribute_set_general_wood_romance	3k_main_skillset_generic_general_wood	1	1.0000	true
ironic_template_historical_yin_mo_ironic_hero_earth	historical	3k_standard_death_distribution_no_infant_mortality	3k_main_ceo_initial_data_character_historical_yin_mo_title_ironic	3k_main_general_generic_earth	1	1	3k_main_rank_effect_set_records_earth_commander	3k_main_attribute_set_general_earth_records	3k_main_skillset_generic_governor_earth	1	1.0000	true
ironic_template_historical_yin_mo_ironic_hero_earth	romance	3k_romance_death_distribution	3k_main_ceo_initial_data_character_historical_yin_mo_title_ironic	3k_main_hero_generic_earth	1	1	3k_main_rank_effect_set_romance_earth_commander	3k_main_attribute_set_general_earth_romance	3k_main_skillset_generic_governor_earth	1	1.0000	true
ironic_template_historical_yang_hong_ironic_hero_wood	historical	3k_standard_death_distribution_no_infant_mortality	3k_main_ceo_initial_data_character_historical_yang_hong_title_ironic	3k_main_general_generic_wood	1	1	3k_main_rank_effect_set_records_base	3k_main_attribute_set_general_wood_records	3k_main_skillset_generic_general_wood	1	1.0000	true
ironic_template_historical_yang_hong_ironic_hero_wood	romance	3k_romance_death_distribution	3k_main_ceo_initial_data_character_historical_yang_hong_title_ironic	3k_main_hero_generic_wood	1	1	3k_main_rank_effect_set_romance_base	3k_main_attribute_set_general_wood_romance	3k_main_skillset_generic_general_wood	1	1.0000	true
ironic_template_historical_chen_shi_ironic_hero_metal	historical	3k_standard_death_distribution_no_infant_mortality	3k_main_ceo_initial_data_character_historical_chen_shi_title_ironic	3k_main_general_generic_metal	1	1	3k_main_rank_effect_set_records_base	3k_main_attribute_set_general_metal_records	3k_main_skillset_generic_general_metal	1	1.0000	true
ironic_template_historical_chen_shi_ironic_hero_metal	romance	3k_romance_death_distribution	3k_main_ceo_initial_data_character_historical_chen_shi_title_ironic	3k_main_hero_generic_metal	1	1	3k_main_rank_effect_set_romance_base	3k_main_attribute_set_general_metal_romance	3k_main_skillset_generic_general_metal	1	1.0000	true
ironic_template_historical_he_zong_ironic_hero_water	historical	3k_standard_death_distribution_no_infant_mortality	3k_main_ceo_initial_data_character_historical_he_zong_title_ironic	3k_main_general_generic_water_strategist	1	1	3k_main_rank_effect_set_records_water_strategist	3k_main_attribute_set_general_water_records	3k_main_skillset_generic_governor_water_strategist	1	1.0000	true
ironic_template_historical_he_zong_ironic_hero_water	romance	3k_romance_death_distribution	3k_main_ceo_initial_data_character_historical_he_zong_title_ironic	3k_main_hero_generic_water_strategist	1	1	3k_main_rank_effect_set_romance_water_strategist	3k_main_attribute_set_general_water_romance	3k_main_skillset_generic_governor_water_strategist	1	1.0000	true
ironic_template_historical_liu_hu_ironic_hero_metal	historical	3k_standard_death_distribution_no_infant_mortality	3k_main_ceo_initial_data_character_historical_liu_hu_title_ironic	3k_main_general_generic_metal	1	1	3k_main_rank_effect_set_records_base	3k_main_attribute_set_general_metal_records	3k_main_skillset_generic_minister_metal	1	1.0000	true
ironic_template_historical_liu_hu_ironic_hero_metal	romance	3k_romance_death_distribution	3k_main_ceo_initial_data_character_historical_liu_hu_title_ironic	3k_main_hero_generic_metal	1	1	3k_main_rank_effect_set_romance_base	3k_main_attribute_set_general_metal_romance	3k_main_skillset_generic_minister_metal	1	1.0000	true
ironic_template_historical_liu_xian_ironic_hero_fire	historical	3k_standard_death_distribution_no_infant_mortality	3k_main_ceo_initial_data_character_historical_liu_xian_unique_ironic	3k_main_general_generic_fire	1	1	3k_main_rank_effect_set_records_base	3k_main_attribute_set_general_fire_records	3k_main_skillset_generic_general_fire	1	1.0000	true
ironic_template_historical_liu_xian_ironic_hero_fire	romance	3k_romance_death_distribution	3k_main_ceo_initial_data_character_historical_liu_xian_unique_ironic	3k_main_hero_generic_fire	1	1	3k_main_rank_effect_set_romance_base	3k_main_attribute_set_general_fire_romance	3k_main_skillset_generic_general_fire	1	1.0000	true
ironic_template_historical_han_xi_ironic_hero_wood	historical	3k_standard_death_distribution_no_infant_mortality	3k_main_ceo_initial_data_character_historical_han_xi_title_ironic	3k_main_general_generic_wood	1	1	3k_main_rank_effect_set_records_base	3k_main_attribute_set_general_wood_records	3k_main_skillset_generic_general_wood	1	1.0000	true
ironic_template_historical_han_xi_ironic_hero_wood	romance	3k_romance_death_distribution	3k_main_ceo_initial_data_character_historical_han_xi_title_ironic	3k_main_hero_generic_wood	1	1	3k_main_rank_effect_set_romance_base	3k_main_attribute_set_general_wood_romance	3k_main_skillset_generic_general_wood	1	1.0000	true
ironic_template_historical_liu_rui_ironic_hero_water	historical	3k_standard_death_distribution_no_infant_mortality	3k_main_ceo_initial_data_character_historical_liu_rui_title_ironic	3k_main_general_generic_water_strategist	1	1	3k_main_rank_effect_set_records_water_strategist	3k_main_attribute_set_general_water_records	3k_main_skillset_generic_governor_water_strategist	1	1.0000	true
ironic_template_historical_liu_rui_ironic_hero_water	romance	3k_romance_death_distribution	3k_main_ceo_initial_data_character_historical_liu_rui_title_ironic	3k_main_hero_generic_water_strategist	1	1	3k_main_rank_effect_set_romance_water_strategist	3k_main_attribute_set_general_water_romance	3k_main_skillset_generic_governor_water_strategist	1	1.0000	true
ironic_template_historical_yi_ji_ironic_hero_water	historical	3k_standard_death_distribution_no_infant_mortality	3k_main_ceo_initial_data_character_historical_yi_ji_title_ironic	3k_main_general_generic_water_strategist	1	1	3k_main_rank_effect_set_records_water_strategist	3k_main_attribute_set_general_water_records	3k_main_skillset_generic_governor_water_strategist	1	1.0000	true
ironic_template_historical_yi_ji_ironic_hero_water	romance	3k_romance_death_distribution	3k_main_ceo_initial_data_character_historical_yi_ji_title_ironic	3k_main_hero_generic_water_strategist	1	1	3k_main_rank_effect_set_romance_water_strategist	3k_main_attribute_set_general_water_romance	3k_main_skillset_generic_governor_water_strategist	1	1.0000	true
ironic_template_historical_zhuo_ying_ironic_hero_fire	historical	3k_standard_death_distribution_no_infant_mortality	3k_main_ceo_initial_data_character_historical_zhuo_ying_title_ironic	3k_main_general_generic_fire	1	1	3k_main_rank_effect_set_records_base	3k_main_attribute_set_general_fire_records	3k_main_skillset_generic_general_fire	1	1.0000	true
ironic_template_historical_zhuo_ying_ironic_hero_fire	romance	3k_romance_death_distribution	3k_main_ceo_initial_data_character_historical_zhuo_ying_title_ironic	3k_main_hero_generic_fire	1	1	3k_main_rank_effect_set_romance_base	3k_main_attribute_set_general_fire_romance	3k_main_skillset_generic_general_fire	1	1.0000	true
ironic_template_historical_wang_qian_ironic_hero_metal	historical	3k_standard_death_distribution_no_infant_mortality	3k_main_ceo_initial_data_character_historical_wang_qian_title_ironic	3k_main_general_generic_metal	1	1	3k_main_rank_effect_set_records_base	3k_main_attribute_set_general_metal_records	3k_main_skillset_generic_general_metal	1	1.0000	true
ironic_template_historical_wang_qian_ironic_hero_metal	romance	3k_romance_death_distribution	3k_main_ceo_initial_data_character_historical_wang_qian_title_ironic	3k_main_hero_generic_metal	1	1	3k_main_rank_effect_set_romance_base	3k_main_attribute_set_general_metal_romance	3k_main_skillset_generic_general_metal	1	1.0000	true
ironic_template_historical_wang_kai_ironic_hero_earth	historical	3k_standard_death_distribution_no_infant_mortality	3k_main_ceo_initial_data_character_historical_wang_kai_title_ironic	3k_main_general_generic_earth	1	1	3k_main_rank_effect_set_records_earth_commander	3k_main_attribute_set_general_earth_records	3k_main_skillset_generic_general_earth	1	1.0000	true
ironic_template_historical_wang_kai_ironic_hero_earth	romance	3k_romance_death_distribution	3k_main_ceo_initial_data_character_historical_wang_kai_title_ironic	3k_main_hero_generic_earth	1	1	3k_main_rank_effect_set_romance_earth_commander	3k_main_attribute_set_general_earth_romance	3k_main_skillset_generic_general_earth	1	1.0000	true
ironic_template_historical_song_shurou_ironic_hero_earth	historical	3k_standard_death_distribution_no_infant_mortality	3k_main_ceo_initial_data_character_historical_song_shurou_title_ironic	3k_main_general_generic_earth	1	1	3k_main_rank_effect_set_records_earth_commander	3k_main_attribute_set_general_earth_records	3k_main_skillset_generic_general_earth	1	1.0000	true
ironic_template_historical_song_shurou_ironic_hero_earth	romance	3k_romance_death_distribution	3k_main_ceo_initial_data_character_historical_song_shurou_title_ironic	3k_main_hero_generic_earth	1	1	3k_main_rank_effect_set_romance_earth_commander	3k_main_attribute_set_general_earth_romance	3k_main_skillset_generic_general_earth	1	1.0000	true
ironic_template_historical_zhang_yi_ironic_hero_fire	historical	3k_standard_death_distribution_no_infant_mortality	3k_main_ceo_initial_data_character_historical_zhang_yi_lai_title_ironic	3k_main_general_generic_fire	1	1	3k_main_rank_effect_set_records_base	3k_main_attribute_set_general_fire_records	3k_main_skillset_generic_minister_fire	1	1.0000	true
ironic_template_historical_zhang_yi_ironic_hero_fire	romance	3k_romance_death_distribution	3k_main_ceo_initial_data_character_historical_zhang_yi_lai_title_ironic	3k_main_hero_generic_fire	1	1	3k_main_rank_effect_set_romance_base	3k_main_attribute_set_general_fire_romance	3k_main_skillset_generic_minister_fire	1	1.0000	true
ironic_template_historical_zhang_jing_ironic_hero_metal	historical	3k_standard_death_distribution_no_infant_mortality	3k_main_ceo_initial_data_character_historical_zhang_jing_title_ironic	3k_main_general_generic_metal	1	1	3k_main_rank_effect_set_records_base	3k_main_attribute_set_general_metal_records	3k_main_skillset_generic_general_metal	1	1.0000	true
ironic_template_historical_zhang_jing_ironic_hero_metal	romance	3k_romance_death_distribution	3k_main_ceo_initial_data_character_historical_zhang_jing_title_ironic	3k_main_hero_generic_metal	1	1	3k_main_rank_effect_set_romance_base	3k_main_attribute_set_general_metal_romance	3k_main_skillset_generic_general_metal	1	1.0000	true
ironic_template_historical_sima_zhi_ironic_hero_metal	historical	3k_standard_death_distribution_no_infant_mortality	3k_main_ceo_initial_data_character_historical_sima_zhi_title_ironic	3k_main_general_generic_metal	1	1	3k_main_rank_effect_set_records_base	3k_main_attribute_set_general_metal_records	3k_main_skillset_generic_minister_metal	1	1.0000	true
ironic_template_historical_sima_zhi_ironic_hero_metal	romance	3k_romance_death_distribution	3k_main_ceo_initial_data_character_historical_sima_zhi_title_ironic	3k_main_hero_generic_metal	1	1	3k_main_rank_effect_set_romance_base	3k_main_attribute_set_general_metal_romance	3k_main_skillset_generic_minister_metal	1	1.0000	true
ironic_template_historical_huan_jie_ironic_hero_water	historical	3k_standard_death_distribution_no_infant_mortality	3k_main_ceo_initial_data_character_historical_huan_jie_title_ironic	3k_main_general_generic_water_strategist	1	1	3k_main_rank_effect_set_records_water_strategist	3k_main_attribute_set_general_water_records	3k_main_skillset_generic_minister_water_strategist	1	1.0000	true
ironic_template_historical_huan_jie_ironic_hero_water	romance	3k_romance_death_distribution	3k_main_ceo_initial_data_character_historical_huan_jie_title_ironic	3k_main_hero_generic_water_strategist	1	1	3k_main_rank_effect_set_romance_water_strategist	3k_main_attribute_set_general_water_romance	3k_main_skillset_generic_minister_water_strategist	1	1.0000	true
ironic_template_historical_zhang_zhongjing_ironic_hero_water	historical	3k_standard_death_distribution_no_infant_mortality	3k_main_ceo_initial_data_character_historical_zhang_zhongjing_title_ironic	3k_main_general_generic_water_strategist	1	1	3k_main_rank_effect_set_records_water_strategist	3k_main_attribute_set_general_water_records	3k_main_skillset_generic_governor_water_strategist	1	1.0000	true
ironic_template_historical_zhang_zhongjing_ironic_hero_water	romance	3k_romance_death_distribution	3k_main_ceo_initial_data_character_historical_zhang_zhongjing_title_ironic	3k_main_hero_generic_water_strategist	1	1	3k_main_rank_effect_set_romance_water_strategist	3k_main_attribute_set_general_water_romance	3k_main_skillset_generic_governor_water_strategist	1	1.0000	true
ironic_template_historical_xing_daorong_ironic_hero_wood	historical	3k_standard_death_distribution_no_infant_mortality	3k_main_ceo_initial_data_character_historical_xing_daorong_unique_ironic	3k_main_general_generic_wood	1	1	3k_main_rank_effect_set_records_base	3k_main_attribute_set_general_wood_records	3k_main_skillset_generic_general_wood	1	1.0000	true
ironic_template_historical_xing_daorong_ironic_hero_wood	romance	3k_romance_death_distribution	3k_main_ceo_initial_data_character_historical_xing_daorong_unique_ironic	3k_main_hero_generic_wood	1	1	3k_main_rank_effect_set_romance_base	3k_main_attribute_set_general_wood_romance	3k_main_skillset_generic_general_wood	1	1.0000	true
ironic_template_historical_gong_zhi_ironic_hero_metal	historical	3k_standard_death_distribution_no_infant_mortality	3k_main_ceo_initial_data_character_historical_gong_zhi_title_ironic	3k_main_general_generic_metal	1	1	3k_main_rank_effect_set_records_base	3k_main_attribute_set_general_metal_records	3k_main_skillset_generic_general_metal	1	1.0000	true
ironic_template_historical_gong_zhi_ironic_hero_metal	romance	3k_romance_death_distribution	3k_main_ceo_initial_data_character_historical_gong_zhi_title_ironic	3k_main_hero_generic_metal	1	1	3k_main_rank_effect_set_romance_base	3k_main_attribute_set_general_metal_romance	3k_main_skillset_generic_general_metal	1	1.0000	true
ironic_template_historical_yang_ling_ironic_hero_fire	historical	3k_standard_death_distribution_no_infant_mortality	3k_main_ceo_initial_data_character_historical_yang_ling_title_ironic	3k_main_general_generic_fire	1	1	3k_main_rank_effect_set_records_base	3k_main_attribute_set_general_fire_records	3k_main_skillset_generic_general_fire	1	1.0000	true
ironic_template_historical_yang_ling_ironic_hero_fire	romance	3k_romance_death_distribution	3k_main_ceo_initial_data_character_historical_yang_ling_title_ironic	3k_main_hero_generic_fire	1	1	3k_main_rank_effect_set_romance_base	3k_main_attribute_set_general_fire_romance	3k_main_skillset_generic_general_fire	1	1.0000	true
ironic_template_historical_du_kui_ironic_hero_earth	historical	3k_standard_death_distribution_no_infant_mortality	3k_main_ceo_initial_data_character_historical_du_kui_title_ironic	3k_main_general_generic_earth	1	1	3k_main_rank_effect_set_records_earth_commander	3k_main_attribute_set_general_earth_records	3k_main_skillset_generic_general_earth	1	1.0000	true
ironic_template_historical_du_kui_ironic_hero_earth	romance	3k_romance_death_distribution	3k_main_ceo_initial_data_character_historical_du_kui_title_ironic	3k_main_hero_generic_earth	1	1	3k_main_rank_effect_set_romance_earth_commander	3k_main_attribute_set_general_earth_romance	3k_main_skillset_generic_general_earth	1	1.0000	true
ironic_template_historical_zhang_cun_ironic_hero_wood	historical	3k_standard_death_distribution_no_infant_mortality	3k_main_ceo_initial_data_character_historical_zhang_cun_title_ironic	3k_main_general_generic_wood	1	1	3k_main_rank_effect_set_records_base	3k_main_attribute_set_general_wood_records	3k_main_skillset_generic_general_wood	1	1.0000	true
ironic_template_historical_zhang_cun_ironic_hero_wood	romance	3k_romance_death_distribution	3k_main_ceo_initial_data_character_historical_zhang_cun_title_ironic	3k_main_hero_generic_wood	1	1	3k_main_rank_effect_set_romance_base	3k_main_attribute_set_general_wood_romance	3k_main_skillset_generic_general_wood	1	1.0000	true
3k_dlc06_template_historical_cheng_bing_hero_water	historical	3k_standard_death_distribution_no_infant_mortality	3k_main_ceo_initial_data_character_historical_cheng_bing_unique_ironic	3k_main_general_generic_water_strategist	2	5	3k_main_rank_effect_set_records_water_strategist	3k_main_attribute_set_general_water_records	3k_main_skillset_generic_governor_water_strategist	1	1.0000	true
3k_dlc06_template_historical_cheng_bing_hero_water	romance	3k_romance_death_distribution	3k_main_ceo_initial_data_character_historical_cheng_bing_unique_ironic	3k_main_hero_generic_water_strategist	2	5	3k_main_rank_effect_set_romance_water_strategist	3k_main_attribute_set_general_water_romance	3k_main_skillset_generic_governor_water_strategist	1	1.0000	true
3k_main_template_historical_deng_zhi_hero_fire	historical	3k_standard_death_distribution_no_infant_mortality	3k_main_ceo_initial_data_character_historical_deng_zhi_unique_ironic	3k_main_general_generic_fire	0	3	3k_main_rank_effect_set_records_base	3k_main_attribute_set_general_fire_records	3k_main_skillset_generic_governor_fire	1	1.0000	true
3k_main_template_historical_deng_zhi_hero_fire	romance	3k_romance_death_distribution	3k_main_ceo_initial_data_character_historical_deng_zhi_unique_ironic	3k_main_hero_generic_fire	0	3	3k_main_rank_effect_set_romance_base	3k_main_attribute_set_general_fire_romance	3k_main_skillset_generic_governor_fire	1	1.0000	true
3k_dlc04_template_historical_dong_he_earth	historical	3k_standard_death_distribution_no_infant_mortality	3k_main_ceo_initial_data_character_historical_dong_he_unique_ironic	3k_main_general_generic_earth	0	3	3k_main_rank_effect_set_records_earth_commander	3k_main_attribute_set_general_earth_records	3k_main_skillset_generic_general_earth	1	1.0000	true
3k_dlc04_template_historical_dong_he_earth	romance	3k_romance_death_distribution	3k_main_ceo_initial_data_character_historical_dong_he_unique_ironic	3k_main_hero_generic_earth	0	3	3k_main_rank_effect_set_records_earth_commander	3k_main_attribute_set_general_earth_romance	3k_main_skillset_generic_general_earth	1	1.0000	true
3k_main_template_historical_du_qiong_hero_water	historical	3k_standard_death_distribution_no_infant_mortality	3k_main_ceo_initial_data_character_historical_du_qiong_title_ironic	3k_main_general_generic_metal	0	3	3k_main_rank_effect_set_records_base	3k_main_attribute_set_general_metal_records	3k_main_skillset_generic_envoy_metal	1	1.0000	true
3k_main_template_historical_du_qiong_hero_water	romance	3k_romance_death_distribution	3k_main_ceo_initial_data_character_historical_du_qiong_title_ironic	3k_main_hero_generic_metal	0	3	3k_main_rank_effect_set_romance_base	3k_main_attribute_set_general_metal_romance	3k_main_skillset_generic_envoy_metal	1	1.0000	true
3k_main_template_historical_fu_rong_hero_fire	historical	3k_standard_death_distribution_no_infant_mortality	3k_main_ceo_initial_data_character_historical_fu_rong_unique_ironic	3k_main_general_generic_fire	0	3	3k_main_rank_effect_set_records_base	3k_main_attribute_set_general_fire_records	3k_main_skillset_generic_minister_fire	1	1.0000	true
3k_main_template_historical_fu_rong_hero_fire	romance	3k_romance_death_distribution	3k_main_ceo_initial_data_character_historical_fu_rong_unique_ironic	3k_main_hero_generic_fire	0	3	3k_main_rank_effect_set_romance_base	3k_main_attribute_set_general_fire_romance	3k_main_skillset_generic_minister_fire	1	1.0000	true
3k_main_template_historical_liu_ba_hero_water	historical	3k_standard_death_distribution_no_infant_mortality	3k_main_ceo_initial_data_character_historical_liu_ba_unique_ironic	3k_main_general_generic_water_strategist	0	3	3k_main_rank_effect_set_records_water_strategist	3k_main_attribute_set_general_water_records	3k_main_skillset_generic_envoy_water_strategist	1	1.0000	true
3k_main_template_historical_liu_ba_hero_water	romance	3k_romance_death_distribution	3k_main_ceo_initial_data_character_historical_liu_ba_unique_ironic	3k_main_hero_generic_water_strategist	0	3	3k_main_rank_effect_set_romance_water_strategist	3k_main_attribute_set_general_water_romance	3k_main_skillset_generic_envoy_water_strategist	1	1.0000	true
3k_main_template_historical_lu_yi_hero_water	historical	3k_standard_death_distribution_no_infant_mortality	3k_main_ceo_initial_data_character_historical_lu_yi_title_ironic	3k_main_general_generic_water_strategist	0	3	3k_main_rank_effect_set_records_water_strategist	3k_main_attribute_set_general_water_records	3k_main_skillset_generic_agent_water_strategist	1	1.0000	true
3k_main_template_historical_lu_yi_hero_water	romance	3k_romance_death_distribution	3k_main_ceo_initial_data_character_historical_lu_yi_title_ironic	3k_main_hero_generic_water_strategist	0	3	3k_main_rank_effect_set_romance_water_strategist	3k_main_attribute_set_general_water_romance	3k_main_skillset_generic_agent_water_strategist	1	1.0000	true
3k_main_template_historical_ma_liang_hero_water	historical	3k_standard_death_distribution_no_infant_mortality	3k_main_ceo_initial_data_character_historical_ma_liang_unique_ironic	3k_main_general_generic_water_strategist	0	3	3k_main_rank_effect_set_records_water_strategist	3k_main_attribute_set_general_water_records	3k_main_skillset_ma_liang_minister_water_strategist	1	1.0000	true
3k_main_template_historical_ma_liang_hero_water	romance	3k_romance_death_distribution	3k_main_ceo_initial_data_character_historical_ma_liang_unique_ironic	3k_main_hero_generic_water_strategist	0	3	3k_main_rank_effect_set_romance_water_strategist	3k_main_attribute_set_general_water_romance	3k_main_skillset_ma_liang_minister_water_strategist	1	1.0000	true
3k_main_template_historical_ma_su_hero_water	historical	3k_standard_death_distribution_no_infant_mortality	3k_main_ceo_initial_data_character_historical_ma_su_unique_ironic	3k_main_general_generic_water_strategist	0	3	3k_main_rank_effect_set_records_water_strategist	3k_main_attribute_set_general_water_records	3k_main_skillset_ma_su_minister_water_strategist	1	1.0000	true
3k_main_template_historical_ma_su_hero_water	romance	3k_romance_death_distribution	3k_main_ceo_initial_data_character_historical_ma_su_unique_ironic	3k_main_hero_generic_water_strategist	0	3	3k_main_rank_effect_set_romance_water_strategist	3k_main_attribute_set_general_water_romance	3k_main_skillset_ma_su_minister_water_strategist	1	1.0000	true
3k_main_template_historical_pei_qian_hero_water	historical	3k_standard_death_distribution_no_infant_mortality	3k_main_ceo_initial_data_character_historical_pei_qian_title_ironic	3k_main_general_generic_earth	0	3	3k_main_rank_effect_set_records_earth_commander	3k_main_attribute_set_general_earth_records	3k_main_skillset_generic_governor_earth	1	1.0000	true
3k_main_template_historical_pei_qian_hero_water	romance	3k_romance_death_distribution	3k_main_ceo_initial_data_character_historical_pei_qian_title_ironic	3k_main_hero_generic_earth	0	3	3k_main_rank_effect_set_romance_earth_commander	3k_main_attribute_set_general_earth_romance	3k_main_skillset_generic_governor_earth	1	1.0000	true
3k_main_template_historical_wang_can_hero_water	historical	3k_standard_death_distribution_no_infant_mortality	3k_main_ceo_initial_data_character_historical_wang_can_title_ironic	3k_main_general_generic_water_strategist	0	3	3k_main_rank_effect_set_records_water_strategist	3k_main_attribute_set_general_water_records	3k_main_skillset_generic_agent_water_strategist	1	1.0000	true
3k_main_template_historical_wang_can_hero_water	romance	3k_romance_death_distribution	3k_main_ceo_initial_data_character_historical_wang_can_title_ironic	3k_main_hero_generic_water_strategist	0	3	3k_main_rank_effect_set_romance_water_strategist	3k_main_attribute_set_general_water_romance	3k_main_skillset_generic_agent_water_strategist	1	1.0000	true
3k_main_template_historical_wang_xiang_hero_water	historical	3k_standard_death_distribution_no_infant_mortality	3k_main_ceo_initial_data_character_historical_wang_xiang_unique_ironic	3k_main_general_generic_water_strategist	0	3	3k_main_rank_effect_set_records_water_strategist	3k_main_attribute_set_general_water_records	3k_main_skillset_generic_governor_water_strategist	1	1.0000	true
3k_main_template_historical_wang_xiang_hero_water	romance	3k_romance_death_distribution	3k_main_ceo_initial_data_character_historical_wang_xiang_unique_ironic	3k_main_hero_generic_water_strategist	0	3	3k_main_rank_effect_set_romance_water_strategist	3k_main_attribute_set_general_water_romance	3k_main_skillset_generic_governor_water_strategist	1	1.0000	true
3k_main_template_historical_xiang_chong_hero_fire	historical	3k_standard_death_distribution_no_infant_mortality	3k_main_ceo_initial_data_character_historical_xiang_chong_unique_ironic	3k_main_general_generic_fire	0	3	3k_main_rank_effect_set_records_base	3k_main_attribute_set_general_fire_records	3k_main_skillset_generic_general_fire	1	1.0000	true
3k_main_template_historical_xiang_chong_hero_fire	romance	3k_romance_death_distribution	3k_main_ceo_initial_data_character_historical_xiang_chong_unique_ironic	3k_main_hero_generic_fire	0	3	3k_main_rank_effect_set_romance_base	3k_main_attribute_set_general_fire_romance	3k_main_skillset_generic_general_fire	1	1.0000	true
3k_main_template_historical_xiang_lang_hero_water	historical	3k_standard_death_distribution_no_infant_mortality	3k_main_ceo_initial_data_character_historical_xiang_lang_title_ironic	3k_main_general_generic_earth	0	3	3k_main_rank_effect_set_records_earth_commander	3k_main_attribute_set_general_earth_records	3k_main_skillset_generic_envoy_earth	1	1.0000	true
3k_main_template_historical_xiang_lang_hero_water	romance	3k_romance_death_distribution	3k_main_ceo_initial_data_character_historical_xiang_lang_title_ironic	3k_main_hero_generic_earth	0	3	3k_main_rank_effect_set_romance_earth_commander	3k_main_attribute_set_general_earth_records	3k_main_skillset_generic_envoy_earth	1	1.0000	true
3k_main_template_historical_xue_zong_hero_water	historical	3k_standard_death_distribution_no_infant_mortality	3k_main_ceo_initial_data_character_historical_xue_zong_unique_ironic	3k_main_general_generic_water_strategist	0	3	3k_main_rank_effect_set_records_water_strategist	3k_main_attribute_set_general_water_records	3k_main_skillset_generic_envoy_water_strategist	1	1.0000	true
3k_main_template_historical_xue_zong_hero_water	romance	3k_romance_death_distribution	3k_main_ceo_initial_data_character_historical_xue_zong_unique_ironic	3k_main_hero_generic_water_strategist	0	3	3k_main_rank_effect_set_romance_water_strategist	3k_main_attribute_set_general_water_romance	3k_main_skillset_generic_envoy_water_strategist	1	1.0000	true
3k_main_template_historical_yao_zhou_hero_water	historical	3k_standard_death_distribution_no_infant_mortality	3k_main_ceo_initial_data_character_historical_yao_zhou_title_ironic	3k_main_general_generic_fire	0	3	3k_main_rank_effect_set_records_base	3k_main_attribute_set_general_fire_records	3k_main_skillset_generic_governor_fire	1	1.0000	true
3k_main_template_historical_yao_zhou_hero_water	romance	3k_romance_death_distribution	3k_main_ceo_initial_data_character_historical_yao_zhou_title_ironic	3k_main_hero_generic_fire	0	3	3k_main_rank_effect_set_romance_base	3k_main_attribute_set_general_fire_romance	3k_main_skillset_generic_governor_fire	1	1.0000	true
ironic_template_fictional_zi_luan_hero_earth	historical	3k_standard_death_distribution_no_infant_mortality	3k_main_ceo_initial_data_character_historical_zi_luan	3k_main_general_zi_luan_earth	6	7	3k_main_rank_effect_set_records_earth_commander	3k_main_attribute_set_general_earth_records	3k_main_skillset_generic_general_earth	1	1.0000	true
ironic_template_fictional_zi_luan_hero_earth	romance	3k_romance_death_distribution	3k_main_ceo_initial_data_character_historical_zi_luan	3k_main_hero_zi_luan_earth	6	7	3k_main_rank_effect_set_romance_earth_commander	3k_main_attribute_set_general_earth_romance	3k_main_skillset_generic_general_earth	1	1.0000	true
