key	localised_description	localised_title	ui_icon	bundle_target	icon_supplement_colour_type	show_in_generic_bundle_display
#effect_bundles_tables;3;db/effect_bundles_tables/data__						
3k_aoi_effect_test	placeholder	placeholder	.	region	neutral	true
3k_dlc04_bundle_faction_rank_dong_zhuo_3	Your have begun your ascent to greatness, but there is much yet to do.	Marquis	prestige.png	faction	positive	true
3k_dlc04_bundle_faction_rank_empress_he_1	Your power is both feared and coveted.	Emperor	prestige.png	faction	positive	true
3k_dlc04_bundle_faction_rank_han_chinese_general	Leading an army is the first step on the long road to power!	General	prestige.png	faction	positive	false
3k_dlc04_bundle_faction_rank_han_chinese_general_liu_bei	Leading an army is the first step on the long road to power!	Volunteer	prestige.png	faction	positive	false
3k_dlc04_bundle_faction_rank_yellow_turban_1	Where the mystery is deepest lies the gate of all that is subtle and wonderful.	Seeking	pooled_resource_enlightenment.png	faction	positive	false
3k_dlc04_bundle_faction_rank_yellow_turban_2	Even when the Great Way ceases to be observed, we still have benevolence and righteousness.	Devoted	pooled_resource_enlightenment.png	faction	positive	false
3k_dlc04_bundle_faction_rank_yellow_turban_3	By attaining the height of abstraction we gain fullness of rest.	Healed	pooled_resource_enlightenment.png	faction	positive	false
3k_dlc04_bundle_faction_rank_yellow_turban_4	Heaven diminishes where there is superabundance and supplements where there is deficiency.	Empowered	pooled_resource_enlightenment.png	faction	positive	false
3k_dlc04_bundle_faction_rank_yellow_turban_5	The sage sees simplicity even in complexity, so never has any difficulties.	Ascendant	pooled_resource_enlightenment.png	faction	positive	false
3k_dlc04_bundle_faction_rank_yellow_turban_6	The ruling sage acts without claiming the results to be his own; he achieves merit and does not rest arrogantly, as he does not wish to display his superiority.	Enlightened	pooled_resource_enlightenment.png	faction	positive	false
3k_dlc04_bundle_stance_army_default_yellow_turban	Traverses the world as normal. Yellow Turban forces raid and cause unrest by their sheer presence.	Stance: Normal	army.png	force	neutral	false
3k_dlc04_bundle_stance_army_fortification_yellow_turban	Sets up a defensive camp. If this force is attacked it will result in an encampment battle.	Stance: Encamp	army.png	force	neutral	false
3k_dlc04_bundle_stance_army_mustering_yellow_turban	This army is building its strength.\n\nYou currently have units queued for recruitment.\n\nRemoving everything from the queue will cancel mustering.	Situation: Mustering	mustering_speed.png	force	neutral	false
3k_dlc04_bundle_yellow_turbans_luoyang_captured	Your brethren have taken control of Luoyang! This incredible achievement will surely rally many people to your cause. Truly the Han have lost the Mandate!	Yellow Turbans March Into the Capital	3k_dlc04_pooled_resource_fervour.png	faction	positive	true
3k_dlc04_campaign_group_pooled_resource_displaced_population_level_0	All people are settled on the land and the people are at ease. 	Displaced Population: None	3k_dlc04_pooled_resource_displaced_population.png	faction	neutral	true
3k_dlc04_campaign_group_pooled_resource_displaced_population_level_1	A relatively small amount of people have been displaced. In time, they will seek new homes, and calm will return to the land.	Displaced Population: Low	3k_dlc04_pooled_resource_displaced_population.png	faction	neutral	true
3k_dlc04_campaign_group_pooled_resource_displaced_population_level_2	Your administration works tirelessly to ensure that the displaced peasantry do not cause problems. Some vagrants are still present, but no more than expected with the ongoing wars beyond your borders.	Displaced Population: Moderate	3k_dlc04_pooled_resource_displaced_population.png	faction	neutral	true
3k_dlc04_campaign_group_pooled_resource_displaced_population_level_3	Whilst there are many people that have had to flee from war, the situation is still manageable.	Displaced Population: Manageable	3k_dlc04_pooled_resource_displaced_population.png	faction	neutral	true
3k_dlc04_campaign_group_pooled_resource_displaced_population_level_4	Many peasants flee war and seek refuge in our lands. Our people demand we do something before the situation worsens and the homeless outnumber the settled.	Displaced Population: Very High	3k_dlc04_pooled_resource_displaced_population.png	faction	neutral	true
3k_dlc04_campaign_group_pooled_resource_displaced_population_level_5	War has ravaged China. Vast swarms of peasants roam the streets, unable to find permanent residence. Divisions grow between your people and the vagrants, and unrest has greatly fallen. However, there is plenty of available labour should you require it.	Displaced Population: Overwhelming	3k_dlc04_pooled_resource_displaced_population.png	faction	neutral	true
3k_dlc04_cao_cao_mission_movement	Our efforts in the field have not gone unnoticed but we must do more the ensure the security of the empire!	Imperial Impetus	army.png	faction	positive	true
3k_dlc04_dummy_effect_bundle_character_action_unassign_from_post_empress_he	Duty may bestow, or deprive, one from office and post.	Unassign from Post	N/A	character	neutral	true
3k_dlc04_effect_bundle_allied_land_yellow_turban	These borders are guarded and the people welcoming, you may pass through peacefully.	In Friendly Territory	army.png	force	positive	true
3k_dlc04_effect_bundle_faction_effect_empress_he	The house of the Han shall endure all	Emperor	satisfaction.png	faction	positive	true
3k_dlc04_effect_bundle_foreign_land_at_war_easy_yellow_turban	Within enemy territory your troops must be prepared for any and all hostile actions.	Spent Season in Hostile Lands	army.png	force	negative	true
3k_dlc04_effect_bundle_foreign_land_at_war_normal_yellow_turban	Within enemy territory your troops must be prepared for any and all hostile actions.	Spent Season in Hostile Lands	army.png	force	negative	true
3k_dlc04_effect_bundle_foreign_land_at_war_yellow_turban	Within enemy territory your troops must be prepared for any and all hostile actions.	Spent Season in Hostile Lands	army.png	force	negative	true
3k_dlc04_effect_bundle_foreign_land_easy_yellow_turban	This landscape is unfamiliar to your troops, so caution should be exercised whilst passing through.	Spent Season on Foreign Soil	army.png	force	negative	true
3k_dlc04_effect_bundle_foreign_land_normal_yellow_turban	This landscape is unfamiliar to your troops, so caution should be exercised whilst passing through.	Spent Season on Foreign Soil	army.png	force	negative	true
3k_dlc04_effect_bundle_free_force	This faction is currently not controlling any {{tr:map_regions}}.	Regionless Faction	prestige.png	faction	positive	true
3k_dlc04_effect_bundle_liang_rebellion_economy	 	 	hidden	faction	neutral	true
3k_dlc04_effect_bundle_liu_biao_domain	Counties within your governance.	Domain	regional_faction_support.png	force	negative	true
3k_dlc04_effect_bundle_own_land_yellow_turban	The lay of the land is well known and those fighting to protect it know what is at stake.	Spent Season in Own Domain	army.png	force	positive	true
3k_dlc04_effect_bundle_pooled_resource_bureaucracy_power_level_0	The court is free from the meddlings of the bureaucrats.	Government: Insignificant Bureaucracy Support	mh_political_parties_icon_eunuchs.png	faction	neutral	false
3k_dlc04_effect_bundle_pooled_resource_bureaucracy_power_level_1	The presence of bureaucrats in your court is minimal.	Government: Growing Bureaucracy Support	mh_political_parties_icon_eunuchs.png	faction	neutral	true
3k_dlc04_effect_bundle_pooled_resource_bureaucracy_power_level_2	The increased number of bureaucrats within your court is giving them a measurable level of influence on your domestic affairs.	Government: Significant Bureaucracy Support	mh_political_parties_icon_eunuchs.png	faction	neutral	true
3k_dlc04_effect_bundle_pooled_resource_bureaucracy_power_level_3	The bureaucrats occupy a number of influential positions within your court and posses a lot of clout. Their empowerment makes them bold.	Government: High Bureaucracy Support	mh_political_parties_icon_eunuchs.png	faction	neutral	true
3k_dlc04_effect_bundle_pooled_resource_bureaucracy_power_level_4	Through every level of imperial society the hands of the bureaucrats work and manipulate. Be cautious of how much power you grant to those who serve you.	Government: Dominant Bureaucracy Support	mh_political_parties_icon_eunuchs.png	faction	neutral	true
3k_dlc04_effect_bundle_pooled_resource_bureaucracy_power_level_5	The bureaucrats have usurped an unprecedented level of control of the government.	Government: Overwhelming Bureaucracy Support	mh_political_parties_icon_eunuchs.png	faction	neutral	true
3k_dlc04_effect_bundle_pooled_resource_domain_level_1	The extent of your domain falls well within your governance. Just rule yields great rewards!	Domain: Focused	regional_faction_support.png	faction	positive	true
3k_dlc04_effect_bundle_pooled_resource_domain_level_2	The extent of your domain is appropriate to your lawful governance. All is well.	Domain: Normal	regional_faction_support.png	faction	neutral	true
3k_dlc04_effect_bundle_pooled_resource_domain_level_3	Your domain has extended beyond your lawful governance. Your ability to maintain order is suffering slightly as a result.	Domain: Extended	regional_faction_support.png	faction	negative	true
3k_dlc04_effect_bundle_pooled_resource_domain_level_4	Your governance is being pushed to its limits as your domain grows ever larger. It is becoming increasingly difficult to maintain order.	Domain: Over-extended	regional_faction_support.png	faction	negative	true
3k_dlc04_effect_bundle_pooled_resource_domain_level_5	Your domain is far greater than that which the Han assigned you to govern. Your expansionist tendencies are getting out of hand.	Domain: Overwhelmed	regional_faction_support.png	faction	negative	true
3k_dlc04_effect_bundle_pooled_resource_domain_level_6	You have allowed your domain to grow far beyond your lawful governance; the Han will not be pleased.	Domain: In Chaos	regional_faction_support.png	faction	negative	true
3k_dlc04_effect_bundle_pooled_resource_dynasty_power_level_0	The court of our empire is free from the meddlings of the your kin.	Government: Insignificant Dynasty Support	mh_political_parties_icon_empress.png	faction	neutral	false
3k_dlc04_effect_bundle_pooled_resource_dynasty_power_level_1	The presence of imperial family in your court is minimal.	Government: Growing Dynasty Support	mh_political_parties_icon_empress.png	faction	neutral	true
3k_dlc04_effect_bundle_pooled_resource_dynasty_power_level_2	The increased number of imperial family members within your court is having a measurable level of influence on your domestic affairs.	Government: Significant Dynasty Support	mh_political_parties_icon_empress.png	faction	neutral	true
3k_dlc04_effect_bundle_pooled_resource_dynasty_power_level_3	Your family occupy a number of influential positions within your court and posses a lot of clout. Their empowerment makes them bold.	Government: High Dynasty Support	mh_political_parties_icon_empress.png	faction	neutral	true
3k_dlc04_effect_bundle_pooled_resource_dynasty_power_level_4	Your kin are the body of the empire, you are it's head. Trust needs to be earned, it is not a birth right - be sure their loyalties lie with you.	Government: Dominant Dynasty Support	mh_political_parties_icon_empress.png	faction	neutral	true
3k_dlc04_effect_bundle_pooled_resource_dynasty_power_level_5	Your support within the Han has reached a harmonious level.	Government: Overwhelming Dynasty Support	mh_political_parties_icon_empress.png	faction	neutral	true
3k_dlc04_effect_bundle_pooled_resource_fervour_level_1_zhang_bao	Our message is still quiet, and our growth is slow.	Simmering Sentiment	3k_dlc04_pooled_resource_fervour.png	faction	positive	true
3k_dlc04_effect_bundle_pooled_resource_fervour_level_1_zhang_jue	Our message is still quiet, and our growth is slow.	Simmering Sentiment	3k_dlc04_pooled_resource_fervour.png	faction	positive	true
3k_dlc04_effect_bundle_pooled_resource_fervour_level_1_zhang_liang	Our message is still quiet, and our growth is slow.	Simmering Sentiment	3k_dlc04_pooled_resource_fervour.png	faction	positive	true
3k_dlc04_effect_bundle_pooled_resource_fervour_level_2_zhang_bao	They speak of our message, and some join us, but many remain wary and afraid.	Enkindled Passion	3k_dlc04_pooled_resource_fervour.png	faction	positive	true
3k_dlc04_effect_bundle_pooled_resource_fervour_level_2_zhang_jue	They speak of our message, and some join us, but many remain wary and afraid.	Enkindled Passion	3k_dlc04_pooled_resource_fervour.png	faction	positive	true
3k_dlc04_effect_bundle_pooled_resource_fervour_level_2_zhang_liang	They speak of our message, and some join us, but many remain wary and afraid.	Enkindled Passion	3k_dlc04_pooled_resource_fervour.png	faction	positive	true
3k_dlc04_effect_bundle_pooled_resource_fervour_level_3_zhang_bao	They hear our words and understand. More have come to join us, and spread the word to others.	Burning Support	3k_dlc04_pooled_resource_fervour.png	faction	positive	true
3k_dlc04_effect_bundle_pooled_resource_fervour_level_3_zhang_jue	They hear our words and understand. More have come to join us, and spread the word to others.	Burning Support	3k_dlc04_pooled_resource_fervour.png	faction	positive	true
3k_dlc04_effect_bundle_pooled_resource_fervour_level_3_zhang_liang	They hear our words and understand. More have come to join us, and spread the word to others.	Burning Support	3k_dlc04_pooled_resource_fervour.png	faction	positive	true
3k_dlc04_effect_bundle_pooled_resource_fervour_level_4_zhang_bao	Our reach is great and many come to follow us.	Fiery Determination	3k_dlc04_pooled_resource_fervour.png	faction	positive	true
3k_dlc04_effect_bundle_pooled_resource_fervour_level_4_zhang_jue	Our reach is great and many come to follow us.	Fiery Determination	3k_dlc04_pooled_resource_fervour.png	faction	positive	true
3k_dlc04_effect_bundle_pooled_resource_fervour_level_4_zhang_liang	Our reach is great and many come to follow us.	Fiery Determination	3k_dlc04_pooled_resource_fervour.png	faction	positive	true
3k_dlc04_effect_bundle_pooled_resource_fervour_level_5_zhang_bao	The Yellow Sky looms large - followers flock to us in droves!	Explosive Fanaticism	3k_dlc04_pooled_resource_fervour.png	faction	positive	true
3k_dlc04_effect_bundle_pooled_resource_fervour_level_5_zhang_jue	The Yellow Sky looms large - followers flock to us in droves!	Explosive Fanaticism	3k_dlc04_pooled_resource_fervour.png	faction	positive	true
3k_dlc04_effect_bundle_pooled_resource_fervour_level_5_zhang_liang	The Yellow Sky looms large - followers flock to us in droves!	Explosive Fanaticism	3k_dlc04_pooled_resource_fervour.png	faction	positive	true
3k_dlc04_effect_bundle_pooled_resource_fervour_regional_level_1_han_chinese	The Yellow Turbans have little influence over this {{tr:map_region}}.	Docile Populace	3k_dlc04_pooled_resource_fervour_regional.png	region	negative	true
3k_dlc04_effect_bundle_pooled_resource_fervour_regional_level_1_yellow_turban	We have little support in this {{tr:map_region}}	Uncaring Populace	3k_dlc04_pooled_resource_fervour_regional.png	region	positive	true
3k_dlc04_effect_bundle_pooled_resource_fervour_regional_level_2_han_chinese	The Yellow Turbans have some influence over this {{tr:map_region}},	Agitated Populace	3k_dlc04_pooled_resource_fervour_regional.png	region	negative	true
3k_dlc04_effect_bundle_pooled_resource_fervour_regional_level_2_yellow_turban	We have some supporters in this {{tr:map_region}}.	Awakening Populace	3k_dlc04_pooled_resource_fervour_regional.png	region	positive	true
3k_dlc04_effect_bundle_pooled_resource_fervour_regional_level_3_han_chinese	This {{tr:map_region}} is becoming unstable due to the presence of Yellow Turbans.	Boisterous Populace	3k_dlc04_pooled_resource_fervour_regional.png	region	negative	true
3k_dlc04_effect_bundle_pooled_resource_fervour_regional_level_3_yellow_turban	The people begin to see the way - they will soon join us!	Mobilising Populace	3k_dlc04_pooled_resource_fervour_regional.png	region	positive	true
3k_dlc04_effect_bundle_pooled_resource_fervour_regional_level_4_han_chinese	This {{tr:map_region}} is in crisis due to Yellow Turban support. It is beginning to spread to neighbouring {{tr:map_regions}}.	Dissenting Populace	3k_dlc04_pooled_resource_fervour_regional.png	region	negative	true
3k_dlc04_effect_bundle_pooled_resource_fervour_regional_level_4_yellow_turban	This {{tr:map_region}} is close to raising the yellow banner in rebellion and joining us!	Enlightened Populace	3k_dlc04_pooled_resource_fervour_regional.png	region	positive	true
3k_dlc04_effect_bundle_pooled_resource_fervour_regional_level_5_han_chinese	This {{tr:map_region}} is close to open rebellion – there are a huge number of Yellow Turban supporters, and it has started to affect neighbouring {{tr:map_regions}}.	Rebellious Populace	3k_dlc04_pooled_resource_fervour_regional.png	region	negative	true
3k_dlc04_effect_bundle_pooled_resource_fervour_regional_level_5_yellow_turban	This {{tr:map_region}} is ready to rise up at any moment!	Prepared Populace	3k_dlc04_pooled_resource_fervour_regional.png	region	positive	true
3k_dlc04_effect_bundle_pooled_resource_fortitude_level_1	To inspire those under your command, you must first believe in your own abilities.	Fortitude: Unsure	3k_main_pooled_resource_heroism.png	faction	neutral	false
3k_dlc04_effect_bundle_pooled_resource_fortitude_level_2	Steadfast and dependable, you are known as a capable warrior and general.	Fortitude: Steadfast 	3k_main_pooled_resource_heroism.png	faction	neutral	false
3k_dlc04_effect_bundle_pooled_resource_fortitude_level_3	Throughout China your name is known on the lips of every traitor and evildoer, and it makes them tremble.	Fortitude: Devout	3k_main_pooled_resource_heroism.png	faction	neutral	false
3k_dlc04_effect_bundle_pooled_resource_fortitude_level_4	Your are an undeniable force that no enemy can resist.	Fortitude: Undeniable	3k_main_pooled_resource_heroism.png	faction	positive	false
3k_dlc04_effect_bundle_pooled_resource_governance_level_1	Despite your noble reputation, the accusations against you have stripped you of all authority; it is time to take matters in hand.	Governance: Insignificant	mh_political_influence.png	faction	neutral	false
3k_dlc04_effect_bundle_pooled_resource_governance_level_2	Your governance may be modest, but your increasing power is a promising sign of things to come.	Governance: Modest	mh_political_influence.png	faction	neutral	false
3k_dlc04_effect_bundle_pooled_resource_governance_level_3	Authority does not come easily; you have done well to grow beyond your humble desires and establish yourself as a respectable power.	Governance: Moderate	mh_political_influence.png	faction	neutral	false
3k_dlc04_effect_bundle_pooled_resource_governance_level_4	You have proven yourself a worthy leader, establishing substantial governance over the people.	Governance: Substantial	mh_political_influence.png	faction	neutral	false
3k_dlc04_effect_bundle_pooled_resource_governance_level_5	Your reputation precedes you as word of your humility and scholarly expertise spread throughout the nobility.	Governance: Great	mh_political_influence.png	faction	neutral	false
3k_dlc04_effect_bundle_pooled_resource_governance_level_6	Your governance is far-reaching; the people sing your praises, as those who would oppose you fear the repercussions of the Han.	Governance: Extreme	mh_political_influence.png	faction	neutral	false
3k_dlc04_effect_bundle_pooled_resource_governance_level_7	Your authority is without question. You embody the filial piety of the Han!	Governance: Supreme	mh_political_influence.png	faction	neutral	false
3k_dlc04_effect_bundle_pooled_resource_political_influence_level_0	There are those who say the blights upon this world are a divine sign of your failing Mandate of Heaven.	Political Influence: Disregarded	mh_political_influence.png	faction	neutral	true
3k_dlc04_effect_bundle_pooled_resource_political_influence_level_1	Your word is beyond contestation, your will can shape the world.	Political Influence: Empowered	mh_political_influence.png	faction	neutral	true
3k_dlc04_effect_bundle_pooled_resource_warlords_power_level_0	The court is free from the meddlings of the warlords.	Government: Insignificant Warlord Support	mh_political_parties_icon_warlords.png	faction	neutral	false
3k_dlc04_effect_bundle_pooled_resource_warlords_power_level_1	The presence of warlords in your court is minimal.	Government: Growing Warlord Support	mh_political_parties_icon_warlords.png	faction	neutral	true
3k_dlc04_effect_bundle_pooled_resource_warlords_power_level_2	The increased number of warlords within your court is giving them a measurable level of influence over your domestic affairs.	Government: Significant Warlord Support	mh_political_parties_icon_warlords.png	faction	neutral	true
3k_dlc04_effect_bundle_pooled_resource_warlords_power_level_3	The warlords occupy a number of influential positions within your court, and therefore possess a lot of clout; this empowerment makes them bold.	Government: High Warlords Support	mh_political_parties_icon_warlords.png	faction	neutral	true
3k_dlc04_effect_bundle_pooled_resource_warlords_power_level_4	The emperor is the heavenly-appointed leader of the empire, but localised jurisdiction lies in the hands of warlords. These are people of ambition, so make sure you keep them firmly in check.	Government: Dominant Warlords Support	mh_political_parties_icon_warlords.png	faction	neutral	true
3k_dlc04_effect_bundle_pooled_resource_warlords_power_level_5	An enormous amount of power has been devolved to the warlords within the empire.	Government: Overwhelming Warlords Support	mh_political_parties_icon_warlords.png	faction	neutral	true
3k_dlc04_effect_bundle_rebel_force	This is a rebel force which has arisen to overthrow a {{tr:map_region}}.	Rebel Force	prestige.png	force	positive	true
3k_dlc04_effect_bundle_rebels_economy	 	 	hidden	faction	neutral	true
3k_dlc04_effect_bundle_yellow_turban_forces	As the Yellow Turbans move across the lands, their teachings spread to those around them.	Yellow Turbans	prestige.png	force	positive	true
3k_dlc04_effect_shift_investment_from_commerce_agriculture	We are diverting future infrastrucutre investment from commercial goals to agricultural development.	Agricultural development focus	food.png	faction	positive	true
3k_dlc04_frontend_leader_empress_he_ruler	 	 	satisfaction.png	faction	positive	true
3k_dlc04_frontend_leader_empress_he_specialisation	[[b]]Political Influence[[/b]] is this faction's unique mechanic.\n\n[[i]][[col:flavour]]It is the right of those in power to rule, and the duty of those not in power to serve.[[/col]][[/i]]	Political Influence	mh_political_influence.png	faction	positive	true
3k_dlc04_frontend_leader_lu_zhi_ruler	 	 	satisfaction.png	faction	positive	true
3k_dlc04_frontend_leader_lu_zhi_specialisation	[[b]]The Great Library[[/b]] is this faction's unique mechanic.\n\n[[i]][[col:flavour]]Knowledge, we are so often led to believe, is power. And power is everything.[[/col]][[/i]]	The Great Library	.	faction	positive	true
3k_dlc04_frontend_leader_prince_liu_chong_ruler	 	 	satisfaction.png	faction	positive	true
3k_dlc04_frontend_leader_prince_liu_chong_specialisation	[[b]]Trophy Cabinet[[/b]] is this faction's unique mechanic.\n\n[[i]][[col:flavour]]What are the spoils of victory without somewhere to display them? Let all see, and know your brilliance![[/col]][[/i]]	Trophy Cabinet	.	faction	positive	true
3k_dlc04_frontend_leader_tao_qian_ruler	 	 	satisfaction.png	faction	positive	true
3k_dlc04_frontend_leader_tao_qian_specialisation	[[b]]Displaced Population[[/b]] is a global resource that this faction can utilise for economic or military growth.\n\n[[i]][[col:flavour]]{{tr:3k_main_displaced_population_description}}[[/col]][[/i]]	Displaced Population	3k_dlc04_pooled_resource_displaced_population.png	faction	positive	true
3k_dlc04_frontend_leader_zhang_bao_ruler	 	 	satisfaction.png	faction	positive	true
3k_dlc04_frontend_leader_zhang_bao_specialisation	[[b]]Zeal[[/b]] is this faction's unique resource.\n\n[[i]][[col:flavour]]The light of the land shall be reignited by the incandescent zeal of those willing to fight for it![[/col]][[/i]]	Zeal	3k_dlc04_pooled_resource_fervour.png	faction	positive	true
3k_dlc04_frontend_leader_zhang_jue_ruler	 	 	satisfaction.png	faction	positive	true
3k_dlc04_frontend_leader_zhang_jue_specialisation	[[b]]Zeal[[/b]] is this faction's unique resource.\n\n[[i]][[col:flavour]]The light of the land shall be reignited by the incandescent zeal of those willing to fight for it![[/col]][[/i]]	Zeal	3k_dlc04_pooled_resource_fervour.png	faction	positive	true
3k_dlc04_frontend_leader_zhang_liang_ruler	 	 	satisfaction.png	faction	positive	true
3k_dlc04_frontend_leader_zhang_liang_specialisation	[[b]]Zeal[[/b]] is this faction's unique resource.\n\n[[i]][[col:flavour]]The light of the land shall be reignited by the incandescent zeal of those willing to fight for it![[/col]][[/i]]	Zeal	3k_dlc04_pooled_resource_fervour.png	faction	positive	true
3k_dlc04_garrison_effect_bundle_tao_qian_displaced_population	Population displaced by the ravages of war, seeking - against all odds - a new place to call home.	Displaced Population Resettlement	3k_dlc04_pooled_resource_displaced_population.png	force	negative	true
3k_dlc04_introduction_trophy_mission_payload_prince_liu_chong	With the imperial banner held aloft, you show all those around that you are the rightful Prince.	The Prince of Chen	regional_faction_support.png	faction	positive	true
3k_dlc04_mission_bundle_pooled_resource_liu_biao_positive	The Han are impressed – perhaps now is the time to expand your domain?	Your Governance Increases	ep_frontend_leader_prince_of_runan_specialisation.png	faction	positive	true
3k_dlc04_mission_payload_building_the_legend_05a	The land and the people sing your praises, never again will you be short of able volunteers for your armies.	The Land of Peace	army.png	faction	positive	true
3k_dlc04_mission_payload_building_the_legend_05b	The land and the people sing your praises; never again will your lands be short of labour.	The Land of Peace	craftsmen_ancillaries.png	faction	positive	true
3k_dlc04_mission_payload_campaign_victory_dummy	Completing this mission will grant you a campaign victory. Failing this mission will end your campaign in defeat.	Campaign Victory	flag.png	faction	positive	true
3k_dlc04_mission_payload_prepare_for_war_liu_chong	On the precipice you stand, the people wait on your command.	As the Prince Commands!	prestige.png	faction	positive	true
3k_dlc04_mission_payload_raising_forces_recruit_archers_liu_chong	With the bandits continuing to raid your lands, you call all able bodied men to fight!	A Call to Arms	army.png	faction	positive	true
3k_dlc04_mission_payload_zhang_bao_gong_du_dummy	 	Gong Du Joins the Rebellion	unlocks_legendary_characters.png	faction	positive	true
3k_dlc04_mission_payload_zhang_jue_he_yi_dummy	 	He Yi Joins the Rebellion	unlocks_legendary_characters.png	faction	positive	true
3k_dlc04_mission_payload_zhang_liang_huang_shao_dummy	 	Huang Shao Joins the Rebellion	unlocks_legendary_characters.png	faction	positive	true
3k_dlc04_mission_progression_yellow_turban_ceo_reward_dummy	 	Gain powerful equipment for the Yellow Turbans	craftsmen_ancillaries.png	faction	positive	true
3k_dlc04_mission_progression_zhang_bao_sack_settlement_payload	The population are leaving to join Zhang Bao and the Yellow Turban rebellion. These treacherous rebels must be destroyed!	Yellow Turban Sympathisers	3k_dlc04_pooled_resource_fervour.png	faction	negative	true
3k_dlc04_mission_progression_zhang_bao_sack_settlement_payload_dummy	The disenfranchised population will join your rebellion. This will greatly diminish the recruiting capabilities of your enemies!	Yellow Turban Sympathisers	3k_dlc04_pooled_resource_fervour.png	faction	positive	true
3k_dlc04_mission_progression_zhang_jue_defeat_armies	Your armies have proven their worth to all. Your heavenly achievements are attracting an overwhelming number of followers to your cause!	Zhang Jue Defeats Armies	3k_dlc04_pooled_resource_fervour.png	faction	positive	true
3k_dlc04_mission_progression_zhang_liang_build_city_payload	Your glorious uprising has attracted great architects and engineers. The people will surely benefit from such talent.	Yellow Turban Engineers	construction_city_level.png	faction	positive	true
3k_dlc04_payload_character_yuan_shu_emperorship	Yuan Shu has declared his intentions to become emperor.	Aspiring Emperor	prestige.png	character	positive	true
3k_dlc04_payload_faction_commerce_gdp_mod_increase	This person's expertise has led to a commercial upturn within their commandery.	Commercial Genius	prestige.png	faction	positive	true
3k_dlc04_payload_faction_public_order_decrease_politics	Recent political events have caused the people to become unhappy.	Political Unrest	public_order.png	faction	negative	true
3k_dlc04_payload_faction_public_order_increase_lu_zhi	This person's way of governance has earned them the love of their subjects.	Beloved Lord	public_order.png	faction	positive	true
3k_dlc04_payload_faction_public_order_increase_politics	Recent political events have caused the people to become happy.	Political Support	public_order.png	faction	positive	true
3k_dlc04_payload_faction_support_granted_lands	Having been granted new lands, the government administration is being restructured.	Granted Lands	regional_faction_support.png	faction	positive	true
3k_dlc04_payload_force_movement_decreased	Misjudgement or misadventure has caused this force to move slower for a time.	Movement Decreased	army.png	force	negative	true
3k_dlc04_payload_force_movement_improved	This force is moving with increased pace due to recent events.	Movement Increased	army.png	force	positive	true
3k_dlc04_payload_force_movement_zeroed	Events have caused this force to remain where they are for a time.	Movement Depleted	army.png	force	negative	true
3k_dlc04_payload_force_supplies_negative	This force is suffering from a shortage of supplies.	Supply Shortage	military_supplies.png	force	negative	true
3k_dlc04_payload_global_disaster_drought	A disaster has struck your lands!	Drought	stat_ranged_explosion_base.png	faction	negative	true
3k_dlc04_payload_global_disaster_earthquake	A disaster has struck your lands!	Earthquake	stat_ranged_explosion_base.png	faction	negative	true
3k_dlc04_payload_global_disaster_eclipse	A disaster has struck your lands!	Eclipse	stat_ranged_explosion_base.png	faction	negative	true
3k_dlc04_payload_global_disaster_famine	A disaster has struck your lands!	Famine	stat_ranged_explosion_base.png	faction	negative	true
3k_dlc04_payload_global_disaster_flooding	A disaster has struck your lands!	Flooding	stat_ranged_explosion_base.png	faction	negative	true
3k_dlc04_payload_global_disaster_locust_plague	A disaster has struck your lands!	Locusts	stat_ranged_explosion_base.png	faction	negative	true
3k_dlc04_payload_global_disaster_mountain_collapse	A disaster has struck your lands!	The Mountain Falls	stat_ranged_explosion_base.png	faction	negative	true
3k_dlc04_payload_global_disaster_raiding	A disaster has struck your lands!	Silk Raids	stat_ranged_explosion_base.png	faction	negative	true
3k_dlc04_payload_province_peasantry_gdp_mod_increase	A time of hardship is passing for the families of the capital, all enjoy this time of bounty.	Heaven's Blessings	prestige.png	faction	positive	true
3k_dlc04_payload_region_province_city_of_scholars	Under your sound judgement your city prospers	City of Scholars	public_order.png	region	positive	true
3k_dlc04_unit_base_mod_imperial	 	 	.	faction	positive	false
3k_dlc05_bandits_faction_bundle	HIDDEN	HIDDEN	.	faction	negative	false
3k_dlc05_bundle_faction_rank_bandit_1	You are a mere outlaw, unknown and unwanted.	Outlaw	prestige.png	faction	positive	false
3k_dlc05_bundle_faction_rank_bandit_2	Word of your deeds has started to spread.	Bandit	prestige.png	faction	positive	false
3k_dlc05_bundle_faction_rank_bandit_3	You are feared and envied in equal measure.	Raider	prestige.png	faction	positive	false
3k_dlc05_bundle_faction_rank_bandit_4	One glance and the whole city falls. A second glance leaves the nation in ruins!	Bandit Kingdom	prestige.png	faction	positive	false
3k_dlc05_bundle_faction_rank_bandit_5	A new emperor for a new empire.	Emperor	prestige.png	faction	positive	false
3k_dlc05_bundle_faction_rank_han_chinese_general	Leading an army is the first step on the long road to power!	General	prestige.png	faction	positive	false
3k_dlc05_bundle_faction_rank_sun_ce_1	Your power is of little consequence to the world... yet!	Noble	prestige.png	faction	positive	false
3k_dlc05_bundle_faction_rank_sun_ce_2	You have established yourself as a worthy power.	Second Marquis	prestige.png	faction	positive	false
3k_dlc05_bundle_faction_rank_sun_ce_3	Your have begun your ascent to greatness, but there is much yet to do.	Marquis	prestige.png	faction	positive	false
3k_dlc05_bundle_faction_rank_sun_ce_4	What was once divided must unite under the new rule of a new emperor, leading a new dynasty to glory.	Duchy	prestige.png	faction	positive	false
3k_dlc05_bundle_faction_rank_sun_ce_5	Your power is both feared and coveted.	Kingdom	prestige.png	faction	positive	false
3k_dlc05_bundle_faction_rank_white_tiger_yan_1	You are a mere outlaw, unknown and unwanted.	Outlaw	prestige.png	faction	positive	false
3k_dlc05_bundle_faction_rank_white_tiger_yan_2	Word of your deeds has started to spread.	Bandit	prestige.png	faction	positive	false
3k_dlc05_bundle_faction_rank_white_tiger_yan_3	You are feared and envied in equal measure.	Raider	prestige.png	faction	positive	false
3k_dlc05_bundle_faction_rank_white_tiger_yan_4	One glance and the whole city falls. A second glance leaves the nation in ruins!	Bandit Kingdom	prestige.png	faction	positive	false
3k_dlc05_bundle_faction_rank_white_tiger_yan_5	A new emperor for a new empire.	Emperor	prestige.png	faction	positive	false
3k_dlc05_bundle_stance_army_fortification_bandits	Sets up a defensive camp. If this force is attacked it will result in an encampment battle.	Stance: Encamp	army.png	force	neutral	false
3k_dlc05_bundle_stance_army_garrisoned_bandits	Constrained to their crude barracks, this force has had limited opportunity to enrich itself.	Stance: Garrisoned	army.png	force	neutral	false
3k_dlc05_bundle_stance_army_raiding_bandits	Focus on plundering the local region, increasing the amount of loot gained per turn.	Stance: Raiding	army.png	force	neutral	false
3k_dlc05_bundle_stance_army_share_the_spoils_bandits	Share out this army's gathered loot, providing large benefits to the local owned region.	Stance: Sharing the Spoils	army.png	force	neutral	false
3k_dlc05_dummy_effect_bundle_diplomacy_negative_reputation	{{tr:3k_dlc05_payload_diplomacy_negative_reputation_desc}}	{{tr:3k_dlc05_payload_diplomacy_negative_reputation_title}}	prestige.png	faction	negative	false
3k_dlc05_dummy_effect_bundle_treacherous_annexation	Annexing a settlement via treachery and threats is frowned upon by all factions!	Treacherous Annexation	diplomacy_attitude_effect.png	faction	negative	false
3k_dlc05_effect_bundle_act_of_treason	Declaring yourself emperor while the Han still exists is considered as an act of treason!	Emperor Zhong	diplomacy_attitude_effect.png	faction	negative	true
3k_dlc05_effect_bundle_action_effects_gift_to_mercenary_lord	Valuables were taken and recruits signed up before the settlement was gifted away.	Loots & Recruits	prestige.png	force	neutral	false
3k_dlc05_effect_bundle_ai_cao_cao_bonus_income	HIDDEN	HIDDEN	.	faction	positive	false
3k_dlc05_effect_bundle_butchered_village	A terrible crime has occured here.	Butchered Village	disaster.png	region	neutral	true
3k_dlc05_effect_bundle_captives_enslave_lu_bu	Your relentless pace leaves your soldiers drained. Pushing them further will extend the duration of this effect.	Tired	army.png	force	negative	true
3k_dlc05_effect_bundle_did_not_make_appointment	You chose not to usurp imperial powers.	Restrained Governor	ep_frontend_leader_prince_of_runan_specialisation.png	faction	positive	true
3k_dlc05_effect_bundle_diplomacy_negative_reputation	{{tr:3k_dlc05_payload_diplomacy_negative_reputation_desc}}	{{tr:3k_dlc05_payload_diplomacy_negative_reputation_title}}	prestige.png	faction	negative	true
3k_dlc05_effect_bundle_emperor_lost	Having lost control of the emperor, this faction's legitimacy is in tatters.	Emperor Lost	diplomacy_attitude_effect.png	faction	negative	true
3k_dlc05_effect_bundle_faction_support_human_bandit_0_to_20_easy	The owner of this region is not well loved by its people. Hard work will be needed if their trust is to be gained.	Support: None	regional_faction_support.png	region	neutral	true
3k_dlc05_effect_bundle_faction_support_human_bandit_0_to_20_hard	The owner of this region is not well loved by its people. Hard work will be needed if their trust is to be gained.	Support: None	regional_faction_support.png	region	neutral	true
3k_dlc05_effect_bundle_faction_support_human_bandit_0_to_20_legendary	The owner of this region is not well loved by its people. Hard work will be needed if their trust is to be gained.	Support: None	regional_faction_support.png	region	neutral	true
3k_dlc05_effect_bundle_faction_support_human_bandit_0_to_20_normal	The owner of this region is not well loved by its people. Hard work will be needed if their trust is to be gained.	Support: None	regional_faction_support.png	region	neutral	true
3k_dlc05_effect_bundle_faction_support_human_bandit_0_to_20_very_hard	The owner of this region is not well loved by its people. Hard work will be needed if their trust is to be gained.	Support: None	regional_faction_support.png	region	neutral	true
3k_dlc05_effect_bundle_faction_support_human_bandit_20_to_40_easy	The owner of this region is not well loved by its people. Hard work will be needed if their trust is to be gained.	Support: Low	regional_faction_support.png	region	neutral	true
3k_dlc05_effect_bundle_faction_support_human_bandit_20_to_40_hard	The owner of this region is not well loved by its people. Hard work will be needed if their trust is to be gained.	Support: Low	regional_faction_support.png	region	neutral	true
3k_dlc05_effect_bundle_faction_support_human_bandit_20_to_40_legendary	The owner of this region is not well loved by its people. Hard work will be needed if their trust is to be gained.	Support: Low	regional_faction_support.png	region	neutral	true
3k_dlc05_effect_bundle_faction_support_human_bandit_20_to_40_normal	As normal life resumes, this region is starting to support its owners.	Support: Low	regional_faction_support.png	region	neutral	true
3k_dlc05_effect_bundle_faction_support_human_bandit_20_to_40_very_hard	The owner of this region is not well loved by its people. Hard work will be needed if their trust is to be gained.	Support: Low	regional_faction_support.png	region	neutral	true
3k_dlc05_effect_bundle_faction_support_human_bandit_40_to_60_easy	As normal life resumes, this region is starting to support its owners.	Support: Medium	regional_faction_support.png	region	neutral	true
3k_dlc05_effect_bundle_faction_support_human_bandit_40_to_60_hard	As normal life resumes, this region is starting to support its owners.	Support: Medium	regional_faction_support.png	region	neutral	true
3k_dlc05_effect_bundle_faction_support_human_bandit_40_to_60_legendary	As normal life resumes, this region is starting to support its owners.	Support: Medium	regional_faction_support.png	region	neutral	true
3k_dlc05_effect_bundle_faction_support_human_bandit_40_to_60_normal	As normal life resumes, this region is starting to support its owners.	Support: Medium	regional_faction_support.png	region	neutral	true
3k_dlc05_effect_bundle_faction_support_human_bandit_40_to_60_very_hard	As normal life resumes, this region is starting to support its owners.	Support: Medium	regional_faction_support.png	region	neutral	true
3k_dlc05_effect_bundle_faction_support_human_bandit_60_to_80_easy	As normal life resumes, this region is starting to support its owners.	Support: High	regional_faction_support.png	region	neutral	true
3k_dlc05_effect_bundle_faction_support_human_bandit_60_to_80_hard	As normal life resumes, this region is starting to support its owners.	Support: High	regional_faction_support.png	region	neutral	true
3k_dlc05_effect_bundle_faction_support_human_bandit_60_to_80_legendary	As normal life resumes, this region is starting to support its owners.	Support: High	regional_faction_support.png	region	neutral	true
3k_dlc05_effect_bundle_faction_support_human_bandit_60_to_80_normal	As normal life resumes, this region is starting to support its owners.	Support: High	regional_faction_support.png	region	neutral	true
3k_dlc05_effect_bundle_faction_support_human_bandit_60_to_80_very_hard	The people love their masters and will strive hard to fulfil their dreams.	Support: High	regional_faction_support.png	region	neutral	true
3k_dlc05_effect_bundle_faction_support_human_bandit_80_to_100_easy	The people love their masters and will strive hard to fulfil their dreams.	Support: Total	regional_faction_support.png	region	neutral	true
3k_dlc05_effect_bundle_faction_support_human_bandit_80_to_100_hard	The people love their masters and will strive hard to fulfil their dreams.	Support: Total	regional_faction_support.png	region	neutral	true
3k_dlc05_effect_bundle_faction_support_human_bandit_80_to_100_legendary	The people love their masters and will strive hard to fulfil their dreams.	Support: Total	regional_faction_support.png	region	neutral	true
3k_dlc05_effect_bundle_faction_support_human_bandit_80_to_100_normal	The people love their masters and will strive hard to fulfil their dreams.	Support: Total	regional_faction_support.png	region	neutral	true
3k_dlc05_effect_bundle_faction_support_human_bandit_80_to_100_very_hard	The people love their masters and will strive hard to fulfil their dreams.	Support: Total	regional_faction_support.png	region	neutral	true
3k_dlc05_effect_bundle_foreign_land_at_war_bandits	This army has had the chance to plunder freely in enemy territory.	Spent Season Pillaging Foreign Soil	army.png	force	neutral	true
3k_dlc05_effect_bundle_foreign_land_bandits	Though the territory this force has passed through is not hostile, thieves will be thieves...	Spent Season on Foreign Soil	army.png	force	neutral	true
3k_dlc05_effect_bundle_granted_sanctuary	Having been granted refuge from their enemies, this character's ambitions are suppressed... for now.	Granted Sanctuary	satisfaction.png	character	positive	true
3k_dlc05_effect_bundle_ground_type_null_bandit	HIDDEN	HIDDEN	hidden	faction	positive	true
3k_dlc05_effect_bundle_internal_conflict	Major rifts have emerged within this faction's senior leadership.	Internal Conflict	satisfaction.png	faction	negative	true
3k_dlc05_effect_bundle_lu_bu_inspire_faction	Inspired by the favour you have shown, your generals push to earn your favour.	Inspired Forces	dlc_05_ph_lu_bu_pooled_resource.png	faction	positive	true
3k_dlc05_effect_bundle_lu_bu_inspire_province	Inspired by the word of your victories, the corrupt tremble and the righteous redouble their efforts.	Inspired Province	dlc_05_ph_lu_bu_pooled_resource.png	province	positive	false
3k_dlc05_effect_bundle_made_appointment	You have appointed an official without the support of the imperial court.	Usurped Imperial Power	ep_frontend_leader_prince_of_runan_specialisation.png	faction	negative	true
3k_dlc05_effect_bundle_military_supply_abundant_bandits	A full belly slows the wolf.	Abundant Loot	military_supplies.png	force	neutral	false
3k_dlc05_effect_bundle_military_supply_empty_bandits	A beast can be at its most dangerous when starving – but its strength cannot last long.	No Loot!	military_supplies.png	force	neutral	false
3k_dlc05_effect_bundle_military_supply_high_bandits	Sated, this force begins to lose its bite.	High Loot	military_supplies.png	force	neutral	false
3k_dlc05_effect_bundle_military_supply_low_bandits	This army's rapacity is fearsome to behold – best see them fed before they turn on the locals!	Low Loot	military_supplies.png	force	neutral	false
3k_dlc05_effect_bundle_military_supply_normal_bandits	This force is still hungry for plunder.	Normal Loot	military_supplies.png	force	neutral	false
3k_dlc05_effect_bundle_own_land_bandits	Having spent time in friendly territory, this force has had to restrain itself from open plunder.	Spent Season in Own Domain	army.png	force	neutral	true
3k_dlc05_effect_bundle_political_action_court_experience	PH	Shared Experience	placeholder.png	faction	positive	true
3k_dlc05_effect_bundle_pooled_resource_lu_bu_personal_victories_level_1	As your victories mount, your strength grows – but so does the envy and suspicion of others.	Personal Victories	dlc_05_ph_lu_bu_pooled_personal_victories_resource.png	faction	negative	false
3k_dlc05_effect_bundle_pooled_resource_lu_bu_personal_victories_level_10	As your victories mount, your strength grows – but so does the envy and suspicion of others.	Personal Victories	dlc_05_ph_lu_bu_pooled_personal_victories_resource.png	faction	negative	false
3k_dlc05_effect_bundle_pooled_resource_lu_bu_personal_victories_level_100	As your victories mount, your strength grows – but so does the envy and suspicion of others.	Personal Victories	dlc_05_ph_lu_bu_pooled_personal_victories_resource.png	faction	negative	false
3k_dlc05_effect_bundle_pooled_resource_lu_bu_personal_victories_level_11	As your victories mount, your strength grows – but so does the envy and suspicion of others.	Personal Victories	dlc_05_ph_lu_bu_pooled_personal_victories_resource.png	faction	negative	false
3k_dlc05_effect_bundle_pooled_resource_lu_bu_personal_victories_level_12	As your victories mount, your strength grows – but so does the envy and suspicion of others.	Personal Victories	dlc_05_ph_lu_bu_pooled_personal_victories_resource.png	faction	negative	false
3k_dlc05_effect_bundle_pooled_resource_lu_bu_personal_victories_level_13	As your victories mount, your strength grows – but so does the envy and suspicion of others.	Personal Victories	dlc_05_ph_lu_bu_pooled_personal_victories_resource.png	faction	negative	false
3k_dlc05_effect_bundle_pooled_resource_lu_bu_personal_victories_level_14	As your victories mount, your strength grows – but so does the envy and suspicion of others.	Personal Victories	dlc_05_ph_lu_bu_pooled_personal_victories_resource.png	faction	negative	false
3k_dlc05_effect_bundle_pooled_resource_lu_bu_personal_victories_level_15	As your victories mount, your strength grows – but so does the envy and suspicion of others.	Personal Victories	dlc_05_ph_lu_bu_pooled_personal_victories_resource.png	faction	negative	false
3k_dlc05_effect_bundle_pooled_resource_lu_bu_personal_victories_level_16	As your victories mount, your strength grows – but so does the envy and suspicion of others.	Personal Victories	dlc_05_ph_lu_bu_pooled_personal_victories_resource.png	faction	negative	false
3k_dlc05_effect_bundle_pooled_resource_lu_bu_personal_victories_level_17	As your victories mount, your strength grows – but so does the envy and suspicion of others.	Personal Victories	dlc_05_ph_lu_bu_pooled_personal_victories_resource.png	faction	negative	false
3k_dlc05_effect_bundle_pooled_resource_lu_bu_personal_victories_level_18	As your victories mount, your strength grows – but so does the envy and suspicion of others.	Personal Victories	dlc_05_ph_lu_bu_pooled_personal_victories_resource.png	faction	negative	false
3k_dlc05_effect_bundle_pooled_resource_lu_bu_personal_victories_level_19	As your victories mount, your strength grows – but so does the envy and suspicion of others.	Personal Victories	dlc_05_ph_lu_bu_pooled_personal_victories_resource.png	faction	negative	false
3k_dlc05_effect_bundle_pooled_resource_lu_bu_personal_victories_level_2	As your victories mount, your strength grows – but so does the envy and suspicion of others.	Personal Victories	dlc_05_ph_lu_bu_pooled_personal_victories_resource.png	faction	negative	false
3k_dlc05_effect_bundle_pooled_resource_lu_bu_personal_victories_level_20	As your victories mount, your strength grows – but so does the envy and suspicion of others.	Personal Victories	dlc_05_ph_lu_bu_pooled_personal_victories_resource.png	faction	negative	false
3k_dlc05_effect_bundle_pooled_resource_lu_bu_personal_victories_level_21	As your victories mount, your strength grows – but so does the envy and suspicion of others.	Personal Victories	dlc_05_ph_lu_bu_pooled_personal_victories_resource.png	faction	negative	false
3k_dlc05_effect_bundle_pooled_resource_lu_bu_personal_victories_level_22	As your victories mount, your strength grows – but so does the envy and suspicion of others.	Personal Victories	dlc_05_ph_lu_bu_pooled_personal_victories_resource.png	faction	negative	false
3k_dlc05_effect_bundle_pooled_resource_lu_bu_personal_victories_level_23	As your victories mount, your strength grows – but so does the envy and suspicion of others.	Personal Victories	dlc_05_ph_lu_bu_pooled_personal_victories_resource.png	faction	negative	false
3k_dlc05_effect_bundle_pooled_resource_lu_bu_personal_victories_level_24	As your victories mount, your strength grows – but so does the envy and suspicion of others.	Personal Victories	dlc_05_ph_lu_bu_pooled_personal_victories_resource.png	faction	negative	false
3k_dlc05_effect_bundle_pooled_resource_lu_bu_personal_victories_level_25	As your victories mount, your strength grows – but so does the envy and suspicion of others.	Personal Victories	dlc_05_ph_lu_bu_pooled_personal_victories_resource.png	faction	negative	false
3k_dlc05_effect_bundle_pooled_resource_lu_bu_personal_victories_level_26	As your victories mount, your strength grows – but so does the envy and suspicion of others.	Personal Victories	dlc_05_ph_lu_bu_pooled_personal_victories_resource.png	faction	negative	false
3k_dlc05_effect_bundle_pooled_resource_lu_bu_personal_victories_level_27	As your victories mount, your strength grows – but so does the envy and suspicion of others.	Personal Victories	dlc_05_ph_lu_bu_pooled_personal_victories_resource.png	faction	negative	false
3k_dlc05_effect_bundle_pooled_resource_lu_bu_personal_victories_level_28	As your victories mount, your strength grows – but so does the envy and suspicion of others.	Personal Victories	dlc_05_ph_lu_bu_pooled_personal_victories_resource.png	faction	negative	false
3k_dlc05_effect_bundle_pooled_resource_lu_bu_personal_victories_level_29	As your victories mount, your strength grows – but so does the envy and suspicion of others.	Personal Victories	dlc_05_ph_lu_bu_pooled_personal_victories_resource.png	faction	negative	false
3k_dlc05_effect_bundle_pooled_resource_lu_bu_personal_victories_level_3	As your victories mount, your strength grows – but so does the envy and suspicion of others.	Personal Victories	dlc_05_ph_lu_bu_pooled_personal_victories_resource.png	faction	negative	false
3k_dlc05_effect_bundle_pooled_resource_lu_bu_personal_victories_level_30	As your victories mount, your strength grows – but so does the envy and suspicion of others.	Personal Victories	dlc_05_ph_lu_bu_pooled_personal_victories_resource.png	faction	negative	false
3k_dlc05_effect_bundle_pooled_resource_lu_bu_personal_victories_level_31	As your victories mount, your strength grows – but so does the envy and suspicion of others.	Personal Victories	dlc_05_ph_lu_bu_pooled_personal_victories_resource.png	faction	negative	false
3k_dlc05_effect_bundle_pooled_resource_lu_bu_personal_victories_level_32	As your victories mount, your strength grows – but so does the envy and suspicion of others.	Personal Victories	dlc_05_ph_lu_bu_pooled_personal_victories_resource.png	faction	negative	false
3k_dlc05_effect_bundle_pooled_resource_lu_bu_personal_victories_level_33	As your victories mount, your strength grows – but so does the envy and suspicion of others.	Personal Victories	dlc_05_ph_lu_bu_pooled_personal_victories_resource.png	faction	negative	false
3k_dlc05_effect_bundle_pooled_resource_lu_bu_personal_victories_level_34	As your victories mount, your strength grows – but so does the envy and suspicion of others.	Personal Victories	dlc_05_ph_lu_bu_pooled_personal_victories_resource.png	faction	negative	false
3k_dlc05_effect_bundle_pooled_resource_lu_bu_personal_victories_level_35	As your victories mount, your strength grows – but so does the envy and suspicion of others.	Personal Victories	dlc_05_ph_lu_bu_pooled_personal_victories_resource.png	faction	negative	false
3k_dlc05_effect_bundle_pooled_resource_lu_bu_personal_victories_level_36	As your victories mount, your strength grows – but so does the envy and suspicion of others.	Personal Victories	dlc_05_ph_lu_bu_pooled_personal_victories_resource.png	faction	negative	false
3k_dlc05_effect_bundle_pooled_resource_lu_bu_personal_victories_level_37	As your victories mount, your strength grows – but so does the envy and suspicion of others.	Personal Victories	dlc_05_ph_lu_bu_pooled_personal_victories_resource.png	faction	negative	false
3k_dlc05_effect_bundle_pooled_resource_lu_bu_personal_victories_level_38	As your victories mount, your strength grows – but so does the envy and suspicion of others.	Personal Victories	dlc_05_ph_lu_bu_pooled_personal_victories_resource.png	faction	negative	false
3k_dlc05_effect_bundle_pooled_resource_lu_bu_personal_victories_level_39	As your victories mount, your strength grows – but so does the envy and suspicion of others.	Personal Victories	dlc_05_ph_lu_bu_pooled_personal_victories_resource.png	faction	negative	false
3k_dlc05_effect_bundle_pooled_resource_lu_bu_personal_victories_level_4	As your victories mount, your strength grows – but so does the envy and suspicion of others.	Personal Victories	dlc_05_ph_lu_bu_pooled_personal_victories_resource.png	faction	negative	false
3k_dlc05_effect_bundle_pooled_resource_lu_bu_personal_victories_level_40	As your victories mount, your strength grows – but so does the envy and suspicion of others.	Personal Victories	dlc_05_ph_lu_bu_pooled_personal_victories_resource.png	faction	negative	false
3k_dlc05_effect_bundle_pooled_resource_lu_bu_personal_victories_level_41	As your victories mount, your strength grows – but so does the envy and suspicion of others.	Personal Victories	dlc_05_ph_lu_bu_pooled_personal_victories_resource.png	faction	negative	false
3k_dlc05_effect_bundle_pooled_resource_lu_bu_personal_victories_level_42	As your victories mount, your strength grows – but so does the envy and suspicion of others.	Personal Victories	dlc_05_ph_lu_bu_pooled_personal_victories_resource.png	faction	negative	false
3k_dlc05_effect_bundle_pooled_resource_lu_bu_personal_victories_level_43	As your victories mount, your strength grows – but so does the envy and suspicion of others.	Personal Victories	dlc_05_ph_lu_bu_pooled_personal_victories_resource.png	faction	negative	false
3k_dlc05_effect_bundle_pooled_resource_lu_bu_personal_victories_level_44	As your victories mount, your strength grows – but so does the envy and suspicion of others.	Personal Victories	dlc_05_ph_lu_bu_pooled_personal_victories_resource.png	faction	negative	false
3k_dlc05_effect_bundle_pooled_resource_lu_bu_personal_victories_level_45	As your victories mount, your strength grows – but so does the envy and suspicion of others.	Personal Victories	dlc_05_ph_lu_bu_pooled_personal_victories_resource.png	faction	negative	false
3k_dlc05_effect_bundle_pooled_resource_lu_bu_personal_victories_level_46	As your victories mount, your strength grows – but so does the envy and suspicion of others.	Personal Victories	dlc_05_ph_lu_bu_pooled_personal_victories_resource.png	faction	negative	false
3k_dlc05_effect_bundle_pooled_resource_lu_bu_personal_victories_level_47	As your victories mount, your strength grows – but so does the envy and suspicion of others.	Personal Victories	dlc_05_ph_lu_bu_pooled_personal_victories_resource.png	faction	negative	false
3k_dlc05_effect_bundle_pooled_resource_lu_bu_personal_victories_level_48	As your victories mount, your strength grows – but so does the envy and suspicion of others.	Personal Victories	dlc_05_ph_lu_bu_pooled_personal_victories_resource.png	faction	negative	false
3k_dlc05_effect_bundle_pooled_resource_lu_bu_personal_victories_level_49	As your victories mount, your strength grows – but so does the envy and suspicion of others.	Personal Victories	dlc_05_ph_lu_bu_pooled_personal_victories_resource.png	faction	negative	false
3k_dlc05_effect_bundle_pooled_resource_lu_bu_personal_victories_level_5	As your victories mount, your strength grows – but so does the envy and suspicion of others.	Personal Victories	dlc_05_ph_lu_bu_pooled_personal_victories_resource.png	faction	negative	false
3k_dlc05_effect_bundle_pooled_resource_lu_bu_personal_victories_level_50	As your victories mount, your strength grows – but so does the envy and suspicion of others.	Personal Victories	dlc_05_ph_lu_bu_pooled_personal_victories_resource.png	faction	negative	false
3k_dlc05_effect_bundle_pooled_resource_lu_bu_personal_victories_level_51	As your victories mount, your strength grows – but so does the envy and suspicion of others.	Personal Victories	dlc_05_ph_lu_bu_pooled_personal_victories_resource.png	faction	negative	false
3k_dlc05_effect_bundle_pooled_resource_lu_bu_personal_victories_level_52	As your victories mount, your strength grows – but so does the envy and suspicion of others.	Personal Victories	dlc_05_ph_lu_bu_pooled_personal_victories_resource.png	faction	negative	false
3k_dlc05_effect_bundle_pooled_resource_lu_bu_personal_victories_level_53	As your victories mount, your strength grows – but so does the envy and suspicion of others.	Personal Victories	dlc_05_ph_lu_bu_pooled_personal_victories_resource.png	faction	negative	false
3k_dlc05_effect_bundle_pooled_resource_lu_bu_personal_victories_level_54	As your victories mount, your strength grows – but so does the envy and suspicion of others.	Personal Victories	dlc_05_ph_lu_bu_pooled_personal_victories_resource.png	faction	negative	false
3k_dlc05_effect_bundle_pooled_resource_lu_bu_personal_victories_level_55	As your victories mount, your strength grows – but so does the envy and suspicion of others.	Personal Victories	dlc_05_ph_lu_bu_pooled_personal_victories_resource.png	faction	negative	false
3k_dlc05_effect_bundle_pooled_resource_lu_bu_personal_victories_level_56	As your victories mount, your strength grows – but so does the envy and suspicion of others.	Personal Victories	dlc_05_ph_lu_bu_pooled_personal_victories_resource.png	faction	negative	false
3k_dlc05_effect_bundle_pooled_resource_lu_bu_personal_victories_level_57	As your victories mount, your strength grows – but so does the envy and suspicion of others.	Personal Victories	dlc_05_ph_lu_bu_pooled_personal_victories_resource.png	faction	negative	false
3k_dlc05_effect_bundle_pooled_resource_lu_bu_personal_victories_level_58	As your victories mount, your strength grows – but so does the envy and suspicion of others.	Personal Victories	dlc_05_ph_lu_bu_pooled_personal_victories_resource.png	faction	negative	false
3k_dlc05_effect_bundle_pooled_resource_lu_bu_personal_victories_level_59	As your victories mount, your strength grows – but so does the envy and suspicion of others.	Personal Victories	dlc_05_ph_lu_bu_pooled_personal_victories_resource.png	faction	negative	false
3k_dlc05_effect_bundle_pooled_resource_lu_bu_personal_victories_level_6	As your victories mount, your strength grows – but so does the envy and suspicion of others.	Personal Victories	dlc_05_ph_lu_bu_pooled_personal_victories_resource.png	faction	negative	false
3k_dlc05_effect_bundle_pooled_resource_lu_bu_personal_victories_level_60	As your victories mount, your strength grows – but so does the envy and suspicion of others.	Personal Victories	dlc_05_ph_lu_bu_pooled_personal_victories_resource.png	faction	negative	false
3k_dlc05_effect_bundle_pooled_resource_lu_bu_personal_victories_level_61	As your victories mount, your strength grows – but so does the envy and suspicion of others.	Personal Victories	dlc_05_ph_lu_bu_pooled_personal_victories_resource.png	faction	negative	false
3k_dlc05_effect_bundle_pooled_resource_lu_bu_personal_victories_level_62	As your victories mount, your strength grows – but so does the envy and suspicion of others.	Personal Victories	dlc_05_ph_lu_bu_pooled_personal_victories_resource.png	faction	negative	false
3k_dlc05_effect_bundle_pooled_resource_lu_bu_personal_victories_level_63	As your victories mount, your strength grows – but so does the envy and suspicion of others.	Personal Victories	dlc_05_ph_lu_bu_pooled_personal_victories_resource.png	faction	negative	false
3k_dlc05_effect_bundle_pooled_resource_lu_bu_personal_victories_level_64	As your victories mount, your strength grows – but so does the envy and suspicion of others.	Personal Victories	dlc_05_ph_lu_bu_pooled_personal_victories_resource.png	faction	negative	false
3k_dlc05_effect_bundle_pooled_resource_lu_bu_personal_victories_level_65	As your victories mount, your strength grows – but so does the envy and suspicion of others.	Personal Victories	dlc_05_ph_lu_bu_pooled_personal_victories_resource.png	faction	negative	false
3k_dlc05_effect_bundle_pooled_resource_lu_bu_personal_victories_level_66	As your victories mount, your strength grows – but so does the envy and suspicion of others.	Personal Victories	dlc_05_ph_lu_bu_pooled_personal_victories_resource.png	faction	negative	false
3k_dlc05_effect_bundle_pooled_resource_lu_bu_personal_victories_level_67	As your victories mount, your strength grows – but so does the envy and suspicion of others.	Personal Victories	dlc_05_ph_lu_bu_pooled_personal_victories_resource.png	faction	negative	false
3k_dlc05_effect_bundle_pooled_resource_lu_bu_personal_victories_level_68	As your victories mount, your strength grows – but so does the envy and suspicion of others.	Personal Victories	dlc_05_ph_lu_bu_pooled_personal_victories_resource.png	faction	negative	false
3k_dlc05_effect_bundle_pooled_resource_lu_bu_personal_victories_level_69	As your victories mount, your strength grows – but so does the envy and suspicion of others.	Personal Victories	dlc_05_ph_lu_bu_pooled_personal_victories_resource.png	faction	negative	false
3k_dlc05_effect_bundle_pooled_resource_lu_bu_personal_victories_level_7	As your victories mount, your strength grows – but so does the envy and suspicion of others.	Personal Victories	dlc_05_ph_lu_bu_pooled_personal_victories_resource.png	faction	negative	false
3k_dlc05_effect_bundle_pooled_resource_lu_bu_personal_victories_level_70	As your victories mount, your strength grows – but so does the envy and suspicion of others.	Personal Victories	dlc_05_ph_lu_bu_pooled_personal_victories_resource.png	faction	negative	false
3k_dlc05_effect_bundle_pooled_resource_lu_bu_personal_victories_level_71	As your victories mount, your strength grows – but so does the envy and suspicion of others.	Personal Victories	dlc_05_ph_lu_bu_pooled_personal_victories_resource.png	faction	negative	false
3k_dlc05_effect_bundle_pooled_resource_lu_bu_personal_victories_level_72	As your victories mount, your strength grows – but so does the envy and suspicion of others.	Personal Victories	dlc_05_ph_lu_bu_pooled_personal_victories_resource.png	faction	negative	false
3k_dlc05_effect_bundle_pooled_resource_lu_bu_personal_victories_level_73	As your victories mount, your strength grows – but so does the envy and suspicion of others.	Personal Victories	dlc_05_ph_lu_bu_pooled_personal_victories_resource.png	faction	negative	false
3k_dlc05_effect_bundle_pooled_resource_lu_bu_personal_victories_level_74	As your victories mount, your strength grows – but so does the envy and suspicion of others.	Personal Victories	dlc_05_ph_lu_bu_pooled_personal_victories_resource.png	faction	negative	false
3k_dlc05_effect_bundle_pooled_resource_lu_bu_personal_victories_level_75	As your victories mount, your strength grows – but so does the envy and suspicion of others.	Personal Victories	dlc_05_ph_lu_bu_pooled_personal_victories_resource.png	faction	negative	false
3k_dlc05_effect_bundle_pooled_resource_lu_bu_personal_victories_level_76	As your victories mount, your strength grows – but so does the envy and suspicion of others.	Personal Victories	dlc_05_ph_lu_bu_pooled_personal_victories_resource.png	faction	negative	false
3k_dlc05_effect_bundle_pooled_resource_lu_bu_personal_victories_level_77	As your victories mount, your strength grows – but so does the envy and suspicion of others.	Personal Victories	dlc_05_ph_lu_bu_pooled_personal_victories_resource.png	faction	negative	false
3k_dlc05_effect_bundle_pooled_resource_lu_bu_personal_victories_level_78	As your victories mount, your strength grows – but so does the envy and suspicion of others.	Personal Victories	dlc_05_ph_lu_bu_pooled_personal_victories_resource.png	faction	negative	false
3k_dlc05_effect_bundle_pooled_resource_lu_bu_personal_victories_level_79	As your victories mount, your strength grows – but so does the envy and suspicion of others.	Personal Victories	dlc_05_ph_lu_bu_pooled_personal_victories_resource.png	faction	negative	false
3k_dlc05_effect_bundle_pooled_resource_lu_bu_personal_victories_level_8	As your victories mount, your strength grows – but so does the envy and suspicion of others.	Personal Victories	dlc_05_ph_lu_bu_pooled_personal_victories_resource.png	faction	negative	false
3k_dlc05_effect_bundle_pooled_resource_lu_bu_personal_victories_level_80	As your victories mount, your strength grows – but so does the envy and suspicion of others.	Personal Victories	dlc_05_ph_lu_bu_pooled_personal_victories_resource.png	faction	negative	false
3k_dlc05_effect_bundle_pooled_resource_lu_bu_personal_victories_level_81	As your victories mount, your strength grows – but so does the envy and suspicion of others.	Personal Victories	dlc_05_ph_lu_bu_pooled_personal_victories_resource.png	faction	negative	false
3k_dlc05_effect_bundle_pooled_resource_lu_bu_personal_victories_level_82	As your victories mount, your strength grows – but so does the envy and suspicion of others.	Personal Victories	dlc_05_ph_lu_bu_pooled_personal_victories_resource.png	faction	negative	false
3k_dlc05_effect_bundle_pooled_resource_lu_bu_personal_victories_level_83	As your victories mount, your strength grows – but so does the envy and suspicion of others.	Personal Victories	dlc_05_ph_lu_bu_pooled_personal_victories_resource.png	faction	negative	false
3k_dlc05_effect_bundle_pooled_resource_lu_bu_personal_victories_level_84	As your victories mount, your strength grows – but so does the envy and suspicion of others.	Personal Victories	dlc_05_ph_lu_bu_pooled_personal_victories_resource.png	faction	negative	false
3k_dlc05_effect_bundle_pooled_resource_lu_bu_personal_victories_level_85	As your victories mount, your strength grows – but so does the envy and suspicion of others.	Personal Victories	dlc_05_ph_lu_bu_pooled_personal_victories_resource.png	faction	negative	false
3k_dlc05_effect_bundle_pooled_resource_lu_bu_personal_victories_level_86	As your victories mount, your strength grows – but so does the envy and suspicion of others.	Personal Victories	dlc_05_ph_lu_bu_pooled_personal_victories_resource.png	faction	negative	false
3k_dlc05_effect_bundle_pooled_resource_lu_bu_personal_victories_level_87	As your victories mount, your strength grows – but so does the envy and suspicion of others.	Personal Victories	dlc_05_ph_lu_bu_pooled_personal_victories_resource.png	faction	negative	false
3k_dlc05_effect_bundle_pooled_resource_lu_bu_personal_victories_level_88	As your victories mount, your strength grows – but so does the envy and suspicion of others.	Personal Victories	dlc_05_ph_lu_bu_pooled_personal_victories_resource.png	faction	negative	false
3k_dlc05_effect_bundle_pooled_resource_lu_bu_personal_victories_level_89	As your victories mount, your strength grows – but so does the envy and suspicion of others.	Personal Victories	dlc_05_ph_lu_bu_pooled_personal_victories_resource.png	faction	negative	false
3k_dlc05_effect_bundle_pooled_resource_lu_bu_personal_victories_level_9	As your victories mount, your strength grows – but so does the envy and suspicion of others.	Personal Victories	dlc_05_ph_lu_bu_pooled_personal_victories_resource.png	faction	negative	false
3k_dlc05_effect_bundle_pooled_resource_lu_bu_personal_victories_level_90	As your victories mount, your strength grows – but so does the envy and suspicion of others.	Personal Victories	dlc_05_ph_lu_bu_pooled_personal_victories_resource.png	faction	negative	false
3k_dlc05_effect_bundle_pooled_resource_lu_bu_personal_victories_level_91	As your victories mount, your strength grows – but so does the envy and suspicion of others.	Personal Victories	dlc_05_ph_lu_bu_pooled_personal_victories_resource.png	faction	negative	false
3k_dlc05_effect_bundle_pooled_resource_lu_bu_personal_victories_level_92	As your victories mount, your strength grows – but so does the envy and suspicion of others.	Personal Victories	dlc_05_ph_lu_bu_pooled_personal_victories_resource.png	faction	negative	false
3k_dlc05_effect_bundle_pooled_resource_lu_bu_personal_victories_level_93	As your victories mount, your strength grows – but so does the envy and suspicion of others.	Personal Victories	dlc_05_ph_lu_bu_pooled_personal_victories_resource.png	faction	negative	false
3k_dlc05_effect_bundle_pooled_resource_lu_bu_personal_victories_level_94	As your victories mount, your strength grows – but so does the envy and suspicion of others.	Personal Victories	dlc_05_ph_lu_bu_pooled_personal_victories_resource.png	faction	negative	false
3k_dlc05_effect_bundle_pooled_resource_lu_bu_personal_victories_level_95	As your victories mount, your strength grows – but so does the envy and suspicion of others.	Personal Victories	dlc_05_ph_lu_bu_pooled_personal_victories_resource.png	faction	negative	false
3k_dlc05_effect_bundle_pooled_resource_lu_bu_personal_victories_level_96	As your victories mount, your strength grows – but so does the envy and suspicion of others.	Personal Victories	dlc_05_ph_lu_bu_pooled_personal_victories_resource.png	faction	negative	false
3k_dlc05_effect_bundle_pooled_resource_lu_bu_personal_victories_level_97	As your victories mount, your strength grows – but so does the envy and suspicion of others.	Personal Victories	dlc_05_ph_lu_bu_pooled_personal_victories_resource.png	faction	negative	false
3k_dlc05_effect_bundle_pooled_resource_lu_bu_personal_victories_level_98	As your victories mount, your strength grows – but so does the envy and suspicion of others.	Personal Victories	dlc_05_ph_lu_bu_pooled_personal_victories_resource.png	faction	negative	false
3k_dlc05_effect_bundle_pooled_resource_lu_bu_personal_victories_level_99	As your victories mount, your strength grows – but so does the envy and suspicion of others.	Personal Victories	dlc_05_ph_lu_bu_pooled_personal_victories_resource.png	faction	negative	false
3k_dlc05_effect_bundle_pooled_resource_mercenary_activity_level_1	A contract broken carries with it the final curses of those that died on the battlefield, waiting for relief that never came…	Fame & Fortune: Loathed	mh_political_parties_icon_warlords.png	faction	negative	false
3k_dlc05_effect_bundle_pooled_resource_mercenary_activity_level_2	There are those who doubt you are worth your coin – tread carefully, lest you find yourself out of work.	Fame & Fortune: Despised	mh_political_parties_icon_warlords.png	faction	negative	false
3k_dlc05_effect_bundle_pooled_resource_mercenary_activity_level_3	You are yet to prove your worth. However, that can quickly change.	Fame & Fortune: Unremarkable	mh_political_parties_icon_warlords.png	faction	neutral	false
3k_dlc05_effect_bundle_pooled_resource_mercenary_activity_level_4	The troops serving under you want for nothing, their wallets heavy and their morale high. You enjoy the benefits of your success.	Fame & Fortune: Popular	mh_political_parties_icon_warlords.png	faction	positive	false
3k_dlc05_effect_bundle_pooled_resource_mercenary_activity_level_5	When your banners fly on the battlefield they inspire both pride and terror. Tribute flows to you from a grateful benefactor.	Fame & Fortune: Celebrated	mh_political_parties_icon_warlords.png	faction	positive	false
3k_dlc05_effect_bundle_pooled_resource_pooled_resource_lu_bu_momentum_level_0	You are the wind upon the fields; persistent, but no real threat.	Momentum – Idle Dragon	dlc_05_ph_lu_bu_pooled_resource.png	faction	negative	false
3k_dlc05_effect_bundle_pooled_resource_pooled_resource_lu_bu_momentum_level_1	You are the wind upon the fields; persistent, but no real threat.	Momentum – Idle Dragon	dlc_05_ph_lu_bu_pooled_resource.png	faction	negative	false
3k_dlc05_effect_bundle_pooled_resource_pooled_resource_lu_bu_momentum_level_10	You are thunder from the heavens; the very earth cracks and people fall in droves before your endless assault.	Momentum – Flaming Dragon	dlc_05_ph_lu_bu_pooled_resource.png	faction	negative	false
3k_dlc05_effect_bundle_pooled_resource_pooled_resource_lu_bu_momentum_level_2	You are the wind upon the fields; persistent, but no real threat.	Momentum – Idle Dragon	dlc_05_ph_lu_bu_pooled_resource.png	faction	negative	false
3k_dlc05_effect_bundle_pooled_resource_pooled_resource_lu_bu_momentum_level_3	You are the wind upon the fields; persistent, but no real threat.	Momentum – Idle Dragon	dlc_05_ph_lu_bu_pooled_resource.png	faction	negative	false
3k_dlc05_effect_bundle_pooled_resource_pooled_resource_lu_bu_momentum_level_4	You are the hurricane that sweeps away those foolish enough to stand against your power.	Momentum – Rearing Dragon	dlc_05_ph_lu_bu_pooled_resource.png	faction	negative	false
3k_dlc05_effect_bundle_pooled_resource_pooled_resource_lu_bu_momentum_level_5	You are the hurricane that sweeps away those foolish enough to stand against your power.	Momentum – Rearing Dragon	dlc_05_ph_lu_bu_pooled_resource.png	faction	negative	false
3k_dlc05_effect_bundle_pooled_resource_pooled_resource_lu_bu_momentum_level_6	You are the hurricane that sweeps away those foolish enough to stand against your power.	Momentum – Rearing Dragon	dlc_05_ph_lu_bu_pooled_resource.png	faction	negative	false
3k_dlc05_effect_bundle_pooled_resource_pooled_resource_lu_bu_momentum_level_7	You are the hurricane that sweeps away those foolish enough to stand against your power.	Momentum – Rearing Dragon	dlc_05_ph_lu_bu_pooled_resource.png	faction	negative	false
3k_dlc05_effect_bundle_pooled_resource_pooled_resource_lu_bu_momentum_level_8	What man has built, you easily rend asunder - there are very few with the power to stop your charge.	Momentum – Flaming Dragon	dlc_05_ph_lu_bu_pooled_resource.png	faction	negative	false
3k_dlc05_effect_bundle_pooled_resource_pooled_resource_lu_bu_momentum_level_9	What man has built, you easily rend asunder - there are very few with the power to stop your charge.	Momentum – Flaming Dragon	dlc_05_ph_lu_bu_pooled_resource.png	faction	negative	false
3k_dlc05_effect_bundle_pooled_resource_reckless_luck_level_1_easy	Great misfortune looms over you...	Reckless Luck: Forsaken	3k_main_pooled_resource_heroism.png	faction	positive	false
3k_dlc05_effect_bundle_pooled_resource_reckless_luck_level_1_normal	Great misfortune looms over you...	Reckless Luck: Forsaken	3k_main_pooled_resource_heroism.png	faction	positive	false
3k_dlc05_effect_bundle_pooled_resource_reckless_luck_level_2_easy	Missing supplies, defecting troops, constant opposition - life is nothing but a series of unfortunate events.	Reckless Luck: Very Unlucky	3k_main_pooled_resource_heroism.png	faction	positive	false
3k_dlc05_effect_bundle_pooled_resource_reckless_luck_level_2_normal	Missing supplies, defecting troops, constant opposition – life is nothing but a series of unfortunate events.	Reckless Luck: Very Unlucky	3k_main_pooled_resource_heroism.png	faction	positive	false
3k_dlc05_effect_bundle_pooled_resource_reckless_luck_level_3_easy	Minor accidents and obstacles constantly bar your path.	Reckless Luck: Unlucky	3k_main_pooled_resource_heroism.png	faction	positive	false
3k_dlc05_effect_bundle_pooled_resource_reckless_luck_level_3_normal	Minor accidents and obstacles constantly bar your path.	Reckless Luck: Unlucky	3k_main_pooled_resource_heroism.png	faction	positive	false
3k_dlc05_effect_bundle_pooled_resource_reckless_luck_level_4_easy	You are carried forward by the strength of your own deeds.	Reckless Luck: Out Of Luck	3k_main_pooled_resource_heroism.png	faction	positive	false
3k_dlc05_effect_bundle_pooled_resource_reckless_luck_level_4_normal	You are carried forward by the strength of your own deeds.	Reckless Luck: Out of Luck	3k_main_pooled_resource_heroism.png	faction	positive	false
3k_dlc05_effect_bundle_pooled_resource_reckless_luck_level_5_easy	For every step back you take, fate seems to determined to push you two more forward.	Reckless Luck: Slightyly Lucky	3k_main_pooled_resource_heroism.png	faction	positive	false
3k_dlc05_effect_bundle_pooled_resource_reckless_luck_level_5_normal	For every step back you take, fate seems to determined to push you two more forward.	Reckless Luck: Slightly Lucky	3k_main_pooled_resource_heroism.png	faction	positive	false
3k_dlc05_effect_bundle_pooled_resource_reckless_luck_level_6_easy	Reinforcements and supplies will always arrive just in time, just before disaster. Just.	Reckless Luck: Lucky	3k_main_pooled_resource_heroism.png	faction	positive	false
3k_dlc05_effect_bundle_pooled_resource_reckless_luck_level_6_normal	Reinforcements and supplies will always arrive just in time, just before disaster. Just.	Reckless Luck: Lucky	3k_main_pooled_resource_heroism.png	faction	positive	false
3k_dlc05_effect_bundle_pooled_resource_reckless_luck_level_7_easy	The guarded path is the one least walked. Captured storehouse are bountiful and able men flock to your worthy course.	Reckless Luck: Very Lucky	3k_main_pooled_resource_heroism.png	faction	positive	false
3k_dlc05_effect_bundle_pooled_resource_reckless_luck_level_7_normal	The guarded path is the one least walked. Captured storehouse are bountiful and able men flock to your worthy course.	Reckless Luck: Very Lucky	3k_main_pooled_resource_heroism.png	faction	positive	false
3k_dlc05_effect_bundle_pooled_resource_reckless_luck_level_8_easy	Destiny intervenes on your endeavours – walk the path put before you!	Reckless Luck: Divine Favour	3k_main_pooled_resource_heroism.png	faction	positive	false
3k_dlc05_effect_bundle_pooled_resource_reckless_luck_level_8_normal	Destiny intervenes on your endeavours – walk the path put before you!	Reckless Luck: Divine Favour	3k_main_pooled_resource_heroism.png	faction	positive	false
3k_dlc05_effect_bundle_pooled_resource_shared_expertise	Experience and knowledge are like torches in the night. By placing them together a great bonfire can be made, yielding great wisdom for us all.	Shared Expertise	satisfaction.png	faction	positive	false
3k_dlc05_effect_bundle_pooled_resource_white_tiger_confederation_level_0	To fight alone, to thrive alone; this tiger's mountain is all its own.	Lone White Tiger	3k_main_pooled_resource_cohesion.png	faction	positive	false
3k_dlc05_effect_bundle_pooled_resource_white_tiger_confederation_level_1	Two kindred tigers crouch in wait; two ardent spirits bound by fate.	White Tiger Bond	3k_main_pooled_resource_cohesion.png	faction	positive	false
3k_dlc05_effect_bundle_pooled_resource_white_tiger_confederation_level_2	Tiger, tiger, brave and bold; steer more tigers to the fold.	White Tiger Accord	3k_main_pooled_resource_cohesion.png	faction	positive	false
3k_dlc05_effect_bundle_pooled_resource_white_tiger_confederation_level_3	Fiery, the tigers rise; their thunder roars o'er mountain skies.	White Tiger Union	3k_main_pooled_resource_cohesion.png	faction	positive	false
3k_dlc05_effect_bundle_pooled_resource_white_tiger_confederation_level_4	A mountain may befit one tiger; to sate the many, one needs an empire.	White Tiger Empire	3k_main_pooled_resource_cohesion.png	faction	positive	false
3k_dlc05_effect_bundle_sun_ce_share_expertise	Sharing expertise instantly grants a lot of experience to whomever hears it	Share Expertise	character_experience.png	character	positive	false
3k_dlc05_effect_bundle_supply_stockpile_0_empty_bandits	Reserves in this commandery are depleted. The reserve level in a commandery will make the population feel more secure, or less so, and determines hold-out time when under siege.	Empty (1)	supply_stockpile_capacity.png	province	neutral	false
3k_dlc05_effect_bundle_supply_stockpile_1_limited_bandits	Reserves in this commandery are limited. The reserve level in a commandery will make the population feel more secure, or less so, and determines hold-out time when under siege.	Limited (2)	supply_stockpile_capacity.png	province	neutral	false
3k_dlc05_effect_bundle_supply_stockpile_2_tight_bandits	Reserves in this commandery are tight. The reserve level in a commandery will make the population feel more secure, or less so, and determines hold-out time when under siege.	Tight (3)	supply_stockpile_capacity.png	province	neutral	false
3k_dlc05_effect_bundle_supply_stockpile_3_stable_bandits	Reserves in this commandery are stable. The reserve level in a commandery will make the population feel more secure, or less so, and determines hold-out time when under siege.	Stable (4)	supply_stockpile_capacity.png	province	neutral	false
3k_dlc05_effect_bundle_supply_stockpile_4_supplied_bandits	This commandery is well supplied with reserves. The reserve level in a commandery will make the population feel more secure, or less so, and determines hold-out time when under siege.	Supplied (5)	supply_stockpile_capacity.png	province	neutral	false
3k_dlc05_effect_bundle_supply_stockpile_5_full_bandits	Reserves in this commandery are full. The reserve level in a commandery will make the population feel more secure, or less so, and determines hold-out time when under siege.	Full (6)	supply_stockpile_capacity.png	province	neutral	false
3k_dlc05_effect_bundle_supply_stockpile_6_abundant_bandits	Reserves in this commandery are abundant. The reserve level in a commandery will make the population feel more secure, or less so, and determines hold-out time when under siege.	Abundant (Maximum)	supply_stockpile_capacity.png	province	neutral	false
3k_dlc05_effect_bundle_support_from_abroad	You are receiving financial aid from another faction.	Financial Support	money.png	faction	positive	true
3k_dlc05_effect_bundle_white_tiger_confederation_1	 	 	.	faction	positive	false
3k_dlc05_effect_bundle_white_tiger_confederation_2	 	 	.	faction	positive	false
3k_dlc05_effect_bundle_white_tiger_confederation_3	 	 	.	faction	positive	false
3k_dlc05_effect_bundle_white_tiger_confederation_4	 	 	.	faction	positive	false
3k_dlc05_effect_bundle_white_tiger_confederation_5	 	 	.	faction	positive	false
3k_dlc05_effect_bundle_white_tiger_confederation_6	 	 	.	faction	positive	false
3k_dlc05_effect_bundle_white_tiger_confederation_7	 	 	.	faction	positive	false
3k_dlc05_effect_bundle_white_tiger_confederation_8	 	 	.	faction	positive	false
3k_dlc05_effect_bundle_yellow_turban_economy	 	 	.	faction	neutral	true
3k_dlc05_event_payload_liu_bei_helps_kong_rong	Kong Rong uses his administration skills to improve our situation.	A Friend's Assistance	supply_increase.png	faction	positive	false
3k_dlc05_faction_trait_liu_bei	HIDDEN	HIDDEN	.	faction	positive	false
3k_dlc05_frontend_leader_bundle_lu_bu_ruler	 	 	satisfaction.png	faction	positive	true
3k_dlc05_frontend_leader_bundle_sun_ce_ruler	 	 	satisfaction.png	faction	positive	true
3k_dlc05_frontend_leader_bundle_white_tiger_yan_ruler	 	 	satisfaction.png	faction	positive	true
3k_dlc05_frontend_leader_lu_bu_specialisation	[[b]]Personal Victories[[/b]] and [[b]]Momentum[[/b]] are this faction's unique resources.\n\n[[i]][[col:flavour]]They represent Lü Bu's increasing dominance on the battlefield[[/col]][[/i]]	Personal Victories & Momentum	prestige.png	faction	positive	true
3k_dlc05_frontend_leader_sun_ce_specialisation	[[b]]Reckless Luck[[/b]]is this faction's unique resource.\n\n[[col:flavour]][[i]]Reckless Luck represents Sun Ce's brilliance and reckless nature, that risks eventually catching up with him[[/col]][[/i]]	Reckless Luck	3k_main_pooled_resource_heroism.png	faction	positive	true
3k_dlc05_frontend_leader_white_tiger_yan_specialisation	[[b]]White Tiger Confederation[[/b]] is this faction's unique resource.\n\n[[i]][[col:flavour]]It Represents the size and quality of Yan Baihu's cross-faction collaboration efforts[[/col]][[/i]]	White Tiger Confederation	prestige.png	faction	positive	true
3k_dlc05_introduction_mission_bundle_lu_bu	Cao Cao's former underlings follow you out of fear of retaliation, but their gratitude will not last forever...	Rebel Leader	prestige.png	faction	positive	true
3k_dlc05_introduction_mission_payload_yan_baihu	Keep up your impetus, do not slow down!	Momentum Gained!	army.png	faction	positive	true
3k_dlc05_lu_bu_faction_bundle	Administration is a tedious task, fit only for eunuchs and weaklings.	Chaotic Rule	prestige.png	faction	negative	true
3k_dlc05_mission_payload_yuan_shu_support	Yuan Shu has provided you with the means to conduct war	Yuan Shu Supplies	diplomacy_attitude_effect.png	faction	positive	true
3k_dlc05_payload_faction_attacked_yuan_shu	You have helped put down Yuan Shu, traitor to the empire.	Keeper of the Status Quo	prestige.png	faction	positive	true
3k_dlc05_payload_faction_locust_plague_regional	A huge plague of locusts descends upon this region.	A Plague of Locusts	food.png	region	negative	false
3k_dlc05_payload_pressing_your_reckless_luck	Your good fortune knows no bounds. Risk it all!	Pressing your luck	pooled_resource_heroism.png	faction	positive	true
3k_dlc05_sun_ce_faction_bundle	No rule can be established without capable commanders	Men of Merit	prestige.png	faction	positive	true
3k_dlc05_white_tiger_faction_bundle	HIDDEN	HIDDEN	.	faction	negative	false
3k_dlc05_yuan_shu_faction_bundle	HIDDEN	HIDDEN	.	faction	positive	false
3k_dlc05_zhang_yan_faction_bundle	HIDDEN	HIDDEN	.	faction	negative	false
3k_dlc05_zheng_jiang_faction_bundle	HIDDEN	HIDDEN	.	faction	negative	false
3k_dlc06_bundle_faction_rank_nanman_0	Your power is of little consequence to the world... yet!	Prestige Effects	prestige.png	faction	positive	false
3k_dlc06_bundle_faction_rank_nanman_1	All the land you see is yours.	Prestige Effects	prestige.png	faction	positive	false
3k_dlc06_bundle_faction_rank_nanman_2	The peoples of the Nanman tribes fear and respect you.	Prestige Effects	prestige.png	faction	positive	false
3k_dlc06_bundle_faction_rank_nanman_3	You are the true power in the south.	Prestige Effects	prestige.png	faction	positive	false
3k_dlc06_bundle_faction_rank_nanman_4	You are the greatest ruler.	Prestige Effects	prestige.png	faction	positive	false
3k_dlc06_bundle_faction_rank_nanman_5	You are the greatest ruler.	Prestige Effects	prestige.png	faction	positive	false
3k_dlc06_bundle_faction_rank_shi_xie_1	Your power is of little consequence to the world... yet!	Noble	prestige.png	faction	positive	false
3k_dlc06_bundle_faction_rank_shi_xie_2	You have established yourself as a worthy power.	Second Marquis	prestige.png	faction	positive	false
3k_dlc06_bundle_faction_rank_shi_xie_3	Your have begun your ascent to greatness, but there is much yet to do.	Marquis	prestige.png	faction	positive	false
3k_dlc06_bundle_faction_rank_shi_xie_4	Your accomplishments are great.	Duchy	prestige.png	faction	positive	false
3k_dlc06_bundle_faction_rank_shi_xie_5	Your power is both feared and coveted.	Kindgom	prestige.png	faction	positive	false
3k_dlc06_bundle_stance_army_default_lady_zhurong	Traverses the world as normal. Lady Zhurong and her armies chant to the fire god Zhurong and are in a constant state of combat readiness.	Stance: Chanting Fire	army.png	force	neutral	false
3k_dlc06_dummy_effect_bundle_nanman_siege_actions_confederate	This faction will be consumed; all their lands and family members will join the conquering faction.	Confederate Faction	army.png	faction	positive	false
3k_dlc06_dummy_effect_bundle_nanman_siege_actions_occupy	Gain any Fealties owned by this faction (if the faction is destroyed)	Gain Fealties	prestige.png	faction	positive	false
3k_dlc06_dummy_effect_bundle_nanman_siege_actions_vassalise	This faction will be left alive and become a vassal; paying their master tribute and aiding them in war.	Vassalise Faction	diplomacy_attitude_effect.png	faction	positive	false
3k_dlc06_dummy_effect_bundle_nanman_siege_actions_vassalise_by_han	This faction will be left alive and become a vassal; paying their master tribute and aiding them in war.	Vassalise Faction	diplomacy_attitude_effect.png	faction	positive	false
3k_dlc06_dummy_effect_bundle_shi_xie_non_family_satisfaction_penalty	Your courtiers seem to believe that you only care about your family, and they might be right.	Neglected Courtiers	satisfaction.png	faction	negative	false
3k_dlc06_effect_bundle_character_incident_force_morale	The soldiers serving under such a general rarely find themselves wanting or feeling dissatisfied.	The General Provides	morale.png	force	positive	true
3k_dlc06_effect_bundle_character_incident_lower_satisfaction	This person has seen portents that have given them reason to doubt themselves.	Ill-Fated Omen	satisfaction.png	character	negative	true
3k_dlc06_effect_bundle_faction_king_meng_huo_fealty_bonus	There can only be one!	King of Kings	mh_political_influence.png	faction	positive	false
3k_dlc06_effect_bundle_factional_nanman_king_mulu_rituals_dragon_1	The dragon brings wealth, success and prosperity.	Ritual of the Dragon	king_mulu_pooled_resource.png	faction	positive	false
3k_dlc06_effect_bundle_factional_nanman_king_mulu_rituals_dragon_2	The dragon brings wealth, success and prosperity.	Ritual of the Dragon	king_mulu_pooled_resource.png	faction	positive	false
3k_dlc06_effect_bundle_factional_nanman_king_mulu_rituals_dragon_3	The dragon brings wealth, success and prosperity.	Ritual of the Dragon	king_mulu_pooled_resource.png	faction	positive	false
3k_dlc06_effect_bundle_factional_nanman_king_mulu_rituals_dragon_4	The dragon brings wealth, success and prosperity.	Ritual of the Dragon	king_mulu_pooled_resource.png	faction	positive	false
3k_dlc06_effect_bundle_factional_nanman_king_mulu_rituals_eagle_1	From the glint of an eagle's eye it sees all the lands arrayed below it.	Ritual of the Eagle	king_mulu_pooled_resource.png	faction	positive	false
3k_dlc06_effect_bundle_factional_nanman_king_mulu_rituals_eagle_2	From the glint of an eagle's eye it sees all the lands arrayed below it.	Ritual of the Eagle	king_mulu_pooled_resource.png	faction	positive	false
3k_dlc06_effect_bundle_factional_nanman_king_mulu_rituals_eagle_3	From the glint of an eagle's eye it sees all the lands arrayed below it.	Ritual of the Eagle	king_mulu_pooled_resource.png	faction	positive	false
3k_dlc06_effect_bundle_factional_nanman_king_mulu_rituals_eagle_4	From the glint of an eagle's eye it sees all the lands arrayed below it.	Ritual of the Eagle	king_mulu_pooled_resource.png	faction	positive	false
3k_dlc06_effect_bundle_factional_nanman_king_mulu_rituals_elephant_1	Be like the elephant, who remembers all and learns from their past.	Ritual of the Elephant	king_mulu_pooled_resource.png	faction	positive	false
3k_dlc06_effect_bundle_factional_nanman_king_mulu_rituals_elephant_2	Be like the elephant, who remembers all and learns from their past.	Ritual of the Elephant	king_mulu_pooled_resource.png	faction	positive	false
3k_dlc06_effect_bundle_factional_nanman_king_mulu_rituals_elephant_3	Be like the elephant, who remembers all and learns from their past.	Ritual of the Elephant	king_mulu_pooled_resource.png	faction	positive	false
3k_dlc06_effect_bundle_factional_nanman_king_mulu_rituals_elephant_4	Be like the elephant, who remembers all and learns from their past.	Ritual of the Elephant	king_mulu_pooled_resource.png	faction	positive	false
3k_dlc06_effect_bundle_factional_nanman_king_mulu_rituals_fish_1	The water flows, and the fish flows with it, its destination never in doubt.	Ritual of the Fish	king_mulu_pooled_resource.png	faction	positive	false
3k_dlc06_effect_bundle_factional_nanman_king_mulu_rituals_fish_2	The water flows, and the fish flows with it, its destination never in doubt.	Ritual of the Fish	king_mulu_pooled_resource.png	faction	positive	false
3k_dlc06_effect_bundle_factional_nanman_king_mulu_rituals_fish_3	The water flows, and the fish flows with it, its destination never in doubt.	Ritual of the Fish	king_mulu_pooled_resource.png	faction	positive	false
3k_dlc06_effect_bundle_factional_nanman_king_mulu_rituals_fish_4	The water flows, and the fish flows with it, its destination never in doubt.	Ritual of the Fish	king_mulu_pooled_resource.png	faction	positive	false
3k_dlc06_effect_bundle_factional_nanman_king_mulu_rituals_goat_1	The goat never loses balance, and is sure-footed on even the greatest precipice.	Ritual of the Goat	king_mulu_pooled_resource.png	faction	positive	false
3k_dlc06_effect_bundle_factional_nanman_king_mulu_rituals_goat_2	The goat never loses balance, and is sure-footed on even the greatest precipice.	Ritual of the Goat	king_mulu_pooled_resource.png	faction	positive	false
3k_dlc06_effect_bundle_factional_nanman_king_mulu_rituals_goat_3	The goat never loses balance, and is sure-footed on even the greatest precipice.	Ritual of the Goat	king_mulu_pooled_resource.png	faction	positive	false
3k_dlc06_effect_bundle_factional_nanman_king_mulu_rituals_goat_4	The goat never loses balance, and is sure-footed on even the greatest precipice.	Ritual of the Goat	king_mulu_pooled_resource.png	faction	positive	false
3k_dlc06_effect_bundle_factional_nanman_king_mulu_rituals_monkey_1	If it is intelligence you seek, you should observe the monkey, the most cunning of all creatures.	Ritual of the Monkey	king_mulu_pooled_resource.png	faction	positive	false
3k_dlc06_effect_bundle_factional_nanman_king_mulu_rituals_monkey_2	If it is intelligence you seek, you should observe the monkey, the most cunning of all creatures.	Ritual of the Monkey	king_mulu_pooled_resource.png	faction	positive	false
3k_dlc06_effect_bundle_factional_nanman_king_mulu_rituals_monkey_3	If it is intelligence you seek, you should observe the monkey, the most cunning of all creatures.	Ritual of the Monkey	king_mulu_pooled_resource.png	faction	positive	false
3k_dlc06_effect_bundle_factional_nanman_king_mulu_rituals_monkey_4	If it is intelligence you seek, you should observe the monkey, the most cunning of all creatures.	Ritual of the Monkey	king_mulu_pooled_resource.png	faction	positive	false
3k_dlc06_effect_bundle_factional_nanman_king_mulu_rituals_ox_1	The ox toils hard in the field, and shows the value of dedication.	Ritual of the Ox	king_mulu_pooled_resource.png	faction	positive	false
3k_dlc06_effect_bundle_factional_nanman_king_mulu_rituals_ox_2	The ox toils hard in the field, and shows the value of dedication.	Ritual of the Ox	king_mulu_pooled_resource.png	faction	positive	false
3k_dlc06_effect_bundle_factional_nanman_king_mulu_rituals_ox_3	The ox toils hard in the field, and shows the value of dedication.	Ritual of the Ox	king_mulu_pooled_resource.png	faction	positive	false
3k_dlc06_effect_bundle_factional_nanman_king_mulu_rituals_ox_4	The ox toils hard in the field, and shows the value of dedication.	Ritual of the Ox	king_mulu_pooled_resource.png	faction	positive	false
3k_dlc06_effect_bundle_factional_nanman_king_mulu_rituals_tiger_1	Be invisible, like the tiger, who stalks its prey with practiced ease.	Ritual of the Tiger	king_mulu_pooled_resource.png	faction	positive	false
3k_dlc06_effect_bundle_factional_nanman_king_mulu_rituals_tiger_2	Be invisible, like the tiger, who stalks its prey with practiced ease.	Ritual of the Tiger	king_mulu_pooled_resource.png	faction	positive	false
3k_dlc06_effect_bundle_factional_nanman_king_mulu_rituals_tiger_3	Be invisible, like the tiger, who stalks its prey with practiced ease.	Ritual of the Tiger	king_mulu_pooled_resource.png	faction	positive	false
3k_dlc06_effect_bundle_factional_nanman_king_mulu_rituals_tiger_4	Be invisible, like the tiger, who stalks its prey with practiced ease.	Ritual of the Tiger	king_mulu_pooled_resource.png	faction	positive	false
3k_dlc06_effect_bundle_goddess_of_fire_kindle_army	PH	Kindle	.	force	positive	false
3k_dlc06_effect_bundle_goddess_of_fire_season_fall_records	The world turns to the colour of bronze as the powerful heat of summer ebbs away into the horizon.	Autumn	3k_dlc06_lady_zhurongs_pooled_resource.png	faction	neutral	true
3k_dlc06_effect_bundle_goddess_of_fire_season_fall_romance	The world turns to the colour of bronze as the powerful heat of summer ebbs away into the horizon.	Autumn	3k_dlc06_lady_zhurongs_pooled_resource.png	faction	neutral	true
3k_dlc06_effect_bundle_goddess_of_fire_season_harvest	The bounties of the earth have burst forth; as the world cools, we receive the rewards of our toil in the field.	Harvest	3k_dlc06_lady_zhurongs_pooled_resource.png	faction	neutral	true
3k_dlc06_effect_bundle_goddess_of_fire_season_spring	Winter's sharp edge is dulled, and nature cautiously peers eagerly from branch and burrow.	Spring	3k_dlc06_lady_zhurongs_pooled_resource.png	faction	neutral	true
3k_dlc06_effect_bundle_goddess_of_fire_season_summer	The heat on high pounds down upon the land, and all wilts beneath its humid power.	Summer	3k_dlc06_lady_zhurongs_pooled_resource.png	faction	neutral	true
3k_dlc06_effect_bundle_goddess_of_fire_season_winter	The glint of winter's blade is seen once more, a piercing cold that drives to the very core.	Winter	3k_dlc06_lady_zhurongs_pooled_resource.png	faction	neutral	true
3k_dlc06_effect_bundle_goddess_of_fire_wild_fire_army	PH	Wild Fire	.	force	positive	false
3k_dlc06_effect_bundle_goddess_of_fire_wild_fire_burn_out	You have overextended yourself; your fire needs time to recover before it can ignite once more.	Burnout	3k_dlc06_lady_zhurongs_pooled_resource.png	faction	negative	true
3k_dlc06_effect_bundle_goddess_of_fire_wild_fire_region_base	PH	Wild Fire	placeholder.png	region	positive	true
3k_dlc06_effect_bundle_goddess_of_fire_wild_fire_region_construction_1	PH	Wild Fire	placeholder.png	region	positive	true
3k_dlc06_effect_bundle_goddess_of_fire_wild_fire_region_construction_2	PH	Wild Fire	placeholder.png	region	positive	true
3k_dlc06_effect_bundle_goddess_of_fire_wild_fire_region_military_1	PH	Wild Fire	placeholder.png	region	positive	true
3k_dlc06_effect_bundle_goddess_of_fire_wild_fire_region_military_2	PH	Wild Fire	placeholder.png	region	positive	true
3k_dlc06_effect_bundle_goddess_of_fire_wild_fire_region_population_1	PH	Wild Fire	placeholder.png	region	positive	true
3k_dlc06_effect_bundle_goddess_of_fire_wild_fire_region_population_2	PH	Wild Fire	placeholder.png	region	positive	true
3k_dlc06_effect_bundle_goddess_of_fire_wild_fire_season_fall_records	Whilst Wild Fire is activated, your armies are all but unbeatable in the field.	Wild Fire – Autumn	3k_dlc06_lady_zhurongs_pooled_resource.png	faction	positive	true
3k_dlc06_effect_bundle_goddess_of_fire_wild_fire_season_fall_records_decay	 	Wild Fire Decay – Autumn	.	faction	positive	false
3k_dlc06_effect_bundle_goddess_of_fire_wild_fire_season_fall_romance	Whilst Wild Fire is activated, your armies are all but unbeatable in the field.	Wild Fire – Autumn	3k_dlc06_lady_zhurongs_pooled_resource.png	faction	positive	true
3k_dlc06_effect_bundle_goddess_of_fire_wild_fire_season_fall_romance_decay	 	Wild Fire Decay – Autumn	.	faction	positive	false
3k_dlc06_effect_bundle_goddess_of_fire_wild_fire_season_harvest	Whilst Wild Fire is activated, your armies are all but unbeatable in the field.	Wild Fire – Harvest	3k_dlc06_lady_zhurongs_pooled_resource.png	faction	positive	true
3k_dlc06_effect_bundle_goddess_of_fire_wild_fire_season_harvest_decay	 	Wild Fire Decay – Harvest	.	faction	positive	false
3k_dlc06_effect_bundle_goddess_of_fire_wild_fire_season_spring	Whilst Wild Fire is activated, your armies are all but unbeatable in the field.	Wild Fire – Spring	3k_dlc06_lady_zhurongs_pooled_resource.png	faction	positive	true
3k_dlc06_effect_bundle_goddess_of_fire_wild_fire_season_spring_decay	 	Wild Fire Decay – Spring	.	faction	positive	false
3k_dlc06_effect_bundle_goddess_of_fire_wild_fire_season_summer	Whilst Wild Fire is activated, your armies are all but unbeatable in the field.	Wild Fire – Summer	3k_dlc06_lady_zhurongs_pooled_resource.png	faction	positive	true
3k_dlc06_effect_bundle_goddess_of_fire_wild_fire_season_summer_decay	 	Wild Fire Decay – Summer	.	faction	positive	false
3k_dlc06_effect_bundle_goddess_of_fire_wild_fire_season_winter	Whilst Wild Fire is activated, your armies are all but unbeatable in the field.	Wild Fire – Winter	3k_dlc06_lady_zhurongs_pooled_resource.png	faction	positive	true
3k_dlc06_effect_bundle_goddess_of_fire_wild_fire_season_winter_decay	 	Wild Fire Decay – Winter	.	faction	positive	false
3k_dlc06_effect_bundle_meng_huo_faction_bundle	King Meng Huo knows who his friends are...	King of the Man	flag.png	faction	positive	true
3k_dlc06_effect_bundle_nanman_factions_handicap	HIDDEN	HIDDEN	.	faction	negative	false
3k_dlc06_effect_bundle_pooled_resource_goddess_of_fire_level_1	All great infernos must begin as quiet embers, barely crackling above the noise of the world.	Kindled Ember	3k_dlc06_lady_zhurongs_pooled_resource.png	faction	positive	false
3k_dlc06_effect_bundle_pooled_resource_goddess_of_fire_level_2	A single flame, though small at first, is enough to eventually engulf the world.	Growing Flame	3k_dlc06_lady_zhurongs_pooled_resource.png	faction	positive	false
3k_dlc06_effect_bundle_pooled_resource_goddess_of_fire_level_3	Once a light is struck, the resulting flame only grows, threatening to consume all it touches.	Rising Fire	3k_dlc06_lady_zhurongs_pooled_resource.png	faction	positive	false
3k_dlc06_effect_bundle_pooled_resource_goddess_of_fire_level_4	A conflagration spirals out of control, feeding on the wind and the earth. It is unstoppable.	Unstable Inferno	3k_dlc06_lady_zhurongs_pooled_resource.png	faction	positive	false
3k_dlc06_effect_bundle_pooled_resource_mulu_pride_level_1	You are mighty, but the world has yet to see your victories and know your power.	Barely Recognised	disciplined.png	faction	neutral	false
3k_dlc06_effect_bundle_pooled_resource_mulu_pride_level_2	There is some talk of your skill, and your value. Some have come to serve you, but more are needed.	Increasingly Known	disciplined.png	faction	neutral	false
3k_dlc06_effect_bundle_pooled_resource_mulu_pride_level_3	To know you is to know just what you represent, and that to fight for you would be wise and honourable indeed.	Widely Acknowledged	disciplined.png	faction	neutral	false
3k_dlc06_effect_bundle_pooled_resource_mulu_pride_level_4	Such is your immense ability and prestige, that all fall over themselves to serve and fight for you.	Profoundly Respected	disciplined.png	faction	positive	false
3k_dlc06_effect_bundle_pooled_resource_mulu_rituals_level_0	HIDDEN	HIDDEN	.	faction	neutral	false
3k_dlc06_effect_bundle_pooled_resource_mulu_rituals_level_1	HIDDEN	HIDDEN	.	faction	neutral	false
3k_dlc06_effect_bundle_pooled_resource_mulu_rituals_level_2	HIDDEN	HIDDEN	.	faction	neutral	false
3k_dlc06_effect_bundle_pooled_resource_mulu_rituals_level_3	HIDDEN	HIDDEN	.	faction	neutral	false
3k_dlc06_effect_bundle_pooled_resource_mulu_rituals_level_4	HIDDEN	HIDDEN	.	faction	neutral	false
3k_dlc06_effect_bundle_pooled_resource_mulu_rituals_level_5	HIDDEN	HIDDEN	.	faction	neutral	false
3k_dlc06_effect_bundle_pooled_resource_mulu_rituals_level_6	HIDDEN	HIDDEN	.	faction	neutral	false
3k_dlc06_effect_bundle_pooled_resource_mulu_rituals_level_7	HIDDEN	HIDDEN	.	faction	neutral	false
3k_dlc06_effect_bundle_pooled_resource_mulu_rituals_level_8	HIDDEN	HIDDEN	.	faction	neutral	false
3k_dlc06_effect_bundle_pooled_resource_shi_xie_family_member_faction_leaders_level_0	Family members who are faction leaders (vassals or independent) generate bonus Splendour for your faction.\nThis bonus increases per member, up to 5 family member faction leaders.\nCurrent family member faction leaders: 0	Splendour from Faction Leaders	3k_dlc06_shi_xie_pooled_resource.png	faction	positive	true
3k_dlc06_effect_bundle_pooled_resource_shi_xie_family_member_faction_leaders_level_1	Family members who are faction leaders (vassals or independent) generate bonus Splendour for your faction.\nThis bonus increases per member, up to 5 family member faction leaders.\nCurrent family member faction leaders: 1	Splendour from Faction Leaders	3k_dlc06_shi_xie_pooled_resource.png	faction	positive	true
3k_dlc06_effect_bundle_pooled_resource_shi_xie_family_member_faction_leaders_level_2	Family members who are faction leaders (vassals or independent) generate bonus Splendour for your faction.\nThis bonus increases per member, up to 5 family member faction leaders.\nCurrent family member faction leaders: 2	Splendour from Faction Leaders	3k_dlc06_shi_xie_pooled_resource.png	faction	positive	true
3k_dlc06_effect_bundle_pooled_resource_shi_xie_family_member_faction_leaders_level_3	Family members who are faction leaders (vassals or independent) generate bonus Splendour for your faction.\nThis bonus increases per member, up to 5 family member faction leaders.\nCurrent family member faction leaders: 3	Splendour from Faction Leaders	3k_dlc06_shi_xie_pooled_resource.png	faction	positive	true
3k_dlc06_effect_bundle_pooled_resource_shi_xie_family_member_faction_leaders_level_4	Family members who are faction leaders (vassals or independent) generate bonus Splendour for your faction.\nThis bonus increases per member, up to 5 family member faction leaders.\nCurrent family member faction leaders: 4	Splendour from Faction Leaders	3k_dlc06_shi_xie_pooled_resource.png	faction	positive	true
3k_dlc06_effect_bundle_pooled_resource_shi_xie_family_member_faction_leaders_level_5	Family members who are faction leaders (vassals or independent) generate bonus Splendour for your faction.\nThis bonus increases per member, up to 5 family member faction leaders.\nCurrent family member faction leaders: 5	Splendour from Faction Leaders	3k_dlc06_shi_xie_pooled_resource.png	faction	positive	true
3k_dlc06_effect_bundle_pooled_resource_shi_xie_family_member_faction_leaders_level_6	Family members who are faction leaders (vassals or independent) generate bonus Splendour for your faction.\nThis bonus increases per member, up to 5 family member faction leaders.\nCurrent family member faction leaders: 5+	Splendour from Faction Leaders	3k_dlc06_shi_xie_pooled_resource.png	faction	positive	true
3k_dlc06_effect_bundle_pooled_resource_smouldering_fire_level_0	{{tr:pooled_resource_effect_bundle_smouldering_fire_description}}	{{tr:pooled_resource_effect_bundle_smouldering_fire_title}}	.	faction	negative	false
3k_dlc06_effect_bundle_pooled_resource_smouldering_fire_level_1	{{tr:pooled_resource_effect_bundle_smouldering_fire_description}}	{{tr:pooled_resource_effect_bundle_smouldering_fire_title}}	military.png	faction	negative	true
3k_dlc06_effect_bundle_pooled_resource_smouldering_fire_level_2	{{tr:pooled_resource_effect_bundle_smouldering_fire_description}}	{{tr:pooled_resource_effect_bundle_smouldering_fire_title}}	military.png	faction	negative	true
3k_dlc06_effect_bundle_pooled_resource_smouldering_fire_level_3	{{tr:pooled_resource_effect_bundle_smouldering_fire_description}}	{{tr:pooled_resource_effect_bundle_smouldering_fire_title}}	military.png	faction	negative	true
3k_dlc06_effect_bundle_pooled_resource_smouldering_fire_level_4	{{tr:pooled_resource_effect_bundle_smouldering_fire_description}}	{{tr:pooled_resource_effect_bundle_smouldering_fire_title}}	military.png	faction	negative	true
3k_dlc06_effect_bundle_pooled_resource_smouldering_fire_level_5	{{tr:pooled_resource_effect_bundle_smouldering_fire_description}}	{{tr:pooled_resource_effect_bundle_smouldering_fire_title}}	military.png	faction	negative	true
3k_dlc06_effect_bundle_pooled_resource_smouldering_fire_level_6	{{tr:pooled_resource_effect_bundle_smouldering_fire_description}}	{{tr:pooled_resource_effect_bundle_smouldering_fire_title}}	military.png	faction	negative	true
3k_dlc06_effect_bundle_pooled_resource_smouldering_fire_level_7	{{tr:pooled_resource_effect_bundle_smouldering_fire_description}}	{{tr:pooled_resource_effect_bundle_smouldering_fire_title}}	military.png	faction	negative	true
3k_dlc06_effect_bundle_pooled_resource_smouldering_fire_level_8	{{tr:pooled_resource_effect_bundle_smouldering_fire_description}}	{{tr:pooled_resource_effect_bundle_smouldering_fire_title}}	military.png	faction	negative	true
3k_dlc06_effect_bundle_pooled_resource_smouldering_fire_level_9	{{tr:pooled_resource_effect_bundle_smouldering_fire_description}}	{{tr:pooled_resource_effect_bundle_smouldering_fire_title}}	military.png	faction	negative	true
3k_dlc06_effect_bundle_pooled_resource_splendour_level_1	Your domain holds few beauties and riches. Those who pass through it leave unimpressed, and those who do not come will never hear of it.	Unnoticeable	3k_dlc06_shi_xie_pooled_resource.png	faction	neutral	false
3k_dlc06_effect_bundle_pooled_resource_splendour_level_2	Your domain is impressive to behold. It is a veritable hub of trade, culture and study. Those who inhabit it observe with reverence, and your land draws in immigrants and passersby in droves.	Dazzling	3k_dlc06_shi_xie_pooled_resource.png	faction	neutral	false
3k_dlc06_effect_bundle_pooled_resource_splendour_level_3	Your domain is of legendary beauty and affluence. Those who pass through it rarely leave, and your legend will echo through the ages.	Godlike	3k_dlc06_shi_xie_pooled_resource.png	faction	neutral	false
3k_dlc06_effect_bundle_population_nanman_city_high	This city is a populous hive of activity, a centre of commerce and culture in which the lowest of commoners co-exists with the mightiest of nobles.	Populous (15)	population_capacity.png	province	neutral	false
3k_dlc06_effect_bundle_population_nanman_city_low	This city is bustling with activity, its diverse population living their lives and plying their trades day-to-day.	Bustling (13)	population_capacity.png	province	neutral	false
3k_dlc06_effect_bundle_population_nanman_city_medium	This city is bustling with activity, its diverse population living their lives and plying their trades day-to-day.	Bustling (14)	population_capacity.png	province	neutral	false
3k_dlc06_effect_bundle_population_nanman_city_super_high	This city is a populous hive of activity, a centre of commerce and culture in which the lowest of commoners co-exists with the mightiest of nobles.	Populous (17)	population_capacity.png	province	neutral	false
3k_dlc06_effect_bundle_population_nanman_city_very_high	This city is a populous hive of activity, a centre of commerce and culture in which the lowest of commoners co-exists with the mightiest of nobles.	Populous (16)	population_capacity.png	province	neutral	false
3k_dlc06_effect_bundle_population_nanman_city_very_low	This city is bustling with activity, its diverse population living their lives and plying their trades day-to-day.	Bustling (12)	population_capacity.png	province	neutral	false
3k_dlc06_effect_bundle_population_nanman_metropolis_high	This metropolis is marvellous to behold, a dense and vibrant collection of interesting people and wondrous places.	Vibrant (Maximum)	population_capacity.png	province	neutral	false
3k_dlc06_effect_bundle_population_nanman_metropolis_low	This metropolis is marvellous to behold, a dense and vibrant collection of interesting people and wondrous places.	Vibrant (18)	population_capacity.png	province	neutral	false
3k_dlc06_effect_bundle_population_nanman_metropolis_medium	This metropolis is marvellous to behold, a dense and vibrant collection of interesting people and wondrous places.	Vibrant (19)	population_capacity.png	province	neutral	false
3k_dlc06_effect_bundle_population_nanman_town_high	This town is busy with the comings and goings of merchants, artisans and nobles alike.	Busy (9)	population_capacity.png	province	neutral	false
3k_dlc06_effect_bundle_population_nanman_town_low	This town hums with an energy befitting a small yet well-established settlement.	Established (7)	population_capacity.png	province	neutral	false
3k_dlc06_effect_bundle_population_nanman_town_medium	This town hums with an energy befitting a small yet well-established settlement.	Established (8)	population_capacity.png	province	neutral	false
3k_dlc06_effect_bundle_population_nanman_town_super_high	This town is busy with the comings and goings of merchants, artisans and nobles alike.	Busy (11)	population_capacity.png	province	neutral	false
3k_dlc06_effect_bundle_population_nanman_town_very_high	This town is busy with the comings and goings of merchants, artisans and nobles alike.	Busy (10)	population_capacity.png	province	neutral	false
3k_dlc06_effect_bundle_population_nanman_town_very_low	This town hums with an energy befitting a small yet well-established settlement.	Established (6)	population_capacity.png	province	neutral	false
3k_dlc06_effect_bundle_population_nanman_village_high	This village is a meagre yet promising community of commoners and artisans.	Meagre (3)	population_capacity.png	province	neutral	false
3k_dlc06_effect_bundle_population_nanman_village_low	This village is but a scattered collection of country homes and hovels.	Scattered (1)	population_capacity.png	province	neutral	false
3k_dlc06_effect_bundle_population_nanman_village_medium	This village is but a scattered collection of country homes and hovels.	Scattered (2)	population_capacity.png	province	neutral	false
3k_dlc06_effect_bundle_population_nanman_village_super_high	This village is a meagre yet promising community of commoners and artisans.	Meagre (5)	population_capacity.png	province	neutral	false
3k_dlc06_effect_bundle_population_nanman_village_very_high	This village is a meagre yet promising community of commoners and artisans.	Meagre (4)	population_capacity.png	province	neutral	false
3k_dlc06_effect_bundle_population_nanman_village_very_low	This village is but a scattered collection of country homes and hovels.	Scattered (0)	population_capacity.png	province	neutral	false
3k_dlc06_effect_bundle_province_jiaozhi_jiuzhen	Jiuzhen	Jiuzhen	building_slot_unlocks.png	region	neutral	false
3k_dlc06_effect_bundle_province_jiaozhi_yongchang	Yongchang	Yongchang	building_slot_unlocks.png	region	neutral	false
3k_dlc06_effect_bundle_province_jiaozhi_yunnan	Yunnan	Yunnan	building_slot_unlocks.png	region	neutral	false
3k_dlc06_effect_bundle_province_xu_xiapi	Xiapi	Xiapi	building_slot_unlocks.png	region	neutral	false
3k_dlc06_effect_bundle_province_you_liadong	Liadong	Liadong	building_slot_unlocks.png	region	neutral	false
3k_dlc06_effect_bundle_region_gdp_nanman_city_high	This city is a populous hive of activity, a centre of commerce and culture in which the lowest of commoners co-exists with the mightiest of nobles.	Populous (15)	population_capacity.png	region	neutral	false
3k_dlc06_effect_bundle_region_gdp_nanman_city_low	This city is bustling with activity, its diverse population living their lives and plying their trades day-to-day.	Bustling (13)	population_capacity.png	region	neutral	false
3k_dlc06_effect_bundle_region_gdp_nanman_city_medium	This city is bustling with activity, its diverse population living their lives and plying their trades day-to-day.	Bustling (14)	population_capacity.png	region	neutral	false
3k_dlc06_effect_bundle_region_gdp_nanman_city_super_high	This city is a populous hive of activity, a centre of commerce and culture in which the lowest of commoners co-exists with the mightiest of nobles.	Populous (17)	population_capacity.png	region	neutral	false
3k_dlc06_effect_bundle_region_gdp_nanman_city_very_high	This city is a populous hive of activity, a centre of commerce and culture in which the lowest of commoners co-exists with the mightiest of nobles.	Populous (16)	population_capacity.png	region	neutral	false
3k_dlc06_effect_bundle_region_gdp_nanman_city_very_low	This city is bustling with activity, its diverse population living their lives and plying their trades day-to-day.	Bustling (12)	population_capacity.png	region	neutral	false
3k_dlc06_effect_bundle_region_gdp_nanman_metropolis_high	This metropolis is marvellous to behold, a dense and vibrant collection of interesting people and wondrous places.	Vibrant (Maximum)	population_capacity.png	region	neutral	false
3k_dlc06_effect_bundle_region_gdp_nanman_metropolis_low	This metropolis is marvellous to behold, a dense and vibrant collection of interesting people and wondrous places.	Vibrant (18)	population_capacity.png	region	neutral	false
3k_dlc06_effect_bundle_region_gdp_nanman_metropolis_medium	This metropolis is marvellous to behold, a dense and vibrant collection of interesting people and wondrous places.	Vibrant (19)	population_capacity.png	region	neutral	false
3k_dlc06_effect_bundle_region_gdp_nanman_town_high	This town is busy with the comings and goings of merchants, artisans and nobles alike.	Busy (9)	population_capacity.png	region	neutral	false
3k_dlc06_effect_bundle_region_gdp_nanman_town_low	This town hums with an energy befitting a small yet well-established settlement.	Established (7)	population_capacity.png	region	neutral	false
3k_dlc06_effect_bundle_region_gdp_nanman_town_medium	This town hums with an energy befitting a small yet well-established settlement.	Established (8)	population_capacity.png	region	neutral	false
3k_dlc06_effect_bundle_region_gdp_nanman_town_super_high	This town is busy with the comings and goings of merchants, artisans and nobles alike.	Busy (11)	population_capacity.png	region	neutral	false
3k_dlc06_effect_bundle_region_gdp_nanman_town_very_high	This town is busy with the comings and goings of merchants, artisans and nobles alike.	Busy (10)	population_capacity.png	region	neutral	false
3k_dlc06_effect_bundle_region_gdp_nanman_town_very_low	This town hums with an energy befitting a small yet well-established settlement.	Established (6)	population_capacity.png	region	neutral	false
3k_dlc06_effect_bundle_region_gdp_nanman_village_high	This village is a meagre yet promising community of commoners and artisans.	Meagre (3)	population_capacity.png	region	neutral	false
3k_dlc06_effect_bundle_region_gdp_nanman_village_low	This village is but a scattered collection of country homes and hovels.	Scattered (1)	population_capacity.png	region	neutral	false
3k_dlc06_effect_bundle_region_gdp_nanman_village_medium	This village is but a scattered collection of country homes and hovels.	Scattered (2)	population_capacity.png	region	neutral	false
3k_dlc06_effect_bundle_region_gdp_nanman_village_super_high	This village is a meagre yet promising community of commoners and artisans.	Meagre (5)	population_capacity.png	region	neutral	false
3k_dlc06_effect_bundle_region_gdp_nanman_village_very_high	This village is a meagre yet promising community of commoners and artisans.	Meagre (4)	population_capacity.png	region	neutral	false
3k_dlc06_effect_bundle_region_gdp_nanman_village_very_low	This village is but a scattered collection of country homes and hovels.	Scattered (0)	population_capacity.png	region	neutral	false
3k_dlc06_effect_bundle_region_jungle_dummy	Dense thickets and oppressive humidity resist every step, whilst unknown dangers lurk behind every branch and bush...	Dense Jungle	dlc06_dense_jungle.png	region	neutral	true
3k_dlc06_effect_bundle_region_jungle_han	Dense thickets and oppressive humidity resist every step, whilst unknown dangers lurk behind every branch and bush...	Dense Jungle	dlc06_dense_jungle.png	force	negative	true
3k_dlc06_effect_bundle_region_jungle_nanman	Dense thickets and oppressive humidity resist every step, whilst unknown dangers lurk behind every branch and bush...	Dense Jungle	dlc06_dense_jungle.png	force	positive	true
3k_dlc06_effect_bundle_region_nanman_lands	These lands have belonged to the Nanman since time immemorial. They are well cared for, and provide boons to those who own them.	Nanman Lands	dlc06_nanman_territory.png	region	positive	true
3k_dlc06_effect_bundle_shamoke_confederate_00	Some are not capable of servitude, so sometimes the 'direct approach' is the only available method.	Domination	3k_dlc06_king_shamoke_pooled_resource_domination.png	faction	positive	true
3k_dlc06_effect_bundle_shamoke_confederate_01	Some are not capable of servitude, so sometimes the 'direct approach' is the only available method.	Domination	3k_dlc06_king_shamoke_pooled_resource_domination.png	faction	positive	true
3k_dlc06_effect_bundle_shamoke_confederate_02	Some are not capable of servitude, so sometimes the 'direct approach' is the only available method.	Domination	3k_dlc06_king_shamoke_pooled_resource_domination.png	faction	positive	true
3k_dlc06_effect_bundle_shamoke_confederate_03	Some are not capable of servitude, so sometimes the 'direct approach' is the only available method.	Domination	3k_dlc06_king_shamoke_pooled_resource_domination.png	faction	positive	true
3k_dlc06_effect_bundle_shamoke_confederate_04	Some are not capable of servitude, so sometimes the 'direct approach' is the only available method.	Domination	3k_dlc06_king_shamoke_pooled_resource_domination.png	faction	positive	true
3k_dlc06_effect_bundle_shamoke_confederate_05	Some are not capable of servitude, so sometimes the 'direct approach' is the only available method.	Domination	3k_dlc06_king_shamoke_pooled_resource_domination.png	faction	positive	true
3k_dlc06_effect_bundle_shamoke_confederate_06	Some are not capable of servitude, so sometimes the 'direct approach' is the only available method.	Domination	3k_dlc06_king_shamoke_pooled_resource_domination.png	faction	positive	true
3k_dlc06_effect_bundle_shamoke_confederate_07	Some are not capable of servitude, so sometimes the 'direct approach' is the only available method.	Domination	3k_dlc06_king_shamoke_pooled_resource_domination.png	faction	positive	true
3k_dlc06_effect_bundle_shamoke_confederate_08	Some are not capable of servitude, so sometimes the 'direct approach' is the only available method.	Domination	3k_dlc06_king_shamoke_pooled_resource_domination.png	faction	positive	true
3k_dlc06_effect_bundle_shamoke_confederate_09	Some are not capable of servitude, so sometimes the 'direct approach' is the only available method.	Domination	3k_dlc06_king_shamoke_pooled_resource_domination.png	faction	positive	true
3k_dlc06_effect_bundle_shamoke_confederate_10	Some are not capable of servitude, so sometimes the 'direct approach' is the only available method.	Domination	3k_dlc06_king_shamoke_pooled_resource_domination.png	faction	positive	true
3k_dlc06_effect_bundle_shamoke_conservative	You have chosen to uphold tradition. The Nanman people support you with great fervour. The Han, however, have noted your disregard for 'civilisation'.	Strength of the Nanman	prestige.png	faction	positive	true
3k_dlc06_effect_bundle_shamoke_reformist	You have chosen to walk a turbulent path. Many disagree, some even threatening to turn against you. The people may hate you for a while, but they will in time, prosper through your actions.	Cultural Reforms	prestige.png	faction	positive	true
3k_dlc06_effect_bundle_shamoke_vassalise_00	Co-operation is essential for people living under the same roof. The Nanman tribe has one such roof and welcomes you all under it.	Co-operation	3k_dlc06_king_shamoke_pooled_resource_cooperation.png	faction	positive	true
3k_dlc06_effect_bundle_shamoke_vassalise_01	Co-operation is essential for people living under the same roof. The Nanman tribe has one such roof and welcomes you all under it.	Co-operation	3k_dlc06_king_shamoke_pooled_resource_cooperation.png	faction	positive	true
3k_dlc06_effect_bundle_shamoke_vassalise_02	Co-operation is essential for people living under the same roof. The Nanman tribe has one such roof and welcomes you all under it.	Co-operation	3k_dlc06_king_shamoke_pooled_resource_cooperation.png	faction	positive	true
3k_dlc06_effect_bundle_shamoke_vassalise_03	Co-operation is essential for people living under the same roof. The Nanman tribe has one such roof and welcomes you all under it.	Co-operation	3k_dlc06_king_shamoke_pooled_resource_cooperation.png	faction	positive	true
3k_dlc06_effect_bundle_shamoke_vassalise_04	Co-operation is essential for people living under the same roof. The Nanman tribe has one such roof and welcomes you all under it.	Co-operation	3k_dlc06_king_shamoke_pooled_resource_cooperation.png	faction	positive	true
3k_dlc06_effect_bundle_shamoke_vassalise_05	Co-operation is essential for people living under the same roof. The Nanman tribe has one such roof and welcomes you all under it.	Co-operation	3k_dlc06_king_shamoke_pooled_resource_cooperation.png	faction	positive	true
3k_dlc06_effect_bundle_shamoke_vassalise_06	Co-operation is essential for people living under the same roof. The Nanman tribe has one such roof and welcomes you all under it.	Co-operation	3k_dlc06_king_shamoke_pooled_resource_cooperation.png	faction	positive	true
3k_dlc06_effect_bundle_shamoke_vassalise_07	Co-operation is essential for people living under the same roof. The Nanman tribe has one such roof and welcomes you all under it.	Co-operation	3k_dlc06_king_shamoke_pooled_resource_cooperation.png	faction	positive	true
3k_dlc06_effect_bundle_shamoke_vassalise_08	Co-operation is essential for people living under the same roof. The Nanman tribe has one such roof and welcomes you all under it.	Co-operation	3k_dlc06_king_shamoke_pooled_resource_cooperation.png	faction	positive	true
3k_dlc06_effect_bundle_shamoke_vassalise_09	Co-operation is essential for people living under the same roof. The Nanman tribe has one such roof and welcomes you all under it.	Co-operation	3k_dlc06_king_shamoke_pooled_resource_cooperation.png	faction	positive	true
3k_dlc06_effect_bundle_shamoke_vassalise_10	Co-operation is essential for people living under the same roof. The Nanman tribe has one such roof and welcomes you all under it.	Co-operation	3k_dlc06_king_shamoke_pooled_resource_cooperation.png	faction	positive	true
3k_dlc06_effect_bundle_shi_xie_family_character_satisfaction_bonus	This person came to you with a concern and you did your best to address it. This increases their faith and loyalty in their leader.	Plight Recognised	satisfaction.png	character	positive	false
3k_dlc06_effect_bundle_shi_xie_gratitude_satisfaction_bonus	The people celebrate, they rejoice, and they feel appreciative of their time in your opulent kingdom.	A Lavish Feast	satisfaction.png	faction	positive	true
3k_dlc06_effect_bundle_shi_xie_non_family_character_satisfaction_penalty	This person was chastised – humiliated in front of their peers for simply stating their opinion. They are not likely to forget this.	Publicly Chastised	satisfaction.png	character	negative	false
3k_dlc06_effect_shi_xie_chest_splendour_cost_basic	HIDDEN	HIDDEN	.	faction	positive	false
3k_dlc06_effect_shi_xie_chest_splendour_cost_governor	HIDDEN	HIDDEN	.	faction	positive	false
3k_dlc06_effect_shi_xie_chest_splendour_cost_governor_exceptional	HIDDEN	HIDDEN	.	faction	positive	false
3k_dlc06_effect_shi_xie_chest_splendour_cost_warlord	HIDDEN	HIDDEN	.	faction	positive	false
3k_dlc06_effect_shi_xie_chest_splendour_cost_warlord_exceptional	HIDDEN	HIDDEN	.	faction	positive	false
3k_dlc06_frontend_leader_bundle_king_meng_huo_ruler	 	 	satisfaction.png	faction	positive	true
3k_dlc06_frontend_leader_bundle_king_mulu_ruler	 	 	satisfaction.png	faction	positive	true
3k_dlc06_frontend_leader_bundle_lady_zhurong_ruler	 	 	satisfaction.png	faction	positive	true
3k_dlc06_frontend_leader_bundle_shamoke_ruler	 	 	satisfaction.png	faction	positive	true
3k_dlc06_frontend_leader_bundle_shi_xie_ruler	 	 	satisfaction.png	faction	positive	true
3k_dlc06_frontend_leader_nanman_king_mulu_specialisation	[[b]]Pride[[/b]] is this faction's unique resource.\n\n[[i]][[col:flavour]]King Mulu believes himself the greatest warrior of all the tribes; defeating other tribes' champions will surely secure this belief.[[/col]][[/i]]	Pride & Rituals	king_mulu_pooled_resource.png	faction	positive	true
3k_dlc06_frontend_leader_nanman_lady_zhurong_specialisation	[[b]]Goddess of Fire[[/b]] is this faction's unique mechanic.\n\n[[i]][[col:flavour]]With ancestral power of the fire deity coursing though her veins, Lady Zhurong is all but unbeatable in battle[[/col]][[/i]]	Goddess of Fire	3k_dlc06_lady_zhurongs_pooled_resource.png	faction	positive	true
3k_dlc06_frontend_leader_nanman_meng_huo_specialisation	[[b]]King of Kings[[/b]] is this faction's unique mechanic.\n\n[[i]][[col:flavour]]Seeing himself as the true leader of the Nanman people, Meng Huo gains temporary bonuses from earning the fealty of other tribes.[[/col]][[/i]]	King of Kings	prestige.png	faction	positive	true
3k_dlc06_frontend_leader_shamoke_specialisation	[[b]]Unification Mandate[[/b]] is this faction's unique mechanic.\n\n[[i]][[col:flavour]]The Nanman are a diverse people, and it is you who must unite them. Gain increasing bonuses for each Nanman tribe you confederate or make a vassal: these are persistent benefits for your faction.[[/col]][[/i]]	Unification Mandate	3k_dlc06_icon_hud_unification_mandate	faction	positive	true
3k_dlc06_frontend_leader_shi_xie_specialisation	[[b]]Splendour[[/b]] is this faction's unique resource.\n\n[[i]][[col:flavour]]It represents the affluence and influence of Shi Xie in the far south[[/col]][[/i]]	Splendour & Tribute Chests	placeholder.png	faction	positive	true
3k_dlc06_historical_mission_payload_campaign_movement_range	Your soldiers are geared with fresh boots, and ready for longer marches.	Mobilised Troops	army.png	faction	positive	true
3k_dlc06_historical_mission_payload_commerce_income	Your council made sure that merchants and entrepreneurs are supporting your cause.	Support from Merchants	trade_influence.png	faction	positive	true
3k_dlc06_king_mulu_faction_bundle	King Mulu prefers the company of animals to humans, and has a strong bond with the natural world.	One with the Beasts	prestige.png	faction	positive	true
3k_dlc06_king_shamoke_faction_bundle	King Shamoke keeps a mixed council of both Nanman and Han-Chinese to consult him.	Mixed Political Council	prestige.png	faction	positive	true
3k_dlc06_lady_zhurong_faction_bundle	Lady Zhurong prioritises military matters over all else.	Warrior Queen	item_ability.png	faction	positive	true
3k_dlc06_payload_character_action_grant_independence_shi_xie	Grant the governor their independence. Doing so is likely to inspire great loyalty in them.	Grant Independence to Family Member	no_effect.png	character	positive	true
3k_dlc06_payload_character_force_own_campaign_movement_increase	Knowledge of the local terrain has enabled this force to move more quickly through it.	Hidden Ways	speed.png	faction	positive	true
3k_dlc06_payload_faction_building_cost_decrease	Due to recent events building construction is cheaper across the faction.	Decreased Building Costs	construction_cost.png	faction	positive	true
3k_dlc06_payload_faction_building_cost_increase	Due to recent events building construction is more expensive across the faction.	Increased Building Costs	construction_cost.png	faction	negative	true
3k_dlc06_payload_faction_building_time_decrease	Due to recent events building construction is sped up across the faction.	Decreased Construction Time	construction_time.png	faction	positive	true
3k_dlc06_payload_faction_building_time_increase	Due to recent events building construction is slowed across the faction.	Increased Construction Time	construction_time.png	faction	negative	true
3k_dlc06_payload_faction_glorious_dead	Never forget those who have died in the service of the tribe!	The Glorious Dead	attrition_from_low_supplies.png	faction	positive	true
3k_dlc06_payload_faction_way_of_the_waves	You shall harness the ocean's power to your own ends.	Way of the Waves	military.png	faction	positive	true
3k_dlc06_payload_faction_way_of_the_wind	The power of the very air itself will be yours to command.	Way of the Wind	military.png	faction	positive	true
3k_dlc06_payload_final_technology_economic	Utlilising techniques used by your neighbours, your economic capabilities now match that of the greatest nations. 	Inspired Economic Breakthrough	research_rate_increase.png	faction	positive	true
3k_dlc06_payload_final_technology_military	Through your actions, your generals are now quickly becoming masters of military strategy. Nearby warlords see your developments and begin to fear your growing power.	Inspired Military Breakthrough	research_rate_increase.png	faction	positive	true
3k_dlc06_payload_final_technology_political	Through your political accumen, the Nanman are now seen as a significant diplomatic entity.	Inspired Political Breakthrough	research_rate_increase.png	faction	positive	true
3k_dlc06_payload_force_enemy_poisonous_marshes	The land is filled with poisonous marches, which drain the force's energy and their supplies.	Poisonous Marshes	military_supplies.png	force	negative	true
3k_dlc06_payload_technology_economic	Utlilising techniques employed by your neighbours, your economic capabilities have expanded. 	Economic Breakthrough	research_rate_increase.png	faction	positive	true
3k_dlc06_payload_technology_military	Through your actions, your troops now have a far deeper understanding of established military strategies – knowledge gained from assimilating nearby factions.	Military Breakthrough	research_rate_increase.png	faction	positive	true
3k_dlc06_payload_technology_political	Due to diplomatic contact with a variety of other factions you now have a more firm political standing with those inside your sphere of influence.	Political Breakthrough	research_rate_increase.png	faction	positive	true
3k_dlc06_shamoke_introduction_mission_unification_mandate	Units gain experience and can be replenished!	Growing might	army.png	faction	positive	true
3k_dlc06_shi_xie_faction_bundle	Being the epicentre of relationships between the Han and the Nanman comes at a great financial and cultural benefit, but it also has a cost.	Crossroads of Culture & Commerce	prestige.png	faction	positive	true
3k_dlc07_bundle_extended_progression_default_armies_00	"To raise an army once the war is over, and regret one's lateness." – Proverb	Progression: Armies	army_limit.png	faction	positive	false
3k_dlc07_bundle_extended_progression_default_armies_01	"To raise an army once the war is over, and regret one's lateness." – Proverb	Progression: Armies	army_limit.png	faction	positive	false
3k_dlc07_bundle_extended_progression_default_armies_02	"To raise an army once the war is over, and regret one's lateness." – Proverb	Progression: Armies	army_limit.png	faction	positive	false
3k_dlc07_bundle_extended_progression_default_armies_03	"To raise an army once the war is over, and regret one's lateness." – Proverb	Progression: Armies	army_limit.png	faction	positive	false
3k_dlc07_bundle_extended_progression_default_armies_04	"To raise an army once the war is over, and regret one's lateness." – Proverb	Progression: Armies	army_limit.png	faction	positive	false
3k_dlc07_bundle_extended_progression_default_armies_05	"To raise an army once the war is over, and regret one's lateness." – Proverb	Progression: Armies	army_limit.png	faction	positive	false
3k_dlc07_bundle_extended_progression_default_armies_06	"To raise an army once the war is over, and regret one's lateness." – Proverb	Progression: Armies	army_limit.png	faction	positive	false
3k_dlc07_bundle_extended_progression_default_armies_07	"To raise an army once the war is over, and regret one's lateness." – Proverb	Progression: Armies	army_limit.png	faction	positive	false
3k_dlc07_bundle_extended_progression_default_armies_08	"To raise an army once the war is over, and regret one's lateness." – Proverb	Progression: Armies	army_limit.png	faction	positive	false
3k_dlc07_bundle_extended_progression_default_assignments_00	"Never was good work done without much toil." – Proverb	Progression: Assignments	assignment_limit.png	faction	positive	false
3k_dlc07_bundle_extended_progression_default_assignments_01	"Never was good work done without much toil." – Proverb	Progression: Assignments	assignment_limit.png	faction	positive	false
3k_dlc07_bundle_extended_progression_default_assignments_02	"Never was good work done without much toil." – Proverb	Progression: Assignments	assignment_limit.png	faction	positive	false
3k_dlc07_bundle_extended_progression_default_assignments_03	"Never was good work done without much toil." – Proverb	Progression: Assignments	assignment_limit.png	faction	positive	false
3k_dlc07_bundle_extended_progression_default_assignments_04	"Never was good work done without much toil." – Proverb	Progression: Assignments	assignment_limit.png	faction	positive	false
3k_dlc07_bundle_extended_progression_default_assignments_05	"Never was good work done without much toil." – Proverb	Progression: Assignments	assignment_limit.png	faction	positive	false
3k_dlc07_bundle_extended_progression_default_assignments_06	"Never was good work done without much toil." – Proverb	Progression: Assignments	assignment_limit.png	faction	positive	false
3k_dlc07_bundle_extended_progression_default_assignments_07	"Never was good work done without much toil." – Proverb	Progression: Assignments	assignment_limit.png	faction	positive	false
3k_dlc07_bundle_extended_progression_default_assignments_08	"Never was good work done without much toil." – Proverb	Progression: Assignments	assignment_limit.png	faction	positive	false
3k_dlc07_bundle_extended_progression_default_governors_00	"Every thing has its lord." – Proverb	Progression: {{tr:Governors}}	governor_limit.png	faction	positive	false
3k_dlc07_bundle_extended_progression_default_governors_01	"Every thing has its lord." – Proverb	Progression: {{tr:Governors}}	governor_limit.png	faction	positive	false
3k_dlc07_bundle_extended_progression_default_governors_02	"Every thing has its lord." – Proverb	Progression: {{tr:Governors}}	governor_limit.png	faction	positive	false
3k_dlc07_bundle_extended_progression_default_governors_03	"Every thing has its lord." – Proverb	Progression: {{tr:Governors}}	governor_limit.png	faction	positive	false
3k_dlc07_bundle_extended_progression_default_governors_04	"Every thing has its lord." – Proverb	Progression: {{tr:Governors}}	governor_limit.png	faction	positive	false
3k_dlc07_bundle_extended_progression_default_governors_05	"Every thing has its lord." – Proverb	Progression: {{tr:Governors}}	governor_limit.png	faction	positive	false
3k_dlc07_bundle_extended_progression_default_governors_06	"Every thing has its lord." – Proverb	Progression: {{tr:Governors}}	governor_limit.png	faction	positive	false
3k_dlc07_bundle_extended_progression_default_governors_07	"Every thing has its lord." – Proverb	Progression: {{tr:Governors}}	governor_limit.png	faction	positive	false
3k_dlc07_bundle_extended_progression_default_governors_08	"Every thing has its lord." – Proverb	Progression: {{tr:Governors}}	governor_limit.png	faction	positive	false
3k_dlc07_bundle_extended_progression_default_spies_00	"Knowledge comes from study, ignorance follows its neglect." – Proverb	Progression: Spies	spy_limit.png	faction	positive	false
3k_dlc07_bundle_extended_progression_default_spies_01	"Knowledge comes from study, ignorance follows its neglect." – Proverb	Progression: Spies	spy_limit.png	faction	positive	false
3k_dlc07_bundle_extended_progression_default_spies_02	"Knowledge comes from study, ignorance follows its neglect." – Proverb	Progression: Spies	spy_limit.png	faction	positive	false
3k_dlc07_bundle_extended_progression_default_spies_03	"Knowledge comes from study, ignorance follows its neglect." – Proverb	Progression: Spies	spy_limit.png	faction	positive	false
3k_dlc07_bundle_extended_progression_default_spies_04	"Knowledge comes from study, ignorance follows its neglect." – Proverb	Progression: Spies	spy_limit.png	faction	positive	false
3k_dlc07_bundle_extended_progression_default_spies_05	"Knowledge comes from study, ignorance follows its neglect." – Proverb	Progression: Spies	spy_limit.png	faction	positive	false
3k_dlc07_bundle_extended_progression_default_spies_06	"Knowledge comes from study, ignorance follows its neglect." – Proverb	Progression: Spies	spy_limit.png	faction	positive	false
3k_dlc07_bundle_extended_progression_default_spies_07	"Knowledge comes from study, ignorance follows its neglect." – Proverb	Progression: Spies	spy_limit.png	faction	positive	false
3k_dlc07_bundle_extended_progression_default_spies_08	"Knowledge comes from study, ignorance follows its neglect." – Proverb	Progression: Spies	spy_limit.png	faction	positive	false
3k_dlc07_bundle_extended_progression_default_trade_00	"When two partners have one mind, Clay is into gold refined." – Proverb	Progression: Trade	trade_influence.png	faction	positive	false
3k_dlc07_bundle_extended_progression_default_trade_01	"When two partners have one mind, Clay is into gold refined." – Proverb	Progression: Trade	trade_influence.png	faction	positive	false
3k_dlc07_bundle_extended_progression_default_trade_02	"When two partners have one mind, Clay is into gold refined." – Proverb	Progression: Trade	trade_influence.png	faction	positive	false
3k_dlc07_bundle_extended_progression_default_trade_03	"When two partners have one mind, Clay is into gold refined." – Proverb	Progression: Trade	trade_influence.png	faction	positive	false
3k_dlc07_bundle_extended_progression_default_trade_04	"When two partners have one mind, Clay is into gold refined." – Proverb	Progression: Trade	trade_influence.png	faction	positive	false
3k_dlc07_bundle_extended_progression_default_trade_05	"When two partners have one mind, Clay is into gold refined." – Proverb	Progression: Trade	trade_influence.png	faction	positive	false
3k_dlc07_bundle_extended_progression_default_trade_06	"When two partners have one mind, Clay is into gold refined." – Proverb	Progression: Trade	trade_influence.png	faction	positive	false
3k_dlc07_bundle_extended_progression_default_trade_07	"When two partners have one mind, Clay is into gold refined." – Proverb	Progression: Trade	trade_influence.png	faction	positive	false
3k_dlc07_bundle_extended_progression_default_trade_08	"When two partners have one mind, Clay is into gold refined." – Proverb	Progression: Trade	trade_influence.png	faction	positive	false
3k_dlc07_cao_cao_early_character_captive_bundle	 	 	.	character	positive	false
3k_dlc07_captain_armoury_unlock_recruitment_dummy	You now have access to recruit Captain retinues!	Captain Recruitment	3k_main_pooled_resource_credibility.png	faction	neutral	true
3k_dlc07_captains_armoury_ambush_battles	placeholder	placeholder	.	retinue	neutral	true
3k_dlc07_captains_armoury_armour_base	placeholder	placeholder	.	retinue	neutral	true
3k_dlc07_captains_armoury_army_limit	placeholder	placeholder	.	faction	neutral	true
3k_dlc07_captains_armoury_attack_range	placeholder	placeholder	.	retinue	neutral	true
3k_dlc07_captains_armoury_caltrops	placeholder	placeholder	.	retinue	neutral	true
3k_dlc07_captains_armoury_captain_missions_dummy	placeholder	placeholder	.	faction	neutral	false
3k_dlc07_captains_armoury_enemy_territory_replenish	placeholder	placeholder	.	retinue	neutral	true
3k_dlc07_captains_armoury_enemy_territory_supplies	placeholder	placeholder	.	retinue	neutral	true
3k_dlc07_captains_armoury_flaming_shot	placeholder	placeholder	.	retinue	neutral	true
3k_dlc07_captains_armoury_formations	placeholder	placeholder	.	retinue	neutral	true
3k_dlc07_captains_armoury_guerrilla_deployment	placeholder	placeholder	.	retinue	neutral	true
3k_dlc07_captains_armoury_hitpoints	placeholder	placeholder	.	retinue	neutral	true
3k_dlc07_captains_armoury_melee_attack_rate	placeholder	placeholder	.	retinue	neutral	true
3k_dlc07_captains_armoury_melee_charge_bonus	placeholder	placeholder	.	retinue	neutral	true
3k_dlc07_captains_armoury_melee_damage	placeholder	placeholder	.	retinue	neutral	true
3k_dlc07_captains_armoury_melee_evasion	placeholder	placeholder	.	retinue	neutral	true
3k_dlc07_captains_armoury_morale	placeholder	placeholder	.	retinue	neutral	true
3k_dlc07_captains_armoury_poison_shot	placeholder	placeholder	.	retinue	neutral	true
3k_dlc07_captains_armoury_ranged_ammunition	placeholder	placeholder	.	retinue	neutral	true
3k_dlc07_captains_armoury_ranged_attack_rate	placeholder	placeholder	.	retinue	neutral	true
3k_dlc07_captains_armoury_ranged_block_chance	placeholder	placeholder	.	retinue	neutral	true
3k_dlc07_captains_armoury_ranged_damage_base	placeholder	placeholder	.	retinue	neutral	true
3k_dlc07_captains_armoury_scare	placeholder	placeholder	.	retinue	neutral	true
3k_dlc07_captains_armoury_smoke_screen	placeholder	placeholder	.	retinue	neutral	true
3k_dlc07_captains_armoury_speed	placeholder	placeholder	.	retinue	neutral	true
3k_dlc07_captains_armoury_stalk	placeholder	placeholder	.	retinue	neutral	true
3k_dlc07_captains_armoury_unbreakable	placeholder	placeholder	.	retinue	neutral	true
3k_dlc07_captains_armoury_unit_training	placeholder	placeholder	.	retinue	neutral	true
3k_dlc07_captains_armoury_whitewater	placeholder	placeholder	.	retinue	neutral	true
3k_dlc07_captains_armoury_whitewater_records	placeholder	placeholder	.	retinue	neutral	true
3k_dlc07_dilemma_bundle_resources_siphoned	You are being taken advantage of by someone more powerful. They are taking resources from you!	Resources Stolen	money.png	faction	negative	true
3k_dlc07_dilemma_bundle_siphon_resources	You are using your power and influence to divert power from a faction onto your own.	Siphoning Resources	money.png	faction	positive	true
3k_dlc07_effect_bundle_action_decrease_imperial_favour	You have an enemy within the imperial court! The emperor is incensed by the rumours he is hearing.	A Forked Tongue	3k_dlc07_imperial_favour.png	faction	negative	true
3k_dlc07_effect_bundle_action_increase_imperial_favour	You have an ally within the imperial court. The emperor has heard good things about you.	Honeyed Words	3k_dlc07_imperial_favour.png	faction	positive	true
3k_dlc07_effect_bundle_cao_cao_schemes_dummy_01	This is the description of the dummy_01 scheme effect bundle for Cao Cao	Scheme Name 1	army.png	faction	negative	true
3k_dlc07_effect_bundle_cao_cao_schemes_dummy_02	This is the description of the dummy_02 scheme effect bundle for Cao Cao	Scheme Name 2	satisfaction.png	force	negative	true
3k_dlc07_effect_bundle_cao_cao_schemes_dummy_03	This is the description of the dummy_03 scheme effect bundle for Cao Cao	Scheme Name 3	prestige.png	character	positive	true
3k_dlc07_effect_bundle_cao_cao_schemes_dummy_04	This is the description of the dummy_04 scheme effect bundle for Cao Cao	Scheme Name 4	satisfaction.png	province	neutral	true
3k_dlc07_effect_bundle_disable_pooled_resource_supply	The most terrifying killer is the one you cannot see and distinguishes not between man, woman or child.	Supply Stockpile Contaminated	attrition_from_low_supplies.png	province	negative	true
3k_dlc07_effect_bundle_food_shortage_han_tier_1	Your realm has limited food supplies and the people are concerned.	Limited Food	food.png	faction	negative	false
3k_dlc07_effect_bundle_food_shortage_han_tier_2	Your realm is experiencing a food shortage and the people are miserable.	Food Shortage	food.png	faction	negative	false
3k_dlc07_effect_bundle_food_shortage_han_tier_3	Your realm is experiencing a severe food shortage and the people are very miserable.	Severe Food Shortage	food.png	faction	negative	false
3k_dlc07_effect_bundle_food_shortage_han_tier_4	Your realm faces starvation and the people suffer greatly.	Famine	food.png	faction	negative	false
3k_dlc07_effect_bundle_food_shortage_han_tier_5	Your realm faces severe starvation and the people suffer immensely.	Severe Famine	food.png	faction	negative	false
3k_dlc07_effect_bundle_food_surplus_han_tier_1	Your realm has ample food supplies and the people are satisfied.	Ample Food	food.png	faction	positive	false
3k_dlc07_effect_bundle_food_surplus_han_tier_2	Your realm has a small surplus of food and the people are happy.	Small Food Surplus	food.png	faction	positive	false
3k_dlc07_effect_bundle_food_surplus_han_tier_3	Your realm has a surplus of food and the people are happy.	Food Surplus	food.png	faction	positive	false
3k_dlc07_effect_bundle_food_surplus_han_tier_4	Your realm has a considerable surplus of food and the people are very happy.	Large Food Surplus	food.png	faction	positive	false
3k_dlc07_effect_bundle_food_surplus_han_tier_5	Your realm has an abundance of food and the people want for nothing.	Abundant Food Surplus	food.png	faction	positive	false
3k_dlc07_effect_bundle_liu_yan_aid_against_dong_zhuo	Part of your income is currently being spent on aid with which to fight the tyrant warlord.	Aiding the War Effort	ep_alignment_effect_icon_coin.png	faction	positive	true
3k_dlc07_effect_bundle_liu_yan_ambition_inheritance_delayed	If you want something done properly, do it yourself. One must pass the torch, but not before seeing a few crucial affairs through to their conclusions.	Delayed Inheritance	3k_dlc07_icon_inheritance_delayed_good.png	faction	positive	true
3k_dlc07_effect_bundle_liu_yan_ambition_inheritance_delayed_faction_portion	If you want something done properly, do it yourself. One must pass the torch, but not before seeing a few crucial affairs through to their conclusions.	Delayed Inheritance	3k_dlc07_inheritance.png	faction	positive	true
3k_dlc07_effect_bundle_liu_yan_ambition_inheritance_forgotten	Inheritance? Stepping down? Over my cold, dead body!	Forgotten Inheritance	3k_dlc07_icon_inheritance_forgotten_bad.png	faction	negative	true
3k_dlc07_effect_bundle_liu_yan_ambition_inheritance_forgotten_faction_portion	Inheritance? Stepping down? Over my cold, dead body!	Forgotten Inheritance	3k_dlc07_inheritance.png	faction	negative	true
3k_dlc07_effect_bundle_liu_yan_ambition_inheritance_late	Regrettably one can't live forever. Were that the case, one could rule eternally, with cunning wit and decisive action ever intact. Hopefully our heir will be able to fill our shoes admirably.	Late Inheritance	3k_dlc07_icon_inheritance_late_bad.png	faction	negative	true
3k_dlc07_effect_bundle_liu_yan_ambition_inheritance_late_faction_portion	Regrettably one can't live forever. Were that the case, one could rule eternally, with cunning wit and decisive action ever intact. Hopefully our heir will be able to fill our shoes admirably.	Late Inheritance	3k_dlc07_inheritance.png	faction	negative	true
3k_dlc07_effect_bundle_liu_yan_ambition_inheritance_timely	Knowing when to say goodbye is a skill unto itself. Passing the torch early ensures that one's heir is both motivated and ambitious, capable of carrying our legacy to even greater heights.	Timely Inheritance	3k_dlc07_icon_inheritance_timely_good.png	faction	positive	true
3k_dlc07_effect_bundle_liu_yan_ambition_inheritance_timely_faction_portion	Knowing when to say goodbye is a skill unto itself. Passing the torch early ensures that one's heir is both motivated and ambitious, capable of carrying our legacy to even greater heights.	Timely Inheritance	3k_dlc07_inheritance.png	faction	positive	true
3k_dlc07_effect_bundle_liu_yan_ambition_reward_ancillary_spawn	Commission a local craftsman to create a special item for you and your court.	Artisan Commissions	satisfaction.png	faction	positive	true
3k_dlc07_effect_bundle_liu_yan_ambition_reward_build_times	Send extra workers to speed up construction in a region.	Construction Stimulus	construction_time.png	region	positive	true
3k_dlc07_effect_bundle_liu_yan_ambition_reward_build_times_actual	Send extra workers to speed up construction in a region.	Construction Stimulus	construction_time.png	region	positive	true
3k_dlc07_effect_bundle_liu_yan_ambition_reward_character_exp	Send a private tutor to a character, who will nurture them and help them grow.	Private Tutelage	satisfaction.png	character	positive	true
3k_dlc07_effect_bundle_liu_yan_ambition_reward_cheaper_recruitment	Restructure the way in which your smiths manufacture goods, making military materials cheaper and also cheapening recruitment costs.	Industrial Restructuring	army.png	region	positive	true
3k_dlc07_effect_bundle_liu_yan_ambition_reward_defensive_army_buffs	Better drilling of local soldiers, making them more deadly to the foe.	Soldier Drills	army.png	force	positive	true
3k_dlc07_effect_bundle_liu_yan_ambition_reward_factionwide_exp_gain	Create mechanisms where every member of your court can learn and practice new skills.	Investment in Education	army.png	faction	positive	true
3k_dlc07_effect_bundle_liu_yan_ambition_reward_gdp_buff	Invest in your industry and commerce, increasing your GDP in turn.	Economic Stimulus	money.png	region	positive	true
3k_dlc07_effect_bundle_liu_yan_ambition_reward_replenishment_buff	Spend efforts on military publicity, enticing more young people to join your armies for coin and glory.	Recruitment Posters	army.png	region	positive	true
3k_dlc07_effect_bundle_liu_yan_ambition_tradeoff_army_maintenance_1	Raise the bar on goods produced by your army's suppliers. Paying more will ensure an increase in quality.	Smith Education	.	faction	positive	false
3k_dlc07_effect_bundle_liu_yan_ambition_tradeoff_army_maintenance_2	Raise the bar on goods produced by your army's suppliers. Paying more will ensure an increase in quality.	Smith Education	.	faction	positive	false
3k_dlc07_effect_bundle_liu_yan_ambition_tradeoff_army_maintenance_3	Raise the bar on goods produced by your army's suppliers. Paying more will ensure an increase in quality.	Smith Education	.	faction	positive	false
3k_dlc07_effect_bundle_liu_yan_ambition_tradeoff_character_salaries_1	Better remunerate your courtspeople. Offering them a higher salary will motivate them to work harder and better.	Raised Court Standards	.	faction	positive	false
3k_dlc07_effect_bundle_liu_yan_ambition_tradeoff_character_salaries_2	Better remunerate your courtspeople. Offering them a higher salary will motivate them to work harder and better.	Raised Court Standards	.	faction	positive	false
3k_dlc07_effect_bundle_liu_yan_ambition_tradeoff_character_salaries_3	Better remunerate your courtspeople. Offering them a higher salary will motivate them to work harder and better.	Raised Court Standards	.	faction	positive	false
3k_dlc07_effect_bundle_liu_yan_ambition_tradeoff_construction_time_1	Increase the rigour of building inspections will ensure buildings are constructed more carefully.	Construction Inspectors	.	faction	positive	false
3k_dlc07_effect_bundle_liu_yan_ambition_tradeoff_construction_time_2	Increase the rigour of building inspections will ensure buildings are constructed more carefully.	Construction Inspectors	.	faction	positive	false
3k_dlc07_effect_bundle_liu_yan_ambition_tradeoff_construction_time_3	Increase the rigour of building inspections will ensure buildings are constructed more carefully.	Construction Inspectors	.	faction	positive	false
3k_dlc07_effect_bundle_liu_yan_ambition_tradeoff_gdp_debuff_1	Take a percentage of your domain's GDP and send it directly to the coffers, building a stronger financial base.	Divert to Coffers	.	faction	positive	false
3k_dlc07_effect_bundle_liu_yan_ambition_tradeoff_gdp_debuff_2	Take a percentage of your domain's GDP and send it directly to the coffers, building a stronger financial base.	Divert to Coffers	.	faction	positive	false
3k_dlc07_effect_bundle_liu_yan_ambition_tradeoff_gdp_debuff_3	Take a percentage of your domain's GDP and send it directly to the coffers, building a stronger financial base.	Divert to Coffers	.	faction	positive	false
3k_dlc07_effect_bundle_liu_yan_ambition_tradeoff_military_supplies_1	Divert high-quality military goods to be sold in civilian markets, thus improving commerce.	Military Surplus to Markets	.	faction	positive	false
3k_dlc07_effect_bundle_liu_yan_ambition_tradeoff_military_supplies_2	Divert high-quality military goods to be sold in civilian markets, thus improving commerce.	Military Surplus to Markets	.	faction	positive	false
3k_dlc07_effect_bundle_liu_yan_ambition_tradeoff_military_supplies_3	Divert high-quality military goods to be sold in civilian markets, thus improving commerce.	Military Surplus to Markets	.	faction	positive	false
3k_dlc07_effect_bundle_liu_yan_ambition_tradeoff_public_order_1	Set up local checkpoints and thereby tighten public security. People will be less free as a result, but the land will become safer in no time.	Public Checkpoints	.	faction	positive	false
3k_dlc07_effect_bundle_liu_yan_ambition_tradeoff_public_order_2	Set up local checkpoints and thereby tighten public security. People will be less free as a result, but the land will become safer in no time.	Public Checkpoints	.	faction	positive	false
3k_dlc07_effect_bundle_liu_yan_ambition_tradeoff_public_order_3	Set up local checkpoints and thereby tighten public security. People will be less free as a result, but the land will become safer in no time.	Public Checkpoints	.	faction	positive	false
3k_dlc07_effect_bundle_liu_yan_ambition_tradeoff_satisfaction_1	Inspect the belongings of your courtspeople to ensure they are all working with this domain's best interests in mind.	Loyalty Inspections	.	faction	positive	false
3k_dlc07_effect_bundle_liu_yan_ambition_tradeoff_satisfaction_2	Inspect the belongings of your courtspeople to ensure they are all working with this domain's best interests in mind.	Loyalty Inspections	.	faction	positive	false
3k_dlc07_effect_bundle_liu_yan_ambition_tradeoff_satisfaction_3	Inspect the belongings of your courtspeople to ensure they are all working with this domain's best interests in mind.	Loyalty Inspections	.	faction	positive	false
3k_dlc07_effect_bundle_liu_yan_ambition_tradeoff_tracker_level_1	To achieve glory, one must make sacrifices.	Trade-offs	3k_dlc07_trade_off.png	faction	positive	true
3k_dlc07_effect_bundle_liu_yan_ambition_tradeoff_tracker_level_2	To achieve glory, one must make sacrifices.	Trade-offs	3k_dlc07_trade_off.png	faction	positive	true
3k_dlc07_effect_bundle_liu_yan_ambition_tradeoff_tracker_level_3	To achieve glory, one must make sacrifices.	Trade-offs	3k_dlc07_trade_off.png	faction	positive	true
3k_dlc07_effect_bundle_liu_yan_ambition_tradeoff_tracker_level_4	To achieve glory, one must make sacrifices.	Trade-offs	3k_dlc07_trade_off.png	faction	positive	true
3k_dlc07_effect_bundle_liu_yan_ambition_tradeoff_tracker_level_5	To achieve glory, one must make sacrifices.	Trade-offs	3k_dlc07_trade_off.png	faction	positive	true
3k_dlc07_effect_bundle_liu_yan_ambition_tradeoff_tracker_level_6	To achieve glory, one must make sacrifices.	Trade-offs	3k_dlc07_trade_off.png	faction	positive	true
3k_dlc07_effect_bundle_liu_yan_ambition_tradeoff_tracker_level_7	To achieve glory, one must make sacrifices.	Trade-offs	3k_dlc07_trade_off.png	faction	positive	true
3k_dlc07_effect_bundle_liu_yan_ambition_tradeoff_tracker_level_8	To achieve glory, one must make sacrifices.	Trade-offs	3k_dlc07_trade_off.png	faction	positive	true
3k_dlc07_effect_bundle_liu_yan_ambition_tradeoff_trade_influence_1	Limit the amount of trade with external sources, thereby incentivising the local industry.	Market Protectionism	.	faction	positive	false
3k_dlc07_effect_bundle_liu_yan_ambition_tradeoff_trade_influence_2	Limit the amount of trade with external sources, thereby incentivising the local industry.	Market Protectionism	.	faction	positive	false
3k_dlc07_effect_bundle_liu_yan_ambition_tradeoff_trade_influence_3	Limit the amount of trade with external sources, thereby incentivising the local industry.	Market Protectionism	.	faction	positive	false
3k_dlc07_effect_bundle_liu_yan_death_of_liu_mao	The death of one's son is not an easy thing to overcome.	A Great Sufferring	unlocks_legendary_characters.png	character	negative	true
3k_dlc07_effect_bundle_liu_yan_death_of_sons	The loss of one's eldest sons takes a great toll on the heart.	A Great Grief	unlocks_legendary_characters.png	character	negative	true
3k_dlc07_effect_bundle_liu_yan_death_of_sons_guilt	My sons died and I could have saved them... but I did not.	Grief & Guilt	unlocks_legendary_characters.png	character	negative	true
3k_dlc07_effect_bundle_liu_yan_encouragement_gentle	This character is being lovingly guided to excellence.	Gentle Encouragement	satisfaction.png	character	positive	true
3k_dlc07_effect_bundle_liu_yan_encouragement_harsh	This character is being pushed to the very brink of what they can handle, and perhaps a bit more.	Pushed to the Limit	satisfaction.png	character	negative	true
3k_dlc07_effect_bundle_liu_yan_encouragement_strict	This character is being guided by a firm, strong hand.	Strict Encouragement	satisfaction.png	character	negative	true
3k_dlc07_effect_bundle_liu_yan_execute_family_leaders	As of this moment, no one knows if a dagger awaits them right around the corner.	Court Tensions	army.png	faction	negative	true
3k_dlc07_effect_bundle_liu_yan_imperial_carriages_built	These beautiful crafts display the splendour and oppulence of your faction and ambition!	Splendid Carriages	satisfaction.png	faction	positive	true
3k_dlc07_effect_bundle_liu_yan_imperial_carriages_burnt	The ashes of your fine transports of delight appear to be a bad omen...	Carriages Destroyed	satisfaction.png	faction	negative	true
3k_dlc07_effect_bundle_malcontent_character	This character is dissatisfied with recent events.	Dissatisfied	satisfaction.png	character	negative	false
3k_dlc07_effect_bundle_political_party_yuan_shao_hidden	hidden	Yuan Shao	placeholder	faction	positive	false
3k_dlc07_effect_bundle_pooled_resource_imperial_favour_10	The emperor has been disappointed with your actions. He may choose to punish you.	Imperial Favour	3k_dlc07_imperial_favour.png	faction	positive	false
3k_dlc07_effect_bundle_pooled_resource_imperial_favour_100	The emperor is proud of your achievements. He may choose to reward you.	Imperial Favour	3k_dlc07_imperial_favour.png	faction	positive	false
3k_dlc07_effect_bundle_pooled_resource_imperial_favour_20	The emperor has been disappointed with your actions. He may choose to punish you.	Imperial Favour	3k_dlc07_imperial_favour.png	faction	positive	false
3k_dlc07_effect_bundle_pooled_resource_imperial_favour_30	The emperor has been disappointed with your actions. He may choose to punish you.	Imperial Favour	3k_dlc07_imperial_favour.png	faction	positive	false
3k_dlc07_effect_bundle_pooled_resource_imperial_favour_40	The emperor is indifferent towards you.	Imperial Favour	3k_dlc07_imperial_favour.png	faction	positive	false
3k_dlc07_effect_bundle_pooled_resource_imperial_favour_50	The emperor is indifferent towards you.	Imperial Favour	3k_dlc07_imperial_favour.png	faction	positive	false
3k_dlc07_effect_bundle_pooled_resource_imperial_favour_60	The emperor is indifferent towards you.	Imperial Favour	3k_dlc07_imperial_favour.png	faction	positive	false
3k_dlc07_effect_bundle_pooled_resource_imperial_favour_70	The emperor is indifferent towards you.	Imperial Favour	3k_dlc07_imperial_favour.png	faction	positive	false
3k_dlc07_effect_bundle_pooled_resource_imperial_favour_80	The emperor is proud of your achievements. He may choose to reward you.	Imperial Favour	3k_dlc07_imperial_favour.png	faction	positive	false
3k_dlc07_effect_bundle_pooled_resource_imperial_favour_90	The emperor is proud of your achievements. He may choose to reward you.	Imperial Favour	3k_dlc07_imperial_favour.png	faction	positive	false
3k_dlc07_effect_bundle_pooled_resource_liu_yan_aspiration	A faction courts greatness when its elders plant trees in whose shade they know they shall never sit, but do so regardless, in defence of the future.	Aspiration & Inheritance	3k_dlc07_pooled_resource_ambition.png	faction	neutral	false
3k_dlc07_effect_bundle_refused_han_dynasty	You have taken the throne for yourself. Its power is yours and yours alone.	A New Dynasty 	public_order.png	faction	negative	true
3k_dlc07_effect_bundle_restored_han_dynasty	Having placed Emperor Xian back on the throne. All of China rejoices and praises your devotion.	Han Dynasty Restored	public_order.png	faction	positive	true
3k_dlc07_effect_bundle_siege_action_acting_faction_raze_or_loot_han	The emperor has come to hear of your actions and is incensed that you would harm his people in such a barbaric manner!	Unfathomable Attrocities	3k_dlc07_imperial_favour.png	faction	negative	true
3k_dlc07_effect_bundle_siege_action_acting_faction_sack_and_withdraw_han	The emperor has come to hear of your actions and is incensed that you would harm his people in such a barbaric manner!	Unfathomable Attrocities	3k_dlc07_imperial_favour.png	faction	negative	true
3k_dlc07_effect_bundle_winner_of_guandu	This faction defeated their greatest enemy and now takes this legacy forward into the future.	Conqueror of the North	prestige.png	faction	positive	true
3k_dlc07_enemy_of_the_han_declared	Your faction has been declared an enemy of the Han. All other Han factions now regard you as a traitor.	Enemy of the Han	diplomacy_attitude_effect.png	faction	negative	false
3k_dlc07_frontend_leader_bundle_liu_yan_ruler	 	 	satisfaction.png	faction	positive	true
3k_dlc07_frontend_leader_liu_zhang_specialisation	 	Inheritance	placeholder.png1517580224	faction	positive	true
3k_dlc07_issue_enemy_character_wounded_but_not_killed	HIDDEN	Target Enemy Character Killed	resilience.png	character	positive	false
3k_dlc07_issue_enemy_faction_leader_in_foreign_territory	HIDDEN	Spies targeting faction leader	spies.png	character	positive	false
3k_dlc07_issue_enemy_region_with_highly_developed_infrastructure	HIDDEN	Enemy City Devastated	construction_city_level.png	region	negative	false
3k_dlc07_issue_few_unassigned_ancillaries	 	Random Ancillary Gained	.	faction	positive	false
3k_dlc07_issue_highly_developed_enemy_region_with_own_army	The most terrifying killer is the one you cannot see and distinguishes not between man, woman or child.	Supply Stockpile Contaminated	attrition_from_low_supplies.png	region	negative	true
3k_dlc07_issue_hostile_armies_replenishing	Through acts of sabotage the logistics supporting this army are being impeded.	Logistics Impeded	military_supplies.png	force	negative	true
3k_dlc07_issue_hostile_army_in_own_territory	Constant harassment by guerrilla forces have denied this army rest and supply.	Guerrilla Action	military_supplies.png	force	negative	true
3k_dlc07_issue_incomplete_ceo_set	 	Ancillary Set Item Gained	.	faction	positive	false
3k_dlc07_issue_increase_commercial_economy_focus	Economy commerce output promoted by minister.	Commerce Economy Boom	money.png	faction	positive	true
3k_dlc07_issue_increase_industry_economy_focus	Economy industry output overdrive promoted by minister.	Industrial Economy Boom	money.png	faction	positive	true
3k_dlc07_issue_increase_peasantry_economy_focus	Economy agriculture output promoted by minister.	Agricultural Economy Boom	money.png	faction	positive	true
3k_dlc07_issue_large_enemy_faction_with_little_excess_food	Fields of rotting crops will inevitably lead to starvation among the masses.	Crop Failure	food.png	faction	negative	true
3k_dlc07_issue_no_characters_recruited_recently	HIDDEN	New Character Added to Your Court	.	faction	positive	false
3k_dlc07_issue_non_allied_faction_in_adjacent_region	HIDDEN	Rebellion Raised in Neighbouring Commandery	strategic_threat.png	faction	negative	false
3k_dlc07_issue_non_allied_factions_control_north_west_regions	HIDDEN	Xianbei Barbarian Raids Launched	army.png	region	negative	false
3k_dlc07_issue_non_allied_factions_control_northern_ports	HIDDEN	Bohai Bay Pirate Raids Launched	army.png	region	negative	false
3k_dlc07_issue_non_allied_factions_control_southern_ports	HIDDEN	Gulf of Tonkin Pirate Raids Launched	army.png	region	negative	false
3k_dlc07_issue_other_faction_is_world_leader	A popular man is a dangerous man and in politics an attack on one’s image can be as dangerous as any assassin’s blade.	Faction Diplomatic Standing Diminished Worldwide	strategic_threat.png	faction	negative	false
3k_dlc07_issue_own_armies_in_enemy_territory	Whether by bribes or displeasure of their present governor the rural population is providing this force with information on the surrounding area.	Paid Informants	spies.png	force	positive	true
3k_dlc07_issue_own_armies_in_non_allied_territory_without_siege_engines	Specialists in siege warfare offering their services to whoever will pay. These tumultuous times provide opportunities for enterprising men. 	Charter Siege Merchants	army.png	force	positive	true
3k_dlc07_issue_own_army_in_non_allied_territory	Additional scouts moving in advance of your army allow for efficient passage and advance warning prior to an engagement.	Advance Scout Patrols	army.png	force	positive	true
3k_dlc07_issue_own_army_low_supplies	They may be a long way from home, but not beyond the aid of a tactician's logistical mastery.	Long Range Logistics	military_supplies.png	force	positive	true
3k_dlc07_issue_own_army_unit_list_experience_amount_low	Celebrated veterans pass on teachings to the next generation so that they too may live to see old age.	Military Instructors	army.png	force	positive	true
3k_dlc07_issue_own_character_has_undesirable_traits	HIDDEN	Character Personality Trait Re-rolled	character_experience.png	character	positive	false
3k_dlc07_issue_own_character_low_rank	Finding the answers for oneself first requires the wisdom to ask the questions. A mentor has taken this character as a student.	Senior Mentor Assigment	character_experience.png	character	positive	true
3k_dlc07_issue_own_character_loyalty_low	Simple acts of kindness are relatively inexpensive. Some may say kindness is akin to weakness, but such individuals will not know the strength of blood brothers.	Character Celebrated	satisfaction.png	character	positive	true
3k_dlc07_issue_own_character_recruited_at_higher_rank	HIDDEN	Character Skill Tree Reset	character_experience.png	character	positive	false
3k_dlc07_issue_own_character_unmarried	HIDDEN	Character Married	satisfaction.png	character	positive	false
3k_dlc07_issue_own_region_low_on_supplies	Merchants are bringing in additional food provisions to aid in stocking our supply reserves.	Imported Foodstuffs	supply_increase.png	province	positive	true
3k_dlc07_issue_own_region_low_public_order	The faction council have deemed this region's public order situation dire enough to send additional troops to reinforce the garrison.	Peace Keeping Troops Present	public_order.png	province	positive	true
3k_dlc07_issue_own_region_recently_attacked_or_is_sieged	The enemy are within your borders and as lord you are charged with the defence of the people! While the city guard can keep them at bay, you cannot delay in driving these marauders out.	Commandery Garrison Reinforcement	army.png	region	positive	true
3k_dlc07_issue_own_region_underdeveloped	With planning and manpower cities may rise where once there were none.	Civil Engineers Assigned	construction_city_level.png	province	positive	true
3k_dlc07_issue_own_regions_low_percentage_capacity_for_population	Spread word that there is safety, shelter and food and that all are welcome. In such times, where hope is scarce, people will risk much for such comforts.	Civic Propaganda	population_growth.png	faction	positive	true
3k_dlc07_issue_own_unit_lists_contain_high_ratio_of_cavalry	A wise coachman will know how to make the beast move faster than the winds.	Medicinal Horse Feed Suppliments	army.png	faction	positive	true
3k_dlc07_issue_own_unit_lists_contain_high_ratio_of_melee_infantry	Given adequate footwear an army can march as far as their stomachs will allow.	Tailored Footwear	army.png	faction	positive	true
3k_dlc07_issue_own_unit_lists_contain_high_ratio_of_ranged_units	Master fletchers, as with anyone distinguished in their craft, can make even an unassuming weapon a work of art.	Artisan fletchers	army.png	faction	positive	true
3k_dlc07_issue_own_vassal_relationship_poor	HIDDEN	Vassal Faction Heir Moved to Your Court	diplomacy_attitude_effect.png	faction	positive	false
3k_dlc07_issue_rapid_force_redeployment	When your forces can be anywhere you are weak nowhere.	Rapid Deployment Measures	mustering_speed.png	faction	positive	true
3k_dlc07_issue_retrain_army_rosters	Military doctrine must evolve and adapt, as your enemies will constantly seek advantage over you. Do not let them.	Veteran Recruitment Officers	increased_rank_for_new_recruits.png	faction	positive	true
3k_dlc07_issue_unused_own_trade_capacity	The merchant class are often looked down upon as not 'contibuting to society'. They might not 'create' but their value comes from making supply and demand meet.	Foreign Trade Contracts	trade_influence.png	faction	positive	true
3k_dlc07_issue_valuable_high_satisfaction_character_in_enemy_faction	Recent events have brought this character's quality to doubt; a once-loyal servant now fallen from grace.	Subject of Scandal	spies.png	character	positive	true
3k_dlc07_liu_yan_faction_bundle	HIDDEN	HIDDEN	.	faction	positive	false
3k_dlc07_liu_yan_inheritance_previous_leader_court_desire	 	 	.	character	positive	false
3k_dlc07_mission_payload_guandu_conquered_gates	You have established a strong line of defence along the western front. Your enemy will have to triple their efforts to get to you now.	A Solid Defence	army.png	faction	positive	true
3k_dlc07_mission_payload_guandu_langya_conquest	You have conquered a key region that will greatly aid your war effort.	Fuel for the War	army.png	faction	positive	true
3k_dlc07_mission_payload_guandu_opening_move	You have taken the lead in the oncoming conflict with your enemy.	A Promising Start	army.png	faction	positive	true
3k_dlc07_mission_payload_guandu_pacified_bandits	You have removed those who wish to harm this land, and with it brought a sense of peace to your citizens.	A Stable Land	army.png	faction	positive	true
3k_dlc07_mission_payload_guandu_victor	You have won the bloody conflict against your enemy. China is surely now yours.	The Victor	army.png	faction	positive	true
3k_dlc07_payload_diplomacy_han_factions_negative_1	After your recent actions, your neighbours judge you harshly.	Mistrustful Eyes	diplomacy_attitude_effect.png	faction	negative	true
3k_dlc07_payload_diplomacy_han_factions_positive_1	Railing against the emperor's accusations, you attempt to convince your neighbours of your innocence.	A Desperate Plea	diplomacy_attitude_effect.png	faction	positive	true
3k_dlc07_payload_empty_faction_faction_decrease_favour	EMPTY EFFECT	EMPTY EFFECT	.	faction	neutral	false
3k_dlc07_payload_empty_faction_faction_increase_favour	EMPTY EFFECT	EMPTY EFFECT	.	faction	neutral	false
3k_dlc07_payload_empty_faction_faction_own_increase_favour	EMPTY EFFECT	EMPTY EFFECT	.	faction	neutral	false
3k_dlc07_payload_faction_break_away_from_han	After deciding to break away from the Han, your advisors began stockpiling and provisioning for the upcoming conflict.	Military Provisioning	military.png	faction	positive	true
3k_dlc07_payload_imperial_aid_food	The emperor has sent aid to preserve their loyal subject.	Imperial Aid: Food	3k_dlc07_imperial_favour.png	faction	positive	true
3k_dlc07_payload_imperial_aid_military	The emperor has sent aid to preserve their loyal subject.	Imperial Aid: Military	3k_dlc07_imperial_favour.png	faction	positive	true
3k_dlc07_payload_imperial_decree_diplomatic_sanctions	The emperor has decreed that no faction should support you in your endeavours due to your reckless actions.	Diplomatic Sanctions	3k_dlc07_diplomatic_sanction.png	faction	negative	true
3k_dlc07_payload_imperial_decree_economic_sanctions	The emperor has decreed that no faction should support you in your endeavours due to your reckless actions	Economic Sanctions	3k_dlc07_economic_sanction.png	faction	negative	true
3k_dlc07_payload_imperial_decree_military_sanctions	The emperor has decreed that no faction should support you in your endeavours due to your reckless actions	Military Sanctions	3k_dlc07_military_sanction.png	faction	negative	true
3k_dlc07_payload_imperial_favour_decrease_large	Recent events have caused you to fall from the emperor's favour.	Losing Favour	3k_dlc07_imperial_favour.png	faction	negative	true
3k_dlc07_payload_imperial_favour_decrease_small	Recent events have caused you to fall from the emperor's favour.	Losing Favour	3k_dlc07_imperial_favour.png	faction	negative	true
3k_dlc07_payload_imperial_favour_increase_large	Recent events have placed you in favour with the emperor	Gaining Favour	3k_dlc07_imperial_favour.png	faction	positive	true
3k_dlc07_payload_imperial_favour_increase_small	Recent events have placed you in favour with the emperor	Gaining Favour	3k_dlc07_imperial_favour.png	faction	positive	true
3k_dlc07_payload_province_industry_gdp_mod_increase	Local industry is booming, and production rates have been ticking up.	Industrial Improvements	money.png	faction	positive	true
3k_dlc07_scheme_army_attacking_eagle_against_the_fish	A scheme of cunning and audacity, designed to disrupt the unwary.	Eagle Against the Fish	schemes/3k_dlc07_scheme_charge.png	force	neutral	true
3k_dlc07_scheme_army_attacking_when_far_appear_near	A scheme of cunning and audacity, designed to disrupt the unwary.	When Far, Appear Near	schemes/3k_dlc07_scheme_charge.png	force	neutral	true
3k_dlc07_scheme_army_besieged_feign_defensive_inactivity	A scheme of cunning and audacity, designed to disrupt the unwary.	Feign Defensive Inactivity	schemes/3k_dlc07_scheme_defence.png	force	neutral	true
3k_dlc07_scheme_army_besieged_strike_from_the_sun	A scheme of cunning and audacity, designed to disrupt the unwary.	Strike from the Sun	schemes/3k_dlc07_scheme_defence.png	force	neutral	true
3k_dlc07_scheme_army_campaigning_arrows_from_the_enemy	A scheme of cunning and audacity, designed to disrupt the unwary.	Arrows from the Enemy	schemes/3k_dlc07_scheme_army_supplies.png	force	neutral	true
3k_dlc07_scheme_army_campaigning_hawk_and_tiger_manoeuvres	A scheme of cunning and audacity, designed to disrupt the unwary.	Hawk & Tiger Manoeuvres	schemes/3k_dlc07_scheme_action_points.png	force	neutral	true
3k_dlc07_scheme_army_campaigning_sight_to_penetrate_the_unseen	A scheme of cunning and audacity, designed to disrupt the unwary.	Sight to Penetrate the Unseen	schemes/3k_dlc07_scheme_ambush_chance.png	force	neutral	true
3k_dlc07_scheme_army_campaigning_spider_in_waiting	A scheme of cunning and audacity, designed to disrupt the unwary.	Spider in Waiting	schemes/3k_dlc07_scheme_ambush_chance.png	force	neutral	true
3k_dlc07_scheme_army_defending_soldier_mourning_the_empty_grave	A scheme of cunning and audacity, designed to disrupt the unwary.	Soldier Mourning the Empty Grave	schemes/3k_dlc07_scheme_morale.png	force	neutral	true
3k_dlc07_scheme_army_defending_when_near_appear_far	A scheme of cunning and audacity, designed to disrupt the unwary.	When Near, Appear Far	schemes/3k_dlc07_scheme_morale.png	force	neutral	true
3k_dlc07_scheme_army_sieging_phoenix_rise_tigers_fall	A scheme of cunning and audacity, designed to disrupt the unwary.	Phoenixes Rise, Tigers Fall	schemes/3k_dlc07_scheme_melee_attack.png	force	neutral	true
3k_dlc07_scheme_army_sieging_release_the_damned_river	A scheme of cunning and audacity, designed to disrupt the unwary.	Release the Dammed River	schemes/3k_dlc07_scheme_melee_attack.png	force	neutral	true
3k_dlc07_scheme_character_costing_salary_gift_of_honour	A scheme of cunning and audacity, designed to disrupt the unwary.	Gift of Honour	schemes/3k_dlc07_scheme_salary_reduction.png	character	neutral	true
3k_dlc07_scheme_character_costing_salary_honour_the_general	A scheme of cunning and audacity, designed to disrupt the unwary.	Honour the General	schemes/3k_dlc07_scheme_salary_reduction.png	character	neutral	true
3k_dlc07_scheme_character_costing_upkeep_feast_for_the_general	A scheme of cunning and audacity, designed to disrupt the unwary.	Feast for the General	schemes/3k_dlc07_scheme_retinue_upkeep.png	character	neutral	true
3k_dlc07_scheme_character_costing_upkeep_flatter_the_general	A scheme of cunning and audacity, designed to disrupt the unwary.	Flatter the General	schemes/3k_dlc07_scheme_retinue_upkeep.png	character	neutral	true
3k_dlc07_scheme_character_low_satisfaction_eyes_and_ears_within	A scheme of cunning and audacity, designed to disrupt the unwary.	Eyes & Ears Within	schemes/3k_dlc07_scheme_satisfaction.png	character	neutral	true
3k_dlc07_scheme_character_low_satisfaction_knowledge_of_the_ambitious	A scheme of cunning and audacity, designed to disrupt the unwary.	Knowledge of the Ambitious	schemes/3k_dlc07_scheme_satisfaction.png	character	neutral	true
3k_dlc07_scheme_character_recruitment_of_a_carcass_to_attract_the_hungry	A scheme of cunning and audacity, designed to disrupt the unwary.	A Carcass to Attract the Hungry	schemes/3k_dlc07_scheme_character_cost.png	character	neutral	true
3k_dlc07_scheme_character_recruitment_of_add_a_wolf_to_the_pack	A scheme of cunning and audacity, designed to disrupt the unwary.	Add a Wolf to the Pack	schemes/3k_dlc07_scheme_character_cost.png	character	neutral	true
3k_dlc07_scheme_character_recruitment_of_an_owl_to_seek_an_owl	A scheme of cunning and audacity, designed to disrupt the unwary.	An Owl to Seek an Owl	schemes/3k_dlc07_scheme_character_cost.png	character	neutral	true
3k_dlc07_scheme_character_recruitment_to_mountain_air_will_harm_the_body	A scheme of cunning and audacity, designed to disrupt the unwary.	Mountain Air Will Harm the Body	schemes/3k_dlc07_scheme_unit_cost.png	character	neutral	true
3k_dlc07_scheme_character_recruitment_to_recruitment_drive	A scheme of cunning and audacity, designed to disrupt the unwary.	Recruitment Drive	schemes/3k_dlc07_scheme_unit_cost.png	character	neutral	true
3k_dlc07_scheme_character_recruitment_to_win_back_the_army	A scheme of cunning and audacity, designed to disrupt the unwary.	Win Back the Army	schemes/3k_dlc07_scheme_unit_cost.png	character	neutral	true
3k_dlc07_scheme_faction_assignment_available_to_lead_and_to_follow	A scheme of cunning and audacity, designed to disrupt the unwary.	To Lead & To Follow	schemes/3k_dlc07_scheme_satisfaction.png	character	neutral	true
3k_dlc07_scheme_faction_council_no_advisors_going_beyond_the_horizon	A scheme of cunning and audacity, designed to disrupt the unwary.	Going Beyond the Horizon	schemes/3k_dlc07_scheme_council_mission.png	faction	neutral	true
3k_dlc07_scheme_faction_diplomacy_relative_above_stranger	A scheme of cunning and audacity, designed to disrupt the unwary.	Relative Above Stranger	schemes/3k_dlc07_scheme_diplomatic_relations.png	faction	neutral	true
3k_dlc07_scheme_faction_diplomacy_rival_tigers_and_one_prey	A scheme of cunning and audacity, designed to disrupt the unwary.	Rival Tigers & One Prey	schemes/3k_dlc07_scheme_diplomatic_relations.png	faction	neutral	true
3k_dlc07_scheme_faction_diplomacy_tiger_against_wolf	A scheme of cunning and audacity, designed to disrupt the unwary.	Tiger Against Wolf	schemes/3k_dlc07_scheme_diplomatic_relations.png	faction	neutral	true
3k_dlc07_scheme_faction_food_low_the_cattle_go_without	A scheme of cunning and audacity, designed to disrupt the unwary.	The Cattle Go Without	schemes/3k_dlc07_scheme_food.png	faction	neutral	true
3k_dlc07_scheme_faction_spy_action_cost_hungry_snake_over_the_full	A scheme of cunning and audacity, designed to disrupt the unwary.	Hungry Snake Over the Full	schemes/3k_dlc07_scheme_spy_action_cost.png	faction	neutral	true
3k_dlc07_scheme_faction_spy_action_time_serpent_incepts_with_venom	A scheme of cunning and audacity, designed to disrupt the unwary.	Serpent Incepts With Venom	schemes/3k_dlc07_scheme_spy_action_time.png	faction	neutral	true
3k_dlc07_scheme_faction_spy_cover_points_sacrifice_a_friend_to_disappear	A scheme of cunning and audacity, designed to disrupt the unwary.	Sacrifice a Friend to Disappear	schemes/3k_dlc07_scheme_cover_points.png	faction	neutral	true
3k_dlc07_scheme_faction_spy_undercover_network_pay_the_rats_to_hide_the_snake	A scheme of cunning and audacity, designed to disrupt the unwary.	Pay the Rats to Hide the Snake	schemes/3k_dlc07_scheme_undercover_network.png	faction	neutral	true
3k_dlc07_scheme_faction_spy_upkeep_cost_borrow_from_the_night	A scheme of cunning and audacity, designed to disrupt the unwary.	Borrow From the Night	schemes/3k_dlc07_scheme_spy_action_cost.png	faction	neutral	true
3k_dlc07_scheme_faction_tech_autumn_dominion_over_the_realm	A scheme of cunning and audacity, designed to disrupt the unwary.	Dominion Over the Realm	schemes/3k_dlc07_scheme_technology_unlock.png	faction	neutral	true
3k_dlc07_scheme_faction_tech_harvest_dominion_over_the_realm	A scheme of cunning and audacity, designed to disrupt the unwary.	Dominion Over the Realm	schemes/3k_dlc07_scheme_technology_unlock.png	faction	neutral	true
3k_dlc07_scheme_faction_tech_summer_dominion_over_the_realm	A scheme of cunning and audacity, designed to disrupt the unwary.	Dominion Over the Realm	schemes/3k_dlc07_scheme_technology_unlock.png	faction	neutral	true
3k_dlc07_scheme_faction_tech_winter_dominion_over_the_realm	A scheme of cunning and audacity, designed to disrupt the unwary.	Dominion Over the Realm	schemes/3k_dlc07_scheme_technology_unlock.png	faction	neutral	true
3k_dlc07_scheme_faction_trade_influence_mastery_of_the_dragons_way	A scheme of cunning and audacity, designed to disrupt the unwary.	Mastery of the Dragon's Way	schemes/3k_dlc07_scheme_trade_influence.png	faction	neutral	true
3k_dlc07_scheme_province_faction_support_douse_the_fires_of_rebellion	A scheme of cunning and audacity, designed to disrupt the unwary.	Douse the Fires of Rebellion	schemes/3k_dlc07_scheme_faction_support.png	province	neutral	true
3k_dlc07_scheme_province_faction_support_wells_for_the_thirsty	A scheme of cunning and audacity, designed to disrupt the unwary.	Wells for the Thirsty	schemes/3k_dlc07_scheme_faction_support.png	province	neutral	true
3k_dlc07_scheme_province_low_population_a_cow_for_a_wolf	A scheme of cunning and audacity, designed to disrupt the unwary.	A Cow for a Wolf	schemes/3k_dlc07_scheme_population_attraction.png	province	neutral	true
3k_dlc07_scheme_province_low_population_contain_the_flood_not_the_river	A scheme of cunning and audacity, designed to disrupt the unwary.	Contain the Flood Not the River	schemes/3k_dlc07_scheme_population_attraction.png	province	neutral	true
3k_dlc07_scheme_province_low_population_pride_in_the_territories	A scheme of cunning and audacity, designed to disrupt the unwary.	Pride in the Territories	schemes/3k_dlc07_scheme_population_attraction.png	province	neutral	true
3k_dlc07_scheme_province_low_public_order_foresight_when_blind	A scheme of cunning and audacity, designed to disrupt the unwary.	Foresight When Blind	schemes/3k_dlc07_scheme_public_order.png	province	neutral	true
3k_dlc07_scheme_province_low_public_order_horse_sitting_on_dog	A scheme of cunning and audacity, designed to disrupt the unwary.	Horse Sitting on Dog	schemes/3k_dlc07_scheme_public_order.png	province	neutral	true
3k_dlc07_scheme_province_low_public_order_tiger_over_the_mouse	A scheme of cunning and audacity, designed to disrupt the unwary.	Tiger Over the Mouse	schemes/3k_dlc07_scheme_public_order.png	province	neutral	true
3k_dlc07_scheme_province_reserves_trapped_fish_above_the_retreating_tide	A scheme of cunning and audacity, designed to disrupt the unwary.	Trapped Fish Above the Retreating Tide	schemes/3k_dlc07_scheme_provincial_reserves.png	province	neutral	true
3k_dlc07_scheme_province_reserves_two_bears_and_one_kill	A scheme of cunning and audacity, designed to disrupt the unwary.	Two Bears, One Kill	schemes/3k_dlc07_scheme_provincial_reserves.png	province	neutral	true
3k_dlc07_scheme_region_construction_keep_wolves_at_home	A scheme of cunning and audacity, designed to disrupt the unwary.	Keep Wolves at Home	schemes/3k_dlc07_scheme_construction_time.png	province	neutral	true
3k_dlc07_scheme_region_construction_snakes_in_the_field	A scheme of cunning and audacity, designed to disrupt the unwary.	Snakes in the Field	schemes/3k_dlc07_scheme_construction_cost.png	province	neutral	true
3k_dlc07_scheme_region_construction_the_wolf_guarding_over_the_chickens	A scheme of cunning and audacity, designed to disrupt the unwary.	The Wolf Guarding Over the Chickens	schemes/3k_dlc07_scheme_construction_time.png	province	neutral	true
3k_dlc07_scheme_region_enemy_presence_changing_of_the_seasons	A scheme of cunning and audacity, designed to disrupt the unwary.	Changing of the Seasons	schemes/3k_dlc07_scheme_action_points.png	force	neutral	true
3k_dlc07_scheme_region_enemy_presence_heaven_above_earth	A scheme of cunning and audacity, designed to disrupt the unwary.	Heaven Above Earth	schemes/3k_dlc07_scheme_replenishment.png	force	neutral	true
3k_dlc07_scheme_region_neutral_presence_children_in_the_hand	A scheme of cunning and audacity, designed to disrupt the unwary.	Children in the Hand	schemes/3k_dlc07_scheme_diplomatic_relations.png	faction	neutral	true
3k_dlc07_scheme_region_neutral_presence_the_hunter_and_the_game	A scheme of cunning and audacity, designed to disrupt the unwary.	The Hunter & The Game	schemes/3k_dlc07_scheme_diplomatic_relations.png	faction	neutral	true
3k_dummy_effect_bundle_character_action_adopt	Adoption into the ruling family will instll loyalty in the adopted, and anger in others.	Adoption	satisfaction.png	character	positive	true
3k_dummy_effect_bundle_character_action_adopt_shi_xie	Adoption into the ruling family will instll loyalty in the adopted, and anger in others.	Adoption	satisfaction.png	character	positive	true
3k_dummy_effect_bundle_character_action_arrange_marriage	A spouse will be chosen from the suitable nobles to provide companionship, and build the foundations of inheritance. 	Arrange Marriage	.	faction	positive	true
3k_dummy_effect_bundle_character_action_arrange_marriage_shi_xie	A spouse will be chosen from the suitable nobles to provide companionship, and build the foundations of inheritance. 	Arrange Marriage	.	faction	positive	true
3k_dummy_effect_bundle_character_action_assign_as_heir	Only those deemed worthy shall be considered successor to the ruling hand.	Appointed as Heir	.	faction	positive	true
3k_dummy_effect_bundle_character_action_divorce	When the arrangement is no longer to mutual benefit, it shall be dissolved.	Divorce	.	faction	positive	true
3k_dummy_effect_bundle_character_action_marry	A wise ruler arranges his pieces strategically - even those in matters of love.	Marriage	.	faction	positive	true
3k_dummy_effect_bundle_character_action_marry_shi_xie	A wise ruler arranges his pieces strategically - even those in matters of love.	Marriage	.	faction	positive	true
3k_dummy_effect_bundle_character_action_recall_assignment	This character will immediately return back from his assignment.	Recall assignment	.	faction	neutral	false
3k_dummy_effect_bundle_character_action_seek_spouse	No ruler can leave their side empty; for the realm needs an heir, and its leader a companion.	Seek Spouse	.	faction	positive	true
3k_dummy_effect_bundle_character_action_unassign_from_post	Duty may bestow, or deprive, one from office and post.	Unassign from Post	.	character	neutral	true
3k_dummy_effect_bundle_character_action_undeploy	When the liege calls, a general will disband their army at once.	Recall	.	faction	neutral	false
3k_dummy_effect_bundle_political_action_wealth_decrease_2_to_1	Request financial support from this character to support your cause	Request Aid	.	faction	positive	true
3k_dummy_effect_bundle_political_action_wealth_decrease_3_to_2	Request financial support from this character to support your cause	Request Aid	.	faction	positive	true
3k_dummy_effect_bundle_political_action_wealth_decrease_4_to_3	Request financial support from this character to support your cause	Request Aid	.	faction	positive	true
3k_dummy_effect_bundle_political_action_wealth_decrease_5_to_4	Request financial support from this character to support your cause	Request Aid	.	faction	positive	true
3k_dummy_effect_bundle_political_action_wealth_decrease_6_to_5	Request financial support from this character to support your cause	Request Aid	.	faction	positive	true
3k_dummy_effect_bundle_political_action_wealth_decrease_7_to_6	Request financial support from this character to support your cause	Request Aid	.	faction	positive	true
3k_dummy_effect_bundle_political_action_wealth_decrease_8_to_7	Request financial support from this character to support your cause	Request Aid	.	faction	positive	true
3k_dummy_effect_bundle_political_action_wealth_decrease_9_to_8	Request financial support from this character to support your cause	Request Aid	.	faction	positive	true
3k_dummy_effect_bundle_political_action_wealth_increase_1_to_2	Prestige is bestowed with title, rank - and with wealth.	Promotion	.	faction	positive	true
3k_dummy_effect_bundle_political_action_wealth_increase_2_to_3	Prestige is bestowed with title, rank - and with wealth.	Promotion	.	faction	positive	true
3k_dummy_effect_bundle_political_action_wealth_increase_3_to_4	Prestige is bestowed with title, rank - and with wealth.	Promotion	.	faction	positive	true
3k_dummy_effect_bundle_political_action_wealth_increase_4_to_5	Prestige is bestowed with title, rank - and with wealth.	Promotion	.	faction	positive	true
3k_dummy_effect_bundle_political_action_wealth_increase_5_to_6	Prestige is bestowed with title, rank - and with wealth.	Promotion	.	faction	positive	true
3k_dummy_effect_bundle_political_action_wealth_increase_6_to_7	Prestige is bestowed with title, rank - and with wealth.	Promotion	.	faction	positive	true
3k_dummy_effect_bundle_political_action_wealth_increase_7_to_8	Prestige is bestowed with title, rank - and with wealth.	Promotion	.	faction	positive	true
3k_dummy_effect_bundle_political_action_wealth_increase_8_to_9	Prestige is bestowed with title, rank - and with wealth.	Promotion	.	faction	positive	true
3k_dummy_effect_bundle_political_action_wealth_increase_dong_zhuo_1_to_2	Prestige is bestowed with title, rank - and with wealth.	Promotion	.	faction	positive	true
3k_dummy_effect_bundle_political_action_wealth_increase_dong_zhuo_2_to_3	Prestige is bestowed with title, rank - and with wealth.	Promotion	.	faction	positive	true
3k_dummy_effect_bundle_political_action_wealth_increase_dong_zhuo_3_to_4	Prestige is bestowed with title, rank - and with wealth.	Promotion	.	faction	positive	true
3k_dummy_effect_bundle_political_action_wealth_increase_dong_zhuo_4_to_5	Prestige is bestowed with title, rank - and with wealth.	Promotion	.	faction	positive	true
3k_dummy_effect_bundle_political_action_wealth_increase_dong_zhuo_5_to_6	Prestige is bestowed with title, rank - and with wealth.	Promotion	.	faction	positive	true
3k_dummy_effect_bundle_political_action_wealth_increase_dong_zhuo_6_to_7	Prestige is bestowed with title, rank - and with wealth.	Promotion	.	faction	positive	true
3k_dummy_effect_bundle_political_action_wealth_increase_dong_zhuo_7_to_8	Prestige is bestowed with title, rank - and with wealth.	Promotion	.	faction	positive	true
3k_dummy_effect_bundle_political_action_wealth_increase_dong_zhuo_8_to_9	Prestige is bestowed with title, rank - and with wealth.	Promotion	.	faction	positive	true
3k_main-effect_bundle_faction_effect_yuan_shao	AI only	 	.	faction	neutral	true
3k_main-effect_bundle_faction_effect_yuan_shu	HIDDEN - AI only	 	.	faction	neutral	true
3k_main_ancient_capital	This city is one of the ancient capitals, places famed for their rich history and cultural prominence.	Ancient Capital	prestige.png	region	positive	true
3k_main_bundle_dummy	[PLACEHOLDER BUNDLE]	[PLACEHOLDER BUNDLE]	.	faction	neutral	true
3k_main_bundle_edict_earth	A Filial and Pious retainer, controlling the Tax collection and making sure it makes it to the capital safely.	Appointed Treasurer	.	province	neutral	true
3k_main_bundle_edict_fire	A veteran soldier, tasked with bringing extra security to the commandery's borders.	Appointed Commandant	.	province	neutral	true
3k_main_bundle_edict_metal	Makes sure that the labour is organised and paid on-time.	Appointed Official of Accounts	.	province	neutral	true
3k_main_bundle_edict_water	Administrating many aspects of the province, this man has been charged with finding only the best recruits for the army.	Appointed Grand Secretary	.	province	neutral	true
3k_main_bundle_edict_wood	A good and just magistrate will cause people to flock to the banners or their lord.	Appointed County Magistrate	.	province	neutral	true
3k_main_bundle_emperor_flees_from_faction	The treacherous emperor has slipped from your grasp! This has caused you great shame.	The Emperor Escapes!	prestige.png	faction	negative	true
3k_main_bundle_emperor_flees_to_faction	You have been blessed by the heavenly presence of the emperor. This is a great honour for you.	Arrival of the Emperor	prestige.png	faction	positive	true
3k_main_bundle_emperor_manager_emperor_banished	You forced the emperor to abdicate, forever ending the Han Dynasty. Your actions have demonstrated your might to the people, but not all are pleased with your actions.	Banished the Emperor	prestige.png	faction	neutral	true
3k_main_bundle_emperor_manager_emperor_killed	You slew the emperor! Truly none can stand in your way now - not even those supposedly blessed by heaven. Your might is unrivalled, but the stain of regicide will never truly disappear.	Executed the Emperor	prestige.png	faction	neutral	true
3k_main_bundle_faction_rank_cao_cao_1	Your power is of little consequence to the world... yet!	Noble	prestige.png	faction	positive	false
3k_main_bundle_faction_rank_cao_cao_2	You have established yourself as a worthy power.	Second Marquis	prestige.png	faction	positive	false
3k_main_bundle_faction_rank_cao_cao_3	Your have begun your ascent to greatness, but there is much yet to do.	Marquis	prestige.png	faction	positive	false
3k_main_bundle_faction_rank_cao_cao_emperor_contender	Your power is both feared and coveted.	Kindgom	prestige.png	faction	positive	false
3k_main_bundle_faction_rank_cao_cao_warlord	Your accomplishments are great.	Duchy	prestige.png	faction	positive	false
3k_main_bundle_faction_rank_dong_zhuo_3	You are the firm, but fair, hand of the emperor.	Chancellor of State	prestige.png	faction	positive	false
3k_main_bundle_faction_rank_dong_zhuo_4	All of China bows to the emperor's power, and so too yours.	Grand Master	prestige.png	faction	positive	false
3k_main_bundle_faction_rank_dong_zhuo_5	All will bow to your authority. They must!	Empire	prestige.png	faction	positive	false
3k_main_bundle_faction_rank_gongsun_zan_1	Your power is of little consequence to the world... yet!	Noble	prestige.png	faction	positive	false
3k_main_bundle_faction_rank_gongsun_zan_2	You have established yourself as a worthy power.	Second Marquis	prestige.png	faction	positive	false
3k_main_bundle_faction_rank_gongsun_zan_3	Your have begun your ascent to greatness, but there is much yet to do.	Marquis	prestige.png	faction	positive	false
3k_main_bundle_faction_rank_gongsun_zan_4	What was once divided must unite under the new rule of a new emperor, leading a new dynasty to glory.	Duchy	prestige.png	faction	positive	false
3k_main_bundle_faction_rank_gongsun_zan_5	Your power is both feared and coveted.	Kingdom	prestige.png	faction	positive	false
3k_main_bundle_faction_rank_han_chinese_emperor_contender	Your power is both feared and coveted.	Kingdom	prestige.png	faction	positive	false
3k_main_bundle_faction_rank_han_chinese_noble_1	Your power is of little consequence to the world... yet!	Noble	prestige.png	faction	positive	false
3k_main_bundle_faction_rank_han_chinese_noble_2	You have established yourself as a worthy power.	Second Marquis	prestige.png	faction	positive	false
3k_main_bundle_faction_rank_han_chinese_noble_3	Your have begun your ascent to greatness, but there is much yet to do.	Marquis	prestige.png	faction	positive	false
3k_main_bundle_faction_rank_han_chinese_warlord	Your accomplishments are great.	Duchy	prestige.png	faction	positive	false
3k_main_bundle_faction_rank_han_empire_faction	Territory of Han Empire Administration	Han Empire Territory	prestige.png	faction	positive	false
3k_main_bundle_faction_rank_liu_bei_1	Your power is of little consequence to the world... yet!	Noble	prestige.png	faction	positive	false
3k_main_bundle_faction_rank_liu_bei_2	You have established yourself as a worthy power.	Second Marquis	prestige.png	faction	positive	false
3k_main_bundle_faction_rank_liu_bei_3	Your have begun your ascent to greatness, but there is much yet to do.	Marquis	prestige.png	faction	positive	false
3k_main_bundle_faction_rank_liu_bei_4	What was once divided must unite under the new rule of a new emperor, leading a new dynasty to glory.	Duchy	prestige.png	faction	positive	false
3k_main_bundle_faction_rank_liu_bei_5	Your power is both feared and coveted.	Kingdom	prestige.png	faction	positive	false
3k_main_bundle_faction_rank_liu_biao_1	Your power is of little consequence to the world... yet!	Noble	prestige.png	faction	positive	false
3k_main_bundle_faction_rank_liu_biao_2	You have established yourself as a worthy power.	Second Marquis	prestige.png	faction	positive	false
3k_main_bundle_faction_rank_liu_biao_3	Your have begun your ascent to greatness, but there is much yet to do.	Marquis	prestige.png	faction	positive	false
3k_main_bundle_faction_rank_liu_biao_4	What was once divided must unite under the new rule of a new emperor, leading a new dynasty to glory.	Duchy	prestige.png	faction	positive	false
3k_main_bundle_faction_rank_liu_biao_5	Your power is both feared and coveted.	Kingdom	prestige.png	faction	positive	false
3k_main_bundle_faction_rank_yellow_turban_1	Where the mystery is deepest lies the gate of all that is subtle and wonderful.	Seeking	pooled_resource_enlightenment.png	faction	positive	false
3k_main_bundle_faction_rank_yellow_turban_2	Even when the Great Way ceases to be observed, we still have benevolence and righteousness.	Devoted	pooled_resource_enlightenment.png	faction	positive	false
3k_main_bundle_faction_rank_yellow_turban_3	By attaining the height of abstraction we gain fullness of rest.	Healed	pooled_resource_enlightenment.png	faction	positive	false
3k_main_bundle_faction_rank_yellow_turban_4	Heaven diminishes where there is superabundance and supplements where there is deficiency.	Empowered	pooled_resource_enlightenment.png	faction	positive	false
3k_main_bundle_faction_rank_yellow_turban_5	The sage sees simplicity even in complexity, so never has any difficulties.	Ascendant	pooled_resource_enlightenment.png	faction	positive	false
3k_main_bundle_faction_rank_yellow_turban_6	The ruling sage acts without claiming the results to be his own; he achieves merit and does not rest arrogantly, as he does not wish to display his superiority.	Enlightened	pooled_resource_enlightenment.png	faction	positive	false
3k_main_bundle_faction_rank_yuan_shao_1	Your power is of little consequence to the world... yet!	Noble	prestige.png	faction	positive	false
3k_main_bundle_faction_rank_yuan_shao_2	You have established yourself as a worthy power.	Second Marquis	prestige.png	faction	positive	false
3k_main_bundle_faction_rank_yuan_shao_3	Your have begun your ascent to greatness, but there is much yet to do.	Marquis	prestige.png	faction	positive	false
3k_main_bundle_faction_rank_yuan_shao_4	What was once divided must unite under the new rule of a new emperor, leading a new dynasty to glory.	Duchy	prestige.png	faction	positive	false
3k_main_bundle_faction_rank_yuan_shao_5	Your power is both feared and coveted.	Kingdom	prestige.png	faction	positive	false
3k_main_bundle_faction_rank_yuan_shu_1	Your power is of little consequence to the world... yet!	Noble	prestige.png	faction	positive	false
3k_main_bundle_faction_rank_yuan_shu_2	You have established yourself as a worthy power.	Second Marquis	prestige.png	faction	positive	false
3k_main_bundle_faction_rank_yuan_shu_3	Your have begun your ascent to greatness, but there is much yet to do.	Marquis	prestige.png	faction	positive	false
3k_main_bundle_faction_rank_yuan_shu_4	What was once divided must unite under the new rule of a new emperor, leading a new dynasty to glory.	Duchy	prestige.png	faction	positive	false
3k_main_bundle_faction_rank_yuan_shu_5	Your power is both feared and coveted.	Kingdom	prestige.png	faction	positive	false
3k_main_bundle_faction_rank_zheng_jiang_1	You are a mere outlaw, unknown and unwanted.	Outlaw	prestige.png	faction	positive	false
3k_main_bundle_faction_rank_zheng_jiang_2	Word of your deeds has started to spread.	Bandit	prestige.png	faction	positive	false
3k_main_bundle_faction_rank_zheng_jiang_3	You are feared and envied in equal measure.	Raider	prestige.png	faction	positive	false
3k_main_bundle_faction_rank_zheng_jiang_4	One glance and the whole city falls. A second glance leaves the nation in ruins!	Bandit Kingdom	prestige.png	faction	positive	false
3k_main_bundle_faction_rank_zheng_jiang_5	A new empress for a new empire.	Empress	prestige.png	faction	positive	false
3k_main_bundle_stance_able_seamen	Increases this army's naval combat potential at the expense of mobility.	Stance: Combat Flotilla	army.png	force	neutral	false
3k_main_bundle_stance_army_advance_encampment	Move this force to a prepared advance encampment, allowing for logistical support on the move.	Stance: Advance Encampment	army.png	force	neutral	false
3k_main_bundle_stance_army_ambush	Conceals this army, allowing surprise attacks against passing enemies.	Stance: Ambush	army.png	force	neutral	false
3k_main_bundle_stance_army_default	Traverses the world as normal.	Stance: Normal	army.png	force	neutral	false
3k_main_bundle_stance_army_default_yellow_turban	Traverses the world as normal. Yellow Turban forces raid and cause unrest by their sheer presence.	Stance: Normal	army.png	force	neutral	false
3k_main_bundle_stance_army_forced_march	Increases this army's campaign map marching range.	Stance: March	army.png	force	neutral	false
3k_main_bundle_stance_army_fortification	Sets up a defensive camp. If this force is attacked it will result in an encampment battle.	Stance: Encamp	army.png	force	neutral	false
3k_main_bundle_stance_army_garrisoned	This army is safeguarding the local settlement.	Situation: Garrisoned	army.png	force	neutral	true
3k_main_bundle_stance_army_laying_siege	This army is preparing to breach the settlement walls.	Situation: Laying Siege	army.png	force	neutral	false
3k_main_bundle_stance_army_mustering	This army is building its strength.\n\nYou currently have units queued for recruitment.\n\nRemoving everything from the queue will cancel mustering.	Situation: Mustering	mustering_speed.png	force	neutral	false
3k_main_bundle_stance_army_night_march	Increases this army's campaign map marching range.	Stance: March	army.png	force	neutral	false
3k_main_bundle_stance_army_raiding	Liberates oppressed peasants in the local region.	Stance: Liberate	army.png	force	neutral	false
3k_main_bundle_stance_han_sea_raiding	Reduces the food income of the local sea region and increases own force supplies.	Stance: Sea Raiding	army.png	force	neutral	false
3k_main_bundle_stance_navy_blockading	This fleet is preparing to assault the port settlement.	Situation: Blockading	army.png	force	neutral	false
3k_main_bundle_stance_navy_docked	This fleet is safeguarding the local port settlement.	Situation: Docked	army.png	force	neutral	false
3k_main_bundle_stance_navy_double_time	Increases this army's campaign map naval range.	Stance: Full Speed	army.png	force	neutral	false
3k_main_bundle_stance_navy_mustering	This fleet is building its strength.\n\nYou currently have units queued for recruitment.\n\nRemoving everything from the queue will cancel mustering.	Situation: Mustering	mustering_speed.png	force	neutral	false
3k_main_bundle_stance_navy_triple_time	Increases this army's campaign map naval range.	Stance: Full Speed	army.png	force	neutral	false
3k_main_bundle_stance_yt_sea_raiding	Liberates oppressed fishermen of adjacent land regions when embarked.	Stance: Liberate	army.png	force	neutral	false
3k_main_bundle_world_power_emperor	The prime minister is the chief officer of the Han Empire, effectively controlling even the emperor himself.	Prime Minister of the Han Empire	prestige.png	faction	positive	true
3k_main_campaign_roads_01	Modest tracks such as this cut across the wilderness, and are well-worn through frequent use.	Dirt Track	.	region	neutral	true
3k_main_campaign_roads_02	Large paths such as this are cleared and paved cities are better connected.	Road	.	region	neutral	true
3k_main_campaign_roads_03	Impressive paved roads such as this reach out from China's capital in every direction, representing the very pinnacle of road-building.	Imperial Highway	.	region	neutral	true
3k_main_captives_execute	This force has taken supplies from a defeated enemy.	Seize Supplies	no_effect.png	force	neutral	false
3k_main_captives_recruit	This force has recruited troops from their enemy, further souring relations between them.	Recruit	no_effect.png	force	neutral	true
3k_main_captives_release	This force has gained a ransom.	Ransom	no_effect.png	force	neutral	true
3k_main_captives_release_liu_bei	This force has gained a ransom and released its prisoners.	Ransom & Release	pooled_resource_cohesion.png	force	positive	true
3k_main_dummy_effect_bundle	placeholder	placeholder	.	faction	neutral	true
3k_main_dummy_effect_bundle_gongsun_zan_military_government	Military minds rule with military measures.	Military Government	.	faction	positive	true
3k_main_dummy_effect_bundle_zhang_yan_stance	This army has a chance to ambush the enemy when attacking. The chance is based on the ground type.	Stance: Stalking	army.png	force	neutral	false
3k_main_effect_bundle_action_counter_spy	Treachery and suspicion abound within your faction, thereby making it harder to guard against rival espionage efforts.	Mistrust	spies.png	faction	negative	true
3k_main_effect_bundle_action_effects_gift_to_emperor	HIDDEN	HIDDEN	.	force	neutral	true
3k_main_effect_bundle_action_empower_trade	Keen commercial sense and a grasp of shadier business practices have helped bolster your faction's trade power.	Trade Mastery	trade_influence.png	faction	positive	true
3k_main_effect_bundle_action_exhaust_force	Having encountered an unfortunate setback, this army has exerted itself to the point of exhaustion.	Exhaustion	army_action_points.png	force	negative	true
3k_main_effect_bundle_action_hinder_replenishment	This army's supply chain has been interrupted, thereby limiting replenishment.	Restricted Supply	low_supplies.png	force	negative	true
3k_main_effect_bundle_action_hinder_replenishment_garrison	This garrison's supply chain has been interrupted, thereby limiting replenishment.	Restricted Supply	low_supplies.png	province	negative	true
3k_main_effect_bundle_action_increase_replenishment	This army has gained access to additional supplies, thereby improving replenishment.	Additional Supply	supply_increase.png	force	positive	true
3k_main_effect_bundle_action_increase_replenishment_garrison	This garrison has gained access to additional supplies, thereby improving replenishment.	Additional Supply	supply_increase.png	force	positive	true
3k_main_effect_bundle_action_lower_public_order	Disaffection towards the ruling warlord is affecting {{tr:public_order}} in this territory.	Disaffected Populace	public_order.png	province	negative	true
3k_main_effect_bundle_action_lower_satisfaction	This person's reputation has recently been brought into question, much to their dismay.	Defamation	satisfaction.png	character	negative	true
3k_main_effect_bundle_action_lower_satisfaction_all	Dissatisfied with their lot, this person has publicly decried their faction. Others within the court are now questioning the order of things...	Denunciation	satisfaction.png	character	negative	true
3k_main_effect_bundle_action_request_administrator	HIDDEN	HIDDEN	.	character	neutral	false
3k_main_effect_bundle_action_request_general	HIDDEN	HIDDEN	.	character	neutral	false
3k_main_effect_bundle_action_request_minister	HIDDEN	HIDDEN	.	character	neutral	false
3k_main_effect_bundle_action_setup_ambush	This army's orders and position have been exposed, leaving them vulnerable to surreptitious attack	Exposed	ambush.png	force	negative	true
3k_main_effect_bundle_action_weaken_trade	Unfortunate commercial setbacks and a lack of economic foresight have diminised your trade power.	Trade Deficiency	trade_influence.png	faction	negative	true
3k_main_effect_bundle_ai_behaviour_hints_generic_yellow_turbans	HIDDEN	HIDDEN	.	faction	neutral	true
3k_main_effect_bundle_ai_behaviour_hints_han_empire	HIDDEN	HIDDEN	.	faction	neutral	true
3k_main_effect_bundle_ai_cao_cao_bonus_income	HIDDEN	HIDDEN	.	faction	neutral	false
3k_main_effect_bundle_allied_land	These borders are guarded and the people welcoming, you may pass through peacefully.	In Friendly Territory	army.png	force	positive	true
3k_main_effect_bundle_allied_land_kong_rong	These borders are guarded and the people welcoming, you may pass through peacefully.	In Friendly Territory	army.png	force	positive	true
3k_main_effect_bundle_battle_result_type_military_feat_tier_3	From the lowliest commoner to the highest noble, great feats beget great virtue.	Great Military Feat	army.png	faction	neutral	true
3k_main_effect_bundle_campaign_ground_type_desert	Desert makes it very difficult to maintain supply lines for passing armies.	Desert Terrain	army.png	force	neutral	true
3k_main_effect_bundle_campaign_ground_type_forest_dense	Dense Forest make it very difficult to maintain supply lines for passing armies.	Dense Forest	army.png	force	neutral	true
3k_main_effect_bundle_campaign_ground_type_forest_light	Light Forest make it difficult to maintain supply lines for passing armies.	Light Forest	army.png	force	neutral	true
3k_main_effect_bundle_campaign_ground_type_grassland	Grasslands have no additional effect on supply lines for passing armies.	Grassland	army.png	force	neutral	true
3k_main_effect_bundle_campaign_ground_type_hilly_forest_dense	Hills and dense forest make it difficult to maintain supply lines for passing armies.	Hilly Dense Forest	army.png	force	neutral	true
3k_main_effect_bundle_campaign_ground_type_hilly_forest_light	Hills and light forest make it difficult to maintain supply lines for passing armies.	Hilly Light Forest	army.png	force	neutral	true
3k_main_effect_bundle_campaign_ground_type_hilly_grassland	Hilly grasslands have no additional effect on supply lines for passing armies.	Hilly Grassland	army.png	force	neutral	true
3k_main_effect_bundle_campaign_ground_type_hilly_plains	Hilly plains make it difficult to maintain supply lines for passing armies.	Hilly Plains	army.png	force	neutral	true
3k_main_effect_bundle_campaign_ground_type_mountain	Mountains make it very difficult to maintain supply lines for passing armies.	Mountain	army.png	force	neutral	true
3k_main_effect_bundle_campaign_ground_type_plains	Plains have no additional effect on supply lines for passing armies.	Plains	army.png	force	neutral	true
3k_main_effect_bundle_campaign_ground_type_river	Rivers make it difficult to maintain supply lines for passing armies.	River	army.png	force	neutral	true
3k_main_effect_bundle_campaign_ground_type_river_navigable	Rivers make it difficult to maintain supply lines for passing armies.	Shallow River	army.png	force	neutral	true
3k_main_effect_bundle_campaign_ground_type_sea_coast	Coastal terrain makes it difficult to maintain supply lines for passing armies.	Ocean Coast	army.png	force	neutral	true
3k_main_effect_bundle_campaign_ground_type_sea_lake	Lakes make it difficult to maintain supply lines for passing armies.	Lake	army.png	force	neutral	true
3k_main_effect_bundle_campaign_ground_type_sea_ocean	Ocean makes it difficult to maintain supply lines for passing armies.	Ocean	army.png	force	neutral	true
3k_main_effect_bundle_campaign_ground_type_tundra	Tundra makes it very difficult to maintain supply lines for passing armies.	Tundra	army.png	force	neutral	true
3k_main_effect_bundle_campaign_ground_type_wetland	Wetlands make it difficult to maintain supply lines for passing armies.	Wetland	army.png	force	neutral	true
3k_main_effect_bundle_campaign_ground_type_winter	Winter conditions are harsh to armies and peasants alike.	Winter	food.png	province	negative	true
3k_main_effect_bundle_campaign_ground_type_winter_mild	Winter in these lands is mild and less punishing.	Mild winter	food.png	province	neutral	true
3k_main_effect_bundle_civil_war_loyalists_won	Loyalists have emerged supreme from the civil war and unity has been established once again.	Loyalist Victory	prestige.png	faction	positive	true
3k_main_effect_bundle_civil_war_persistent	Loyal followers and separatists are waging war against each other!	Civil War	mustering_speed.png	faction	negative	true
3k_main_effect_bundle_civil_war_separatists_grace_period	Civil war has broken out and separatists gather their forces.	Civil War	mustering_speed.png	faction	neutral	true
3k_main_effect_bundle_default_governor_cap	[HIDDEN] default effect bundle that gives all faction "unlimited" access to governed provinces. This is not the same as governor cap, which is controlled by a separate bonus value and effect.	 	.	faction	positive	true
3k_main_effect_bundle_default_siege_escalation	[HIDDEN] Baseline Siege Escalation value	 	.	faction	neutral	true
3k_main_effect_bundle_default_trade_power	[HIDDEN] Default effect bundle to bring faction trade power to 100	 	.	faction	neutral	true
3k_main_effect_bundle_diplomacy_strategic_threat_dominant	Being a potential threat to others comes with diplomatic repercussions.	Dominant Strategic Threat	strategic_threat.png	faction	neutral	true
3k_main_effect_bundle_diplomacy_strategic_threat_major	Being a potential threat to others comes with diplomatic repercussions.	Major Strategic Threat	strategic_threat.png	faction	neutral	true
3k_main_effect_bundle_diplomacy_strategic_threat_minor	Being a potential threat to others comes with diplomatic repercussions.	Minor Strategic Threat	strategic_threat.png	faction	neutral	true
3k_main_effect_bundle_diplomacy_strategic_threat_moderate	Being a potential threat to others comes with diplomatic repercussions.	Moderate Strategic Threat	strategic_threat.png	faction	neutral	true
3k_main_effect_bundle_disable_credibility_due_to_trechery	Your recent actions have tarnished your reputation and it may take some time before your crediblity is restored.	Reputation Tarnished	diplomacy_attitude_effect.png	faction	neutral	true
3k_main_effect_bundle_enable_siege_equipment_han_chinese	HIDDEN	HIDDEN	.	faction	neutral	true
3k_main_effect_bundle_faction_support_ai_generic_0_to_20_easy	The owner of this region is not well loved by its people. Hard work will be needed if their trust is to be gained.	Support: None	.	region	neutral	true
3k_main_effect_bundle_faction_support_ai_generic_0_to_20_hard	The owner of this region is not well loved by its people. Hard work will be needed if their trust is to be gained.	Support: None	.	region	neutral	true
3k_main_effect_bundle_faction_support_ai_generic_0_to_20_legendary	The owner of this region is not well loved by its people. Hard work will be needed if their trust is to be gained.	Support: None	.	region	neutral	true
3k_main_effect_bundle_faction_support_ai_generic_0_to_20_normal	The owner of this region is not well loved by its people. Hard work will be needed if their trust is to be gained.	Support: None	.	region	neutral	true
3k_main_effect_bundle_faction_support_ai_generic_0_to_20_very_hard	The owner of this region is not well loved by its people. Hard work will be needed if their trust is to be gained.	Support: None	.	region	neutral	true
3k_main_effect_bundle_faction_support_ai_generic_20_to_40_easy	The owner of this region is not well loved by its people. Hard work will be needed if their trust is to be gained.	Support: Low	.	region	neutral	true
3k_main_effect_bundle_faction_support_ai_generic_20_to_40_hard	The owner of this region is not well loved by its people. Hard work will be needed if their trust is to be gained.	Support: Low	.	region	neutral	true
3k_main_effect_bundle_faction_support_ai_generic_20_to_40_legendary	The owner of this region is not well loved by its people. Hard work will be needed if their trust is to be gained.	Support: Low	.	region	neutral	true
3k_main_effect_bundle_faction_support_ai_generic_20_to_40_normal	The owner of this region is not well loved by its people. Hard work will be needed if their trust is to be gained.	Support: Low	.	region	neutral	true
3k_main_effect_bundle_faction_support_ai_generic_20_to_40_very_hard	The owner of this region is not well loved by its people. Hard work will be needed if their trust is to be gained.	Support: Low	.	region	neutral	true
3k_main_effect_bundle_faction_support_ai_generic_40_to_60_easy	As normal life resumes, this region is starting to support its owners.	Support: Medium	.	region	neutral	true
3k_main_effect_bundle_faction_support_ai_generic_40_to_60_hard	As normal life resumes, this region is starting to support its owners.	Support: Medium	.	region	neutral	true
3k_main_effect_bundle_faction_support_ai_generic_40_to_60_legendary	As normal life resumes, this region is starting to support its owners.	Support: Medium	.	region	neutral	true
3k_main_effect_bundle_faction_support_ai_generic_40_to_60_normal	As normal life resumes, this region is starting to support its owners.	Support: Medium	.	region	neutral	true
3k_main_effect_bundle_faction_support_ai_generic_40_to_60_very_hard	As normal life resumes, this region is starting to support its owners.	Support: Medium	.	region	neutral	true
3k_main_effect_bundle_faction_support_ai_generic_60_to_80_easy	As normal life resumes, this region is starting to support its owners.	Support: High	.	region	neutral	true
3k_main_effect_bundle_faction_support_ai_generic_60_to_80_hard	As normal life resumes, this region is starting to support its owners.	Support: High	.	region	neutral	true
3k_main_effect_bundle_faction_support_ai_generic_60_to_80_legendary	As normal life resumes, this region is starting to support its owners.	Support: High	.	region	neutral	true
3k_main_effect_bundle_faction_support_ai_generic_60_to_80_normal	As normal life resumes, this region is starting to support its owners.	Support: High	.	region	neutral	true
3k_main_effect_bundle_faction_support_ai_generic_60_to_80_very_hard	As normal life resumes, this region is starting to support its owners.	Support: High	.	region	neutral	true
3k_main_effect_bundle_faction_support_ai_generic_80_to_100_easy	The people love their masters and will strive hard to fulfil their dreams.	Support: Total	.	region	neutral	true
3k_main_effect_bundle_faction_support_ai_generic_80_to_100_hard	The people love their masters and will strive hard to fulfil their dreams.	Support: Total	.	region	neutral	true
3k_main_effect_bundle_faction_support_ai_generic_80_to_100_legendary	The people love their masters and will strive hard to fulfil their dreams.	Support: Total	.	region	neutral	true
3k_main_effect_bundle_faction_support_ai_generic_80_to_100_normal	The people love their masters and will strive hard to fulfil their dreams.	Support: Total	.	region	neutral	true
3k_main_effect_bundle_faction_support_ai_generic_80_to_100_very_hard	The people love their masters and will strive hard to fulfil their dreams.	Support: Total	.	region	neutral	true
3k_main_effect_bundle_faction_support_ai_liu_bei_0_to_20_easy	The owner of this region is not well loved by its people. Hard work will be needed if their trust is to be gained.	Support: None	.	region	neutral	true
3k_main_effect_bundle_faction_support_ai_liu_bei_0_to_20_hard	The owner of this region is not well loved by its people. Hard work will be needed if their trust is to be gained.	Support: None	.	region	neutral	true
3k_main_effect_bundle_faction_support_ai_liu_bei_0_to_20_legendary	The owner of this region is not well loved by its people. Hard work will be needed if their trust is to be gained.	Support: None	.	region	neutral	true
3k_main_effect_bundle_faction_support_ai_liu_bei_0_to_20_normal	The owner of this region is not well loved by its people. Hard work will be needed if their trust is to be gained.	Support: None	.	region	neutral	true
3k_main_effect_bundle_faction_support_ai_liu_bei_0_to_20_very_hard	The owner of this region is not well loved by its people. Hard work will be needed if their trust is to be gained.	Support: None	.	region	neutral	true
3k_main_effect_bundle_faction_support_ai_liu_bei_20_to_40_easy	The owner of this region is not well loved by its people. Hard work will be needed if their trust is to be gained.	Support: Low	.	region	neutral	true
3k_main_effect_bundle_faction_support_ai_liu_bei_20_to_40_hard	The owner of this region is not well loved by its people. Hard work will be needed if their trust is to be gained.	Support: Low	.	region	neutral	true
3k_main_effect_bundle_faction_support_ai_liu_bei_20_to_40_legendary	The owner of this region is not well loved by its people. Hard work will be needed if their trust is to be gained.	Support: Low	.	region	neutral	true
3k_main_effect_bundle_faction_support_ai_liu_bei_20_to_40_normal	The owner of this region is not well loved by its people. Hard work will be needed if their trust is to be gained.	Support: Low	.	region	neutral	true
3k_main_effect_bundle_faction_support_ai_liu_bei_20_to_40_very_hard	The owner of this region is not well loved by its people. Hard work will be needed if their trust is to be gained.	Support: Low	.	region	neutral	true
3k_main_effect_bundle_faction_support_ai_liu_bei_40_to_60_easy	As normal life resumes, this region is starting to support its owners.	Support: Medium	.	region	neutral	true
3k_main_effect_bundle_faction_support_ai_liu_bei_40_to_60_hard	As normal life resumes, this region is starting to support its owners.	Support: Medium	.	region	neutral	true
3k_main_effect_bundle_faction_support_ai_liu_bei_40_to_60_legendary	As normal life resumes, this region is starting to support its owners.	Support: Medium	.	region	neutral	true
3k_main_effect_bundle_faction_support_ai_liu_bei_40_to_60_normal	As normal life resumes, this region is starting to support its owners.	Support: Medium	.	region	neutral	true
3k_main_effect_bundle_faction_support_ai_liu_bei_40_to_60_very_hard	As normal life resumes, this region is starting to support its owners.	Support: Medium	.	region	neutral	true
3k_main_effect_bundle_faction_support_ai_liu_bei_60_to_80_easy	As normal life resumes, this region is starting to support its owners.	Support: High	.	region	neutral	true
3k_main_effect_bundle_faction_support_ai_liu_bei_60_to_80_hard	As normal life resumes, this region is starting to support its owners.	Support: High	.	region	neutral	true
3k_main_effect_bundle_faction_support_ai_liu_bei_60_to_80_legendary	As normal life resumes, this region is starting to support its owners.	Support: High	.	region	neutral	true
3k_main_effect_bundle_faction_support_ai_liu_bei_60_to_80_normal	As normal life resumes, this region is starting to support its owners.	Support: High	.	region	neutral	true
3k_main_effect_bundle_faction_support_ai_liu_bei_60_to_80_very_hard	As normal life resumes, this region is starting to support its owners.	Support: High	.	region	neutral	true
3k_main_effect_bundle_faction_support_ai_liu_bei_80_to_100_easy	The people love their masters and will strive hard to fulfil their dreams.	Support: Total	.	region	neutral	true
3k_main_effect_bundle_faction_support_ai_liu_bei_80_to_100_hard	The people love their masters and will strive hard to fulfil their dreams.	Support: Total	.	region	neutral	true
3k_main_effect_bundle_faction_support_ai_liu_bei_80_to_100_legendary	The people love their masters and will strive hard to fulfil their dreams.	Support: Total	.	region	neutral	true
3k_main_effect_bundle_faction_support_ai_liu_bei_80_to_100_normal	The people love their masters and will strive hard to fulfil their dreams.	Support: Total	.	region	neutral	true
3k_main_effect_bundle_faction_support_ai_liu_bei_80_to_100_very_hard	The people love their masters and will strive hard to fulfil their dreams.	Support: Total	.	region	neutral	true
3k_main_effect_bundle_faction_support_ai_yuan_shu_0_to_20_easy	The owner of this region is not well loved by its people. Hard work will be needed if their trust is to be gained.	Support: None	.	region	neutral	true
3k_main_effect_bundle_faction_support_ai_yuan_shu_0_to_20_hard	The owner of this region is not well loved by its people. Hard work will be needed if their trust is to be gained.	Support: None	.	region	neutral	true
3k_main_effect_bundle_faction_support_ai_yuan_shu_0_to_20_legendary	The owner of this region is not well loved by its people. Hard work will be needed if their trust is to be gained.	Support: None	.	region	neutral	true
3k_main_effect_bundle_faction_support_ai_yuan_shu_0_to_20_normal	The owner of this region is not well loved by its people. Hard work will be needed if their trust is to be gained.	Support: None	.	region	neutral	true
3k_main_effect_bundle_faction_support_ai_yuan_shu_0_to_20_very_hard	The owner of this region is not well loved by its people. Hard work will be needed if their trust is to be gained.	Support: None	.	region	neutral	true
3k_main_effect_bundle_faction_support_ai_yuan_shu_20_to_40_easy	The owner of this region is not well loved by its people. Hard work will be needed if their trust is to be gained.	Support: Low	.	region	neutral	true
3k_main_effect_bundle_faction_support_ai_yuan_shu_20_to_40_hard	The owner of this region is not well loved by its people. Hard work will be needed if their trust is to be gained.	Support: Low	.	region	neutral	true
3k_main_effect_bundle_faction_support_ai_yuan_shu_20_to_40_legendary	The owner of this region is not well loved by its people. Hard work will be needed if their trust is to be gained.	Support: Low	.	region	neutral	true
3k_main_effect_bundle_faction_support_ai_yuan_shu_20_to_40_normal	The owner of this region is not well loved by its people. Hard work will be needed if their trust is to be gained.	Support: Low	.	region	neutral	true
3k_main_effect_bundle_faction_support_ai_yuan_shu_20_to_40_very_hard	The owner of this region is not well loved by its people. Hard work will be needed if their trust is to be gained.	Support: Low	.	region	neutral	true
3k_main_effect_bundle_faction_support_ai_yuan_shu_40_to_60_easy	As normal life resumes, this region is starting to support its owners.	Support: Medium	.	region	neutral	true
3k_main_effect_bundle_faction_support_ai_yuan_shu_40_to_60_hard	As normal life resumes, this region is starting to support its owners.	Support: Medium	.	region	neutral	true
3k_main_effect_bundle_faction_support_ai_yuan_shu_40_to_60_legendary	As normal life resumes, this region is starting to support its owners.	Support: Medium	.	region	neutral	true
3k_main_effect_bundle_faction_support_ai_yuan_shu_40_to_60_normal	As normal life resumes, this region is starting to support its owners.	Support: Medium	.	region	neutral	true
3k_main_effect_bundle_faction_support_ai_yuan_shu_40_to_60_very_hard	As normal life resumes, this region is starting to support its owners.	Support: Medium	.	region	neutral	true
3k_main_effect_bundle_faction_support_ai_yuan_shu_60_to_80_easy	As normal life resumes, this region is starting to support its owners.	Support: High	.	region	neutral	true
3k_main_effect_bundle_faction_support_ai_yuan_shu_60_to_80_hard	As normal life resumes, this region is starting to support its owners.	Support: High	.	region	neutral	true
3k_main_effect_bundle_faction_support_ai_yuan_shu_60_to_80_legendary	As normal life resumes, this region is starting to support its owners.	Support: High	.	region	neutral	true
3k_main_effect_bundle_faction_support_ai_yuan_shu_60_to_80_normal	As normal life resumes, this region is starting to support its owners.	Support: High	.	region	neutral	true
3k_main_effect_bundle_faction_support_ai_yuan_shu_60_to_80_very_hard	As normal life resumes, this region is starting to support its owners.	Support: High	.	region	neutral	true
3k_main_effect_bundle_faction_support_ai_yuan_shu_80_to_100_easy	The people love their masters and will strive hard to fulfil their dreams.	Support: Total	.	region	neutral	true
3k_main_effect_bundle_faction_support_ai_yuan_shu_80_to_100_hard	The people love their masters and will strive hard to fulfil their dreams.	Support: Total	.	region	neutral	true
3k_main_effect_bundle_faction_support_ai_yuan_shu_80_to_100_legendary	The people love their masters and will strive hard to fulfil their dreams.	Support: Total	.	region	neutral	true
3k_main_effect_bundle_faction_support_ai_yuan_shu_80_to_100_normal	The people love their masters and will strive hard to fulfil their dreams.	Support: Total	.	region	neutral	true
3k_main_effect_bundle_faction_support_ai_yuan_shu_80_to_100_very_hard	The people love their masters and will strive hard to fulfil their dreams.	Support: Total	.	region	neutral	true
3k_main_effect_bundle_faction_support_human_generic_0_to_20_easy	The owner of this region is not well loved by its people. Hard work will be needed if their trust is to be gained.	Support: None	.	region	neutral	true
3k_main_effect_bundle_faction_support_human_generic_0_to_20_hard	The owner of this region is not well loved by its people. Hard work will be needed if their trust is to be gained.	Support: None	.	region	neutral	true
3k_main_effect_bundle_faction_support_human_generic_0_to_20_legendary	The owner of this region is not well loved by its people. Hard work will be needed if their trust is to be gained.	Support: None	.	region	neutral	true
3k_main_effect_bundle_faction_support_human_generic_0_to_20_normal	The owner of this region is not well loved by its people. Hard work will be needed if their trust is to be gained.	Support: None	.	region	neutral	true
3k_main_effect_bundle_faction_support_human_generic_0_to_20_very_hard	The owner of this region is not well loved by its people. Hard work will be needed if their trust is to be gained.	Support: None	.	region	neutral	true
3k_main_effect_bundle_faction_support_human_generic_20_to_40_easy	The owner of this region is not well loved by its people. Hard work will be needed if their trust is to be gained.	Support: Low	.	region	neutral	true
3k_main_effect_bundle_faction_support_human_generic_20_to_40_hard	The owner of this region is not well loved by its people. Hard work will be needed if their trust is to be gained.	Support: Low	.	region	neutral	true
3k_main_effect_bundle_faction_support_human_generic_20_to_40_legendary	The owner of this region is not well loved by its people. Hard work will be needed if their trust is to be gained.	Support: Low	.	region	neutral	true
3k_main_effect_bundle_faction_support_human_generic_20_to_40_normal	The owner of this region is not well loved by its people. Hard work will be needed if their trust is to be gained.	Support: Low	.	region	neutral	true
3k_main_effect_bundle_faction_support_human_generic_20_to_40_very_hard	The owner of this region is not well loved by its people. Hard work will be needed if their trust is to be gained.	Support: Low	.	region	neutral	true
3k_main_effect_bundle_faction_support_human_generic_40_to_60_easy	As normal life resumes, this region is starting to support its owners.	Support: Medium	.	region	neutral	true
3k_main_effect_bundle_faction_support_human_generic_40_to_60_hard	As normal life resumes, this region is starting to support its owners.	Support: Medium	.	region	neutral	true
3k_main_effect_bundle_faction_support_human_generic_40_to_60_legendary	As normal life resumes, this region is starting to support its owners.	Support: Medium	.	region	neutral	true
3k_main_effect_bundle_faction_support_human_generic_40_to_60_normal	As normal life resumes, this region is starting to support its owners.	Support: Medium	.	region	neutral	true
3k_main_effect_bundle_faction_support_human_generic_40_to_60_very_hard	As normal life resumes, this region is starting to support its owners.	Support: Medium	.	region	neutral	true
3k_main_effect_bundle_faction_support_human_generic_60_to_80_easy	As normal life resumes, this region is starting to support its owners.	Support: High	.	region	neutral	true
3k_main_effect_bundle_faction_support_human_generic_60_to_80_hard	As normal life resumes, this region is starting to support its owners.	Support: High	.	region	neutral	true
3k_main_effect_bundle_faction_support_human_generic_60_to_80_legendary	As normal life resumes, this region is starting to support its owners.	Support: High	.	region	neutral	true
3k_main_effect_bundle_faction_support_human_generic_60_to_80_normal	As normal life resumes, this region is starting to support its owners.	Support: High	.	region	neutral	true
3k_main_effect_bundle_faction_support_human_generic_60_to_80_very_hard	As normal life resumes, this region is starting to support its owners.	Support: High	.	region	neutral	true
3k_main_effect_bundle_faction_support_human_generic_80_to_100_easy	The people love their masters and will strive hard to fulfil their dreams.	Support: Total	.	region	neutral	true
3k_main_effect_bundle_faction_support_human_generic_80_to_100_hard	The people love their masters and will strive hard to fulfil their dreams.	Support: Total	.	region	neutral	true
3k_main_effect_bundle_faction_support_human_generic_80_to_100_legendary	The people love their masters and will strive hard to fulfil their dreams.	Support: Total	.	region	neutral	true
3k_main_effect_bundle_faction_support_human_generic_80_to_100_normal	The people love their masters and will strive hard to fulfil their dreams.	Support: Total	.	region	neutral	true
3k_main_effect_bundle_faction_support_human_generic_80_to_100_very_hard	The people love their masters and will strive hard to fulfil their dreams.	Support: Total	.	region	neutral	true
3k_main_effect_bundle_faction_support_human_liu_bei_0_to_20_easy	The owner of this region is not well loved by its people. Hard work will be needed if their trust is to be gained.	Support: None	.	region	neutral	true
3k_main_effect_bundle_faction_support_human_liu_bei_0_to_20_hard	The owner of this region is not well loved by its people. Hard work will be needed if their trust is to be gained.	Support: None	.	region	neutral	true
3k_main_effect_bundle_faction_support_human_liu_bei_0_to_20_legendary	The owner of this region is not well loved by its people. Hard work will be needed if their trust is to be gained.	Support: None	.	region	neutral	true
3k_main_effect_bundle_faction_support_human_liu_bei_0_to_20_normal	The owner of this region is not well loved by its people. Hard work will be needed if their trust is to be gained.	Support: None	.	region	neutral	true
3k_main_effect_bundle_faction_support_human_liu_bei_0_to_20_very_hard	The owner of this region is not well loved by its people. Hard work will be needed if their trust is to be gained.	Support: None	.	region	neutral	true
3k_main_effect_bundle_faction_support_human_liu_bei_20_to_40_easy	The owner of this region is not well loved by its people. Hard work will be needed if their trust is to be gained.	Support: Low	.	region	neutral	true
3k_main_effect_bundle_faction_support_human_liu_bei_20_to_40_hard	The owner of this region is not well loved by its people. Hard work will be needed if their trust is to be gained.	Support: Low	.	region	neutral	true
3k_main_effect_bundle_faction_support_human_liu_bei_20_to_40_legendary	The owner of this region is not well loved by its people. Hard work will be needed if their trust is to be gained.	Support: Low	.	region	neutral	true
3k_main_effect_bundle_faction_support_human_liu_bei_20_to_40_normal	The owner of this region is not well loved by its people. Hard work will be needed if their trust is to be gained.	Support: Low	.	region	neutral	true
3k_main_effect_bundle_faction_support_human_liu_bei_20_to_40_very_hard	The owner of this region is not well loved by its people. Hard work will be needed if their trust is to be gained.	Support: Low	.	region	neutral	true
3k_main_effect_bundle_faction_support_human_liu_bei_40_to_60_easy	As normal life resumes, this region is starting to support its owners.	Support: Medium	.	region	neutral	true
3k_main_effect_bundle_faction_support_human_liu_bei_40_to_60_hard	As normal life resumes, this region is starting to support its owners.	Support: Medium	.	region	neutral	true
3k_main_effect_bundle_faction_support_human_liu_bei_40_to_60_legendary	As normal life resumes, this region is starting to support its owners.	Support: Medium	.	region	neutral	true
3k_main_effect_bundle_faction_support_human_liu_bei_40_to_60_normal	As normal life resumes, this region is starting to support its owners.	Support: Medium	.	region	neutral	true
3k_main_effect_bundle_faction_support_human_liu_bei_40_to_60_very_hard	As normal life resumes, this region is starting to support its owners.	Support: Medium	.	region	neutral	true
3k_main_effect_bundle_faction_support_human_liu_bei_60_to_80_easy	As normal life resumes, this region is starting to support its owners.	Support: High	.	region	neutral	true
3k_main_effect_bundle_faction_support_human_liu_bei_60_to_80_hard	As normal life resumes, this region is starting to support its owners.	Support: High	.	region	neutral	true
3k_main_effect_bundle_faction_support_human_liu_bei_60_to_80_legendary	As normal life resumes, this region is starting to support its owners.	Support: High	.	region	neutral	true
3k_main_effect_bundle_faction_support_human_liu_bei_60_to_80_normal	As normal life resumes, this region is starting to support its owners.	Support: High	.	region	neutral	true
3k_main_effect_bundle_faction_support_human_liu_bei_60_to_80_very_hard	As normal life resumes, this region is starting to support its owners.	Support: High	.	region	neutral	true
3k_main_effect_bundle_faction_support_human_liu_bei_80_to_100_easy	The people love their masters and will strive hard to fulfil their dreams.	Support: Total	.	region	neutral	true
3k_main_effect_bundle_faction_support_human_liu_bei_80_to_100_hard	The people love their masters and will strive hard to fulfil their dreams.	Support: Total	.	region	neutral	true
3k_main_effect_bundle_faction_support_human_liu_bei_80_to_100_legendary	The people love their masters and will strive hard to fulfil their dreams.	Support: Total	.	region	neutral	true
3k_main_effect_bundle_faction_support_human_liu_bei_80_to_100_normal	The people love their masters and will strive hard to fulfil their dreams.	Support: Total	.	region	neutral	true
3k_main_effect_bundle_faction_support_human_liu_bei_80_to_100_very_hard	The people love their masters and will strive hard to fulfil their dreams.	Support: Total	.	region	neutral	true
3k_main_effect_bundle_faction_support_human_yuan_shu_0_to_20_easy	The owner of this region is not well loved by its people. Hard work will be needed if their trust is to be gained.	Support: None	.	region	neutral	true
3k_main_effect_bundle_faction_support_human_yuan_shu_0_to_20_hard	The owner of this region is not well loved by its people. Hard work will be needed if their trust is to be gained.	Support: None	.	region	neutral	true
3k_main_effect_bundle_faction_support_human_yuan_shu_0_to_20_legendary	The owner of this region is not well loved by its people. Hard work will be needed if their trust is to be gained.	Support: None	.	region	neutral	true
3k_main_effect_bundle_faction_support_human_yuan_shu_0_to_20_normal	The owner of this region is not well loved by its people. Hard work will be needed if their trust is to be gained.	Support: None	.	region	neutral	true
3k_main_effect_bundle_faction_support_human_yuan_shu_0_to_20_very_hard	The owner of this region is not well loved by its people. Hard work will be needed if their trust is to be gained.	Support: None	.	region	neutral	true
3k_main_effect_bundle_faction_support_human_yuan_shu_20_to_40_easy	The owner of this region is not well loved by its people. Hard work will be needed if their trust is to be gained.	Support: Low	.	region	neutral	true
3k_main_effect_bundle_faction_support_human_yuan_shu_20_to_40_hard	The owner of this region is not well loved by its people. Hard work will be needed if their trust is to be gained.	Support: Low	.	region	neutral	true
3k_main_effect_bundle_faction_support_human_yuan_shu_20_to_40_legendary	The owner of this region is not well loved by its people. Hard work will be needed if their trust is to be gained.	Support: Low	.	region	neutral	true
3k_main_effect_bundle_faction_support_human_yuan_shu_20_to_40_normal	The owner of this region is not well loved by its people. Hard work will be needed if their trust is to be gained.	Support: Low	.	region	neutral	true
3k_main_effect_bundle_faction_support_human_yuan_shu_20_to_40_very_hard	The owner of this region is not well loved by its people. Hard work will be needed if their trust is to be gained.	Support: Low	.	region	neutral	true
3k_main_effect_bundle_faction_support_human_yuan_shu_40_to_60_easy	As normal life resumes, this region is starting to support its owners.	Support: Medium	.	region	neutral	true
3k_main_effect_bundle_faction_support_human_yuan_shu_40_to_60_hard	As normal life resumes, this region is starting to support its owners.	Support: Medium	.	region	neutral	true
3k_main_effect_bundle_faction_support_human_yuan_shu_40_to_60_legendary	As normal life resumes, this region is starting to support its owners.	Support: Medium	.	region	neutral	true
3k_main_effect_bundle_faction_support_human_yuan_shu_40_to_60_normal	As normal life resumes, this region is starting to support its owners.	Support: Medium	.	region	neutral	true
3k_main_effect_bundle_faction_support_human_yuan_shu_40_to_60_very_hard	As normal life resumes, this region is starting to support its owners.	Support: Medium	.	region	neutral	true
3k_main_effect_bundle_faction_support_human_yuan_shu_60_to_80_easy	As normal life resumes, this region is starting to support its owners.	Support: High	.	region	neutral	true
3k_main_effect_bundle_faction_support_human_yuan_shu_60_to_80_hard	As normal life resumes, this region is starting to support its owners.	Support: High	.	region	neutral	true
3k_main_effect_bundle_faction_support_human_yuan_shu_60_to_80_legendary	As normal life resumes, this region is starting to support its owners.	Support: High	.	region	neutral	true
3k_main_effect_bundle_faction_support_human_yuan_shu_60_to_80_normal	As normal life resumes, this region is starting to support its owners.	Support: High	.	region	neutral	true
3k_main_effect_bundle_faction_support_human_yuan_shu_60_to_80_very_hard	As normal life resumes, this region is starting to support its owners.	Support: High	.	region	neutral	true
3k_main_effect_bundle_faction_support_human_yuan_shu_80_to_100_easy	The people love their masters and will strive hard to fulfil their dreams.	Support: Total	.	region	neutral	true
3k_main_effect_bundle_faction_support_human_yuan_shu_80_to_100_hard	The people love their masters and will strive hard to fulfil their dreams.	Support: Total	.	region	neutral	true
3k_main_effect_bundle_faction_support_human_yuan_shu_80_to_100_legendary	The people love their masters and will strive hard to fulfil their dreams.	Support: Total	.	region	neutral	true
3k_main_effect_bundle_faction_support_human_yuan_shu_80_to_100_normal	The people love their masters and will strive hard to fulfil their dreams.	Support: Total	.	region	neutral	true
3k_main_effect_bundle_faction_support_human_yuan_shu_80_to_100_very_hard	The people love their masters and will strive hard to fulfil their dreams.	Support: Total	.	region	neutral	true
3k_main_effect_bundle_faction_trait_father_of_all_heroes	The blood of emperors flows in his veins; the love of the people beats in his heart. 	Father of All Heroes	army.png	faction	neutral	true
3k_main_effect_bundle_faction_trait_settlement_razed_dong_zhuo	No quarter has been given - your actions have hushed any whispers of open rebellion.	Settlement Razed	pooled_resource_infamy.png	faction	neutral	true
3k_main_effect_bundle_fertility_harvest_high	People and realm alike benefit from high fertility in this {{tr:map_province}} throughout the year.	High fertility (Harvest)	food.png	province	positive	true
3k_main_effect_bundle_fertility_harvest_low	This {{tr:map_province}} suffers from low fertility throughout the year.	Low fertility (Harvest)	food.png	province	negative	true
3k_main_effect_bundle_fertility_harvest_normal	Fertility in this {{tr:map_province}} is average throughout the year.	Average fertility (Harvest)	food.png	province	neutral	true
3k_main_effect_bundle_fertility_high	People and realm alike benefit from high fertility in this {{tr:map_province}} throughout the year.	High fertility	food.png	province	positive	true
3k_main_effect_bundle_fertility_low	This {{tr:map_province}} suffers from low fertility throughout the year.	Low fertility	food.png	province	negative	true
3k_main_effect_bundle_fertility_normal	Fertility in this {{tr:map_province}} is average throughout the year.	Average fertility	food.png	province	neutral	true
3k_main_effect_bundle_food_easy_shortage_tier_1	Your realm has limited food supplies and the people are concerned.	Limited Food	food.png	faction	negative	false
3k_main_effect_bundle_food_easy_shortage_tier_2	Your realm is experiencing a food shortage and the people are miserable.	Food Shortage	food.png	faction	negative	false
3k_main_effect_bundle_food_easy_shortage_tier_3	Your realm is experiencing a severe food shortage and the people are very miserable.	Severe Food Shortage	food.png	faction	negative	false
3k_main_effect_bundle_food_easy_shortage_tier_4	Your realm faces starvation and the people suffer greatly.	Famine	food.png	faction	negative	false
3k_main_effect_bundle_food_easy_shortage_tier_5	Your realm faces severe starvation and the people suffer immensely.	Severe Famine	food.png	faction	negative	false
3k_main_effect_bundle_food_easy_surplus_tier_1	Your realm has ample food supplies and the people are satisfied.	Ample Food	food.png	faction	positive	false
3k_main_effect_bundle_food_easy_surplus_tier_2	Your realm has a small surplus of food and the people are happy.	Small Food Surplus	food.png	faction	positive	false
3k_main_effect_bundle_food_easy_surplus_tier_3	Your realm has a surplus of food and the people are happy.	Food Surplus	food.png	faction	positive	false
3k_main_effect_bundle_food_easy_surplus_tier_4	Your realm has a considerable surplus of food and the people are very happy.	Large Food Surplus	food.png	faction	positive	false
3k_main_effect_bundle_food_easy_surplus_tier_5	Your realm has an abundance of food and the people want for nothing.	Abundant Food Surplus	food.png	faction	positive	false
3k_main_effect_bundle_food_legendary_shortage_tier_1	Your realm has limited food supplies and the people are concerned.	Limited Food	food.png	faction	negative	false
3k_main_effect_bundle_food_legendary_shortage_tier_2	Your realm is experiencing a food shortage and the people are miserable.	Food Shortage	food.png	faction	negative	false
3k_main_effect_bundle_food_legendary_shortage_tier_3	Your realm is experiencing a severe food shortage and the people are very miserable.	Severe Food Shortage	food.png	faction	negative	false
3k_main_effect_bundle_food_legendary_shortage_tier_4	Your realm faces starvation and the people suffer greatly.	Famine	food.png	faction	negative	false
3k_main_effect_bundle_food_legendary_shortage_tier_5	Your realm faces severe starvation and the people suffer immensely.	Severe Famine	food.png	faction	negative	false
3k_main_effect_bundle_food_legendary_surplus_tier_1	Your realm has ample food supplies and the people are satisfied.	Ample Food	food.png	faction	positive	false
3k_main_effect_bundle_food_legendary_surplus_tier_2	Your realm has a small surplus of food and the people are happy.	Small Food Surplus	food.png	faction	positive	false
3k_main_effect_bundle_food_legendary_surplus_tier_3	Your realm has a surplus of food and the people are happy.	Food Surplus	food.png	faction	positive	false
3k_main_effect_bundle_food_legendary_surplus_tier_4	Your realm has a considerable surplus of food and the people are very happy.	Large Food Surplus	food.png	faction	positive	false
3k_main_effect_bundle_food_legendary_surplus_tier_5	Your realm has an abundance of food and the people want for nothing.	Abundant Food Surplus	food.png	faction	positive	false
3k_main_effect_bundle_food_reserves_baseline	 	 	.	faction	neutral	false
3k_main_effect_bundle_food_shortage_tier_1	Your realm has limited food supplies and the people are concerned.	Limited Food	food.png	faction	negative	false
3k_main_effect_bundle_food_shortage_tier_2	Your realm is experiencing a food shortage and the people are miserable.	Food Shortage	food.png	faction	negative	false
3k_main_effect_bundle_food_shortage_tier_3	Your realm is experiencing a severe food shortage and the people are very miserable.	Severe Food Shortage	food.png	faction	negative	false
3k_main_effect_bundle_food_shortage_tier_4	Your realm faces starvation and the people suffer greatly.	Famine	food.png	faction	negative	false
3k_main_effect_bundle_food_shortage_tier_5	Your realm faces severe starvation and the people suffer immensely.	Severe Famine	food.png	faction	negative	false
3k_main_effect_bundle_food_surplus_tier_1	Your realm has ample food supplies and the people are satisfied.	Ample Food	food.png	faction	positive	false
3k_main_effect_bundle_food_surplus_tier_2	Your realm has a small surplus of food and the people are happy.	Small Food Surplus	food.png	faction	positive	false
3k_main_effect_bundle_food_surplus_tier_3	Your realm has a surplus of food and the people are happy.	Food Surplus	food.png	faction	positive	false
3k_main_effect_bundle_food_surplus_tier_4	Your realm has a considerable surplus of food and the people are very happy.	Large Food Surplus	food.png	faction	positive	false
3k_main_effect_bundle_food_surplus_tier_5	Your realm has an abundance of food and the people want for nothing.	Abundant Food Surplus	food.png	faction	positive	false
3k_main_effect_bundle_food_very_hard_shortage_tier_1	Your realm has limited food supplies and the people are concerned.	Limited Food	food.png	faction	negative	false
3k_main_effect_bundle_food_very_hard_shortage_tier_2	Your realm is experiencing a food shortage and the people are miserable.	Food Shortage	food.png	faction	negative	false
3k_main_effect_bundle_food_very_hard_shortage_tier_3	Your realm is experiencing a severe food shortage and the people are very miserable.	Severe Food Shortage	food.png	faction	negative	false
3k_main_effect_bundle_food_very_hard_shortage_tier_4	Your realm faces starvation and the people suffer greatly.	Famine	food.png	faction	negative	false
3k_main_effect_bundle_food_very_hard_shortage_tier_5	Your realm faces severe starvation and the people suffer immensely.	Severe Famine	food.png	faction	negative	false
3k_main_effect_bundle_food_very_hard_surplus_tier_1	Your realm has ample food supplies and the people are satisfied.	Ample Food	food.png	faction	positive	false
3k_main_effect_bundle_food_very_hard_surplus_tier_2	Your realm has a small surplus of food and the people are happy.	Small Food Surplus	food.png	faction	positive	false
3k_main_effect_bundle_food_very_hard_surplus_tier_3	Your realm has a surplus of food and the people are happy.	Food Surplus	food.png	faction	positive	false
3k_main_effect_bundle_food_very_hard_surplus_tier_4	Your realm has a considerable surplus of food and the people are very happy.	Large Food Surplus	food.png	faction	positive	false
3k_main_effect_bundle_food_very_hard_surplus_tier_5	Your realm has an abundance of food and the people want for nothing.	Abundant Food Surplus	food.png	faction	positive	false
3k_main_effect_bundle_food_zero	Your realm has sufficient supplies across all {{tr:map_provinces}}.	Balanced	food.png	faction	neutral	false
3k_main_effect_bundle_forces_foraging_ma_teng	This army is setting up camp and contributing to your faction's food supply by foraging the surrounding lands.	Foraging Forces	food.png	force	neutral	true
3k_main_effect_bundle_foreign_land	This landscape is unfamiliar to your troops, so caution should be exercised whilst passing through.	Spent Season on Foreign Soil	army.png	force	negative	true
3k_main_effect_bundle_foreign_land_at_war	Within enemy territory your troops must be prepared for any and all hostile actions.	Spent Season in Hostile Lands	army.png	force	negative	true
3k_main_effect_bundle_foreign_land_at_war_easy	Within enemy territory your troops must be prepared for any and all hostile actions.	Spent Season in Hostile Lands	army.png	force	negative	true
3k_main_effect_bundle_foreign_land_at_war_easy_kong_rong	Within enemy territory your troops must be prepared for any and all hostile actions.	Spent Season in Hostile Lands	army.png	force	negative	true
3k_main_effect_bundle_foreign_land_at_war_kong_rong	Within enemy territory your troops must be prepared for any and all hostile actions.	Spent Season in Hostile Lands	army.png	force	negative	true
3k_main_effect_bundle_foreign_land_at_war_normal	Within enemy territory your troops must be prepared for any and all hostile actions.	Spent Season in Hostile Lands	army.png	force	negative	true
3k_main_effect_bundle_foreign_land_at_war_normal_kong_rong	Within enemy territory your troops must be prepared for any and all hostile actions.	Spent Season in Hostile Lands	army.png	force	negative	true
3k_main_effect_bundle_foreign_land_easy	This landscape is unfamiliar to your troops, so caution should be exercised whilst passing through.	Spent Season on Foreign Soil	army.png	force	negative	true
3k_main_effect_bundle_foreign_land_easy_kong_rong	This landscape is unfamiliar to your troops, so caution should be exercised whilst passing through.	Spent Season on Foreign Soil	army.png	force	negative	true
3k_main_effect_bundle_foreign_land_kong_rong	This landscape is unfamiliar to your troops, so caution should be exercised whilst passing through.	Spent Season on Foreign Soil	army.png	force	negative	true
3k_main_effect_bundle_foreign_land_normal	This landscape is unfamiliar to your troops, so caution should be exercised whilst passing through.	Spent Season on Foreign Soil	army.png	force	negative	true
3k_main_effect_bundle_foreign_land_normal_kong_rong	This landscape is unfamiliar to your troops, so caution should be exercised whilst passing through.	Spent Season on Foreign Soil	army.png	force	negative	true
3k_main_effect_bundle_han_empire_economy	 	 	.	faction	neutral	true
3k_main_effect_bundle_he_yi_occupation_population_growth	Time can mend trauma of the mind but it takes the art of a healer to mend a broken body.	Attend the Wounded	population_growth.png	force	positive	true
3k_main_effect_bundle_kong_rong_trade_monopoly_1	To accumulate, one has to speculate, and very little here has been ventured!	Trade Monopoly: Stagnant	trade_influence.png	faction	neutral	false
3k_main_effect_bundle_kong_rong_trade_monopoly_2	What is nurtured may grow, and indeed your investments now begin to take flight!	Trade Monopoly: Growing	trade_influence.png	faction	positive	false
3k_main_effect_bundle_kong_rong_trade_monopoly_3	Investment, wisely placed, brings exponential returns!	Trade Monopoly: Ambitious	trade_influence.png	faction	positive	false
3k_main_effect_bundle_kong_rong_trade_monopoly_4	What money cannot buy is not worth owning. 	Trade Monopoly: Influential	trade_influence.png	faction	positive	false
3k_main_effect_bundle_kong_rong_trade_monopoly_5	Wealth is power.	Trade Monopoly: Dominating	trade_influence.png	faction	positive	false
3k_main_effect_bundle_military_supply_abundant	This army enjoys the benefits of abundant military supplies.	Abundant Military Supplies	supply_increase.png	force	neutral	false
3k_main_effect_bundle_military_supply_empty	A lack of military supplies will lead to forces suffering from attrition.	Empty Military Supplies	supply_increase.png	force	neutral	false
3k_main_effect_bundle_military_supply_low	Military supplies are low.	Low Military Supplies	supply_increase.png	force	neutral	false
3k_main_effect_bundle_military_supply_normal	This army has normal supply levels.	Normal Military Supplies	supply_increase.png	force	neutral	false
3k_main_effect_bundle_own_land	The lay of the land is well known and those fighting to protect it know what is at stake.	Spent Season in Own Domain	army.png	force	positive	true
3k_main_effect_bundle_own_land_kong_rong	The lay of the land is well known and those fighting to protect it know what is at stake.	Spent Season in Own Domain	army.png	force	positive	true
3k_main_effect_bundle_pooled_resource_credibility_level_1	One should see nothing improper, hear nothing improper, say nothing improper, do nothing improper.	Credibility: Unexceptional	3k_main_pooled_resource_credibility.png	faction	neutral	false
3k_main_effect_bundle_pooled_resource_credibility_level_1.5	What you present to your generals and advisors is the same as presented to the enemy, a trustworthy and predicable leader.	Credibility: Commendable	3k_main_pooled_resource_credibility.png	faction	neutral	false
3k_main_effect_bundle_pooled_resource_credibility_level_2	You are reputed for your honesty and conviction; your counsel is heard and strongly considered.	Credibility: Admirable	3k_main_pooled_resource_credibility.png	faction	neutral	false
3k_main_effect_bundle_pooled_resource_credibility_level_3	Your integrity is beyond reproach; throughout the realm you are respected by friend and foe alike. 	Credibility: Paragon	3k_main_pooled_resource_credibility.png	faction	neutral	false
3k_main_effect_bundle_pooled_resource_heroism_level_1	To govern others one must first learn to govern oneself.	Heroism: Sleeping Tiger	3k_main_pooled_resource_heroism.png	faction	neutral	false
3k_main_effect_bundle_pooled_resource_heroism_level_2	Yours is a heart of virtue and collected calm; your qualities as a leader inspire and motivate your people.	Heroism: Awoken Tiger	3k_main_pooled_resource_heroism.png	faction	neutral	false
3k_main_effect_bundle_pooled_resource_heroism_level_3	Your reputation walks before you – there is no man, woman or child in China who has not heard of your fury and your talents.	Heroism: Furious Tiger	3k_main_pooled_resource_heroism.png	faction	neutral	false
3k_main_effect_bundle_pooled_resource_heroism_level_4	When you roar, enemies tremble. Your strength is legendary, from the highest mountain the lowest valley.	Heroism: Tiger of Jiangdong	3k_main_pooled_resource_heroism.png	faction	positive	false
3k_main_effect_bundle_pooled_resource_infamy_level_1	You snap at the heels of your would-be oppressor, yet you are a nuisance – nothing more.	Infamy: Inferior	3k_main_pooled_resource_infamy.png	faction	neutral	false
3k_main_effect_bundle_pooled_resource_infamy_level_2	You have fought your way to recognition, but there is much more yet to do before they fear you.	Infamy: Acknowledged	3k_main_pooled_resource_infamy.png	faction	neutral	false
3k_main_effect_bundle_pooled_resource_infamy_level_3	Worried whispers of your strength and might carry across China – it is your name that gives them pause! 	Infamy: Renowned	3k_main_pooled_resource_infamy.png	faction	neutral	false
3k_main_effect_bundle_pooled_resource_infamy_level_4	Talk of the Bandit Queen strikes fear into the hearts of nobles and peasants alike – they dread your coming storm!	Infamy: Dreaded	3k_main_pooled_resource_infamy.png	faction	neutral	false
3k_main_effect_bundle_pooled_resource_infamy_level_5	All of China knows your strength and your brilliance – you have risen from nothing to claim everything; you have become a legend!	Infamy: Legendary	3k_main_pooled_resource_infamy.png	faction	neutral	false
3k_main_effect_bundle_pooled_resource_intimidation_level_1	More bark than bite, your words are dismissed as empty threats.	Intimidation: Insignificant	3k_main_pooled_resource_intimidation.png	faction	negative	false
3k_main_effect_bundle_pooled_resource_intimidation_level_2	Word of your brutality and malice precedes you - lesser men are cowed by your might.	Intimidation: Menacing	3k_main_pooled_resource_intimidation.png	faction	neutral	false
3k_main_effect_bundle_pooled_resource_intimidation_level_3	Your wrath has seen corpse-strewn battlefields, and cities reduced to ash. Only fools would ignore your strength.	Intimidation: Overwhelming	3k_main_pooled_resource_intimidation.png	faction	positive	false
3k_main_effect_bundle_pooled_resource_legitimacy_level_1	Long have you been mocked, dismissed and ignored; will you languish in lowliness forever?	Legitimacy: Irrelevant	3k_main_pooled_resource_conceit.png	faction	negative	false
3k_main_effect_bundle_pooled_resource_legitimacy_level_2	Through determined effort, you have made yourself worthy of acknowledgement.	Legitimacy: Acknowledged	3k_main_pooled_resource_conceit.png	faction	neutral	false
3k_main_effect_bundle_pooled_resource_legitimacy_level_3	You are finally given the respect you deserve – China knows of your efforts, and through fear or love, they approve. 	Legitimacy: Regarded	3k_main_pooled_resource_conceit.png	faction	positive	false
3k_main_effect_bundle_pooled_resource_legitimacy_level_4	There are few who now question your heavenly mandate; complete rule over China, and unlimited power, are finally within reach.	Legitimacy: Revered	3k_main_pooled_resource_conceit.png	faction	positive	false
3k_main_effect_bundle_pooled_resource_lineage_level_1	You are descended from a distinguished, centuries-old family, but what have you contributed to its legacy?	Lineage: Tarnished	.	faction	neutral	false
3k_main_effect_bundle_pooled_resource_lineage_level_2	Word is spreading of your name, your actions have been noteworthy and your notability is increasing. 	Lineage: Admirable	.	faction	neutral	false
3k_main_effect_bundle_pooled_resource_lineage_level_3	Your achievements have not gone unnoticed and you are on the path to fulfilling your family legacy. 	Lineage: Esteemed	.	faction	neutral	false
3k_main_effect_bundle_pooled_resource_lineage_level_4	Through words and deeds, your reputation as the true successor of the Yuan has been established!	Lineage: Respectable	.	faction	neutral	false
3k_main_effect_bundle_pooled_resource_lineage_level_5	Long after your time is done, the scribes of future generations will still be celebrating your legacy.	Lineage: Honourable	.	faction	neutral	false
3k_main_effect_bundle_pooled_resource_unity_level_1	There is greater unity to be found, but you must strive for it!	Unity: Motivated	3k_main_pooled_resource_cohesion.png	faction	neutral	false
3k_main_effect_bundle_pooled_resource_unity_level_2	If earnest desire cannot unify your people, then a common goal and a common threat will.	Unity: Co-ordinated	3k_main_pooled_resource_cohesion.png	faction	positive	false
3k_main_effect_bundle_pooled_resource_unity_level_3	You have found a driving force for yourself and your followers, who now find harmony in their beliefs and ideals.	Unity: Harmonious	3k_main_pooled_resource_cohesion.png	faction	positive	false
3k_main_effect_bundle_pooled_resource_unity_level_4	You and your followers have found unity through ideals and peace through purpose. 	Unity: Of One Mind & Purpose 	3k_main_pooled_resource_cohesion.png	faction	positive	false
3k_main_effect_bundle_population_city_high	This city is a populous hive of activity, a centre of commerce and culture in which the lowest of commoners coexists with the mightiest of nobles.	Populous (15)	population_capacity.png	province	neutral	false
3k_main_effect_bundle_population_city_low	This city is bustling with activity, its diverse population living their lives and plying their trades day-to-day.	Bustling (13)	population_capacity.png	province	neutral	false
3k_main_effect_bundle_population_city_medium	This city is bustling with activity, its diverse population living their lives and plying their trades day-to-day.	Bustling (14)	population_capacity.png	province	neutral	false
3k_main_effect_bundle_population_city_super_high	This city is a populous hive of activity, a centre of commerce and culture in which the lowest of commoners coexists with the mightiest of nobles.	Populous (17)	population_capacity.png	province	neutral	false
3k_main_effect_bundle_population_city_very_high	This city is a populous hive of activity, a centre of commerce and culture in which the lowest of commoners coexists with the mightiest of nobles.	Populous (16)	population_capacity.png	province	neutral	false
3k_main_effect_bundle_population_city_very_low	This city is bustling with activity, its diverse population living their lives and plying their trades day-to-day.	Bustling (12)	population_capacity.png	province	neutral	false
3k_main_effect_bundle_population_he_yi_city_high	This city is a populous hive of activity, a centre of commerce and culture in which the lowest of commoners coexists with the mightiest of nobles.	Populous (15)	population_capacity.png	province	neutral	false
3k_main_effect_bundle_population_he_yi_city_low	This city is bustling with activity, its diverse population living their lives and plying their trades day-to-day.	Bustling (13)	population_capacity.png	province	neutral	false
3k_main_effect_bundle_population_he_yi_city_medium	This city is bustling with activity, its diverse population living their lives and plying their trades day-to-day.	Bustling (14)	population_capacity.png	province	neutral	false
3k_main_effect_bundle_population_he_yi_city_super_high	This city is a populous hive of activity, a centre of commerce and culture in which the lowest of commoners coexists with the mightiest of nobles.	Populous (17)	population_capacity.png	province	neutral	false
3k_main_effect_bundle_population_he_yi_city_very_high	This city is a populous hive of activity, a centre of commerce and culture in which the lowest of commoners coexists with the mightiest of nobles.	Populous (16)	population_capacity.png	province	neutral	false
3k_main_effect_bundle_population_he_yi_city_very_low	This city is bustling with activity, its diverse population living their lives and plying their trades day-to-day.	Bustling (12)	population_capacity.png	province	neutral	false
3k_main_effect_bundle_population_he_yi_metropolis_high	This metropolis is marvellous to behold, a dense and vibrant collection of interesting people and wondrous places.	Vibrant (Maximum)	population_capacity.png	province	neutral	false
3k_main_effect_bundle_population_he_yi_metropolis_low	This metropolis is marvellous to behold, a dense and vibrant collection of interesting people and wondrous places.	Vibrant (18)	population_capacity.png	province	neutral	false
3k_main_effect_bundle_population_he_yi_metropolis_medium	This metropolis is marvellous to behold, a dense and vibrant collection of interesting people and wondrous places.	Vibrant (19)	population_capacity.png	province	neutral	false
3k_main_effect_bundle_population_he_yi_town_high	This town is busy with the comings and goings of merchants, artisans and nobles alike.	Busy (9)	population_capacity.png	province	neutral	false
3k_main_effect_bundle_population_he_yi_town_low	This town hums with an energy befitting a small yet well-established settlement.	Established (7)	population_capacity.png	province	neutral	false
3k_main_effect_bundle_population_he_yi_town_medium	This town hums with an energy befitting a small yet well-established settlement.	Established (8)	population_capacity.png	province	neutral	false
3k_main_effect_bundle_population_he_yi_town_super_high	This town is busy with the comings and goings of merchants, artisans and nobles alike.	Busy (11)	population_capacity.png	province	neutral	false
3k_main_effect_bundle_population_he_yi_town_very_high	This town is busy with the comings and goings of merchants, artisans and nobles alike.	Busy (10)	population_capacity.png	province	neutral	false
3k_main_effect_bundle_population_he_yi_town_very_low	This town hums with an energy befitting a small yet well-established settlement.	Established (6)	population_capacity.png	province	neutral	false
3k_main_effect_bundle_population_he_yi_village_high	This village is a meagre yet promising community of commoners and artisans.	Meagre (3)	population_capacity.png	province	neutral	false
3k_main_effect_bundle_population_he_yi_village_low	This village is but a scattered collection of country homes and hovels.	Scattered (1)	population_capacity.png	province	neutral	false
3k_main_effect_bundle_population_he_yi_village_medium	This village is but a scattered collection of country homes and hovels.	Scattered (2)	population_capacity.png	province	neutral	false
3k_main_effect_bundle_population_he_yi_village_super_high	This village is a meagre yet promising community of commoners and artisans.	Meagre (5)	population_capacity.png	province	neutral	false
3k_main_effect_bundle_population_he_yi_village_very_high	This village is a meagre yet promising community of commoners and artisans.	Meagre (4)	population_capacity.png	province	neutral	false
3k_main_effect_bundle_population_he_yi_village_very_low	This village is but a scattered collection of country homes and hovels.	Scattered (0)	population_capacity.png	province	neutral	false
3k_main_effect_bundle_population_kong_rong_city_high	This city is a populous hive of activity, a centre of commerce and culture in which the lowest of commoners coexists with the mightiest of nobles.	Populous (15)	population_capacity.png	province	neutral	false
3k_main_effect_bundle_population_kong_rong_city_low	This city is bustling with activity, its diverse population living their lives and plying their trades day-to-day.	Bustling (13)	population_capacity.png	province	neutral	false
3k_main_effect_bundle_population_kong_rong_city_medium	This city is bustling with activity, its diverse population living their lives and plying their trades day-to-day.	Bustling (14)	population_capacity.png	province	neutral	false
3k_main_effect_bundle_population_kong_rong_city_super_high	This city is a populous hive of activity, a centre of commerce and culture in which the lowest of commoners coexists with the mightiest of nobles.	Populous (17)	population_capacity.png	province	neutral	false
3k_main_effect_bundle_population_kong_rong_city_very_high	This city is a populous hive of activity, a centre of commerce and culture in which the lowest of commoners coexists with the mightiest of nobles.	Populous (16)	population_capacity.png	province	neutral	false
3k_main_effect_bundle_population_kong_rong_city_very_low	This city is bustling with activity, its diverse population living their lives and plying their trades day-to-day.	Bustling (12)	population_capacity.png	province	neutral	false
3k_main_effect_bundle_population_kong_rong_metropolis_high	This metropolis is marvellous to behold, a dense and vibrant collection of interesting people and wondrous places.	Vibrant (Maximum)	population_capacity.png	province	neutral	false
3k_main_effect_bundle_population_kong_rong_metropolis_low	This metropolis is marvellous to behold, a dense and vibrant collection of interesting people and wondrous places.	Vibrant (18)	population_capacity.png	province	neutral	false
3k_main_effect_bundle_population_kong_rong_metropolis_medium	This metropolis is marvellous to behold, a dense and vibrant collection of interesting people and wondrous places.	Vibrant (19)	population_capacity.png	province	neutral	false
3k_main_effect_bundle_population_kong_rong_town_high	This town is busy with the comings and goings of merchants, artisans and nobles alike.	Busy (9)	population_capacity.png	province	neutral	false
3k_main_effect_bundle_population_kong_rong_town_low	This town hums with an energy befitting a small yet well-established settlement.	Established (7)	population_capacity.png	province	neutral	false
3k_main_effect_bundle_population_kong_rong_town_medium	This town hums with an energy befitting a small yet well-established settlement.	Established (8)	population_capacity.png	province	neutral	false
3k_main_effect_bundle_population_kong_rong_town_super_high	This town is busy with the comings and goings of merchants, artisans and nobles alike.	Busy (11)	population_capacity.png	province	neutral	false
3k_main_effect_bundle_population_kong_rong_town_very_high	This town is busy with the comings and goings of merchants, artisans and nobles alike.	Busy (10)	population_capacity.png	province	neutral	false
3k_main_effect_bundle_population_kong_rong_town_very_low	This town hums with an energy befitting a small yet well-established settlement.	Established (6)	population_capacity.png	province	neutral	false
3k_main_effect_bundle_population_kong_rong_village_high	This village is a meagre yet promising community of commoners and artisans.	Meagre (3)	population_capacity.png	province	neutral	false
3k_main_effect_bundle_population_kong_rong_village_low	This village is but a scattered collection of country homes and hovels.	Scattered (1)	population_capacity.png	province	neutral	false
3k_main_effect_bundle_population_kong_rong_village_medium	This village is but a scattered collection of country homes and hovels.	Scattered (2)	population_capacity.png	province	neutral	false
3k_main_effect_bundle_population_kong_rong_village_super_high	This village is a meagre yet promising community of commoners and artisans.	Meagre (5)	population_capacity.png	province	neutral	false
3k_main_effect_bundle_population_kong_rong_village_very_high	This village is a meagre yet promising community of commoners and artisans.	Meagre (4)	population_capacity.png	province	neutral	false
3k_main_effect_bundle_population_kong_rong_village_very_low	This village is but a scattered collection of country homes and hovels.	Scattered (0)	population_capacity.png	province	neutral	false
3k_main_effect_bundle_population_metropolis_high	This metropolis is marvellous to behold, a dense and vibrant collection of interesting people and wondrous places.	Vibrant (Maximum)	population_capacity.png	province	neutral	false
3k_main_effect_bundle_population_metropolis_low	This metropolis is marvellous to behold, a dense and vibrant collection of interesting people and wondrous places.	Vibrant (18)	population_capacity.png	province	neutral	false
3k_main_effect_bundle_population_metropolis_medium	This metropolis is marvellous to behold, a dense and vibrant collection of interesting people and wondrous places.	Vibrant (19)	population_capacity.png	province	neutral	false
3k_main_effect_bundle_population_town_high	This town is busy with the comings and goings of merchants, artisans and nobles alike.	Busy (9)	population_capacity.png	province	neutral	false
3k_main_effect_bundle_population_town_low	This town hums with an energy befitting a small yet well-established settlement.	Established (7)	population_capacity.png	province	neutral	false
3k_main_effect_bundle_population_town_medium	This town hums with an energy befitting a small yet well-established settlement.	Established (8)	population_capacity.png	province	neutral	false
3k_main_effect_bundle_population_town_super_high	This town is busy with the comings and goings of merchants, artisans and nobles alike.	Busy (11)	population_capacity.png	province	neutral	false
3k_main_effect_bundle_population_town_very_high	This town is busy with the comings and goings of merchants, artisans and nobles alike.	Busy (10)	population_capacity.png	province	neutral	false
3k_main_effect_bundle_population_town_very_low	This town hums with an energy befitting a small yet well-established settlement.	Established (6)	population_capacity.png	province	neutral	false
3k_main_effect_bundle_population_village_high	This village is a meagre yet promising community of commoners and artisans.	Meagre (3)	population_capacity.png	province	neutral	false
3k_main_effect_bundle_population_village_low	This village is but a scattered collection of country homes and hovels.	Scattered (1)	population_capacity.png	province	neutral	false
3k_main_effect_bundle_population_village_medium	This village is but a scattered collection of country homes and hovels.	Scattered (2)	population_capacity.png	province	neutral	false
3k_main_effect_bundle_population_village_super_high	This village is a meagre yet promising community of commoners and artisans.	Meagre (5)	population_capacity.png	province	neutral	false
3k_main_effect_bundle_population_village_very_high	This village is a meagre yet promising community of commoners and artisans.	Meagre (4)	population_capacity.png	province	neutral	false
3k_main_effect_bundle_population_village_very_low	This village is but a scattered collection of country homes and hovels.	Scattered (0)	population_capacity.png	province	neutral	false
3k_main_effect_bundle_post_siege_acting_faction_sack_food_raid	Forces have recently pillaged food.	Food Pillage	food.png	faction	positive	true
3k_main_effect_bundle_post_siege_acting_force_colonise_cancel_dummy	HIDDEN	Nothing happens	.	force	neutral	false
3k_main_effect_bundle_post_siege_acting_force_integrate_dummy	HIDDEN	Bring the settlement peacefully under your rule.	army.png	force	neutral	false
3k_main_effect_bundle_post_siege_acting_force_loot_and_occupy_military_supplies	These military supplies were pillaged after a successful siege.	Military supplies	military_supplies.png	force	positive	false
3k_main_effect_bundle_post_siege_acting_force_loot_and_occupy_military_supplies_bandits	These military supplies were pillaged after a successful siege.	Military supplies	military_supplies.png	force	positive	false
3k_main_effect_bundle_post_siege_acting_force_loot_and_occupy_military_supplies_tao_qian	These military supplies were pillaged after a successful siege.	Military supplies	military_supplies.png	force	positive	false
3k_main_effect_bundle_post_siege_acting_force_pacify_military_supplies	These military supplies were pillaged after a successful siege.	Military supplies	military_supplies.png	force	positive	false
3k_main_effect_bundle_post_siege_acting_force_pacify_military_supplies_bandits	These military supplies were pillaged after a successful siege.	Military supplies	military_supplies.png	force	positive	false
3k_main_effect_bundle_post_siege_acting_force_pacify_military_supplies_tao_qian	These military supplies were pillaged after a successful siege.	Military supplies	military_supplies.png	force	positive	false
3k_main_effect_bundle_post_siege_acting_force_pacify_yuan_shao_military_supplies	The lineage and influence of the Yuan was used to re-supply and reinforce the attacking force.	Re-supply & reinforce	military_supplies.png	force	neutral	false
3k_main_effect_bundle_post_siege_acting_force_sack_military_supplies	These military supplies were pillaged after a successful siege.	Military supplies	military_supplies.png	force	positive	false
3k_main_effect_bundle_post_siege_acting_force_sack_military_supplies_bandits	These military supplies were pillaged after a successful siege.	Military supplies	military_supplies.png	force	positive	false
3k_main_effect_bundle_post_siege_acting_force_sack_military_supplies_tao_qian	These military supplies were pillaged after a successful siege.	Military supplies	military_supplies.png	force	positive	false
3k_main_effect_bundle_progression_region_prestige_ai	 	 	.	region	neutral	true
3k_main_effect_bundle_province_bing_shangdang	Shangdang	Shangdang	building_slot_unlocks.png	region	neutral	false
3k_main_effect_bundle_province_bing_shoufang	Shoufang	Shoufang	building_slot_unlocks.png	region	neutral	false
3k_main_effect_bundle_province_bing_taiyuan	Taiyuan	Taiyuan	building_slot_unlocks.png	region	neutral	false
3k_main_effect_bundle_province_bing_xihe	Xihe	Xihe	building_slot_unlocks.png	region	neutral	false
3k_main_effect_bundle_province_bing_yanmen	Yanmen	Yanmen	building_slot_unlocks.png	region	neutral	false
3k_main_effect_bundle_province_ji_anping	Anping	Anping	building_slot_unlocks.png	region	neutral	false
3k_main_effect_bundle_province_ji_weijun	Ye	Ye	building_slot_unlocks.png	region	neutral	false
3k_main_effect_bundle_province_ji_zhongshan	Zhongshan	Zhongshan	building_slot_unlocks.png	region	neutral	false
3k_main_effect_bundle_province_jiaozhi_cangwu	Cangwu	Cangwu	building_slot_unlocks.png	region	neutral	false
3k_main_effect_bundle_province_jiaozhi_gaoliang	Gaoliang	Gaoliang	building_slot_unlocks.png	region	neutral	false
3k_main_effect_bundle_province_jiaozhi_hepu	Hepu	Hepu	building_slot_unlocks.png	region	neutral	false
3k_main_effect_bundle_province_jiaozhi_jiaozhi	Jiaozhi	Jiaozhi	building_slot_unlocks.png	region	neutral	false
3k_main_effect_bundle_province_jiaozhi_nanhai	Nanhai	Nanhai	building_slot_unlocks.png	region	neutral	false
3k_main_effect_bundle_province_jiaozhi_yulin	Bushan	Bushan	building_slot_unlocks.png	region	neutral	false
3k_main_effect_bundle_province_jing_changsha	Changsha	Changsha	building_slot_unlocks.png	region	neutral	false
3k_main_effect_bundle_province_jing_jiangxia	Jiangxia	Jiangxia	building_slot_unlocks.png	region	neutral	false
3k_main_effect_bundle_province_jing_jingzhou	Jingzhou	Jingzhou	building_slot_unlocks.png	region	neutral	false
3k_main_effect_bundle_province_jing_lingling	Lingling	Lingling	building_slot_unlocks.png	region	neutral	false
3k_main_effect_bundle_province_jing_nanyang	Nanyang	Nanyang	building_slot_unlocks.png	region	neutral	false
3k_main_effect_bundle_province_jing_runan	Runan	Runan	building_slot_unlocks.png	region	neutral	false
3k_main_effect_bundle_province_jing_wuling	Wuling	Wuling	building_slot_unlocks.png	region	neutral	false
3k_main_effect_bundle_province_jing_xiangyang	Xiangyang	Xiangyang	building_slot_unlocks.png	region	neutral	false
3k_main_effect_bundle_province_liang_anding	Anding	Anding	building_slot_unlocks.png	region	neutral	false
3k_main_effect_bundle_province_liang_jincheng	Jincheng	Jincheng	building_slot_unlocks.png	region	neutral	false
3k_main_effect_bundle_province_liang_wudu	Xiabian	Xiabian	building_slot_unlocks.png	region	neutral	false
3k_main_effect_bundle_province_liang_wuwei	Wuwei	Wuwei	building_slot_unlocks.png	region	neutral	false
3k_main_effect_bundle_province_qing_beihai	Beihai	Beihai	building_slot_unlocks.png	region	neutral	false
3k_main_effect_bundle_province_qing_donglai	Donglai	Donglai	building_slot_unlocks.png	region	neutral	false
3k_main_effect_bundle_province_qing_pingyuan	Pingyuan	Pingyuan	building_slot_unlocks.png	region	neutral	false
3k_main_effect_bundle_province_qing_taishan	Taishan	Taishan	building_slot_unlocks.png	region	neutral	false
3k_main_effect_bundle_province_sili_changan	Changan	Changan	building_slot_unlocks.png	region	neutral	false
3k_main_effect_bundle_province_sili_hedong	Hedong	Hedong	building_slot_unlocks.png	region	neutral	false
3k_main_effect_bundle_province_sili_luoyang	Luoyang	Luoyang	building_slot_unlocks.png	region	neutral	false
3k_main_effect_bundle_province_xu_donghai	Donghai	Donghai	building_slot_unlocks.png	region	neutral	false
3k_main_effect_bundle_province_xu_guangling	Huaiyin	Huaiyin	building_slot_unlocks.png	region	neutral	false
3k_main_effect_bundle_province_xu_langye	Langye	Langye	building_slot_unlocks.png	region	neutral	false
3k_main_effect_bundle_province_xu_penchang	Penchang	Penchang	building_slot_unlocks.png	region	neutral	false
3k_main_effect_bundle_province_yan_dongjun	Dongjun	Dongjun	building_slot_unlocks.png	region	neutral	false
3k_main_effect_bundle_province_yan_henei	Henei	Henei	building_slot_unlocks.png	region	neutral	false
3k_main_effect_bundle_province_yan_yingchuan	Xuchang	Xuchang	building_slot_unlocks.png	region	neutral	false
3k_main_effect_bundle_province_yang_dongou	Dongou	Dongou	building_slot_unlocks.png	region	neutral	false
3k_main_effect_bundle_province_yang_jianan	Jianan	Jianan	building_slot_unlocks.png	region	neutral	false
3k_main_effect_bundle_province_yang_jianye	Jianye	Jianye	building_slot_unlocks.png	region	neutral	false
3k_main_effect_bundle_province_yang_kuaiji	Kuaiji	Kuaiji	building_slot_unlocks.png	region	neutral	false
3k_main_effect_bundle_province_yang_lujiang	Hefei	Hefei	building_slot_unlocks.png	region	neutral	false
3k_main_effect_bundle_province_yang_luling	Luling	Luling	building_slot_unlocks.png	region	neutral	false
3k_main_effect_bundle_province_yang_poyang	Poyang	Poyang	building_slot_unlocks.png	region	neutral	false
3k_main_effect_bundle_province_yang_tongan	Tongan	Tongan	building_slot_unlocks.png	region	neutral	false
3k_main_effect_bundle_province_yang_xindu	Xindu	Xindu	building_slot_unlocks.png	region	neutral	false
3k_main_effect_bundle_province_yang_yangzhou	Shouchun	Shouchun	building_slot_unlocks.png	region	neutral	false
3k_main_effect_bundle_province_yang_ye	Hougouan	Hougouan	building_slot_unlocks.png	region	neutral	false
3k_main_effect_bundle_province_yang_yuzhang	Yuzhang	Yuzhang	building_slot_unlocks.png	region	neutral	false
3k_main_effect_bundle_province_yi_badong	Yong'an	Yong'an	building_slot_unlocks.png	region	neutral	false
3k_main_effect_bundle_province_yi_bajun	Ba	Ba	building_slot_unlocks.png	region	neutral	false
3k_main_effect_bundle_province_yi_baxi	Langzhong	Langzhong	building_slot_unlocks.png	region	neutral	false
3k_main_effect_bundle_province_yi_chengdu	Chengdu	Chengdu	building_slot_unlocks.png	region	neutral	false
3k_main_effect_bundle_province_yi_fuling	Fuling	Fuling	building_slot_unlocks.png	region	neutral	false
3k_main_effect_bundle_province_yi_hanzhong	Hanzhong	Hanzhong	building_slot_unlocks.png	region	neutral	false
3k_main_effect_bundle_province_yi_jiangyang	Jiangyang	Jiangyang	building_slot_unlocks.png	region	neutral	false
3k_main_effect_bundle_province_yi_jianning	Jianning	Jianning	building_slot_unlocks.png	region	neutral	false
3k_main_effect_bundle_province_yi_shangyong	Shangyong	Shangyong	building_slot_unlocks.png	region	neutral	false
3k_main_effect_bundle_province_yi_yizhou	Yizhou	Yizhou	building_slot_unlocks.png	region	neutral	false
3k_main_effect_bundle_province_yi_zangke	Zangke	Zangke	building_slot_unlocks.png	region	neutral	false
3k_main_effect_bundle_province_you_bohai	Bohai	Bohai	building_slot_unlocks.png	region	neutral	false
3k_main_effect_bundle_province_you_daijun	Gaoliu	Gaoliu	building_slot_unlocks.png	region	neutral	false
3k_main_effect_bundle_province_you_youbeiping	Youbeiping	Youbeiping	building_slot_unlocks.png	region	neutral	false
3k_main_effect_bundle_province_you_youzhou	Youzhou	Youzhou	building_slot_unlocks.png	region	neutral	false
3k_main_effect_bundle_province_you_yu	Yu	Yu	building_slot_unlocks.png	region	neutral	false
3k_main_effect_bundle_province_yu_chenjun	Chenjun	Chenjun	building_slot_unlocks.png	region	neutral	false
3k_main_effect_bundle_public_order_content_main_chinese	The people in this {{tr:map_province}} are content with your rule.	Content	public_order.png	province	neutral	false
3k_main_effect_bundle_public_order_content_outlaws	The people in this {{tr:map_province}} are content with your rule.	Content	public_order.png	province	neutral	false
3k_main_effect_bundle_public_order_happy_main_chinese	The people in this {{tr:map_province}} are happy under your rule.	Happy	public_order.png	province	neutral	false
3k_main_effect_bundle_public_order_happy_outlaws	The people in this {{tr:map_province}} are happy under your rule.	Happy	public_order.png	province	neutral	false
3k_main_effect_bundle_public_order_indifferent_main_chinese	The people in this {{tr:map_province}} are indifferent to your rule.	Indifferent	public_order.png	province	neutral	false
3k_main_effect_bundle_public_order_indifferent_outlaws	The people in this {{tr:map_province}} are indifferent to your rule.	Indifferent	public_order.png	province	neutral	false
3k_main_effect_bundle_public_order_jubilant_main_chinese	The people in this {{tr:map_province}} are jubilant due to your wise rule.	Jubilant	public_order.png	province	neutral	false
3k_main_effect_bundle_public_order_jubilant_outlaws	The people in this {{tr:map_province}} are jubilant due to your wise rule.	Jubilant	public_order.png	province	neutral	false
3k_main_effect_bundle_public_order_outraged_main_chinese	The people in this {{tr:map_province}} are outraged by your negligence.	Outraged	public_order.png	province	neutral	false
3k_main_effect_bundle_public_order_outraged_outlaws	The people in this {{tr:map_province}} are outraged by your negligence.	Outraged	public_order.png	province	neutral	false
3k_main_effect_bundle_public_order_troubled_main_chinese	The people in this {{tr:map_province}} are troubled by your rule.	Troubled	public_order.png	province	neutral	false
3k_main_effect_bundle_public_order_troubled_outlaws	The people in this {{tr:map_province}} are troubled by your rule.	Troubled	public_order.png	province	neutral	false
3k_main_effect_bundle_public_order_unhappy_main_chinese	The people in this {{tr:map_province}} are unhappy with your leadership.	Unhappy	public_order.png	province	neutral	false
3k_main_effect_bundle_public_order_unhappy_outlaws	The people in this {{tr:map_province}} are unhappy with your leadership.	Unhappy	public_order.png	province	neutral	false
3k_main_effect_bundle_satisfaction_1	You have more generals with very low satisfaction than those with very high satisfaction; the resulting negative sentiment is causing disruption.	Satisfaction: Low	satisfaction.png	faction	negative	true
3k_main_effect_bundle_satisfaction_2	Satisfaction within your faction is in a state of relative balance; all is well.	Satisfaction: Balanced	satisfaction.png	faction	neutral	false
3k_main_effect_bundle_satisfaction_3	You have more generals with very high satisfaction than those with very low satisfaction; the resulting positive sentiment is proving advantageous.	Satisfaction: High	satisfaction.png	faction	positive	true
3k_main_effect_bundle_satisfaction_character_2	 	 	satisfaction.png	character	negative	false
3k_main_effect_bundle_satisfaction_character_3	 	 	satisfaction.png	character	positive	false
3k_main_effect_bundle_satisfaction_character_4	 	 	satisfaction.png	character	positive	false
3k_main_effect_bundle_settlement_under_siege_minor_settlement	This settlement is under siege.	Under Siege	siege_attrition.png	region	negative	true
3k_main_effect_bundle_settlement_under_siege_province_capital	This settlement is under siege.	Under Siege	siege_attrition.png	region	negative	true
3k_main_effect_bundle_supply_stockpile_0_empty	Reserves in this commandery are depleted. The reserve level in a commandery will make the population feel more secure, or less so, and determines hold-out time when under siege.	Empty (1)	supply_stockpile_capacity.png	province	neutral	false
3k_main_effect_bundle_supply_stockpile_1_limited	Reserves in this commandery are limited. The reserve level in a commandery will make the population feel more secure, or less so, and determines hold-out time when under siege.	Limited (2)	supply_stockpile_capacity.png	province	neutral	false
3k_main_effect_bundle_supply_stockpile_2_tight	Reserves in this commandery are tight. The reserve level in a commandery will make the population feel more secure, or less so, and determines hold-out time when under siege.	Tight (3)	supply_stockpile_capacity.png	province	neutral	false
3k_main_effect_bundle_supply_stockpile_3_stable	Reserves in this commandery are stable. The reserve level in a commandery will make the population feel more secure, or less so, and determines hold-out time when under siege.	Stable (4)	supply_stockpile_capacity.png	province	neutral	false
3k_main_effect_bundle_supply_stockpile_4_supplied	This commandery is well supplied with reserves. The reserve level in a commandery will make the population feel more secure, or less so, and determines hold-out time when under siege.	Supplied (5)	supply_stockpile_capacity.png	province	neutral	false
3k_main_effect_bundle_supply_stockpile_5_full	Reserves in this commandery are full. The reserve level in a commandery will make the population feel more secure, or less so, and determines hold-out time when under siege.	Full (6)	supply_stockpile_capacity.png	province	neutral	false
3k_main_effect_bundle_supply_stockpile_6_abundant	Reserves in this commandery are abundant. The reserve level in a commandery will make the population feel more secure, or less so, and determines hold-out time when under siege.	Abundant (Maximum)	supply_stockpile_capacity.png	province	neutral	false
3k_main_effect_bundle_supply_stockpile_easy_0_empty	Reserves in this commandery are limited. The reserve level in a commandery will make the population feel more secure, or less so, and determines hold-out time when under siege.	Limited (2)	supply_stockpile_capacity.png	province	neutral	false
3k_main_effect_bundle_supply_stockpile_easy_1_limited	Reserves in this commandery are stable. The reserve level in a commandery will make the population feel more secure, or less so, and determines hold-out time when under siege.	Stable (4)	supply_stockpile_capacity.png	province	neutral	false
3k_main_effect_bundle_supply_stockpile_easy_2_tight	Reserves in this commandery are abundant. The reserve level in a commandery will make the population feel more secure, or less so, and determines hold-out time when under siege.	Abundant (Maximum)	supply_stockpile_capacity.png	province	neutral	false
3k_main_effect_bundle_supply_stockpile_easy_3_stable	This commandery is well supplied with reserves. The reserve level in a commandery will make the population feel more secure, or less so, and determines hold-out time when under siege.	Supplied (5)	supply_stockpile_capacity.png	province	neutral	false
3k_main_effect_bundle_supply_stockpile_easy_4_supplied	Reserves in this commandery are full. The reserve level in a commandery will make the population feel more secure, or less so, and determines hold-out time when under siege.	Full (6)	supply_stockpile_capacity.png	province	neutral	false
3k_main_effect_bundle_supply_stockpile_easy_5_full	Reserves in this commandery are tight. The reserve level in a commandery will make the population feel more secure, or less so, and determines hold-out time when under siege.	Tight (3)	supply_stockpile_capacity.png	province	neutral	false
3k_main_effect_bundle_supply_stockpile_easy_6_abundant	Reserves in this commandery are depleted. The reserve level in a commandery will make the population feel more secure, or less so, and determines hold-out time when under siege.	Empty (1)	supply_stockpile_capacity.png	province	neutral	false
3k_main_effect_bundle_supply_stockpile_legendary_0_empty	Reserves in this commandery are limited. The reserve level in a commandery will make the population feel more secure, or less so, and determines hold-out time when under siege.	Limited (2)	supply_stockpile_capacity.png	province	neutral	false
3k_main_effect_bundle_supply_stockpile_legendary_1_limited	Reserves in this commandery are stable. The reserve level in a commandery will make the population feel more secure, or less so, and determines hold-out time when under siege.	Stable (4)	supply_stockpile_capacity.png	province	neutral	false
3k_main_effect_bundle_supply_stockpile_legendary_2_tight	Reserves in this commandery are abundant. The reserve level in a commandery will make the population feel more secure, or less so, and determines hold-out time when under siege.	Abundant (Maximum)	supply_stockpile_capacity.png	province	neutral	false
3k_main_effect_bundle_supply_stockpile_legendary_3_stable	This commandery is well supplied with reserves. The reserve level in a commandery will make the population feel more secure, or less so, and determines hold-out time when under siege.	Supplied (5)	supply_stockpile_capacity.png	province	neutral	false
3k_main_effect_bundle_supply_stockpile_legendary_4_supplied	Reserves in this commandery are full. The reserve level in a commandery will make the population feel more secure, or less so, and determines hold-out time when under siege.	Full (6)	supply_stockpile_capacity.png	province	neutral	false
3k_main_effect_bundle_supply_stockpile_legendary_5_full	Reserves in this commandery are tight. The reserve level in a commandery will make the population feel more secure, or less so, and determines hold-out time when under siege.	Tight (3)	supply_stockpile_capacity.png	province	neutral	false
3k_main_effect_bundle_supply_stockpile_legendary_6_abundant	Reserves in this commandery are depleted. The reserve level in a commandery will make the population feel more secure, or less so, and determines hold-out time when under siege.	Empty (1)	supply_stockpile_capacity.png	province	neutral	false
3k_main_effect_bundle_supply_stockpile_very_hard_0_empty	Reserves in this commandery are limited. The reserve level in a commandery will make the population feel more secure, or less so, and determines hold-out time when under siege.	Limited (2)	supply_stockpile_capacity.png	province	neutral	false
3k_main_effect_bundle_supply_stockpile_very_hard_1_limited	Reserves in this commandery are stable. The reserve level in a commandery will make the population feel more secure, or less so, and determines hold-out time when under siege.	Stable (4)	supply_stockpile_capacity.png	province	neutral	false
3k_main_effect_bundle_supply_stockpile_very_hard_2_tight	Reserves in this commandery are abundant. The reserve level in a commandery will make the population feel more secure, or less so, and determines hold-out time when under siege.	Abundant (Maximum)	supply_stockpile_capacity.png	province	neutral	false
3k_main_effect_bundle_supply_stockpile_very_hard_3_stable	This commandery is well supplied with reserves. The reserve level in a commandery will make the population feel more secure, or less so, and determines hold-out time when under siege.	Supplied (5)	supply_stockpile_capacity.png	province	neutral	false
3k_main_effect_bundle_supply_stockpile_very_hard_4_supplied	Reserves in this commandery are full. The reserve level in a commandery will make the population feel more secure, or less so, and determines hold-out time when under siege.	Full (6)	supply_stockpile_capacity.png	province	neutral	false
3k_main_effect_bundle_supply_stockpile_very_hard_5_full	Reserves in this commandery are tight. The reserve level in a commandery will make the population feel more secure, or less so, and determines hold-out time when under siege.	Tight (3)	supply_stockpile_capacity.png	province	neutral	false
3k_main_effect_bundle_supply_stockpile_very_hard_6_abundant	Reserves in this commandery are depleted. The reserve level in a commandery will make the population feel more secure, or less so, and determines hold-out time when under siege.	Empty (1)	supply_stockpile_capacity.png	province	neutral	false
3k_main_effect_bundle_tao_qian_bonus_income	HIDDEN	HIDDEN	.	faction	neutral	false
3k_main_effect_bundle_vanguard_deployment	Let your rapidity be that of the wind, your compactness that of the forest. 	Seize the initiative	unit_attributes.png	faction	positive	true
3k_main_effect_bundle_world_leader_effects_faction_han	Having proven the Mandate of Heaven, you are considered worthy to carry the responsibility of the empire.	Empire	prestige.png	faction	positive	true
3k_main_effect_bundle_world_leader_effects_faction_yellow_turban	Having overthrown those unworthy of the Mandate of Heaven, you now rise to assume that burden as the new emperor	Yellow Sky Mandate	research_rate_increase.png	faction	positive	true
3k_main_effect_bundle_world_leader_effects_region	The capital of an emperor and his realm.	Seat of an Emperor	prestige.png	region	positive	true
3k_main_faction_trait_cao_cao	The wily Cao Cao sees opportunity in the hardships of others, skewing things to his advantage.	Strategic Mastermind	pooled_resource_credibility.png	faction	positive	true
3k_main_faction_trait_gongsun_zan_character_province_mod_earth	There is much a general learns managing the logistics of an army.	Administrative Inspector	unit_attributes.png	force	positive	true
3k_main_faction_trait_gongsun_zan_character_province_mod_fire	A man who can motivate the hearts of the people will be in no short supply of able men.	Military Inspector	unit_attributes.png	force	positive	true
3k_main_faction_trait_gongsun_zan_character_province_mod_metal	State enterprises provide employment opprtunities to give the common man promise of a better future.	Industrial Inspector	unit_attributes.png	force	positive	true
3k_main_faction_trait_gongsun_zan_character_province_mod_water	Mathematics is the universal language of logic and this man studied the art well.	Economic Inspector	unit_attributes.png	force	positive	true
3k_main_faction_trait_gongsun_zan_character_province_mod_wood	Knowledge of the land is not only applicable to matters of warfare.	Agricultural Inspector	unit_attributes.png	force	positive	true
3k_main_faction_trait_kong_rong	Kong Rong claims descent from the great Confucius himself, attested to by his remarkable wit and scholarly fame.	Scholar of Jian'an	population_growth.png	faction	positive	true
3k_main_faction_trait_liu_bei	Despite having come from modest beginnings, the blood of ancient Han emperors flows through Liu Bei’s veins.	Leader of the People	pooled_resource_cohesion.png	faction	positive	true
3k_main_faction_trait_liu_biao	A man seldom ruffled, Liu Biao demonstrates his aristocratic pedigree through stable officiality.	Gentleman of the Han	public_order.png	faction	positive	true
3k_main_faction_trait_ma_teng	Born foragers, Ma Teng and his followers have learned to survive in harsh conditions.	Foraging & Supplies	military_supplies.png	faction	positive	true
3k_main_faction_trait_sun_jian	Claiming ancestry with the renowned military strategist Sun Tzu, the fearless Sun Jian has war flowing through his veins.	The Tiger of Jiangdong	pooled_resource_heroism.png	faction	positive	true
3k_main_faction_trait_yuan_shao	Yuan Shao's astuteness, dignity and arrogance are the mark of his ancestors, many of whom served emperors past.	The Dragon of the Yuan	pooled_resource_lineage.png	faction	positive	true
3k_main_faction_trait_zhang_yan	 	The Flying Swallow	ambush.png	faction	positive	true
3k_main_faction_trait_zheng_jian	 	The Bandit Queen	pooled_resource_infamy.png	faction	positive	true
3k_main_frontend_leader_bundle_cao_cao_ruler	 	 	satisfaction.png	faction	positive	true
3k_main_frontend_leader_bundle_dong_zhuo_ruler	 	 	satisfaction.png	faction	positive	true
3k_main_frontend_leader_bundle_gong_du_ruler	 	 	satisfaction.png	faction	positive	false
3k_main_frontend_leader_bundle_gongsun_zan_ruler	 	 	satisfaction.png	faction	positive	true
3k_main_frontend_leader_bundle_he_yi_ruler	 	 	satisfaction.png	faction	positive	false
3k_main_frontend_leader_bundle_huang_shao_ruler	 	 	satisfaction.png	faction	positive	false
3k_main_frontend_leader_bundle_kong_rong_ruler	 	 	satisfaction.png	faction	positive	true
3k_main_frontend_leader_bundle_liu_bei_ruler	 	 	satisfaction.png	faction	positive	true
3k_main_frontend_leader_bundle_liu_biao_ruler	 	 	satisfaction.png	faction	positive	true
3k_main_frontend_leader_bundle_ma_teng_ruler	 	 	satisfaction.png	faction	positive	true
3k_main_frontend_leader_bundle_sun_jian_ruler	 	 	satisfaction.png	faction	positive	true
3k_main_frontend_leader_bundle_yellow_anding_ruler	 	 	satisfaction.png	faction	positive	true
3k_main_frontend_leader_bundle_yellow_taishan_ruler	 	 	satisfaction.png	faction	positive	true
3k_main_frontend_leader_bundle_yellow_turban_ruler	 	 	satisfaction.png	faction	positive	true
3k_main_frontend_leader_bundle_yuan_shao_ruler	 	 	satisfaction.png	faction	positive	true
3k_main_frontend_leader_bundle_yuan_shu_ruler	 	 	satisfaction.png	faction	positive	true
3k_main_frontend_leader_bundle_zhang_yan_ruler	 	 	satisfaction.png	faction	positive	true
3k_main_frontend_leader_bundle_zheng_jiang_ruler	 	 	satisfaction.png	faction	positive	true
3k_main_frontend_leader_cao_cao_specialisation	[[b]]Credibility[[/b]] is this faction's unique resource.\n\n[[i]][[col:flavour]]Credibility represents the diplomatic respect and influence of this faction. It can be used to manipulate and influence others in diplomacy.[[/col]][[/i]]	Credibility	3k_main_pooled_resource_credibility.png	faction	positive	true
3k_main_frontend_leader_dong_zhuo_specialisation	[[b]]Intimidation[[/b]] is this faction's unique resource.\n\n[[i]][[col:flavour]]Imperial authority is displayed through acts of domination, power and brutality.[[/col]][[/i]]	Intimidation	3k_main_pooled_resource_intimidation.png	faction	positive	true
3k_main_frontend_leader_gongsun_zan_specialisation	 	Military Government	.	faction	positive	true
3k_main_frontend_leader_kong_rong_specialisation	 	Trade Monopoly	3k_main_ui_building_group_district_market.png	faction	positive	true
3k_main_frontend_leader_liu_bei_specialisation	[[b]]Unity[[/b]] is this faction's unique resource.\n\n[[i]][[col:flavour]]Cohesion and unity are the seeds from which a new dynasty will grow. A new age of hope will not be built on the fragile foundation of a divided realm.[[/col]][[/i]]	Unity	3k_main_pooled_resource_cohesion.png	faction	positive	true
3k_main_frontend_leader_liu_biao_specialisation	[[b]]Governance[[/b]] is this faction's unique resource.\n\n[[i]][[col:flavour]]Governance represents the influence and favour that this leader has with the Han government.[[/col]][[/i]]	Governance	3k_main_pooled_resource_heroism.png	faction	positive	true
3k_main_frontend_leader_liu_yan_specialisation	 	Aspiration	placeholder.png1517580224	faction	positive	true
3k_main_frontend_leader_ma_teng_specialisation	 	Foraging & Supplies	.	faction	positive	true
3k_main_frontend_leader_sun_jian_specialisation	[[b]]Heroism[[/b]] is this faction's unique resource.\n\n[[i]][[col:flavour]]The display of heroic leadership will inspire troops and people alike, yielding a great fortune for your realm.[[/col]][[/i]]	Heroism	3k_main_pooled_resource_heroism.png	faction	positive	true
3k_main_frontend_leader_yuan_shao_specialisation	[[b]]Lineage[[/b]] is this faction's unique resource.\n\n[[i]][[col:flavour]]The illustrious lineage of the Yuan family can open doors and create opportunities. For the common soldier, the lineage of Yuan Shao and his descendants is a flame of inspiration; a flame that demands to be fuelled with courage and prestige.[[/col]][[/i]]	Lineage	3k_main_pooled_resource_lineage.png	faction	positive	true
3k_main_frontend_leader_yuan_shu_specialisation	[[b]]Legitimacy[[/b]] is this faction's unique resource.\n\n[[i]][[col:flavour]]Those who believe themselves the legitimate rulers of China must still prove themselves to others - this is the measure of success for achieving legitimacy.[[/col]][[/i]]	Legitimacy	3k_main_pooled_resource_conceit.png	faction	positive	true
3k_main_frontend_leader_zhang_yan_specialisation	 	Opportunistic Alignment	.	faction	positive	true
3k_main_frontend_leader_zheng_jiang_specialisation	[[b]]Infamy[[/b]] is this faction's unique resource.\n\n[[i]][[col:flavour]]Infamy instils respect in your enemies and measures the success of your exploits.[[/col]][[/i]]	Infamy	3k_main_pooled_resource_infamy.png	faction	positive	true
3k_main_historical_mission_payload_01	You are on the Path of Glory and inspire your people!	Path of Glory	prestige.png	faction	positive	true
3k_main_historical_mission_payload_02	You are on the Path of Glory and inspire your people!	Path of Glory	prestige.png	faction	positive	true
3k_main_historical_mission_payload_03	You are on the Path of Glory and inspire your people!	Path of Glory	prestige.png	faction	positive	true
3k_main_historical_mission_payload_04	You are on the Path of Glory and inspire your people!	Path of Glory	prestige.png	faction	positive	true
3k_main_introduction_mission_payload_cao_cao	Credibility represents the diplomatic respect and influence of this faction. It can be used to manipulate and influence others in diplomacy.	Your credibility increases!	pooled_resource_credibility.png	faction	positive	true
3k_main_introduction_mission_payload_capture_regions	Keep the locals happy and gain their support!	Support from the People	satisfaction.png	faction	positive	true
3k_main_introduction_mission_payload_construct_building	Construction costs money and takes time!	Your Economy Grows	construction_city_level.png	faction	positive	true
3k_main_introduction_mission_payload_defeat_force	Keep your forces supplied and your men will thank you!	Taste of Victory	army.png	faction	positive	true
3k_main_introduction_mission_payload_dong_zhuo	Imperial authority is displayed through acts of domination, power and brutality.	Your intimidation grows!	pooled_resource_intimidation.png	faction	positive	true
3k_main_introduction_mission_payload_gongsun_zan	Keep your momentum, do not slow down!	You gain momentum!	army.png	faction	positive	true
3k_main_introduction_mission_payload_kong_rong	Keep your momentum, do not slow down!	You gain momentum!	trade_influence.png	faction	positive	true
3k_main_introduction_mission_payload_liu_bei	Cohesion and unity are the seeds from which a new dynasty will grow. A new age of hope will not be built on the fragile foundation of a divided realm.	Your unity grows!	pooled_resource_cohesion.png	faction	positive	true
3k_main_introduction_mission_payload_liu_biao	Keep your momentum, do not slow down!	You gain momentum!	army.png	faction	positive	true
3k_main_introduction_mission_payload_ma_teng	Keep your momentum, do not slow down!	You gain momentum!	army.png	faction	positive	true
3k_main_introduction_mission_payload_prince_liu_chong	Soldiers and civilians alike hear of your prowess, and your legend grows.	Your legend spreads	army.png	faction	positive	true
3k_main_introduction_mission_payload_recruit_units	Units gain experience and can be replenished!	Growing might	army.png	faction	positive	true
3k_main_introduction_mission_payload_sun_jian	The display of heroic leadership will inspire troops and people alike, yielding a great fortune for your realm.	Your heroism increases!	pooled_resource_heroism.png	faction	positive	true
3k_main_introduction_mission_payload_tao_qian	You have brought peace to a fractured land.	Peacemaker	public_order.png	faction	positive	true
3k_main_introduction_mission_payload_yuan_shao	The illustrious lineage of the Yuan family can open doors and create opportunities. For the common soldier, Yuan Shao's line is a flame of inspiration; a flame that demands to be fuelled with courage and prestige.	Your lineage increases!	pooled_resource_lineage.png	faction	positive	true
3k_main_introduction_mission_payload_yuan_shu	Those who believe themselves the legitimate rulers of China must still prove themselves to others - this is the measure of success for achieving credibility.	Your legitimacy increases!	3k_main_pooled_resource_conceit.png	faction	positive	true
3k_main_introduction_mission_payload_zhang_yan	Keep your momentum, do not slow down!	You gain momentum!	army.png	faction	positive	true
3k_main_introduction_mission_payload_zheng_jiang	Infamy instils respect in your enemies and measures the success of your exploits.	Your infamy grows!	pooled_resource_infamy.png	faction	positive	true
3k_main_payload_ammunition_forcewide	The great Zhuge is at it again!	10,000 Arrows	ammo.png	force	positive	true
3k_main_payload_assignment_black_market_investigation	Investigating the black market will turn up a random ancillary.	Black Market Investigation	army.png	province	neutral	true
3k_main_payload_character_action_banish_1	The cruel necessity of banishment will drive the banished into vengeance, and bystanders into fear.	Banish	.	faction	neutral	true
3k_main_payload_character_action_banish_2	The cruel necessity of banishment will drive the banished into vengeance and bystanders into fear.	Banish	.	faction	positive	true
3k_main_payload_character_action_banish_3	The cruel necessity of banishment will drive the banished into vengeance and bystanders into fear.	Banish	.	faction	positive	true
3k_main_payload_character_action_banish_4	The cruel necessity of banishment will drive the banished into vengeance and bystanders into fear.	Banish	.	faction	positive	true
3k_main_payload_character_action_banish_dong_zhuo_execution_1_faction	The iron fist of authority instils respect through fear.	Execution	3k_main_pooled_resource_intimidation.png	faction	negative	true
3k_main_payload_character_action_banish_dong_zhuo_execution_2_faction	The iron fist of authority instils respect through fear.	Execution	3k_main_pooled_resource_intimidation.png	faction	negative	true
3k_main_payload_character_action_banish_dong_zhuo_execution_3_faction	The iron fist of authority instils respect through fear.	Execution	3k_main_pooled_resource_intimidation.png	faction	negative	true
3k_main_payload_character_action_banish_dong_zhuo_execution_4_faction	The iron fist of authority instils respect through fear.	Execution	3k_main_pooled_resource_intimidation.png	faction	negative	true
3k_main_payload_character_action_grant_independence	Grant the governor their independence. Perhaps one day, they will return the favour.	Grant Independence	no_effect.png	character	positive	true
3k_main_payload_character_action_release_from_service	Release this character from serving you and dismiss them from your faction.	Release from Service	.	faction	positive	true
3k_main_payload_character_character_own_satisfaction_increase	This person's noble comportment has impressed many others.	Noble Individual	satisfaction.png	character	positive	true
3k_main_payload_character_character_own_satisfaction_reduce	This person's contemptuous deeds have angered many others.	Contemptuous Individual	satisfaction.png	character	negative	true
3k_main_payload_character_faction_construction_wood_bonus	This person's expertise has enabled more efficient agrarian developments.	Agrarian Developer	food.png	character	positive	true
3k_main_payload_character_faction_gdp_mod_decrease	A flood of income has caused prices to rise, driving inflation.	Inflation	money.png	faction	negative	true
3k_main_payload_character_faction_spy_action_cost_increase	This person claims to have eyes in the back of their head. None dare to test this theory...	Vigilance	spies.png	character	positive	true
3k_main_payload_character_famous	This individual's deeds are spreading far and wide, bringing fear to their foes and adulation from their allies.	Famous	army.png	character	positive	true
3k_main_payload_character_force_replenishment_decrease	This character's force is suffering from a lack of recruits.	Decreased Recruitment	army.png	character	negative	true
3k_main_payload_character_force_replenishment_increase	This character's force is seeing a large influx of new troops.	Increased Recruitment	replenishment.png	character	positive	true
3k_main_payload_character_force_supply_decrease	This character's recent deeds have impacted their force's supplies.	Dwindling Supplies	military_supplies.png	faction	negative	true
3k_main_payload_character_force_supply_increase	This character's recent deeds have impacted their force's supplies.	Plentiful Supplies	military_supplies.png	faction	positive	true
3k_main_payload_character_military_enemy_morale_reduce	This person's deeds strike fear into the hearts of their enemies!	Fearsome Adversary	stat_morale.png	character	positive	true
3k_main_payload_character_military_own_action_points_decrease	This person's incompetence has hindered their army's progress.	Incompetent Strategist	army.png	character	negative	true
3k_main_payload_character_military_own_experience_bonus	This person's rigourous training ethic has led their troops to improve their performance.	Drill Master	army.png	character	positive	true
3k_main_payload_character_military_own_morale_decrease	This person's actions have discredited them in the eyes of their soldiers.	Risible Presence	army.png	character	negative	true
3k_main_payload_character_military_own_morale_increase	This person is an inspiration to the troops serving under them!	Inspiring Presence	army.png	character	positive	true
3k_main_payload_character_military_provincewide_experience_bonus	This person's rigourous training ethic has led all troops in the commandery to improve their performance.	Enlistment	army.png	character	positive	true
3k_main_payload_character_province_commerce_gdp_mod_increase	This person's expertise has led to a commercial upturn within their commandery.	Commercial Genius	prestige.png	character	positive	true
3k_main_payload_character_province_construction_from_military_bonus	This person has diverted military resources to further civic developments within their commandery.	Constructive Reallocation	prestige.png	character	positive	true
3k_main_payload_character_province_construction_time_decrease	Some say this administrator is born of the wind	Boundless Energy	food.png	character	positive	true
3k_main_payload_character_province_corruption_decrease	This person's righteous ways have led to a downturn in corruption across their commandery.	Incorruptible Administrator	prestige.png	character	positive	true
3k_main_payload_character_province_corruption_major_increase	Your recent reappropriation of lands has led to an increase in corruption across your empire.	Corrupt Administration	prestige.png	faction	negative	true
3k_main_payload_character_province_corruption_minor_increase	Your recent reappropriation of lands has led to an increase in corruption across your empire.	Corrupt Administration	prestige.png	faction	negative	true
3k_main_payload_character_province_food_decrease	This character's recent deeds have impacted local food production.	Poor Harvest	food.png	faction	negative	true
3k_main_payload_character_province_food_increase	This character's recent deeds have impacted local food production.	Good Harvest	food.png	character	positive	true
3k_main_payload_character_province_hero_public_order_increase	This person's actions have earned them the love of the local populace.	Local Hero	prestige.png	character	positive	true
3k_main_payload_character_province_industry_gdp_mod_increase	This person's expertise has led to an industry upturn within their commandery.	Industry Veteran	prestige.png	character	positive	true
3k_main_payload_character_province_military_from_construction_bonus	This person has diverted civic resources to further military ambitions within their commandery.	Martial Reallocation	army.png	character	positive	true
3k_main_payload_character_province_peasantry_gdp_mod_increase	This person's expertise has led to an agricultural upturn within their commandery.	Agricultural Master	prestige.png	character	positive	true
3k_main_payload_character_province_population_growth_decrease	Hearing of this character's deeds, fewer are migrating to their lands.	Decreased Migration	population_growth.png	character	negative	true
3k_main_payload_character_province_population_growth_increase	Hearing of this character's deeds, many are flocking to their lands.	Increased Migration	population_growth.png	character	positive	true
3k_main_payload_character_province_public_order_decrease	This person's way of governance has drawn their subjects' ire.	Reviled Lord	prestige.png	character	negative	true
3k_main_payload_character_province_public_order_increase	This person's way of governance has earned them the love of their subjects.	Beloved Lord	public_order.png	province	positive	true
3k_main_payload_character_province_supplies_negative	This character has found infested supplies in the local commandery, which is affecting supply.	Infested Supplies	military_supplies.png	character	negative	true
3k_main_payload_character_province_villain_public_order_decrease	This person's actions have drawn the local people's ire.	Local Villain	prestige.png	character	negative	true
3k_main_payload_character_region_garrison_replenishment_decrease	This character has affected the garrison, lowering the rate it replenished.	Diminished Garrison	army.png	character	negative	true
3k_main_payload_character_region_garrison_replenishment_increase	This character has inspired the garrison increasing the number of people willing to defend the settlement.	Inspired Garrison	replenishment.png	character	positive	true
3k_main_payload_character_self_undercover_action_cost_reduction	This person's skill at subterfuge has given them an advantage when performing acts of espionnage.	Shadow Operative	spies.png	character	positive	true
3k_main_payload_empty	EMPTY EFFECT	EMPTY EFFECT	.	character	neutral	false
3k_main_payload_empty_faction	EMPTY EFFECT	EMPTY EFFECT	.	faction	neutral	false
3k_main_payload_empty_faction_accost_traders	EMPTY EFFECT	EMPTY EFFECT	.	faction	neutral	false
3k_main_payload_empty_faction_army_exhaustion	EMPTY EFFECT	EMPTY EFFECT	.	faction	neutral	false
3k_main_payload_empty_faction_army_hinder_replenishment	EMPTY EFFECT	EMPTY EFFECT	.	faction	neutral	false
3k_main_payload_empty_faction_army_increase_replenishment	EMPTY EFFECT	EMPTY EFFECT	.	faction	neutral	false
3k_main_payload_empty_faction_army_military_rebellion	EMPTY EFFECT	EMPTY EFFECT	.	faction	neutral	false
3k_main_payload_empty_faction_army_setup_ambush	EMPTY EFFECT	EMPTY EFFECT	.	faction	neutral	false
3k_main_payload_empty_faction_army_vision_other_force	EMPTY EFFECT	EMPTY EFFECT	.	faction	neutral	false
3k_main_payload_empty_faction_character_assassinate_faction_heir	EMPTY EFFECT	EMPTY EFFECT	.	faction	neutral	false
3k_main_payload_empty_faction_character_assassinate_faction_leader	EMPTY EFFECT	EMPTY EFFECT	.	faction	neutral	false
3k_main_payload_empty_faction_character_kick_character	EMPTY EFFECT	EMPTY EFFECT	.	faction	neutral	false
3k_main_payload_empty_faction_character_lower_satisfaction	EMPTY EFFECT	EMPTY EFFECT	.	faction	neutral	false
3k_main_payload_empty_faction_faction_counter_spy	EMPTY EFFECT	EMPTY EFFECT	.	faction	neutral	false
3k_main_payload_empty_faction_faction_empower_trade	EMPTY EFFECT	EMPTY EFFECT	.	faction	neutral	false
3k_main_payload_empty_faction_faction_improve_relations	EMPTY EFFECT	EMPTY EFFECT	.	faction	neutral	false
3k_main_payload_empty_faction_faction_request_administrator_position	EMPTY EFFECT	EMPTY EFFECT	.	faction	neutral	false
3k_main_payload_empty_faction_faction_request_general_position	EMPTY EFFECT	EMPTY EFFECT	.	faction	neutral	false
3k_main_payload_empty_faction_faction_request_minister_position	EMPTY EFFECT	EMPTY EFFECT	.	faction	neutral	false
3k_main_payload_empty_faction_faction_steal_item	EMPTY EFFECT	EMPTY EFFECT	.	faction	neutral	false
3k_main_payload_empty_faction_faction_surrender_faction	EMPTY EFFECT	EMPTY EFFECT	.	faction	neutral	false
3k_main_payload_empty_faction_lower_public_order	EMPTY EFFECT	EMPTY EFFECT	.	faction	neutral	false
3k_main_payload_empty_faction_region_bolster_garrison	EMPTY EFFECT	EMPTY EFFECT	.	faction	neutral	false
3k_main_payload_empty_faction_region_open_gates	EMPTY EFFECT	EMPTY EFFECT	.	faction	neutral	false
3k_main_payload_empty_faction_region_spy_network	EMPTY EFFECT	EMPTY EFFECT	.	faction	neutral	false
3k_main_payload_empty_faction_region_surrender_province	EMPTY EFFECT	EMPTY EFFECT	.	faction	neutral	false
3k_main_payload_empty_faction_region_weaken_garrison	EMPTY EFFECT	EMPTY EFFECT	.	faction	neutral	false
3k_main_payload_empty_faction_trigger_yellow_turban_rebellion	EMPTY EFFECT	EMPTY EFFECT	.	faction	neutral	false
3k_main_payload_empty_province	EMPTY EFFECT	EMPTY EFFECT	.	province	neutral	false
3k_main_payload_escape_death	Has recently escaped almost certain death!	Escaped Death	undercover_network.png	character	neutral	true
3k_main_payload_faction_character_omen_satisfaction_decrease	Word of a bad omen has spread throughout the court, causing considerable concern.	Bad Omen	disaster.png	faction	negative	true
3k_main_payload_faction_character_omen_satisfaction_increase	Word of a good omen has spread throughout the court, bringing satisfaction to all.	Good Omen	unlocks_diplomatic_deals.png	character	positive	true
3k_main_payload_faction_council_earth_2	Your council has ensured the support of the nobility and influential gentlemen.	Support from Nobility	prestige.png	faction	positive	true
3k_main_payload_faction_council_earth_3	Your council has ensured the support of the nobility and influential gentlemen.	Support from Nobility	prestige.png	faction	positive	true
3k_main_payload_faction_council_earth_4	Your council has ensured the support of the nobility and influential gentlemen.	Support from Nobility	prestige.png	faction	positive	true
3k_main_payload_faction_council_earth_5	Your council has ensured the support of the nobility and influential gentlemen.	Support from Nobility	prestige.png	faction	positive	true
3k_main_payload_faction_council_fire_2	Your council has rallied the support of their soldiers and officers.	Support from Soldiery	mustering_speed.png	faction	positive	true
3k_main_payload_faction_council_fire_3	Your council has rallied the support of their soldiers and officers.	Support from Soldiery	mustering_speed.png	faction	positive	true
3k_main_payload_faction_council_fire_4	Your council has rallied the support of their soldiers and officers.	Support from Soldiery	mustering_speed.png	faction	positive	true
3k_main_payload_faction_council_fire_5	Your council has rallied the support of their soldiers and officers.	Support from Soldiery	mustering_speed.png	faction	positive	true
3k_main_payload_faction_council_metal_2	Your council has rallied the support of artisans and industrialists.	Support from Artisans	construction_city_level.png	faction	positive	true
3k_main_payload_faction_council_metal_3	Your council has rallied the support of artisans and industrialists.	Support from Artisans	construction_city_level.png	faction	positive	true
3k_main_payload_faction_council_metal_4	Your council has rallied the support of artisans and industrialists.	Support from Artisans	construction_city_level.png	faction	positive	true
3k_main_payload_faction_council_metal_5	Your council has rallied the support of artisans and industrialists.	Support from Artisans	construction_city_level.png	faction	positive	true
3k_main_payload_faction_council_water_2	Your council made sure that merchants and entrepreneurs are supporting your cause.	Support from Merchants	trade_influence.png	faction	positive	true
3k_main_payload_faction_council_water_3	Your council made sure that merchants and entrepreneurs are supporting your cause.	Support from Merchants	trade_influence.png	faction	positive	true
3k_main_payload_faction_council_water_4	Your council made sure that merchants and entrepreneurs are supporting your cause.	Support from Merchants	trade_influence.png	faction	positive	true
3k_main_payload_faction_council_water_5	Your council made sure that merchants and entrepreneurs are supporting your cause.	Support from Merchants	trade_influence.png	faction	positive	true
3k_main_payload_faction_council_wood_2	Your council has ensured the support of the common people and farmers.	Support from Peasantry	food.png	faction	positive	true
3k_main_payload_faction_council_wood_3	Your council has ensured the support of the common people and farmers.	Support from Peasantry	food.png	faction	positive	true
3k_main_payload_faction_council_wood_4	Your council has ensured the support of the common people and farmers.	Support from Peasantry	food.png	faction	positive	true
3k_main_payload_faction_council_wood_5	Your council has ensured the support of the common people and farmers.	Support from Peasantry	food.png	faction	positive	true
3k_main_payload_faction_faction_vassal_income_decrease	One or more vassals is withholding taxes, lowering the income from them.	Withholding Taxes	food.png	faction	negative	true
3k_main_payload_faction_force_replenishment_decrease	This faction's forces have been seeing a decrease in new recruits for the army.	Decreased Recruitment	food.png	faction	negative	true
3k_main_payload_faction_force_replenishment_increase	This faction's forces are being bolstered, with more recruits joining their armies.	Increased Recruitment	army.png	faction	positive	true
3k_main_payload_faction_forces_supplies_enemy_territory	This factions's forces have been well prepared for the coming battles, able to forage supplies from enemy territory.	Military Preparedness	military_supplies.png	faction	positive	true
3k_main_payload_faction_locust_plague	A huge plague of locusts descends upon the fields of China.	A Plague of Locusts	food.png	faction	negative	true
3k_main_payload_faction_military_enemy_morale_decrease	Before passing, Zhuge Liang gives final instructions.	The Wooden General	army.png	faction	positive	true
3k_main_payload_faction_military_experience_increase	Your solders are driven by an insatiable desire to face your enemies in battle, wherever they may be!	Master of Defence	increased_rank_for_new_recruits.png	faction	positive	true
3k_main_payload_faction_military_omen_morale_decrease	Word of a bad omen has reached the soldiery, filling them with trepidation. 	Bad Omen	army.png	faction	negative	true
3k_main_payload_faction_military_omen_morale_increase	Word of a good omen has reached the soldiery, leaving them hopeful for the times to come. 	Good Omen	army.png	faction	positive	true
3k_main_payload_faction_province_omen_public_order_decrease	Word of a bad omen has reached the people, leaving them dispirited.	Bad Omen	public_order.png	province	negative	true
3k_main_payload_faction_province_omen_public_order_increase	Word of a good omen has reached the people, inspiring them in their daily lives.	Good Omen	public_order.png	faction	positive	true
3k_main_payload_faction_province_population_growth_increase	Your council has ensured the support of the common people and farmers.	Increased Migration	population_growth.png	faction	positive	true
3k_main_payload_faction_undercover_action_own_cover_point_cost_reduce	Your undercover network executes its dark duties with great effectiveness.	Eyes and Ears	spies.png	faction	positive	true
3k_main_payload_faction_undercover_character_upkeep	[UNSEEN] Adjust undercover character upkeep costs	Undercover Character Upkeep	.	faction	neutral	true
3k_main_payload_force_army_attrition_environment	Recent forces of nature have caused this force to take losses.	Natural Disaster	food.png	force	negative	true
3k_main_payload_force_army_attrition_environment_enemy	Disease is spreading rampant among the troops.	Disease (Enemy Forces)	food.png	force	negative	true
3k_main_payload_force_army_attrition_environment_own	Disease is spreading rampant among the troops.	Disease	food.png	force	negative	true
3k_main_payload_force_enemy_region_siege_supply_stockpile_decrease	Recent developments during a siege have further diminished this settlement's stockpiles.	Diminished Supplies	food.png	force	negative	true
3k_main_payload_force_military_omen_morale_decrease	Word of a bad omen has reached the soldiery, filling them with trepidation. 	Bad Omen	army.png	force	negative	true
3k_main_payload_force_military_omen_morale_increase	Word of a good omen has reached the soldiery, leaving them hopeful for the times to come. 	Good Omen	army.png	force	positive	true
3k_main_payload_force_morale	Your solders are driven by an insatiable desire to face your enemies in battle, wherever they may be!	War Fervour	morale.png	force	positive	true
3k_main_payload_military_self_siege_escalation_decrease	Recent developments whilst laying siege have rendered this force less effective at siege escalation.	Siege Escalation	army.png	force	negative	true
3k_main_payload_military_self_siege_escalation_increase	Recent developments whilst laying siege have rendered this force more effective at siege escalation.	Siege Escalation	army.png	force	positive	true
3k_main_payload_prestige_1	EMPTY EFFECT	EMPTY EFFECT	food.png	faction	neutral	true
3k_main_payload_prestige_2	EMPTY EFFECT	EMPTY EFFECT	food.png	faction	neutral	true
3k_main_payload_prestige_3	EMPTY EFFECT	EMPTY EFFECT	food.png	faction	neutral	true
3k_main_payload_prestige_4	EMPTY EFFECT	EMPTY EFFECT	food.png	faction	neutral	true
3k_main_payload_region_construction_cost_decrease	This {{tr:map_region}} has come upon a surplus of building materials, decreasing the cost of construction.	Cheaper Construction	construction_city_level.png	region	positive	true
3k_main_payload_region_construction_time_increase	Construction was put on hold whilst you waited for these strange goings-on to blow over.	Suspend Construction	construction_city_level.png	province	negative	true
3k_main_payload_region_province_resettlement_food_mod_negative	You allowed the couple to stay where they were.	Immovable	food.png	province	negative	true
3k_main_payload_region_self_siege_supply_stockpile_decrease	Recent developments whilst under siege have further diminished this settlement's reserves.	Diminished Reserves	food.png	province	negative	true
3k_main_payload_region_self_siege_supply_stockpile_increase	Recent developments whilst under siege have helped bolster this settlement's reserves.	Surplus Reserves	food.png	province	positive	true
3k_main_payload_region_supply_stockpile_decrease	Recent developments during a siege have further diminished this settlement's stockpiles.	Diminished Supplies	food.png	province	negative	true
3k_main_payload_reign_of_terror	This character's recent actions have struck fear into their officers..	Reign of Terror	food.png	character	negative	true
3k_main_payload_satisfaction_all_characters	Inspiring deeds and good fortune have left your generals appreciative of their lot.	Appreciation	satisfaction.png	faction	positive	true
3k_main_pooled_resource_unity_bundle_character_1	 	 	satisfaction.png	character	negative	false
3k_main_pooled_resource_unity_bundle_character_2	 	 	satisfaction.png	character	negative	false
3k_main_pooled_resource_unity_bundle_character_3	 	 	satisfaction.png	character	positive	false
3k_main_pooled_resource_unity_bundle_character_4	 	 	satisfaction.png	character	positive	false
3k_ytr_bundle_world_power_ytr_emperor	You have discovered the leader this world needs; others look to you for guidance and understanding.	Celestial Master	prestige.png	faction	positive	true
3k_ytr_emperor_ascension_faction_leader	Our leader declared themselves emperor. They have enacted many military reforms and made us significantly more powerful.	Emperor Ascension - Faction Leader	research_rate_increase.png	faction	positive	true
3k_ytr_emperor_ascension_noble	A rightful noble has been chosen to be the next emperor. This will greatly benefit our economy and diplomatic prestige.	Emperor Ascension - Noble	research_rate_increase.png	faction	positive	true
3k_ytr_emperor_ascension_peasant	A humble peasant has been chosen by heaven to be the next emperor. This will greatlly inspire our agricultural and industrial workforce.	Emperor Ascension - Peasant	research_rate_increase.png	faction	positive	true
3k_ytr_faction_trait_gong_du	It is not right that one can eat while another starves, that one must fight while another laughs, and that one must die while another profits.	Dominion of Gong Du	army.png	faction	positive	true
3k_ytr_faction_trait_he_yi	Great nations are built from its people and if they are cared for, then in turn, so too is the empire.	Dominion of He Yi	public_order.png	faction	positive	true
3k_ytr_faction_trait_huang_shao	To follow the correct path one must have the perfect teacher. In Zhang Jue we learned and in Zhang Jue we believe.	Dominion of Huang Shao	research_rate_increase.png	faction	positive	true
3k_ytr_frontend_leader_gong_du_specialisation	 	Dominion of Gong Du	.	faction	positive	true
3k_ytr_frontend_leader_he_yi_specialisation	 	Dominion of He Yi	.	faction	positive	true
3k_ytr_frontend_leader_huang_shao_specialisation	 	Dominion of Huang Shao	.	faction	positive	true
ep_alignment_payload_brain_large	Mind-aligned characters value learning and craft, and solve their problems through skill and wit.	Major Alignment Effect	ep_alignment_effect_icon_brain.png	faction	positive	false
ep_alignment_payload_brain_small	Mind-aligned characters value learning and craft, and solve their problems through skill and wit.	Minor Alignment Effect	ep_alignment_effect_icon_brain.png	faction	positive	false
ep_alignment_payload_fist_extreme	Might-aligned characters have no qualms about using force to get what they want, and believe they alone should command their fate.	Extreme Alignment Effect	ep_alignment_effect_icon_fist.png	faction	positive	false
ep_alignment_payload_fist_large	Might-aligned characters have no qualms about using force to get what they want, and believe they alone should command their fate.	Major Alignment Effect	ep_alignment_effect_icon_fist.png	faction	positive	false
ep_alignment_payload_fist_small	Might-aligned characters have no qualms about using force to get what they want, and believe they alone should command their fate.	Minor Alignment Effect	ep_alignment_effect_icon_fist.png	faction	positive	false
ep_alignment_payload_heart_large	Spirit-aligned characters value loyalty, duty and kindness above all.	Major Alignment Effect	ep_alignment_effect_icon_heart.png	faction	positive	false
ep_alignment_payload_heart_small	Spirit-aligned characters value loyalty, duty and kindness above all.	Minor Alignment Effect	ep_alignment_effect_icon_heart.png	faction	positive	false
ep_alignment_payload_money_large	Wealth-aligned characters see every interaction as a transaction, and money as the solution to all ills.	Major Alignment Effect	ep_alignment_effect_icon_coin.png	faction	positive	false
ep_alignment_payload_money_small	Wealth-aligned characters see every interaction as a transaction, and money as the solution to all ills.	Minor Alignment Effect	ep_alignment_effect_icon_coin.png	faction	positive	false
ep_bundle_faction_rank_1	Your power is of little consequence to the world... yet!	Minor Prince	prestige.png	faction	positive	false
ep_bundle_faction_rank_2	You have established yourself as a worthy power.	Prince	prestige.png	faction	positive	false
ep_bundle_faction_rank_3	Your have begun your ascent to greatness, but there is much yet to do.	Grand Prince	prestige.png	faction	positive	false
ep_bundle_faction_rank_4	Your accomplishments are great.	Imperial Prince	prestige.png	faction	positive	false
ep_bundle_faction_rank_5	Your power is both feared and coveted.	Dominant Prince	prestige.png	faction	positive	false
ep_bundle_faction_rank_jin_empire_faction	Territory of Jin Empire Administration	Jin Empire Territory	prestige.png	faction	positive	false
ep_bundle_stance_army_fortification_prince_of_qi	Sets up a defensive camp. If this force is attacked it will result in an encampment battle.	Stance: Encamp	army.png	force	neutral	false
ep_dilemma_payload_additional_hands	Captured serfs are contributing to this province's growth and income.	Additional Hands	population_growth.png	region	positive	true
ep_dilemma_payload_conscription	Punitive conscription helps your armies, but hurts the local economy.	Conscription	mustering_speed.png	region	neutral	true
ep_dilemma_payload_corruption	You recent actions have encouraged corruption.	Corruption Rampant	money.png	region	negative	true
ep_dilemma_payload_firm_hand	Firm actions against the peasants have pleased the nobility, but suppress the economy.	Firm Hand	money.png	region	neutral	true
ep_dilemma_payload_food_for_money	Allowing the peasants to sell their harvest means they provide more income, but less food.	Sold Harvest	food.png	region	neutral	true
ep_dilemma_payload_harsh_exactions	Squeezing the peasants provides income, but hurts {{tr:public_order}}.	Harsh Exactions	public_order.png	region	neutral	true
ep_dilemma_payload_imperial_decree	You have secured an imperial decree that declares you a rightful opponent of the empress!	Imperial Decree	prestige.png	faction	positive	true
ep_dilemma_payload_reduced_taxes	Your lenience is reducing income, but increasing {{tr:public_order}}.	Reduced Taxes	public_order.png	region	neutral	true
ep_dilemma_payload_unencumbered_peasants	The peasantry, free from interference, are flourishing - but the nobility are displeased.	Unencumbered Peasantry	public_order.png	region	neutral	true
ep_dynasty_mission_payload_builder	Your masons and architects are masters at their craft.	Master Builder	prestige.png	faction	positive	true
ep_dynasty_mission_payload_destroyer	From the ruins of your enemies' lands, a new dynasty will arise.	Destroyer	prestige.png	faction	positive	true
ep_dynasty_mission_payload_dominator	Your enemies are quick to bend the knee.	Dominator	prestige.png	faction	positive	true
ep_dynasty_mission_payload_enlightened	The example of your most eminent characters inspires all.	Enlightened	prestige.png	faction	positive	true
ep_dynasty_mission_payload_font_of_knowledge	Your wisdom is an inspiration to all.	Font Of Knowledge	prestige.png	faction	positive	true
ep_dynasty_mission_payload_full_bellies	The people, full to bursting, celebrate your name.	Full Bellies	prestige.png	faction	positive	true
ep_dynasty_mission_payload_golden_age	Your lands are prosperous beyond belief. People flock to share in the wealth.	Golden Age	prestige.png	faction	positive	true
ep_dynasty_mission_payload_grand_general	Your armies stretch beyond the horizon.	Grand General	prestige.png	faction	positive	true
ep_dynasty_mission_payload_grand_holdings	The vastness of the lands under your control is awe-inspiring.	Grand Holdings	prestige.png	faction	positive	true
ep_dynasty_mission_payload_hoarder	The vastness of your treasury is immense - seemingly endless.	Hoarder	prestige.png	faction	positive	true
ep_dynasty_mission_payload_peacemaker	You have brought peace to a fractured land.	Peacemaker	prestige.png	faction	positive	true
ep_dynasty_mission_payload_slaughterer	The brutality of your actions causes your enemies to quake in terror.	Slaughterer	prestige.png	faction	positive	true
ep_effect_bundle_dissatisfaction_major	Your recent actions have greatly upset your followers.	Dissatisfaction	satisfaction.png	faction	negative	true
ep_effect_bundle_dissatisfaction_minor	Your recent actions have upset your followers.	Dissatisfaction	satisfaction.png	faction	negative	true
ep_effect_bundle_garrison_construction_sima_yong	Garrisoned armies will support and control administration in the local county.	Military Control	mustering_speed.png	force	positive	false
ep_effect_bundle_garrison_effect_public_order_ai_only	 	 	.	faction	positive	true
ep_effect_bundle_jin_empire_economy	 	 	.	faction	neutral	true
ep_effect_bundle_political_action_present_gift	A gift of generosity, presented in gratitude.	Present Gift	.	faction	positive	true
ep_effect_bundle_pooled_resource_alignment_brain_level_0	You have yet to commit to this alignment.	Alignment: Uninterested	ep_alignment_effect_icon_brain.png	faction	neutral	false
ep_effect_bundle_pooled_resource_alignment_brain_level_1	You have begun to walk the path of learning, scholarship and craft.	Alignment: Curious	ep_alignment_effect_icon_brain.png	faction	neutral	false
ep_effect_bundle_pooled_resource_alignment_brain_level_2	Intellect is becoming your sharpest weapon, earning the respect and service of many learned men.	Alignment: Studious	ep_alignment_effect_icon_brain.png	faction	neutral	false
ep_effect_bundle_pooled_resource_alignment_brain_level_3	Your court is a centre of learning and scholarship. But the constant debate leaves egos bruised and friendships strained.	Alignment: Cultivator of Opinions	ep_alignment_effect_icon_brain.png	faction	neutral	false
ep_effect_bundle_pooled_resource_alignment_brain_level_4	The process of learning continues at frenzied pace, but your court is riven by disagreement over the tiniest minutiae.	Alignment: Instigator of Invective	ep_alignment_effect_icon_brain.png	faction	neutral	false
ep_effect_bundle_pooled_resource_alignment_brain_level_5	After much wrangling and debate, you have guided the scholars of your court to settle on a single truth.	Alignment: Enlightened	ep_alignment_effect_icon_brain.png	faction	neutral	false
ep_effect_bundle_pooled_resource_alignment_fist_level_0	You have yet to commit to this alignment.	Alignment: Meek	ep_alignment_effect_icon_fist.png	faction	neutral	false
ep_effect_bundle_pooled_resource_alignment_fist_level_1	You have begun to embark on the path of determination, directness, and force.	Alignment: Heavy-handed	ep_alignment_effect_icon_fist.png	faction	neutral	false
ep_effect_bundle_pooled_resource_alignment_fist_level_2	Your tireless determination is an inspiration to your armies.	Alignment: Forceful	ep_alignment_effect_icon_fist.png	faction	neutral	false
ep_effect_bundle_pooled_resource_alignment_fist_level_3	Though your armies march with fearsome purpose, the weak begin to fear what you are capable of.	Alignment: Feared	ep_alignment_effect_icon_fist.png	faction	neutral	false
ep_effect_bundle_pooled_resource_alignment_fist_level_4	You are mighty indeed, but those who cannot comprehend your ambitions actively agitate against you.	Alignment: Dreaded	ep_alignment_effect_icon_fist.png	faction	neutral	false
ep_effect_bundle_pooled_resource_alignment_fist_level_5	None can doubt the vastness of your achievements - even the quarrellers and quibblers that once plagued you have thrown themselves behind your mission.	Alignment: United in Victory	ep_alignment_effect_icon_fist.png	faction	neutral	false
ep_effect_bundle_pooled_resource_alignment_heart_level_0	You have yet to commit to this alignment.	Alignment: Cold	ep_alignment_effect_icon_heart.png	faction	neutral	false
ep_effect_bundle_pooled_resource_alignment_heart_level_1	You have begun to walk the path of humility, duty and kindness.	Alignment: Kind	ep_alignment_effect_icon_heart.png	faction	neutral	false
ep_effect_bundle_pooled_resource_alignment_heart_level_2	You are everybody's friend - perhaps goodness can win out after all.	Alignment: Humble	ep_alignment_effect_icon_heart.png	faction	neutral	false
ep_effect_bundle_pooled_resource_alignment_heart_level_3	As your reputation for kindness grows, the realm flourishes - but so do those who seek to take advantage of your generosity.	Alignment: Generosity Exploited	ep_alignment_effect_icon_heart.png	faction	neutral	false
ep_effect_bundle_pooled_resource_alignment_heart_level_4	You are beloved throughout the realm, but your lenience has allowed vile leeches to flourish.	Alignment: Killed through Kindness	ep_alignment_effect_icon_heart.png	faction	neutral	false
ep_effect_bundle_pooled_resource_alignment_heart_level_5	The unwavering example of virtue you have set has shamed those who seek to exploit the meek.	Alignment: United In Virtue	ep_alignment_effect_icon_heart.png	faction	neutral	false
ep_effect_bundle_pooled_resource_alignment_money_level_0	You have yet to commit to this alignment.	Alignment: Thrifty	ep_alignment_effect_icon_coin.png	faction	neutral	false
ep_effect_bundle_pooled_resource_alignment_money_level_1	You have begun to walk the path of wealth.	Alignment: Deep Pockets	ep_alignment_effect_icon_coin.png	faction	neutral	false
ep_effect_bundle_pooled_resource_alignment_money_level_2	The wheels of your land are liberally greased with the application of wealth.	Alignment: Spendthrift	ep_alignment_effect_icon_coin.png	faction	neutral	false
ep_effect_bundle_pooled_resource_alignment_money_level_3	As prosperity increases, so do expectations. Seeing the wealth that flows through your coffers, your courtiers demand a greater share of the spoils.	Alignment: Avaricious	ep_alignment_effect_icon_coin.png	faction	neutral	false
ep_effect_bundle_pooled_resource_alignment_money_level_4	The more you feed your followers, the more they want. Your court is run through by untramelled greed.	Alignment: Engorged With Wealth	ep_alignment_effect_icon_coin.png	faction	neutral	false
ep_effect_bundle_pooled_resource_alignment_money_level_5	So magnificent are your achievements and so unending are your coffers that the demands for greater salaries ebb - the benefits of your rule are clear to all.	Alignment: Prosperity for All	ep_alignment_effect_icon_coin.png	faction	neutral	false
ep_effect_bundle_pooled_resource_control_level_1	You allow the ambitions of others to supersede your own; were your subjects to demand that you jump, you would ask "How high?" Get a grip!	Control: Servile	ep_frontend_leader_prince_of_qi_specialisation.png	faction	neutral	false
ep_effect_bundle_pooled_resource_control_level_2	You have developed a reputation for accommodating the needs and ambitions of your subjects.	Control: Accommodating	ep_frontend_leader_prince_of_qi_specialisation.png	faction	neutral	false
ep_effect_bundle_pooled_resource_control_level_3	You tread the fine line between knowing when to trust in the abilities of others and when to take your own decisive action.	Control: Balanced	ep_frontend_leader_prince_of_qi_specialisation.png	faction	neutral	false
ep_effect_bundle_pooled_resource_control_level_4	Some responsibility should be delegated, you suppose, but you'll be sure to see that your subjects are adhering to your grand designs.	Control: Domineering	ep_frontend_leader_prince_of_qi_specialisation.png	faction	neutral	false
ep_effect_bundle_pooled_resource_control_level_5	Managing a Princedom is no small feat; it is clear that none can do it as well as you, nor are you likely to give them the opportunity to try.	Control: Autocratic	ep_frontend_leader_prince_of_qi_specialisation.png	faction	neutral	false
ep_effect_bundle_pooled_resource_demesne_level_1	Counties within your jurisdiction.	Domain: Focused	regional_faction_support.png	faction	positive	true
ep_effect_bundle_pooled_resource_demesne_level_2	The extent of your domain falls well within your jurisdiction; just rule yields great rewards!	Domain: Normal	regional_faction_support.png	faction	neutral	true
ep_effect_bundle_pooled_resource_demesne_level_3	The extent of your domain is appropriate to your lawful jurisdiction. All is well.	Domain: Extended	regional_faction_support.png	faction	negative	true
ep_effect_bundle_pooled_resource_demesne_level_4	Your domain has extended beyond your lawful jurisdiction; your ability to govern is suffering slightly as a result.	Domain: Over-extended	regional_faction_support.png	faction	negative	true
ep_effect_bundle_pooled_resource_demesne_level_5	Your jurisdiction is being pushed to its limits as your domain grows ever larger; it is becoming increasingly difficult to maintain order in government.	Domain: Overwhelmed	regional_faction_support.png	faction	negative	true
ep_effect_bundle_pooled_resource_demesne_level_6	Your domain is far greater than your jurisdiction allows you to reasonably maintain. Corruption is getting out of hand.	Domain: In Chaos	regional_faction_support.png	faction	negative	true
ep_effect_bundle_pooled_resource_influence_level_1	Your awareness of government and administration within your realm is weak, and many have started to question your leadership as a consequence.	Influence: Inferior	ep_frontend_leader_prince_of_donghai_specialisation.png	faction	positive	false
ep_effect_bundle_pooled_resource_influence_level_2	There is no question with regards to your leadership, but there are aspects of government and administration outside of your awareness.	Influence: Normal	ep_frontend_leader_prince_of_donghai_specialisation.png	faction	positive	false
ep_effect_bundle_pooled_resource_influence_level_3	Nobody is questioning your influence within your administration; nor would anyone want to.	Influence: Authoritative	ep_frontend_leader_prince_of_donghai_specialisation.png	faction	positive	false
ep_effect_bundle_pooled_resource_influence_level_4	If a clerk within your realm releases a govenrment decree, there is a good chance you were involved.	Influence: Far-reaching	ep_frontend_leader_prince_of_donghai_specialisation.png	faction	positive	false
ep_effect_bundle_pooled_resource_influence_level_5	Your influence in the realm is all-encompassing and you are at the centre of every administrative or governmental activity in your realm.	Influence: Omnipresent	ep_frontend_leader_prince_of_donghai_specialisation.png	faction	positive	false
ep_effect_bundle_pooled_resource_jurisdiction_level_1	Despite your noble reputation, the accusations against you have stripped you of all authority; it is time to take matters in hand.	Jurisdiction: Insignificant	ep_frontend_leader_prince_of_runan_specialisation.png	faction	neutral	false
ep_effect_bundle_pooled_resource_jurisdiction_level_2	Your jurisdiction may be modest, but your increasing power is a promising sign of things to come.	Jurisdiction: Modest	ep_frontend_leader_prince_of_runan_specialisation.png	faction	neutral	false
ep_effect_bundle_pooled_resource_jurisdiction_level_3	Authority does not come easily; you have done well to grow beyond your humble desires and establish yourself as a respectable power.	Jurisdiction: Moderate	ep_frontend_leader_prince_of_runan_specialisation.png	faction	neutral	false
ep_effect_bundle_pooled_resource_jurisdiction_level_4	You have proven yourself a worthy leader, establishing substantial jurisdiction over the people.	Jurisdiction: Substantial	ep_frontend_leader_prince_of_runan_specialisation.png	faction	neutral	false
ep_effect_bundle_pooled_resource_jurisdiction_level_5	Your reputation precedes you, as words of your great deeds - and great authority! - spread throughout the nobility.	Jurisdiction: Great	ep_frontend_leader_prince_of_runan_specialisation.png	faction	neutral	false
ep_effect_bundle_pooled_resource_jurisdiction_level_6	Your jurisdiction is far-reaching; the people sing your praises as those who would oppose you fear that they are without claim to the throne.	Jurisdiction: Extreme	ep_frontend_leader_prince_of_runan_specialisation.png	faction	neutral	false
ep_effect_bundle_pooled_resource_jurisdiction_level_7	Your authority is without question; the one and only rightful successor to the Jin Dynasty!	Jurisdiction: Supreme	ep_frontend_leader_prince_of_runan_specialisation.png	faction	neutral	false
ep_effect_bundle_pooled_resource_reformation_level_1	The government has fallen back into the restrictive administration of the Han, and is equally outdated and corrupt. 	Reformation: Restrictive	ep_frontend_leader_prince_of_changsha_specialisation.png	faction	negative	false
ep_effect_bundle_pooled_resource_reformation_level_2	Under a conservative administration the government and economy will suffer from inefficiency.	Reformation: Conservative	ep_frontend_leader_prince_of_changsha_specialisation.png	faction	neutral	false
ep_effect_bundle_pooled_resource_reformation_level_3	Progressive reformation has led to a more efficient administration and booming trade.	Reformation: Progressive	ep_frontend_leader_prince_of_changsha_specialisation.png	faction	positive	false
ep_effect_bundle_pooled_resource_reformation_level_4	The increasing decentralisation of the administration has made the government more efficient and traders more prosperous.	Reformation: De-centralised	ep_frontend_leader_prince_of_changsha_specialisation.png	faction	positive	false
ep_effect_bundle_pooled_resource_reformation_level_5	Government and economy are thriving due to a fully modernised administration.	Reformation: Modernised	ep_frontend_leader_prince_of_changsha_specialisation.png	faction	positive	false
ep_effect_bundle_pooled_resource_sima_wei_level_1	Your fury has gone cold but still smoulders with potential.	Fury: Cold Ashes	ep_frontend_leader_prince_of_chu_specialisation.png	faction	positive	false
ep_effect_bundle_pooled_resource_sima_wei_level_2	Fueled by ambition and energy, your vigour sparkles.	Fury: Sizzling Embers	ep_frontend_leader_prince_of_chu_specialisation.png	faction	positive	false
ep_effect_bundle_pooled_resource_sima_wei_level_3	Engulfed by the flames of fury, your ambition is burning.	Fury: Burning Fire	ep_frontend_leader_prince_of_chu_specialisation.png	faction	positive	false
ep_effect_bundle_pooled_resource_sima_wei_level_4	Like a widespread fire, the flame of your aspirations have swept across the land.	Fury: Tempestous Flame	ep_frontend_leader_prince_of_chu_specialisation.png	faction	positive	false
ep_effect_bundle_pooled_resource_subterfuge_level_1	From the seeds of wicked inspiration, grand and beautiful acts of deception will grow!	Subterfuge: Brewing a Plot	ep_frontend_leader_prince_of_zhao_specialisation.png	faction	positive	false
ep_effect_bundle_pooled_resource_subterfuge_level_2	The stage is set, the pieces set in motion, oblivious to your ambitious schemes.	Subterfuge: The Plot Thickens	ep_frontend_leader_prince_of_zhao_specialisation.png	faction	positive	false
ep_effect_bundle_pooled_resource_subterfuge_level_3	As one plan falls into place, so another begins to grow around it; sweet and twisted strategems!	Subterfuge: Plans Within Plans	ep_frontend_leader_prince_of_zhao_specialisation.png	faction	positive	false
ep_effect_bundle_pooled_resource_subterfuge_level_4	 A word in every ear, an ear in every court; none are beyond your scheming reach.	Subterfuge: Master of Deception	ep_frontend_leader_prince_of_zhao_specialisation.png	faction	positive	false
ep_effect_bundle_population_city_high	This city is a populous hive of activity, a centre of commerce and culture in which the lowest of commoners coexists with the mightiest of nobles.	Populous (15)	population_capacity.png	province	neutral	false
ep_effect_bundle_population_city_low	This city is bustling with activity, its diverse population living their lives and plying their trades day-to-day.	Bustling (13)	population_capacity.png	province	neutral	false
ep_effect_bundle_population_city_medium	This city is bustling with activity, its diverse population living their lives and plying their trades day-to-day.	Bustling (14)	population_capacity.png	province	neutral	false
ep_effect_bundle_population_city_super_high	This city is a populous hive of activity, a centre of commerce and culture in which the lowest of commoners coexists with the mightiest of nobles.	Populous (17)	population_capacity.png	province	neutral	false
ep_effect_bundle_population_city_very_high	This city is a populous hive of activity, a centre of commerce and culture in which the lowest of commoners coexists with the mightiest of nobles.	Populous (16)	population_capacity.png	province	neutral	false
ep_effect_bundle_population_city_very_low	This city is bustling with activity, its diverse population living their lives and plying their trades day-to-day.	Bustling (12)	population_capacity.png	province	neutral	false
ep_effect_bundle_population_metropolis_high	This metropolis is marvellous to behold, a dense and vibrant collection of interesting people and wondrous places.	Vibrant (Maximum)	population_capacity.png	province	neutral	false
ep_effect_bundle_population_metropolis_low	This metropolis is marvellous to behold, a dense and vibrant collection of interesting people and wondrous places.	Vibrant (18)	population_capacity.png	province	neutral	false
ep_effect_bundle_population_metropolis_medium	This metropolis is marvellous to behold, a dense and vibrant collection of interesting people and wondrous places.	Vibrant (19)	population_capacity.png	province	neutral	false
ep_effect_bundle_population_town_high	This town is busy with the comings and goings of merchants, artisans and nobles alike.	Busy (9)	population_capacity.png	province	neutral	false
ep_effect_bundle_population_town_low	This town hums with an energy befitting a small yet well-established settlement.	Established (7)	population_capacity.png	province	neutral	false
ep_effect_bundle_population_town_medium	This town hums with an energy befitting a small yet well-established settlement.	Established (8)	population_capacity.png	province	neutral	false
ep_effect_bundle_population_town_super_high	This town is busy with the comings and goings of merchants, artisans and nobles alike.	Busy (11)	population_capacity.png	province	neutral	false
ep_effect_bundle_population_town_very_high	This town is busy with the comings and goings of merchants, artisans and nobles alike.	Busy (10)	population_capacity.png	province	neutral	false
ep_effect_bundle_population_town_very_low	This town hums with an energy befitting a small yet well-established settlement.	Established (6)	population_capacity.png	province	neutral	false
ep_effect_bundle_population_village_high	This village is a meagre yet promising community of commoners and artisans.	Meagre (3)	population_capacity.png	province	neutral	false
ep_effect_bundle_population_village_low	This village is but a scattered collection of country homes and hovels.	Scattered (1)	population_capacity.png	province	neutral	false
ep_effect_bundle_population_village_medium	This village is but a scattered collection of country homes and hovels.	Scattered (2)	population_capacity.png	province	neutral	false
ep_effect_bundle_population_village_super_high	This village is a meagre yet promising community of commoners and artisans.	Meagre (5)	population_capacity.png	province	neutral	false
ep_effect_bundle_population_village_very_high	This village is a meagre yet promising community of commoners and artisans.	Meagre (4)	population_capacity.png	province	neutral	false
ep_effect_bundle_population_village_very_low	This village is but a scattered collection of country homes and hovels.	Scattered (0)	population_capacity.png	province	neutral	false
ep_effect_bundle_sima_liang_demesne	You have allowed your domain to grow far beyond your lawful jurisdiction; chaos reigns supreme throughout your government.	Domain	regional_faction_support.png	force	negative	true
ep_effect_bundle_supply_stockpile_0_empty	Reserves in this commandery are depleted. The reserve level in a commandery will make the population feel more secure, or less so, and determines hold-out time when under siege.	Empty (1)	supply_stockpile_capacity.png	province	neutral	false
ep_effect_bundle_supply_stockpile_1_limited	Reserves in this commandery are limited. The reserve level in a commandery will make the population feel more secure, or less so, and determines hold-out time when under siege.	Limited (2)	supply_stockpile_capacity.png	province	neutral	false
ep_effect_bundle_supply_stockpile_2_tight	Reserves in this commandery are tight. The reserve level in a commandery will make the population feel more secure, or less so, and determines hold-out time when under siege.	Tight (3)	supply_stockpile_capacity.png	province	neutral	false
ep_effect_bundle_supply_stockpile_3_stable	Reserves in this commandery are stable. The reserve level in a commandery will make the population feel more secure, or less so, and determines hold-out time when under siege.	Stable (4)	supply_stockpile_capacity.png	province	neutral	false
ep_effect_bundle_supply_stockpile_4_supplied	This commandery is well supplied with reserves. The reserve level in a commandery will make the population feel more secure, or less so, and determines hold-out time when under siege.	Supplied (5)	supply_stockpile_capacity.png	province	neutral	false
ep_effect_bundle_supply_stockpile_5_full	Reserves in this commandery are full. The reserve level in a commandery will make the population feel more secure, or less so, and determines hold-out time when under siege.	Full (6)	supply_stockpile_capacity.png	province	neutral	false
ep_effect_bundle_supply_stockpile_6_abundant	Reserves in this commandery are abundant. The reserve level in a commandery will make the population feel more secure, or less so, and determines hold-out time when under siege.	Abundant (Maximum)	supply_stockpile_capacity.png	province	neutral	false
ep_effect_bundle_ultimate_victory_dummy	Placeholder description	Placeholder description	prestige.png	faction	positive	true
ep_event_payload_food_donations_large	You are donating large quantities of food to the empress.	Large Food Donation	food.png	region	neutral	true
ep_event_payload_food_donations_medium	You are donating moderate amounts of food to the empress.	Medium Food Donation	food.png	region	neutral	true
ep_event_payload_food_donations_small	You are donating some food to the empress.	Small Food Donation	food.png	region	neutral	true
ep_event_payload_food_donations_very_large	You are donating vast quantities of food to the empress.	Enormous Food Donation	food.png	region	neutral	true
ep_event_payload_whipped	This character has suffered a whipping for their supposed crimes.	Whipped	satisfaction.png	character	negative	true
ep_frontend_leader_bundle_sima_ai_ruler	-	 -	satisfaction.png	faction	positive	true
ep_frontend_leader_bundle_sima_jiong_ruler	-	 -	satisfaction.png	faction	positive	true
ep_frontend_leader_bundle_sima_liang_ruler	-	 -	satisfaction.png	faction	positive	true
ep_frontend_leader_bundle_sima_lun_ruler	-	 -	satisfaction.png	faction	positive	true
ep_frontend_leader_bundle_sima_wei_ruler	-	 -	satisfaction.png	faction	positive	true
ep_frontend_leader_bundle_sima_ying_ruler	-	 -	satisfaction.png	faction	positive	true
ep_frontend_leader_bundle_sima_yong_ruler	-	 -	satisfaction.png	faction	positive	true
ep_frontend_leader_bundle_sima_yue_ruler	-	 -	satisfaction.png	faction	positive	true
ep_frontend_leader_prince_of_changsha_specialisation	[[b]]Reformation[[/b]] is this faction's unique resource.\n\n[[i]][[col:flavour]]Reformation represents good governance and progressive innovations, leading to a more decentralised and reformed government.[[/col]][[/i]]	Reformation	ep_frontend_leader_prince_of_changsha_specialisation.png	faction	neutral	true
ep_frontend_leader_prince_of_chengdu_specialisation	 	Empowered Council	.	faction	neutral	true
ep_frontend_leader_prince_of_chu_specialisation	[[b]]Fury[[/b]] is this faction's unique resource.\n\n[[i]][[col:flavour]]Fury represents the enthusiasm of this faction and the magnitude of its drive forward to conquest and glory.[[/col]][[/i]]	Fury	ep_frontend_leader_prince_of_chu_specialisation.png	faction	neutral	true
ep_frontend_leader_prince_of_donghai_specialisation	[[b]]Influence[[/b]] is this faction's unique resource.\n\n[[i]][[col:flavour]]Influence represents how much authority and control this faction leader has within his own government and within the administration of his faction.[[/col]][[/i]]	Influence	ep_frontend_leader_prince_of_donghai_specialisation.png	faction	neutral	true
ep_frontend_leader_prince_of_hejian_specialisation	 	Military Security	.	faction	neutral	true
ep_frontend_leader_prince_of_qi_specialisation	[[b]]Control[[/b]] is this faction's unique resource.\n\n[[i]][[col:flavour]]Control represents the degree to which the government of this faction has a tight grip over, and direct influence upon, its leader.[[/col]][[/i]]	Control	ep_frontend_leader_prince_of_qi_specialisation.png	faction	neutral	true
ep_frontend_leader_prince_of_runan_specialisation	[[b]]Jurisdiction[[/b]] is this faction's unique resource.\n\n[[i]][[col:flavour]]Jurisdiction represents the legitimacy and lawfulness of this leader's rule over the land and as a regent of the empire.[[/col]][[/i]]	Jurisdiction	ep_frontend_leader_prince_of_runan_specialisation.png	faction	neutral	true
ep_frontend_leader_prince_of_zhao_specialisation	[[b]]Subterfuge[[/b]] is this faction's unique resource.\n\n[[i]][[col:flavour]]Subterfuge represents this faction's diplomatic power and influence obtained through espionage.[[/col]][[/i]]	Subterfuge	ep_frontend_leader_prince_of_zhao_specialisation.png	faction	neutral	true
ep_main_effect_bundle_ep_bonus_income	HIDDEN	HIDDEN	.	faction	neutral	false
ep_milestone_4_effect_bundle_sima_ai_brain	You have made the ultimate sacrifice, choosing glory over family.	Calculated	prestige.png	faction	positive	true
ep_milestone_4_effect_bundle_sima_ai_heart	Your blood is your bond; power is nothing next to family.	Fraternal	prestige.png	faction	positive	true
ep_milestone_4_effect_bundle_sima_jiong_fist	You believed in yourself, and crushed those who did not. This victory is yours alone.	Self-Convincing	prestige.png	faction	positive	true
ep_milestone_4_effect_bundle_sima_jiong_heart	Virtue and humility have guided you to glory.	Modest	prestige.png	faction	positive	true
ep_milestone_4_effect_bundle_sima_liang_fist	The empress chose poorly, and you have exacted dark, bloody revenge.	Avenging	prestige.png	faction	positive	true
ep_milestone_4_effect_bundle_sima_liang_heart	The emperor above all! You have stayed your hand, and remained loyal to the throne.	Magnanimous	prestige.png	faction	positive	true
ep_milestone_4_effect_bundle_sima_lun_brain	Patience and cunning have rewarded you, after much hard work.	Unrelenting	prestige.png	faction	positive	true
ep_milestone_4_effect_bundle_sima_lun_fist	You have cut your path to victory, at great and terrible cost.	Indiscriminate	prestige.png	faction	positive	true
ep_milestone_4_effect_bundle_sima_wei_fist	Rage has driven you to ultimate victory. Destruction lies in your wake.	Tempestuous	prestige.png	faction	positive	true
ep_milestone_4_effect_bundle_sima_wei_money	The spirit of generosity has lifted you to victory, carried by a wave of support.	Generous	prestige.png	faction	positive	true
ep_milestone_4_effect_bundle_sima_ying_heart	The people have given you your victory; it is to them you owe everything.	Populist	prestige.png	faction	positive	true
ep_milestone_4_effect_bundle_sima_ying_money	Wealth has brought you glory, but it is somewhat lonely at the top...	Affluent	prestige.png	faction	positive	true
ep_milestone_4_effect_bundle_sima_yong_brain	You have listened well to your advisors, and their wise counsel has brought you success!	Approachable	prestige.png	faction	positive	true
ep_milestone_4_effect_bundle_sima_yong_fist	Your will, and yours alone, has driven your countless victories.	Independent	prestige.png	faction	positive	true
ep_milestone_4_effect_bundle_sima_yue_brain	The ends truly justified the means - the terrible cost was nothing before ultimate victory.	Pragmatic	prestige.png	faction	positive	true
ep_milestone_4_effect_bundle_sima_yue_heart	True victory is to win without compromising your integrity - this you have done!	Honourable	prestige.png	faction	positive	true
ep_milestone_payload_character_experience	Your characters are benefiting from experience and teaching.	Tutored	satisfaction.png	faction	positive	true
ep_milestone_payload_diplomacy_empress_negative_1	Your recent actions have irritated the empress.	Out of Favour	prestige.png	faction	negative	true
ep_milestone_payload_diplomacy_empress_negative_2	The empress is severely perturbed by your recent actions.	The Empress' Displeasure	prestige.png	faction	negative	true
ep_milestone_payload_diplomacy_empress_negative_3	Rumours spread that you are a traitor - no doubt the empress' work. Even your friends are wary of being seen with you.	Enemy of the State	prestige.png	faction	negative	true
ep_milestone_payload_diplomacy_empress_positive_1	Your recent actions have aided your popularity with the empress.	In Favour	prestige.png	faction	positive	true
ep_milestone_payload_diplomacy_empress_positive_2	The empress' favour opens up many commercial and diplomatic opportunities...	Empress' Favourite	prestige.png	faction	positive	true
ep_milestone_payload_diplomacy_princes_negative_1	The princes disapprove of your recent actions.	Unpopular	strategic_threat.png	faction	negative	true
ep_milestone_payload_diplomacy_princes_negative_2	Your recent actions have greatly alarmed the other princes.	Highly Unpopular	strategic_threat.png	faction	negative	true
ep_milestone_payload_diplomacy_princes_positive_1	The princes approve of your recent actions.	Popular	prestige.png	faction	positive	true
ep_milestone_payload_diplomacy_princes_positive_2	Your recent actions have given the other princes great faith in you.	Highly Popular	prestige.png	faction	positive	true
ep_milestone_payload_emperor	The emperor has immense power, but inspires great envy.	Emperor	prestige.png	faction	positive	true
ep_milestone_payload_emperor_killed	Murdering the legitimate emperor has temporarily destroyed your reputation - but in the longer term, may prove beneficial.	Regicide!	prestige.png	faction	negative	true
ep_milestone_payload_emperor_retired	You retired the former emperor. This saves you the embarrassment of a more... permanent solution, but will leave your legitimacy in permanent question...	Emperor in Retirement	prestige.png	faction	negative	true
ep_milestone_payload_espionage	Your recent actions have improved the effectiveness of your spy networks.	Subtle	spies.png	faction	positive	true
ep_milestone_payload_military_1	Those opposed to the empress know you as a friend - but other princes see you as a danger.	Focus of Opposition	prestige.png	faction	positive	true
ep_milestone_payload_military_2	You have openly declared against the empress. The righteous rally to your cause, but other princes are cautious of your motives.	Empress' Nemesis	prestige.png	faction	neutral	true
ep_milestone_payload_protector	You sided with the empress against the other princes.	Empress' Protector	prestige.png	faction	positive	true
ep_milestone_payload_regent	The regent lacks the power of the emperor, but has a veneer of legitimacy.	Regent	prestige.png	faction	positive	true
ep_milestone_payload_throne_usurped_betrayal	Your sudden betrayal has appalled all!	Traitorous Usurper	prestige.png	faction	negative	true
ep_milestone_payload_throne_usurped_unopposed	Though many disapprove of your usurpation, most remain silent.	Unopposed Usurper	prestige.png	faction	negative	true
ep_milestone_payload_tribal_requisitions	You are recruiting forces from the northern tribes.	Tribal Requistions	army.png	faction	neutral	true
ep_milestone_payload_uncontested_rule	The former emperor is dead. Without a figurehead for opposing forces, your rule is more stable - once the initial outcry has died down.	Uncontested Rule	prestige.png	faction	positive	true
ep_mission_bundle_pooled_resource_sima_ai_negative	Reform is essential if China is to survive - but sometimes present concerns are more pressing than those of the future.	Your reforms stagnate...	ep_frontend_leader_prince_of_changsha_specialisation.png	faction	negative	true
ep_mission_bundle_pooled_resource_sima_ai_positive	Reform is essential if China is to survive - you must push onwards!	Your reforms accelerate!	ep_frontend_leader_prince_of_changsha_specialisation.png	faction	positive	true
ep_mission_bundle_pooled_resource_sima_jiong_negative	You have allowed others to dictate your fate - your grip on power slips...	Your control weakens...	ep_frontend_leader_prince_of_qi_specialisation.png	faction	negative	true
ep_mission_bundle_pooled_resource_sima_jiong_positive	Your will alone holds sway in your domain.	Your control tightens!	ep_frontend_leader_prince_of_qi_specialisation.png	faction	positive	true
ep_mission_bundle_pooled_resource_sima_liang_negative	Without a secure foundation, expansion can bring dangerous instability.	Your jurisdiction weakens...	ep_frontend_leader_prince_of_runan_specialisation.png	faction	negative	true
ep_mission_bundle_pooled_resource_sima_liang_positive	Your authority increase - perhaps now is the time to expand your control.	Your jurisdiction expands!	ep_frontend_leader_prince_of_runan_specialisation.png	faction	positive	true
ep_mission_bundle_pooled_resource_sima_lun_negative	Perhaps you have moved too far, too fast - your schemes are at risk.	Your plots stagnate...	ep_frontend_leader_prince_of_zhao_specialisation.png	faction	negative	true
ep_mission_bundle_pooled_resource_sima_lun_positive	Slowly but surely, your schemes are falling into place.	Your plots progress!	ep_frontend_leader_prince_of_zhao_specialisation.png	faction	positive	true
ep_mission_bundle_pooled_resource_sima_wei_negative	Perhaps now is the time for calm and reflection...	Your fury abates...	ep_frontend_leader_prince_of_chu_specialisation.png	faction	negative	true
ep_mission_bundle_pooled_resource_sima_wei_positive	You have whipped yourself into a righteous fury!	Your fury rises!	ep_frontend_leader_prince_of_chu_specialisation.png	faction	positive	true
ep_mission_bundle_pooled_resource_sima_yue_negative	Even you cannot be everywhere at once.	Your influence wanes...	ep_frontend_leader_prince_of_donghai_specialisation.png	faction	negative	true
ep_mission_bundle_pooled_resource_sima_yue_positive	Only with close oversight can the realm develop.	Your influence spreads!	ep_frontend_leader_prince_of_donghai_specialisation.png	faction	positive	true
ep_payload_character_action_banish_sima_jiong_execution_1_faction	Removes the character from the court and expels her or him from the faction. 	Remove Opposition	ep_frontend_leader_prince_of_qi_specialisation.png	faction	positive	true
ep_payload_character_action_banish_sima_jiong_execution_2_faction	Removes the character from the court and expels her or him from the faction. 	Remove Opposition	ep_frontend_leader_prince_of_qi_specialisation.png	faction	positive	true
ep_payload_character_action_banish_sima_jiong_execution_3_faction	Removes the character from the court and expels her or him from the faction. 	Remove Opposition	ep_frontend_leader_prince_of_qi_specialisation.png	faction	positive	true
ep_payload_character_action_banish_sima_jiong_execution_4_faction	Removes the character from the court and expels her or him from the faction. 	Remove Opposition	ep_frontend_leader_prince_of_qi_specialisation.png	faction	positive	true
ep_prince_of_changsha_faction_trait	HIDDEN	 	.	faction	positive	false
ep_prince_of_chengdu_faction_trait	Duty to the people, for the common good.	Empowered Council	ep_frontend_leader_prince_of_chengdu_specialisation.png	faction	positive	true
ep_prince_of_chu_faction_trait	 	Specialisation: Militarism	.	faction	positive	false
ep_prince_of_donghai_faction_trait	 	Specialisation: Infrastructure	ep_frontend_leader_prince_of_donghai_specialisation.png	faction	positive	false
ep_prince_of_hejian_faction_trait	Supervision and security, defence and stability; under military guidance.	Military Security	ep_frontend_leader_prince_of_hejian_specialisation.png	faction	positive	true
ep_prince_of_qi_faction_trait	 	Specialisation: Control	ep_frontend_leader_prince_of_qi_specialisation.png	faction	positive	false
ep_prince_of_runan_faction_trait	 	Specialisation: Old Guard	ep_frontend_leader_prince_of_runan_specialisation.png	faction	positive	false
ep_prince_of_zhao_faction_trait	 	Specialisation: Manipulation	ep_frontend_leader_prince_of_zhao_specialisation.png	faction	positive	false
ep_region_payload_capital	Holding the capital is a crucial step on the road to rule - but invites the jealousy of other princes.	The Capital	prestige.png	region	positive	true
k_dlc06_effect_bundle_pooled_resource_flaming_confinement_level_0	{{tr:pooled_resource_effect_bundle_flaming_confinement_description}}	{{tr:pooled_resource_effect_bundle_flaming_confinement_title}}	.	faction	negative	false
k_dlc06_effect_bundle_pooled_resource_flaming_confinement_level_1	{{tr:pooled_resource_effect_bundle_flaming_confinement_description}}	{{tr:pooled_resource_effect_bundle_flaming_confinement_title}}	satisfaction.png	faction	negative	true
k_dlc06_effect_bundle_pooled_resource_flaming_confinement_level_10	{{tr:pooled_resource_effect_bundle_flaming_confinement_description}}	{{tr:pooled_resource_effect_bundle_flaming_confinement_title}}	satisfaction.png	faction	negative	true
k_dlc06_effect_bundle_pooled_resource_flaming_confinement_level_11	{{tr:pooled_resource_effect_bundle_flaming_confinement_description}}	{{tr:pooled_resource_effect_bundle_flaming_confinement_title}}	satisfaction.png	faction	negative	true
k_dlc06_effect_bundle_pooled_resource_flaming_confinement_level_12	{{tr:pooled_resource_effect_bundle_flaming_confinement_description}}	{{tr:pooled_resource_effect_bundle_flaming_confinement_title}}	satisfaction.png	faction	negative	true
k_dlc06_effect_bundle_pooled_resource_flaming_confinement_level_13	{{tr:pooled_resource_effect_bundle_flaming_confinement_description}}	{{tr:pooled_resource_effect_bundle_flaming_confinement_title}}	satisfaction.png	faction	negative	true
k_dlc06_effect_bundle_pooled_resource_flaming_confinement_level_14	{{tr:pooled_resource_effect_bundle_flaming_confinement_description}}	{{tr:pooled_resource_effect_bundle_flaming_confinement_title}}	satisfaction.png	faction	negative	true
k_dlc06_effect_bundle_pooled_resource_flaming_confinement_level_15	{{tr:pooled_resource_effect_bundle_flaming_confinement_description}}	{{tr:pooled_resource_effect_bundle_flaming_confinement_title}}	satisfaction.png	faction	negative	true
k_dlc06_effect_bundle_pooled_resource_flaming_confinement_level_16	{{tr:pooled_resource_effect_bundle_flaming_confinement_description}}	{{tr:pooled_resource_effect_bundle_flaming_confinement_title}}	satisfaction.png	faction	negative	true
k_dlc06_effect_bundle_pooled_resource_flaming_confinement_level_17	{{tr:pooled_resource_effect_bundle_flaming_confinement_description}}	{{tr:pooled_resource_effect_bundle_flaming_confinement_title}}	satisfaction.png	faction	negative	true
k_dlc06_effect_bundle_pooled_resource_flaming_confinement_level_18	{{tr:pooled_resource_effect_bundle_flaming_confinement_description}}	{{tr:pooled_resource_effect_bundle_flaming_confinement_title}}	satisfaction.png	faction	negative	true
k_dlc06_effect_bundle_pooled_resource_flaming_confinement_level_19	{{tr:pooled_resource_effect_bundle_flaming_confinement_description}}	{{tr:pooled_resource_effect_bundle_flaming_confinement_title}}	satisfaction.png	faction	negative	true
k_dlc06_effect_bundle_pooled_resource_flaming_confinement_level_2	{{tr:pooled_resource_effect_bundle_flaming_confinement_description}}	{{tr:pooled_resource_effect_bundle_flaming_confinement_title}}	satisfaction.png	faction	negative	true
k_dlc06_effect_bundle_pooled_resource_flaming_confinement_level_20	{{tr:pooled_resource_effect_bundle_flaming_confinement_description}}	{{tr:pooled_resource_effect_bundle_flaming_confinement_title}}	satisfaction.png	faction	negative	true
k_dlc06_effect_bundle_pooled_resource_flaming_confinement_level_21	{{tr:pooled_resource_effect_bundle_flaming_confinement_description}}	{{tr:pooled_resource_effect_bundle_flaming_confinement_title}}	satisfaction.png	faction	negative	true
k_dlc06_effect_bundle_pooled_resource_flaming_confinement_level_22	{{tr:pooled_resource_effect_bundle_flaming_confinement_description}}	{{tr:pooled_resource_effect_bundle_flaming_confinement_title}}	satisfaction.png	faction	negative	true
k_dlc06_effect_bundle_pooled_resource_flaming_confinement_level_23	{{tr:pooled_resource_effect_bundle_flaming_confinement_description}}	{{tr:pooled_resource_effect_bundle_flaming_confinement_title}}	satisfaction.png	faction	negative	true
k_dlc06_effect_bundle_pooled_resource_flaming_confinement_level_24	{{tr:pooled_resource_effect_bundle_flaming_confinement_description}}	{{tr:pooled_resource_effect_bundle_flaming_confinement_title}}	satisfaction.png	faction	negative	true
k_dlc06_effect_bundle_pooled_resource_flaming_confinement_level_25	{{tr:pooled_resource_effect_bundle_flaming_confinement_description}}	{{tr:pooled_resource_effect_bundle_flaming_confinement_title}}	satisfaction.png	faction	negative	true
k_dlc06_effect_bundle_pooled_resource_flaming_confinement_level_26	{{tr:pooled_resource_effect_bundle_flaming_confinement_description}}	{{tr:pooled_resource_effect_bundle_flaming_confinement_title}}	satisfaction.png	faction	negative	true
k_dlc06_effect_bundle_pooled_resource_flaming_confinement_level_27	{{tr:pooled_resource_effect_bundle_flaming_confinement_description}}	{{tr:pooled_resource_effect_bundle_flaming_confinement_title}}	satisfaction.png	faction	negative	true
k_dlc06_effect_bundle_pooled_resource_flaming_confinement_level_28	{{tr:pooled_resource_effect_bundle_flaming_confinement_description}}	{{tr:pooled_resource_effect_bundle_flaming_confinement_title}}	satisfaction.png	faction	negative	true
k_dlc06_effect_bundle_pooled_resource_flaming_confinement_level_29	{{tr:pooled_resource_effect_bundle_flaming_confinement_description}}	{{tr:pooled_resource_effect_bundle_flaming_confinement_title}}	satisfaction.png	faction	negative	true
k_dlc06_effect_bundle_pooled_resource_flaming_confinement_level_3	{{tr:pooled_resource_effect_bundle_flaming_confinement_description}}	{{tr:pooled_resource_effect_bundle_flaming_confinement_title}}	satisfaction.png	faction	negative	true
k_dlc06_effect_bundle_pooled_resource_flaming_confinement_level_30	{{tr:pooled_resource_effect_bundle_flaming_confinement_description}}	{{tr:pooled_resource_effect_bundle_flaming_confinement_title}}	satisfaction.png	faction	negative	true
k_dlc06_effect_bundle_pooled_resource_flaming_confinement_level_31	{{tr:pooled_resource_effect_bundle_flaming_confinement_description}}	{{tr:pooled_resource_effect_bundle_flaming_confinement_title}}	satisfaction.png	faction	negative	true
k_dlc06_effect_bundle_pooled_resource_flaming_confinement_level_32	{{tr:pooled_resource_effect_bundle_flaming_confinement_description}}	{{tr:pooled_resource_effect_bundle_flaming_confinement_title}}	satisfaction.png	faction	negative	true
k_dlc06_effect_bundle_pooled_resource_flaming_confinement_level_33	{{tr:pooled_resource_effect_bundle_flaming_confinement_description}}	{{tr:pooled_resource_effect_bundle_flaming_confinement_title}}	satisfaction.png	faction	negative	true
k_dlc06_effect_bundle_pooled_resource_flaming_confinement_level_34	{{tr:pooled_resource_effect_bundle_flaming_confinement_description}}	{{tr:pooled_resource_effect_bundle_flaming_confinement_title}}	satisfaction.png	faction	negative	true
k_dlc06_effect_bundle_pooled_resource_flaming_confinement_level_35	{{tr:pooled_resource_effect_bundle_flaming_confinement_description}}	{{tr:pooled_resource_effect_bundle_flaming_confinement_title}}	satisfaction.png	faction	negative	true
k_dlc06_effect_bundle_pooled_resource_flaming_confinement_level_36	{{tr:pooled_resource_effect_bundle_flaming_confinement_description}}	{{tr:pooled_resource_effect_bundle_flaming_confinement_title}}	satisfaction.png	faction	negative	true
k_dlc06_effect_bundle_pooled_resource_flaming_confinement_level_37	{{tr:pooled_resource_effect_bundle_flaming_confinement_description}}	{{tr:pooled_resource_effect_bundle_flaming_confinement_title}}	satisfaction.png	faction	negative	true
k_dlc06_effect_bundle_pooled_resource_flaming_confinement_level_38	{{tr:pooled_resource_effect_bundle_flaming_confinement_description}}	{{tr:pooled_resource_effect_bundle_flaming_confinement_title}}	satisfaction.png	faction	negative	true
k_dlc06_effect_bundle_pooled_resource_flaming_confinement_level_39	{{tr:pooled_resource_effect_bundle_flaming_confinement_description}}	{{tr:pooled_resource_effect_bundle_flaming_confinement_title}}	satisfaction.png	faction	negative	true
k_dlc06_effect_bundle_pooled_resource_flaming_confinement_level_4	{{tr:pooled_resource_effect_bundle_flaming_confinement_description}}	{{tr:pooled_resource_effect_bundle_flaming_confinement_title}}	satisfaction.png	faction	negative	true
k_dlc06_effect_bundle_pooled_resource_flaming_confinement_level_40	{{tr:pooled_resource_effect_bundle_flaming_confinement_description}}	{{tr:pooled_resource_effect_bundle_flaming_confinement_title}}	satisfaction.png	faction	negative	true
k_dlc06_effect_bundle_pooled_resource_flaming_confinement_level_41	{{tr:pooled_resource_effect_bundle_flaming_confinement_description}}	{{tr:pooled_resource_effect_bundle_flaming_confinement_title}}	satisfaction.png	faction	negative	true
k_dlc06_effect_bundle_pooled_resource_flaming_confinement_level_42	{{tr:pooled_resource_effect_bundle_flaming_confinement_description}}	{{tr:pooled_resource_effect_bundle_flaming_confinement_title}}	satisfaction.png	faction	negative	true
k_dlc06_effect_bundle_pooled_resource_flaming_confinement_level_43	{{tr:pooled_resource_effect_bundle_flaming_confinement_description}}	{{tr:pooled_resource_effect_bundle_flaming_confinement_title}}	satisfaction.png	faction	negative	true
k_dlc06_effect_bundle_pooled_resource_flaming_confinement_level_44	{{tr:pooled_resource_effect_bundle_flaming_confinement_description}}	{{tr:pooled_resource_effect_bundle_flaming_confinement_title}}	satisfaction.png	faction	negative	true
k_dlc06_effect_bundle_pooled_resource_flaming_confinement_level_45	{{tr:pooled_resource_effect_bundle_flaming_confinement_description}}	{{tr:pooled_resource_effect_bundle_flaming_confinement_title}}	satisfaction.png	faction	negative	true
k_dlc06_effect_bundle_pooled_resource_flaming_confinement_level_46	{{tr:pooled_resource_effect_bundle_flaming_confinement_description}}	{{tr:pooled_resource_effect_bundle_flaming_confinement_title}}	satisfaction.png	faction	negative	true
k_dlc06_effect_bundle_pooled_resource_flaming_confinement_level_47	{{tr:pooled_resource_effect_bundle_flaming_confinement_description}}	{{tr:pooled_resource_effect_bundle_flaming_confinement_title}}	satisfaction.png	faction	negative	true
k_dlc06_effect_bundle_pooled_resource_flaming_confinement_level_48	{{tr:pooled_resource_effect_bundle_flaming_confinement_description}}	{{tr:pooled_resource_effect_bundle_flaming_confinement_title}}	satisfaction.png	faction	negative	true
k_dlc06_effect_bundle_pooled_resource_flaming_confinement_level_49	{{tr:pooled_resource_effect_bundle_flaming_confinement_description}}	{{tr:pooled_resource_effect_bundle_flaming_confinement_title}}	satisfaction.png	faction	negative	true
k_dlc06_effect_bundle_pooled_resource_flaming_confinement_level_5	{{tr:pooled_resource_effect_bundle_flaming_confinement_description}}	{{tr:pooled_resource_effect_bundle_flaming_confinement_title}}	satisfaction.png	faction	negative	true
k_dlc06_effect_bundle_pooled_resource_flaming_confinement_level_50	{{tr:pooled_resource_effect_bundle_flaming_confinement_description}}	{{tr:pooled_resource_effect_bundle_flaming_confinement_title}}	satisfaction.png	faction	negative	true
k_dlc06_effect_bundle_pooled_resource_flaming_confinement_level_51	{{tr:pooled_resource_effect_bundle_flaming_confinement_description}}	{{tr:pooled_resource_effect_bundle_flaming_confinement_title}}	satisfaction.png	faction	negative	true
k_dlc06_effect_bundle_pooled_resource_flaming_confinement_level_52	{{tr:pooled_resource_effect_bundle_flaming_confinement_description}}	{{tr:pooled_resource_effect_bundle_flaming_confinement_title}}	satisfaction.png	faction	negative	true
k_dlc06_effect_bundle_pooled_resource_flaming_confinement_level_53	{{tr:pooled_resource_effect_bundle_flaming_confinement_description}}	{{tr:pooled_resource_effect_bundle_flaming_confinement_title}}	satisfaction.png	faction	negative	true
k_dlc06_effect_bundle_pooled_resource_flaming_confinement_level_54	{{tr:pooled_resource_effect_bundle_flaming_confinement_description}}	{{tr:pooled_resource_effect_bundle_flaming_confinement_title}}	satisfaction.png	faction	negative	true
k_dlc06_effect_bundle_pooled_resource_flaming_confinement_level_55	{{tr:pooled_resource_effect_bundle_flaming_confinement_description}}	{{tr:pooled_resource_effect_bundle_flaming_confinement_title}}	satisfaction.png	faction	negative	true
k_dlc06_effect_bundle_pooled_resource_flaming_confinement_level_56	{{tr:pooled_resource_effect_bundle_flaming_confinement_description}}	{{tr:pooled_resource_effect_bundle_flaming_confinement_title}}	satisfaction.png	faction	negative	true
k_dlc06_effect_bundle_pooled_resource_flaming_confinement_level_6	{{tr:pooled_resource_effect_bundle_flaming_confinement_description}}	{{tr:pooled_resource_effect_bundle_flaming_confinement_title}}	satisfaction.png	faction	negative	true
k_dlc06_effect_bundle_pooled_resource_flaming_confinement_level_7	{{tr:pooled_resource_effect_bundle_flaming_confinement_description}}	{{tr:pooled_resource_effect_bundle_flaming_confinement_title}}	satisfaction.png	faction	negative	true
k_dlc06_effect_bundle_pooled_resource_flaming_confinement_level_8	{{tr:pooled_resource_effect_bundle_flaming_confinement_description}}	{{tr:pooled_resource_effect_bundle_flaming_confinement_title}}	satisfaction.png	faction	negative	true
k_dlc06_effect_bundle_pooled_resource_flaming_confinement_level_9	{{tr:pooled_resource_effect_bundle_flaming_confinement_description}}	{{tr:pooled_resource_effect_bundle_flaming_confinement_title}}	satisfaction.png	faction	negative	true
