key	ceo_effect_list	point_change_per_turn_if_active	title	description	icon_path	opinion_topic_modifier
#ceo_nodes_tables;0;ceo_db/ceo_nodes_tables/data__						
3k_cp01_ceo_node_guo_jias_armour_unique_01	3k_cp01_ceo_node_guo_jias_armour_unique_01	0	Guo Jia's Armour	The perfect weight and fit, tailored for this warrior of class and distinction.	armours/3k_main_ancillary_guo_jia_armour_unique.png	
3k_cp01_ceo_node_huang_gais_armour_unique_01	3k_cp01_ceo_node_huang_gais_armour_unique_01	0	Huang Gai's Armour	The perfect weight and fit, tailored for this warrior of class and distinction.	armours/3k_main_ancillary_huang_gai_armour_unique.png	
3k_cp01_ceo_node_jia_xus_armour_unique_01	3k_cp01_ceo_node_jia_xus_armour_unique_01	0	Jia Xu's Armour	The perfect weight and fit, tailored for this warrior of class and distinction.	armours/3k_main_ancillary_jia_xu_armour_unique.png	
3k_cp01_ceo_node_pang_tongs_armour_unique_01	3k_cp01_ceo_node_pang_tongs_armour_unique_01	0	Pang Tong's Armour	The perfect weight and fit, tailored for this warrior of class and distinction.	armours/3k_main_ancillary_pang_tong_armour_unique.png	
3k_dlc04_ancillary_accessory_calligraphy_set_unique	3k_dlc04_ancillary_accessory_calligraphy_set_unique	0	Calligraphy Set	Well-formed prose has a beauty all its own and confers authority upon its author.	accessories/3k_dlc04_ancillary_accessory_calligraphy_set_unique.png	
3k_dlc04_ancillary_accessory_nushe_bifa_unique	3k_dlc04_ancillary_accessory_nushe_bifa_unique	0	Nushe Bifa	"The whole assembly is called ji, for it is just as ingenious as the loom."	accessories/3k_dlc04_ancillary_accessory_nushe_bifa_unique.png	
3k_dlc04_ancillary_accessory_religious_bell_unique	3k_dlc04_ancillary_accessory_religious_bell_unique	0	Religious Bell	The bell calls the faithful to peaceful contemplation of the world and their place in it.	accessories/3k_dlc04_ancillary_accessory_religious_bell_unique.png	
3k_dlc04_ancillary_accessory_zhang_liang_unique	3k_dlc04_ancillary_accessory_zhang_liang_unique	0	Zhang Liang's Garland	These beads are used to count recitations and breaths, that their wearer may find harmony in the Way.	accessories/3k_dlc04_ancillary_accessory_zhang_liang_unique.png	
3k_dlc04_ancillary_apprentice_crafter	3k_dlc04_ancillary_follower_apprentice_crafter	0	Apprentice Crafter	Though yet to gain the benefits that storied experience brings, he nevertheless is skilled in constructing battlefield defences, and can pass that knowledge on to others.	followers/3k_dlc04_ancillary_apprentice_crafter.png	
3k_dlc04_ancillary_armour_diao_chans_armour_unique_01	3k_dlc04_ancillary_armour_diao_chans_armour_unique	0	Diao Chan's Armour	The perfect weight and fit, tailored for this warrior of class and distinction.	armours/3k_dlc04_ancillary_armour_diao_chan_armour_unique.png	
3k_dlc04_ancillary_armour_emperor_ling_armour_unique	3k_dlc04_ancillary_armour_emperor_ling_armour_unique	0	The Emperor's Robes	These grand robes were made with consummate skill, befitting the one who bears the burden of Heaven's Mandate.	armours/3k_dlc04_ancillary_armour_emperor_ling_armour_unique.png	
3k_dlc04_ancillary_armour_empress_hes_armour_unique	3k_dlc04_ancillary_armour_empress_hes_armour_unique	0	Empress He's Robes	Luxurious robes, fit for those who do not tread the battlefield.	armours/3k_dlc04_ancillary_armour_empress_he_armour_unique.png	
3k_dlc04_ancillary_armour_he_jins_armour_unique	3k_dlc04_ancillary_armour_he_jins_armour_unique	0	He Jin's Armour	The perfect weight and fit, tailored for this warrior of class and distinction.	armours/3k_dlc04_ancillary_armour_he_jins_armour_unique.png	
3k_dlc04_ancillary_armour_huangfu_songs_armour_unique	3k_dlc04_ancillary_armour_huangfu_songs_armour_unique	0	Huangfu Song's Armour	The perfect weight and fit, tailored for this warrior of class and distinction.	armours/3k_dlc04_ancillary_armour_huangfu_songs_armour_unique.png	
3k_dlc04_ancillary_armour_lu_zhis_armour_unique	3k_dlc04_ancillary_armour_lu_zhis_armour_unique	0	Lu Zhi's Armour	The perfect weight and fit, tailored for this warrior of class and distinction.	armours/3k_dlc04_ancillary_armour_lu_zhis_armour_unique.png	
3k_dlc04_ancillary_armour_non_deployable_armour_red_common	3k_dlc04_ancillary_armour_non_deployable_armour_red_common	0	Courtier's Robes	Luxurious robes, fit for those who do not tread the battlefield.	armours/3k_dlc04_ancillary_armour_eunuch_2_armour_unique.png	
3k_dlc04_ancillary_armour_non_deployable_armour_red_refined	3k_dlc04_ancillary_armour_non_deployable_armour_red_refined	0	Attendant's Robes	Luxurious robes, fit for those who do not tread the battlefield.	armours/3k_dlc04_ancillary_armour_eunuch_1_armour_unique.png	
3k_dlc04_ancillary_armour_non_deployable_armour_yellow_common	3k_dlc04_ancillary_armour_non_deployable_armour_yellow_common	0	Minister's Robes	Luxurious robes, fit for those who do not tread the battlefield.	armours/3k_dlc04_ancillary_armour_eunuch_3_armour_unique.png	
3k_dlc04_ancillary_armour_prince_liu_chongs_armour_unique	3k_dlc04_ancillary_armour_prince_liu_chongs_armour_unique	0	Prince Liu Chong's Armour	The perfect weight and fit, tailored for this warrior of class and distinction.	armours/3k_dlc04_ancillary_armour_prince_liu_chongs_armour_unique.png	
3k_dlc04_ancillary_armour_xun_yus_armour_unique_01	3k_dlc04_ancillary_armour_xun_yus_armour_unique	0	Xun Yu's Armour	The perfect weight and fit, tailored for this warrior of class and distinction.	armours/3k_dlc04_ancillary_armour_xun_yu_armour_unique.png	
3k_dlc04_ancillary_armour_zhang_baos_armour_unique	3k_dlc04_ancillary_armour_zhang_baos_armour_unique	0	Zhang Bao's Armour	The perfect weight and fit, tailored for this warrior of class and distinction.	armours/3k_dlc04_ancillary_armour_zhang_baos_armour_unique.png	
3k_dlc04_ancillary_armour_zhang_jues_armour_unique	3k_dlc04_ancillary_armour_zhang_jues_armour_unique	0	Zhang Jue's Armour	The perfect weight and fit, tailored for this warrior of class and distinction.	armours/3k_dlc04_ancillary_armour_zhang_jues_armour_unique.png	
3k_dlc04_ancillary_armour_zhang_liangs_armour_unique	3k_dlc04_ancillary_armour_zhang_liangs_armour_unique	0	Zhang Liang's Armour	The perfect weight and fit, tailored for this warrior of class and distinction.	armours/3k_dlc04_ancillary_armour_zhang_liangs_armour_unique.png	
3k_dlc04_ancillary_master_crafter	3k_dlc04_ancillary_follower_master_crafter	0	Master Crafter	A veteran of the wars that almost tore the kingdom apart, this man is both a masterful battlefield engineer and a more-than-competent instructor in his area.	followers/3k_dlc04_ancillary_master_crafter.png	
3k_dlc04_ancillary_mount_liu_chong	3k_dlc04_ancillary_mount_liu_chong	0	Ebon Prince	A fine horse, fit for a king.	mounts/3k_dlc04_ancillary_mount_liu_chong.png	
3k_dlc04_ancillary_weapon_bow_huangfu_song_unique	3k_dlc04_ancillary_weapon_bow_huangfu_song_unique	0	Huangfu Song's Bow	The bow that Huangfu Song wields may be an antique, but it remains a stunning example of the form, and will greatly assist him in putting down the Yellow Turban scum.	weapons/3k_dlc04_ancillary_weapon_bow_huangfu_song_unique.png	
3k_dlc04_ancillary_weapon_crossbow_prince_liu_chong_unique	3k_dlc04_ancillary_weapon_crossbow_prince_liu_chong_unique	0	Prince Liu Chong's Crossbow	The prince is highly skilled in the use of the crossbow, to the extent where he has authored the 'Nushe Bifa', an instructional treatise.	weapons/3k_dlc04_ancillary_weapon_crossbow_prince_liu_chong_unique.png	
3k_dlc04_ancillary_weapon_staff_zhang_jue_unique	3k_dlc04_ancillary_weapon_staff_zhang_jue_unique	0	Zhang Jue's Staff	Is it a mere staff or a tool for sorcery? Rumours persist, but they cannot harm Zhang Jue, for hearsay and myth work in the rebel leader's favour.	weapons/3k_dlc04_ancillary_weapon_staff_zhang_jue_unique.png	
3k_dlc04_ceo_factional_great_library_authority_common_00	3k_dlc04_ceo_factional_great_library_authority_common_01	0	Dongguan Hanji	{{tr:3k_dlc04_great_library_authority_common_unlock}}	great_library/3k_dlc04_ancillary_factional_great_library_authority_01.png	
3k_dlc04_ceo_factional_great_library_authority_common_01	3k_dlc04_ceo_factional_great_library_authority_common_01	0	Dongguan Hanji	"...and in rode the Orange Cavalry, seeking to arrest the lawbreaker."\n\n{{tr:3k_dlc04_great_library_authority_common_unlock}}	great_library/3k_dlc04_ancillary_factional_great_library_authority_01.png	
3k_dlc04_ceo_factional_great_library_authority_exceptional_00	3k_dlc04_ceo_factional_great_library_authority_exceptional_01	0	Huainanzi	{{tr:3k_dlc04_great_library_authority_exceptional_unlock}}	great_library/3k_dlc04_ancillary_factional_great_library_authority_03.png	
3k_dlc04_ceo_factional_great_library_authority_exceptional_01	3k_dlc04_ceo_factional_great_library_authority_exceptional_01	0	Huainanzi	"If appropriate personnel are appointed, then the realm is well-governed."\n\n{{tr:3k_dlc04_great_library_authority_exceptional_unlock}}	great_library/3k_dlc04_ancillary_factional_great_library_authority_03.png	
3k_dlc04_ceo_factional_great_library_authority_refined_00	3k_dlc04_ceo_factional_great_library_authority_refined_01	0	Records of the Grand Historian	{{tr:3k_dlc04_great_library_authority_refined_unlock}}	great_library/3k_dlc04_ancillary_factional_great_library_authority_02.png	
3k_dlc04_ceo_factional_great_library_authority_refined_01	3k_dlc04_ceo_factional_great_library_authority_refined_01	0	Records of the Grand Historian	"I myself have travelled west as far as Kongtong, north past Zhuolu, east to the sea, and in the south I have sailed the Yellow and Huai rivers."\n\n{{tr:3k_dlc04_great_library_authority_refined_unlock}}	great_library/3k_dlc04_ancillary_factional_great_library_authority_02.png	
3k_dlc04_ceo_factional_great_library_authority_unique_00	3k_dlc04_ceo_factional_great_library_authority_unique_01	0	The Book of Lord Shang	{{tr:3k_dlc04_great_library_authority_unique_unlock}}	great_library/3k_dlc04_ancillary_factional_great_library_authority_04.png	
3k_dlc04_ceo_factional_great_library_authority_unique_01	3k_dlc04_ceo_factional_great_library_authority_unique_01	0	The Book of Lord Shang	The law is an expression of love for the people.\n\n{{tr:3k_dlc04_great_library_authority_unique_unlock}}	great_library/3k_dlc04_ancillary_factional_great_library_authority_04.png	
3k_dlc04_ceo_factional_great_library_cunning_common_00	3k_dlc04_ceo_factional_great_library_cunning_common_01	0	Book of Changes	{{tr:3k_dlc04_great_library_cunning_common_unlock}}	great_library/3k_dlc04_ancillary_factional_great_library_cunning_01.png	
3k_dlc04_ceo_factional_great_library_cunning_common_01	3k_dlc04_ceo_factional_great_library_cunning_common_01	0	Book of Changes	The topmost line, divided, shows its subject, amidst the startling movements, in breathless dismay and looking round him with trembling apprehension. If he takes action, there will be evil.\n\n{{tr:3k_dlc04_great_library_cunning_common_unlock}}	great_library/3k_dlc04_ancillary_factional_great_library_cunning_01.png	
3k_dlc04_ceo_factional_great_library_cunning_exceptional_00	3k_dlc04_ceo_factional_great_library_cunning_exceptional_01	0	The Writings on Reckoning	{{tr:3k_dlc04_great_library_cunning_exceptional_unlock}}	great_library/3k_dlc04_ancillary_factional_great_library_cunning_03.png	
3k_dlc04_ceo_factional_great_library_cunning_exceptional_01	3k_dlc04_ceo_factional_great_library_cunning_exceptional_01	0	The Writings on Reckoning	This treatise represents the true authority on mathematics; from fractions to factorisation.\n\n{{tr:3k_dlc04_great_library_cunning_exceptional_unlock}}	great_library/3k_dlc04_ancillary_factional_great_library_cunning_03.png	
3k_dlc04_ceo_factional_great_library_cunning_refined_00	3k_dlc04_ceo_factional_great_library_cunning_refined_01	0	Classic of Poetry	{{tr:3k_dlc04_great_library_cunning_refined_unlock}}	great_library/3k_dlc04_ancillary_factional_great_library_cunning_02.png	
3k_dlc04_ceo_factional_great_library_cunning_refined_01	3k_dlc04_ceo_factional_great_library_cunning_refined_01	0	Classic of Poetry	"With volume vast, the waters flow, but still within their channel run."\n\n{{tr:3k_dlc04_great_library_cunning_refined_unlock}}	great_library/3k_dlc04_ancillary_factional_great_library_cunning_02.png	
3k_dlc04_ceo_factional_great_library_cunning_unique_00	3k_dlc04_ceo_factional_great_library_cunning_unique_01	0	Book of Rites	{{tr:3k_dlc04_great_library_cunning_unique_unlock}}	great_library/3k_dlc04_ancillary_factional_great_library_cunning_04.png	
3k_dlc04_ceo_factional_great_library_cunning_unique_01	3k_dlc04_ceo_factional_great_library_cunning_unique_01	0	Book of Rites	"When sitting by a person of rank, if he began to yawn and stretch himself, to turn round his tablet, to play with the head of his sword, to move his shoes about, or to ask about the time of day, one might ask leave to retire."\n\n{{tr:3k_dlc04_great_library_cunning_unique_unlock}}	great_library/3k_dlc04_ancillary_factional_great_library_cunning_04.png	
3k_dlc04_ceo_factional_great_library_expertise_common_00	3k_dlc04_ceo_factional_great_library_expertise_common_01	0	Huangdi Neijing	{{tr:3k_dlc04_great_library_authority_common_unlock}}	great_library/3k_dlc04_ancillary_factional_great_library_expertise_01.png	
3k_dlc04_ceo_factional_great_library_expertise_common_01	3k_dlc04_ceo_factional_great_library_expertise_common_01	0	Huangdi Neijing	"One should use all five examinations and combine their results, then one will be able to decide upon the share of life and death."\n\n{{tr:3k_dlc04_great_library_authority_common_unlock}}	great_library/3k_dlc04_ancillary_factional_great_library_expertise_01.png	
3k_dlc04_ceo_factional_great_library_expertise_exceptional_00	3k_dlc04_ceo_factional_great_library_expertise_exceptional_01	0	Discourses on Salt & Iron	{{tr:3k_dlc04_great_library_expertise_exceptional_unlock}}	great_library/3k_dlc04_ancillary_factional_great_library_expertise_03.png	
3k_dlc04_ceo_factional_great_library_expertise_exceptional_01	3k_dlc04_ceo_factional_great_library_expertise_exceptional_01	0	Discourses on Salt & Iron	"Our ancestors spurned avarice and honoured righteousness; they venerated integrity and cared not for wealth."\n\n{{tr:3k_dlc04_great_library_expertise_exceptional_unlock}}	great_library/3k_dlc04_ancillary_factional_great_library_expertise_03.png	
3k_dlc04_ceo_factional_great_library_expertise_refined_00	3k_dlc04_ceo_factional_great_library_expertise_refined_01	0	Nan Jing	{{tr:3k_dlc04_great_library_expertise_refined_unlock}}	great_library/3k_dlc04_ancillary_factional_great_library_expertise_02.png	
3k_dlc04_ceo_factional_great_library_expertise_refined_01	3k_dlc04_ceo_factional_great_library_expertise_refined_01	0	Nan Jing	While the Huangdi Neijing may be authoritative, this book aims to clarify some of the vaguer areas.\n\n{{tr:3k_dlc04_great_library_expertise_refined_unlock}}	great_library/3k_dlc04_ancillary_factional_great_library_expertise_02.png	
3k_dlc04_ceo_factional_great_library_expertise_unique_00	3k_dlc04_ceo_factional_great_library_expertise_unique_01	0	Chu Ci	{{tr:3k_dlc04_great_library_expertise_unique_unlock}}	great_library/3k_dlc04_ancillary_factional_great_library_expertise_04.png	
3k_dlc04_ceo_factional_great_library_expertise_unique_01	3k_dlc04_ceo_factional_great_library_expertise_unique_01	0	Chu Ci	"Long, long had been my road and far, far was the journey; I would go up and down to seek my heart's desire."\n\n{{tr:3k_dlc04_great_library_expertise_unique_unlock}}	great_library/3k_dlc04_ancillary_factional_great_library_expertise_04.png	
3k_dlc04_ceo_factional_great_library_instinct_common_00	3k_dlc04_ceo_factional_great_library_instinct_common_01	0	Wei Liaozi	{{tr:3k_dlc04_great_library_instinct_common_unlock}}	great_library/3k_dlc04_ancillary_factional_great_library_instinct_01.png	
3k_dlc04_ceo_factional_great_library_instinct_common_01	3k_dlc04_ceo_factional_great_library_instinct_common_01	0	Wei Liaozi	"If the land is vast and properly used, then the realm is wealthy; if the population is large and properly controlled, then the realm is well-governed."\n\n{{tr:3k_dlc04_great_library_instinct_common_unlock}}	great_library/3k_dlc04_ancillary_factional_great_library_instinct_01.png	
3k_dlc04_ceo_factional_great_library_instinct_exceptional_00	3k_dlc04_ceo_factional_great_library_instinct_exceptional_01	0	The Six Secret Teachings	{{tr:3k_dlc04_great_library_instinct_exceptional_unlock}}	great_library/3k_dlc04_ancillary_factional_great_library_instinct_03.png	
3k_dlc04_ceo_factional_great_library_instinct_exceptional_01	3k_dlc04_ceo_factional_great_library_instinct_exceptional_01	0	The Six Secret Teachings	"If you can attain complete victory without fighting, without the great army suffering any losses, you will have penetrated even the realm of ghosts and spirits."\n\n{{tr:3k_dlc04_great_library_instinct_exceptional_unlock}}	great_library/3k_dlc04_ancillary_factional_great_library_instinct_03.png	
3k_dlc04_ceo_factional_great_library_instinct_refined_00	3k_dlc04_ceo_factional_great_library_instinct_refined_01	0	The Three Strategies of Huang Shigong	{{tr:3k_dlc04_great_library_instinct_refined_unlock}}	great_library/3k_dlc04_ancillary_factional_great_library_instinct_02.png	
3k_dlc04_ceo_factional_great_library_instinct_refined_01	3k_dlc04_ceo_factional_great_library_instinct_refined_01	0	The Three Strategies of Huang Shigong	"If the general's plans are confidential, treacherous minds are prevented; if the troops are unified, morale is consolidated; if attacks are swift, their preparation will not be in time."\n\n{{tr:3k_dlc04_great_library_instinct_refined_unlock}}	great_library/3k_dlc04_ancillary_factional_great_library_instinct_02.png	
3k_dlc04_ceo_factional_great_library_instinct_unique_00	3k_dlc04_ceo_factional_great_library_instinct_unique_01	0	The Art of War	{{tr:3k_dlc04_great_library_instinct_unique_unlock}}	great_library/3k_dlc04_ancillary_factional_great_library_instinct_04.png	
3k_dlc04_ceo_factional_great_library_instinct_unique_01	3k_dlc04_ceo_factional_great_library_instinct_unique_01	0	The Art of War	"If in training soldiers' commands are habitually enforced, the army will be well-disciplined; if not, its discipline will be bad."\n\n{{tr:3k_dlc04_great_library_instinct_unique_unlock}}	great_library/3k_dlc04_ancillary_factional_great_library_instinct_04.png	
3k_dlc04_ceo_factional_great_library_resolve_common_00	3k_dlc04_ceo_factional_great_library_resolve_common_01	0	Zuo Zhuan	{{tr:3k_dlc04_great_library_resolve_common_unlock}}	great_library/3k_dlc04_ancillary_factional_great_library_resolve_01.png	
3k_dlc04_ceo_factional_great_library_resolve_common_01	3k_dlc04_ceo_factional_great_library_resolve_common_01	0	Zuo Zhuan	"Xu Chen, having cloaked his horses in tiger skins, led the attack by striking directly at the troops of Chen and Cai."\n\n{{tr:3k_dlc04_great_library_resolve_common_unlock}}	great_library/3k_dlc04_ancillary_factional_great_library_resolve_01.png	
3k_dlc04_ceo_factional_great_library_resolve_exceptional_00	3k_dlc04_ceo_factional_great_library_resolve_exceptional_01	0	Classic of Mountains & Seas	{{tr:3k_dlc04_great_library_resolve_exceptional_unlock}}	great_library/3k_dlc04_ancillary_factional_great_library_resolve_03.png	
3k_dlc04_ceo_factional_great_library_resolve_exceptional_01	3k_dlc04_ceo_factional_great_library_resolve_exceptional_01	0	Classic of Mountains & Seas	"There is a beast dwelling here, whose form resembles a horse but with a white body, black tail, a single horn and tiger's teeth and claws!"\n\n{{tr:3k_dlc04_great_library_resolve_exceptional_unlock}}	great_library/3k_dlc04_ancillary_factional_great_library_resolve_03.png	
3k_dlc04_ceo_factional_great_library_resolve_refined_00	3k_dlc04_ceo_factional_great_library_resolve_refined_01	0	Lüshi Chunqiu	{{tr:3k_dlc04_great_library_resolve_refined_unlock}}	great_library/3k_dlc04_ancillary_factional_great_library_resolve_02.png	
3k_dlc04_ceo_factional_great_library_resolve_refined_01	3k_dlc04_ceo_factional_great_library_resolve_refined_01	0	Lüshi Chunqiu	An almanac of miscellaneous information, especially pertaining to agriculture.\n\n{{tr:3k_dlc04_great_library_resolve_refined_unlock}}	great_library/3k_dlc04_ancillary_factional_great_library_resolve_02.png	
3k_dlc04_ceo_factional_great_library_resolve_unique_00	3k_dlc04_ceo_factional_great_library_resolve_unique_01	0	Mencius	{{tr:3k_dlc04_great_library_resolve_unique_unlock}}	great_library/3k_dlc04_ancillary_factional_great_library_resolve_04.png	
3k_dlc04_ceo_factional_great_library_resolve_unique_01	3k_dlc04_ceo_factional_great_library_resolve_unique_01	0	Mencius	"Men, for the most part, err and are afterwards able to reform."\n\n{{tr:3k_dlc04_great_library_resolve_unique_unlock}}	great_library/3k_dlc04_ancillary_factional_great_library_resolve_04.png	
3k_dlc04_ceo_factional_trophy_cabinet_heroes_unique_00	3k_dlc04_ceo_factional_trophy_cabinet_heroes_unique_01	0	Nushe Bifa	{{tr:3k_dlc04_trophy_cabinet_heroes_unique_unlock}}	accessories/3k_dlc04_ancillary_accessory_nushe_bifa_unique.png	
3k_dlc04_ceo_factional_trophy_cabinet_heroes_unique_01	3k_dlc04_ceo_factional_trophy_cabinet_heroes_unique_01	0	Nushe Bifa	"Do I know archery?! My good fellow, I wrote the book on it!"\n\n{{tr:3k_dlc04_trophy_cabinet_heroes_unique_unlock}}	accessories/3k_dlc04_ancillary_accessory_nushe_bifa_unique.png	
3k_dlc04_ceo_factional_trophy_cabinet_melee_cav_common_00	3k_dlc04_ceo_factional_trophy_cabinet_melee_cav_common_01	0	Imperial Banner	{{tr:3k_dlc04_trophy_cabinet_melee_cav_common_unlock}}	trophy_cabinet/3k_dlc04_ceo_factional_trophy_cabinet_melee_cav_common.png	
3k_dlc04_ceo_factional_trophy_cabinet_melee_cav_common_01	3k_dlc04_ceo_factional_trophy_cabinet_melee_cav_common_01	0	Imperial Banner	"Granted me by the emperor himself!"\n\n{{tr:3k_dlc04_trophy_cabinet_melee_cav_common_unlock}}	trophy_cabinet/3k_dlc04_ceo_factional_trophy_cabinet_melee_cav_common.png	
3k_dlc04_ceo_factional_trophy_cabinet_melee_cav_refined_00	3k_dlc04_ceo_factional_trophy_cabinet_melee_cav_refined_01	0	Silk Belt	{{tr:3k_dlc04_trophy_cabinet_melee_cav_refined_unlock}}	trophy_cabinet/3k_dlc04_ceo_factional_trophy_cabinet_melee_cav_refined.png	
3k_dlc04_ceo_factional_trophy_cabinet_melee_cav_refined_01	3k_dlc04_ceo_factional_trophy_cabinet_melee_cav_refined_01	0	Silk Belt	"Given to me by a warrior I defeated in single combat."\n\n{{tr:3k_dlc04_trophy_cabinet_melee_cav_refined_unlock}}	trophy_cabinet/3k_dlc04_ceo_factional_trophy_cabinet_melee_cav_refined.png	
3k_dlc04_ceo_factional_trophy_cabinet_melee_cav_unique_00	3k_dlc04_ceo_factional_trophy_cabinet_melee_cav_unique_01	0	Bronze Double-cup	{{tr:3k_dlc04_trophy_cabinet_melee_cav_unique_unlock}}	trophy_cabinet/3k_dlc04_ceo_factional_trophy_cabinet_melee_cav_unique.png	
3k_dlc04_ceo_factional_trophy_cabinet_melee_cav_unique_01	3k_dlc04_ceo_factional_trophy_cabinet_melee_cav_unique_01	0	Bronze Double-cup	"I wondered where I'd put that!"\n\n{{tr:3k_dlc04_trophy_cabinet_melee_cav_unique_unlock}}	trophy_cabinet/3k_dlc04_ceo_factional_trophy_cabinet_melee_cav_unique.png	
3k_dlc04_ceo_factional_trophy_cabinet_melee_inf_common_00	3k_dlc04_ceo_factional_trophy_cabinet_melee_inf_common_01	0	Yellow Turban Banner	{{tr:3k_dlc04_trophy_cabinet_melee_inf_common_unlock}}	trophy_cabinet/3k_dlc04_ceo_factional_trophy_cabinet_melee_inf_common.png	
3k_dlc04_ceo_factional_trophy_cabinet_melee_inf_common_01	3k_dlc04_ceo_factional_trophy_cabinet_melee_inf_common_01	0	Yellow Turban Banner	A good reminder that one must respect the people always.\n\n{{tr:3k_dlc04_trophy_cabinet_melee_inf_common_unlock}}	trophy_cabinet/3k_dlc04_ceo_factional_trophy_cabinet_melee_inf_common.png	
3k_dlc04_ceo_factional_trophy_cabinet_melee_inf_refined_00	3k_dlc04_ceo_factional_trophy_cabinet_melee_inf_refined_01	0	Silk Headdress	{{tr:3k_dlc04_trophy_cabinet_melee_inf_refined_unlock}}	trophy_cabinet/3k_dlc04_ceo_factional_trophy_cabinet_melee_inf_refined.png	
3k_dlc04_ceo_factional_trophy_cabinet_melee_inf_refined_01	3k_dlc04_ceo_factional_trophy_cabinet_melee_inf_refined_01	0	Silk Headdress	They fought bravely, to the end.\n\n{{tr:3k_dlc04_trophy_cabinet_melee_inf_refined_unlock}}	trophy_cabinet/3k_dlc04_ceo_factional_trophy_cabinet_melee_inf_refined.png	
3k_dlc04_ceo_factional_trophy_cabinet_melee_inf_unique_00	3k_dlc04_ceo_factional_trophy_cabinet_melee_inf_unique_01	0	Bronze Boshanlu	{{tr:3k_dlc04_trophy_cabinet_melee_inf_unique_unlock}}	trophy_cabinet/3k_dlc04_ceo_factional_trophy_cabinet_melee_inf_unique.png	
3k_dlc04_ceo_factional_trophy_cabinet_melee_inf_unique_01	3k_dlc04_ceo_factional_trophy_cabinet_melee_inf_unique_01	0	Bronze Boshanlu	One who is calm fears not the arrows of their enemies\n\n{{tr:3k_dlc04_trophy_cabinet_melee_inf_unique_unlock}}	trophy_cabinet/3k_dlc04_ceo_factional_trophy_cabinet_melee_inf_unique.png	
3k_dlc04_ceo_factional_trophy_cabinet_people_unique_00	3k_dlc04_ceo_factional_trophy_cabinet_people_unique_01	0	Worn Sandals	{{tr:3k_dlc04_trophy_cabinet_people_unique_unlock}}	trophy_cabinet/3k_dlc04_ceo_factional_trophy_cabinet_people_unique.png	
3k_dlc04_ceo_factional_trophy_cabinet_people_unique_01	3k_dlc04_ceo_factional_trophy_cabinet_people_unique_01	0	Worn Sandals	It is important to offer safe haven to those who do not seek war.\n\n{{tr:3k_dlc04_trophy_cabinet_people_unique_unlock}}	trophy_cabinet/3k_dlc04_ceo_factional_trophy_cabinet_people_unique.png	
3k_dlc04_ceo_factional_trophy_cabinet_ranged_common_00	3k_dlc04_ceo_factional_trophy_cabinet_ranged_common_01	0	Black Dragon Siyah Bow	{{tr:3k_dlc04_trophy_cabinet_ranged_common_unlock}}	trophy_cabinet/3k_dlc04_ceo_factional_trophy_cabinet_ranged_common.png	
3k_dlc04_ceo_factional_trophy_cabinet_ranged_common_01	3k_dlc04_ceo_factional_trophy_cabinet_ranged_common_01	0	Black Dragon Siyah Bow	"I won this in a competition with a wandering archer in the Jade Gate Pass."\n\n{{tr:3k_dlc04_trophy_cabinet_ranged_common_unlock}}	trophy_cabinet/3k_dlc04_ceo_factional_trophy_cabinet_ranged_common.png	
3k_dlc04_ceo_factional_trophy_cabinet_ranged_refined_00	3k_dlc04_ceo_factional_trophy_cabinet_ranged_refined_01	0	Wicker Bales	{{tr:3k_dlc04_trophy_cabinet_ranged_refined_unlock}}	trophy_cabinet/3k_dlc04_ceo_factional_trophy_cabinet_ranged_refined.png	
3k_dlc04_ceo_factional_trophy_cabinet_ranged_refined_01	3k_dlc04_ceo_factional_trophy_cabinet_ranged_refined_01	0	Wicker Bales	"They may not look like much, but they saved me in a pinch when I dived behind them!"\n\n{{tr:3k_dlc04_trophy_cabinet_ranged_refined_unlock}}	trophy_cabinet/3k_dlc04_ceo_factional_trophy_cabinet_ranged_refined.png	
3k_dlc04_ceo_factional_trophy_cabinet_ranged_unique_00	3k_dlc04_ceo_factional_trophy_cabinet_ranged_unique_01	0	Ornate Quiver	{{tr:3k_dlc04_trophy_cabinet_ranged_unique_unlock}}	trophy_cabinet/3k_dlc04_ceo_factional_trophy_cabinet_ranged_unique.png	
3k_dlc04_ceo_factional_trophy_cabinet_ranged_unique_01	3k_dlc04_ceo_factional_trophy_cabinet_ranged_unique_01	0	Ornate Quiver	"Its former owner wasn't going to need it anymore..."\n\n{{tr:3k_dlc04_trophy_cabinet_ranged_unique_unlock}}	trophy_cabinet/3k_dlc04_ceo_factional_trophy_cabinet_ranged_unique.png	
3k_dlc04_ceo_factional_trophy_cabinet_shock_cav_common_00	3k_dlc04_ceo_factional_trophy_cabinet_shock_cav_common_01	0	Chen Banner	{{tr:3k_dlc04_trophy_cabinet_shock_cav_common_unlock}}	trophy_cabinet/3k_dlc04_ceo_factional_trophy_cabinet_shock_cav_common.png	
3k_dlc04_ceo_factional_trophy_cabinet_shock_cav_common_01	3k_dlc04_ceo_factional_trophy_cabinet_shock_cav_common_01	0	Chen Banner	Quite possibly the finest men I have yet had the pleasure of meeting.\n\n{{tr:3k_dlc04_trophy_cabinet_shock_cav_common_unlock}}	trophy_cabinet/3k_dlc04_ceo_factional_trophy_cabinet_shock_cav_common.png	
3k_dlc04_ceo_factional_trophy_cabinet_shock_cav_refined_00	3k_dlc04_ceo_factional_trophy_cabinet_shock_cav_refined_01	0	Silk Robe	{{tr:3k_dlc04_trophy_cabinet_shock_cav_refined_unlock}}	trophy_cabinet/3k_dlc04_ceo_factional_trophy_cabinet_shock_cav_refined.png	
3k_dlc04_ceo_factional_trophy_cabinet_shock_cav_refined_01	3k_dlc04_ceo_factional_trophy_cabinet_shock_cav_refined_01	0	Silk Robe	The finest silks, depicting a great battle.\n\n{{tr:3k_dlc04_trophy_cabinet_shock_cav_refined_unlock}}	trophy_cabinet/3k_dlc04_ceo_factional_trophy_cabinet_shock_cav_refined.png	
3k_dlc04_ceo_factional_trophy_cabinet_shock_cav_unique_00	3k_dlc04_ceo_factional_trophy_cabinet_shock_cav_unique_01	0	Amber Steppe Horseman	{{tr:3k_dlc04_trophy_cabinet_shock_cav_unique_unlock}}	trophy_cabinet/3k_dlc04_ceo_factional_trophy_cabinet_shock_cav_unique.png	
3k_dlc04_ceo_factional_trophy_cabinet_shock_cav_unique_01	3k_dlc04_ceo_factional_trophy_cabinet_shock_cav_unique_01	0	Amber Steppe Horseman	"They ride without saddles and are able to fire behind them while they do so! Luckily, I ducked."\n\n{{tr:3k_dlc04_trophy_cabinet_shock_cav_unique_unlock}}	trophy_cabinet/3k_dlc04_ceo_factional_trophy_cabinet_shock_cav_unique.png	
3k_dlc04_ceo_factional_trophy_cabinet_siege_common_00	3k_dlc04_ceo_factional_trophy_cabinet_siege_common_01	0	Bronze Winch Mechanism	{{tr:3k_dlc04_trophy_cabinet_siege_common_unlock}}	trophy_cabinet/3k_dlc04_ceo_factional_trophy_cabinet_siege_common.png	
3k_dlc04_ceo_factional_trophy_cabinet_siege_common_01	3k_dlc04_ceo_factional_trophy_cabinet_siege_common_01	0	Bronze Winch Mechanism	Crafted by the finest artisans in the bustling workshops of the capital.\n\n{{tr:3k_dlc04_trophy_cabinet_siege_common_unlock}}	trophy_cabinet/3k_dlc04_ceo_factional_trophy_cabinet_siege_common.png	
3k_dlc04_ceo_factional_trophy_cabinet_siege_refined_00	3k_dlc04_ceo_factional_trophy_cabinet_siege_refined_01	0	Reclaimed Siege Engine	{{tr:3k_dlc04_trophy_cabinet_siege_refined_unlock}}	trophy_cabinet/3k_dlc04_ceo_factional_trophy_cabinet_siege_refined.png	
3k_dlc04_ceo_factional_trophy_cabinet_siege_refined_01	3k_dlc04_ceo_factional_trophy_cabinet_siege_refined_01	0	Reclaimed Siege Engine	Some assembly required…\n\n{{tr:3k_dlc04_trophy_cabinet_siege_refined_unlock}}	trophy_cabinet/3k_dlc04_ceo_factional_trophy_cabinet_siege_refined.png	
3k_dlc04_ceo_factional_trophy_cabinet_siege_unique_00	3k_dlc04_ceo_factional_trophy_cabinet_siege_unique_01	0	Dented Helmet	{{tr:3k_dlc04_trophy_cabinet_siege_unique_unlock}}	trophy_cabinet/3k_dlc04_ceo_factional_trophy_cabinet_siege_unique.png	
3k_dlc04_ceo_factional_trophy_cabinet_siege_unique_01	3k_dlc04_ceo_factional_trophy_cabinet_siege_unique_01	0	Dented Helmet	"I stepped aside at the last moment! It grazed my hat and hit my opponent square in the face - now [[b]]that's[[/b]] providence, my friend!"\n\n{{tr:3k_dlc04_trophy_cabinet_siege_unique_unlock}}	trophy_cabinet/3k_dlc04_ceo_factional_trophy_cabinet_siege_unique.png	
3k_dlc04_ceo_factional_trophy_cabinet_spear_inf_common_00	3k_dlc04_ceo_factional_trophy_cabinet_spear_inf_common_01	0	Volunteer Banner	{{tr:3k_dlc04_trophy_cabinet_spear_inf_common_unlock}}	trophy_cabinet/3k_dlc04_ceo_factional_trophy_cabinet_spear_inf_common.png	
3k_dlc04_ceo_factional_trophy_cabinet_spear_inf_common_01	3k_dlc04_ceo_factional_trophy_cabinet_spear_inf_common_01	0	Volunteer Banner	Oft-times, it would seem, the greatest heroes come from the humblest beginnings.\n\n{{tr:3k_dlc04_trophy_cabinet_spear_inf_common_unlock}}	trophy_cabinet/3k_dlc04_ceo_factional_trophy_cabinet_spear_inf_common.png	
3k_dlc04_ceo_factional_trophy_cabinet_spear_inf_refined_00	3k_dlc04_ceo_factional_trophy_cabinet_spear_inf_refined_01	0	Silk Tassel	{{tr:3k_dlc04_trophy_cabinet_spear_inf_refined_unlock}}	trophy_cabinet/3k_dlc04_ceo_factional_trophy_cabinet_spear_inf_refined.png	
3k_dlc04_ceo_factional_trophy_cabinet_spear_inf_refined_01	3k_dlc04_ceo_factional_trophy_cabinet_spear_inf_refined_01	0	Silk Tassel	"Taken from the very spear which dared pierce my armour!"\n\n{{tr:3k_dlc04_trophy_cabinet_spear_inf_refined_unlock}}	trophy_cabinet/3k_dlc04_ceo_factional_trophy_cabinet_spear_inf_refined.png	
3k_dlc04_ceo_factional_trophy_cabinet_spear_inf_unique_00	3k_dlc04_ceo_factional_trophy_cabinet_spear_inf_unique_01	0	Jade Halberd Blade	{{tr:3k_dlc04_trophy_cabinet_spear_inf_unique_unlock}}	trophy_cabinet/3k_dlc04_ceo_factional_trophy_cabinet_spear_inf_unique.png	
3k_dlc04_ceo_factional_trophy_cabinet_spear_inf_unique_01	3k_dlc04_ceo_factional_trophy_cabinet_spear_inf_unique_01	0	Jade Halberd Blade	Jade and men; both are sharpened by bitter tools.\n\n{{tr:3k_dlc04_trophy_cabinet_spear_inf_unique_unlock}}	trophy_cabinet/3k_dlc04_ceo_factional_trophy_cabinet_spear_inf_unique.png	
3k_dlc04_ceo_node_career_historical_bao_dan_01	3k_dlc04_ceo_node_career_historical_bao_dan_01	0	Complete Confucian	"In literature, perhaps I am equal to others. But I cannot manifest the behaviour of the noble man."		3k_main_dlc05_opinion_topic_set_virtue_lawful
3k_dlc04_ceo_node_career_historical_beigong_boyu_01	3k_dlc04_ceo_node_career_historical_beigong_boyu_01	0	The Loyal Barbarian	Ironically, this one has proven anything but loyal by raising his standard against the emperor.		3k_main_opinion_topic_set_charisma_cheerful
3k_dlc04_ceo_node_career_historical_bi_lan_01	3k_dlc04_ceo_node_career_historical_bi_lan_01	0	Architect of the Southern Palace	"Once complete, the Anterior Pavillion will be a delight to behold – it'll even have a water feature!"		3k_main_opinion_topic_set_intelligence_wise
3k_dlc04_ceo_node_career_historical_bian_zhang_01	3k_dlc04_ceo_node_career_historical_bian_zhang_01	0	Aspiring Official	He who aspires to greater personal advancement tends to be more... 'morally flexible' than his peers.		3k_ironic_opinion_topic_set_p_ambition_n_kind
3k_dlc04_ceo_node_career_historical_bo_cai_01	3k_dlc04_ceo_node_career_historical_bo_cai_01	0	Marshal of Men	Some people are born to lead others… and preferably from the very front, as an example to their followers.		3k_main_opinion_topic_set_determination_ambitious
3k_dlc04_ceo_node_career_historical_cai_yong_bojie_01	3k_dlc04_ceo_node_career_historical_cai_yong_bojie_01	0	Ritual Master	This one knows every aspect of the procedures he has been tasked with administrating, becoming a master in his chosen field.		3k_main_opinion_topic_set_intelligence_artful
3k_dlc04_ceo_node_career_historical_cao_de_01	3k_dlc04_ceo_node_career_historical_cao_de_01	0	Loyal Son	The offspring of Cao Song has remained loyal to his family through thick and thin.		3k_main_opinion_topic_set_loyalty_fraternal
3k_dlc04_ceo_node_career_historical_cao_song_jugao_01	3k_dlc04_ceo_node_career_historical_cao_song_jugao_01	0	Ambitious Tycoon	For the determined entrepreneur, no price is too high for the acquisition of real, workable power.		3k_main_opinion_topic_set_intelligence_artful
3k_dlc04_ceo_node_career_historical_chen_deng_yuanlong_01	3k_dlc04_ceo_node_career_historical_chen_deng_yuanlong_01	0	Man For All Seasons	Sometimes, just sometimes, power fails to corrupt, and instead leads to altruism and charity.		3k_main_opinion_topic_set_loyalty_loyal
3k_dlc04_ceo_node_career_historical_chen_gui_hanyu_01	3k_dlc04_ceo_node_career_historical_chen_gui_hanyu_01	0	Abundant Talent	This man's gifts were noted at a young age and he continues to blossom, as if perpetually held in spring's sweet bloom.		3k_main_opinion_topic_set_loyalty_loyal
3k_dlc04_ceo_node_career_historical_chen_su_01	3k_dlc04_ceo_node_career_historical_chen_su_01	0	Living Legacy	You can call it inherited ability or mere nepotism, depending on the level of your cynicism.		3k_main_opinion_topic_set_loyalty_loyal
3k_dlc04_ceo_node_career_historical_cheng_qiu_01	3k_dlc04_ceo_node_career_historical_cheng_qiu_01	0	Unscrupulous Advisor	Everything has a price it seems.		3k_dlc05_opinion_topic_set_vice_criminal
3k_dlc04_ceo_node_career_historical_diao_chan_01	3k_dlc04_ceo_node_career_historical_diao_chan_01	0	Deadly Beauty	Diao Chan uses her enchanting beauty to hide her ambition; one which can topple tyrants.	UI/Campaign UI/traits/icon_cunning_good.png	3k_main_opinion_topic_set_intelligence_artful
3k_dlc04_ceo_node_career_historical_ding_yuan_jianyang_01	3k_dlc04_ceo_node_career_historical_ding_yuan_jianyang_01	0	Rising Dragon	This one is going places - specifically, up in the cut-throat world of Imperial administration.		3k_ironic_opinion_topic_set_p_ambition_n_kind
3k_dlc04_ceo_node_career_historical_dong_he_youzai_01	3k_dlc04_ceo_node_career_historical_dong_he_youzai_01	0	Honest & Fair	This man is admired for his honest, plain-speaking ways and even-handed manner in all things.		3k_main_opinion_topic_set_honour_honourable
3k_dlc04_ceo_node_career_historical_du_ji_bohou_01	3k_dlc04_ceo_node_career_historical_du_ji_bohou_01	0	Model Governor	This one understands when to use the velvet glove and when to reveal the iron hand beneath.		3k_main_opinion_topic_set_loyalty_stalwart
3k_dlc04_ceo_node_career_historical_duan_gui_ziyin_01	3k_dlc04_ceo_node_career_historical_duan_gui_ziyin_01	0	Enforcer	"I've heard that bandits have been abroad around these parts recently. Me? No, I know nothing about such things..."		3k_main_opinion_topic_set_determination_obstinate
3k_dlc04_ceo_node_career_historical_emperor_ling_01	3k_dlc04_ceo_node_career_historical_emperor_ling_01	0	The Inconstant Emperor	He who flits and fluctuates risks appearing inconsistent, unsteady and, eventually, unstable...	UI/Campaign UI/traits/icon_tolerant_good.png	3k_main_opinion_topic_set_diplomatic_populist
3k_dlc04_ceo_node_career_historical_emperor_ling_02	3k_dlc04_ceo_node_career_historical_emperor_ling_02	0	The Great Emperor of the Han	Having overcome adversity, this one is now recognised as a great emperor of the Han.	UI/Campaign UI/traits/icon_tolerant_good.png	3k_main_opinion_topic_set_diplomatic_populist
3k_dlc04_ceo_node_career_historical_emperor_shao_01	3k_dlc04_ceo_node_career_historical_emperor_shao_01	0	Lord Shi	Due to fears for his health, Liu Bian was raised away from the capital by the famed Taoist, Shi Zimiao, earning him the nickname 'Lord Shi'.	UI/Campaign UI/traits/icon_tolerant_good.png	3k_main_opinion_topic_set_diplomatic_populist
3k_dlc04_ceo_node_career_historical_empress_he_01	3k_dlc04_ceo_node_career_historical_empress_he_01	0	Subtle Manipulator	Always plotting, always scheming, always something beneath the obvious. Always.	UI/Campaign UI/traits/icon_honourable_good.png	3k_main_opinion_topic_set_attractive_distinguished
3k_dlc04_ceo_node_career_historical_feng_fang_01	3k_dlc04_ceo_node_career_historical_feng_fang_01	0	Bitter Adversary	"In another life, they could've been best friends. However, that's just not how the bones fell…"		3k_main_opinion_topic_set_determination_ambitious
3k_dlc04_ceo_node_career_historical_fu_xie_nanrong_01	3k_dlc04_ceo_node_career_historical_fu_xie_nanrong_01	0	Destroyer of Rebels	Fu Xie is not only a general of no little repute – the scourge of the Yellow Turbans, perhaps – but also a skilled writer.		3k_main_opinion_topic_set_bravery_intrepid
3k_dlc04_ceo_node_career_historical_gao_wang_01	3k_dlc04_ceo_node_career_historical_gao_wang_01	0	Officer for Medicines	"After a thorough examination, I've decided the best way forward is a course of leeches."		3k_main_opinion_topic_set_intelligence_brilliant
3k_dlc04_ceo_node_career_historical_gao_you_01	3k_dlc04_ceo_node_career_historical_gao_you_01	0	Budding Scholar	An up-and-coming young mind, of which great things are expected.		3k_main_opinion_topic_set_intelligence_clever
3k_dlc04_ceo_node_career_historical_guan_hai_01	3k_dlc04_ceo_node_career_historical_guan_hai_01	0	Determined Sapper	Burrowing under tree and hill, no defences are a match for the mind of a determined sapper.		3k_main_opinion_topic_set_determination_determined
3k_dlc04_ceo_node_career_historical_guo_sheng_01	3k_dlc04_ceo_node_career_historical_guo_sheng_01	0	Friend of the He	"Do I know the He? Oh yes, we go waaaaay back. I could tell you stories..."		3k_main_opinion_topic_set_loyalty_dutiful
3k_dlc04_ceo_node_career_historical_han_xian_01	3k_dlc04_ceo_node_career_historical_han_xian_01	0	White Wave Veteran	Many battles – and many lives – have passed before the eyes of this grizzled bandit.		3k_ironic_opinion_topic_set_p_battle_n_disloyal
3k_dlc04_ceo_node_career_historical_he_jin_01	3k_dlc04_ceo_node_career_historical_he_jin_01	0	The Butcher of the He	The axe that cleaves through beast can so easily be turned to rend man too.	UI/Campaign UI/traits/icon_honourable_good.png	3k_main_opinion_topic_set_strength_formidable
3k_dlc04_ceo_node_career_historical_huangfu_song_01	3k_dlc04_ceo_node_career_historical_huangfu_song_01	0	Modest & Stalwart	This one's unwavering loyalty is matched only by their demure nature.	UI/Campaign UI/traits/icon_honourable_good.png	3k_main_opinion_topic_set_loyalty_stalwart
3k_dlc04_ceo_node_career_historical_jin_xuan_yuanji_01	3k_dlc04_ceo_node_career_historical_jin_xuan_yuanji_01	0	Scion of Gold	Not all that glitters is gold. Sometimes, talent shines even brighter.		3k_main_opinion_topic_set_goodness_philanthropic
3k_dlc04_ceo_node_career_historical_jiu_dan_01	3k_dlc04_ceo_node_career_historical_jiu_dan_01	0	Arbiter of the Planets	To decide between two astronomical methods is a most difficult and perplexing conundrum, but the emperor must have his forecast.		3k_main_opinion_topic_set_honour_modest
3k_dlc04_ceo_node_career_historical_lady_cai_yan_wenji_01	3k_dlc04_ceo_node_career_historical_lady_cai_yan_wenji_01	0	The Nightingale	Even the morningsong that drifts on the wind cannot compare to the sweet lyric of the muse.		3k_main_opinion_topic_set_goodness_kind_hearted
3k_dlc04_ceo_node_career_historical_lady_da_qiao_01	3k_dlc04_ceo_node_career_historical_lady_da_qiao_01	0	Daughter of the Southlands	The south produces boons to its nobles: two daughters, fair of mind and strong of resolve.		3k_main_opinion_topic_set_diplomatic_populist
3k_dlc04_ceo_node_career_historical_lady_wang_song_01	3k_dlc04_ceo_node_career_historical_lady_wang_song_01	0	Ever-faithful	To support one another, through both the fruitful times and the barren, is the essence of marriage.		3k_main_opinion_topic_set_loyalty_fraternal
3k_dlc04_ceo_node_career_historical_lady_xiao_qiao_01	3k_dlc04_ceo_node_career_historical_lady_xiao_qiao_01	0	Daughter of the Southlands	To the filial and the devout, life will give not one, but two measures of its respect.		3k_main_opinion_topic_set_loyalty_dutiful
3k_dlc04_ceo_node_career_historical_li_wenhou_01	3k_dlc04_ceo_node_career_historical_li_wenhou_01	0	Creeping Dread	Death personified; the slow knife that appears, unexpected and lethal.		3k_main_opinion_topic_set_intensity_temperamental
3k_dlc04_ceo_node_career_historical_liu_chong_01	3k_dlc04_ceo_node_career_historical_liu_chong_01	0	Prince of Chen	Liu Chong is not the heir apparent, but is the prince most active and beloved by his people.	UI/Campaign UI/traits/icon_honourable_good.png	3k_main_opinion_topic_set_intelligence_cunning
3k_dlc04_ceo_node_career_historical_liu_hong_yuanzhuo_01	3k_dlc04_ceo_node_career_historical_liu_hong_yuanzhuo_01	0	Mathematical Sage	What this one can do with numbers is impressive, exciting, and almost a little worrying…		3k_main_opinion_topic_set_intelligence_scholarly
3k_dlc04_ceo_node_career_historical_liu_pi_01	3k_dlc04_ceo_node_career_historical_liu_pi_01	0	Wanderer	"There is much to be learned in every town, every port, and from every person you encounter, friend."		3k_main_opinion_topic_set_goodness_selfless
3k_dlc04_ceo_node_career_historical_liu_xie_02	3k_dlc04_ceo_node_career_historical_liu_xie_02	0	Lord Dong	Though he officially retired from political life some time ago, the empress-dowager still has a care for Lord Dong and his views.	UI/Campaign UI/traits/icon_tolerant_good.png	3k_main_opinion_topic_set_diplomatic_populist
3k_dlc04_ceo_node_career_historical_liu_xun_zitai_01	3k_dlc04_ceo_node_career_historical_liu_xun_zitai_01	0	Trusting Warlord	It is the curse of the trusting to be magnanimous, generous, and ultimately tricked.		3k_main_opinion_topic_set_trust_trusting
3k_dlc04_ceo_node_career_historical_lu_boshe_01	3k_dlc04_ceo_node_career_historical_lu_boshe_01	0	Gracious Host	"Come in, my friend, come in! Tea, perhaps? Or something stronger…?"		3k_main_opinion_topic_set_trust_trustworthy
3k_dlc04_ceo_node_career_historical_lu_ji_gongji_01	3k_dlc04_ceo_node_career_historical_lu_ji_gongji_01	0	Stargazer	The stars paint a picture on the canvas of night, mesmerising and beautiful.		3k_main_opinion_topic_set_intelligence_scholarly
3k_dlc04_ceo_node_career_historical_lu_jun_01	3k_dlc04_ceo_node_career_historical_lu_jun_01	0	Gentleman Cadet	If one wishes to learn the intricacies of gentlemanly behaviour, one need look no further.		3k_main_opinion_topic_set_goodness_selfless
3k_dlc04_ceo_node_career_historical_lu_kang_jining_01	3k_dlc04_ceo_node_career_historical_lu_kang_jining_01	0	Paragon of Governance	Being born to a vast family can feed either vice or virtue. Luckily, this one is kind to a fault, but it could've gone either way.		3k_main_opinion_topic_set_determination_stubborn
3k_dlc04_ceo_node_career_historical_lu_yu_zijia_01	3k_dlc04_ceo_node_career_historical_lu_yu_zijia_01	0	Judge of Talent	"Yes yes, we will bring you before them, and they will know. They ALWAYS know…"		3k_main_opinion_topic_set_perception_perceptive
3k_dlc04_ceo_node_career_historical_lu_zhi_01	3k_dlc04_ceo_node_career_historical_liu_zhi_01	0	Respected Mentor	A peerless teacher and favoured friend, though chronically misfortunate.	UI/Campaign UI/traits/icon_honourable_good.png	3k_main_opinion_topic_set_intelligence_scholarly
3k_dlc04_ceo_node_career_historical_luo_jun_xiaoyuan_01	3k_dlc04_ceo_node_career_historical_luo_jun_xiaoyuan_01	0	Guardian of the People	"There is nothing to be gained from oppressing the people; they, ultimately, will decide our fate."		3k_main_opinion_topic_set_loyalty_stalwart
3k_dlc04_ceo_node_career_historical_luo_tong_gongxu_01	3k_dlc04_ceo_node_career_historical_luo_tong_gongxu_01	0	Penniless Knight	From town to town, they speak of this one's deeds, yet the warrior himself remains a wandering mystery.		3k_main_opinion_topic_set_loyalty_fraternal
3k_dlc04_ceo_node_career_historical_ma_midi_wengshu_01	3k_dlc04_ceo_node_career_historical_ma_midi_wengshu_01	0	Counsellor Remonstrant	Wisdoms pours from every word of this able, if inexperienced, counsellor.		3k_main_opinion_topic_set_intelligence_clever
3k_dlc04_ceo_node_career_historical_ma_yuanyi_01	3k_dlc04_ceo_node_career_historical_ma_yuanyi_01	0	Hippophobe	A psychological fear of horses is not entirely unreasonable when you've seen what they can do.		3k_main_opinion_topic_set_intelligence_scholarly
3k_dlc04_ceo_node_career_historical_qiao_mao_yuanwei_01	3k_dlc04_ceo_node_career_historical_qiao_mao_yuanwei_01	0	Loyalist of the Han	Against all odds, to whatever end, they will defend the Han.		3k_main_opinion_topic_set_loyalty_dutiful
3k_dlc04_ceo_node_career_historical_qiao_xuan_gongzu_01	3k_dlc04_ceo_node_career_historical_qiao_xuan_gongzu_01	0	Harbinger of Chaos	This one has seen the way the world is going. Tumult is imminent.		3k_main_opinion_topic_set_intelligence_brilliant
3k_dlc04_ceo_node_career_historical_song_dian_01	3k_dlc04_ceo_node_career_historical_song_dian_01	0	Architect of the Jade Hall	Emperor Shun's hall was a thing of unbridled splendour, but has fallen into some disrepair. This man has been tasked with its maintenance.		3k_main_opinion_topic_set_perception_vigilant
3k_dlc04_ceo_node_career_historical_song_jian_01	3k_dlc04_ceo_node_career_historical_song_jian_01	0	Lord of the Sources	Like the river flows, so too does the blood of his enemies.		3k_main_opinion_topic_set_strength_formidable
3k_dlc04_ceo_node_career_historical_tang_zhou_01	3k_dlc04_ceo_node_career_historical_tang_zhou_01	0	Eyes & Ears	Amongst so many advisors, who would suspect one more…?		3k_main_opinion_topic_set_patience_enigmatic
3k_dlc04_ceo_node_career_historical_wang_guo_01	3k_dlc04_ceo_node_career_historical_wang_guo_01	0	Cruel Turncoat	Honour is nothing to those for whom gold and glory loom large over all.		3k_main_opinion_topic_set_intensity_fiery
3k_dlc04_ceo_node_career_historical_wu_qiong_deyu_01	3k_dlc04_ceo_node_career_historical_wu_qiong_deyu_01	0	Seeker of Talent	"I see in you the ability to…. Yes, yes! Something FAR greater…"		3k_main_opinion_topic_set_perception_perceptive
3k_dlc04_ceo_node_career_historical_xia_yun_01	3k_dlc04_ceo_node_career_historical_xia_yun_01	0	Financial Genius	Having mastered finance's decidedly black arts, this one is able to generate funds almost from thin air.		3k_main_opinion_topic_set_intelligence_cunning
3k_dlc04_ceo_node_career_historical_xue_zhou_01	3k_dlc04_ceo_node_career_historical_xue_zhou_01	0	Pirate of the Thousand Sails	This pirate rides with an armada at his back and the call to glory in his soul!		3k_dlc05_opinion_topic_set_vice_criminal
3k_dlc04_ceo_node_career_historical_xun_shuang_ciming_01	3k_dlc04_ceo_node_career_historical_xun_shuang_ciming_01	0	Fighter Against Corruption	This one seeks unscrupulous dishonesty wherever it may lurk. It will be rooted out.		3k_main_opinion_topic_set_intelligence_scholarly
3k_dlc04_ceo_node_career_historical_ying_qu_xiulian_01	3k_dlc04_ceo_node_career_historical_ying_qu_xiulian_01	0	Bookish Scholar	The words of these tomes take the reader to another world, if only temporarily…		3k_main_opinion_topic_set_intelligence_scholarly
3k_dlc04_ceo_node_career_historical_ying_shao_zhongyuan_01	3k_dlc04_ceo_node_career_historical_ying_shao_zhongyuan_01	0	Master of Ceremonies	"My lords, my lords! Please attend carefully!"		3k_main_opinion_topic_set_intelligence_artful
3k_dlc04_ceo_node_career_historical_ying_yang_delian_01	3k_dlc04_ceo_node_career_historical_ying_yang_delian_01	0	Chess Grandmaster	"Typically, however, the winner is just the player who made the penultimate mistake."		3k_main_opinion_topic_set_intelligence_brilliant
3k_dlc04_ceo_node_career_historical_yuan_yi_boye_01	3k_dlc04_ceo_node_career_historical_yuan_yi_boye_01	0	Loyal Yuan	Loyalty to family above all.		3k_main_opinion_topic_set_loyalty_fraternal
3k_dlc04_ceo_node_career_historical_zhang_bao_01	3k_dlc04_ceo_node_career_historical_zhang_bao_01	0	General of the Land	Zhang Bao nourishes the land with the blood of the undeserving.	UI/Campaign UI/traits/icon_honourable_good.png	3k_main_opinion_topic_set_patience_tranquil
3k_dlc04_ceo_node_career_historical_zhang_jue_01	3k_dlc04_ceo_node_career_historical_zhang_jue_01	0	General of Heaven	Zhang Jue leads the Yellow Rebellion, driven by divine purpose!	UI/Campaign UI/traits/icon_honourable_good.png	3k_main_opinion_topic_set_patience_understanding
3k_dlc04_ceo_node_career_historical_zhang_liang_01	3k_dlc04_ceo_node_career_historical_zhang_liang_01	0	General of the People	Zhang Liang supports the people, driving them to war against an oppressive regime.	UI/Campaign UI/traits/icon_honourable_good.png	3k_main_opinion_topic_set_patience_tolerant
3k_dlc04_ceo_node_career_historical_zhang_mancheng_01	3k_dlc04_ceo_node_career_historical_zhang_mancheng_01	0	Scourge of Nanyang	Peasants speak of this one in hushed whispers, whilst those of Nanyang howl in anguish.		3k_main_opinion_topic_set_intimidation_vengeful
3k_dlc04_ceo_node_career_historical_zhang_rang_01	3k_dlc04_ceo_node_career_historical_zhang_rang_01	0	Imperial Father	Though they share no blood, this man has been like a father to the emperor.		3k_main_opinion_topic_set_patience_understanding
3k_dlc04_ceo_node_career_historical_zhang_wen_boshen_01	3k_dlc04_ceo_node_career_historical_zhang_wen_boshen_01	0	Peerless Protégé	If there is a task to perform, this one will see it done.		3k_main_opinion_topic_set_intelligence_clever
3k_dlc04_ceo_node_career_historical_zhao_hong_01	3k_dlc04_ceo_node_career_historical_zhao_hong_01	0	The Turtle	"Behold, you assault the Turtle! Nothing shall pierce my shell!"		3k_main_opinion_topic_set_intensity_fiery
3k_dlc04_ceo_node_career_historical_zhao_zhong_01	3k_dlc04_ceo_node_career_historical_zhao_zhong_01	0	Imperial Mother	Though they are unrelated, this man has been as a mother to the emperor.		3k_main_opinion_topic_set_patience_understanding
3k_dlc04_ceo_node_career_historical_zhou_bi_zhongyuan_01	3k_dlc04_ceo_node_career_historical_zhou_bi_zhongyuan_01	0	Nominator of Worth	Truly, this one can see if two people will fit together, and if they will not.		3k_main_opinion_topic_set_perception_perceptive
3k_dlc04_ceo_node_career_historical_zhou_xin_daming_01	3k_dlc04_ceo_node_career_historical_zhou_xin_daming_01	0	Frontline General	"I am one of you, I know your pain!"		3k_main_opinion_topic_set_strength_formidable
3k_dlc04_ceo_node_career_historical_zong_yuan_01	3k_dlc04_ceo_node_career_historical_zong_yuan_01	0	Auxiliary Leader	"I won't be the one to refuse good warriors, no matter where you hail from!"		3k_main_opinion_topic_set_intelligence_brilliant
3k_dlc04_political_support_party01_01	3k_dlc04_political_support_party01_01	0	This character somewhat supports the bureaucratic faction in the court.	placeholder	UI/Campaign UI/traits/icon_tiger_tally_good.png	
3k_dlc04_political_support_party01_02	3k_dlc04_political_support_party01_02	0	This character supports the bureaucratic faction in the court.	placeholder	UI/Campaign UI/traits/icon_strong_good.png	
3k_dlc04_political_support_party01_03	3k_dlc04_political_support_party01_03	0	This character strongly supports the bureaucratic faction in the court.	placeholder	UI/Campaign UI/traits/icon_leader_of_people_good.png	
3k_dlc04_political_support_party02_01	3k_dlc04_political_support_party02_01	0	This character somewhat supports the warlords in the empire.	placeholder	UI/Campaign UI/traits/icon_tiger_tally_good.png	
3k_dlc04_political_support_party02_02	3k_dlc04_political_support_party02_02	0	This character supports the warlords in the empire.	placeholder	UI/Campaign UI/traits/icon_strong_good.png	
3k_dlc04_political_support_party02_03	3k_dlc04_political_support_party02_03	0	This character strongly supports the warlords in the empire.	placeholder	UI/Campaign UI/traits/icon_leader_of_people_good.png	
3k_dlc04_political_support_party03_01	3k_dlc04_political_support_party03_01	0	This character somewhat supports the ruling dynasty.	placeholder	UI/Campaign UI/traits/icon_tiger_tally_good.png	
3k_dlc04_political_support_party03_02	3k_dlc04_political_support_party03_02	0	This character supports the ruling dynasty.	placeholder	UI/Campaign UI/traits/icon_strong_good.png	
3k_dlc04_political_support_party03_03	3k_dlc04_political_support_party03_03	0	This character strongly supports the ruling dynasty.	placeholder	UI/Campaign UI/traits/icon_leader_of_people_good.png	
3k_dlc05_ancillary_title_attendant_01	3k_dlc05_ceo_node_wealth_01	0	Attendant	Granted at campaign start	UI/skins/default/3k_dlc05_ranks_and_titles_item_set_men_of_merit.png	
3k_dlc05_ancillary_title_blood_dragon_01	3k_main_ancillary_title_blood_dragon	0	Blood Dragon	Win a battle where one of your generals personally kills 600 or more soldiers	UI/skins/default/3k_dlc05_ranks_and_titles_item_set_dragon_warriors.png	
3k_dlc05_ancillary_title_blood_dragon_locked_00	empty_effects	0	Blood Dragon	Win a battle where one of your generals personally kills 600 or more soldiers	UI/skins/default/3k_dlc05_ranks_and_titles_item_set_dragon_warriors.png	
3k_dlc05_ancillary_title_chief_of_records_01	3k_dlc05_ceo_node_wealth_02	0	Chief of Records	Granted at campaign start	UI/skins/default/3k_dlc05_ranks_and_titles_item_set_men_of_merit.png	
3k_dlc05_ancillary_title_coiled_dragon_01	3k_main_ancillary_title_coiled_dragon	0	Coiled Dragon	Have a general win two duels in one battle	UI/skins/default/3k_dlc05_ranks_and_titles_item_set_dragon_warriors.png	
3k_dlc05_ancillary_title_coiled_dragon_locked_00	empty_effects	0	Coiled Dragon	Have a general win two duels in one battle	UI/skins/default/3k_dlc05_ranks_and_titles_item_set_dragon_warriors.png	
3k_dlc05_ancillary_title_director_of_astronomy_01	3k_main_ancillary_title_director_of_astronomy	0	Director of Astronomy	Win 3 battles with a character present who has the 'Superstitious' trait	UI/skins/default/3k_dlc05_ranks_and_titles_item_set_incorrupt_officials.png	
3k_dlc05_ancillary_title_director_of_astronomy_locked_00	empty_effects	0	Director of Astronomy	Win 3 battles with a character present who has the 'Superstitious' trait	UI/skins/default/3k_dlc05_ranks_and_titles_item_set_incorrupt_officials.png	
3k_dlc05_ancillary_title_director_of_retainers_who_scales_the_city_wall_01	3k_main_ancillary_title_director_of_retainers_who_scales_the_city_wall	0	Commander Who Scales City Walls	Win 10 siege battles as the attacker	UI/skins/default/3k_dlc05_ranks_and_titles_item_set_protectors_of_the_army.png	
3k_dlc05_ancillary_title_director_of_retainers_who_scales_the_city_wall_locked_00	empty_effects	0	Commander Who Scales City Walls	Win 10 siege battles as the attacker	UI/skins/default/3k_dlc05_ranks_and_titles_item_set_protectors_of_the_army.png	
3k_dlc05_ancillary_title_divine_mathematician_01	3k_main_ancillary_title_divine_mathematician	0	Attending Secretary	Have 20,000 gold in treasury	UI/skins/default/3k_dlc05_ranks_and_titles_item_set_incorrupt_officials.png	
3k_dlc05_ancillary_title_divine_mathematician_locked_00	empty_effects	0	Attending Secretary	Have 20,000 gold in treasury	UI/skins/default/3k_dlc05_ranks_and_titles_item_set_incorrupt_officials.png	
3k_dlc05_ancillary_title_divine_physician_01	3k_main_ancillary_title_court_physician	0	Doctor Who Prevents Disaster	Have 5 characters healed after suffering wounds or win a duel with a character who has the 'Scarred' trait	UI/skins/default/3k_dlc05_ranks_and_titles_item_set_incorrupt_officials.png	
3k_dlc05_ancillary_title_divine_physician_locked_00	empty_effects	0	Doctor Who Prevents Disaster	Have 5 characters healed after suffering wounds or win a duel with a character who has the 'Scarred' trait	UI/skins/default/3k_dlc05_ranks_and_titles_item_set_incorrupt_officials.png	
3k_dlc05_ancillary_title_earth_dragon_01	3k_main_ancillary_title_earth_dragon	0	Earth Dragon	Win a battle where you and your allies lose 200 or less men (enemy must have at least 8 units)	UI/skins/default/3k_dlc05_ranks_and_titles_item_set_dragon_warriors.png	
3k_dlc05_ancillary_title_earth_dragon_locked_00	empty_effects	0	Earth Dragon	Win a battle where you and your allies lose 200 or less men (enemy must have at least 8 units)	UI/skins/default/3k_dlc05_ranks_and_titles_item_set_dragon_warriors.png	
3k_dlc05_ancillary_title_flying_swallow_general_01	3k_main_ancillary_title_flying_swallow_general	0	Flying Swallow General	Win an ambush battle	UI/skins/default/3k_dlc05_ranks_and_titles_item_set_infamous_bandits.png	
3k_dlc05_ancillary_title_flying_swallow_general_locked_00	empty_effects	0	Flying Swallow General	Win an ambush battle	UI/skins/default/3k_dlc05_ranks_and_titles_item_set_infamous_bandits.png	
3k_dlc05_ancillary_title_general_in_chief_01	3k_dlc05_ceo_node_wealth_03	0	General Commander	Granted at campaign start	UI/skins/default/3k_dlc05_ranks_and_titles_item_set_men_of_merit.png	
3k_dlc05_ancillary_title_general_of_a_hundred_victories_01	3k_main_ancillary_title_general_of_a_hundred_victories	0	General Who Exterminates Adversaries	Win 100 battles	UI/skins/default/3k_dlc05_ranks_and_titles_item_set_protectors_of_the_army.png	
3k_dlc05_ancillary_title_general_of_a_hundred_victories_locked_00	empty_effects	0	General Who Exterminates Adversaries	Win 100 battles	UI/skins/default/3k_dlc05_ranks_and_titles_item_set_protectors_of_the_army.png	
3k_dlc05_ancillary_title_general_of_chariots_and_cavalry_01	3k_main_ancillary_title_general_of_chariots_and_cavalry	0	General of Chariots and Cavalry	Win 10 battles with generals who have 6 cavalry units in their retinues	UI/skins/default/3k_dlc05_ranks_and_titles_item_set_protectors_of_the_army.png	
3k_dlc05_ancillary_title_general_of_chariots_and_cavalry_locked_00	empty_effects	0	General of Chariots and Cavalry	Win 10 battles with generals who have 6 cavalry units in their retinues	UI/skins/default/3k_dlc05_ranks_and_titles_item_set_protectors_of_the_army.png	
3k_dlc05_ancillary_title_general_of_flying_cavalry_01	3k_dlc05_ceo_node_wealth_03	0	General-in-Chief	Granted at campaign start	UI/skins/default/3k_dlc05_ranks_and_titles_item_set_men_of_merit.png	
3k_dlc05_ancillary_title_general_of_heavenly_vision_01	3k_main_ancillary_title_general_of_heavenly_vision	0	General of Unfailing Aim	Win 10 battles with generals that have 6 archers units in their retinues	UI/skins/default/3k_dlc05_ranks_and_titles_item_set_protectors_of_the_army.png	
3k_dlc05_ancillary_title_general_of_heavenly_vision_locked_00	empty_effects	0	General of Unfailing Aim	Win 10 battles with generals that have 6 archers units in their retinues	UI/skins/default/3k_dlc05_ranks_and_titles_item_set_protectors_of_the_army.png	
3k_dlc05_ancillary_title_general_of_the_front_01	3k_main_ancillary_title_general_of_the_front	0	General of the Front	Win a battle where over 35 units participated (not counting generals)	UI/skins/default/3k_dlc05_ranks_and_titles_item_set_protectors_of_the_army.png	
3k_dlc05_ancillary_title_general_of_the_front_locked_00	empty_effects	0	General of the Front	Win a battle where over 35 units participated (not counting generals)	UI/skins/default/3k_dlc05_ranks_and_titles_item_set_protectors_of_the_army.png	
3k_dlc05_ancillary_title_general_of_the_guards_01	3k_main_ancillary_title_general_of_the_guards	0	General of the Guards	Win 10 battles with generals that has six infantry melee units in their retinue.	UI/skins/default/3k_dlc05_ranks_and_titles_item_set_protectors_of_the_army.png	
3k_dlc05_ancillary_title_general_of_the_guards_locked_00	empty_effects	0	General of the Guards	Win 10 battles with generals that has six infantry melee units in their retinue.	UI/skins/default/3k_dlc05_ranks_and_titles_item_set_protectors_of_the_army.png	
3k_dlc05_ancillary_title_general_of_the_left_01	3k_main_ancillary_title_general_of_the_left	0	General of the Left	Granted at campaign start	UI/skins/default/3k_dlc05_ranks_and_titles_item_set_protectors_of_the_army.png	
3k_dlc05_ancillary_title_general_of_the_left_locked_00	empty_effects	0	General of the Left	Granted at campaign start	UI/skins/default/3k_dlc05_ranks_and_titles_item_set_protectors_of_the_army.png	
3k_dlc05_ancillary_title_general_of_the_right_01	3k_main_ancillary_title_general_of_the_right	0	General of the Right	Granted at campaign start	UI/skins/default/3k_dlc05_ranks_and_titles_item_set_protectors_of_the_army.png	
3k_dlc05_ancillary_title_general_of_the_right_locked_00	empty_effects	0	General of the Right	Granted at campaign start	UI/skins/default/3k_dlc05_ranks_and_titles_item_set_protectors_of_the_army.png	
3k_dlc05_ancillary_title_general_of_the_standard_01	3k_main_ancillary_title_general_of_the_standard	0	General of the Standard	Win 10 decisive or heroic battles	UI/skins/default/3k_dlc05_ranks_and_titles_item_set_gennerals_who_supports_the_state.png	
3k_dlc05_ancillary_title_general_of_the_standard_locked_00	empty_effects	0	General of the Standard	Win 10 decisive or heroic battles	UI/skins/default/3k_dlc05_ranks_and_titles_item_set_gennerals_who_supports_the_state.png	
3k_dlc05_ancillary_title_general_who_brings_tranquillity_to_the_north_01	3k_main_ancillary_title_general_who_gives_tranquillity_to_the_north	0	General Who Gives Tranquillity to the North	Conquer 5 regions north of the Yellow River	UI/skins/default/3k_dlc05_ranks_and_titles_item_set_generals_who_subdue_the_world.png	
3k_dlc05_ancillary_title_general_who_brings_tranquillity_to_the_north_locked_00	empty_effects	0	General Who Gives Tranquillity to the North	Conquer 5 regions north of the Yellow River	UI/skins/default/3k_dlc05_ranks_and_titles_item_set_generals_who_subdue_the_world.png	
3k_dlc05_ancillary_title_general_who_calms_the_waves_01	3k_main_ancillary_title_general_who_calms_the_waves	0	General Who Calms the Waves	Win a battle where 60% or more of your army consists of ranged units (minimum 10 units in your army)	UI/skins/default/3k_dlc05_ranks_and_titles_item_set_lords_of_the_elements.png	
3k_dlc05_ancillary_title_general_who_calms_the_waves_locked_00	empty_effects	0	General Who Calms the Waves	Win a battle where 60% or more of your army consists of ranged units (minimum 10 units in your army)	UI/skins/default/3k_dlc05_ranks_and_titles_item_set_lords_of_the_elements.png	
3k_dlc05_ancillary_title_general_who_pacifies_the_south_01	3k_main_ancillary_title_general_who_pacifies_the_south	0	General Who Pacifies the South	Conquer 5 regions south of the Yangtze River	UI/skins/default/3k_dlc05_ranks_and_titles_item_set_generals_who_subdue_the_world.png	
3k_dlc05_ancillary_title_general_who_pacifies_the_south_locked_00	empty_effects	0	General Who Pacifies the South	Conquer 5 regions south of the Yangtze River	UI/skins/default/3k_dlc05_ranks_and_titles_item_set_generals_who_subdue_the_world.png	
3k_dlc05_ancillary_title_general_who_smashes_the_caitiffs_01	3k_main_ancillary_title_general_who_smashes_the_caitiffs	0	General Who Smashes the Caitiffs	Win 10 battles against factions belonging to the Bandit subculture	UI/skins/default/3k_dlc05_ranks_and_titles_item_set_gennerals_who_supports_the_state.png	
3k_dlc05_ancillary_title_general_who_smashes_the_caitiffs_locked_00	empty_effects	0	General Who Smashes the Caitiffs	Win 10 battles against factions belonging to the Bandit subculture	UI/skins/default/3k_dlc05_ranks_and_titles_item_set_gennerals_who_supports_the_state.png	
3k_dlc05_ancillary_title_general_who_stands_his_ground_01	3k_main_ancillary_title_general_who_stands_his_ground	0	General Who Stands His Ground	Win a defensive settlement battle	UI/skins/default/3k_dlc05_ranks_and_titles_item_set_protectors_of_the_army.png	
3k_dlc05_ancillary_title_general_who_stands_his_ground_locked_00	empty_effects	0	General Who Stands His Ground	Win a defensive settlement battle	UI/skins/default/3k_dlc05_ranks_and_titles_item_set_protectors_of_the_army.png	
3k_dlc05_ancillary_title_general_who_supports_the_han_01	3k_main_ancillary_title_general_who_supports_the_han	0	General Who Supports the Han	Win 10 battles against factions that belong to the Yellow Turban subculture.	UI/skins/default/3k_dlc05_ranks_and_titles_item_set_gennerals_who_supports_the_state.png	
3k_dlc05_ancillary_title_general_who_supports_the_han_locked_00	empty_effects	0	General Who Supports the Han	Win 10 battles against factions that belong to the Yellow Turban subculture.	UI/skins/default/3k_dlc05_ranks_and_titles_item_set_gennerals_who_supports_the_state.png	
3k_dlc05_ancillary_title_general_whom_expands_the_centre_01	3k_main_ancillary_title_general_whom_expands_the_centre	0	General Whom Expands the Centre	Colonise 5 regions	UI/skins/default/3k_dlc05_ranks_and_titles_item_set_generals_who_subdue_the_world.png	
3k_dlc05_ancillary_title_general_whom_expands_the_centre_locked_00	empty_effects	0	General Whom Expands the Centre	Colonise 5 regions	UI/skins/default/3k_dlc05_ranks_and_titles_item_set_generals_who_subdue_the_world.png	
3k_dlc05_ancillary_title_gold_coin_spotted_leopard_01	3k_main_ancillary_title_gold_spotted_leopard	0	Gold-covered Thief	Gain 15,000 gold from capturing, raiding or sacking cities	UI/skins/default/3k_dlc05_ranks_and_titles_item_set_infamous_bandits.png	
3k_dlc05_ancillary_title_gold_coin_spotted_leopard_locked_00	empty_effects	0	Gold-covered Thief	Gain 15,000 gold from capturing, raiding or sacking cities	UI/skins/default/3k_dlc05_ranks_and_titles_item_set_infamous_bandits.png	
3k_dlc05_ancillary_title_grand_design_to_pacify_the_han_01	3k_main_ancillary_title_pacifier_of_the_han	0	Pacifier of the Han	Capture 20 settlements from factions that belong to Han Chinese subculture.	UI/skins/default/3k_dlc05_ranks_and_titles_item_set_infamous_bandits.png	
3k_dlc05_ancillary_title_grand_design_to_pacify_the_han_locked_00	empty_effects	0	Pacifier of the Han	Capture 20 settlements from factions that belong to Han Chinese subculture.	UI/skins/default/3k_dlc05_ranks_and_titles_item_set_infamous_bandits.png	
3k_dlc05_ancillary_title_guardian_of_three_mountains_01	3k_main_ancillary_title_guardian_of_three_mountains	0	Protector of the Three Realms	Win a battle with 3 generals of the same type present	UI/skins/default/3k_dlc05_ranks_and_titles_item_set_lords_of_the_elements.png	
3k_dlc05_ancillary_title_guardian_of_three_mountains_locked_00	empty_effects	0	Protector of the Three Realms	Win a battle with 3 generals of the same type present	UI/skins/default/3k_dlc05_ranks_and_titles_item_set_lords_of_the_elements.png	
3k_dlc05_ancillary_title_iron_general_01	3k_main_ancillary_title_iron_general	0	Iron General	Win a decisive or heroic defensive battle.	UI/skins/default/3k_dlc05_ranks_and_titles_item_set_lords_of_the_elements.png	
3k_dlc05_ancillary_title_iron_general_locked_00	empty_effects	0	Iron General	Win a decisive or heroic defensive battle.	UI/skins/default/3k_dlc05_ranks_and_titles_item_set_lords_of_the_elements.png	
3k_dlc05_ancillary_title_lord_of_thunder_01	3k_main_ancillary_title_lord_of_thunder	0	Lord of Thunder	Win a battle where the enemy has twice as many units as you (enemy must have more than 8 units)	UI/skins/default/3k_dlc05_ranks_and_titles_item_set_lords_of_the_elements.png	
3k_dlc05_ancillary_title_lord_of_thunder_locked_00	empty_effects	0	Lord of Thunder	Win a battle where the enemy has twice as many units as you (enemy must have more than 8 units)	UI/skins/default/3k_dlc05_ranks_and_titles_item_set_lords_of_the_elements.png	
3k_dlc05_ancillary_title_master_of_the_hunt_00	empty_effects	0	Master of the Hunt	Win a battle where one of your characters present has as a rival that were among the defeated characters	UI/skins/default/3k_dlc05_ranks_and_titles_item_set_lords_of_the_elements.png	
3k_dlc05_ancillary_title_master_of_the_hunt_01	3k_main_ancillary_title_master_of_the_hunt	0	Master of the Hunt	Win a battle where one of your characters present has as a rival that were among the defeated characters	UI/skins/default/3k_dlc05_ranks_and_titles_item_set_lords_of_the_elements.png	
3k_dlc05_ancillary_title_master_of_writing_01	3k_main_ancillary_title_master_of_writing	0	Master of Writing	At the start of your turn have 10 non-aggression, military access or trade agreements	UI/skins/default/3k_dlc05_ranks_and_titles_item_set_incorrupt_officials.png	
3k_dlc05_ancillary_title_master_of_writing_locked_00	empty_effects	0	Master of Writing	At the start of your turn have 10 non-aggression, military access or trade agreements	UI/skins/default/3k_dlc05_ranks_and_titles_item_set_incorrupt_officials.png	
3k_dlc05_ancillary_title_orator_01	3k_dlc05_ceo_node_wealth_01	0	Orator	Granted at campaign start	UI/skins/default/3k_dlc05_ranks_and_titles_item_set_men_of_merit.png	
3k_dlc05_ancillary_title_ox_horn_general_01	3k_main_ancillary_title_ox_horn_general	0	Ox-horn General	Win 10 battles with generals who have 6 pikemen units in their retinues	UI/skins/default/3k_dlc05_ranks_and_titles_item_set_infamous_bandits.png	
3k_dlc05_ancillary_title_ox_horn_general_locked_00	empty_effects	0	Ox-horn General	Win 10 battles with generals who have 6 pikemen units in their retinues	UI/skins/default/3k_dlc05_ranks_and_titles_item_set_infamous_bandits.png	
3k_dlc05_ancillary_title_patrol_commander_01	3k_dlc05_ceo_node_wealth_01	0	Patrol Commander	Granted at campaign start	UI/skins/default/3k_dlc05_ranks_and_titles_item_set_men_of_merit.png	
3k_dlc05_ancillary_title_protector_of_righteousness_01	3k_main_ancillary_title_protector_of_righteousness	0	General of Heavenly Benevolence	Occupy 15 settlements with a character present who has the 'Honourable', 'Gracious' or 'Humble' trait	UI/skins/default/3k_dlc05_ranks_and_titles_item_set_gennerals_who_supports_the_state.png	
3k_dlc05_ancillary_title_protector_of_righteousness_locked_00	empty_effects	0	General of Heavenly Benevolence	Occupy 15 settlements with a present character who has the 'Honourable', 'Gracious' or 'Humble' trait	UI/skins/default/3k_dlc05_ranks_and_titles_item_set_gennerals_who_supports_the_state.png	
3k_dlc05_ancillary_title_senior_officer_01	3k_dlc05_ceo_node_wealth_02	0	Senior Officer	Granted at campaign start	UI/skins/default/3k_dlc05_ranks_and_titles_item_set_men_of_merit.png	
3k_dlc05_ancillary_title_steward_of_the_changle_palace_01	3k_main_ancillary_title_steward_of_the_changle_palace	0	Steward of the Changle Palace	Have a projected income of 3000 or more at the start of your turn	UI/skins/default/3k_dlc05_ranks_and_titles_item_set_incorrupt_officials.png	
3k_dlc05_ancillary_title_steward_of_the_changle_palace_locked_00	empty_effects	0	Steward of the Changle Palace	Have a projected income of 3000 or more at the start of your turn	UI/skins/default/3k_dlc05_ranks_and_titles_item_set_incorrupt_officials.png	
3k_dlc05_ancillary_title_yellow_dragon_01	3k_main_ancillary_title_yellow_dragon	0	Yellow Dragon	Kill 5 Yellow Turban characters in duels	UI/skins/default/3k_dlc05_ranks_and_titles_item_set_dragon_warriors.png	
3k_dlc05_ancillary_title_yellow_dragon_locked_00	empty_effects	0	Yellow Dragon	Kill 5 Yellow Turban characters in duels	UI/skins/default/3k_dlc05_ranks_and_titles_item_set_dragon_warriors.png	
3k_dlc05_ancillary_white_tigers_claws	3k_dlc05_ancillary_weapon_white_tigers_claws	0	The White Tiger's Claws	Yan Baihu's favoured swords, said to mirror the piercing claws of a hunting tiger.	weapons\3k_dlc05_ancillary_weapon_sword_white_tiger_yan.png	
3k_dlc05_ancillary_yan_baihus_armour_unique	3k_dlc05_ancillary_armour_yan_baihus_armour_unique	0	Yan Baihu's Armour	The perfect weight and fit, tailored for this warrior of class and distinction.	armours\3k_dlc05_ancillary_armour_white_tiger_yan_armour_unique.png	
3k_dlc05_ancilliary_armour_chen_gong_armour_unique	3k_dlc05_ancilliary_armour_chen_gong_armour_unique	0	Chen Gong's Armour	The perfect weight and fit, tailored for this warrior of class and distinction.	armours/3k_dlc05_ancillary_armour_chen_gong_armour_unique.png	
3k_dlc05_ancilliary_armour_cheng_pu_armour_unique	3k_dlc05_ancilliary_armour_cheng_pu_armour_unique	0	Cheng Pu's Armour	The perfect weight and fit, tailored for this warrior of class and distinction.	armours/3k_dlc05_ancillary_armour_cheng_pu_armour_unique.png	
3k_dlc05_ancilliary_armour_da_qiao_armour_unique	3k_dlc05_ancilliary_armour_da_qiao_armour_unique	0	Da Qiao's Armour	The perfect weight and fit, tailored for this warrior of class and distinction.	armours/3k_dlc05_ancillary_armour_da_qiao_unique.png	
3k_dlc05_ancilliary_armour_gao_shun_armour_unique	3k_dlc05_ancilliary_armour_gao_shun_armour_unique	0	Gao Shun's Armour	The perfect weight and fit, tailored for this warrior of class and distinction.	armours/3k_dlc05_ancillary_armour_gao_shun_armour_unique.png	
3k_dlc05_ancilliary_armour_ji_ling_armour_unique	3k_dlc05_ancilliary_armour_ji_ling_armour_unique	0	Ji Ling's Armour	The perfect weight and fit, tailored for this warrior of class and distinction.	armours/3k_dlc05_ancillary_armour_ji_ling_armour_unique.png	
3k_dlc05_ancilliary_armour_lady_bian_armour_unique	3k_dlc05_ancilliary_armour_lady_bian_armour_unique	0	Lady Bian's Armour	The perfect weight and fit, tailored for this warrior of class and distinction.	armours/3k_dlc05_ancillary_armour_lady_bian_armour_unique.png	
3k_dlc05_ancilliary_armour_lady_mi_armour_unique	3k_dlc05_ancilliary_armour_lady_mi_armour_unique	0	Lady Mi's Armour	The perfect weight and fit, tailored for this warrior of class and distinction.	armours/3k_dlc05_ancillary_armour_lady_mi_armour_unique.png	
3k_dlc05_ancilliary_armour_li_jue_armour_unique	3k_dlc05_ancilliary_armour_li_jue_armour_unique	0	Li Jue's Armour	The perfect weight and fit, tailored for this warrior of class and distinction.	armours/3k_dlc05_ancillary_armour_li_jue_armour_unique.png	
3k_dlc05_ancilliary_armour_liu_yao_armour_unique	3k_dlc05_ancilliary_armour_liu_yao_armour_unique	0	Liu Yao's Armour	The perfect weight and fit, tailored for this warrior of class and distinction.	armours/3k_dlc05_ancillary_armour_liu_yao_armour_unique.png	
3k_dlc05_ancilliary_armour_wang_lang_armour_unique	3k_dlc05_ancilliary_armour_wang_lang_armour_unique	0	Wang Lang's Armour	The perfect weight and fit, tailored for this warrior of class and distinction.	armours/3k_dlc05_ancillary_armour_wang_lang_armour_unique.png	
3k_dlc05_ancilliary_armour_xiao_qiao_armour_unique	3k_dlc05_ancilliary_armour_xiao_qiao_armour_unique	0	Xiao Qiao's Armour	The perfect weight and fit, tailored for this warrior of class and distinction.	armours/3k_dlc05_ancillary_armour_xiao_qiao_armour_unique.png	
3k_dlc05_ancilliary_armour_xu_shu_armour_unique	3k_dlc05_ancilliary_armour_xu_shu_armour_unique	0	Xu Shu's Armour	The perfect weight and fit, tailored for this warrior of class and distinction.	armours/3k_dlc05_ancillary_armour_xu_shu_armour_unique.png	
3k_dlc05_ancilliary_armour_yan_yu_armour_unique	3k_dlc05_ancilliary_armour_yan_yu_armour_unique	0	Yan Yu's Armour	The perfect weight and fit, tailored for this warrior of class and distinction.	armours/3k_dlc05_ancillary_armour_yan_yu_armour_unique.png	
3k_dlc05_ancilliary_armour_zhang_hong_armour_unique	3k_dlc05_ancilliary_armour_zhang_hong_armour_unique	0	Zhang Hong's Armour	The perfect weight and fit, tailored for this warrior of class and distinction.	armours/3k_dlc05_ancillary_armour_zhang_hong_armour_unique.png	
3k_dlc05_ancilliary_armour_zhang_zhao_armour_unique	3k_dlc05_ancilliary_armour_zhang_zhao_armour_unique	0	Zhang Zhao's Armour	The perfect weight and fit, tailored for this warrior of class and distinction.	armours/3k_dlc05_ancillary_armour_zhang_zhao_armour_unique.png	
3k_dlc05_ancilliary_armour_zhou_tai_armour_unique	3k_dlc05_ancilliary_armour_zhou_tai_armour_unique	0	Zhou Tai's Armour	The perfect weight and fit, tailored for this warrior of class and distinction.	armours/3k_dlc05_ancillary_armour_zhou_tai_armour_unique.png	
3k_dlc05_ceo_node_career_generated_assassin_01	3k_dlc05_ceo_node_career_generated_assassin_01	0	Assassin	After a few kills, a degree of finesse is developed; after a few more, death is just routine.	UI/Campaign UI/traits/icon_greedy_good.png	3k_dlc05_opinion_topic_set_vice_criminal
3k_dlc05_ceo_node_career_generated_avenger_01	3k_dlc05_ceo_node_career_generated_avenger_01	0	Avenger	"You really shouldn't have killed my uncle."	UI/Campaign UI/traits/icon_greedy_good.png	3k_main_opinion_topic_set_intimidation_vengeful
3k_dlc05_ceo_node_career_generated_bandit_01	3k_dlc05_ceo_node_career_generated_bandit_01	0	Bandit	"Life isn't fair. It's just fairer than death, that's all."	UI/Campaign UI/traits/icon_greedy_good.png	3k_dlc05_opinion_topic_set_vice_criminal
3k_dlc05_ceo_node_career_generated_brute_01	3k_dlc05_ceo_node_career_generated_brute_01	0	Brute	Niceties, wordplay, in fact, anything other than the coarsest violence is alien to this one.	UI/Campaign UI/traits/icon_greedy_good.png	3k_dlc05_opinion_topic_set_vice_criminal
3k_dlc05_ceo_node_career_generated_charlatan_01	3k_dlc05_ceo_node_career_generated_charlatan_01	0	Charlatan	Don’t believe a word! This person is not who they first appear to be…	UI/Campaign UI/traits/icon_greedy_good.png	3k_dlc05_opinion_topic_set_vice_criminal
3k_dlc05_ceo_node_career_generated_demagogue_01	3k_dlc05_ceo_node_career_generated_demagogue_01	0	Demagogue	Rationality be damned! The ability to appeal to the rabble's basest views, no matter how wrong-headed, tends to get the desired result.	UI/Campaign UI/traits/icon_greedy_good.png	3k_main_opinion_topic_set_charisma_charismatic
3k_dlc05_ceo_node_career_generated_disgraced_noble_01	3k_dlc05_ceo_node_career_generated_disgraced_noble_01	0	Disgraced Noble	"I can never return, of course, not until I have redeemed myself."	UI/Campaign UI/traits/icon_greedy_good.png	3k_main_opinion_topic_set_vice_arrogant
3k_dlc05_ceo_node_career_generated_embezzler_01	3k_dlc05_ceo_node_career_generated_embezzler_01	0	Embezzler	Funds have been… misplaced, and this one is flagrantly, obviously, blatantly the guilty party.	UI/Campaign UI/traits/icon_greedy_good.png	3k_dlc05_opinion_topic_set_vice_criminal
3k_dlc05_ceo_node_career_generated_enforcer_01	3k_dlc05_ceo_node_career_generated_enforcer_01	0	Enforcer	You can get a lot further in life with a kind word and a visible blade than you can with just a kind word.	UI/Campaign UI/traits/icon_greedy_good.png	3k_dlc05_opinion_topic_set_vice_criminal
3k_dlc05_ceo_node_career_generated_escaped_convict_01	3k_dlc05_ceo_node_career_generated_escaped_convict_01	0	Escaped Convict	Having escaped custody and a punishment most-severe, this one is on the run, with little or nothing to lose.	UI/Campaign UI/traits/icon_greedy_good.png	3k_dlc05_opinion_topic_set_vice_criminal
3k_dlc05_ceo_node_career_generated_fugitive_officer_01	3k_dlc05_ceo_node_career_generated_fugitive_officer_01	0	Fugitive Officer	"I didn't kill my wife!"	UI/Campaign UI/traits/icon_greedy_good.png	3k_dlc05_opinion_topic_set_vice_criminal
3k_dlc05_ceo_node_career_generated_hermit_01	3k_dlc05_ceo_node_career_generated_hermit_01	0	Hermit	To find one who does not wish to be found is an impressive, if not confounding, feat.	UI/Campaign UI/traits/icon_greedy_good.png	3k_main_opinion_topic_set_discretion_solitary
3k_dlc05_ceo_node_career_generated_magician_01	3k_dlc05_ceo_node_career_generated_magician_01	0	Magician	These scarcely believable feats are no mere acts of trickery, although such acts are themselves also surprisingly difficult.	UI/Campaign UI/traits/icon_greedy_good.png	3k_main_opinion_topic_set_folly_superstitious
3k_dlc05_ceo_node_career_generated_mastermind_01	3k_dlc05_ceo_node_career_generated_mastermind_01	0	Mastermind	"I've started, so I'll finish…"	UI/Campaign UI/traits/icon_greedy_good.png	3k_dlc05_opinion_topic_set_vice_criminal
3k_dlc05_ceo_node_career_generated_murderer_01	3k_dlc05_ceo_node_career_generated_murderer_01	0	Murderer	When it comes to getting what they want, this person is not above the lowest, basest act one can commit…	UI/Campaign UI/traits/icon_greedy_good.png	3k_dlc05_opinion_topic_set_vice_criminal
3k_dlc05_ceo_node_career_generated_pillager_01	3k_dlc05_ceo_node_career_generated_pillager_01	0	Pillager	"What's yours is mine. What's theirs is mine. It's all mine, essentially."	UI/Campaign UI/traits/icon_greedy_good.png	3k_dlc05_opinion_topic_set_vice_criminal
3k_dlc05_ceo_node_career_generated_poacher_01	3k_dlc05_ceo_node_career_generated_poacher_01	0	Poacher	"Clever girl…"	UI/Campaign UI/traits/icon_greedy_good.png	3k_dlc05_opinion_topic_set_vice_criminal
3k_dlc05_ceo_node_career_generated_ringleader_01	3k_dlc05_ceo_node_career_generated_ringleader_01	0	Ringleader	The ability to galvanise others to a cause can be both blessing and curse; regardless, when this one speaks, others listen keenly, and act.	UI/Campaign UI/traits/icon_greedy_good.png	3k_dlc05_opinion_topic_set_vice_criminal
3k_dlc05_ceo_node_career_generated_rogue_01	3k_dlc05_ceo_node_career_generated_rogue_01	0	Rogue	A flash of their wry smile is almost enough to forgive them their terrible deeds. Almost.	UI/Campaign UI/traits/icon_greedy_good.png	3k_dlc05_opinion_topic_set_vice_criminal
3k_dlc05_ceo_node_career_generated_saboteur_01	3k_dlc05_ceo_node_career_generated_saboteur_01	0	Saboteur	"What you do afterwards is not my concern. That is somebody else's job."	UI/Campaign UI/traits/icon_greedy_good.png	3k_dlc05_opinion_topic_set_vice_criminal
3k_dlc05_ceo_node_career_generated_thief_01	3k_dlc05_ceo_node_career_generated_thief_01	0	Thief	This one is a bit… Put it this way: you'd best nail down what you want to hang on to.	UI/Campaign UI/traits/icon_greedy_good.png	3k_dlc05_opinion_topic_set_vice_criminal
3k_dlc05_ceo_node_career_generated_town_drunk_01	3k_dlc05_ceo_node_career_generated_town_drunk_01	0	Town Drunk	This one can't leave the bottle alone, nor put it down once they've picked it up; not really a suitable candidate – for anything!	UI/Campaign UI/traits/icon_greedy_good.png	3k_main_opinion_topic_set_vice_drunk
3k_dlc05_ceo_node_career_generated_tribal_exile_01	3k_dlc05_ceo_node_career_generated_tribal_exile_01	0	Tribal Exile	Cast out by their own people, this one is has left their own lands by necessity as much as a sense of adventure.	UI/Campaign UI/traits/icon_greedy_good.png	3k_main_opinion_topic_set_discretion_solitary
3k_dlc05_ceo_node_career_generated_trickster_01	3k_dlc05_ceo_node_career_generated_trickster_01	0	Trickster	This person always has a hidden agenda; do not trust them any further than you can throw them!	UI/Campaign UI/traits/icon_greedy_good.png	3k_dlc05_opinion_topic_set_vice_criminal
3k_dlc05_ceo_node_career_generated_wanderer_01	3k_dlc05_ceo_node_career_generated_wanderer_01	0	Wanderer	"I have walked my way since the beginning. Sometimes I give, sometimes I take – it is mine to know which and when."	UI/Campaign UI/traits/icon_greedy_good.png	3k_main_opinion_topic_set_discretion_solitary
3k_dlc05_ceo_node_career_historical_cao_xing_01	3k_main_ceo_node_career_historical_cao_xing_01	0	Loyal Sharpshooter	Potential traitors should keep an eye out for Cao Xing... or risk losing it!	UI/Campaign UI/traits/icon_trustworthy_good.png	3k_main_opinion_topic_set_loyalty_loyal
3k_dlc05_ceo_node_career_historical_chen_ji_01	3k_dlc05_ceo_node_career_historical_chen_ji_01	0	Magistrate	An important cog of law administration, who is no stranger to the pressures of bureaucracy.	UI/Campaign UI/traits/icon_loyal_good.png	3k_main_opinion_topic_set_loyalty_loyal
3k_dlc05_ceo_node_career_historical_cheng_pu_elder_01	3k_dlc05_ceo_node_career_historical_cheng_pu_elder_01	0	Elder Cheng	Cheng Pu's experience and wisdom makes him a pillar of stability.	UI/Campaign UI/traits/icon_stern_good.png	3k_main_opinion_topic_set_loyalty_loyal
3k_dlc05_ceo_node_career_historical_cheng_yu_01	3k_dlc05_ceo_node_career_historical_cheng_yu_01	0	Ruthless Pragmatist	Cheng Yu knows that even the most unthinkable actions can become unavoidable in times of war.	UI/Campaign UI/traits/icon_cunning_good.png	3k_main_opinion_topic_set_cruelty_cruel
3k_dlc05_ceo_node_career_historical_chunyu_qiong_01	3k_dlc05_ceo_node_career_historical_chunyu_qiong_01	0	Drunken Incompetent	Whatever Chunyu Qiong suggests, do the opposite.	UI/Campaign UI/traits/icon_drunk_bad.png	3k_main_opinion_topic_set_intensity_reckless
3k_dlc05_ceo_node_career_historical_diaochan_01	3k_dlc05_ceo_node_career_historical_diaochan_01	0	Legendary Beauty	Some men will throw themselves into terrible danger in search of Diaochan's favour, and some would consider committing the blackest of crimes…	UI/Campaign UI/traits/icon_impeccable_good.png	3k_main_opinion_topic_set_attractive_beautiful
3k_dlc05_ceo_node_career_historical_gao_shun_01	3k_dlc05_ceo_node_career_historical_gao_shun_01	0	Formation Breaker	The enemy will break. Gao Shun will not.	UI/Campaign UI/traits/icon_stern_good.png	3k_main_opinion_topic_set_intensity_temperamental
3k_dlc05_ceo_node_career_historical_guo_si_01	3k_dlc05_ceo_node_career_historical_guo_si_01	0	Paranoid Thug	Guo Si has many real enemies – and many more imagined ones!	UI/Campaign UI/traits/icon_feared_bad.png	3k_main_opinion_topic_set_folly_suspicious
3k_dlc05_ceo_node_career_historical_guo_tu_01	3k_dlc05_ceo_node_career_historical_guo_tu_01	0	Erratic Advisor	Guo Tu's advice is always the same: attack!	UI/Campaign UI/traits/icon_relentless_good.png	3k_main_opinion_topic_set_intensity_reckless
3k_dlc05_ceo_node_career_historical_han_dang_01	3k_dlc05_ceo_node_career_historical_han_dang_01	0	Loyal Mercenary	Han Dang's modus operandi has often been compared to that of a mercenary. His loyalty and dedication to his masters is unwavering, however.		3k_main_opinion_topic_set_strength_formidable
3k_dlc05_ceo_node_career_historical_han_hao_01	3k_dlc05_ceo_node_career_historical_han_hao_01	0	Feeder of Armies	A courageous warrior and an adept agriculturalist, Han Hao is a valuable asset.	UI/Campaign UI/traits/icon_cunning_good.png	3k_main_opinion_topic_set_charisma_creative
3k_dlc05_ceo_node_career_historical_hao_meng_01	3k_dlc05_ceo_node_career_historical_hao_meng_01	0	Treacherous Rogue	He'll stab you in the back as soon as he gets the chance, but until then Hao Meng's dirty tricks can be most useful.	UI/Campaign UI/traits/icon_ambitious_good.png	3k_main_opinion_topic_set_loyalty_disloyal
3k_dlc05_ceo_node_career_historical_ji_ling_01	3k_dlc05_ceo_node_career_historical_ji_ling_01	0	Blunt Instrument	Ji Ling believes most problems can be solved through the overwhelming application of brute force.	UI/Campaign UI/traits/icon_temperamental_good.png	3k_main_opinion_topic_set_intensity_fiery
3k_dlc05_ceo_node_career_historical_ju_shou_01	3k_dlc05_ceo_node_career_historical_ju_shou_01	0	Voice of Reason	Ju Shou knows the risks of haste and the value of patience.	UI/Campaign UI/traits/icon_wise_good.png	3k_main_opinion_topic_set_loyalty_dutiful
3k_dlc05_ceo_node_career_historical_lady_bian_01	3k_dlc05_ceo_node_career_historical_lady_bian	0	Humble Matriarch	It takes patience and wisdom to manage the fractious brood that is the Cao family.	UI/Campaign UI/traits/icon_wise_good.png	3k_main_opinion_topic_set_loyalty_dutiful
3k_dlc05_ceo_node_career_historical_lady_mi_01	3k_dlc05_ceo_node_career_historical_lady_mi_01	0	Steadfast Loyalist	Lady Mi will do anything to protect her family – even if it means sacrificing herself.	UI/Campaign UI/traits/icon_understanding_good.png	3k_main_opinion_topic_set_goodness_selfless
3k_dlc05_ceo_node_career_historical_li_jue_01	3k_dlc05_ceo_node_career_historical_li_jue_01	0	Vicious Strongman	In Li Jue's view, politics is just the continuation of war by other means.	UI/Campaign UI/traits/icon_brave_good.png	3k_main_opinion_topic_set_determination_relentless
3k_dlc05_ceo_node_career_historical_lou_gui_01	3k_dlc05_ceo_node_career_historical_lou_gui_01	0	Mengmei Householder	Lou Gui will summon fortifications from the air itself,  but he expects to be rewarded…	UI/Campaign UI/traits/icon_cunning_good.png	3k_main_opinion_topic_set_vice_arrogant
3k_dlc05_ceo_node_career_historical_lu_lingqi_01	3k_dlc05_ceo_node_career_historical_lu_lingqi_01	0	Daughter of the Dragon	The apple doesn't fall far from the tree. Lü Bu's daughter is as beautiful as she is deadly.	UI/Campaign UI/traits/icon_brave_good.png	3k_main_opinion_topic_set_intensity_fiery
3k_dlc05_ceo_node_career_historical_mao_jie_01	3k_dlc05_ceo_node_career_historical_mao_jie_01	0	Enforcer of Morals	Who watches the watchmen? In this case, Mao Jie.	UI/Campaign UI/traits/icon_stalwart_good.png	3k_main_opinion_topic_set_intelligence_bright
3k_dlc05_ceo_node_career_historical_pang_ji_01	3k_dlc05_ceo_node_career_historical_pang_ji_01	0	Vindictive Sneak	Ruthlessly competitive, Pang Ji will employ whatever dirty trick he can to come out on top.	UI/Campaign UI/traits/icon_cunning_good.png	3k_main_opinion_topic_set_determination_ambitious
3k_dlc05_ceo_node_career_historical_shen_pei_01	3k_dlc05_ceo_node_career_historical_shen_pei_01	0	The Dependable	When everyone else is losing their heads, Shen Pei can be trusted to keep things going.	UI/Campaign UI/traits/icon_loyal_good.png	3k_main_opinion_topic_set_loyalty_stalwart
3k_dlc05_ceo_node_career_historical_tian_feng_01	3k_dlc05_ceo_node_career_historical_tian_feng_01	0	Forthright Advisor	Tian Feng's advice is usually good – though it's not always what people want to hear...	UI/Campaign UI/traits/icon_wise_good.png	3k_main_opinion_topic_set_loyalty_dutiful
3k_dlc05_ceo_node_career_historical_xu_shao_01	3k_dlc05_ceo_node_career_historical_xu_shao_01	0	Astute Analyst	Few can dissect a person's character as keenly as Xu Shao.	UI/Campaign UI/traits/icon_honest_good.png	3k_main_opinion_topic_set_perception_perceptive
3k_dlc05_ceo_node_career_historical_xu_shu_early_01	3k_dlc05_ceo_node_career_historical_xu_shu_early_01	0	Reformed Vigilante	Xu Shu once wandered the lands as a roaming swordsman - but now his mind is his sharpest weapon.	UI/Campaign UI/traits/icon_cunning_good.png	3k_main_opinion_topic_set_intelligence_clever
3k_dlc05_ceo_node_career_historical_xu_you_01	3k_dlc05_ceo_node_career_historical_xu_you_01	0	Inveterate Schemer	"I have a cunning plan..."	UI/Campaign UI/traits/icon_cunning_good.png	3k_main_opinion_topic_set_intelligence_cunning
3k_dlc05_ceo_node_career_historical_yang_feng_01	3k_dlc05_ceo_node_career_historical_yang_feng_01	0	White Wave Warlord	The White Wave warlord reads the tides of time, and his allegiances always lie with those most beneficial to him.	UI/Campaign UI/traits/icon_ambitious_good.png	3k_main_opinion_topic_set_determination_ambitious
3k_dlc05_ceo_node_career_historical_yang_hong_01	3k_dlc05_ceo_node_career_historical_yang_hong_01	0	Respected Advisor	"Your wisdom is without question, but if I could but offer a suggestion…?"	UI/Campaign UI/traits/icon_intelligent_good.png	3k_main_opinion_topic_set_intelligence_scholarly
3k_dlc05_ceo_node_career_historical_yu_fan_01	3k_dlc05_ceo_node_career_historical_yu_fan_01	0	Abrasive Advisor	Those with sensitive egos should beware of asking advice from Yu Fan.	UI/Campaign UI/traits/icon_relentless_good.png	3k_main_opinion_topic_set_intensity_direct
3k_dlc05_ceo_node_career_historical_yuan_huan_01	3k_dlc05_ceo_node_career_historical_yuan_huan_01	0	Agricultural Reformer	Yuan Huan cares not whom he serves, so long as he can pursue his reformist interests.	UI/Campaign UI/traits/icon_cunning_good.png	3k_main_opinion_topic_set_intelligence_bright
3k_dlc05_ceo_node_career_historical_yuan_tan_01	3k_dlc05_ceo_node_career_historical_yuan_tan_01	0	Unfavoured Son	A prestigious lineage can be both a boon and a burden – especially when your father is as ambitious as Yuan Tan's.	UI/Campaign UI/traits/icon_humble_good.png	3k_main_opinion_topic_set_intimidation_vengeful
3k_dlc05_ceo_node_career_historical_zang_ba_01	3k_dlc05_ceo_node_career_historical_zang_ba_01	0	Crafty Operator	Chaos is a ladder, and one Zang Ba is well equipped to climb.	UI/Campaign UI/traits/icon_ambitious_good.png	3k_main_opinion_topic_set_loyalty_disloyal
3k_dlc05_ceo_node_career_historical_zao_zhi_01	3k_dlc05_ceo_node_career_historical_zao_zhi	0	Father of the Tuntian	Zao Zhi knows that all kingdoms are founded upon two things: the people and the land.	UI/Campaign UI/traits/icon_cunning_good.png	3k_main_opinion_topic_set_intelligence_scholarly
3k_dlc05_ceo_node_career_historical_ze_rong_01	3k_dlc05_ceo_node_career_historical_ze_rong_01	0	Populist Rogue	Ze Rong steals from the rich to feed the poor. And himself. Mostly himself.	UI/Campaign UI/traits/icon_generous_good.png	3k_main_opinion_topic_set_goodness_charitable
3k_dlc05_ceo_node_career_historical_zhang_fang_01	3k_main_ceo_node_career_historical_zhang_yan_01	0	Prince of Black Mountain	The son of the 'Flying Swallow' is no less of a man than his father.	UI/Campaign UI/traits/icon_relentless_good.png	3k_dlc05_opinion_topic_set_vice_criminal
3k_dlc05_ceo_node_career_historical_zhang_hong_01	3k_dlc05_ceo_node_career_historical_zhang_hong_01	0	Adept Diplomat	With a quick wit and unflappable demeanour, Zhang Hong moves between courts with consummate ease.	UI/Campaign UI/traits/icon_cunning_good.png	3k_main_opinion_topic_set_charisma_gracious
3k_dlc05_ceo_node_career_historical_zhang_miao_01	3k_dlc05_ceo_node_career_historical_zhang_miao_01	0	Friend to All	Zhang Miao has friends everywhere. It's a shame they all hate each other.	UI/Campaign UI/traits/icon_trustworthy_good.png	3k_main_opinion_topic_set_loyalty_fraternal
3k_dlc05_ceo_node_career_historical_zhang_xiu_01	3k_dlc05_ceo_node_career_historical_zhang_xiu_01	0	Reed in the Wind	Zhang Xiu's flexibility is an asset when times a good, but keep an eye on him if the tables turn…	UI/Campaign UI/traits/icon_ambitious_good.png	3k_main_opinion_topic_set_determination_ambitious
3k_dlc05_ceo_node_career_historical_zhang_zhao_01	3k_dlc05_ceo_node_career_historical_zhang_zhao_01	0	Stern Advisor	Even the mightiest warlords need a sharp rebuke from time to time. Zhang Zhao can be relied upon to provide it.	UI/Campaign UI/traits/icon_intelligent_good.png	3k_main_opinion_topic_set_discipline_stern
3k_dlc05_ceo_node_career_historical_zhou_tai_scarred_01	3k_dlc05_ceo_node_career_historical_zhou_tai_scarred_01	0	Man of Many Scars	His scar-riddled skin is a canvas of stories, telling of countless bloody battles past.	UI/Campaign UI/traits/icon_scarred_good.png	3k_main_opinion_topic_set_scarred
3k_dlc05_ceo_node_hidden_shared_expertise	empty_effects	0	Hidden	Hidden	UI/Campaign UI/traits/icon_spiritual_wood.png	
3k_dlc05_ceo_sun_ce_ambition_achieve_artery_of_the_world_00	empty_effects	0	Artery of the World	{{tr:3k_dlc05_sun_ce_ambition_achieve_artery_of_the_world_desc}}	UI/ancillaries/sun_ce/sun_ce_faction_feature_custom_ceo_icon_artery_of_the_world.png	
3k_dlc05_ceo_sun_ce_ambition_achieve_artery_of_the_world_01	3k_dlc05_ceo_sun_ce_ambition_achieve_artery_of_the_world	0	Artery of the World	{{tr:3k_dlc05_sun_ce_ambition_achieve_artery_of_the_world_desc}}	UI/ancillaries/sun_ce/sun_ce_faction_feature_custom_ceo_icon_artery_of_the_world.png	
3k_dlc05_ceo_sun_ce_ambition_achieve_defeat_huang_zu_00	empty_effects	0	{{tr:3k_startpos_label_huang_zu_header}}	{{tr:3k_dlc05_sun_ce_ambition_achieve_defeat_huang_zu_desc}}	Placeholder.png	
3k_dlc05_ceo_sun_ce_ambition_achieve_defeat_huang_zu_01	3k_dlc05_ceo_sun_ce_ambition_achieve_defeat_huang_zu	0	{{tr:3k_startpos_label_huang_zu_header}}	{{tr:3k_dlc05_sun_ce_ambition_achieve_defeat_huang_zu_desc}}	Placeholder.png	
3k_dlc05_ceo_sun_ce_ambition_achieve_defeat_the_white_tiger_00	empty_effects	0	Tiger Hunter	{{tr:3k_dlc05_sun_ce_ambition_achieve_defeat_the_white_tiger_desc}}	Placeholder.png	
3k_dlc05_ceo_sun_ce_ambition_achieve_defeat_the_white_tiger_01	3k_dlc05_ceo_sun_ce_ambition_achieve_defeat_the_white_tiger	0	Tiger Hunter	{{tr:3k_dlc05_sun_ce_ambition_achieve_defeat_the_white_tiger_desc}}	Placeholder.png	
3k_dlc05_ceo_sun_ce_ambition_achieve_independence_00	empty_effects	0	{{tr:3k_dlc05_sun_ce_ambition_independence_title}}	{{tr:3k_dlc05_sun_ce_ambition_achieve_independence_desc}}	UI/ancillaries/sun_ce/sun_ce_faction_feature_custom_ceo_icon_achieve_independence.png	
3k_dlc05_ceo_sun_ce_ambition_achieve_independence_01	3k_dlc05_ceo_sun_ce_ambition_achieve_independence	0	{{tr:3k_dlc05_sun_ce_ambition_independence_title}}	{{tr:3k_dlc05_sun_ce_ambition_achieve_independence_desc}}	UI/ancillaries/sun_ce/sun_ce_faction_feature_custom_ceo_icon_achieve_independence.png	
3k_dlc05_ceo_sun_ce_ambition_achieve_new_centrum_00	empty_effects	0	New Imperial Capital	{{tr:3k_dlc05_sun_ce_ambition_achieve_new_centrum_desc}}	UI/ancillaries/sun_ce/sun_ce_faction_feature_custom_ceo_icon_new_centrum.png	
3k_dlc05_ceo_sun_ce_ambition_achieve_new_centrum_01	3k_dlc05_ceo_sun_ce_ambition_achieve_new_centrum	0	New Imperial Capital	{{tr:3k_dlc05_sun_ce_ambition_achieve_new_centrum_desc}}	UI/ancillaries/sun_ce/sun_ce_faction_feature_custom_ceo_icon_new_centrum.png	
3k_dlc05_ceo_sun_ce_ambition_achieve_sun_familiy_rises_again_00	empty_effects	0	{{tr:3k_dlc05_sun_ce_ambition_sun_familiy_rises_again_title}}	{{tr:3k_dlc05_sun_ce_ambition_achieve_sun_familiy_rises_again_desc}}	UI/ancillaries/sun_ce/sun_ce_faction_feature_custom_ceo_icon_young_hegemon.png	
3k_dlc05_ceo_sun_ce_ambition_achieve_sun_familiy_rises_again_01	3k_dlc05_ceo_sun_ce_ambition_achieve_sun_familiy_rises_again	0	{{tr:3k_dlc05_sun_ce_ambition_sun_familiy_rises_again_title}}	{{tr:3k_dlc05_sun_ce_ambition_achieve_sun_familiy_rises_again_desc}}	UI/ancillaries/sun_ce/sun_ce_faction_feature_custom_ceo_icon_young_hegemon.png	
3k_dlc05_ceo_sun_ce_ambition_achieve_tiny_conquerer_00	empty_effects	0	{{tr:3k_dlc05_sun_ce_ambition_tiny_conquerer_title}}	{{tr:3k_dlc05_sun_ce_ambition_achieve_tiny_conquerer_desc}}	UI/ancillaries/sun_ce/sun_ce_faction_feature_custom_ceo_icon_master_sun.png	
3k_dlc05_ceo_sun_ce_ambition_achieve_tiny_conquerer_01	3k_dlc05_ceo_sun_ce_ambition_achieve_tiny_conquerer	0	{{tr:3k_dlc05_sun_ce_ambition_tiny_conquerer_title}}	{{tr:3k_dlc05_sun_ce_ambition_achieve_tiny_conquerer_desc}}	UI/ancillaries/sun_ce/sun_ce_faction_feature_custom_ceo_icon_master_sun.png	
3k_dlc05_ceo_sun_ce_ambition_achieve_unbeatable_00	empty_effects	0	{{tr:3k_dlc05_sun_ce_ambition_unbeatable_title}}	{{tr:3k_dlc05_sun_ce_ambition_achieve_unbeatable_desc}}	UI/ancillaries/sun_ce/sun_ce_faction_feature_custom_ceo_icon_unbeatable.png	
3k_dlc05_ceo_sun_ce_ambition_achieve_unbeatable_01	3k_dlc05_ceo_sun_ce_ambition_achieve_unbeatable	0	{{tr:3k_dlc05_sun_ce_ambition_unbeatable_title}}	{{tr:3k_dlc05_sun_ce_ambition_achieve_unbeatable_desc}}	UI/ancillaries/sun_ce/sun_ce_faction_feature_custom_ceo_icon_unbeatable.png	
3k_dlc05_ceo_sun_ce_ambition_achieve_wolf_cub_roars_00	empty_effects	0	Wolf Cub Roars	{{tr:3k_dlc05_sun_ce_ambition_achieve_wolf_cub_roars_desc}}	UI/ancillaries/sun_ce/sun_ce_faction_feature_custom_ceo_icon_wolf_cub_roars.png	
3k_dlc05_ceo_sun_ce_ambition_achieve_wolf_cub_roars_01	3k_dlc05_ceo_sun_ce_ambition_achieve_wolf_cub_roars	0	Wolf Cub Roars	{{tr:3k_dlc05_sun_ce_ambition_achieve_wolf_cub_roars_desc}}	UI/ancillaries/sun_ce/sun_ce_faction_feature_custom_ceo_icon_wolf_cub_roars.png	
3k_dlc05_ceo_sun_ce_ambition_recruit_female_earth_wood_00	empty_effects	0	{{tr:3k_dlc05_sun_ce_ambition_female_earth_wood_title}}	{{tr:3k_dlc05_sun_ce_ambition_recruit_female_earth_wood_desc}}	UI/ancillaries/sun_ce/sun_ce_faction_feature_custom_ceo_icon_female_commanders.png	
3k_dlc05_ceo_sun_ce_ambition_recruit_female_earth_wood_01	3k_dlc05_ceo_sun_ce_ambition_recruit_female_earth_wood	0	{{tr:3k_dlc05_sun_ce_ambition_female_earth_wood_title}}	{{tr:3k_dlc05_sun_ce_ambition_recruit_female_earth_wood_desc}}	UI/ancillaries/sun_ce/sun_ce_faction_feature_custom_ceo_icon_female_commanders.png	
3k_dlc05_ceo_sun_ce_ambition_recruit_female_metal_fire_00	empty_effects	0	{{tr:3k_dlc05_sun_ce_ambition_female_metal_fire_title}}	{{tr:3k_dlc05_sun_ce_ambition_recruit_female_metal_fire_desc}}	UI/ancillaries/sun_ce/sun_ce_faction_feature_custom_ceo_icon_female_warriors.png	
3k_dlc05_ceo_sun_ce_ambition_recruit_female_metal_fire_01	3k_dlc05_ceo_sun_ce_ambition_recruit_female_metal_fire	0	{{tr:3k_dlc05_sun_ce_ambition_female_metal_fire_title}}	{{tr:3k_dlc05_sun_ce_ambition_recruit_female_metal_fire_desc}}	UI/ancillaries/sun_ce/sun_ce_faction_feature_custom_ceo_icon_female_warriors.png	
3k_dlc05_ceo_sun_ce_ambition_recruit_grandmasters_earth_00	empty_effects	0	{{tr:3k_dlc05_sun_ce_ambition_grandmasters_earth_title}}	{{tr:3k_dlc05_sun_ce_ambition_recruit_grandmasters_earth_desc}}	UI/ancillaries/sun_ce/sun_ce_faction_feature_custom_ceo_icon_grandmaster_of_authority.png	
3k_dlc05_ceo_sun_ce_ambition_recruit_grandmasters_earth_01	3k_dlc05_ceo_sun_ce_ambition_recruit_grandmasters_earth	0	{{tr:3k_dlc05_sun_ce_ambition_grandmasters_earth_title}}	{{tr:3k_dlc05_sun_ce_ambition_recruit_grandmasters_earth_desc}}	UI/ancillaries/sun_ce/sun_ce_faction_feature_custom_ceo_icon_grandmaster_of_authority.png	
3k_dlc05_ceo_sun_ce_ambition_recruit_grandmasters_fire_00	empty_effects	0	{{tr:3k_dlc05_sun_ce_ambition_grandmasters_fire_title}}	{{tr:3k_dlc05_sun_ce_ambition_recruit_grandmasters_fire_desc}}	UI/ancillaries/sun_ce/sun_ce_faction_feature_custom_ceo_icon_grandmaster_of_instinct.png	
3k_dlc05_ceo_sun_ce_ambition_recruit_grandmasters_fire_01	3k_dlc05_ceo_sun_ce_ambition_recruit_grandmasters_fire	0	{{tr:3k_dlc05_sun_ce_ambition_grandmasters_fire_title}}	{{tr:3k_dlc05_sun_ce_ambition_recruit_grandmasters_fire_desc}}	UI/ancillaries/sun_ce/sun_ce_faction_feature_custom_ceo_icon_grandmaster_of_instinct.png	
3k_dlc05_ceo_sun_ce_ambition_recruit_grandmasters_metal_00	empty_effects	0	{{tr:3k_dlc05_sun_ce_ambition_grandmasters_metal_title}}	{{tr:3k_dlc05_sun_ce_ambition_recruit_grandmasters_metal_desc}}	UI/ancillaries/sun_ce/sun_ce_faction_feature_custom_ceo_icon_grandmaster_of_expertise.png	
3k_dlc05_ceo_sun_ce_ambition_recruit_grandmasters_metal_01	3k_dlc05_ceo_sun_ce_ambition_recruit_grandmasters_metal	0	{{tr:3k_dlc05_sun_ce_ambition_grandmasters_metal_title}}	{{tr:3k_dlc05_sun_ce_ambition_recruit_grandmasters_metal_desc}}	UI/ancillaries/sun_ce/sun_ce_faction_feature_custom_ceo_icon_grandmaster_of_expertise.png	
3k_dlc05_ceo_sun_ce_ambition_recruit_grandmasters_water_00	empty_effects	0	{{tr:3k_dlc05_sun_ce_ambition_grandmasters_water_title}}	{{tr:3k_dlc05_sun_ce_ambition_recruit_grandmasters_water_desc}}	UI/ancillaries/sun_ce/sun_ce_faction_feature_custom_ceo_icon_grandmaster_of_cunning.png	
3k_dlc05_ceo_sun_ce_ambition_recruit_grandmasters_water_01	3k_dlc05_ceo_sun_ce_ambition_recruit_grandmasters_water	0	{{tr:3k_dlc05_sun_ce_ambition_grandmasters_water_title}}	{{tr:3k_dlc05_sun_ce_ambition_recruit_grandmasters_water_desc}}	UI/ancillaries/sun_ce/sun_ce_faction_feature_custom_ceo_icon_grandmaster_of_cunning.png	
3k_dlc05_ceo_sun_ce_ambition_recruit_grandmasters_wood_00	empty_effects	0	{{tr:3k_dlc05_sun_ce_ambition_grandmasters_wood_title}}	{{tr:3k_dlc05_sun_ce_ambition_recruit_grandmasters_wood_desc}}	UI/ancillaries/sun_ce/sun_ce_faction_feature_custom_ceo_icon_grandmaster_of_resolve.png	
3k_dlc05_ceo_sun_ce_ambition_recruit_grandmasters_wood_01	3k_dlc05_ceo_sun_ce_ambition_recruit_grandmasters_wood	0	{{tr:3k_dlc05_sun_ce_ambition_grandmasters_wood_title}}	{{tr:3k_dlc05_sun_ce_ambition_recruit_grandmasters_wood_desc}}	UI/ancillaries/sun_ce/sun_ce_faction_feature_custom_ceo_icon_grandmaster_of_resolve.png	
3k_dlc05_ceo_sun_ce_ambition_recruit_high_level_lady_sun_00	empty_effects	0	{{tr:3k_dlc05_startpos_label_lady_sun_header}}	{{tr:3k_dlc05_ceo_sun_ce_ambition_high_level_lady_sun_desc}}	UI/characters/3k_main_hero_special_fire_lady_sun/stills/bobbleheads/3k_main_hero_special_fire_lady_sun.png	
3k_dlc05_ceo_sun_ce_ambition_recruit_high_level_lady_sun_01	3k_dlc05_ceo_sun_ce_ambition_recruit_high_level_lady_sun	0	{{tr:3k_dlc05_startpos_label_lady_sun_header}}	{{tr:3k_dlc05_ceo_sun_ce_ambition_high_level_lady_sun_desc}}	UI/characters/3k_main_hero_special_fire_lady_sun/stills/bobbleheads/3k_main_hero_special_fire_lady_sun.png	
3k_dlc05_ceo_sun_ce_ambition_recruit_high_level_sun_ce_00	empty_effects	0	{{tr:3k_startpos_label_sun_ce_header}}	{{tr:3k_dlc05_ceo_sun_ce_ambition_high_level_sun_ce_desc}}	UI/characters/3k_main_hero_special_fire_sun_ce/stills/bobbleheads/3k_main_hero_special_fire_sun_ce.png	
3k_dlc05_ceo_sun_ce_ambition_recruit_high_level_sun_ce_01	3k_dlc05_ceo_sun_ce_ambition_recruit_high_level_sun_ce	0	{{tr:3k_startpos_label_sun_ce_header}}	{{tr:3k_dlc05_ceo_sun_ce_ambition_high_level_sun_ce_desc}}	UI/characters/3k_main_hero_special_fire_sun_ce/stills/bobbleheads/3k_main_hero_special_fire_sun_ce.png	
3k_dlc05_ceo_sun_ce_ambition_recruit_high_level_sun_quan_00	empty_effects	0	{{tr:3k_dlc05_startpos_label_sun_quan_header}}	{{tr:3k_dlc05_ceo_sun_ce_ambition_high_level_sun_quan_desc}}	UI/characters/3k_main_hero_special_earth_sun_quan/stills/bobbleheads/3k_main_hero_special_earth_sun_quan.png	
3k_dlc05_ceo_sun_ce_ambition_recruit_high_level_sun_quan_01	3k_dlc05_ceo_sun_ce_ambition_recruit_high_level_sun_quan	0	{{tr:3k_dlc05_startpos_label_sun_quan_header}}	{{tr:3k_dlc05_ceo_sun_ce_ambition_high_level_sun_quan_desc}}	UI/characters/3k_main_hero_special_earth_sun_quan/stills/bobbleheads/3k_main_hero_special_earth_sun_quan.png	
3k_dlc05_ceo_sun_ce_ambition_recruit_high_level_zhou_yu_00	empty_effects	0	{{tr:3k_dlc05_startpos_label_zhou_yu_header}}	{{tr:3k_dlc05_ceo_sun_ce_ambition_high_level_zhou_yu_desc}}	UI/characters/3k_main_hero_special_water_zhou_yu/stills/bobbleheads/3k_main_hero_special_water_zhou_yu.png	
3k_dlc05_ceo_sun_ce_ambition_recruit_high_level_zhou_yu_01	3k_dlc05_ceo_sun_ce_ambition_recruit_high_level_zhou_yu	0	{{tr:3k_dlc05_startpos_label_zhou_yu_header}}	{{tr:3k_dlc05_ceo_sun_ce_ambition_high_level_zhou_yu_desc}}	UI/characters/3k_main_hero_special_water_zhou_yu/stills/bobbleheads/3k_main_hero_special_water_zhou_yu.png	
3k_dlc05_ceo_sun_ce_ambition_recruit_official_earth_00	empty_effects	0	Governor of Great Authority	{{tr:3k_dlc05_ceo_sun_ce_ambition_official_earth_desc}}	UI/ancillaries/sun_ce/sun_ce_faction_feature_custom_ceo_icon_governor_of_great_authority.png	
3k_dlc05_ceo_sun_ce_ambition_recruit_official_earth_01	3k_dlc05_ceo_sun_ce_ambition_recruit_official_earth	0	Governor of Great Authority	{{tr:3k_dlc05_ceo_sun_ce_ambition_official_earth_desc}}	UI/ancillaries/sun_ce/sun_ce_faction_feature_custom_ceo_icon_governor_of_great_authority.png	
3k_dlc05_ceo_sun_ce_ambition_recruit_official_water_00	empty_effects	0	Scholar of Great Wisdom	{{tr:3k_dlc05_ceo_sun_ce_ambition_official_water_desc}}	UI/ancillaries/sun_ce/sun_ce_faction_feature_custom_ceo_icon_scholar_of_great_wisdom.png	
3k_dlc05_ceo_sun_ce_ambition_recruit_official_water_01	3k_dlc05_ceo_sun_ce_ambition_recruit_official_water	0	Scholar of Great Wisdom	{{tr:3k_dlc05_ceo_sun_ce_ambition_official_water_desc}}	UI/ancillaries/sun_ce/sun_ce_faction_feature_custom_ceo_icon_scholar_of_great_wisdom.png	
3k_dlc05_ceo_sun_ce_ambition_recruit_old_fire_00	empty_effects	0	{{tr:3k_dlc05_sun_ce_ambition_old_fire_title}}	{{tr:3k_dlc05_ceo_sun_ce_ambition_old_fire_desc}}	UI/ancillaries/sun_ce/sun_ce_faction_feature_custom_ceo_icon_old_vanguard.png	
3k_dlc05_ceo_sun_ce_ambition_recruit_old_fire_01	3k_dlc05_ceo_sun_ce_ambition_recruit_old_fire	0	{{tr:3k_dlc05_sun_ce_ambition_old_fire_title}}	{{tr:3k_dlc05_ceo_sun_ce_ambition_old_fire_desc}}	UI/ancillaries/sun_ce/sun_ce_faction_feature_custom_ceo_icon_old_vanguard.png	
3k_dlc05_ceo_sun_ce_ambition_recruit_old_metal_00	empty_effects	0	{{tr:3k_dlc05_sun_ce_ambition_old_metal_title}}	{{tr:3k_dlc05_ceo_sun_ce_ambition_old_metal_desc}}	UI/ancillaries/sun_ce/sun_ce_faction_feature_custom_ceo_icon_old_sentinel.png	
3k_dlc05_ceo_sun_ce_ambition_recruit_old_metal_01	3k_dlc05_ceo_sun_ce_ambition_recruit_old_metal	0	{{tr:3k_dlc05_sun_ce_ambition_old_metal_title}}	{{tr:3k_dlc05_ceo_sun_ce_ambition_old_metal_desc}}	UI/ancillaries/sun_ce/sun_ce_faction_feature_custom_ceo_icon_old_sentinel.png	
3k_dlc05_ceo_sun_ce_ambition_recruit_old_wood_00	empty_effects	0	{{tr:3k_dlc05_sun_ce_ambition_old_wood_title}}	{{tr:3k_dlc05_ceo_sun_ce_ambition_old_wood_desc}}	UI/ancillaries/sun_ce/sun_ce_faction_feature_custom_ceo_icon_old_champion.png	
3k_dlc05_ceo_sun_ce_ambition_recruit_old_wood_01	3k_dlc05_ceo_sun_ce_ambition_recruit_old_wood	0	{{tr:3k_dlc05_sun_ce_ambition_old_wood_title}}	{{tr:3k_dlc05_ceo_sun_ce_ambition_old_wood_desc}}	UI/ancillaries/sun_ce/sun_ce_faction_feature_custom_ceo_icon_old_champion.png	
3k_dlc05_ceo_sun_ce_ambition_recruit_young_earth_wood_00	empty_effects	0	{{tr:3k_dlc05_sun_ce_ambition_young_earth_wood_title}}	{{tr:3k_dlc05_ceo_sun_ce_ambition_young_earth_wood_desc}}	UI/ancillaries/sun_ce/sun_ce_faction_feature_custom_ceo_icon_young_commander.png	
3k_dlc05_ceo_sun_ce_ambition_recruit_young_earth_wood_01	3k_dlc05_ceo_sun_ce_ambition_recruit_young_earth_wood	0	{{tr:3k_dlc05_sun_ce_ambition_young_earth_wood_title}}	{{tr:3k_dlc05_ceo_sun_ce_ambition_young_earth_wood_desc}}	UI/ancillaries/sun_ce/sun_ce_faction_feature_custom_ceo_icon_young_commander.png	
3k_dlc05_ceo_sun_ce_ambition_recruit_young_metal_fire_00	empty_effects	0	{{tr:3k_dlc05_sun_ce_ambition_young_metal_fire_title}}	{{tr:3k_dlc05_ceo_sun_ce_ambition_young_metal_fire_desc}}	UI/ancillaries/sun_ce/sun_ce_faction_feature_custom_ceo_icon_young_sentinel.png	
3k_dlc05_ceo_sun_ce_ambition_recruit_young_metal_fire_01	3k_dlc05_ceo_sun_ce_ambition_recruit_young_metal_fire	0	{{tr:3k_dlc05_sun_ce_ambition_young_metal_fire_title}}	{{tr:3k_dlc05_ceo_sun_ce_ambition_young_metal_fire_desc}}	UI/ancillaries/sun_ce/sun_ce_faction_feature_custom_ceo_icon_young_sentinel.png	
3k_dlc05_ceo_sun_ce_ambition_recruit_young_water_00	empty_effects	0	{{tr:3k_dlc05_sun_ce_ambition_young_water_title}}	{{tr:3k_dlc05_ceo_sun_ce_ambition_young_water_desc}}	UI/ancillaries/sun_ce/sun_ce_faction_feature_custom_ceo_icon_young_strategist.png	
3k_dlc05_ceo_sun_ce_ambition_recruit_young_water_01	3k_dlc05_ceo_sun_ce_ambition_recruit_young_water	0	{{tr:3k_dlc05_sun_ce_ambition_young_water_title}}	{{tr:3k_dlc05_ceo_sun_ce_ambition_young_water_desc}}	UI/ancillaries/sun_ce/sun_ce_faction_feature_custom_ceo_icon_young_strategist.png	
3k_dlc05_ceo_sun_ce_ambition_secure_changsha_armour_craftsmen_00	empty_effects	0	Lingxian	{{tr:3k_dlc05_ceo_sun_ce_ambition_changsha_armour_craftsmen_desc}}	UI/Buildings/Icons/resource/metal/3k_resource_metal_craftsmen_armour_3.png	
3k_dlc05_ceo_sun_ce_ambition_secure_changsha_armour_craftsmen_01	3k_dlc05_ceo_sun_ce_ambition_secure_changsha_armour_craftsmen	0	Lingxian	{{tr:3k_dlc05_ceo_sun_ce_ambition_changsha_armour_craftsmen_desc}}	UI/Buildings/Icons/resource/metal/3k_resource_metal_craftsmen_armour_3.png	
3k_dlc05_ceo_sun_ce_ambition_secure_changsha_capital_00	empty_effects	0	Linxiang	{{tr:3k_dlc05_ceo_sun_ce_ambition_changsha_capital_desc}}	UI/Buildings/Icons/main/3k_city_2.png	
3k_dlc05_ceo_sun_ce_ambition_secure_changsha_capital_01	3k_dlc05_ceo_sun_ce_ambition_secure_changsha_capital	0	Linxiang	{{tr:3k_dlc05_ceo_sun_ce_ambition_changsha_capital_desc}}	UI/Buildings/Icons/main/3k_city_2.png	
3k_dlc05_ceo_sun_ce_ambition_secure_changsha_teahouse_00	empty_effects	0	{{tr:3k_dlc05_province_changsha_teahouse}}	{{tr:3k_dlc05_ceo_sun_ce_ambition_changsha_teahouse_desc}}	UI/Buildings/Icons/resource/wood/3k_resource_wood_tea_4.png	
3k_dlc05_ceo_sun_ce_ambition_secure_changsha_teahouse_01	3k_dlc05_ceo_sun_ce_ambition_secure_changsha_teahouse	0	{{tr:3k_dlc05_province_changsha_teahouse}}	{{tr:3k_dlc05_ceo_sun_ce_ambition_changsha_teahouse_desc}}	UI/Buildings/Icons/resource/wood/3k_resource_wood_tea_4.png	
3k_dlc05_ceo_sun_ce_ambition_secure_changsha_trade_port_00	empty_effects	0	Chibi	{{tr:3k_dlc05_ceo_sun_ce_ambition_changsha_trade_port_desc}}	UI/Buildings/Icons/resource/water/3k_resource_water_trading_port_3.png	
3k_dlc05_ceo_sun_ce_ambition_secure_changsha_trade_port_01	3k_dlc05_ceo_sun_ce_ambition_secure_changsha_trade_port	0	Chibi	{{tr:3k_dlc05_ceo_sun_ce_ambition_changsha_trade_port_desc}}	UI/Buildings/Icons/resource/water/3k_resource_water_trading_port_3.png	
3k_dlc05_ceo_sun_ce_ambition_secure_jiangling_capital_00	empty_effects	0	Jiangling	{{tr:3k_dlc05_ceo_sun_ce_ambition_jiangling_capital_desc}}	UI/Buildings/Icons/main/3k_city_6.png	
3k_dlc05_ceo_sun_ce_ambition_secure_jiangling_capital_01	3k_dlc05_ceo_sun_ce_ambition_secure_jiangling_capital	0	Jiangling	{{tr:3k_dlc05_ceo_sun_ce_ambition_jiangling_capital_desc}}	UI/Buildings/Icons/main/3k_city_6.png	
3k_dlc05_ceo_sun_ce_ambition_secure_jiangling_livestock_00	empty_effects	0	Huarong	{{tr:3k_dlc05_ceo_sun_ce_ambition_jiangling_livestock_desc}}	UI/Buildings/Icons/resource/wood/3k_resource_wood_livestock_3.png	
3k_dlc05_ceo_sun_ce_ambition_secure_jiangling_livestock_01	3k_dlc05_ceo_sun_ce_ambition_secure_jiangling_livestock	0	Huarong	{{tr:3k_dlc05_ceo_sun_ce_ambition_jiangling_livestock_desc}}	UI/Buildings/Icons/resource/wood/3k_resource_wood_livestock_3.png	
3k_dlc05_ceo_sun_ce_ambition_secure_jianyue_capital_00	empty_effects	0	Jianye	{{tr:3k_dlc05_ceo_sun_ce_ambition_jianyue_capital_desc}}	UI/Buildings/Icons/main/3k_city_5.png	
3k_dlc05_ceo_sun_ce_ambition_secure_jianyue_capital_01	3k_dlc05_ceo_sun_ce_ambition_secure_jianyue_capital	0	Jianye	{{tr:3k_dlc05_ceo_sun_ce_ambition_jianyue_capital_desc}}	UI/Buildings/Icons/main/3k_city_5.png	
3k_dlc05_ceo_sun_ce_ambition_secure_jianyue_copper_mine_00	empty_effects	0	Wanling	{{tr:3k_dlc05_ceo_sun_ce_ambition_jianyue_copper_mine_desc}}	UI/Buildings/Icons/resource/metal/3k_resource_metal_copper_3.png	
3k_dlc05_ceo_sun_ce_ambition_secure_jianyue_copper_mine_01	3k_dlc05_ceo_sun_ce_ambition_secure_jianyue_copper_mine	0	Wanling	{{tr:3k_dlc05_ceo_sun_ce_ambition_jianyue_copper_mine_desc}}	UI/Buildings/Icons/resource/metal/3k_resource_metal_copper_3.png	
3k_dlc05_ceo_sun_ce_ambition_secure_jianyue_salt_mine_00	empty_effects	0	Wu	{{tr:3k_dlc05_ceo_sun_ce_ambition_jianyue_salt_mine_desc}}	UI/Buildings/Icons/resource/water/3k_resource_water_salt_2.png	
3k_dlc05_ceo_sun_ce_ambition_secure_jianyue_salt_mine_01	3k_dlc05_ceo_sun_ce_ambition_secure_jianyue_salt_mine	0	Wu	{{tr:3k_dlc05_ceo_sun_ce_ambition_jianyue_salt_mine_desc}}	UI/Buildings/Icons/resource/water/3k_resource_water_salt_2.png	
3k_dlc05_ceo_sun_ce_ambition_secure_kuaiji_capital_00	empty_effects	0	Shanyin	{{tr:3k_dlc05_ceo_sun_ce_ambition_kuaiji_capital_desc}}	UI/Buildings/Icons/main/3k_city_3.png	
3k_dlc05_ceo_sun_ce_ambition_secure_kuaiji_capital_01	3k_dlc05_ceo_sun_ce_ambition_secure_kuaiji_capital	0	Shanyin	{{tr:3k_dlc05_ceo_sun_ce_ambition_kuaiji_capital_desc}}	UI/Buildings/Icons/main/3k_city_3.png	
3k_dlc05_ceo_sun_ce_ambition_secure_kuaiji_livestock_00	empty_effects	0	Wushang	{{tr:3k_dlc05_ceo_sun_ce_ambition_kuaiji_livestock_desc}}	UI/Buildings/Icons/resource/wood/3k_resource_wood_livestock_2.png	
3k_dlc05_ceo_sun_ce_ambition_secure_kuaiji_livestock_01	3k_dlc05_ceo_sun_ce_ambition_secure_kuaiji_livestock	0	Wushang	{{tr:3k_dlc05_ceo_sun_ce_ambition_kuaiji_livestock_desc}}	UI/Buildings/Icons/resource/wood/3k_resource_wood_livestock_2.png	
3k_dlc05_ceo_sun_ce_ambition_secure_kuaiji_rice_paddy_00	empty_effects	0	Linhai	{{tr:3k_dlc05_ceo_sun_ce_ambition_kuaiji_rice_paddy_desc}}	UI/Buildings/Icons/resource/wood/3k_resource_wood_farms_rice_2.png	
3k_dlc05_ceo_sun_ce_ambition_secure_kuaiji_rice_paddy_01	3k_dlc05_ceo_sun_ce_ambition_secure_kuaiji_rice_paddy	0	Linhai	{{tr:3k_dlc05_ceo_sun_ce_ambition_kuaiji_rice_paddy_desc}}	UI/Buildings/Icons/resource/wood/3k_resource_wood_farms_rice_2.png	
3k_dlc05_ceo_sun_ce_ambition_secure_poyang_capital_00	empty_effects	0	Poyang	{{tr:3k_dlc05_ceo_sun_ce_ambition_poyang_capital_desc}}	UI/Buildings/Icons/main/3k_city_4.png	
3k_dlc05_ceo_sun_ce_ambition_secure_poyang_capital_01	3k_dlc05_ceo_sun_ce_ambition_secure_poyang_capital	0	Poyang	{{tr:3k_dlc05_ceo_sun_ce_ambition_poyang_capital_desc}}	UI/Buildings/Icons/main/3k_city_4.png	
3k_dlc05_ceo_sun_ce_ambition_secure_poyang_copper_mine_00	empty_effects	0	Guangchang	{{tr:3k_dlc05_ceo_sun_ce_ambition_poyang_copper_mine_desc}}	UI/Buildings/Icons/resource/metal/3k_resource_metal_copper_2.png	
3k_dlc05_ceo_sun_ce_ambition_secure_poyang_copper_mine_01	3k_dlc05_ceo_sun_ce_ambition_secure_poyang_copper_mine	0	Guangchang	{{tr:3k_dlc05_ceo_sun_ce_ambition_poyang_copper_mine_desc}}	UI/Buildings/Icons/resource/metal/3k_resource_metal_copper_2.png	
3k_dlc05_ceo_sun_ce_ambition_secure_poyang_iron_mine_00	empty_effects	0	Haihun	{{tr:3k_dlc05_ceo_sun_ce_ambition_poyang_iron_mine_desc}}	UI/Buildings/Icons/resource/fire/3k_resource_fire_iron_3.png	
3k_dlc05_ceo_sun_ce_ambition_secure_poyang_iron_mine_01	3k_dlc05_ceo_sun_ce_ambition_secure_poyang_iron_mine	0	Haihun	{{tr:3k_dlc05_ceo_sun_ce_ambition_poyang_iron_mine_desc}}	UI/Buildings/Icons/resource/fire/3k_resource_fire_iron_3.png	
3k_dlc05_ceo_sun_ce_ambition_secure_poyang_weapon_craftsmen_00	empty_effects	0	Lean	{{tr:3k_dlc05_ceo_sun_ce_ambition_poyang_weapon_craftsmen_desc}}	UI/Buildings/Icons/resource/metal/3k_resource_metal_craftsmen_weapon_2.png	
3k_dlc05_ceo_sun_ce_ambition_secure_poyang_weapon_craftsmen_01	3k_dlc05_ceo_sun_ce_ambition_secure_poyang_weapon_craftsmen	0	Lean	{{tr:3k_dlc05_ceo_sun_ce_ambition_poyang_weapon_craftsmen_desc}}	UI/Buildings/Icons/resource/metal/3k_resource_metal_craftsmen_weapon_2.png	
3k_dlc05_ceo_sun_ce_ambition_secure_xiangyang_capital_00	empty_effects	0	Xiangyang	{{tr:3k_dlc05_ceo_sun_ce_ambition_xiangyang_capital_desc}}	UI/Buildings/Icons/main/3k_city_5.png	
3k_dlc05_ceo_sun_ce_ambition_secure_xiangyang_capital_01	3k_dlc05_ceo_sun_ce_ambition_secure_xiangyang_capital	0	Xiangyang	{{tr:3k_dlc05_ceo_sun_ce_ambition_xiangyang_capital_desc}}	UI/Buildings/Icons/main/3k_city_5.png	
3k_dlc05_ceo_sun_ce_ambition_secure_xiangyang_toolmaker_00	empty_effects	0	{{tr:3k_dlc05_province_xiangyang_toolmaker}}	{{tr:3k_dlc05_ceo_sun_ce_ambition_xiangyang_toolmaker_desc}}	UI/Buildings/Icons/resource/metal/3k_resource_metal_tools_3.png	
3k_dlc05_ceo_sun_ce_ambition_secure_xiangyang_toolmaker_01	3k_dlc05_ceo_sun_ce_ambition_secure_xiangyang_toolmaker	0	{{tr:3k_dlc05_province_xiangyang_toolmaker}}	{{tr:3k_dlc05_ceo_sun_ce_ambition_xiangyang_toolmaker_desc}}	UI/Buildings/Icons/resource/metal/3k_resource_metal_tools_3.png	
3k_dlc05_ceo_sun_ce_ambition_secure_xindu_capital_00	empty_effects	0	Shixin	{{tr:3k_dlc05_ceo_sun_ce_ambition_xindu_capital_desc}}	UI/Buildings/Icons/main/3k_city_0.png	
3k_dlc05_ceo_sun_ce_ambition_secure_xindu_capital_01	3k_dlc05_ceo_sun_ce_ambition_secure_xindu_capital	0	Shixin	{{tr:3k_dlc05_ceo_sun_ce_ambition_xindu_capital_desc}}	UI/Buildings/Icons/main/3k_city_0.png	
3k_dlc05_ceo_sun_ce_ambition_secure_xindu_fishing_port_00	empty_effects	0	Wuhu	{{tr:3k_dlc05_ceo_sun_ce_ambition_xindu_fishing_port_desc}}	UI/Buildings/Icons/resource/wood/3k_resource_wood_fish_3.png	
3k_dlc05_ceo_sun_ce_ambition_secure_xindu_fishing_port_01	3k_dlc05_ceo_sun_ce_ambition_secure_xindu_fishing_port	0	Wuhu	{{tr:3k_dlc05_ceo_sun_ce_ambition_xindu_fishing_port_desc}}	UI/Buildings/Icons/resource/wood/3k_resource_wood_fish_3.png	
3k_dlc05_ceo_sun_ce_ambition_secure_xindu_lumber_yard_00	empty_effects	0	Xin'an	{{tr:3k_dlc05_ceo_sun_ce_ambition_xindu_lumber_yard_desc}}	UI/Buildings/Icons/resource/wood/3k_resource_wood_lumber_pine_3.png	
3k_dlc05_ceo_sun_ce_ambition_secure_xindu_lumber_yard_01	3k_dlc05_ceo_sun_ce_ambition_secure_xindu_lumber_yard	0	Xin'an	{{tr:3k_dlc05_ceo_sun_ce_ambition_xindu_lumber_yard_desc}}	UI/Buildings/Icons/resource/wood/3k_resource_wood_lumber_pine_3.png	
3k_dlc06_ancillary_accessory_flying_daggers	3k_dlc06_ancillary_accessory_flying_daggers	0	Flying Daggers	A fan of blades, a spash of blood, an enemy falls once more.	accessories/3k_dlc06_ancillary_accessory_flying_daggers.png	
3k_dlc06_ancillary_accessory_malaria_cure	3k_dlc06_ancillary_accessory_malaria_cure	0	Garlic-leaved Fragrance	It is said that grinding up this herb will cure many of the sicknesses which plague visitors to the south.	accessories/3k_dlc06_ancillary_accessory_malaria_cure.png	
3k_dlc06_ancillary_accessory_mulus_bell_unique	3k_dlc06_ancillary_accessory_mulus_bell_unique	0	Mulu's Bell	The sound of the bell, like a peal of thunder, strikes fear into the hearts of the Nanmans' enemies.	accessories/3k_dlc04_ancillary_accessory_religious_bell_unique.png	
3k_dlc06_ancillary_accessory_tribute_chest_diplomacy_extraordinary	3k_dlc06_ancillary_accessory_tribute_chest_diplomacy_extraordinary	0	Diplomat's Chest	A chest for a diplomat, filled with treatises and writings.	chests/3k_dlc06_basic_tribute_chest.png	
3k_dlc06_ancillary_accessory_tribute_chest_diplomacy_simple	3k_dlc06_ancillary_accessory_tribute_chest_diplomacy_simple	0	Trader's Chest	A chest for a trader, with coin scales and coins from various regions.	chests/3k_dlc06_basic_tribute_chest.png	
3k_dlc06_ancillary_accessory_tribute_chest_personal_extraordinary	3k_dlc06_ancillary_accessory_tribute_chest_personal_extraordinary	0	Commander's Chest	A chest for a commander, with martial treatises as well as exquisite military materials.	chests/3k_dlc06_warlord_tribute_chest.png	
3k_dlc06_ancillary_accessory_tribute_chest_personal_simple	3k_dlc06_ancillary_accessory_tribute_chest_personal_simple	0	Lord's Chest	A chest for a lord, containing the finest of luxuries, fit for a court member of the highest standing.	chests/3k_dlc06_warlord_tribute_chest.png	
3k_dlc06_ancillary_accessory_tribute_chest_regional_extraordinary	3k_dlc06_ancillary_accessory_tribute_chest_regional_extraordinary	0	Industrialist's Chest	A chest for an industrialist, filled with materials to help boost labour productivity in a region.	chests/3k_dlc06_governor_tribute_chest.png	
3k_dlc06_ancillary_accessory_tribute_chest_regional_simple	3k_dlc06_ancillary_accessory_tribute_chest_regional_simple	0	Economist's Chest	A chest for an economist, containing tools and guidelines to incentivise a region to generate more profit.	chests/3k_dlc06_governor_tribute_chest.png	
3k_dlc06_ancillary_armour_nanman_ahuinan_unique	3k_dlc06_ancillary_armour_nanman_ahuinan_unique	0	Ahuinan's Armour	The Marshal of the Third Cave shall not want for adequate defence.	armours/3k_dlc06_ancillary_generic_general_tier4.png	
3k_dlc06_ancillary_armour_nanman_dailaidongzhu_unique	3k_dlc06_ancillary_armour_nanman_dailaidongzhu_unique	0	Dailai Dongzhu's Armour	Suitable protections for the bold brother, descended of fire.	armours/3k_dlc06_ancillary_generic_general_tier4.png	
3k_dlc06_ancillary_armour_nanman_dongtuna_unique	3k_dlc06_ancillary_armour_nanman_dongtuna_unique	0	Dongtuna's Armour	Armour fitting for the Lord of the Second Cave.	armours/3k_dlc06_ancillary_generic_general_tier4.png	
3k_dlc06_ancillary_armour_nanman_jinhuansanjie_unique	3k_dlc06_ancillary_armour_nanman_jinhuansanjie_unique	0	Jinhuansanjie's Armour	The brave and the bold could endure many blows in such armour!	armours/3k_dlc06_ancillary_generic_general_tier4.png	
3k_dlc06_ancillary_armour_nanman_king_duosi_unique	3k_dlc06_ancillary_armour_nanman_king_duosi_unique	0	King Duosi's Armour	Duosi; the wisest, and perhaps best protected of all the Nanman.	armours/3k_dlc06_ancillary_king_duosi.png	
3k_dlc06_ancillary_armour_nanman_king_meng_huo_unique	3k_dlc06_ancillary_armour_nanman_king_meng_huo_unique	0	King Meng Huo's Armour	For he who would be king of the tribes, only the most resplendent array.	armours/3k_dlc06_ancillary_meng_huo.png	
3k_dlc06_ancillary_armour_nanman_king_mulu_unique	3k_dlc06_ancillary_armour_nanman_king_mulu_unique	0	King Mulu's Armour	Mulu communes with nature, and is armoured through its benevolence.	armours/3k_dlc06_ancillary_king_mulu.png	
3k_dlc06_ancillary_armour_nanman_king_shamoke_unique	3k_dlc06_ancillary_armour_nanman_king_shamoke_unique	0	King Shamoke's Armour	The perfect weight and fit, tailored for this warrior of class and distinction.	armours/3k_dlc06_ancillary_king_shamoke.png	
3k_dlc06_ancillary_armour_nanman_king_wutugu_unique	3k_dlc06_ancillary_armour_nanman_king_wutugu_unique	0	King Wutugu's Armour	The King of the Caves shall have armour as strong as the mountain walls.	armours/3k_dlc06_ancillary_king_wutugu.png	
3k_dlc06_ancillary_armour_nanman_lady_zhurong_unique	3k_dlc06_ancillary_armour_nanman_lady_zhurong_unique	0	Lady Zhurong's Armour	Zhurong is protected by fire, her armour being just as scorching to attackers.	armours/3k_dlc06_ancillary_lady_zhurong.png	
3k_dlc06_ancillary_armour_nanman_mangyachang_unique	3k_dlc06_ancillary_armour_nanman_mangyachang_unique	0	Mangyachang's Armour	A dependable lieutenant of the Nanman, clad in similarly dependable attire.	armours/3k_dlc06_ancillary_generic_general_tier4.png	
3k_dlc06_ancillary_armour_nanman_medium_common	3k_dlc06_ancillary_armour_nanman_medium_common	0	Common Tribal Armour	Adequate protection for the many battles of the tribes.	armours/3k_dlc06_ancillary_generic_general_tier1.png	
3k_dlc06_ancillary_armour_nanman_medium_exceptional	3k_dlc06_ancillary_armour_nanman_medium_exceptional	0	Exceptional Tribal Armour	Uncommonly excellent armour, made to endure a war, and then beyond.	armours/3k_dlc06_ancillary_generic_general_tier2.png	
3k_dlc06_ancillary_armour_nanman_medium_refined	3k_dlc06_ancillary_armour_nanman_medium_refined	0	Refined Tribal Armour	Beyond what most warriors will ever see, this armour is a testament to its creator.	armours/3k_dlc06_ancillary_generic_general_tier3.png	
3k_dlc06_ancillary_armour_nanman_medium_unique	3k_dlc06_ancillary_armour_nanman_medium_unique	0	Unique Tribal Armour	To call this armour a work of art would be to do a disservice to its individual brilliance.	armours/3k_dlc06_ancillary_generic_general_tier4.png	
3k_dlc06_ancillary_armour_nanman_meng_jie_unique	3k_dlc06_ancillary_armour_nanman_meng_jie_unique	0	Meng Jie's Armour	Armour of a more refined nature, for one who considers themselves more refined…	armours/3k_dlc06_ancillary_generic_general_tier4.png	
3k_dlc06_ancillary_armour_nanman_meng_you_unique	3k_dlc06_ancillary_armour_nanman_meng_you_unique	0	Meng You's Armour	These protections capture the boldness, the fire, and the naivety of youth.	armours/3k_dlc06_ancillary_generic_general_tier4.png	
3k_dlc06_ancillary_armour_nanman_tu_an_unique	3k_dlc06_ancillary_armour_nanman_tu_an_unique	0	Tu An's Armour	To the eternal victor go the rightful armours of war!	armours/3k_dlc06_ancillary_generic_general_tier4.png	
3k_dlc06_ancillary_armour_nanman_xi_ni_unique	3k_dlc06_ancillary_armour_nanman_xi_ni_unique	0	Xi Ni's Armour	For the one who routs enemies beyond counting, only the best will do.	armours/3k_dlc06_ancillary_generic_general_tier4.png	
3k_dlc06_ancillary_armour_nanman_yang_feng_unique	3k_dlc06_ancillary_armour_nanman_yang_feng_unique	0	Yang Feng's Armour	Good armour deceives as well as protects; hidden defences amongst the folds.	armours/3k_dlc06_ancillary_generic_general_tier4.png	
3k_dlc06_ancillary_follower_shaman	3k_dlc06_ancillary_follower_shaman	0	Shaman	Versed in the laws of the southlands, the shaman can find the things which others fail to see.	followers/3k_dlc06_ancillary_follower_shaman.png	
3k_dlc06_ancillary_follower_translator	3k_dlc06_ancillary_follower_translator	0	Representationist	To communicate between the tribes of the south, one must speak not one, but many languages.	followers/3k_dlc06_ancillary_follower_translator.png	
3k_dlc06_ancillary_mount_elephant_common	3k_dlc06_ancillary_mount_elephant_common	0	Elephant	A proud pachyderm; brutal and imposing to all before it.	mounts/3k_dlc06_ancillary_mount_elephant_common.png	
3k_dlc06_ancillary_mount_elephant_exceptional	3k_dlc06_ancillary_mount_elephant_exceptional	0	Monarchial Elephant	A majestic beast, fit for a true leader.	mounts/3k_dlc06_ancillary_mount_elephant_extraordinary.png	
3k_dlc06_ancillary_mount_elephant_refined	3k_dlc06_ancillary_mount_elephant_refined	0	War Elephant	Bred for one purpose and one alone: to destroy its master's foes.	mounts/3k_dlc06_ancillary_mount_elephant_refined.png	
3k_dlc06_ancillary_mount_elephant_unique	3k_dlc06_ancillary_mount_elephant_unique	0	Southern Elephant	With a defiant trumpet and thundering feet, the elephant crushes all beneath vast feet..	mounts/3k_dlc06_ancillary_mount_elephant_unique.png	
3k_dlc06_ancillary_weapon_2h_ball_mace_king_shamoke_unique	3k_dlc06_ancillary_weapon_2h_ball_mace_king_shamoke_unique	0	Mountain Sunder	"Rock, armour, bone. All split, shatter and break."	weapons/3k_ytr_ancillary_weapon_2h_ball_mace_unique.png	
3k_dlc06_ancillary_weapon_axe_stone_common	3k_dlc06_ancillary_weapon_axe_stone_common	0	Stone Axe	Stone may seem less refined than iron, but be assured it will still do the job.	weapons/3k_dlc06_ancillary_weapon_axe_stone_common.png	
3k_dlc06_ancillary_weapon_bow_king_shamoke_unique	3k_dlc06_ancillary_weapon_bow_king_shamoke_unique	0	Red Wind	Gifted from King Duosi in friendship	weapons/3k_main_ancillary_bow_taishi_ci.png	
3k_dlc06_ancillary_weapon_burning_mace_unique	3k_dlc06_ancillary_weapon_burning_mace_unique	0	Burning Mace	Warning: Keep away from fire.	weapons/3k_dlc06_ancillary_weapon_burning_mace_unique.png	
3k_dlc06_ancillary_weapon_machete_common	3k_dlc06_ancillary_weapon_machete_common	0	Machete	The machete serves a versatile purpose. It is good for cutting down both thicket and warrior alike.	weapons/3k_dlc06_ancillary_weapon_machete_common.png	
3k_dlc06_ancillary_weapon_mixed_flint_common	3k_dlc06_ancillary_weapon_mixed_flint_common	0	Twin-flint Weapons	Flint casts a distinctive, alluring vision – not that it matters when embedding in someone's skull.	weapons/3k_dlc06_ancillary_weapon_mixed_flint_common.png	
3k_dlc06_ancillary_weapon_two_handed_axe_king_wutug_unique	3k_dlc06_ancillary_weapon_two_handed_axe_king_wutugu_unique	0	King Wutugu's Two-handed Axe	They say a weapon needs a name, but why? Would that make it more deadly?	weapons/3k_main_ancillary_two_handed_axe_unique.png	
3k_dlc06_ancilliary_armour_li_ru_armour_unique	3k_dlc06_ancilliary_armour_li_ru_armour_unique	0	Li Ru's Armour	The perfect weight and fit, tailored for this warrior of class and distinction.	armours/3k_dlc06_ancillary_li_ru.png	
3k_dlc06_ancilliary_armour_wei_yan_armour_unique	3k_dlc06_ancilliary_armour_wei_yan_armour_unique	0	Wei Yan's Armour	The perfect weight and fit, tailored for this warrior of class and distinction.	armours/3k_dlc06_ancillary_wei_yan.png	
3k_dlc06_ancilliary_armour_xun_you_armour_unique	3k_dlc06_ancilliary_armour_xun_you_armour_unique	0	Xun You's Armour	The perfect weight and fit, tailored for this warrior of class and distinction.	armours/3k_dlc06_ancillary_xun_you.png	
3k_dlc06_ceo_career_historical_nanman_ahuinan_01	3k_dlc06_ceo_career_historical_nanman_ahuinan_01	0	Marshall of the Third Cave	From hidden spots and concealed ambushes, the strikes rise furiously from the earth.	UI/Campaign UI/traits/icon_cunning_good.png	3k_main_opinion_topic_set_intimidation_vengeful
3k_dlc06_ceo_career_historical_nanman_ahuinan_02	3k_dlc06_ceo_career_historical_nanman_ahuinan_02	0	Lord of the Mountains	Ahuinan will summon the very valleys to war against invaders, tearing apart the earth in his rage.	UI/Campaign UI/traits/icon_cunning_good.png	3k_main_opinion_topic_set_intimidation_vengeful
3k_dlc06_ceo_career_historical_nanman_ahuinan_03	3k_dlc06_ceo_career_historical_nanman_ahuinan_03	0	Chief of the Three Ravines	Where the power of the valleys meet, there you will find Ahuinan, poised to direct that strength.	UI/Campaign UI/traits/icon_cunning_good.png	3k_main_opinion_topic_set_intimidation_vengeful
3k_dlc06_ceo_career_historical_nanman_dailaidongzhu_01	3k_dlc06_ceo_career_historical_nanman_dailaidongzhu_01	0	The Cunning Youth	A keen mind and an observant eye can decide battles before any order is spoken.	UI/Campaign UI/traits/icon_cunning_good.png	3k_main_opinion_topic_set_intelligence_brilliant
3k_dlc06_ceo_career_historical_nanman_dailaidongzhu_02	3k_dlc06_ceo_career_historical_nanman_dailaidongzhu_02	0	The Brother of Flames	To live in the shadow of a powerful sibling is not so bad if you too are touched by greatness.	UI/Campaign UI/traits/icon_cunning_good.png	3k_main_opinion_topic_set_intelligence_brilliant
3k_dlc06_ceo_career_historical_nanman_dailaidongzhu_03	3k_dlc06_ceo_career_historical_nanman_dailaidongzhu_03	0	The Astute Tactician	Battlefield cunning may not guarantee victory, but it certainly does not hinder it.	UI/Campaign UI/traits/icon_cunning_good.png	3k_main_opinion_topic_set_intelligence_brilliant
3k_dlc06_ceo_career_historical_nanman_dongtuna_01	3k_dlc06_ceo_career_historical_nanman_dongtuna_01	0	Commander of the Left	Military fervour and ancestral zeal fuel a dedicated warrior!	UI/Campaign UI/traits/icon_cunning_good.png	3k_main_opinion_topic_set_discipline_stern
3k_dlc06_ceo_career_historical_nanman_dongtuna_02	3k_dlc06_ceo_career_historical_nanman_dongtuna_02	0	The Distinguished Strength	One does not need to be the greatest warrior to prove their worth and their dedication.	UI/Campaign UI/traits/icon_cunning_good.png	3k_main_opinion_topic_set_discipline_stern
3k_dlc06_ceo_career_historical_nanman_dongtuna_03	3k_dlc06_ceo_career_historical_nanman_dongtuna_03	0	The Enduring Mountain	No punishment can hold Dongtuna back, not even a hundred lashes of the rod upon his back.	UI/Campaign UI/traits/icon_cunning_good.png	3k_main_opinion_topic_set_discipline_stern
3k_dlc06_ceo_career_historical_nanman_jinhuansanjie_01	3k_dlc06_ceo_career_historical_nanman_jinhuansanjie_01	0	Loyal Lieutenant	To them, their lord is everything - leader of all the tribes.	UI/Campaign UI/traits/icon_cunning_good.png	3k_main_opinion_topic_set_loyalty_stalwart
3k_dlc06_ceo_career_historical_nanman_jinhuansanjie_02	3k_dlc06_ceo_career_historical_nanman_jinhuansanjie_02	0	Guarder of the Path	The valleys are sacred, they are home; Jinhuansanjie would see them defended.	UI/Campaign UI/traits/icon_cunning_good.png	3k_main_opinion_topic_set_loyalty_stalwart
3k_dlc06_ceo_career_historical_nanman_jinhuansanjie_03	3k_dlc06_ceo_career_historical_nanman_jinhuansanjie_03	0	The Would-be Martyr	When every battle may be your last, there are no lengths to which you will not go.	UI/Campaign UI/traits/icon_cunning_good.png	3k_main_opinion_topic_set_loyalty_stalwart
3k_dlc06_ceo_career_historical_nanman_king_duosi_01	3k_dlc06_ceo_career_historical_nanman_king_duosi_01	0	The Superstitious Warrior	A life spent at war has given Duosi an overbearingly – he would say justified – distrusting temperament.	UI/Campaign UI/traits/icon_cunning_good.png	3k_main_opinion_topic_set_intelligence_cunning
3k_dlc06_ceo_career_historical_nanman_king_duosi_02	3k_dlc06_ceo_career_historical_nanman_king_duosi_02	0	The Solitary Mountain	Duosi is as mighty as the highest peaks, but as reserved as the densest forest.	UI/Campaign UI/traits/icon_cunning_good.png	3k_main_opinion_topic_set_intelligence_cunning
3k_dlc06_ceo_career_historical_nanman_king_duosi_03	3k_dlc06_ceo_career_historical_nanman_king_duosi_03	0	The Wisest Chief	What is there to know that Duosi does not already know?	UI/Campaign UI/traits/icon_cunning_good.png	3k_main_opinion_topic_set_intelligence_cunning
3k_dlc06_ceo_career_historical_nanman_king_meng_huo_01	3k_dlc06_ceo_career_historical_nanman_king_meng_huo_01	0	The Stubborn Ox	What power Meng Huo has is born of physical prowess and ceaseless determination both.	UI/Campaign UI/traits/icon_cunning_good.png	3k_main_opinion_topic_set_charisma_creative
3k_dlc06_ceo_career_historical_nanman_king_meng_huo_02	3k_dlc06_ceo_career_historical_nanman_king_meng_huo_02	0	The Ambitious Chieftain	If Meng Huo was not meant to reach for greatness, why give him the power to do so?	UI/Campaign UI/traits/icon_cunning_good.png	3k_main_opinion_topic_set_charisma_creative
3k_dlc06_ceo_career_historical_nanman_king_meng_huo_03	3k_dlc06_ceo_career_historical_nanman_king_meng_huo_03	0	King of the Man	If there is another who could rule, they have yet to demonstrate a greater claim than Meng Huo.	UI/Campaign UI/traits/icon_cunning_good.png	3k_main_opinion_topic_set_charisma_creative
3k_dlc06_ceo_career_historical_nanman_king_mulu_01	3k_dlc06_ceo_career_historical_nanman_king_mulu_01	0	The Mystic Lord	When the earth speaks, Mulu hears, then enacts nature's will.	UI/Campaign UI/traits/icon_cunning_good.png	3k_main_opinion_topic_set_determination_ambitious
3k_dlc06_ceo_career_historical_nanman_king_mulu_02	3k_dlc06_ceo_career_historical_nanman_king_mulu_02	0	The Enigma of the Valleys	Mulu is said to draw his strength from mystical, magic properties used to repel his enemies.	UI/Campaign UI/traits/icon_cunning_good.png	3k_main_opinion_topic_set_determination_ambitious
3k_dlc06_ceo_career_historical_nanman_king_mulu_03	3k_dlc06_ceo_career_historical_nanman_king_mulu_03	0	Chief of Bana Ravine	The chief of the ravine leads his warriors to war for his causes, as he sees fit.	UI/Campaign UI/traits/icon_cunning_good.png	3k_main_opinion_topic_set_determination_ambitious
3k_dlc06_ceo_career_historical_nanman_king_shamoke_01	3k_dlc06_ceo_career_historical_nanman_king_shamoke_01	0	Ruler of the Five Valleys	Shamoke brooks no resistance to his rule, showing mercy to his tribes and destruction to his enemies.	UI/Campaign UI/traits/icon_cunning_good.png	3k_main_opinion_topic_set_intelligence_brilliant
3k_dlc06_ceo_career_historical_nanman_king_shamoke_02	3k_dlc06_ceo_career_historical_nanman_king_shamoke_02	0	The Blood-Shot Lord	With his face aflame and his eyes cruor-red, Shamoke's presence strikes terror into all.	UI/Campaign UI/traits/icon_cunning_good.png	3k_main_opinion_topic_set_intelligence_brilliant
3k_dlc06_ceo_career_historical_nanman_king_shamoke_03	3k_dlc06_ceo_career_historical_nanman_king_shamoke_03	0	Sharp-minded	Despite his appearance, Shamoke is possessed of an inquisitive, incisive wit.	UI/Campaign UI/traits/icon_cunning_good.png	3k_main_opinion_topic_set_intelligence_brilliant
3k_dlc06_ceo_career_historical_nanman_king_wutugu_01	3k_dlc06_ceo_career_historical_nanman_king_wutugu_01	0	Wuguo Chieftain	Who could want a tame and comfortable land when one such as ours breeds the toughest warriors!?	UI/Campaign UI/traits/icon_cunning_good.png	3k_main_opinion_topic_set_intimidation_feared
3k_dlc06_ceo_career_historical_nanman_king_wutugu_02	3k_dlc06_ceo_career_historical_nanman_king_wutugu_02	0	Nanman Chieftain	Barbarians, some call us. A 'civilised' man who hasn’t the belly for a fight is no man at all!	UI/Campaign UI/traits/icon_cunning_good.png	3k_main_opinion_topic_set_intimidation_feared
3k_dlc06_ceo_career_historical_nanman_king_wutugu_03	3k_dlc06_ceo_career_historical_nanman_king_wutugu_03	0	Grand Chieftain	I have made the Nanman great – for to be a warrior there is no greater honour.	UI/Campaign UI/traits/icon_cunning_good.png	3k_main_opinion_topic_set_intimidation_feared
3k_dlc06_ceo_career_historical_nanman_lady_zhurong_01	3k_dlc06_ceo_career_historical_nanman_lady_zhurong_01	0	Irrepressible Fire	The inaction of so many others drives Zhurong ever, ever forward.	UI/Campaign UI/traits/icon_spiritual_good.png	3k_main_opinion_topic_set_folly_superstitious
3k_dlc06_ceo_career_historical_nanman_lady_zhurong_02	3k_dlc06_ceo_career_historical_nanman_lady_zhurong_02	0	Received of the Cinder	The fires of ancestry smoulder within her – she will not see them snuffed out!	UI/Campaign UI/traits/icon_spiritual_good.png	3k_main_opinion_topic_set_folly_superstitious
3k_dlc06_ceo_career_historical_nanman_lady_zhurong_03	3k_dlc06_ceo_career_historical_nanman_lady_zhurong_03	0	Descended of the Flames	Whether truly the kin of a goddess or not, Zhurong nevertheless fights with a super-human tenacity.	UI/Campaign UI/traits/icon_spiritual_good.png	3k_main_opinion_topic_set_folly_superstitious
3k_dlc06_ceo_career_historical_nanman_mangyachang_01	3k_dlc06_ceo_career_historical_nanman_mangyachang_01	0	The Ready Ruler	A lifetime having the ear of leaders have positioned Mangyachang perfectly to ascend.	UI/Campaign UI/traits/icon_cunning_good.png	3k_main_opinion_topic_set_diplomatic_populist
3k_dlc06_ceo_career_historical_nanman_mangyachang_02	3k_dlc06_ceo_career_historical_nanman_mangyachang_02	0	Peerless Commander	One does not achieve the title of second-in-command without proving martial prowess time and again.	UI/Campaign UI/traits/icon_cunning_good.png	3k_main_opinion_topic_set_diplomatic_populist
3k_dlc06_ceo_career_historical_nanman_mangyachang_03	3k_dlc06_ceo_career_historical_nanman_mangyachang_03	0	The Loyal Subordinate	Mangyachang executes his leader's will with a zealous, ruthless efficiency.	UI/Campaign UI/traits/icon_cunning_good.png	3k_main_opinion_topic_set_diplomatic_populist
3k_dlc06_ceo_career_historical_nanman_meng_jie_01	3k_dlc06_ceo_career_historical_nanman_meng_jie_01	0	Believer in Peace	Although we all tread the path of war, we must too believe in the paths of peace.	UI/Campaign UI/traits/icon_cunning_good.png	3k_main_opinion_topic_set_diplomatic_pacifist
3k_dlc06_ceo_career_historical_nanman_meng_jie_02	3k_dlc06_ceo_career_historical_nanman_meng_jie_02	0	The Sophisticated Tribesmen	Does sacrificing one's ideals and ones ancestry make one learned? Perhaps!	UI/Campaign UI/traits/icon_cunning_good.png	3k_main_opinion_topic_set_diplomatic_pacifist
3k_dlc06_ceo_career_historical_nanman_meng_jie_03	3k_dlc06_ceo_career_historical_nanman_meng_jie_03	0	The Learned One	Knowledge is not wisdom, and true intelligence is finding the points where they intersect…	UI/Campaign UI/traits/icon_cunning_good.png	3k_main_opinion_topic_set_diplomatic_pacifist
3k_dlc06_ceo_career_historical_nanman_meng_you_01	3k_dlc06_ceo_career_historical_nanman_meng_you_01	0	Bull-headed Fighter	Meng You, once set upon a path, will invariably see it through to whatever conclusion.	UI/Campaign UI/traits/icon_cunning_good.png	3k_main_opinion_topic_set_intimidation_intimidating
3k_dlc06_ceo_career_historical_nanman_meng_you_02	3k_dlc06_ceo_career_historical_nanman_meng_you_02	0	The Little Warmaker	War comes as naturally as drawing breath to some.	UI/Campaign UI/traits/icon_cunning_good.png	3k_main_opinion_topic_set_intimidation_intimidating
3k_dlc06_ceo_career_historical_nanman_meng_you_03	3k_dlc06_ceo_career_historical_nanman_meng_you_03	0	The Dependable Sibling	For his tribe and his kin, Meng You will throw himself into the very jaws of death.	UI/Campaign UI/traits/icon_cunning_good.png	3k_main_opinion_topic_set_intimidation_intimidating
3k_dlc06_ceo_career_historical_nanman_tu_an_01	3k_dlc06_ceo_career_historical_nanman_tu_an_01	0	The Vicious Victor	Tu An will pursue his victory up to, and even past, the point of reason.	UI/Campaign UI/traits/icon_cunning_good.png	3k_main_opinion_topic_set_intelligence_cunning
3k_dlc06_ceo_career_historical_nanman_tu_an_02	3k_dlc06_ceo_career_historical_nanman_tu_an_02	0	Eager Tactician	What victories Tu An earns, he will persist with and build upon.	UI/Campaign UI/traits/icon_cunning_good.png	3k_main_opinion_topic_set_intelligence_cunning
3k_dlc06_ceo_career_historical_nanman_tu_an_03	3k_dlc06_ceo_career_historical_nanman_tu_an_03	0	War-Waiting General	Tu An is poised to fight, and eagerly awaits any and all opportunity.	UI/Campaign UI/traits/icon_cunning_good.png	3k_main_opinion_topic_set_intelligence_cunning
3k_dlc06_ceo_career_historical_nanman_xi_ni_01	3k_dlc06_ceo_career_historical_nanman_xi_ni_01	0	The Relentless	You can be assured that Xi Ni will never give up, even if his pursuit leads to destruction.	UI/Campaign UI/traits/icon_cunning_good.png	3k_main_opinion_topic_set_determination_relentless
3k_dlc06_ceo_career_historical_nanman_xi_ni_02	3k_dlc06_ceo_career_historical_nanman_xi_ni_02	0	The Waiting Warrior	Xi Ni is poised for war, and has been all his life.	UI/Campaign UI/traits/icon_cunning_good.png	3k_main_opinion_topic_set_determination_relentless
3k_dlc06_ceo_career_historical_nanman_xi_ni_03	3k_dlc06_ceo_career_historical_nanman_xi_ni_03	0	The Stalwart	Some men are bred for war; Xi Ni is such a man.	UI/Campaign UI/traits/icon_cunning_good.png	3k_main_opinion_topic_set_determination_relentless
3k_dlc06_ceo_career_historical_nanman_yang_feng_01	3k_dlc06_ceo_career_historical_nanman_yang_feng_01	0	Master of the Twenty-one Ravines	Yang Feng masters all he sees - and his sight is voracious indeed.	UI/Campaign UI/traits/icon_cunning_good.png	3k_main_opinion_topic_set_caution_cowardly
3k_dlc06_ceo_career_historical_nanman_yang_feng_02	3k_dlc06_ceo_career_historical_nanman_yang_feng_02	0	The Indulgent	Yang Feng is loyal to his tribe and his leader… until his own safety is jeopardised.	UI/Campaign UI/traits/icon_cunning_good.png	3k_main_opinion_topic_set_caution_cowardly
3k_dlc06_ceo_career_historical_nanman_yang_feng_03	3k_dlc06_ceo_career_historical_nanman_yang_feng_03	0	The Ever-reaching	Yang Feng has ambitions; desires he will see realised, one way or another.	UI/Campaign UI/traits/icon_cunning_good.png	3k_main_opinion_topic_set_caution_cowardly
3k_dlc06_ceo_character_nanman_skills_butcher_0	empty_effects	0	Butcher	{{tr:dlc06_nanman_skills_butcher_flavour}}	UI/Campaign UI/Skills/3k_dlc06_skill_fire_butcher.png	
3k_dlc06_ceo_character_nanman_skills_butcher_1	3k_dlc06_ceo_character_nanman_skills_butcher_1	0	Butcher	{{tr:dlc06_nanman_skills_upgrade_condition}} {{tr:dlc06_nanman_skills_butcher_objective}}\n\n{{tr:dlc06_nanman_skills_butcher_flavour}}	UI/Campaign UI/Skills/3k_dlc06_skill_fire_butcher.png	
3k_dlc06_ceo_character_nanman_skills_butcher_2	3k_dlc06_ceo_character_nanman_skills_butcher_2	0	Butcher	{{tr:dlc06_nanman_skills_upgrade_condition}} {{tr:dlc06_nanman_skills_butcher_objective}}\n\n{{tr:dlc06_nanman_skills_butcher_flavour}}	UI/Campaign UI/Skills/3k_dlc06_skill_fire_butcher.png	
3k_dlc06_ceo_character_nanman_skills_butcher_3	3k_dlc06_ceo_character_nanman_skills_butcher_3	0	Butcher	{{tr:dlc06_nanman_skills_max_level_reached}}\n\n{{tr:dlc06_nanman_skills_butcher_flavour}}	UI/Campaign UI/Skills/3k_dlc06_skill_fire_butcher.png	
3k_dlc06_ceo_character_nanman_skills_cavalry_chief_0	empty_effects	0	Beast Tamer	{{tr:dlc06_nanman_skills_cavalry_chief_flavour}}	UI/Campaign UI/Skills/3k_dlc06_skill_earth_cavalry_chief.png	
3k_dlc06_ceo_character_nanman_skills_cavalry_chief_1	3k_dlc06_ceo_character_nanman_skills_cavalry_chief_1	0	Beast Tamer	{{tr:dlc06_nanman_skills_max_level_reached}}\n\n{{tr:dlc06_nanman_skills_cavalry_chief_flavour}}	UI/Campaign UI/Skills/3k_dlc06_skill_earth_cavalry_chief.png	
3k_dlc06_ceo_character_nanman_skills_cave_defender_0	empty_effects	0	Cave Defender	{{tr:dlc06_nanman_skills_cave_defender_flavour}}	UI/Campaign UI/Skills/3k_dlc06_skill_metal_cave_defender.png	
3k_dlc06_ceo_character_nanman_skills_cave_defender_1	3k_dlc06_ceo_character_nanman_skills_cave_defender_1	0	Cave Defender	{{tr:dlc06_nanman_skills_max_level_reached}}\n\n{{tr:dlc06_nanman_skills_cave_defender_flavour}}	UI/Campaign UI/Skills/3k_dlc06_skill_metal_cave_defender.png	
3k_dlc06_ceo_character_nanman_skills_flurry_0	empty_effects	0	Flurry	{{tr:dlc06_nanman_skills_flurry_flavour}}	UI/Campaign UI/Skills/3k_dlc06_skill_metal_flurry.png	
3k_dlc06_ceo_character_nanman_skills_flurry_1	3k_dlc06_ceo_character_nanman_skills_flurry_1	0	Flurry	{{tr:dlc06_nanman_skills_max_level_reached}}\n\n{{tr:dlc06_nanman_skills_flurry_flavour}}	UI/Campaign UI/Skills/3k_dlc06_skill_metal_flurry.png	
3k_dlc06_ceo_character_nanman_skills_hit_and_run_0	empty_effects	0	Diligence	{{tr:dlc06_nanman_skills_hit_and_run_flavour}}	UI/Campaign UI/Skills/3k_dlc06_skill_earth_hit_and_run.png	
3k_dlc06_ceo_character_nanman_skills_hit_and_run_1	3k_dlc06_ceo_character_nanman_skills_hit_and_run_1	0	Diligence	{{tr:dlc06_nanman_skills_upgrade_condition}} {{tr:dlc06_nanman_skills_hit_and_run_objective}}\n\n{{tr:dlc06_nanman_skills_hit_and_run_flavour}}	UI/Campaign UI/Skills/3k_dlc06_skill_earth_hit_and_run.png	
3k_dlc06_ceo_character_nanman_skills_hit_and_run_2	3k_dlc06_ceo_character_nanman_skills_hit_and_run_2	0	Diligence	{{tr:dlc06_nanman_skills_upgrade_condition}} {{tr:dlc06_nanman_skills_hit_and_run_objective}}\n\n{{tr:dlc06_nanman_skills_hit_and_run_flavour}}	UI/Campaign UI/Skills/3k_dlc06_skill_earth_hit_and_run.png	
3k_dlc06_ceo_character_nanman_skills_hit_and_run_3	3k_dlc06_ceo_character_nanman_skills_hit_and_run_3	0	Diligence	{{tr:dlc06_nanman_skills_max_level_reached}}\n\n{{tr:dlc06_nanman_skills_hit_and_run_flavour}}	UI/Campaign UI/Skills/3k_dlc06_skill_earth_hit_and_run.png	
3k_dlc06_ceo_character_nanman_skills_infantry_chief_0	empty_effects	0	Infantry Chief	{{tr:dlc06_nanman_skills_infantry_chief_flavour}}	UI/Campaign UI/Skills/3k_dlc06_skill_wood_infantry_chief.png	
3k_dlc06_ceo_character_nanman_skills_infantry_chief_1	3k_dlc06_ceo_character_nanman_skills_infantry_chief_1	0	Infantry Chief	{{tr:dlc06_nanman_skills_max_level_reached}}\n\n{{tr:dlc06_nanman_skills_infantry_chief_flavour}}	UI/Campaign UI/Skills/3k_dlc06_skill_wood_infantry_chief.png	
3k_dlc06_ceo_character_nanman_skills_marshal_0	empty_effects	0	Marshal	{{tr:dlc06_nanman_skills_marshal_flavour}}	UI/Campaign UI/Skills/3k_dlc06_skill_wood_marshal.png	
3k_dlc06_ceo_character_nanman_skills_marshal_1	3k_dlc06_ceo_character_nanman_skills_marshal_1	0	Marshal	{{tr:dlc06_nanman_skills_upgrade_condition}} {{tr:dlc06_nanman_skills_marshal_objective}}\n\n{{tr:dlc06_nanman_skills_marshal_flavour}}	UI/Campaign UI/Skills/3k_dlc06_skill_wood_marshal.png	
3k_dlc06_ceo_character_nanman_skills_marshal_2	3k_dlc06_ceo_character_nanman_skills_marshal_2	0	Marshal	{{tr:dlc06_nanman_skills_upgrade_condition}} {{tr:dlc06_nanman_skills_marshal_objective}}\n\n{{tr:dlc06_nanman_skills_marshal_flavour}}	UI/Campaign UI/Skills/3k_dlc06_skill_wood_marshal.png	
3k_dlc06_ceo_character_nanman_skills_marshal_3	3k_dlc06_ceo_character_nanman_skills_marshal_3	0	Marshal	{{tr:dlc06_nanman_skills_max_level_reached}}\n\n{{tr:dlc06_nanman_skills_marshal_flavour}}	UI/Campaign UI/Skills/3k_dlc06_skill_wood_marshal.png	
3k_dlc06_ceo_character_nanman_skills_missile_chief_0	empty_effects	0	Missile Chief	{{tr:dlc06_nanman_skills_missile_chief_flavour}}	UI/Campaign UI/Skills/3k_dlc06_skill_water_missile_chief.png	
3k_dlc06_ceo_character_nanman_skills_missile_chief_1	3k_dlc06_ceo_character_nanman_skills_missile_chief_1	0	Missile Chief	{{tr:dlc06_nanman_skills_max_level_reached}}\n\n{{tr:dlc06_nanman_skills_missile_chief_flavour}}	UI/Campaign UI/Skills/3k_dlc06_skill_water_missile_chief.png	
3k_dlc06_ceo_character_nanman_skills_prudence_0	empty_effects	0	Prudence	{{tr:dlc06_nanman_skills_prudence_flavour}}	UI/Campaign UI/Skills/3k_dlc06_skill_fire_prudence.png	
3k_dlc06_ceo_character_nanman_skills_prudence_1	3k_dlc06_ceo_character_nanman_skills_prudence_1	0	Prudence	{{tr:dlc06_nanman_skills_max_level_reached}}\n\n{{tr:dlc06_nanman_skills_prudence_flavour}}	UI/Campaign UI/Skills/3k_dlc06_skill_fire_prudence.png	
3k_dlc06_ceo_character_nanman_skills_role_model_0	empty_effects	0	Role Model	{{tr:dlc06_nanman_skills_role_model_flavour}}	UI/Campaign UI/Skills/3k_dlc06_skill_wood_role_model.png	
3k_dlc06_ceo_character_nanman_skills_role_model_1	3k_dlc06_ceo_character_nanman_skills_role_model_1	0	Role Model	{{tr:dlc06_nanman_skills_max_level_reached}}\n\n{{tr:dlc06_nanman_skills_role_model_flavour}}	UI/Campaign UI/Skills/3k_dlc06_skill_wood_role_model.png	
3k_dlc06_ceo_character_nanman_skills_shaman_rites_0	empty_effects	0	Shaman Rites	{{tr:dlc06_nanman_skills_shaman_rites_flavour}}	UI/Campaign UI/Skills/3k_dlc06_skill_water_shaman_rites.png	
3k_dlc06_ceo_character_nanman_skills_shaman_rites_1	3k_dlc06_ceo_character_nanman_skills_shaman_rites_1	0	Shaman Rites	{{tr:dlc06_nanman_skills_upgrade_condition}} {{tr:dlc06_nanman_skills_shaman_rites_objective}}\n\n{{tr:dlc06_nanman_skills_shaman_rites_flavour}}	UI/Campaign UI/Skills/3k_dlc06_skill_water_shaman_rites.png	
3k_dlc06_ceo_character_nanman_skills_shaman_rites_2	3k_dlc06_ceo_character_nanman_skills_shaman_rites_2	0	Shaman Rites	{{tr:dlc06_nanman_skills_upgrade_condition}} {{tr:dlc06_nanman_skills_shaman_rites_objective}}\n\n{{tr:dlc06_nanman_skills_shaman_rites_flavour}}	UI/Campaign UI/Skills/3k_dlc06_skill_water_shaman_rites.png	
3k_dlc06_ceo_character_nanman_skills_shaman_rites_3	3k_dlc06_ceo_character_nanman_skills_shaman_rites_3	0	Shaman Rites	{{tr:dlc06_nanman_skills_max_level_reached}}\n\n{{tr:dlc06_nanman_skills_shaman_rites_flavour}}	UI/Campaign UI/Skills/3k_dlc06_skill_water_shaman_rites.png	
3k_dlc06_ceo_character_nanman_skills_stalker_0	empty_effects	0	Stalker	{{tr:dlc06_nanman_skills_stalker_flavour}}	UI/Campaign UI/Skills/3k_dlc06_skill_water_stalker.png	
3k_dlc06_ceo_character_nanman_skills_stalker_1	3k_dlc06_ceo_character_nanman_skills_stalker_1	0	Stalker	{{tr:dlc06_nanman_skills_max_level_reached}}\n\n{{tr:dlc06_nanman_skills_stalker_flavour}}	UI/Campaign UI/Skills/3k_dlc06_skill_water_stalker.png	
3k_dlc06_ceo_character_nanman_skills_tireless_soul_0	empty_effects	0	Tireless Soul	{{tr:dlc06_nanman_skills_tireless_soul_flavour}}	UI/Campaign UI/Skills/3k_dlc06_skill_earth_tireless_soul.png	
3k_dlc06_ceo_character_nanman_skills_tireless_soul_1	3k_dlc06_ceo_character_nanman_skills_tireless_soul_1	0	Tireless Soul	{{tr:dlc06_nanman_skills_max_level_reached}}\n\n{{tr:dlc06_nanman_skills_tireless_soul_flavour}}	UI/Campaign UI/Skills/3k_dlc06_skill_earth_tireless_soul.png	
3k_dlc06_ceo_character_nanman_skills_tribal_hero_0	empty_effects	0	Tribal Hero	{{tr:dlc06_nanman_skills_tribal_hero_flavour}}	UI/Campaign UI/Skills/3k_dlc06_skill_metal_tribal_hero.png	
3k_dlc06_ceo_character_nanman_skills_tribal_hero_1	3k_dlc06_ceo_character_nanman_skills_tribal_hero_1	0	Tribal Hero	{{tr:dlc06_nanman_skills_upgrade_condition}} {{tr:dlc06_nanman_skills_tribal_hero_objective}}\n\n{{tr:dlc06_nanman_skills_tribal_hero_flavour}}	UI/Campaign UI/Skills/3k_dlc06_skill_metal_tribal_hero.png	
3k_dlc06_ceo_character_nanman_skills_tribal_hero_2	3k_dlc06_ceo_character_nanman_skills_tribal_hero_2	0	Tribal Hero	{{tr:dlc06_nanman_skills_upgrade_condition}} {{tr:dlc06_nanman_skills_tribal_hero_objective}}\n\n{{tr:dlc06_nanman_skills_tribal_hero_flavour}}	UI/Campaign UI/Skills/3k_dlc06_skill_metal_tribal_hero.png	
3k_dlc06_ceo_character_nanman_skills_tribal_hero_3	3k_dlc06_ceo_character_nanman_skills_tribal_hero_3	0	Tribal Hero	{{tr:dlc06_nanman_skills_max_level_reached}}\n\n{{tr:dlc06_nanman_skills_tribal_hero_flavour}}	UI/Campaign UI/Skills/3k_dlc06_skill_metal_tribal_hero.png	
3k_dlc06_ceo_character_nanman_skills_warmonger_0	empty_effects	0	Warmonger	{{tr:dlc06_nanman_skills_warmonger_flavour}}	UI/Campaign UI/Skills/3k_dlc06_skill_fire_warmonger.png	
3k_dlc06_ceo_character_nanman_skills_warmonger_1	3k_dlc06_ceo_character_nanman_skills_warmonger_1	0	Warmonger	{{tr:dlc06_nanman_skills_max_level_reached}}\n\n{{tr:dlc06_nanman_skills_warmonger_flavour}}	UI/Campaign UI/Skills/3k_dlc06_skill_fire_warmonger.png	
3k_dlc06_ceo_class_nanman	3k_dlc06_ceo_class_nanman	0	Southern Bulwark	Proud warriors of the south, natives and determined people, resisting encroaching invaders.	$ui_treatment$	
3k_dlc06_ceo_equipment_permissions_armour_nanman	3k_dlc06_ceo_equipment_permissions_armour_nanman	0	HIDDEN	HIDDEN		
3k_dlc06_ceo_factional_nanman_fealty_major_king_duosi_01	3k_dlc06_ceo_factional_nanman_fealty_major_king_duosi_01	0	The Sage's Fealty	If one does not know the way through these passes they will surely suffer misfortune.	UI/skins/default/fealty_faction_icons/3k_dlc06_faction_nanman_king_duosi_faction_icon_gold.png	
3k_dlc06_ceo_factional_nanman_fealty_major_king_meng_huo_01	3k_dlc06_ceo_factional_nanman_fealty_major_king_meng_huo_01	0	Fealty of the Man	The tribes of the Man were always upfront and loyal to a fault.	UI/skins/default/fealty_faction_icons/3k_dlc06_faction_nanman_king_meng_huo_faction_icon_gold.png	
3k_dlc06_ceo_factional_nanman_fealty_major_king_mulu_01	3k_dlc06_ceo_factional_nanman_fealty_major_king_mulu_01	0	Loyalty of the Beasts	Once one understands beasts, they can control them.	UI/skins/default/fealty_faction_icons/3k_dlc06_faction_nanman_king_mulu_faction_icon_gold.png	
3k_dlc06_ceo_factional_nanman_fealty_major_king_shamoke_01	3k_dlc06_ceo_factional_nanman_fealty_major_king_shamoke_01	0	Lord of the Five Valleys	All that you see before you... this is the land of the five valleys.	UI/skins/default/fealty_faction_icons/3k_dlc06_faction_nanman_king_shamoke_faction_icon_gold.png	
3k_dlc06_ceo_factional_nanman_fealty_major_king_wutugu_01	3k_dlc06_ceo_factional_nanman_fealty_major_king_wutugu_01	0	The Rattan Army	Never having been pierced, the rattan's armour can weather even the harshest of blows.	UI/skins/default/fealty_faction_icons/3k_dlc06_faction_nanman_king_wutugu_faction_icon_gold.png	
3k_dlc06_ceo_factional_nanman_fealty_major_lady_zhurong_01	3k_dlc06_ceo_factional_nanman_fealty_major_lady_zhurong_01	0	Fealty of the Fire People	These are the flames not so easily doused.	UI/skins/default/fealty_faction_icons/3k_dlc06_faction_nanman_lady_zhurong_faction_icon_gold.png	
3k_dlc06_ceo_factional_nanman_fealty_major_yang_feng_01	3k_dlc06_ceo_factional_nanman_fealty_major_yang_feng_01	0	Fealty of Yang Feng	A keen mind is more deadly than any blade.	UI/skins/default/fealty_faction_icons/3k_dlc06_faction_nanman_yang_feng_faction_icon_gold.png	
3k_dlc06_ceo_factional_nanman_fealty_minor_ahuinan_01	3k_dlc06_ceo_factional_nanman_fealty_minor_ahuinan_01	0	Fealty of Ahuinan	Skill at arms is a valuable trait for any tribal chief.	UI/skins/default/fealty_faction_icons/3k_dlc06_faction_nanman_ahuinan_faction_icon_gold.png	
3k_dlc06_ceo_factional_nanman_fealty_minor_dongtuna_01	3k_dlc06_ceo_factional_nanman_fealty_minor_dongtuna_01	0	Fealty of Dongtuna	A generous nature and a fierce martial prowess make for an excellent warrior.	UI/skins/default/fealty_faction_icons/3k_dlc06_faction_nanman_dongtuna_faction_icon_gold.png	
3k_dlc06_ceo_factional_nanman_fealty_minor_jiangyang_01	3k_dlc06_ceo_factional_nanman_fealty_minor_jiangyang_01	0	Fealty of Jiangyang	The land provides, maybe here more than anywhere else.	UI/skins/default/fealty_faction_icons/3k_dlc06_faction_nanman_jiangyang_faction_icon_gold.png	
3k_dlc06_ceo_factional_nanman_fealty_minor_jianning_01	3k_dlc06_ceo_factional_nanman_fealty_minor_jianning_01	0	Fealty of Jianning	A stunning site to behold; proud and resplendent.	UI/skins/default/fealty_faction_icons/3k_dlc06_faction_nanman_jianning_faction_icon_gold.png	
3k_dlc06_ceo_factional_nanman_fealty_minor_jiaozhi_01	3k_dlc06_ceo_factional_nanman_fealty_minor_jiaozhi_01	0	Fealty of Jiaozhi	To stack a stone, no matter how small, is its own defiant act of might.	UI/skins/default/fealty_faction_icons/3k_dlc06_faction_nanman_jiaozhi_faction_icon_gold.png	
3k_dlc06_ceo_factional_nanman_fealty_minor_jinhuansanjie_01	3k_dlc06_ceo_factional_nanman_fealty_minor_jinhuansanjie_01	0	Fealty of Jinhuansanjie	To fight despite hardship, and maintain a benevolent soul – this is true strength.	UI/skins/default/fealty_faction_icons/3k_dlc06_faction_nanman_jinhuansanjie_faction_icon_gold.png	
3k_dlc06_ceo_factional_nanman_fealty_minor_mangyachang_01	3k_dlc06_ceo_factional_nanman_fealty_minor_mangyachang_01	0	Fealty of Mangyachang	The charge of the Ox is beyond the power of any warrior.	UI/skins/default/fealty_faction_icons/3k_dlc06_faction_nanman_mangyachang_faction_icon_gold.png	
3k_dlc06_ceo_factional_nanman_fealty_minor_tu_an_01	3k_dlc06_ceo_factional_nanman_fealty_minor_tu_an_01	0	Fealty of Tu An	A disordered mind is a ruinous thing; martial order is essential.	UI/skins/default/fealty_faction_icons/3k_dlc06_faction_nanman_tu_an_faction_icon_gold.png	
3k_dlc06_ceo_factional_nanman_fealty_minor_xi_ni_01	3k_dlc06_ceo_factional_nanman_fealty_minor_xi_ni_01	0	Fealty of Xi Ni	When every path and bush are known to you, the land itself becomes your spear and shield.	UI/skins/default/fealty_faction_icons/3k_dlc06_faction_nanman_xi_ni_faction_icon_gold.png	
3k_dlc06_ceo_factional_nanman_fealty_minor_yongchang_01	3k_dlc06_ceo_factional_nanman_fealty_minor_yongchang_01	0	Fealty of Yongchang	Let they who find their footing on this violent earth inherit it.	UI/skins/default/fealty_faction_icons/3k_dlc06_faction_nanman_yongchang_faction_icon_gold.png	
3k_dlc06_ceo_factional_nanman_fealty_minor_yunnan_01	3k_dlc06_ceo_factional_nanman_fealty_minor_yunnan_01	0	Fealty of Yunnan	May true leadership still the once-placid lakes of this patient land.	UI/skins/default/fealty_faction_icons/3k_dlc06_faction_nanman_yunnan_faction_icon_gold.png	
3k_dlc06_ceo_factional_nanman_fealty_minor_zangke_01	3k_dlc06_ceo_factional_nanman_fealty_minor_zangke_01	0	Fealty of Zangke	Treat the land with love and respect and it will return such kindnesses to you tenfold.	UI/skins/default/fealty_faction_icons/3k_dlc06_faction_nanman_zangke_faction_icon_gold.png	
3k_dlc06_ceo_factional_nanman_king_mulu_rituals_dragon_01	3k_dlc06_ceo_factional_nanman_king_mulu_rituals_dragon_01	0	Ritual of the Dragon	The dragon brings wealth, success and prosperity.	UI/skins/default/3k_dlc06_rituals_ritual_of_the_dragon.png	
3k_dlc06_ceo_factional_nanman_king_mulu_rituals_eagle_01	3k_dlc06_ceo_factional_nanman_king_mulu_rituals_eagle_01	0	Ritual of the Eagle	From the glint of an eagle's eye it sees all the lands arrayed below it.	UI/skins/default/3k_dlc06_rituals_ritual_of_the_eagle.png	
3k_dlc06_ceo_factional_nanman_king_mulu_rituals_elephant_01	3k_dlc06_ceo_factional_nanman_king_mulu_rituals_elephant_01	0	Ritual of the Elephant	Be like the elephant, who remembers all and learns from their past.	UI/skins/default/3k_dlc06_rituals_ritual_of_the_elephant.png	
3k_dlc06_ceo_factional_nanman_king_mulu_rituals_fish_01	3k_dlc06_ceo_factional_nanman_king_mulu_rituals_fish_01	0	Ritual of the Fish	The water flows, and the fish flows with it, its destination never in doubt.	UI/skins/default/3k_dlc06_rituals_ritual_of_the_fish.png	
3k_dlc06_ceo_factional_nanman_king_mulu_rituals_goat_01	3k_dlc06_ceo_factional_nanman_king_mulu_rituals_goat_01	0	Ritual of the Goat	The goat never loses balance, and is sure-footed on even the greatest precipice.	UI/skins/default/3k_dlc06_rituals_ritual_of_the_goat.png	
3k_dlc06_ceo_factional_nanman_king_mulu_rituals_monkey_01	3k_dlc06_ceo_factional_nanman_king_mulu_rituals_monkey_01	0	Ritual of the Monkey	If it is intelligence you seek, you should observe the monkey, the most cunning of all creatures.	UI/skins/default/3k_dlc06_rituals_ritual_of_the_monkey.png	
3k_dlc06_ceo_factional_nanman_king_mulu_rituals_ox_01	3k_dlc06_ceo_factional_nanman_king_mulu_rituals_ox_01	0	Ritual of the Ox	The ox toils hard in the field, and shows the value of dedication.	UI/skins/default/3k_dlc06_rituals_ritual_of_the_ox.png	
3k_dlc06_ceo_factional_nanman_king_mulu_rituals_tiger_01	3k_dlc06_ceo_factional_nanman_king_mulu_rituals_tiger_01	0	Ritual of the Tiger	Be invisible, like the tiger, who stalks its prey with practiced ease.	UI/skins/default/3k_dlc06_rituals_ritual_of_the_tiger.png	
3k_dlc06_ceo_family_member_tag_01	3k_dlc06_effect_shi_xie_family_satisfaction	0	HIDDEN	HIDDEN	$hidden$	
3k_dlc06_ceo_node_career_generated_common_earth_01_01	3k_dlc06_ceo_node_career_generated_common_earth_01_01	0	Novice Commander	Although eager to show their prowess, this general is nevertheless relatively new to war.	UI/Campaign UI/traits/icon_cunning_good.png	3k_main_opinion_topic_set_charisma_creative
3k_dlc06_ceo_node_career_generated_common_earth_01_02	3k_dlc06_ceo_node_career_generated_common_earth_01_02	0	Capable Commander	Although they have much yet to learn, this commander has begun to earn their scars in battle.	UI/Campaign UI/traits/icon_cunning_good.png	3k_main_opinion_topic_set_charisma_creative
3k_dlc06_ceo_node_career_generated_common_earth_01_03	3k_dlc06_ceo_node_career_generated_common_earth_01_03	0	Adept Commander	What is there to know of war that this one does not already know? Very little, it seems!	UI/Campaign UI/traits/icon_cunning_good.png	3k_main_opinion_topic_set_charisma_creative
3k_dlc06_ceo_node_career_generated_common_earth_02_01	3k_dlc06_ceo_node_career_generated_common_earth_02_01	0	Fledgling Administrator	To govern is to know many things, and this one knows only the basics, so far.	UI/Campaign UI/traits/icon_cunning_good.png	3k_main_opinion_topic_set_perception_vigilant
3k_dlc06_ceo_node_career_generated_common_earth_02_02	3k_dlc06_ceo_node_career_generated_common_earth_02_02	0	Competent Administrator	Given time and investment, they will become a most capable leader. They are already on their way.	UI/Campaign UI/traits/icon_cunning_good.png	3k_main_opinion_topic_set_perception_vigilant
3k_dlc06_ceo_node_career_generated_common_earth_02_03	3k_dlc06_ceo_node_career_generated_common_earth_02_03	0	Seasoned Administrator	If governance is an art, then the city is a canvas, and this one a true painter.	UI/Campaign UI/traits/icon_cunning_good.png	3k_main_opinion_topic_set_perception_vigilant
3k_dlc06_ceo_node_career_generated_common_fire_01_01	3k_dlc06_ceo_node_career_generated_common_fire_01_01	0	Beginner Coinmaster	They may fumble their coin more often than not, but they have a budding eye for value and prudence.	UI/Campaign UI/traits/icon_cunning_good.png	3k_main_opinion_topic_set_intelligence_bright
3k_dlc06_ceo_node_career_generated_common_fire_01_02	3k_dlc06_ceo_node_career_generated_common_fire_01_02	0	Versed Coinmaster	The counting of coin is no fool's errand, and it is certain that this one is no fool.	UI/Campaign UI/traits/icon_cunning_good.png	3k_main_opinion_topic_set_intelligence_bright
3k_dlc06_ceo_node_career_generated_common_fire_01_03	3k_dlc06_ceo_node_career_generated_common_fire_01_03	0	Scrupulous Coinmaster	The master of all they survey, and they mostly survey money.	UI/Campaign UI/traits/icon_cunning_good.png	3k_main_opinion_topic_set_intelligence_bright
3k_dlc06_ceo_node_career_generated_common_fire_02_01	3k_dlc06_ceo_node_career_generated_common_fire_02_01	0	Fresh Tamer	Whilst this one has a love for animals, they are thoroughly unversed in their ways.	UI/Campaign UI/traits/icon_cunning_good.png	3k_main_opinion_topic_set_intimidation_vengeful
3k_dlc06_ceo_node_career_generated_common_fire_02_02	3k_dlc06_ceo_node_career_generated_common_fire_02_02	0	Professional Tamer	A whipcrack is no longer required to bring these beasts to heel.	UI/Campaign UI/traits/icon_cunning_good.png	3k_main_opinion_topic_set_intimidation_vengeful
3k_dlc06_ceo_node_career_generated_common_fire_02_03	3k_dlc06_ceo_node_career_generated_common_fire_02_03	0	Fearsome Tamer	The crack of the whip and the cry of battle sends beasts to war at their master's command.	UI/Campaign UI/traits/icon_cunning_good.png	3k_main_opinion_topic_set_intimidation_vengeful
3k_dlc06_ceo_node_career_generated_common_metal_01_01	3k_dlc06_ceo_node_career_generated_common_metal_01_01	0	Amateur General	This one tries at war, but has yet to find much success. Give it time, however…	UI/Campaign UI/traits/icon_cunning_good.png	3k_main_opinion_topic_set_discipline_stern
3k_dlc06_ceo_node_career_generated_common_metal_01_02	3k_dlc06_ceo_node_career_generated_common_metal_01_02	0	Professional General	War is to them as breathing is to others; natural and necessary.	UI/Campaign UI/traits/icon_cunning_good.png	3k_main_opinion_topic_set_discipline_stern
3k_dlc06_ceo_node_career_generated_common_metal_01_03	3k_dlc06_ceo_node_career_generated_common_metal_01_03	0	Brutal General	That which others would call horrendous, is but a day's work to this general.	UI/Campaign UI/traits/icon_cunning_good.png	3k_main_opinion_topic_set_discipline_stern
3k_dlc06_ceo_node_career_generated_common_metal_02_01	3k_dlc06_ceo_node_career_generated_common_metal_02_01	0	Newcomer Warrior	Eager and skilled are not common aquaintances. Yet in time, the two can become the same.	UI/Campaign UI/traits/icon_cunning_good.png	3k_main_opinion_topic_set_intensity_reckless
3k_dlc06_ceo_node_career_generated_common_metal_02_02	3k_dlc06_ceo_node_career_generated_common_metal_02_02	0	Skilled Warrior	You put a weapon in their hand, they will use it, and use it well.	UI/Campaign UI/traits/icon_cunning_good.png	3k_main_opinion_topic_set_intensity_temperamental
3k_dlc06_ceo_node_career_generated_common_metal_02_03	3k_dlc06_ceo_node_career_generated_common_metal_02_03	0	Extraordinary Warrior	One fighter after another lines up to be felled by their superior, transcendental skill.	UI/Campaign UI/traits/icon_cunning_good.png	3k_main_opinion_topic_set_intensity_fiery
3k_dlc06_ceo_node_career_generated_common_water_01_01	3k_dlc06_ceo_node_career_generated_common_water_01_01	0	Sneaky Chief	Subterfuge and deception begin in the most basic of acts, then rage like fire…	UI/Campaign UI/traits/icon_cunning_good.png	3k_main_opinion_topic_set_intelligence_cunning
3k_dlc06_ceo_node_career_generated_common_water_01_02	3k_dlc06_ceo_node_career_generated_common_water_01_02	0	Cunning Chief	Beware their words, for they do not always carry the meaning you would wish…	UI/Campaign UI/traits/icon_cunning_good.png	3k_main_opinion_topic_set_intelligence_cunning
3k_dlc06_ceo_node_career_generated_common_water_01_03	3k_dlc06_ceo_node_career_generated_common_water_01_03	0	Insidious Chief	Their ways drip sweet like honey, yet conceal the poison blade amongst the saccharine talk.	UI/Campaign UI/traits/icon_cunning_good.png	3k_main_opinion_topic_set_intelligence_cunning
3k_dlc06_ceo_node_career_generated_common_water_02_01	3k_dlc06_ceo_node_career_generated_common_water_02_01	0	Untested Official	Although ready to govern, there is a world of knowledge they yet need to know.	UI/Campaign UI/traits/icon_cunning_good.png	3k_main_opinion_topic_set_intelligence_bright
3k_dlc06_ceo_node_career_generated_common_water_02_02	3k_dlc06_ceo_node_career_generated_common_water_02_02	0	Accommodating Official	If it is within their power, they will do it, for the benefit of the people.	UI/Campaign UI/traits/icon_cunning_good.png	3k_main_opinion_topic_set_intelligence_bright
3k_dlc06_ceo_node_career_generated_common_water_02_03	3k_dlc06_ceo_node_career_generated_common_water_02_03	0	Magnanimous Official	Those with both power and good intent can do wonderful things should they succeed in keeping evil thoughts at bay...	UI/Campaign UI/traits/icon_cunning_good.png	3k_main_opinion_topic_set_intelligence_bright
3k_dlc06_ceo_node_career_generated_common_wood_01_01	3k_dlc06_ceo_node_career_generated_common_wood_01_01	0	Thrifty Leader	A coin not spent is a coin saved, they always say.	UI/Campaign UI/traits/icon_cunning_good.png	3k_main_opinion_topic_set_intelligence_clever
3k_dlc06_ceo_node_career_generated_common_wood_01_02	3k_dlc06_ceo_node_career_generated_common_wood_01_02	0	Resourceful Leader	It is known that as a leader, a valuable skill is conjuring something from nothing.	UI/Campaign UI/traits/icon_cunning_good.png	3k_main_opinion_topic_set_intelligence_clever
3k_dlc06_ceo_node_career_generated_common_wood_01_03	3k_dlc06_ceo_node_career_generated_common_wood_01_03	0	Providing Leader	What can be sourced by this leader is then shared with their people; that is true leadership.	UI/Campaign UI/traits/icon_cunning_good.png	3k_main_opinion_topic_set_intelligence_clever
3k_dlc06_ceo_node_career_generated_common_wood_02_01	3k_dlc06_ceo_node_career_generated_common_wood_02_01	0	Untried Bureaucrat	The ways of governance are known to them, in theory. In practice, however…	UI/Campaign UI/traits/icon_cunning_good.png	3k_main_opinion_topic_set_intensity_fiery
3k_dlc06_ceo_node_career_generated_common_wood_02_02	3k_dlc06_ceo_node_career_generated_common_wood_02_02	0	Practiced Bureaucrat	Time and experience have turned this once-green would-be into a skilled manager of affairs.	UI/Campaign UI/traits/icon_cunning_good.png	3k_main_opinion_topic_set_intensity_fiery
3k_dlc06_ceo_node_career_generated_common_wood_02_03	3k_dlc06_ceo_node_career_generated_common_wood_02_03	0	Economical Bureaucrat	A shrewd, keen eye lends itself well to the business of governing, and managing economic interests.	UI/Campaign UI/traits/icon_cunning_good.png	3k_main_opinion_topic_set_intensity_fiery
3k_dlc06_ceo_node_career_generated_exceptional_earth_01	3k_dlc06_ceo_node_career_generated_exceptional_earth_01	0	Basic Steward	To maintain the household. That is their job. Nothing more.	UI/Campaign UI/traits/icon_cunning_good.png	3k_main_opinion_topic_set_intelligence_cunning
3k_dlc06_ceo_node_career_generated_exceptional_earth_02	3k_dlc06_ceo_node_career_generated_exceptional_earth_02	0	Experienced Steward	As a steward gains in experience, so too do their responsibilities over the estate they manage.	UI/Campaign UI/traits/icon_cunning_good.png	3k_main_opinion_topic_set_intelligence_cunning
3k_dlc06_ceo_node_career_generated_exceptional_earth_03	3k_dlc06_ceo_node_career_generated_exceptional_earth_03	0	Veteran Steward	Such is the steward's skill, that they essentially own the estate in lieu of the true lord of the land.	UI/Campaign UI/traits/icon_cunning_good.png	3k_main_opinion_topic_set_intelligence_cunning
3k_dlc06_ceo_node_career_generated_exceptional_fire_01	3k_dlc06_ceo_node_career_generated_exceptional_fire_01	0	Novice Chieftain	To be chieftain is to command respect, and this chief... barely does.	UI/Campaign UI/traits/icon_cunning_good.png	3k_main_opinion_topic_set_intelligence_cunning
3k_dlc06_ceo_node_career_generated_exceptional_fire_02	3k_dlc06_ceo_node_career_generated_exceptional_fire_02	0	Skilled Chieftain	This chieftain has endured not through luck or favour, but a skill all their own.	UI/Campaign UI/traits/icon_cunning_good.png	3k_main_opinion_topic_set_intelligence_cunning
3k_dlc06_ceo_node_career_generated_exceptional_fire_03	3k_dlc06_ceo_node_career_generated_exceptional_fire_03	0	Powerful Chieftain	Strength defines a true chief, and strength also defines this one.	UI/Campaign UI/traits/icon_cunning_good.png	3k_main_opinion_topic_set_intelligence_cunning
3k_dlc06_ceo_node_career_generated_exceptional_metal_01	3k_dlc06_ceo_node_career_generated_exceptional_metal_01	0	Basic Bastion	The will to protect is often far stronger than the actual ability to do so.	UI/Campaign UI/traits/icon_cunning_good.png	3k_main_opinion_topic_set_intelligence_cunning
3k_dlc06_ceo_node_career_generated_exceptional_metal_02	3k_dlc06_ceo_node_career_generated_exceptional_metal_02	0	Resilient Bastion	Time, effort, and many battles, has made this one a resilient wall against foes.	UI/Campaign UI/traits/icon_cunning_good.png	3k_main_opinion_topic_set_intelligence_cunning
3k_dlc06_ceo_node_career_generated_exceptional_metal_03	3k_dlc06_ceo_node_career_generated_exceptional_metal_03	0	Expert Bastion	They move for no-one.	UI/Campaign UI/traits/icon_cunning_good.png	3k_main_opinion_topic_set_intelligence_cunning
3k_dlc06_ceo_node_career_generated_exceptional_water_01	3k_dlc06_ceo_node_career_generated_exceptional_water_01	0	Initiate Commander	They have a smattering of elemental strategy, but no more.	UI/Campaign UI/traits/icon_cunning_good.png	3k_main_opinion_topic_set_intelligence_cunning
3k_dlc06_ceo_node_career_generated_exceptional_water_02	3k_dlc06_ceo_node_career_generated_exceptional_water_02	0	Guileful Commander	Study and patience, and more than a few defeats, have given this commander a greater knowledge of war.	UI/Campaign UI/traits/icon_cunning_good.png	3k_main_opinion_topic_set_intelligence_cunning
3k_dlc06_ceo_node_career_generated_exceptional_water_03	3k_dlc06_ceo_node_career_generated_exceptional_water_03	0	Artful Commander	They are the very model of a modern major general.	UI/Campaign UI/traits/icon_cunning_good.png	3k_main_opinion_topic_set_intelligence_cunning
3k_dlc06_ceo_node_career_generated_exceptional_wood_01	3k_dlc06_ceo_node_career_generated_exceptional_wood_01	0	Eager Leader	What they lack in quantifiable experience they make up for with sheer enthusiasm.	UI/Campaign UI/traits/icon_cunning_good.png	3k_main_opinion_topic_set_intelligence_cunning
3k_dlc06_ceo_node_career_generated_exceptional_wood_02	3k_dlc06_ceo_node_career_generated_exceptional_wood_02	0	Resolute Leader	Once their mind is made up, it can be staggeringly difficult to alter their course.	UI/Campaign UI/traits/icon_cunning_good.png	3k_main_opinion_topic_set_intelligence_cunning
3k_dlc06_ceo_node_career_generated_exceptional_wood_03	3k_dlc06_ceo_node_career_generated_exceptional_wood_03	0	Masterful Leader	War is their business, and business – it seems – is good.	UI/Campaign UI/traits/icon_cunning_good.png	3k_main_opinion_topic_set_intelligence_cunning
3k_dlc06_ceo_node_career_generated_rare_earth_01	3k_dlc06_ceo_node_career_generated_rare_earth_01	0	Apprentice Executive	They have much to learn. But with an abundance of time – and the right tutelage – they could be a contender for greatness.	UI/Campaign UI/traits/icon_cunning_good.png	3k_main_opinion_topic_set_intelligence_scholarly
3k_dlc06_ceo_node_career_generated_rare_earth_02	3k_dlc06_ceo_node_career_generated_rare_earth_02	0	Tested Executive	To manage people is to know people. And to know people is the work of many hard years.	UI/Campaign UI/traits/icon_cunning_good.png	3k_main_opinion_topic_set_intelligence_scholarly
3k_dlc06_ceo_node_career_generated_rare_earth_03	3k_dlc06_ceo_node_career_generated_rare_earth_03	0	Superior Executive	They have come far because they worked at it, being generous where they could, and ruthless when they needed to be.	UI/Campaign UI/traits/icon_cunning_good.png	3k_main_opinion_topic_set_intelligence_scholarly
3k_dlc06_ceo_node_career_generated_rare_fire_01	3k_dlc06_ceo_node_career_generated_rare_fire_01	0	Reckless Vanguard	If they lack anything in skill – and it is not to say they do – then it is compensated greatly by pure verve.	UI/Campaign UI/traits/icon_cunning_good.png	3k_main_opinion_topic_set_intimidation_vengeful
3k_dlc06_ceo_node_career_generated_rare_fire_02	3k_dlc06_ceo_node_career_generated_rare_fire_02	0	Energetic Vanguard	Years of war have worn this one's mercy down to all but nothing – brutal, unrelenting fury follows their charge.	UI/Campaign UI/traits/icon_cunning_good.png	3k_main_opinion_topic_set_intimidation_vengeful
3k_dlc06_ceo_node_career_generated_rare_fire_03	3k_dlc06_ceo_node_career_generated_rare_fire_03	0	Ruthless Vanguard	The fight is all that matters – if their life is to be forfeit, so be it!	UI/Campaign UI/traits/icon_cunning_good.png	3k_main_opinion_topic_set_intimidation_vengeful
3k_dlc06_ceo_node_career_generated_rare_metal_01	3k_dlc06_ceo_node_career_generated_rare_metal_01	0	Untried Strategist	They understand what they can, but falter in situations beyond that which they have studied.	UI/Campaign UI/traits/icon_cunning_good.png	3k_main_opinion_topic_set_intelligence_cunning
3k_dlc06_ceo_node_career_generated_rare_metal_02	3k_dlc06_ceo_node_career_generated_rare_metal_02	0	Prepared Strategist	The reality of war has given them an edge that hitherto they were lacking.	UI/Campaign UI/traits/icon_cunning_good.png	3k_main_opinion_topic_set_intelligence_cunning
3k_dlc06_ceo_node_career_generated_rare_metal_03	3k_dlc06_ceo_node_career_generated_rare_metal_03	0	Merciless Strategist	The framework of war is theirs to command now, and they manipulate with callous disregard for the cost.	UI/Campaign UI/traits/icon_cunning_good.png	3k_main_opinion_topic_set_intelligence_cunning
3k_dlc06_ceo_node_career_generated_rare_water_01	3k_dlc06_ceo_node_career_generated_rare_water_01	0	Novice Captain	War is the business of the blooded and tested, but they all have to start somewhere.	UI/Campaign UI/traits/icon_cunning_good.png	3k_main_opinion_topic_set_discipline_stern
3k_dlc06_ceo_node_career_generated_rare_water_02	3k_dlc06_ceo_node_career_generated_rare_water_02	0	Efficient Captain	Some may say this captain lacks a certain flair and bloody streak, but nobody says they don't get the job done quickly.	UI/Campaign UI/traits/icon_cunning_good.png	3k_main_opinion_topic_set_discipline_stern
3k_dlc06_ceo_node_career_generated_rare_water_03	3k_dlc06_ceo_node_career_generated_rare_water_03	0	Unmatched Captain	Nobody has a greater skill and speed for the business of battle than this one.	UI/Campaign UI/traits/icon_cunning_good.png	3k_main_opinion_topic_set_discipline_stern
3k_dlc06_ceo_node_career_generated_rare_wood_01	3k_dlc06_ceo_node_career_generated_rare_wood_01	0	Unbloodied Fighter	One can have the desire to fight, in theory, but have very little understanding of what it actually entails…	UI/Campaign UI/traits/icon_cunning_good.png	3k_main_opinion_topic_set_intimidation_feared
3k_dlc06_ceo_node_career_generated_rare_wood_02	3k_dlc06_ceo_node_career_generated_rare_wood_02	0	Enduring Fighter	What marks this one apart from the others is their ability to continue fighting, long after it is reasonable to stop.	UI/Campaign UI/traits/icon_cunning_good.png	3k_main_opinion_topic_set_intimidation_feared
3k_dlc06_ceo_node_career_generated_rare_wood_03	3k_dlc06_ceo_node_career_generated_rare_wood_03	0	Redoubtable Fighter	To see them on the battlefield, weapons drawn, is to inspire fear and retreat in the heart of any who face them.	UI/Campaign UI/traits/icon_cunning_good.png	3k_main_opinion_topic_set_intimidation_feared
3k_dlc06_ceo_node_career_historical_shi_hui_01	3k_dlc06_ceo_node_career_historical_shi_hui_01	0	Naively Ambitious	This one sees only power, and never the way to it.	UI/Campaign UI/traits/icon_impeccable_good.png	3k_main_opinion_topic_set_loyalty_fraternal
3k_dlc06_ceo_node_career_historical_shi_kuang_01	3k_dlc06_ceo_node_career_historical_shi_kuang_01	0	Unbiased Advisor	This advisor will always speak objectively, even if it draws the ire of the powerful.	UI/Campaign UI/traits/icon_impeccable_good.png	3k_main_opinion_topic_set_determination_competitive
3k_dlc06_ceo_node_career_historical_shi_wei_01	3k_dlc06_ceo_node_career_historical_shi_wei_01	0	Rash Judge	Judgement should never be swift or subjective; and yet…	UI/Campaign UI/traits/icon_impeccable_good.png	3k_main_opinion_topic_set_trust_honest
3k_dlc06_ceo_node_career_historical_shi_xin_01	3k_dlc06_ceo_node_career_historical_shi_xin_01	0	Faithful of Shi	There must be only total devotion to the cause; anything less is as good as treason.	UI/Campaign UI/traits/icon_impeccable_good.png	3k_main_opinion_topic_set_bravery_brave
3k_dlc06_ceo_node_career_historical_shi_zhi_01	3k_dlc06_ceo_node_career_historical_shi_zhi_01	0	The Middle Child	To be stuck between the oldest and the youngest – a fate worse than death?	UI/Campaign UI/traits/icon_impeccable_good.png	3k_main_opinion_topic_set_intelligence_clever
3k_dlc06_ceo_node_trait_personality_animal_friend_01	3k_dlc06_ceo_node_trait_personality_animal_friend_01	0	Animal Friend	This one has a way with animals that few can attain.	UI/Campaign UI/traits/icon_healthy_good.png	
3k_dlc06_ceo_shi_xie_non_family_unsatisfied	3k_dlc06_ceo_shi_xie_non_family_unsatisfied	0	HIDDEN	HIDDEN	$hidden$	
3k_dlc07_ancillary_armour_cao_pi_armour_unique	3k_dlc07_ancillary_armour_cao_pi_armour_unique	0	Cao Pi's Armour	The perfect weight and fit, tailored for this warrior of class and distinction.	armours/3k_dlc07_ancillary_armour_cao_pi_armour_unique.png	
3k_dlc07_ancillary_armour_cao_ren_armour_unique	3k_dlc07_ancillary_armour_cao_ren_armour_unique	0	Cao Ren's Armour	The perfect weight and fit, tailored for this warrior of class and distinction.	armours/3k_dlc07_ancillary_armour_cao_ren_armour_unique.png	
3k_dlc07_ancillary_armour_emperor_xian_armour_unique	3k_dlc07_ancillary_armour_emperor_xian_armour_unique	0	Emperor Xian's Armour	These grand robes were made with consummate skill, befitting the one who bears the burden of Heaven's Mandate.	armours/3k_dlc07_ancillary_armour_emperor_xian_armour_unique.png	
3k_dlc07_ancillary_armour_fa_zheng_armour_unique	3k_dlc07_ancillary_armour_fa_zheng_armour_unique	0	Fa Zheng's Armour	The perfect weight and fit, tailored for this warrior of class and distinction.	armours/3k_dlc07_ancillary_armour_fa_zheng_armour_unique.png	
3k_dlc07_ancillary_armour_lady_zhen_armour_unique	3k_dlc07_ancillary_armour_lady_zhen_armour_unique	0	Lady Zhen's Armour	The perfect weight and fit, tailored for this warrior of class and distinction.	armours/3k_dlc07_ancillary_armour_lady_zhen_armour_unique.png	
3k_dlc07_ancillary_armour_liu_yan_armour_unique	3k_dlc07_ancillary_armour_liu_yan_armour_unique	0	Liu Yan's Armour	The perfect weight and fit, tailored for this warrior of class and distinction.	armours/3k_dlc07_ancillary_armour_liu_yan_armour_unique.png	
3k_dlc07_ancillary_armour_wen_chou_armour_unique	3k_dlc07_ancillary_armour_wen_chou_armour_unique	0	Wen Chou's Armour	The perfect weight and fit, tailored for this warrior of class and distinction.	armours/3k_dlc07_ancillary_armour_wen_chou_armour_unique.png	
3k_dlc07_ancillary_armour_yan_liang_armour_unique	3k_dlc07_ancillary_armour_yan_liang_armour_unique	0	Yan Liang's Armour	The perfect weight and fit, tailored for this warrior of class and distinction.	armours/3k_dlc07_ancillary_armour_yan_liang_armour_unique.png	
3k_dlc07_ancillary_armour_yu_jin_armour_unique	3k_dlc07_ancillary_armour_yu_jin_armour_unique	0	Yu Jin's Armour	The perfect weight and fit, tailored for this warrior of class and distinction.	armours/3k_dlc07_ancillary_armour_yu_jin_armour_unique.png	
3k_dlc07_ancillary_armour_yuan_shang_armour_unique	3k_dlc07_ancillary_armour_yuan_shang_armour_unique	0	Yuan Shang's Armour	The perfect weight and fit, tailored for this warrior of class and distinction.	armours/3k_dlc07_ancillary_yuan_shang_armour_unique.png	
3k_dlc07_ancillary_armour_yuan_tan_armour_unique	3k_dlc07_ancillary_armour_yuan_tan_armour_unique	0	Yuan Tan's Armour	The perfect weight and fit, tailored for this warrior of class and distinction.	armours/3k_dlc07_ancillary_armour_yuan_tan_armour_unique.png	
3k_dlc07_ancillary_armour_zhang_he_armour_unique	3k_dlc07_ancillary_armour_zhang_he_armour_unique	0	Zhang He's Armour	The perfect weight and fit, tailored for this warrior of class and distinction.	armours/3k_dlc07_ancillary_armour_zhang_he_armour_unique.png	
3k_dlc07_ancillary_northern_army_captain	3k_dlc07_ancillary_accessory_northern_army_captain_unique	0	Colonel of the Northern Army	The Northern Army is yours to command! Each colonel is loyal to whom they have been assigned, vowing never to leave their side!	followers/3k_main_ancillary_military_expert.png	
3k_dlc07_ancillary_weapon_defence_of_levity	3k_dlc07_ancillary_weapon_defence_of_levity	0	Defence of Levity	To some the absence of seriousness can cause them to lose faith in one's ability. What they don't see is the shield it can be from the horrors of battle.	weapons/3k_dlc07_ancillary_weapon_defence_of_levity.png	
3k_dlc07_ancillary_weapon_emperor_xian_weapon_unique	3k_dlc07_ancillary_weapon_emperor_xian_weapon_unique	0	Imperial Gold Inlaid Blade	A blade that is a beauty to behold. Inlaid with gold and embellished with shark skin, this blade is fit for an emperor.	weapons/3k_dlc07_ancillary_imperial_gold_inlayed_blade.png	
3k_dlc07_ancillary_weapon_fear_and_discipline	3k_dlc07_ancillary_weapon_fear_and_discipline	0	Fear & Discipline	If the men are disciplined they will not falter, if they are fearful they will obey without question.	weapons/3k_dlc07_ancillary_weapon_fear_and_discipline.png	
3k_dlc07_ancillary_weapon_honour_manifested	3k_dlc07_ancillary_weapon_honour_manifested	0	Honour Manifested	For all of his life Cao Ren honoured his family and never once strayed. This weapon is the manifestation of that dedication.	weapons/3k_dlc07_ancillary_weapon_honour_manifested.png	
3k_dlc07_ancillary_weapon_sequencer	3k_dlc07_ancillary_weapon_sequencer	0	Sequencer	Day before night, life before death. None can escape fundamental nature.	weapons/3k_dlc07_ancillary_weapon_sequencer.png	
3k_dlc07_ancillary_weapon_the_rule	3k_dlc07_ancillary_weapon_the_rule	0	The Rule	It was always the Art of War that guided Zhang He, and it was he who guided me.	weapons/3k_dlc07_ancillary_weapon_the_rule.png	
3k_dlc07_ceo_factional_yuan_shao_captain_quest_combat_01	3k_dlc07_ceo_factional_yuan_shao_captain_quest_combat_01	0	Pursuit: Manoeuvre 01	In battle, achieve 100 kills with your captains.\n\n {{tr:3k_dlc07_yuan_shao_captain_quest_combat_flavour}}	UI/skins/default/3k_dlc07_button_context_list_missions_captains_manoeuvre_1.png	
3k_dlc07_ceo_factional_yuan_shao_captain_quest_combat_02	3k_dlc07_ceo_factional_yuan_shao_captain_quest_combat_02	0	Pursuit: Manoeuvre 02	In battle, achieve 300 kills with your captains.\n\n {{tr:3k_dlc07_yuan_shao_captain_quest_combat_flavour}}	UI/skins/default/3k_dlc07_button_context_list_missions_captains_manoeuvre_2.png	
3k_dlc07_ceo_factional_yuan_shao_captain_quest_combat_03	3k_dlc07_ceo_factional_yuan_shao_captain_quest_combat_03	0	Pursuit: Manoeuvre 03	In battle, achieve 500 kills with your captains.\n\n {{tr:3k_dlc07_yuan_shao_captain_quest_combat_flavour}}	UI/skins/default/3k_dlc07_button_context_list_missions_captains_manoeuvre_3.png	
3k_dlc07_ceo_factional_yuan_shao_captain_quest_recruitment_01	3k_dlc07_ceo_factional_yuan_shao_captain_quest_recruitment_01	0	Pursuit: Enlistment 01	Recruit new captain retinues 3 times.\n\n {{tr:3k_dlc07_yuan_shao_captain_quest_recruitment_flavour}}	UI/skins/default/3k_dlc07_button_context_list_missions_captains_enlistment_1.png	
3k_dlc07_ceo_factional_yuan_shao_captain_quest_recruitment_02	3k_dlc07_ceo_factional_yuan_shao_captain_quest_recruitment_02	0	Pursuit: Enlistment 02	Recruit new captain retinues 5 times.\n\n {{tr:3k_dlc07_yuan_shao_captain_quest_recruitment_flavour}}	UI/skins/default/3k_dlc07_button_context_list_missions_captains_enlistment_2.png	
3k_dlc07_ceo_factional_yuan_shao_captain_quest_recruitment_03	3k_dlc07_ceo_factional_yuan_shao_captain_quest_recruitment_03	0	Pursuit: Enlistment 03	Recruit new captain retinues 7 times.\n\n {{tr:3k_dlc07_yuan_shao_captain_quest_recruitment_flavour}}	UI/skins/default/3k_dlc07_button_context_list_missions_captains_enlistment_3.png	
3k_dlc07_ceo_factional_yuan_shao_captain_quest_victory_01	3k_dlc07_ceo_factional_yuan_shao_captain_quest_victory_01	0	Pursuit: Triumph 01	Win 3 battles with captains in your army.\n\n {{tr:3k_dlc07_yuan_shao_captain_quest_victory_flavour}}	UI/skins/default/3k_dlc07_button_context_list_missions_captains_triumph_1.png	
3k_dlc07_ceo_factional_yuan_shao_captain_quest_victory_02	3k_dlc07_ceo_factional_yuan_shao_captain_quest_victory_02	0	Pursuit: Triumph 02	Win 5 battles with captains in your army.\n\n {{tr:3k_dlc07_yuan_shao_captain_quest_victory_flavour}}	UI/skins/default/3k_dlc07_button_context_list_missions_captains_triumph_2.png	
3k_dlc07_ceo_factional_yuan_shao_captain_quest_victory_03	3k_dlc07_ceo_factional_yuan_shao_captain_quest_victory_03	0	Pursuit: Triumph 03	Win 7 battles with captains in your army.\n\n {{tr:3k_dlc07_yuan_shao_captain_quest_victory_flavour}}	UI/skins/default/3k_dlc07_button_context_list_missions_captains_triumph_3.png	
3k_dlc07_ceo_node_liu_yan_ambition_inheritance_delayed_character_portion	3k_dlc07_ceo_node_liu_yan_ambition_inheritance_delayed_character_portion	0	Delayed Inheritance	If you want something done properly, do it yourself. One must pass the torch, but not before seeing a few crucial affairs through to their conclusions.	UI/Campaign UI/traits/3k_dlc07_icon_inheritance_delayed_good.png	
3k_dlc07_ceo_node_liu_yan_ambition_inheritance_forgotten_character_portion	3k_dlc07_ceo_node_liu_yan_ambition_inheritance_forgotten_character_portion	0	Forgotten Inheritance	Inheritance? Stepping down? Over my cold, dead body!	UI/Campaign UI/traits/3k_dlc07_icon_inheritance_forgotten_bad.png	
3k_dlc07_ceo_node_liu_yan_ambition_inheritance_late_character_portion	3k_dlc07_ceo_node_liu_yan_ambition_inheritance_late_character_portion	0	Late Inheritance	Regrettably one can't live forever. Were that the case, one could rule eternally, with cunning wit and decisive action ever intact. Hopefully our heir will be able to fill our shoes admirably.	UI/Campaign UI/traits/3k_dlc07_icon_inheritance_late_bad.png	
3k_dlc07_ceo_node_liu_yan_ambition_inheritance_timely_character_portion	3k_dlc07_ceo_node_liu_yan_ambition_inheritance_timely_character_portion	0	Timely Inheritance	Knowing when to say goodbye is a skill unto itself. Passing the torch early ensures that one's heir is both motivated and ambitious, capable of carrying our legacy to even greater heights.	UI/Campaign UI/traits/3k_dlc07_icon_inheritance_timely_good.png	
3k_dlc07_ceo_node_trait_personality_frivolous	3k_dlc07_ceo_node_trait_personality_frivolous	0	Frivolous	This one often makes light of even the most serious of situations.	UI/Campaign UI/traits/icon_foolish_metal.png	3k_dlc07_opinion_topic_set_folly_frivolous
3k_gsz_ancillary_follower_bandit_earth	3k_gsz_ancillary_follower_bandit_earth	0	placeholder	placeholder	ui/ancillaries/followers/3k_main_ancillary_officer.png	
3k_gsz_ancillary_follower_bandit_fire	3k_gsz_ancillary_follower_bandit_fire	0	placeholder	placeholder	ui/ancillaries/followers/3k_main_ancillary_military_instructor.png	
3k_gsz_ancillary_follower_bandit_metal	3k_gsz_ancillary_follower_bandit_metal	0	placeholder	placeholder	ui/ancillaries/followers/3k_main_ancillary_builder.png	
3k_gsz_ancillary_follower_bandit_water	3k_gsz_ancillary_follower_bandit_water	0	placeholder	placeholder	ui/ancillaries/followers/3k_main_ancillary_eavesdropper.png	
3k_gsz_ancillary_follower_bandit_wood	3k_gsz_ancillary_follower_bandit_wood	0	placeholder	placeholder	ui/ancillaries/followers/3k_puzzle_ancillary_qiang_grand_warrior.png	
3k_gsz_ancillary_follower_barbarian_earth	3k_gsz_ancillary_follower_barbarian_earth	0	placeholder	placeholder	ui/ancillaries/followers/3k_main_ancillary_officer.png	
3k_gsz_ancillary_follower_barbarian_fire	3k_gsz_ancillary_follower_barbarian_fire	0	placeholder	placeholder	ui/ancillaries/followers/3k_main_ancillary_military_instructor.png	
3k_gsz_ancillary_follower_barbarian_metal	3k_gsz_ancillary_follower_barbarian_metal	0	placeholder	placeholder	ui/ancillaries/followers/3k_main_ancillary_builder.png	
3k_gsz_ancillary_follower_barbarian_water	3k_gsz_ancillary_follower_barbarian_water	0	placeholder	placeholder	ui/ancillaries/followers/3k_main_ancillary_eavesdropper.png	
3k_gsz_ancillary_follower_barbarian_wood	3k_gsz_ancillary_follower_barbarian_wood	0	placeholder	placeholder	ui/ancillaries/followers/3k_puzzle_ancillary_qiang_grand_warrior.png	
3k_gsz_ancillary_follower_han_earth	3k_gsz_ancillary_follower_han_earth	0	placeholder	placeholder	ui/ancillaries/followers/3k_puzzle_ancillary_chen_honorguard_commander.png	
3k_gsz_ancillary_follower_han_fire	3k_gsz_ancillary_follower_han_fire	0	placeholder	placeholder	ui/ancillaries/followers/3k_puzzle_ancillary_tiger_and_leopard_cavalry_commander.png	
3k_gsz_ancillary_follower_han_metal	3k_gsz_ancillary_follower_han_metal	0	placeholder	placeholder	ui/ancillaries/followers/3k_puzzle_ancillary_camp_crusher_drillmaster.png	
3k_gsz_ancillary_follower_han_water	3k_gsz_ancillary_follower_han_water	0	placeholder	placeholder	ui/ancillaries/followers/3k_puzzle_ancillary_yi_expert_marksman.png	
3k_gsz_ancillary_follower_han_wood	3k_gsz_ancillary_follower_han_wood	0	placeholder	placeholder	ui/ancillaries/followers/3k_puzzle_ancillary_spearmen_officer.png	
3k_gsz_ancillary_follower_korea_earth	3k_gsz_ancillary_follower_korea_earth	0	placeholder	placeholder	ui/ancillaries/followers/3k_dlc04_ancillary_apprentice_crafter.png	
3k_gsz_ancillary_follower_korea_fire	3k_gsz_ancillary_follower_korea_fire	0	placeholder	placeholder	ui/ancillaries/followers/3k_puzzle_ancillary_cavalry_officer.png	
3k_gsz_ancillary_follower_korea_metal	3k_gsz_ancillary_follower_korea_metal	0	placeholder	placeholder	ui/ancillaries/followers/3k_puzzle_ancillary_head_of_yuan_guard.png	
3k_gsz_ancillary_follower_korea_water	3k_gsz_ancillary_follower_korea_water	0	placeholder	placeholder	ui/ancillaries/followers/3k_dlc04_ancillary_master_crafter.png	
3k_gsz_ancillary_follower_korea_wood	3k_gsz_ancillary_follower_korea_wood	0	placeholder	placeholder	ui/ancillaries/followers/3k_puzzle_ancillary_leader_of_refugees.png	
3k_gsz_ancillary_follower_nanman_animal	3k_gsz_ancillary_follower_nanman_animal	0	placeholder	placeholder	ui/ancillaries/followers/3k_dlc06_ancillary_follower_shaman.png	
3k_gsz_ancillary_follower_nanman_infantry	3k_gsz_ancillary_follower_nanman_infantry	0	placeholder	placeholder	ui/ancillaries/followers/3k_dlc06_ancillary_follower_shaman.png	
3k_ironic_ancillary_accessory_commander_lu	3k_ironic_ancillary_accessory_commander_lu	0	placeholder	placeholder	accessories/commander_lu.png	
3k_ironic_ancillary_accessory_daoist_manual	3k_ironic_ancillary_accessory_daoist_manual	0	placeholder	placeholder	accessories/3k_puzzle_ancillary_footnote_collection.png	
3k_ironic_ancillary_accessory_drunken_bottle	3k_ironic_ancillary_accessory_drunken_bottle	0	placeholder	placeholder	accessories/3k_puzzle_ancillary_bronze_pot.png	
3k_ironic_ancillary_accessory_scripture_of_rice_pecks	3k_ironic_ancillary_accessory_scripture_of_rice_pecks	0	placeholder	placeholder	accessories/3k_ironic_ancillary_accessory_scripture_of_rice_pecks.png	
3k_ironic_ancillary_follower_xiliang_commander	3k_ironic_ancillary_follower_xiliang_commander	0	placeholder	placeholder	followers/3k_ironic_ancillary_follower_xiliang_commander.png	
3k_ironic_ancillary_weapon_hua_xiong_glaive_unique	3k_ironic_ancillary_weapon_hua_xiong_glaive_unique	0	placeholder	placeholder	weapons/3k_ironic_ancillary_weapon_hua_xiong_glaive_unique.png	
3k_ironic_ancillary_weapon_ma_dai_spear_unique	3k_ironic_ancillary_weapon_ma_dai_spear_unique	0	placeholder	placeholder	weapons/3k_ironic_ancillary_weapon_ma_dai_spear_unique.png	
3k_ironic_ancillary_weapon_pang_de_spear_unique	3k_ironic_ancillary_weapon_pang_de_spear_unique	0	placeholder	placeholder	weapons/3k_ironic_ancillary_weapon_pang_de_spear_unique.png	
3k_ironic_ancillary_weapon_two_handed_axe_unique	3k_ironic_ancillary_weapon_two_handed_axe_unique	0	placeholder	placeholder	weapons/3k_ironic_ancillary_weapon_two_handed_axe_unique.png	
3k_ironic_ancillary_weapon_two_handed_trident_unique	3k_ironic_ancillary_weapon_two_handed_trident_unique	0	placeholder	placeholder	weapons/3k_ironic_ancillary_weapon_two_handed_trident_unique.png	
3k_ironic_ancilliary_armour_bi_jieyan_armour_unique	3k_ironic_ancilliary_armour_bi_jieyan_armour_unique	0	placeholder	placeholder	armours/3k_main_ancillary_earth_armour_unique.png	
3k_ironic_ancilliary_armour_chen_chao_armour_unique	3k_ironic_ancilliary_armour_chen_chao_armour_unique	0	placeholder	placeholder	armours/3k_main_ancillary_fire_armour_unique.png	
3k_ironic_ancilliary_armour_fu_gan_armour_unique	3k_ironic_ancilliary_armour_fu_gan_armour_unique	0	placeholder	placeholder	armours/3k_main_ancillary_water_armour_unique.png	
3k_ironic_ancilliary_armour_huang_quan_armour_unique	3k_ironic_ancilliary_armour_huang_quan_armour_unique	0	placeholder	placeholder	armours/3k_main_ancillary_fire_armour_unique.png	
3k_ironic_ancilliary_armour_lady_liu_mengan_armour_unique	3k_ironic_ancilliary_armour_lady_liu_mengan_armour_unique	0	placeholder	placeholder	armours/3k_main_ancillary_water_armour_unique.png	
3k_ironic_ancilliary_armour_lady_liu_zhang_armour_unique	3k_ironic_ancilliary_armour_lady_liu_zhang_armour_unique	0	placeholder	placeholder	armours/3k_main_ancillary_water_armour_unique.png	
3k_ironic_ancilliary_armour_lady_wu_xian_armour_unique	3k_ironic_ancilliary_armour_lady_wu_xian_armour_unique	0	placeholder	placeholder	armours/3k_main_ancillary_water_armour_unique.png	
3k_ironic_ancilliary_armour_lady_yang_armour_unique	3k_ironic_ancilliary_armour_lady_yang_armour_unique	0	placeholder	placeholder	armours/3k_main_ancillary_water_armour_unique.png	
3k_ironic_ancilliary_armour_lei_tong_armour_unique	3k_ironic_ancilliary_armour_lei_tong_armour_unique	0	placeholder	placeholder	armours/3k_main_ancillary_fire_armour_unique.png	
3k_ironic_ancilliary_armour_li_xiu_armour_unique	3k_ironic_ancilliary_armour_li_xiu_armour_unique	0	placeholder	placeholder	armours/3k_main_ancillary_water_armour_unique.png	
3k_ironic_ancilliary_armour_liu_dan_armour_unique	3k_ironic_ancilliary_armour_liu_dan_armour_unique	0	placeholder	placeholder	armours/3k_main_ancillary_wood_armour_unique.png	
3k_ironic_ancilliary_armour_liu_fan_armour_unique	3k_ironic_ancilliary_armour_liu_fan_armour_unique	0	placeholder	placeholder	armours/3k_main_ancillary_earth_armour_unique.png	
3k_ironic_ancilliary_armour_liu_mao_armour_unique	3k_ironic_ancilliary_armour_liu_mao_armour_unique	0	placeholder	placeholder	armours/3k_main_ancillary_water_armour_unique.png	
3k_ironic_ancilliary_armour_liu_xun_armour_unique	3k_ironic_ancilliary_armour_liu_xun_armour_unique	0	placeholder	placeholder	armours/3k_main_ancillary_metal_armour_unique.png	
3k_ironic_ancilliary_armour_ma_tie_armour_unique	3k_ironic_ancilliary_armour_ma_tie_armour_unique	0	placeholder	placeholder	armours/3k_main_ancillary_fire_armour_unique.png	
3k_ironic_ancilliary_armour_ma_xiu_armour_unique	3k_ironic_ancilliary_armour_ma_xiu_armour_unique	0	placeholder	placeholder	armours/3k_main_ancillary_fire_armour_unique.png	
3k_ironic_ancilliary_armour_pang_xi_armour_unique	3k_ironic_ancilliary_armour_pang_xi_armour_unique	0	placeholder	placeholder	armours/3k_main_ancillary_water_armour_unique.png	
3k_ironic_ancilliary_armour_peng_yang_armour_unique	3k_ironic_ancilliary_armour_peng_yang_armour_unique	0	placeholder	placeholder	armours/3k_main_ancillary_water_armour_unique.png	
3k_ironic_ancilliary_armour_ren_qi_armour_unique	3k_ironic_ancilliary_armour_ren_qi_armour_unique	0	placeholder	placeholder	armours/3k_main_ancillary_fire_armour_unique.png	
3k_ironic_ancilliary_armour_wang_yun_armour_unique	3k_ironic_ancilliary_armour_wang_yun_armour_unique	0	placeholder	placeholder	armours/3k_main_ancillary_earth_armour_unique.png	
3k_ironic_ancilliary_armour_wu_ban_armour_unique	3k_ironic_ancilliary_armour_wu_ban_armour_unique	0	placeholder	placeholder	armours/3k_main_ancillary_fire_armour_unique.png	
3k_ironic_ancilliary_armour_wu_kuang_armour_unique	3k_ironic_ancilliary_armour_wu_kuang_armour_unique	0	placeholder	placeholder	armours/3k_main_ancillary_metal_armour_unique.png	
3k_ironic_ancilliary_armour_wu_yi_armour_unique	3k_ironic_ancilliary_armour_wu_yi_armour_unique	0	placeholder	placeholder	armours/3k_main_ancillary_fire_armour_unique.png	
3k_ironic_ancilliary_armour_yan_pu_armour_unique	3k_ironic_ancilliary_armour_yan_pu_armour_unique	0	placeholder	placeholder	armours/3k_main_ancillary_water_armour_unique.png	
3k_ironic_ancilliary_armour_yan_yan_armour_unique	3k_ironic_ancilliary_armour_yan_yan_armour_unique	0	placeholder	placeholder	armours/3k_main_ancillary_metal_armour_unique.png	
3k_ironic_ancilliary_armour_yang_ang_armour_unique	3k_ironic_ancilliary_armour_yang_ang_armour_unique	0	placeholder	placeholder	armours/3k_main_ancillary_fire_armour_unique.png	
3k_ironic_ancilliary_armour_yang_bo_armour_unique	3k_ironic_ancilliary_armour_yang_bo_armour_unique	0	placeholder	placeholder	armours/3k_main_ancillary_metal_armour_unique.png	
3k_ironic_ancilliary_armour_yang_ren_armour_unique	3k_ironic_ancilliary_armour_yang_ren_armour_unique	0	placeholder	placeholder	armours/3k_main_ancillary_fire_armour_unique.png	
3k_ironic_ancilliary_armour_yang_song_armour_unique	3k_ironic_ancilliary_armour_yang_song_armour_unique	0	placeholder	placeholder	armours/3k_main_ancillary_earth_armour_unique.png	
3k_ironic_ancilliary_armour_yu_minxiang_armour_unique	3k_ironic_ancilliary_armour_yu_minxiang_armour_unique	0	placeholder	placeholder	armours/3k_main_ancillary_earth_armour_unique.png	
3k_ironic_ancilliary_armour_zhang_fu_armour_unique	3k_ironic_ancilliary_armour_zhang_fu_armour_unique	0	placeholder	placeholder	armours/3k_main_ancillary_wood_armour_unique.png	
3k_ironic_ancilliary_armour_zhang_guang_armour_unique	3k_ironic_ancilliary_armour_zhang_guang_armour_unique	0	placeholder	placeholder	armours/3k_main_ancillary_wood_armour_unique.png	
3k_ironic_ancilliary_armour_zhang_ren_armour_unique	3k_ironic_ancilliary_armour_zhang_ren_armour_unique	0	placeholder	placeholder	armours/3k_main_ancillary_fire_armour_unique.png	
3k_ironic_ancilliary_armour_zhang_wei_armour_unique	3k_ironic_ancilliary_armour_zhang_wei_armour_unique	0	placeholder	placeholder	armours/3k_main_ancillary_earth_armour_unique.png	
3k_ironic_ancilliary_armour_zhao_wei_armour_unique	3k_ironic_ancilliary_armour_zhao_wei_armour_unique	0	placeholder	placeholder	armours/3k_main_ancillary_water_armour_unique.png	
3k_ironic_ancilliary_armour_zhu_gui_armour_unique	3k_ironic_ancilliary_armour_zhu_gui_armour_unique	0	placeholder	placeholder	armours/3k_main_ancillary_water_armour_unique.png	
3k_ironic_ceo_career_historical_bi_jieyan	3k_ironic_ceo_career_historical_bi_jieyan	0	placeholder	placeholder		3k_main_opinion_topic_set_loyalty_fraternal
3k_ironic_ceo_career_historical_chen_chao	3k_ironic_ceo_career_historical_chen_chao	0	placeholder	placeholder		3k_main_opinion_topic_set_ability_agile
3k_ironic_ceo_career_historical_dong_fu	3k_ironic_ceo_career_historical_dong_fu	0	placeholder	placeholder		3k_main_opinion_topic_set_intelligence_scholarly
3k_ironic_ceo_career_historical_fu_gan	3k_ironic_ceo_career_historical_fu_gan	0	placeholder	placeholder	UI/Campaign UI/traits/icon_cunning_good.png	3k_main_opinion_topic_set_intelligence_cunning
3k_ironic_ceo_career_historical_huang_quan	3k_ironic_ceo_career_historical_huang_quan	0	placeholder	placeholder		3k_main_opinion_topic_set_strength_strong
3k_ironic_ceo_career_historical_lady_liu_mengan	3k_ironic_ceo_career_historical_lady_liu_mengan	0	placeholder	placeholder		3k_main_opinion_topic_set_attractive_beautiful
3k_ironic_ceo_career_historical_lady_liu_zhang	3k_ironic_ceo_career_historical_lady_liu_zhang	0	placeholder	placeholder		3k_main_opinion_topic_set_attractive_beautiful
3k_ironic_ceo_career_historical_lady_wu_xian	3k_ironic_ceo_career_historical_lady_wu_xian	0	placeholder	placeholder		3k_main_opinion_topic_set_attractive_beautiful
3k_ironic_ceo_career_historical_lady_yang	3k_ironic_ceo_career_historical_lady_yang	0	placeholder	placeholder	UI/Campaign UI/traits/icon_bright_good.png	3k_main_opinion_topic_set_loyalty_fraternal
3k_ironic_ceo_career_historical_lei_tong	3k_ironic_ceo_career_historical_lei_tong	0	placeholder	placeholder		3k_main_opinion_topic_set_strength_formidable
3k_ironic_ceo_career_historical_li_xiu	3k_ironic_ceo_career_historical_li_xiu	0	placeholder	placeholder		3k_main_opinion_topic_set_intelligence_scholarly
3k_ironic_ceo_career_historical_liu_dan	3k_ironic_ceo_career_historical_liu_dan	0	placeholder	placeholder		3k_main_opinion_topic_set_loyalty_fraternal
3k_ironic_ceo_career_historical_liu_fan	3k_ironic_ceo_career_historical_liu_fan	0	placeholder	placeholder		3k_main_opinion_topic_set_loyalty_fraternal
3k_ironic_ceo_career_historical_liu_mao	3k_ironic_ceo_career_historical_liu_mao	0	placeholder	placeholder		3k_main_opinion_topic_set_loyalty_fraternal
3k_ironic_ceo_career_historical_liu_xun	3k_ironic_ceo_career_historical_liu_xun	0	placeholder	placeholder		3k_main_opinion_topic_set_loyalty_fraternal
3k_ironic_ceo_career_historical_ma_tie	3k_ironic_ceo_career_historical_ma_tie	0	placeholder	placeholder	UI/Campaign UI/traits/icon_relentless_good.png	3k_main_dlc05_opinion_topic_set_virtue_lawful
3k_ironic_ceo_career_historical_ma_xiu	3k_ironic_ceo_career_historical_ma_xiu	0	placeholder	placeholder	UI/Campaign UI/traits/icon_brave_fire.png	3k_main_opinion_topic_set_strength_powerful
3k_ironic_ceo_career_historical_pang_xi	3k_ironic_ceo_career_historical_pang_xi	0	placeholder	placeholder		3k_main_opinion_topic_set_loyalty_fraternal
3k_ironic_ceo_career_historical_peng_yang	3k_ironic_ceo_career_historical_peng_yang	0	placeholder	placeholder		3k_main_opinion_topic_set_determination_ambitious
3k_ironic_ceo_career_historical_ren_qi	3k_ironic_ceo_career_historical_ren_qi	0	placeholder	placeholder		3k_main_opinion_topic_set_intensity_reckless
3k_ironic_ceo_career_historical_wang_yun	3k_ironic_ceo_career_historical_wang_yun	0	placeholder	placeholder		3k_dlc05_opinion_topic_set_vice_criminal
3k_ironic_ceo_career_historical_wu_ban	3k_ironic_ceo_career_historical_wu_ban	0	placeholder	placeholder		3k_main_opinion_topic_set_ability_agile
3k_ironic_ceo_career_historical_wu_kuang	3k_ironic_ceo_career_historical_wu_kuang	0	placeholder	placeholder		3k_main_opinion_topic_set_discipline_disciplinarian
3k_ironic_ceo_career_historical_wu_yi	3k_ironic_ceo_career_historical_wu_yi	0	placeholder	placeholder		3k_main_opinion_topic_set_strength_powerful
3k_ironic_ceo_career_historical_yan_pu	3k_ironic_ceo_career_historical_yan_pu	0	placeholder	placeholder		3k_dlc05_opinion_topic_set_vice_criminal
3k_ironic_ceo_career_historical_yan_yan	3k_ironic_ceo_career_historical_yan_yan	0	placeholder	placeholder		3k_main_opinion_topic_set_ability_coordinated
3k_ironic_ceo_career_historical_yang_ang	3k_ironic_ceo_career_historical_yang_ang	0	placeholder	placeholder		3k_main_opinion_topic_set_ability_graceful
3k_ironic_ceo_career_historical_yang_bo	3k_ironic_ceo_career_historical_yang_bo	0	placeholder	placeholder	UI/Campaign UI/traits/icon_foolish_metal.png	3k_main_opinion_topic_set_folly_indecisive
3k_ironic_ceo_career_historical_yang_ren	3k_ironic_ceo_career_historical_yang_ren	0	placeholder	placeholder		3k_main_opinion_topic_set_ability_agile
3k_ironic_ceo_career_historical_yang_song	3k_ironic_ceo_career_historical_yang_song	0	placeholder	placeholder		3k_dlc05_opinion_topic_set_vice_criminal
3k_ironic_ceo_career_historical_yu_minxiang	3k_ironic_ceo_career_historical_yu_minxiang	0	placeholder	placeholder		3k_main_opinion_topic_set_attractive_beautiful
3k_ironic_ceo_career_historical_zhang_fu	3k_ironic_ceo_career_historical_zhang_fu	0	placeholder	placeholder		3k_main_opinion_topic_set_folly_superstitious
3k_ironic_ceo_career_historical_zhang_guang	3k_ironic_ceo_career_historical_zhang_guang	0	placeholder	placeholder		3k_main_opinion_topic_set_charisma_creative
3k_ironic_ceo_career_historical_zhang_ren	3k_ironic_ceo_career_historical_zhang_ren	0	placeholder	placeholder		3k_main_opinion_topic_set_determination_stubborn
3k_ironic_ceo_career_historical_zhang_wei	3k_ironic_ceo_career_historical_zhang_wei	0	placeholder	placeholder		3k_main_opinion_topic_set_discipline_stern
3k_ironic_ceo_career_historical_zhao_wei	3k_ironic_ceo_career_historical_zhao_wei	0	placeholder	placeholder		3k_main_opinion_topic_set_folly_suspicious
3k_ironic_ceo_career_historical_zhu_gui	3k_ironic_ceo_career_historical_zhu_gui	0	placeholder	placeholder		3k_main_opinion_topic_set_intelligence_scholarly
3k_ironic_wu_jing_ceo_family_member_tag	3k_ironic_wu_jing_ceo_family_member_tag	0	HIDDEN	HIDDEN	$hidden$	
3k_ironic_wu_jing_ceo_non_family_member_tag	3k_ironic_wu_jing_ceo_non_family_member_tag	0	HIDDEN	HIDDEN	$hidden$	
3k_main_ancillary_adept	3k_main_ancillary_follower_adept	0	Adept	"Practice makes perfect, the more that you do it."	followers/3k_main_ancillary_adept.png	
3k_main_ancillary_archer_light_armour_water_extraordinary	3k_main_ancillary_armour_archer_light_armour_water_extraordinary	0	Stalker's Raiment	Meticulously crafted to enhance the wearer on the battlefield.	armours/3k_main_ancillary_armour_archer_light_armour_water_extraordinary.png	
3k_main_ancillary_archer_light_armour_water_unique	3k_main_ancillary_armour_archer_light_armour_water_unique	0	Slayer's Skin	Stitched from war's very essence, its wearer embodies death.	armours/3k_main_ancillary_armour_archer_light_armour_water_unique.png	
3k_main_ancillary_architect	3k_main_ancillary_follower_architect	0	Architect	This man oversees all aspects of construction, from the thought right through to the final form.	followers/3k_main_ancillary_architect.png	
3k_main_ancillary_armour_cao_chuns_armour_unique	3k_main_ancillary_armour_cao_chuns_armour_unique	0	placeholder	placeholder	armours/3k_main_ancillary_fire_armour_unique.png	
3k_main_ancillary_armour_cao_hongs_armour_unique	3k_main_ancillary_armour_cao_hongs_armour_unique	0	placeholder	placeholder	armours/3k_main_ancillary_wood_armour_unique.png	
3k_main_ancillary_armour_cao_xius_armour_unique	3k_main_ancillary_armour_cao_xius_armour_unique	0	placeholder	placeholder	armours/3k_main_ancillary_fire_armour_unique.png	
3k_main_ancillary_armour_cao_zhens_armour_unique	3k_main_ancillary_armour_cao_zhens_armour_unique	0	placeholder	placeholder	armours/3k_main_ancillary_earth_armour_unique.png	
3k_main_ancillary_armour_gao_gans_armour_unique	3k_main_ancillary_armour_gao_gans_armour_unique	0	Gao Gan's Armour	The perfect weight and fit, tailored for this warrior of class and distinction.	armours/3k_main_ancillary_gao_gans_armour_unique.png	
3k_main_ancillary_armour_lu_sus_armour_unique	3k_main_ancillary_armour_lu_sus_armour_unique	0	Lu Su's Armour	The perfect weight and fit, tailored for this warrior of class and distinction.	armours/3k_main_ancillary_water_armour_unique.png	
3k_main_ancillary_armour_wang_kuangs_armour_unique	3k_main_ancillary_armour_wang_kuangs_armour_unique	0	Wang Kuang's Armour	The perfect weight and fit, tailored for this warrior of class and distinction.	armours/3k_main_ancillary_water_armour_unique.png	
3k_main_ancillary_armour_ze_rongs_armour_unique	3k_main_ancillary_armour_ze_rongs_armour_unique	0	Ze Rong's Armour	The perfect weight and fit, tailored for this warrior of class and distinction.	armours/3k_main_ancillary_fire_armour_unique.png	
3k_main_ancillary_armour_zhang_yangs_armour_unique	3k_main_ancillary_armour_zhang_yangs_armour_unique	0	Zhang Yang's Armour	The perfect weight and fit, tailored for this warrior of class and distinction.	armours/3k_main_ancillary_fire_armour_unique.png	
3k_main_ancillary_art_of_war	3k_main_ancillary_accessory_art_of_war	0	Art of War	"When near, appear to be far away."	accessories/3k_main_ancillary_art_of_war.png	
3k_main_ancillary_artisan	3k_main_ancillary_follower_artisan	0	Artisan	More than a mere worker, this one is skilled with his hands in a particular, valuable field.	followers/3k_main_ancillary_artisan.png	
3k_main_ancillary_astronomer	3k_main_ancillary_follower_astronomer	0	Astronomer	"See how the Twenty-eight Mansions move through the Four Symbols. There is a pattern - as in all things, I find - like the workings of a machine."	followers/3k_main_ancillary_astronomer.png	
3k_main_ancillary_axes_of_the_bandit_queen	3k_main_ancillary_weapon_axes_of_the_bandit_queen	0	The Red Sisters	"These axes will be an extension of my strength and will."	weapons/3k_main_ancillary_axes_of_the_bandit_queen.png	
3k_main_ancillary_battle_axe_unique	3k_main_ancillary_weapon_cleaver_of_mountains_unique	0	Cleaver of Mountains	Only the stoutest hearts dare oppose its wielder.	weapons/3k_main_ancillary_cleaver_of_mountains_unique.png	
3k_main_ancillary_black_elite	3k_main_ancillary_mount_black_elite	0	Black Elite	Truly the lord of all horses.	mounts/3k_main_ancillary_black_elite.png	
3k_main_ancillary_black_horse	3k_main_ancillary_mount_black_horse	0	Black Horse	More than adequate for average journeys.	mounts/3k_main_ancillary_black_horse.png	
3k_main_ancillary_black_stallion	3k_main_ancillary_mount_black_stallion	0	Black Stallion	A superior specimen indeed.	mounts/3k_main_ancillary_black_stallion.png	
3k_main_ancillary_black_thoroughbred	3k_main_ancillary_mount_black_thoroughbred	0	Black Thoroughbred	This horse has shown great promise at an exceptionally young age.	mounts/3k_main_ancillary_black_thoroughbred.png	
3k_main_ancillary_blade_of_seven_gems	3k_main_ancillary_accessory_blade_of_seven_gems	0	Blade of Seven Gems	With which Cao Cao shall slay the tyrant.	weapons/3k_main_ancillary_blade_of_seven_gems.png	
3k_main_ancillary_blade_of_xiang_yu	3k_main_ancillary_weapon_blade_of_xiang_yu	0	Blade of Xiang Yu	"Slices through jade, like so much logging."	weapons/3k_main_ancillary_blade_of_xiang_yu.png	
3k_main_ancillary_bodyguard	3k_main_ancillary_follower_bodyguard	0	Bodyguard	If they want you they must go through him first. Good luck.	followers/3k_main_ancillary_bodyguard.png	
3k_main_ancillary_book_of_ceremonies	3k_main_ancillary_accessory_book_of_ceremonies	0	Book of Ceremonies	Social etiquette and ritual are closely linked.	accessories/3k_main_ancillary_book_of_ceremonies.png	
3k_main_ancillary_book_of_changes	3k_main_ancillary_accessory_book_of_changes	0	Book of Changes	"Why does it happen? Because it happens - roll the bones."	accessories/3k_main_ancillary_book_of_changes.png	
3k_main_ancillary_book_of_concealing_method	3k_main_ancillary_accessory_book_of_concealing_method	0	Book of Concealing Method	"Ascend to the clouds astride the wind, sail up into the great void itself."	accessories/3k_main_ancillary_book_of_concealing_method.png	
3k_main_ancillary_book_of_documents	3k_main_ancillary_accessory_book_of_documents	0	Book of Documents	A useful collection of texts detailing how principles of Confucian thought may be applied to the physical world.	accessories/3k_main_ancillary_book_of_documents.png	
3k_main_ancillary_book_of_earth	3k_main_ancillary_accessory_book_of_earth	0	Book of Earth	The legend of the Three Sovereigns has much to teach of moral correctness and fortitude.	accessories/3k_main_ancillary_book_of_earth.png	
3k_main_ancillary_book_of_heaven	3k_main_ancillary_accessory_book_of_heaven	0	Book of Heaven	The path to supreme purity can be found here.	accessories/3k_main_ancillary_book_of_heaven.png	
3k_main_ancillary_book_of_mountains_and_seas	3k_main_ancillary_accessory_book_of_mountains_and_seas	0	Book of Mountains & Seas	Know where you've come from and the future seems clearer.	accessories/3k_main_ancillary_book_of_mountains_and_seas.png	
3k_main_ancillary_book_of_people	3k_main_ancillary_accessory_book_of_people	0	Book of People	China's most sacred treasure is its people.	accessories/3k_main_ancillary_book_of_people.png	
3k_main_ancillary_book_of_rites	3k_main_ancillary_accessory_book_of_rites	0	Book of Rites	The Confucian way, collected for ease of reference.	accessories/3k_main_ancillary_book_of_rites.png	
3k_main_ancillary_book_of_songs	3k_main_ancillary_accessory_book_of_songs	0	Book of Songs	A verse for every occasion.	accessories/3k_main_ancillary_book_of_songs.png	
3k_main_ancillary_brown_elite	3k_main_ancillary_mount_brown_elite	0	Brown Elite	Truly the lord of all horses.	mounts/3k_main_ancillary_brown_elite.png	
3k_main_ancillary_brown_horse	3k_main_ancillary_mount_brown_horse	0	Brown Horse	More than adequate for average journeys.	mounts/3k_main_ancillary_brown_horse.png	
3k_main_ancillary_brown_stallion	3k_main_ancillary_mount_brown_stallion	0	Brown Stallion	A superior specimen indeed.	mounts/3k_main_ancillary_brown_stallion.png	
3k_main_ancillary_brown_thoroughbred	3k_main_ancillary_mount_brown_thoroughbred	0	Brown Thoroughbred	This horse has shown great promise at an exceptionally young age.	mounts/3k_main_ancillary_brown_thoroughbred.png	
3k_main_ancillary_builder	3k_main_ancillary_follower_builder	0	Builder	He turns the architect's visions into a reality of wood and clay.	followers/3k_main_ancillary_builder.png	
3k_main_ancillary_cao_caos_armour_unique	3k_main_ancillary_armour_cao_caos_armour_unique	0	Cao Cao's Armour	The perfect weight and fit, tailored for this warrior of class and distinction.	armours/3k_main_ancillary_cao_caos_armour_unique.png	
3k_main_ancillary_celestial_sphere	3k_main_ancillary_accessory_celestial_sphere	0	Celestial Sphere	Study of the heavens reveals the science of their motion.	accessories/3k_main_ancillary_celestial_sphere.png	
3k_main_ancillary_ceremonial_stone_axe	3k_main_ancillary_accessory_ceremonial_stone_axe	0	Ceremonial Stone Axe	"Crush, yes. Cut, not quite so easily."	accessories/3k_main_ancillary_ceremonial_stone_axe.png	
3k_main_ancillary_ceremonial_sword_exceptional	3k_main_ancillary_weapon_ceremonial_sword_exceptional	0	Heavenly Sword	So perfect is its vaulting that this blade must have fallen from heaven.	weapons/3k_main_ancillary_ceremonial_sword_exceptional.png	
3k_main_ancillary_ceremonial_sword_refined	3k_main_ancillary_weapon_ceremonial_sword_refined	0	Noble's Sword	Your word is its command.	weapons/3k_main_ancillary_ceremonial_sword_refined.png	
3k_main_ancillary_ceremonial_sword_unique	3k_main_ancillary_weapon_ceremonial_sword_unique	0	Celestial Sword	Forged from the cosmos by the heavenly.	weapons/3k_main_ancillary_ceremonial_sword_unique.png	
3k_main_ancillary_classic_of_filial_piety	3k_main_ancillary_accessory_classic_of_filial_piety	0	Classic of Filial Piety	Honour your parents, for their struggle has eased your path.	accessories/3k_main_ancillary_classic_of_filial_piety.png	
3k_main_ancillary_clay_axe	3k_main_ancillary_accessory_clay_axe	0	Clay Axe	Earth and trees trump man-made walls.	accessories/3k_main_ancillary_clay_axe.png	
3k_main_ancillary_clay_cup	3k_main_ancillary_accessory_clay_cup	0	Clay Cup	Offer tea and you offer respect.	accessories/3k_main_ancillary_clay_cup.png	
3k_main_ancillary_clay_dog	3k_main_ancillary_accessory_clay_dog	0	Clay Dog	Care of animals enriches the soul, bringing peace.	accessories/3k_main_ancillary_clay_dog.png	
3k_main_ancillary_clay_fish	3k_main_ancillary_accessory_clay_fish	0	Clay Fish	Drop a fish and a child starves.	accessories/3k_main_ancillary_clay_fish.png	
3k_main_ancillary_clay_ox	3k_main_ancillary_accessory_clay_ox	0	Clay Ox	Strength and obedience: a farmer needs no more.	accessories/3k_main_ancillary_clay_ox.png	
3k_main_ancillary_clay_pig	3k_main_ancillary_accessory_clay_pig	0	Clay Pig	A sharp mind is preferable to an agreeable countenance.	accessories/3k_main_ancillary_clay_pig.png	
3k_main_ancillary_clay_rat	3k_main_ancillary_accessory_clay_rat	0	Clay Rat	Rats survive. That's something.	accessories/3k_main_ancillary_clay_rat.png	
3k_main_ancillary_clay_warrior	3k_main_ancillary_accessory_clay_warrior	0	Clay Warrior	A statue to fill its owner's heart with bravery and courage.	accessories/3k_main_ancillary_clay_warrior.png	
3k_main_ancillary_composite_bow_common	3k_main_ancillary_weapon_composite_bow_common	0	Bow	"Twang!"	weapons/3k_main_ancillary_composite_bow_common.png	
3k_main_ancillary_composite_bow_exceptional	3k_main_ancillary_weapon_composite_bow_exceptional	0	Imperial Bow	A better class of bow for a better class of warrior.	weapons/3k_main_ancillary_composite_bow_exceptional.png	
3k_main_ancillary_composite_bow_refined	3k_main_ancillary_weapon_composite_bow_refined	0	Composite Bow	It moves and shifts with the weather and climate, remaining deadly at all times.	weapons/3k_main_ancillary_composite_bow_refined.png	
3k_main_ancillary_composite_bow_unique	3k_main_ancillary_weapon_composite_bow_unique	0	The Black Dragon	This bow is said to be enchanted, after an enormous dragon appeared before its maker.	weapons/3k_main_ancillary_composite_bow_unique.png	
3k_main_ancillary_concubine	3k_main_ancillary_follower_concubine	0	Concubine	"No, she's not my wife. I keep her for… pleasures. It's less complicated than it sounds."	followers/3k_main_ancillary_concubine.png	
3k_main_ancillary_confucian_sage	3k_main_ancillary_follower_confucian_sage	0	Confucian Sage	Junzi has many characteristics. Junzi can live with poverty; Junzi does more and speaks less. Junzi disciplines himself.	followers/3k_main_ancillary_confucian_sage.png	
3k_main_ancillary_craftsman	3k_main_ancillary_follower_craftsman	0	Craftsman	In a sea of so many souls, it quite literally pays to specialise.	followers/3k_main_ancillary_craftsman.png	
3k_main_ancillary_crane_feather_fan	3k_main_ancillary_accessory_crane_feather_fan	0	Crane Feather Fan	Gifted by nature to ease the summer heat.	accessories/3k_main_ancillary_crane_feather_fan.png	
3k_main_ancillary_cryptographer	3k_main_ancillary_follower_cryptographer	0	Cryptographer	The cipher conceals the details of the plan - and, often, the plan itself - from the enemy at hand.	followers/3k_main_ancillary_cryptographer.png	
3k_main_ancillary_devious_attendant	3k_main_ancillary_follower_devious_attendant	0	Devious Attendant	"My lord, if I may approach - I've had a few thoughts that may be of use…"	followers/3k_main_ancillary_devious_attendant.png	
3k_main_ancillary_dian_weis_armour_unique	3k_main_ancillary_armour_dian_weis_armour_unique	0	Dian Wei's Armour	The perfect weight and fit, tailored for this warrior of class and distinction.	armours/3k_main_ancillary_dian_weis_armour_unique.png	
3k_main_ancillary_dilu	3k_main_ancillary_mount_dilu	0	Dilu	The last horse you will ever want!	mounts/3k_main_ancillary_dilu.png	
3k_main_ancillary_discourses_of_the_states	3k_main_ancillary_accessory_discourses_of_the_states	0	Discourses of the States	Read the words of the great and good who walked the world before you, and learn something of its ways.	accessories/3k_main_ancillary_discourses_of_the_states.png	
3k_main_ancillary_diviner	3k_main_ancillary_follower_diviner	0	Diviner	"No, it is not guesswork - I have a… sense for these things."	followers/3k_main_ancillary_diviner.png	
3k_main_ancillary_dong_zhuos_armour_unique	3k_main_ancillary_armour_dong_zhuos_armour_unique	0	Dong Zhuo's Armour	The perfect weight and fit, tailored for this warrior of class and distinction.	armours/3k_main_ancillary_dong_zhuos_armour_unique.png	
3k_main_ancillary_double_edged_sword_common	3k_main_ancillary_weapon_double_edged_sword_common	0	Jian	The 'Gentleman of Weapons' requires skill and training to wield effectively.	weapons/3k_main_ancillary_double_edged_sword_common.png	
3k_main_ancillary_double_edged_sword_exceptional	3k_main_ancillary_weapon_double_edged_sword_exceptional	0	Warblade	Containing all knowledge of war within its steel, its smith must surely be revered.	weapons/3k_main_ancillary_double_edged_sword_exceptional.png	
3k_main_ancillary_double_edged_sword_refined	3k_main_ancillary_weapon_double_edged_sword_refined	0	Military Jian	A great sword for a great warrior.	weapons/3k_main_ancillary_double_edged_sword_refined.png	
3k_main_ancillary_double_edged_sword_unique	3k_main_ancillary_weapon_double_edged_sword_unique	0	Sovereign of Blades	The very best swordsmiths laboured day and night to make a blade fit for the emperor.	weapons/3k_main_ancillary_double_edged_sword_unique.png	
3k_main_ancillary_dual_axes_exceptional	3k_main_ancillary_weapon_dual_axes_exceptional	0	Dual War Axes	"If you see him coming, run as fast as you can!"	weapons/3k_main_ancillary_dual_axes_exceptional.png	
3k_main_ancillary_dual_short_ji_exceptional	3k_main_ancillary_weapon_dual_short_ji_exceptional	0	Twin Martial Ji	The 'Chicken-claw Sickle' is a deadly adversary, make no mistake.	weapons/3k_main_ancillary_dual_short_ji_exceptional.png	
3k_main_ancillary_dual_swords_common	3k_main_ancillary_weapon_dual_swords_common	0	Dual Jian	"Let me introduce you to two of my closest friends…"	weapons/3k_main_ancillary_dual_swords_common.png	
3k_main_ancillary_dual_swords_exceptional	3k_main_ancillary_weapon_dual_swords_exceptional	0	Kindred Jian	Kindred spirits stay together forever.	weapons/3k_main_ancillary_dual_swords_exceptional.png	
3k_main_ancillary_dual_swords_refined	3k_main_ancillary_weapon_dual_swords_refined	0	Matched Jian	A mother knows her sons.	weapons/3k_main_ancillary_dual_swords_refined.png	
3k_main_ancillary_dual_swords_unique	3k_main_ancillary_weapon_dual_swords_unique	0	Sworn Brothers	Nothing without each other, but together they are untouchable.	weapons/3k_main_ancillary_dual_swords_unique.png	
3k_main_ancillary_earthquake_watching_device	3k_main_ancillary_accessory_earthquake_watching_device	0	Seismograph	Sometimes, the Earth moves to shake men from their lethargy - this device warns of its destructive wave.	accessories/3k_main_ancillary_earthquake_watching_device.png	
3k_main_ancillary_eavesdropper	3k_main_ancillary_follower_eavesdropper	0	Eavesdropper	You never know who may be listening, and where they may be hiding.	followers/3k_main_ancillary_eavesdropper.png	
3k_main_ancillary_elite_trainer	3k_main_ancillary_follower_elite_trainer	0	Elite Trainer	The best of the best are about to get better.	followers/3k_main_ancillary_elite_trainer.png	
3k_main_ancillary_engineer	3k_main_ancillary_follower_engineer	0	Engineer	Levered catapults, repeating crossbows, cloud ladders, rotating arcuballistas - whatever your siege requires, this one can provide.	followers/3k_main_ancillary_engineer.png	
3k_main_ancillary_erya	3k_main_ancillary_accessory_erya	0	Erya	Codifying a language such as this requires an elegant approach.	accessories/3k_main_ancillary_erya.png	
3k_main_ancillary_eunuch	3k_main_ancillary_follower_eunuch	0	Eunuch	"He may not be as... 'complete' as other men, but he has many times the guile, believe you me."	followers/3k_main_ancillary_eunuch.png	
3k_main_ancillary_farm_manager	3k_main_ancillary_follower_farm_manager	0	Farm Manager	Standing between the landowner and the peasants, this one ensures the system - and the resultant flow of money - works as expected.	followers/3k_main_ancillary_farm_manager.png	
3k_main_ancillary_farmer	3k_main_ancillary_follower_farmer	0	Farmer	Even the hardest soil can be coaxed into giving life.	followers/3k_main_ancillary_farmer.png	
3k_main_ancillary_feather_fan	3k_main_ancillary_accessory_feather_fan	0	Feather Fan	It's hot on campaign.	accessories/3k_main_ancillary_feather_fan.png	
3k_main_ancillary_follower_weapon_craftsman	3k_main_ancillary_follower_weapon_craftsman	0	placeholder	placeholder	followers/3k_main_ancillary_builder.png	
3k_main_ancillary_foreman	3k_main_ancillary_follower_foreman	0	Foreman	If the work is to proceed on schedule, the workers must be supervised and directed by another.	followers/3k_main_ancillary_foreman.png	
3k_main_ancillary_forge_master	3k_main_ancillary_follower_forge_master	0	Forge Master	The fruits of the furnace must be carefully managed.	followers/3k_main_ancillary_forge_master.png	
3k_main_ancillary_gan_nings_armour_unique	3k_main_ancillary_armour_gan_nings_armour_unique	0	Gan Ning's Armour	The perfect weight and fit, tailored for this warrior of class and distinction.	armours/3k_main_ancillary_gan_nings_armour_unique.png	
3k_main_ancillary_ganjiang	3k_main_ancillary_weapon_ganjiang	0	Gan Jiang	Mo Ye instilled her husband's skill and constancy into this exceptional blade.	weapons/3k_main_ancillary_ganjiang.png	
3k_main_ancillary_giant_mace_unique	3k_main_ancillary_weapon_giant_mace_unique	0	Giantbane	Devastating when it lands, ineffective if it misses.	weapons/3k_main_ancillary_giant_mace_unique.png	
3k_main_ancillary_gong_dus_armour_unique	3k_ytr_ancillary_armour_gong_dus_armour_unique	0	Gong Du's Armour	The perfect weight and fit, tailored for this warrior of class and distinction.	armours/3k_ytr_ancillary_armour_gong_du_unique.png	
3k_main_ancillary_gongsun_zans_armour_unique	3k_main_ancillary_armour_gongsun_zans_armour_unique	0	Gongsun Zan's Armour	The perfect weight and fit, tailored for this warrior of class and distinction.	armours/3k_main_ancillary_gongsun_zans_armour_unique.png	
3k_main_ancillary_green_dragon_crescent_blade	3k_main_ancillary_weapon_green_dragon_crescent_blade	0	Green Dragon Crescent Blade	Visited by a green dragon whilst forging this lethal glaive, its maker believes the creature itself was incorporated into the steel.	weapons/3k_main_ancillary_green_dragon_cresent_blade.png	
3k_main_ancillary_grey_elite	3k_main_ancillary_mount_grey_elite	0	Grey Elite	Truly the lord of all horses.	mounts/3k_main_ancillary_grey_elite.png	
3k_main_ancillary_grey_horse	3k_main_ancillary_mount_grey_horse	0	Grey Horse	More than adequate for average journeys.	mounts/3k_main_ancillary_grey_horse.png	
3k_main_ancillary_grey_stallion	3k_main_ancillary_mount_grey_stallion	0	Grey Stallion	A superior specimen indeed.	mounts/3k_main_ancillary_grey_stallion.png	
3k_main_ancillary_grey_thoroughbred	3k_main_ancillary_mount_grey_thoroughbred	0	Grey Thoroughbred	This horse has shown great promise at an exceptionally young age.	mounts/3k_main_ancillary_grey_thoroughbred.png	
3k_main_ancillary_guan_yus_armour_unique	3k_main_ancillary_armour_guan_yus_armour_unique	0	Guan Yu's Armour	The perfect weight and fit, tailored for this warrior of class and distinction.	armours/3k_main_ancillary_guan_yus_armour_unique.png	
3k_main_ancillary_guard	3k_main_ancillary_follower_guard	0	Guard	Sensible precaution or advertising for criminals? It depends very much on the man chosen.	followers/3k_main_ancillary_guard.png	
3k_main_ancillary_halberd_common	3k_main_ancillary_weapon_halberd_common	0	Ji	A common weapon in the army, the ji is spear, axe and dagger combined.	weapons/3k_main_ancillary_halberd_common.png	
3k_main_ancillary_halberd_exceptional	3k_main_ancillary_weapon_halberd_exceptional	0	Ji of the Imperial Guard	The emperor's guards are the best, so they must wield weapons of the same standard.	weapons/3k_main_ancillary_halberd_exceptional.png	
3k_main_ancillary_halberd_refined	3k_main_ancillary_weapon_halberd_refined	0	Military Ji	Superior materials and craftsmanship for a weapon built for war.	weapons/3k_main_ancillary_halberd_refined.png	
3k_main_ancillary_halberd_unique	3k_main_ancillary_weapon_halberd_unique	0	Ji of Heavenly Mandate	The Mandate of Heaven must be protected.	weapons/3k_main_ancillary_halberd_unique.png	
3k_main_ancillary_han_suis_armour_unique	3k_main_ancillary_armour_han_suis_armour_unique	0	Han Sui's Armour	The perfect weight and fit, tailored for this warrior of class and distinction.	armours/3k_main_ancillary_han_suis_armour_unique.png	
3k_main_ancillary_he_yis_armour_unique	3k_ytr_ancillary_armour_he_yis_armour_unique	0	He Yi's Armour	The perfect weight and fit, tailored for this warrior of class and distinction.	armours/3k_main_ancillary_he_yis_armour_unique.png	
3k_main_ancillary_heavy_armour_fire_extraordinary	3k_main_ancillary_armour_heavy_armour_fire_extraordinary	0	Tempered Iron Skin	"Skin of metal, and a body that will never die!"	armours/3k_main_ancillary_armour_heavy_armour_fire_extraordinary.png	
3k_main_ancillary_heavy_armour_fire_unique	3k_main_ancillary_armour_heavy_armour_fire_unique	0	Bastion of Fire	Rain fire, and unleash death. Enjoy the stench of burning.	armours/3k_main_ancillary_armour_heavy_armour_fire_unique.png	
3k_main_ancillary_heavy_armour_wood_and_fire_common	3k_main_ancillary_armour_heavy_armour_wood_and_fire_common	0	Dull Iron Carapace	Leather, reinforced with iron, for the soldier on the front line.	armours/3k_main_ancillary_armour_heavy_armour_wood_and_fire_common.png	
3k_main_ancillary_heavy_armour_wood_and_fire_refined	3k_main_ancillary_armour_heavy_armour_wood_and_fire_refined	0	Forged Iron Scale	Better materials, better utilised; gives the wearer the courage of many.	armours/3k_main_ancillary_armour_heavy_armour_wood_and_fire_refined.png	
3k_main_ancillary_heavy_armour_wood_extraordinary	3k_main_ancillary_armour_heavy_armour_wood_extraordinary	0	Hardened Iron Shell	A barrier of iron to put the warrior at ease.	armours/3k_main_ancillary_armour_heavy_armour_wood_extraordinary.png	
3k_main_ancillary_heavy_armour_wood_unique	3k_main_ancillary_armour_heavy_armour_wood_unique	0	Gilded Turtle	The turtle does not fear the pecking of the bird.	armours/3k_main_ancillary_armour_heavy_armour_wood_unique.png	
3k_main_ancillary_herdsman	3k_main_ancillary_follower_herdsman	0	Herdsman	This one looks after the livestock until it is needed.	followers/3k_main_ancillary_herdsman.png	
3k_main_ancillary_hook_sickle_sabre_common	3k_main_ancillary_weapon_hook_sickle_sabre_common	0	Glaive	The inventor of this 'sword on a stick' either had an extremely graphic imagination or none at all!	weapons/3k_main_ancillary_hook_sickle_sabre_common.png	
3k_main_ancillary_hook_sickle_sabre_exceptional	3k_main_ancillary_weapon_hook_sickle_sabre_exceptional	0	War Glaive	"Can't think of too many other uses, if I'm honest…"	weapons/3k_main_ancillary_hook_sickle_sabre_exceptional.png	
3k_main_ancillary_hook_sickle_sabre_refined	3k_main_ancillary_weapon_hook_sicle_sabre_refined	0	Great Glaive	Three things are required to wield this glaive effectively: two hands, a sturdy grip, and a strong stomach.	weapons/3k_main_ancillary_hook_sickle_sabre_refined.png	
3k_main_ancillary_hua_tuo	3k_main_ancillary_follower_hua_tuo	0	Hua Tuo	"Drink this… trust me, you will feel no pain."	followers/3k_main_ancillary_hua_tuo.png	
3k_main_ancillary_hua_tuos_manual	3k_main_ancillary_accessory_hua_tuos_manual	0	Hua Tuo's Manual	"Your kung-fu is weak, old man…"	accessories/3k_main_ancillary_hua_tuos_manual.png	
3k_main_ancillary_huang_shaos_armour_unique	3k_ytr_ancillary_armour_huang_shaos_armour_unique	0	Huang Shao's Armour	The perfect weight and fit, tailored for this warrior of class and distinction.	armours/3k_ytr_ancillary_armour_huang_shao_unique.png	
3k_main_ancillary_huang_zhongs_armour_unique	3k_main_ancillary_armour_huang_zhongs_armour_unique	0	Huang Zhong's Armour	The perfect weight and fit, tailored for this warrior of class and distinction.	armours/3k_main_ancillary_huang_zhongs_armour_unique.png	
3k_main_ancillary_imperial_jade_seal	3k_main_ancillary_accessory_imperial_jade_seal	0	Imperial Jade Seal	The symbol of imperial strength and stability, but not its guarantor.	accessories/3k_main_ancillary_imperial_jade_seal.png	
3k_main_ancillary_inspector	3k_main_ancillary_follower_inspector	0	Inspector	Standards must be upheld.	followers/3k_main_ancillary_inspector.png	
3k_main_ancillary_iron_archer	3k_main_ancillary_accessory_iron_archer	0	Iron Archer	Marksmen are forged from time and toil.	accessories/3k_main_ancillary_iron_archer.png	
3k_main_ancillary_iron_sickle	3k_main_ancillary_accessory_iron_sickle	0	Iron Sickle	The best people give their time and talents freely, with no thought of reward.	accessories/3k_main_ancillary_iron_sickle.png	
3k_main_ancillary_iron_snake	3k_main_ancillary_accessory_iron_snake	0	Iron Snake	Moderation in all things.	accessories/3k_main_ancillary_iron_snake.png	
3k_main_ancillary_jade_archer	3k_main_ancillary_accessory_jade_archer	0	Jade Archer	Archer and bow can become one.	accessories/3k_main_ancillary_jade_archer.png	
3k_main_ancillary_jade_horse	3k_main_ancillary_accessory_jade_horse	0	Jade Horse	Dull, weak men know nothing of spirit; the horse on the plain knows all.	accessories/3k_main_ancillary_jade_horse.png	
3k_main_ancillary_jade_horseman	3k_main_ancillary_accessory_jade_horseman	0	Jade Horseman	Always be ready, poised to strike.	accessories/3k_main_ancillary_jade_horseman.png	
3k_main_ancillary_jade_monkey	3k_main_ancillary_accessory_jade_monkey	0	Jade Monkey	Wisdom is knowledge of men's true value.	accessories/3k_main_ancillary_jade_monkey.png	
3k_main_ancillary_jade_rooster	3k_main_ancillary_accessory_jade_rooster	0	Jade Rooster	Single-minded determination separates the exceptional from the rest.	accessories/3k_main_ancillary_jade_rooster.png	
3k_main_ancillary_jade_sculptor	3k_main_ancillary_follower_jade_sculptor	0	Jade Sculptor	The most precious stone rewards the gentlest hand.	followers/3k_main_ancillary_jade_sculptor.png	
3k_main_ancillary_jade_sickle	3k_main_ancillary_accessory_jade_sickle	0	Jade Sickle	Community maintained, like the farmer at harvest time.	accessories/3k_main_ancillary_jade_sickle.png	
3k_main_ancillary_jade_snake	3k_main_ancillary_accessory_jade_snake	0	Jade Snake	"Sssssssssss!"	accessories/3k_main_ancillary_jade_snake.png	
3k_main_ancillary_jade_statue_of_confucius	3k_main_ancillary_accessory_jade_statue_of_confucius	0	Jade Statue of Confucius	This heavenly immortalisation inspires honesty and correctness, even in the most corrupt.	accessories/3k_main_ancillary_jade_statue_of_confucius.png	
3k_main_ancillary_king_of_jade_ge	3k_main_ancillary_accessory_king_of_jade_ge	0	King of Jade Ge	Part-axe, part-ceremonial dagger, the king was expertly crafted from finest jade.	weapons/3k_main_ancillary_king_of_jade_ge.png	
3k_main_ancillary_kong_rongs_armour_unique	3k_main_ancillary_armour_kong_rongs_armour_unique	0	Kong Rong's Armour	The perfect weight and fit, tailored for this warrior of class and distinction.	armours/3k_main_ancillary_kong_rongs_armour_unique.png	
3k_main_ancillary_labour_recruiter	3k_main_ancillary_follower_labour_recruiter	0	Labour Recruiter	"Think of it like this: you will be working directly for the emperor himself."	followers/3k_main_ancillary_labour_recruiter.png	
3k_main_ancillary_lady_suns_armour_unique	3k_main_ancillary_armour_lady_suns_armour_unique	0	Sun Ren's Armour	The perfect weight and fit, tailored for this warrior of class and distinction.	armours/3k_main_ancillary_lady_suns_armour_unique.png	
3k_main_ancillary_land_shaper	3k_main_ancillary_follower_land_shaper	0	Land Shaper	"Yes, clear all of it away - I wish to see the lake from here."	followers/3k_main_ancillary_land_shaper.png	
3k_main_ancillary_law_enforcer	3k_main_ancillary_follower_law_enforcer	0	Law Enforcer	In society, one must learn to conform.	followers/3k_main_ancillary_law_enforcer.png	
3k_main_ancillary_legalist_fanatic	3k_main_ancillary_follower_legalist_fanatic	0	Legalist Fanatic	Standards must not be allowed to slip, for if the state fails, what hope is there for the country?	followers/3k_main_ancillary_legalist_fanatic.png	
3k_main_ancillary_light_armour_earth_extraordinary	3k_main_ancillary_armour_light_armour_earth_extraordinary	0	Dignified Raiment	A serious man should dress accordingly.	armours/3k_main_ancillary_armour_light_armour_earth_extraordinary.png	
3k_main_ancillary_light_armour_earth_metal_and_water_common	3k_main_ancillary_armour_light_armour_earth_metal_and_water_common	0	Hunter's Garb	Lightweight and practical, this mostly-leather suit will protect its wearer from most of what the soldier must endure.	armours/3k_main_ancillary_armour_light_armour_earth_metal_and_water_common.png	
3k_main_ancillary_light_armour_earth_metal_and_water_refined	3k_main_ancillary_armour_light_armour_earth_metal_and_water_refined	0	Ranger's Outfit	Lightweight, but still able to protect its wearer from much of war's harshness.	armours/3k_main_ancillary_armour_light_armour_earth_metal_and_water_refined.png	
3k_main_ancillary_light_armour_earth_unique	3k_main_ancillary_armour_light_armour_earth_unique	0	Noble's Right	Nobles, by right of birth or office, are entitled to the best equipment.	armours/3k_main_ancillary_armour_light_armour_earth_unique.png	
3k_main_ancillary_light_armour_metal_extraordinary	3k_main_ancillary_armour_light_armour_metal_extraordinary	0	Professional's Raiment	If you mean business, it's important to look like it.	armours/3k_main_ancillary_armour_light_armour_metal_extraordinary.png	
3k_main_ancillary_light_armour_metal_unique	3k_main_ancillary_armour_light_armour_metal_unique	0	Master's Attire	Ornate armour for the distinguished warrior.	armours/3k_main_ancillary_armour_light_armour_metal_unique.png	
3k_main_ancillary_liu_beis_armour_unique	3k_main_ancillary_armour_liu_beis_armour_unique	0	Liu Bei's Armour	The perfect weight and fit, tailored for this warrior of class and distinction.	armours/3k_main_ancillary_liu_beis_armour_unique.png	
3k_main_ancillary_liu_biaos_armour_unique	3k_main_ancillary_armour_liu_biaos_armour_unique	0	Liu Biao's Armour	The perfect weight and fit, tailored for this warrior of class and distinction.	armours/3k_main_ancillary_liu_biaos_armour_unique.png	
3k_main_ancillary_liu_zhangs_armour_unique	3k_main_ancillary_armour_liu_zhangs_armour_unique	0	Liu Zhang's Armour	The perfect weight and fit, tailored for this warrior of class and distinction.	armours/3k_main_ancillary_liu_zhangs_armour_unique.png	
3k_main_ancillary_local_administrator	3k_main_ancillary_follower_local_administrator	0	Local Administrator	A little local knowledge makes for a more tailored service.	followers/3k_main_ancillary_local_administrator.png	
3k_main_ancillary_lu_bus_armour_unique	3k_main_ancillary_armour_lu_bus_armour_unique	0	Lü Bu's Armour	The perfect weight and fit, tailored for this warrior of class and distinction.	armours/3k_main_ancillary_lu_bus_armour_unique.png	
3k_main_ancillary_ma_chaos_armour_unique	3k_main_ancillary_armour_ma_chaos_armour_unique	0	Ma Chao's Armour	The perfect weight and fit, tailored for this warrior of class and distinction.	armours/3k_main_ancillary_ma_chaos_armour_unique.png	
3k_main_ancillary_ma_su	3k_main_ancillary_weapon_ma_su	0	Dread Bringer	Not even Gongsun Zan's white horses are as precious to him.	weapons/3k_main_ancillary_ma_su.png	
3k_main_ancillary_ma_tengs_armour_unique	3k_main_ancillary_armour_ma_tengs_armour_unique	0	Ma Teng's Armour	The perfect weight and fit, tailored for this warrior of class and distinction.	armours/3k_main_ancillary_ma_tengs_armour_unique.png	
3k_main_ancillary_master_craftsman	3k_main_ancillary_follower_master_craftsman	0	Master Craftsman	At the top of his profession, this man receives offers of work from far and wide.	followers/3k_main_ancillary_master_craftsman.png	
3k_main_ancillary_mathematician	3k_main_ancillary_follower_mathematician	0	Mathematician	Much more than a student of numbers, this one can see them in his mind's eye and manipulate them instantly.	followers/3k_main_ancillary_mathematician.png	
3k_main_ancillary_medium_armour_earth_and_metal_common	3k_main_ancillary_armour_medium_armour_earth_and_metal_common	0	Instructor's Leather	Follow the leader, not the finery he wears.	armours/3k_main_ancillary_armour_medium_armour_earth_and_metal_common.png	
3k_main_ancillary_medium_armour_earth_and_metal_refined	3k_main_ancillary_armour_medium_armour_earth_and_metal_refined	0	Expert's Leather	The seasoned leader wears armour tested by time and combat.	armours/3k_main_ancillary_armour_medium_armour_earth_and_metal_refined.png	
3k_main_ancillary_medium_armour_earth_extraordinary	3k_main_ancillary_armour_medium_armour_earth_extraordinary	0	Noble's Leather	Armour suitable for its wearer's status and position.	armours/3k_main_ancillary_armour_medium_armour_earth_extraordinary.png	
3k_main_ancillary_medium_armour_earth_unique	3k_main_ancillary_armour_medium_armour_earth_unique	0	Lord's Will	Armour so fine it's a physical extension of its lord's commands.	armours/3k_main_ancillary_armour_medium_armour_earth_unique.png	
3k_main_ancillary_medium_armour_fire_extraordinary	3k_main_ancillary_armour_medium_armour_fire_extraordinary	0	Champion's Leather	When you're almost certain to win and you want to look good doing it…	armours/3k_main_ancillary_armour_medium_armour_fire_extraordinary.png	
3k_main_ancillary_medium_armour_fire_unique	3k_main_ancillary_armour_medium_armour_fire_unique	0	Leather of the Fire Phoenix	Transcendent armour for the god amongst men.	armours/3k_main_ancillary_armour_medium_armour_fire_unique.png	
3k_main_ancillary_medium_armour_metal_extraordinary	3k_main_ancillary_armour_medium_armour_metal_extraordinary	0	Master's Leather	A remarkable suit to complement a general's deeds.	armours/3k_main_ancillary_armour_medium_armour_metal_extraordinary.png	
3k_main_ancillary_medium_armour_metal_unique	3k_main_ancillary_armour_medium_armour_metal_unique	0	Spirit of the First Artist	These plates contain the heart and soul - the very spirit - of their creator.	armours/3k_main_ancillary_armour_medium_armour_metal_unique.png	
3k_main_ancillary_medium_armour_wood_and_fire_common	3k_main_ancillary_armour_medium_armour_wood_and_fire_common	0	Soldier's Reinforced Leather	Like its wearer, this armour is simple yet functional.	armours/3k_main_ancillary_armour_medium_armour_wood_and_fire_common.png	
3k_main_ancillary_medium_armour_wood_and_fire_refined	3k_main_ancillary_armour_medium_armour_wood_and_fire_refined	0	Warrior's Reinforced Leather	Well made armour is the warrior's pride.	armours/3k_main_ancillary_armour_medium_armour_wood_and_fire_refined.png	
3k_main_ancillary_medium_armour_wood_extraordinary	3k_main_ancillary_armour_medium_armour_wood_extraordinary	0	Defender's Leather	Those who hold fast shall be protected.	armours/3k_main_ancillary_armour_medium_armour_wood_extraordinary.png	
3k_main_ancillary_medium_armour_wood_unique	3k_main_ancillary_armour_medium_armour_wood_unique	0	Guardian	None shall pass.	armours/3k_main_ancillary_armour_medium_armour_wood_unique.png	
3k_main_ancillary_merchant	3k_main_ancillary_follower_merchant	0	Merchant	When the world is for sale, the smart man sees a way to profit from it.	followers/3k_main_ancillary_merchant.png	
3k_main_ancillary_military_expert	3k_main_ancillary_follower_military_expert	0	Military Expert	This grizzled warrior has survived not by running away, but by standing his ground.	followers/3k_main_ancillary_military_expert.png	
3k_main_ancillary_military_instructor	3k_main_ancillary_follower_military_instructor	0	Military Instructor	"Right, you ingrates, listen to me if you want to see another dawn!"	followers/3k_main_ancillary_military_instructor.png	
3k_main_ancillary_monk	3k_main_ancillary_follower_monk	0	Taoist Monk	He lives by alms because the world of men has no value.	followers/3k_main_ancillary_monk.png	
3k_main_ancillary_mount_heavenly_fire	3k_main_ancillary_mount_heavenly_fire	0	Heavenly Fire	Faster and more destructive than thunder and lightning combined.	mounts/3k_main_ancillary_heavenly_fire.png	
3k_main_ancillary_mount_wuhuan_horse	3k_main_ancillary_mount_wuhuan_horse	0	placeholder	placeholder	ui/ancillaries/mounts/3k_puzzle_ancillary_wuhuan_warhorse.png	
3k_main_ancillary_mount_xianbei_horse	3k_main_ancillary_mount_xianbei_horse	0	placeholder	placeholder	ui/ancillaries/mounts/3k_puzzle_ancillary_mongol_wild_horse.png	
3k_main_ancillary_mount_xiongnu_horse	3k_main_ancillary_mount_xiongnu_horse	0	placeholder	placeholder	ui/ancillaries/mounts/3k_puzzle_ancillary_xiongnu_purebreed.png	
3k_main_ancillary_moye	3k_main_ancillary_weapon_moye	0	Mo Ye	Named for its creator's wife, who poured great love and skill into its making.	weapons/3k_main_ancillary_moye.png	
3k_main_ancillary_mozi	3k_main_ancillary_accessory_mozi	0	Mozi	There is another way, should you choose to walk it.	accessories/3k_main_ancillary_mozi.png	
3k_main_ancillary_officer	3k_main_ancillary_follower_officer	0	Officer	"You heard the man and you know the plan!"	followers/3k_main_ancillary_officer.png	
3k_main_ancillary_one_handed_axe_common	3k_main_ancillary_weapon_one_handed_axe_common	0	Axe	"Trees, heads... what's the difference?"	weapons/3k_main_ancillary_one_handed_axe_common.png	
3k_main_ancillary_one_handed_axe_exceptional	3k_main_ancillary_weapon_one_handed_axe_exceptional	0	War Axe	Well forged and balanced, only a few can resist it at full swing.	weapons/3k_main_ancillary_one_handed_axe_exceptional.png	
3k_main_ancillary_one_handed_axe_refined	3k_main_ancillary_weapon_one_handed_axe_refined	0	Military Axe	Refined to a higher degree to withstand war's rigour and tumult.	weapons/3k_main_ancillary_one_handed_axe_refined.png	
3k_main_ancillary_overseer	3k_main_ancillary_follower_overseer	0	Overseer	"Not like that! Stop, now watch me. That's better."	followers/3k_main_ancillary_overseer.png	
3k_main_ancillary_philosopher	3k_main_ancillary_follower_philosopher	0	Philosopher	"Life is really simple, but we insist on making it complicated."	followers/3k_main_ancillary_philosopher.png	
3k_main_ancillary_porcelain_cup	3k_main_ancillary_accessory_porcelain_cup	0	Porcelain Cup	Tea brings perfect balance to the mind; it is only right that its receptacle is perfect also.	accessories/3k_main_ancillary_porcelain_cup.png	
3k_main_ancillary_prefect	3k_main_ancillary_follower_prefect	0	Prefect	The governor can share surplus food, or take it away, with a mere wave of his hand.	followers/3k_main_ancillary_prefect.png	
3k_main_ancillary_professional_instructor	3k_main_ancillary_follower_professional_instuctor	0	Professional Instructor	You're never too old, or too powerful, to learn something new.	followers/3k_main_ancillary_professional_instructor.png	
3k_main_ancillary_professor	3k_main_ancillary_follower_professor	0	Professor	What use is all that knowledge if it is not passed on to the coming generation?	followers/3k_main_ancillary_professor.png	
3k_main_ancillary_provincial_advisor	3k_main_ancillary_follower_provincial_advisor	0	Provincial Advisor	This man knows both the land and its people, and can organise them both.	followers/3k_main_ancillary_provincial_advisor.png	
3k_main_ancillary_provincial_auditor	3k_main_ancillary_follower_provincial_auditor	0	Provincial Auditor	You cannot hide from the state.	followers/3k_main_ancillary_provincial_auditor.png	
3k_main_ancillary_red_elite	3k_main_ancillary_mount_red_elite	0	Red Elite	Truly the lord of all horses.	mounts/3k_main_ancillary_red_elite.png	
3k_main_ancillary_red_hare	3k_main_ancillary_mount_red_hare	0	Red Hare	Ash red, this horse stands out, and can traverse the kingdom as if it were flat.	mounts/3k_main_ancillary_red_hare.png	
3k_main_ancillary_red_horse	3k_main_ancillary_mount_red_horse	0	Red Horse	More than adequate for average journeys.	mounts/3k_main_ancillary_red_horse.png	
3k_main_ancillary_red_stallion	3k_main_ancillary_mount_red_stallion	0	Red Stallion	A superior specimen indeed.	mounts/3k_main_ancillary_red_stallion.png	
3k_main_ancillary_red_thoroughbred	3k_main_ancillary_mount_red_thoroughbred	0	Red Thoroughbred	This horse has shown great promise at an exceptionally young age.	mounts/3k_main_ancillary_red_thoroughbred.png	
3k_main_ancillary_rites_of_zhou	3k_main_ancillary_accessory_rites_of_zhou	0	Rites of Zhou	"Bureaucracy, codified? The exquisite irony is not lost on me…"	accessories/3k_main_ancillary_rites_of_zhou.png	
3k_main_ancillary_scholar	3k_main_ancillary_follower_scholar	0	Scholar	Before specialisation, learn the basics.	followers/3k_main_ancillary_scholar.png	
3k_main_ancillary_serpent_spear	3k_main_ancillary_weapon_serpent_spear	0	Serpent Spear	Coils of the serpent unwind.	weapons/3k_main_ancillary_serpent_spear.png	
3k_main_ancillary_shadow_runner	3k_main_ancillary_mount_shadow_runner	0	Shadow Runner	A horse fast enough to outrun its own shadow!	mounts/3k_main_ancillary_shadow_runner.png	
3k_main_ancillary_shi_xies_armour_unique	3k_main_ancillary_armour_shi_xies_armour_unique	0	Shi Xie's Armour	The perfect weight and fit, tailored for this warrior of class and distinction.	armours/3k_dlc06_ancillary_shi_xie.png	
3k_main_ancillary_short_ji_exceptional	3k_main_ancillary_weapon_short_ji_exceptional	0	Martial Ji	Smaller than its brother, but no less deadly.	weapons/3k_main_ancillary_short_ji_exceptional.png	
3k_main_ancillary_shuang_gu_jian	3k_main_ancillary_weapon_shuang_gu_jian	0	Shuang Gu Jian	Made especially for Liu Bei at the beginning of his quest, these two swords travel everywhere with him.	weapons/3k_main_ancillary_shuang_gu_jian.png	
3k_main_ancillary_sima_yis_armour_unique	3k_main_ancillary_armour_sima_yis_armour_unique	0	Sima Yi's Armour	The perfect weight and fit, tailored for this warrior of class and distinction.	armours/3k_main_ancillary_sima_yis_armour_unique.png	
3k_main_ancillary_single_edged_sword_common	3k_main_ancillary_weapon_single_edged_sword_common	0	Ceremonial Sword	More for duty than for combat.	weapons/3k_main_ancillary_ceremonial_sword_common.png	
3k_main_ancillary_six_secret_teachings	3k_main_ancillary_accessory_six_secret_teachings	0	Six Secret Teachings	Much in life requires strategy if success is to be wooed.	accessories/3k_main_ancillary_six_secret_teachings.png	
3k_main_ancillary_south_pointing_chariot	3k_main_ancillary_accessory_south_pointing_chariot	0	South-pointing Chariot	Wherever you may be, the way home will always be clear.	accessories/3k_main_ancillary_south_pointing_chariot.png	
3k_main_ancillary_spy_master	3k_main_ancillary_follower_spy_master	0	Spy Master	The gathering of information, and what is done with it afterwards, is an art like any other.	followers/3k_main_ancillary_spy_master.png	
3k_main_ancillary_stone_archer	3k_main_ancillary_accessory_stone_archer	0	Stone Archer	This archer may be made from common material, but his eye is uncommon indeed.	accessories/3k_main_ancillary_stone_archer.png	
3k_main_ancillary_stone_axe	3k_main_ancillary_accessory_stone_axe	0	Stone Axe	Preparing for a siege takes an astute individual with a will of granite.	accessories/3k_main_ancillary_stone_axe.png	
3k_main_ancillary_stone_horse	3k_main_ancillary_accessory_stone_horse	0	Stone Horse	Those riders who truly know their steeds remain in the saddle.	accessories/3k_main_ancillary_stone_horse.png	
3k_main_ancillary_stone_monkey	3k_main_ancillary_accessory_stone_monkey	0	Stone Monkey	Respect of hierarchy ensures that the future will be profitable.	accessories/3k_main_ancillary_stone_monkey.png	
3k_main_ancillary_stone_pig	3k_main_ancillary_accessory_stone_pig	0	Stone Pig	Foreign trade can be lucrative, if you can see the jade through the rubble.	accessories/3k_main_ancillary_stone_pig.png	
3k_main_ancillary_stone_rat	3k_main_ancillary_accessory_stone_rat	0	Stone Rat	The merchant aspires to the rat's innate talents.	accessories/3k_main_ancillary_stone_rat.png	
3k_main_ancillary_stone_rooster	3k_main_ancillary_accessory_stone_rooster	0	Stone Rooster	The rooster brings fortune to any who own him.	accessories/3k_main_ancillary_stone_rooster.png	
3k_main_ancillary_stone_statue_of_confucius	3k_main_ancillary_accessory_stone_statue_of_confucius	0	Stone Statue of Confucius	It may help to gaze upon one's moral guardian before making difficult decisions.	accessories/3k_main_ancillary_stone_statue_of_confucius.png	
3k_main_ancillary_strategies_of_the_warring_states	3k_main_ancillary_accessory_strategies_of_the_warring_states	0	Strategies of the Warring States	Not all strategy is concerned with arms - wars of the mind, or intrigues of the court, are just as crucial.	accessories/3k_main_ancillary_strategies_of_the_warring_states.png	
3k_main_ancillary_strategist_light_armour_water_common	3k_main_ancillary_armour_strategist_light_armour_water_common	0	Vestments of Learning	Plain and uncomplicated, for the aspiring student.	armours/3k_main_ancillary_armour_strategist_light_armour_water_common.png	
3k_main_ancillary_strategist_light_armour_water_extraordinary	3k_main_ancillary_armour_strategist_light_armour_water_extraordinary	0	Robe of the Omen Maker	Who would believe a prophet in rags?	armours/3k_main_ancillary_armour_strategist_light_armour_water_extraordinary.png	
3k_main_ancillary_strategist_light_armour_water_refined	3k_main_ancillary_armour_strategist_light_armour_water_refined	0	Tunic of Divination	Luxurious, expertly made and only for the learned.	armours/3k_main_ancillary_armour_strategist_light_armour_water_refined.png	
3k_main_ancillary_strategist_light_armour_water_unique	3k_main_ancillary_armour_strategist_light_armour_water_unique	0	Waking Dragon	Created by China's greatest living tailor to clothe its greatest living minds.	armours/3k_main_ancillary_armour_strategist_light_armour_water_unique.png	
3k_main_ancillary_sun_ces_armour_unique	3k_main_ancillary_armour_sun_ces_armour_unique	0	Sun Ce's Armour	The perfect weight and fit, tailored for this warrior of class and distinction.	armours/3k_main_ancillary_sun_ces_armour_unique.png	
3k_main_ancillary_sun_jians_armour_unique	3k_main_ancillary_armour_sun_jians_armour_unique	0	Sun Jian's Armour	The perfect weight and fit, tailored for this warrior of class and distinction.	armours/3k_main_ancillary_sun_jians_armour_unique.png	
3k_main_ancillary_sun_quans_armour_unique	3k_main_ancillary_armour_sun_quans_armour_unique	0	Sun Quan's Armour	The perfect weight and fit, tailored for this warrior of class and distinction.	armours/3k_main_ancillary_sun_quans_armour_unique.png	
3k_main_ancillary_taishi_cis_armour_unique	3k_main_ancillary_armour_taishi_cis_armour_unique	0	Taishi Ci's Armour	The perfect weight and fit, tailored for this warrior of class and distinction.	armours/3k_main_ancillary_taishi_cis_armour_unique.png	
3k_main_ancillary_tao_qians_armour_unique	3k_main_ancillary_armour_tao_qians_armour_unique	0	Tao Qian's Armour	The perfect weight and fit, tailored for this warrior of class and distinction.	armours/3k_main_ancillary_tao_qians_armour_unique.png	
3k_main_ancillary_tax_collector	3k_main_ancillary_follower_tax_collector	0	Tax Collector	It's a dirty job but someone has to do it.	followers/3k_main_ancillary_tax_collector.png	
3k_main_ancillary_the_blue_blade	3k_main_ancillary_weapon_the_blue_blade	0	The Blue Blade	No armour can resist this sword without equal.	weapons/3k_main_ancillary_the_blue_blade.png	
3k_main_ancillary_the_emperor	3k_main_ancillary_accessory_the_emperor	0	The Emperor	The Huangdi's company alone speaks volumes about his companion's importance.	followers/3k_main_ancillary_the_emperor.png	
3k_main_ancillary_the_methods_of_the_sima	3k_main_ancillary_accessory_the_methods_of_the_sima	0	The Methods of the Sima	The Marshal's Art of War' contains everything a general needs to know or reference.	accessories/3k_main_ancillary_the_methods_of_the_sima.png	
3k_main_ancillary_the_nine_chapters_on_the_mathematical_art	3k_main_ancillary_accessory_the_nine_chapters_on_the_mathematical_art	0	The Nine Chapters on the Mathematical Art	Understanding numbers is the first step towards their control.	accessories/3k_main_ancillary_the_nine_chapters_on_the_mathematical_art.png	
3k_main_ancillary_the_three_strategies_of_the_duke_of_the_yellow_rock	3k_main_ancillary_accessory_the_three_strategies_of_the_duke_of_the_yellow_rock	0	The Three Strategies of the Duke of the Yellow Rock	Master these 'three points' and victory will not just be in sight, but within reach.	accessories/3k_main_ancillary_the_three_strategies_of_the_duke_of_the_yellow.png	
3k_main_ancillary_trader	3k_main_ancillary_follower_trader	0	Trader	What many consider to be beneath them, this man sees as his route to riches.	followers/3k_main_ancillary_trader.png	
3k_main_ancillary_trident_halberd	3k_main_ancillary_weapon_trident_halberd	0	Sky Piercer	Lü Bu and his favoured weapon fight as if they were one.	weapons/3k_main_ancillary_trident_halberd.png	
3k_main_ancillary_trust_of_god	3k_main_ancillary_weapon_trust_of_god	0	Trust of God	One of the finest swords ever created, this is Cao Cao's personal weapon of choice.	weapons/3k_main_ancillary_trust_of_god.png	
3k_main_ancillary_two_handed_axe_common	3k_main_ancillary_weapon_two_handed_axe_common	0	Great Axe	If it takes two hands just to pick it up, you can imagine what it does to skulls.	weapons/3k_main_ancillary_two_handed_axe_common.png	
3k_main_ancillary_two_handed_axe_exceptional	3k_main_ancillary_weapon_two_handed_axe_exceptional	0	Battle Axe	"Believe me, you don't want to be on the receiving end."	weapons/3k_main_ancillary_two_handed_axe_exceptional.png	
3k_main_ancillary_two_handed_axe_refined	3k_main_ancillary_weapon_two_handed_axe_refined	0	Military Great Axe	To wield this mighty blade you need two hands, and the strength of the ox.	weapons/3k_main_ancillary_two_handed_axe_refined.png	
3k_main_ancillary_two_handed_spear_common	3k_main_ancillary_weapon_two_handed_spear_common	0	Spear	"No! Pointy end in the air."	weapons/3k_main_ancillary_two_handed_spear_common.png	
3k_main_ancillary_two_handed_spear_exceptional	3k_main_ancillary_weapon_two_handed_spear_exceptional	0	Heirloom Spear	"This weapon has seen regimes rise and fall. Not sure it's still fit for purpose, if I'm honest."	weapons/3k_main_ancillary_two_handed_spear_exceptional.png	
3k_main_ancillary_two_handed_spear_refined	3k_main_ancillary_weapon_two_handed_spear_refined	0	Family Spear	"Your grandfather used this against the bandits."	weapons/3k_main_ancillary_two_handed_spear_refined.png	
3k_main_ancillary_two_handed_spear_unique	3k_main_ancillary_weapon_two_handed_spear_unique	0	Ancestral Pledge	A magnificent weapon, this spear truly embodies the integrity of its bearer.	weapons/3k_main_ancillary_two_handed_spear_unique.png	
3k_main_ancillary_tycoon	3k_main_ancillary_follower_tycoon	0	Tycoon	Commerce is all.	followers/3k_main_ancillary_tycoon.png	
3k_main_ancillary_water_clock	3k_main_ancillary_accessory_water_clock	0	Water Clock	Time's relentless progress can be measured by the flow of water.	accessories/3k_main_ancillary_water_clock.png	
3k_main_ancillary_weapon_ancient_silver_sword	3k_main_ancillary_weapon_ancient_silver_sword	0	Ancient Silver Sword	Forged by the ancients with knowledge long since lost.	weapons/3k_main_ancillary_ancient_silver_sword.png	
3k_main_ancillary_weapon_bow_huang_zhong	3k_main_ancillary_weapon_bow_huang_zhong	0	Heirloom Bow of Huang	Although a veteran of many battles, like its master, Huang Zhong's bow retains much vigour and vitality.	weapons/3k_main_ancillary_bow_huang_zhong.png	
3k_main_ancillary_weapon_bow_lady_sun	3k_main_ancillary_weapon_bow_lady_sun	0	Cinnabar-red Bow	Able to strike down both man and monster.	weapons/3k_main_ancillary_bow_taishi_ci.png	
3k_main_ancillary_weapon_bow_taishi_ci	3k_main_ancillary_weapon_bow_taishi_ci	0	Breath & Wind	"His breath became the wind, his voice the thunder."	weapons/3k_main_ancillary_bow_taishi_ci.png	
3k_main_ancillary_weapon_crossbow_common	3k_dlc04_ancillary_weapon_crossbow_prince_liu_chong_unique	0	placeholder	placeholder	weapons/3k_dlc04_ancillary_weapon_crossbow_prince_liu_chong_unique.png	
3k_main_ancillary_weapon_sword_and_shield_common	3k_main_ancillary_weapon_sword_and_shield_common	0	Jian	The 'Gentleman of Weapons' requires skill and training to wield effectively.	weapons/3k_main_ancillary_sword_and_shield_common.png	
3k_main_ancillary_weapon_sword_and_shield_unique	3k_main_ancillary_weapon_sword_and_shield_unique	0	placeholder	placeholder	weapons/3k_main_ancillary_sword_and_shield_common.png	
3k_main_ancillary_weapon_tribal_recurve_bow_exceptional	3k_main_ancillary_weapon_tribal_recurve_bow_exceptional	0	placeholder	placeholder	weapons/3k_main_ancillary_tribal_recurve_bow_exceptional.png	
3k_main_ancillary_weapon_two_handed_axe_unique	3k_main_ancillary_weapon_two_handed_axe_unique	0	Eater of Courage	So named as even the bravest have turned tail at the sight of it.	weapons/3k_main_ancillary_two_handed_axe_unique.png	
3k_main_ancillary_weapon_yue_jin_bow_unique	3k_main_ancillary_weapon_yue_jin_bow_unique	0	Yue Jin's Bow	placeholder	weapons/3k_main_ancillary_yue_jins_bow.png	
3k_main_ancillary_weapon_zhanmadao_unique	3k_main_ancillary_weapon_zhanmadao_unique	0	placeholder	placeholder	weapons/3k_dlc05_ancillary_weapon_sword_zhanmadao.png	
3k_main_ancillary_wei_liaozi	3k_main_ancillary_accessory_wei_liaozi	0	Wei Liaozi	War does not concern itself with battle alone - the council chamber can be just as much the battlefield, and words its weapons.	accessories/3k_main_ancillary_wei_liaozi.png	
3k_main_ancillary_white_elite	3k_main_ancillary_mount_white_elite	0	White Elite	Truly the lord of all horses.	mounts/3k_main_ancillary_white_elite.png	
3k_main_ancillary_white_horse	3k_main_ancillary_mount_white_horse	0	White Horse	More than adequate for average journeys.	mounts/3k_main_ancillary_white_horse.png	
3k_main_ancillary_white_stallion	3k_main_ancillary_mount_white_stallion	0	White Stallion	A superior specimen indeed.	mounts/3k_main_ancillary_white_stallion.png	
3k_main_ancillary_white_thoroughbred	3k_main_ancillary_mount_white_thoroughbred	0	White Thoroughbred	This horse has shown great promise at an exceptionally young age.	mounts/3k_main_ancillary_white_thoroughbred.png	
3k_main_ancillary_wooden_dog	3k_main_ancillary_accessory_wooden_dog	0	Wooden Dog	Vermin must be controlled in the afterlife as it is on this mortal coil.	accessories/3k_main_ancillary_wooden_dog.png	
3k_main_ancillary_wooden_fish	3k_main_ancillary_accessory_wooden_fish	0	Wooden Fish	The dead have to eat, you know.	accessories/3k_main_ancillary_wooden_fish.png	
3k_main_ancillary_wooden_ox	3k_main_ancillary_accessory_wooden_ox	0	Wooden Ox	Such an object ensures the peasant has a means of income, even after death.	accessories/3k_main_ancillary_wooden_ox.png	
3k_main_ancillary_wuzi	3k_main_ancillary_accessory_wuzi	0	Wuzi	Let the unfolding situation guide your thoughts, and then your hand.	accessories/3k_main_ancillary_wuzi.png	
3k_main_ancillary_xiahou_duns_armour_unique	3k_main_ancillary_armour_xiahou_duns_armour_unique	0	Xiahou Dun's Armour	The perfect weight and fit, tailored for this warrior of class and distinction.	armours/3k_main_ancillary_xiahou_duns_armour_unique.png	
3k_main_ancillary_xiahou_yuans_armour_unique	3k_main_ancillary_armour_xiahou_yuans_armour_unique	0	Xiahou Yuan's Armour	The perfect weight and fit, tailored for this warrior of class and distinction.	armours/3k_main_ancillary_xiahou_yuans_armour_unique.png	
3k_main_ancillary_xu_chus_armour_unique	3k_main_ancillary_armour_xu_chus_armour_unique	0	Xu Chu's Armour	The perfect weight and fit, tailored for this warrior of class and distinction.	armours/3k_main_ancillary_xu_chus_armour_unique.png	
3k_main_ancillary_xu_huangs_armour_unique	3k_main_ancillary_armour_xu_huangs_armour_unique	0	Xu Huang's Armour	The perfect weight and fit, tailored for this warrior of class and distinction.	armours/3k_main_ancillary_xu_huangs_armour_unique.png	
3k_main_ancillary_yellow_hoofed_thunder	3k_main_ancillary_mount_yellow_hoofed_thunder	0	Yellow-hoofed Thunder	Cao Cao's favourite steed, if the stories are to be believed.	mounts/3k_main_ancillary_yellow_hoofed_thunder.png	
3k_main_ancillary_yuan_shaos_armour_unique	3k_main_ancillary_armour_yuan_shaos_armour_unique	0	Yuan Shao's Armour	The perfect weight and fit, tailored for this warrior of class and distinction.	armours/3k_main_ancillary_yuan_shaos_armour_unique.png	
3k_main_ancillary_yuan_shus_armour_unique	3k_main_ancillary_armour_yuan_shus_armour_unique	0	Yuan Shu's Armour	The perfect weight and fit, tailored for this warrior of class and distinction.	armours/3k_main_ancillary_yuan_shus_armour_unique.png	
3k_main_ancillary_yue_jins_armour_unique	3k_main_ancillary_armour_yue_jins_armour_unique	0	Yue Jin's Armour	The perfect weight and fit, tailored for this warrior of class and distinction.	armours/3k_main_ancillary_yue_jins_armour_unique.png	
3k_main_ancillary_zhang_feis_armour_unique	3k_main_ancillary_armour_zhang_feis_armour_unique	0	Zhang Fei's Armour	The perfect weight and fit, tailored for this warrior of class and distinction.	armours/3k_main_ancillary_zhang_feis_armour_unique.png	
3k_main_ancillary_zhang_liaos_armour_unique	3k_main_ancillary_armour_zhang_liaos_armour_unique	0	Zhang Liao's Armour	The perfect weight and fit, tailored for this warrior of class and distinction.	armours/3k_main_ancillary_zhang_liaos_armour_unique.png	
3k_main_ancillary_zhang_lus_armour_unique	3k_main_ancillary_armour_zhang_lus_armour_unique	0	Zhang Lu's Armour	The perfect weight and fit, tailored for this warrior of class and distinction.	armours/3k_main_ancillary_zhang_lus_armour_unique.png	
3k_main_ancillary_zhang_yans_armour_unique	3k_main_ancillary_armour_zhang_yans_armour_unique	0	Zhang Yan's Armour	The perfect weight and fit, tailored for this warrior of class and distinction.	armours/3k_main_ancillary_zhang_yan_armour_unique.png	
3k_main_ancillary_zhao_yuns_armour_unique	3k_main_ancillary_armour_zhao_yuns_armour_unique	0	Zhao Yun's Armour	The perfect weight and fit, tailored for this warrior of class and distinction.	armours/3k_main_ancillary_zhao_yuns_armour_unique.png	
3k_main_ancillary_zheng_jiangs_armour_unique	3k_main_ancillary_armour_zheng_jiangs_armour_unique	0	Zheng Jiang's Armour	The perfect weight and fit, tailored for this warrior of class and distinction.	armours/3k_main_ancillary_zheng_jiangs_armour_unique.png	
3k_main_ancillary_zhou_yus_armour_unique	3k_main_ancillary_armour_zhou_yus_armour_unique	0	Zhou Yu's Armour	The perfect weight and fit, tailored for this warrior of class and distinction.	armours/3k_main_ancillary_zhou_yus_armour_unique.png	
3k_main_ancillary_zhuangzi	3k_main_ancillary_accessory_zhuangzi	0	Zhuangzi	Simple tales belie great truths to live and die by.	accessories/3k_main_ancillary_zhuangzi.png	
3k_main_ancillary_zhuge_liangs_armour_unique	3k_main_ancillary_armour_zhuge_liangs_armour_unique	0	Zhuge Liang's Armour	The perfect weight and fit, tailored for this warrior of class and distinction.	armours/3k_main_ancillary_zhuge_liangs_armour_unique.png	
3k_main_ancilliary_armour_Bao_Sanniang_armour_unique	3k_main_ancilliary_armour_Bao_Sanniang_armour_unique	0	placeholder	placeholder	armours/3k_main_ancillary_fire_armour_unique.png	
3k_main_ancilliary_armour_Budugen_armour_unique	3k_main_ancilliary_armour_Budugen_armour_unique	0	placeholder	placeholder	ui/ancillaries/armours/3k_puzzle_ancillary_xianbei_armour.png	
3k_main_ancilliary_armour_Cao_Xing_armour_unique	3k_main_ancilliary_armour_Cao_Xing_armour_unique	0	placeholder	placeholder	armours/3k_main_ancillary_wood_armour_unique.png	
3k_main_ancilliary_armour_Chen_Dao_armour_unique	3k_main_ancilliary_armour_Chen_Dao_armour_unique	0	placeholder	placeholder	armours/3k_main_ancillary_earth_armour_unique.png	
3k_main_ancilliary_armour_Chenglugui_armour_unique	3k_main_ancilliary_armour_Chenglugui_armour_unique	0	placeholder	placeholder	ui/ancillaries/armours/3k_puzzle_ancillary_xianbei_armour.png	
3k_main_ancilliary_armour_Deng_Ai_armour_unique	3k_main_ancilliary_armour_Deng_Ai_armour_unique	0	placeholder	placeholder	armours/3k_main_ancillary_metal_armour_unique.png	
3k_main_ancilliary_armour_Fulohan_armour_unique	3k_main_ancilliary_armour_Fulohan_armour_unique	0	placeholder	placeholder	ui/ancillaries/armours/3k_puzzle_ancillary_xianbei_armour.png	
3k_main_ancilliary_armour_Guan_Ping_armour_unique	3k_main_ancilliary_armour_Guan_Ping_armour_unique	0	placeholder	placeholder	armours/3k_main_ancillary_wood_armour_unique.png	
3k_main_ancilliary_armour_Guan_Suo_armour_unique	3k_main_ancilliary_armour_Guan_Suo_armour_unique	0	placeholder	placeholder	armours/3k_main_ancillary_wood_armour_unique.png	
3k_main_ancilliary_armour_Guan_Xing_armour_unique	3k_main_ancilliary_armour_Guan_Xing_armour_unique	0	placeholder	placeholder	armours/3k_main_ancillary_wood_armour_unique.png	
3k_main_ancilliary_armour_Guo_Huai_armour_unique	3k_main_ancilliary_armour_Guo_Huai_armour_unique	0	placeholder	placeholder	armours/3k_main_ancillary_earth_armour_unique.png	
3k_main_ancilliary_armour_Hou_Cheng_armour_unique	3k_main_ancilliary_armour_Hou_Cheng_armour_unique	0	placeholder	placeholder	armours/3k_main_ancillary_wood_armour_unique.png	
3k_main_ancilliary_armour_Jia_Chong_armour_unique	3k_main_ancilliary_armour_Jia_Chong_armour_unique	0	placeholder	placeholder	armours/3k_main_ancillary_water_armour_unique.png	
3k_main_ancilliary_armour_Jia_Kui_armour_unique	3k_main_ancilliary_armour_Jia_Kui_armour_unique	0	placeholder	placeholder	armours/3k_main_ancillary_fire_armour_unique.png	
3k_main_ancilliary_armour_Jiang_Wei_armour_unique	3k_main_ancilliary_armour_Jiang_Wei_armour_unique	0	placeholder	placeholder	armours/3k_main_ancillary_fire_armour_unique.png	
3k_main_ancilliary_armour_Kebineng_armour_unique	3k_main_ancilliary_armour_Kebineng_armour_unique	0	placeholder	placeholder	ui/ancillaries/armours/3k_puzzle_ancillary_xianbei_armour.png	
3k_main_ancilliary_armour_Kuitou_armour_unique	3k_main_ancilliary_armour_Kuitou_armour_unique	0	placeholder	placeholder	ui/ancillaries/armours/3k_puzzle_ancillary_xianbei_armour.png	
3k_main_ancilliary_armour_Li_Dian_armour_unique	3k_main_ancilliary_armour_Li_Dian_armour_unique	0	placeholder	placeholder	armours/3k_main_ancillary_metal_armour_unique.png	
3k_main_ancilliary_armour_Li_Yan_armour_unique	3k_main_ancilliary_armour_Li_Yan_armour_unique	0	placeholder	placeholder	armours/3k_main_ancillary_fire_armour_unique.png	
3k_main_ancilliary_armour_Liu_Feng_armour_unique	3k_main_ancilliary_armour_Liu_Feng_armour_unique	0	placeholder	placeholder	armours/3k_main_ancillary_fire_armour_unique.png	
3k_main_ancilliary_armour_Liu_Shan_armour_unique	3k_main_ancilliary_armour_Liu_Shan_armour_unique	0	placeholder	placeholder	armours/3k_main_ancillary_earth_armour_unique.png	
3k_main_ancilliary_armour_Luo_Tong_armour_unique	3k_main_ancilliary_armour_Luo_Tong_armour_unique	0	placeholder	placeholder	armours/3k_main_ancillary_fire_armour_unique.png	
3k_main_ancilliary_armour_Man_Chong_armour_unique	3k_main_ancilliary_armour_Man_Chong_armour_unique	0	placeholder	placeholder	armours/3k_main_ancillary_fire_armour_unique.png	
3k_main_ancilliary_armour_Mi_Heng_armour_unique	3k_main_ancilliary_armour_Mi_Heng_armour_unique	0	placeholder	placeholder	armours/3k_main_ancillary_water_armour_unique.png	
3k_main_ancilliary_armour_Mohuba_armour_unique	3k_main_ancilliary_armour_Mohuba_armour_unique	0	placeholder	placeholder	ui/ancillaries/armours/3k_puzzle_ancillary_xianbei_armour.png	
3k_main_ancilliary_armour_Pan_Feng_armour_unique	3k_main_ancilliary_armour_Pan_Feng_armour_unique	0	placeholder	placeholder	armours/3k_main_ancillary_fire_armour_unique.png	
3k_main_ancilliary_armour_QIianman_armour_unique	3k_main_ancilliary_armour_QIianman_armour_unique	0	placeholder	placeholder	ui/ancillaries/armours/3k_puzzle_ancillary_xianbei_armour.png	
3k_main_ancilliary_armour_Sima_Shi_armour_unique	3k_main_ancilliary_armour_Sima_Shi_armour_unique	0	placeholder	placeholder	armours/3k_main_ancillary_earth_armour_unique.png	
3k_main_ancilliary_armour_Sima_Zhao_armour_unique	3k_main_ancilliary_armour_Sima_Zhao_armour_unique	0	placeholder	placeholder	armours/3k_main_ancillary_earth_armour_unique.png	
3k_main_ancilliary_armour_Song_Xian_armour_unique	3k_main_ancilliary_armour_Song_Xian_armour_unique	0	placeholder	placeholder	armours/3k_main_ancillary_metal_armour_unique.png	
3k_main_ancilliary_armour_Suli_armour_unique	3k_main_ancilliary_armour_Suli_armour_unique	0	placeholder	placeholder	ui/ancillaries/armours/3k_puzzle_ancillary_xianbei_armour.png	
3k_main_ancilliary_armour_Wang_Yi_armour_unique	3k_main_ancilliary_armour_Wang_Yi_armour_unique	0	placeholder	placeholder	armours/3k_main_ancillary_earth_armour_unique.png	
3k_main_ancilliary_armour_Wang_Yuanji_armour_unique	3k_main_ancilliary_armour_Wang_Yuanji_armour_unique	0	placeholder	placeholder	armours/3k_main_ancillary_earth_armour_unique.png	
3k_main_ancilliary_armour_Wei_Xu_armour_unique	3k_main_ancilliary_armour_Wei_Xu_armour_unique	0	placeholder	placeholder	armours/3k_main_ancillary_metal_armour_unique.png	
3k_main_ancilliary_armour_Xiahou_Ba_armour_unique	3k_main_ancilliary_armour_Xiahou_Ba_armour_unique	0	placeholder	placeholder	armours/3k_main_ancillary_fire_armour_unique.png	
3k_main_ancilliary_armour_Xin_Xianying_armour_unique	3k_main_ancilliary_armour_Xin_Xianying_armour_unique	0	placeholder	placeholder	armours/3k_main_ancillary_water_armour_unique.png	
3k_main_ancilliary_armour_Zhang_Chunhua_armour_unique	3k_main_ancilliary_armour_Zhang_Chunhua_armour_unique	0	placeholder	placeholder	armours/3k_main_ancillary_water_armour_unique.png	
3k_main_ancilliary_armour_Zhong_Hui_armour_unique	3k_main_ancilliary_armour_Zhong_Hui_armour_unique	0	placeholder	placeholder	armours/3k_main_ancillary_earth_armour_unique.png	
3k_main_ancilliary_armour_Zhong_Yao_armour_unique	3k_main_ancilliary_armour_Zhong_Yao_armour_unique	0	placeholder	placeholder	armours/3k_main_ancillary_water_armour_unique.png	
3k_main_ancilliary_armour_agui_armour_unique	3k_main_ancilliary_armour_agui_armour_unique	0	placeholder	placeholder	armours/3k_main_ancillary_wood_armour_unique.png	
3k_main_ancilliary_armour_bao_xin_armour_unique	3k_main_ancilliary_armour_bao_xin_armour_unique	0	placeholder	placeholder	armours/3k_main_ancillary_metal_armour_unique.png	
3k_main_ancilliary_armour_bao_xun_armour_unique	3k_main_ancilliary_armour_bao_xun_armour_unique	0	placeholder	placeholder	armours/3k_main_ancillary_water_armour_unique.png	
3k_main_ancilliary_armour_beolhyu_armour_unique	3k_main_ancilliary_armour_beolhyu_armour_unique	0	placeholder	placeholder	armours/3k_main_ancillary_water_armour_unique.png	
3k_main_ancilliary_armour_bian_rang_ironic_armour_unique	3k_main_ancilliary_armour_bian_rang_ironic_armour_unique	0	placeholder	placeholder	armours/3k_main_ancillary_water_armour_unique.png	
3k_main_ancilliary_armour_bu_lianshi_armour_unique	3k_main_ancilliary_armour_bu_lianshi_armour_unique	0	placeholder	placeholder	armours/3k_main_ancillary_water_armour_unique.png	
3k_main_ancilliary_armour_bu_zhi_ironic_armour_unique	3k_main_ancilliary_armour_bu_zhi_ironic_armour_unique	0	placeholder	placeholder	armours/3k_main_ancillary_fire_armour_unique.png	
3k_main_ancilliary_armour_cai_he_armour_unique	3k_main_ancilliary_armour_cai_he_armour_unique	0	placeholder	placeholder	armours/3k_main_ancillary_metal_armour_unique.png	
3k_main_ancilliary_armour_cai_huizhen_armour_unique	3k_main_ancilliary_armour_cai_huizhen_armour_unique	0	placeholder	placeholder	armours/3k_main_ancillary_earth_armour_unique.png	
3k_main_ancilliary_armour_cai_mao_armour_unique	3k_main_ancilliary_armour_cai_mao_armour_unique	0	Cai Mao's Armour	The perfect weight and fit, tailored for this warrior of class and distinction.	armours/3k_main_ancillary_fire_armour_unique.png	
3k_main_ancilliary_armour_cai_xun_armour_unique	3k_main_ancilliary_armour_cai_xun_armour_unique	0	placeholder	placeholder	armours/3k_main_ancillary_earth_armour_unique.png	
3k_main_ancilliary_armour_cai_yan_m_armour_unique	3k_main_ancilliary_armour_cai_yan_m_armour_unique	0	placeholder	placeholder	armours/3k_main_ancillary_water_armour_unique.png	
3k_main_ancilliary_armour_cai_yang_armour_unique	3k_main_ancilliary_armour_cai_yang_armour_unique	0	placeholder	placeholder	armours/3k_main_ancillary_water_armour_unique.png	
3k_main_ancilliary_armour_cai_zan_armour_unique	3k_main_ancilliary_armour_cai_zan_armour_unique	0	placeholder	placeholder	armours/3k_main_ancillary_earth_armour_unique.png	
3k_main_ancilliary_armour_cai_zhong_armour_unique	3k_main_ancilliary_armour_cai_zhong_armour_unique	0	placeholder	placeholder	armours/3k_main_ancillary_wood_armour_unique.png	
3k_main_ancilliary_armour_cang_qinting_armour_unique	3k_main_ancilliary_armour_cang_qinting_armour_unique	0	placeholder	placeholder	armours/3k_main_ancillary_earth_armour_unique.png	
3k_main_ancilliary_armour_cao_ang_armour_unique	3k_main_ancilliary_armour_cao_ang_armour_unique	0	placeholder	placeholder	armours/3k_main_ancillary_wood_armour_unique.png	
3k_main_ancilliary_armour_cao_anmin_unique_armour_unique	3k_main_ancilliary_armour_cao_anmin_unique_armour_unique	0	placeholder	placeholder	armours/3k_main_ancillary_water_armour_unique.png	
3k_main_ancilliary_armour_cao_biao_armour_unique	3k_main_ancilliary_armour_cao_biao_armour_unique	0	placeholder	placeholder	armours/3k_main_ancillary_earth_armour_unique.png	
3k_main_ancilliary_armour_cao_de_armour_unique	3k_main_ancilliary_armour_cao_de_armour_unique	0	placeholder	placeholder	armours/3k_main_ancillary_earth_armour_unique.png	
3k_main_ancilliary_armour_cao_jie_armour_unique	3k_main_ancilliary_armour_cao_jie_armour_unique	0	placeholder	placeholder	armours/3k_main_ancillary_earth_armour_unique.png	
3k_main_ancilliary_armour_cao_qinghe_unique_armour_unique	3k_main_ancilliary_armour_cao_qinghe_unique_armour_unique	0	placeholder	placeholder	armours/3k_main_ancillary_metal_armour_unique.png	
3k_main_ancilliary_armour_cao_rui_armour_unique	3k_main_ancilliary_armour_cao_rui_armour_unique	0	placeholder	placeholder	armours/3k_main_ancillary_earth_armour_unique.png	
3k_main_ancilliary_armour_cao_shuang_armour_unique	3k_main_ancilliary_armour_cao_shuang_armour_unique	0	placeholder	placeholder	armours/3k_main_ancillary_wood_armour_unique.png	
3k_main_ancilliary_armour_cao_song_armour_unique	3k_main_ancilliary_armour_cao_song_armour_unique	0	placeholder	placeholder	armours/3k_main_ancillary_earth_armour_unique.png	
3k_main_ancilliary_armour_cao_xi_armour_unique	3k_main_ancilliary_armour_cao_xi_armour_unique	0	placeholder	placeholder	armours/3k_main_ancillary_wood_armour_unique.png	
3k_main_ancilliary_armour_cao_zhang_armour_unique	3k_main_ancilliary_armour_cao_zhang_armour_unique	0	placeholder	placeholder	armours/3k_main_ancillary_wood_armour_unique.png	
3k_main_ancilliary_armour_cao_zhi_armour_unique	3k_main_ancilliary_armour_cao_zhi_armour_unique	0	placeholder	placeholder	armours/3k_main_ancillary_water_armour_unique.png	
3k_main_ancilliary_armour_chang_xi_armour_unique	3k_main_ancilliary_armour_chang_xi_armour_unique	0	placeholder	placeholder	armours/3k_main_ancillary_wood_armour_unique.png	
3k_main_ancilliary_armour_chang_xi_ironic_armour_unique	3k_main_ancilliary_armour_chang_xi_ironic_armour_unique	0	placeholder	placeholder	armours/3k_main_ancillary_fire_armour_unique.png	
3k_main_ancilliary_armour_chen_bai_ironic_armour_unique	3k_main_ancilliary_armour_chen_bai_ironic_armour_unique	0	placeholder	placeholder	armours/3k_main_ancillary_water_armour_unique.png	
3k_main_ancilliary_armour_chen_deng_armour_unique	3k_main_ancilliary_armour_chen_deng_armour_unique	0	placeholder	placeholder	armours/3k_main_ancillary_water_armour_unique.png	
3k_main_ancilliary_armour_chen_gui_armour_unique	3k_main_ancilliary_armour_chen_gui_armour_unique	0	placeholder	placeholder	armours/3k_main_ancillary_water_armour_unique.png	
3k_main_ancilliary_armour_chen_heng_armour_unique	3k_main_ancilliary_armour_chen_heng_armour_unique	0	placeholder	placeholder	armours/3k_main_ancillary_metal_armour_unique.png	
3k_main_ancilliary_armour_chen_ji_armour_unique	3k_main_ancilliary_armour_chen_ji_armour_unique	0	placeholder	placeholder	armours/3k_main_ancillary_earth_armour_unique.png	
3k_main_ancilliary_armour_chen_jiu_armour_unique	3k_main_ancilliary_armour_chen_jiu_armour_unique	0	placeholder	placeholder	armours/3k_main_ancillary_wood_armour_unique.png	
3k_main_ancilliary_armour_chen_lan_armour_unique	3k_main_ancilliary_armour_chen_lan_armour_unique	0	placeholder	placeholder	armours/3k_main_ancillary_wood_armour_unique.png	
3k_main_ancilliary_armour_chen_su_armour_unique	3k_main_ancilliary_armour_chen_su_armour_unique	0	placeholder	placeholder	armours/3k_main_ancillary_water_armour_unique.png	
3k_main_ancilliary_armour_chen_wen_armour_unique	3k_main_ancilliary_armour_chen_wen_armour_unique	0	placeholder	placeholder	armours/3k_main_ancillary_water_armour_unique.png	
3k_main_ancilliary_armour_chen_wu_unique_armour_unique	3k_main_ancilliary_armour_chen_wu_unique_armour_unique	0	placeholder	placeholder	armours/3k_main_ancillary_metal_armour_unique.png	
3k_main_ancilliary_armour_chen_ying_z_armour_unique	3k_main_ancilliary_armour_chen_ying_z_armour_unique	0	placeholder	placeholder	armours/3k_main_ancillary_fire_armour_unique.png	
3k_main_ancilliary_armour_chen_yu_armour_unique	3k_main_ancilliary_armour_chen_yu_armour_unique	0	placeholder	placeholder	armours/3k_main_ancillary_water_armour_unique.png	
3k_main_ancilliary_armour_chen_zhen_armour_unique	3k_main_ancilliary_armour_chen_zhen_armour_unique	0	placeholder	placeholder	armours/3k_main_ancillary_water_armour_unique.png	
3k_main_ancilliary_armour_cheng_bing_unique_ironic_armour_unique	3k_main_ancilliary_armour_cheng_bing_unique_ironic_armour_unique	0	placeholder	placeholder	armours/3k_main_ancillary_water_armour_unique.png	
3k_main_ancilliary_armour_cheng_yi_armour_unique	3k_main_ancilliary_armour_cheng_yi_armour_unique	0	placeholder	placeholder	armours/3k_main_ancillary_wood_armour_unique.png	
3k_main_ancilliary_armour_cheng_yin_armour_unique	3k_main_ancilliary_armour_cheng_yin_armour_unique	0	placeholder	placeholder	armours/3k_main_ancillary_metal_armour_unique.png	
3k_main_ancilliary_armour_cheng_yu_armour_unique	3k_main_ancilliary_armour_cheng_yu_armour_unique	0	placeholder	placeholder	armours/3k_main_ancillary_water_armour_unique.png	
3k_main_ancilliary_armour_chenggong_ying_armour_unique	3k_main_ancilliary_armour_chenggong_ying_armour_unique	0	placeholder	placeholder	armours/3k_main_ancillary_fire_armour_unique.png	
3k_main_ancilliary_armour_chogo_armour_unique	3k_main_ancilliary_armour_chogo_armour_unique	0	placeholder	placeholder	armours/3k_main_ancillary_earth_armour_unique.png	
3k_main_ancilliary_armour_congqian_armour_unique	3k_main_ancilliary_armour_congqian_armour_unique	0	placeholder	placeholder	armours/3k_main_ancillary_metal_armour_unique.png	
3k_main_ancilliary_armour_cui_jun_armour_unique	3k_main_ancilliary_armour_cui_jun_armour_unique	0	placeholder	placeholder	armours/3k_main_ancillary_metal_armour_unique.png	
3k_main_ancilliary_armour_cui_lie_armour_unique	3k_main_ancilliary_armour_cui_lie_armour_unique	0	placeholder	placeholder	armours/3k_main_ancillary_fire_armour_unique.png	
3k_main_ancilliary_armour_dang_lianhua_armour_unique	3k_main_ancilliary_armour_dang_lianhua_armour_unique	0	placeholder	placeholder	armours/3k_main_ancillary_earth_armour_unique.png	
3k_main_ancilliary_armour_deng_xian_unique_ironic_armour_unique	3k_main_ancilliary_armour_deng_xian_unique_ironic_armour_unique	0	placeholder	placeholder	armours/3k_main_ancillary_wood_armour_unique.png	
3k_main_ancilliary_armour_deng_yuan_armour_unique	3k_main_ancilliary_armour_deng_yuan_armour_unique	0	placeholder	placeholder	armours/3k_main_ancillary_fire_armour_unique.png	
3k_main_ancilliary_armour_deng_zhi_unique_ironic_armour_unique	3k_main_ancilliary_armour_deng_zhi_unique_ironic_armour_unique	0	placeholder	placeholder	armours/3k_main_ancillary_fire_armour_unique.png	
3k_main_ancilliary_armour_ding_feng_armour_unique	3k_main_ancilliary_armour_ding_feng_armour_unique	0	placeholder	placeholder	armours/3k_main_ancillary_wood_armour_unique.png	
3k_main_ancilliary_armour_dong_he_unique_ironic_armour_unique	3k_main_ancilliary_armour_dong_he_unique_ironic_armour_unique	0	placeholder	placeholder	armours/3k_main_ancillary_water_armour_unique.png	
3k_main_ancilliary_armour_dong_li_armour_unique	3k_main_ancilliary_armour_dong_li_armour_unique	0	placeholder	placeholder	armours/3k_main_ancillary_metal_armour_unique.png	
3k_main_ancilliary_armour_dong_xi_ironic_armour_unique	3k_main_ancilliary_armour_dong_xi_ironic_armour_unique	0	placeholder	placeholder	armours/3k_main_ancillary_fire_armour_unique.png	
3k_main_ancilliary_armour_dong_zhao_unique_armour_unique	3k_main_ancilliary_armour_dong_zhao_unique_armour_unique	0	placeholder	placeholder	armours/3k_main_ancillary_water_armour_unique.png	
3k_main_ancilliary_armour_dou_mao_armour_unique	3k_main_ancilliary_armour_dou_mao_armour_unique	0	placeholder	placeholder	armours/3k_main_ancillary_wood_armour_unique.png	
3k_main_ancilliary_armour_du_ji_armour_unique	3k_main_ancilliary_armour_du_ji_armour_unique	0	placeholder	placeholder	armours/3k_main_ancillary_fire_armour_unique.png	
3k_main_ancilliary_armour_fan_chou_armour_unique	3k_main_ancilliary_armour_fan_chou_armour_unique	0	placeholder	placeholder	armours/3k_main_ancillary_fire_armour_unique.png	
3k_main_ancilliary_armour_fan_liyan_armour_unique	3k_main_ancilliary_armour_fan_liyan_armour_unique	0	placeholder	placeholder	armours/3k_main_ancillary_earth_armour_unique.png	
3k_main_ancilliary_armour_fan_yufeng_armour_unique	3k_main_ancilliary_armour_fan_yufeng_armour_unique	0	placeholder	placeholder	armours/3k_main_ancillary_earth_armour_unique.png	
3k_main_ancilliary_armour_fei_yi_title_armour_unique	3k_main_ancilliary_armour_fei_yi_title_armour_unique	0	placeholder	placeholder	armours/3k_main_ancillary_earth_armour_unique.png	
3k_main_ancilliary_armour_fei_zhan_unique_armour_unique	3k_main_ancilliary_armour_fei_zhan_unique_armour_unique	0	placeholder	placeholder	armours/3k_main_ancillary_fire_armour_unique.png	
3k_main_ancilliary_armour_fu_rong_unique_ironic_armour_unique	3k_main_ancilliary_armour_fu_rong_unique_ironic_armour_unique	0	placeholder	placeholder	armours/3k_main_ancillary_fire_armour_unique.png	
3k_main_ancilliary_armour_gan_ji_armour_unique	3k_main_ancilliary_armour_gan_ji_armour_unique	0	placeholder	placeholder	armours/3k_main_ancillary_metal_armour_unique.png	
3k_main_ancilliary_armour_gan_mei_ironic_armour_unique	3k_main_ancilliary_armour_gan_mei_ironic_armour_unique	0	placeholder	placeholder	armours/3k_main_ancillary_water_armour_unique.png	
3k_main_ancilliary_armour_ganwiego_armour_unique	3k_main_ancilliary_armour_ganwiego_armour_unique	0	placeholder	placeholder	armours/3k_main_ancillary_fire_armour_unique.png	
3k_main_ancilliary_armour_gao_dai_ironic_armour_unique	3k_main_ancilliary_armour_gao_dai_ironic_armour_unique	0	placeholder	placeholder	armours/3k_main_ancillary_water_armour_unique.png	
3k_main_ancilliary_armour_gao_lan_armour_unique	3k_main_ancilliary_armour_gao_lan_armour_unique	0	placeholder	placeholder	armours/3k_main_ancillary_wood_armour_unique.png	
3k_main_ancilliary_armour_gao_pei_unique_armour_unique	3k_main_ancilliary_armour_gao_pei_unique_armour_unique	0	placeholder	placeholder	armours/3k_main_ancillary_metal_armour_unique.png	
3k_main_ancilliary_armour_geng_wu_armour_unique	3k_main_ancilliary_armour_geng_wu_armour_unique	0	placeholder	placeholder	armours/3k_main_ancillary_earth_armour_unique.png	
3k_main_ancilliary_armour_gogukcheon_armour_unique	3k_main_ancilliary_armour_gogukcheon_armour_unique	0	placeholder	placeholder	armours/3k_main_ancillary_fire_armour_unique.png	
3k_main_ancilliary_armour_gongsun_du_armour_unique	3k_main_ancilliary_armour_gongsun_du_armour_unique	0	Gongsun Du's Armour	The perfect weight and fit, tailored for this warrior of class and distinction.	armours/3k_main_ancillary_metal_armour_unique.png	
3k_main_ancilliary_armour_gongsun_fan_armour_unique	3k_main_ancilliary_armour_gongsun_fan_armour_unique	0	placeholder	placeholder	armours/3k_main_ancillary_wood_armour_unique.png	
3k_main_ancilliary_armour_gongsun_gong_armour_unique	3k_main_ancilliary_armour_gongsun_gong_armour_unique	0	placeholder	placeholder	armours/3k_main_ancillary_earth_armour_unique.png	
3k_main_ancilliary_armour_gongsun_kang_armour_unique	3k_main_ancilliary_armour_gongsun_kang_armour_unique	0	placeholder	placeholder	armours/3k_main_ancillary_earth_armour_unique.png	
3k_main_ancilliary_armour_gongsun_xu_armour_unique	3k_main_ancilliary_armour_gongsun_xu_armour_unique	0	placeholder	placeholder	armours/3k_main_ancillary_gongsun_xus_armour_unique.png	
3k_main_ancilliary_armour_gongsun_yuan_armour_unique	3k_main_ancilliary_armour_gongsun_yuan_armour_unique	0	placeholder	placeholder	armours/3k_main_ancillary_fire_armour_unique.png	
3k_main_ancilliary_armour_gongsun_yue_armour_unique	3k_main_ancilliary_armour_gongsun_yue_armour_unique	0	placeholder	placeholder	armours/3k_main_ancillary_fire_armour_unique.png	
3k_main_ancilliary_armour_gu_ruilan_armour_unique	3k_main_ancilliary_armour_gu_ruilan_armour_unique	0	placeholder	placeholder	armours/3k_main_ancillary_earth_armour_unique.png	
3k_main_ancilliary_armour_gu_yong_ironic_armour_unique	3k_main_ancilliary_armour_gu_yong_ironic_armour_unique	0	placeholder	placeholder	armours/3k_main_ancillary_water_armour_unique.png	
3k_main_ancilliary_armour_guan_chun_armour_unique	3k_main_ancilliary_armour_guan_chun_armour_unique	0	placeholder	placeholder	armours/3k_main_ancillary_water_armour_unique.png	
3k_main_ancilliary_armour_guan_hai_ytr_armour_unique	3k_main_ancilliary_armour_guan_hai_ytr_armour_unique	0	placeholder	placeholder	armours/3k_main_ancillary_wood_armour_unique.png	
3k_main_ancilliary_armour_guan_jing_armour_unique	3k_main_ancilliary_armour_guan_jing_armour_unique	0	placeholder	placeholder	armours/3k_main_ancillary_water_armour_unique.png	
3k_main_ancilliary_armour_gujin_armour_unique	3k_main_ancilliary_armour_gujin_armour_unique	0	placeholder	placeholder	ui/ancillaries/armours/3k_puzzle_ancillary_northern_lamellar_armour.png	
3k_main_ancilliary_armour_guo_da_armour_unique	3k_main_ancilliary_armour_guo_da_armour_unique	0	placeholder	placeholder	armours/3k_main_ancillary_metal_armour_unique.png	
3k_main_ancilliary_armour_guo_nuwang_armour_unique	3k_main_ancilliary_armour_guo_nuwang_armour_unique	0	placeholder	placeholder	armours/3k_main_ancillary_earth_armour_unique.png	
3k_main_ancilliary_armour_guo_si_armour_unique	3k_main_ancilliary_armour_guo_si_armour_unique	0	placeholder	placeholder	armours/3k_main_ancillary_wood_armour_unique.png	
3k_main_ancilliary_armour_guo_tu_armour_unique	3k_main_ancilliary_armour_guo_tu_armour_unique	0	placeholder	placeholder	armours/3k_main_ancillary_water_armour_unique.png	
3k_main_ancilliary_armour_guo_xian_armour_unique	3k_main_ancilliary_armour_guo_xian_armour_unique	0	placeholder	placeholder	armours/3k_main_ancillary_metal_armour_unique.png	
3k_main_ancilliary_armour_gurudun_armour_unique	3k_main_ancilliary_armour_gurudun_armour_unique	0	placeholder	placeholder	ui/ancillaries/armours/3k_puzzle_ancillary_northern_lamellar_armour.png	
3k_main_ancilliary_armour_han_anyue_armour_unique	3k_main_ancilliary_armour_han_anyue_armour_unique	0	placeholder	placeholder	armours/3k_main_ancillary_metal_armour_unique.png	
3k_main_ancilliary_armour_han_chong_armour_unique	3k_main_ancilliary_armour_han_chong_armour_unique	0	placeholder	placeholder	armours/3k_main_ancillary_wood_armour_unique.png	
3k_main_ancilliary_armour_han_dang_armour_unique	3k_main_ancilliary_armour_han_dang_armour_unique	0	placeholder	placeholder	armours/3k_main_ancillary_fire_armour_unique.png	
3k_main_ancilliary_armour_han_fu_armour_unique	3k_main_ancilliary_armour_han_fu_armour_unique	0	Han Fu's Armour	The perfect weight and fit, tailored for this warrior of class and distinction.	armours/3k_main_ancillary_wood_armour_unique.png	
3k_main_ancilliary_armour_han_ji_unique_ironic_armour_unique	3k_main_ancilliary_armour_han_ji_unique_ironic_armour_unique	0	placeholder	placeholder	armours/3k_main_ancillary_water_armour_unique.png	
3k_main_ancilliary_armour_han_lian_armour_unique	3k_main_ancilliary_armour_han_lian_armour_unique	0	placeholder	placeholder	armours/3k_main_ancillary_earth_armour_unique.png	
3k_main_ancilliary_armour_han_tong_armour_unique	3k_main_ancilliary_armour_han_tong_armour_unique	0	placeholder	placeholder	armours/3k_main_ancillary_wood_armour_unique.png	
3k_main_ancilliary_armour_han_xian_ytr_armour_unique	3k_main_ancilliary_armour_han_xian_ytr_armour_unique	0	placeholder	placeholder	armours/3k_main_ancillary_water_armour_unique.png	
3k_main_ancilliary_armour_han_xin_armour_unique	3k_main_ancilliary_armour_han_xin_armour_unique	0	placeholder	placeholder	armours/3k_main_ancillary_fire_armour_unique.png	
3k_main_ancilliary_armour_han_xuan_ironic_armour_unique	3k_main_ancilliary_armour_han_xuan_ironic_armour_unique	0	placeholder	placeholder	armours/3k_main_ancillary_earth_armour_unique.png	
3k_main_ancilliary_armour_handan_shang_armour_unique	3k_main_ancilliary_armour_handan_shang_armour_unique	0	placeholder	placeholder	armours/3k_main_ancillary_water_armour_unique.png	
3k_main_ancilliary_armour_hao_meng_armour_unique	3k_main_ancilliary_armour_hao_meng_armour_unique	0	placeholder	placeholder	armours/3k_main_ancillary_fire_armour_unique.png	
3k_main_ancilliary_armour_he_qi_ironic_armour_unique	3k_main_ancilliary_armour_he_qi_ironic_armour_unique	0	placeholder	placeholder	armours/3k_main_ancillary_fire_armour_unique.png	
3k_main_ancilliary_armour_hou_xuan_armour_unique	3k_main_ancilliary_armour_hou_xuan_armour_unique	0	placeholder	placeholder	armours/3k_main_ancillary_fire_armour_unique.png	
3k_main_ancilliary_armour_hou_yin_armour_unique	3k_main_ancilliary_armour_hou_yin_armour_unique	0	placeholder	placeholder	armours/3k_main_ancillary_metal_armour_unique.png	
3k_main_ancilliary_armour_hu_mao_armour_unique	3k_main_ancilliary_armour_hu_mao_armour_unique	0	placeholder	placeholder	armours/3k_main_ancillary_metal_armour_unique.png	
3k_main_ancilliary_armour_hu_zhen_armour_unique	3k_main_ancilliary_armour_hu_zhen_armour_unique	0	placeholder	placeholder	armours/3k_main_ancillary_earth_armour_unique.png	
3k_main_ancilliary_armour_hua_ji_unique_armour_unique	3k_main_ancilliary_armour_hua_ji_unique_armour_unique	0	placeholder	placeholder	armours/3k_main_ancillary_wood_armour_unique.png	
3k_main_ancilliary_armour_hua_tuo_armour_unique	3k_main_ancilliary_armour_hua_tuo_armour_unique	0	placeholder	placeholder	armours/3k_main_ancillary_water_armour_unique.png	
3k_main_ancilliary_armour_hua_xiong_armour_unique	3k_main_ancilliary_armour_hua_xiong_armour_unique	0	placeholder	placeholder	armours/3k_main_ancillary_fire_armour_unique.png	
3k_main_ancilliary_armour_huan_lin_unique_armour_unique	3k_main_ancilliary_armour_huan_lin_unique_armour_unique	0	placeholder	placeholder	armours/3k_main_ancillary_metal_armour_unique.png	
3k_main_ancilliary_armour_huan_zhi_unique_armour_unique	3k_main_ancilliary_armour_huan_zhi_unique_armour_unique	0	placeholder	placeholder	armours/3k_main_ancillary_wood_armour_unique.png	
3k_main_ancilliary_armour_huang_anbao_armour_unique	3k_main_ancilliary_armour_huang_anbao_armour_unique	0	placeholder	placeholder	armours/3k_main_ancillary_water_armour_unique.png	
3k_main_ancilliary_armour_huang_ang_armour_unique	3k_main_ancilliary_armour_huang_ang_armour_unique	0	placeholder	placeholder	armours/3k_main_ancillary_wood_armour_unique.png	
3k_main_ancilliary_armour_huang_chengyan_armour_unique	3k_main_ancilliary_armour_huang_chengyan_armour_unique	0	placeholder	placeholder	armours/3k_main_ancillary_water_armour_unique.png	
3k_main_ancilliary_armour_huang_hua_armour_unique	3k_main_ancilliary_armour_huang_hua_armour_unique	0	placeholder	placeholder	armours/3k_main_ancillary_earth_armour_unique.png	
3k_main_ancilliary_armour_huang_she_armour_unique	3k_main_ancilliary_armour_huang_she_armour_unique	0	placeholder	placeholder	armours/3k_main_ancillary_metal_armour_unique.png	
3k_main_ancilliary_armour_huang_wan_armour_unique	3k_main_ancilliary_armour_huang_wan_armour_unique	0	placeholder	placeholder	armours/3k_main_ancillary_water_armour_unique.png	
3k_main_ancilliary_armour_huang_yueying_armour_unique	3k_main_ancilliary_armour_huang_yueying_armour_unique	0	placeholder	placeholder	armours/3k_main_ancillary_metal_armour_unique.png	
3k_main_ancilliary_armour_huanglong_armour_unique	3k_main_ancilliary_armour_huanglong_armour_unique	0	placeholder	placeholder	armours/3k_main_ancillary_fire_armour_unique.png	
3k_main_ancilliary_armour_huanglong_luo_ironic_armour_unique	3k_main_ancilliary_armour_huanglong_luo_ironic_armour_unique	0	placeholder	placeholder	armours/3k_main_ancillary_fire_armour_unique.png	
3k_main_ancilliary_armour_huche_er_armour_unique	3k_main_ancilliary_armour_huche_er_armour_unique	0	placeholder	placeholder	armours/3k_main_ancillary_wood_armour_unique.png	
3k_main_ancilliary_armour_huchuquan_armour_unique	3k_main_ancilliary_armour_huchuquan_armour_unique	0	placeholder	placeholder	ui/ancillaries/armours/3k_puzzle_ancillary_high_skies.png	
3k_main_ancilliary_armour_huo_jun_armour_unique	3k_main_ancilliary_armour_huo_jun_armour_unique	0	placeholder	placeholder	armours/3k_main_ancillary_fire_armour_unique.png	
3k_main_ancilliary_armour_huo_nu_armour_unique	3k_main_ancilliary_armour_huo_nu_armour_unique	0	placeholder	placeholder	armours/3k_main_ancillary_wood_armour_unique.png	
3k_main_ancilliary_armour_ji_ben_armour_unique	3k_main_ancilliary_armour_ji_ben_armour_unique	0	placeholder	placeholder	armours/3k_main_ancillary_wood_armour_unique.png	
3k_main_ancilliary_armour_jia_long_armour_unique	3k_main_ancilliary_armour_jia_long_armour_unique	0	Jia Long's Armour	The perfect weight and fit, tailored for this warrior of class and distinction.	armours/3k_main_ancillary_metal_armour_unique.png	
3k_main_ancilliary_armour_jiang_gan_armour_unique	3k_main_ancilliary_armour_jiang_gan_armour_unique	0	placeholder	placeholder	armours/3k_main_ancillary_water_armour_unique.png	
3k_main_ancilliary_armour_jiang_gong_armour_unique	3k_main_ancilliary_armour_jiang_gong_armour_unique	0	placeholder	placeholder	armours/3k_main_ancillary_wood_armour_unique.png	
3k_main_ancilliary_armour_jiang_qin_armour_unique	3k_main_ancilliary_armour_jiang_qin_armour_unique	0	placeholder	placeholder	armours/3k_main_ancillary_fire_armour_unique.png	
3k_main_ancilliary_armour_jiang_wan_unique_armour_unique	3k_main_ancilliary_armour_jiang_wan_unique_armour_unique	0	placeholder	placeholder	armours/3k_main_ancillary_earth_armour_unique.png	
3k_main_ancilliary_armour_jin_xuan_unique_armour_unique	3k_main_ancilliary_armour_jin_xuan_unique_armour_unique	0	placeholder	placeholder	armours/3k_main_ancillary_earth_armour_unique.png	
3k_main_ancilliary_armour_ju_shou_armour_unique	3k_main_ancilliary_armour_ju_shou_armour_unique	0	placeholder	placeholder	armours/3k_main_ancillary_water_armour_unique.png	
3k_main_ancilliary_armour_jue_jiejie_armour_unique	3k_main_ancilliary_armour_jue_jiejie_armour_unique	0	placeholder	placeholder	armours/3k_main_ancillary_earth_armour_unique.png	
3k_main_ancilliary_armour_jueji_armour_unique	3k_main_ancilliary_armour_jueji_armour_unique	0	placeholder	placeholder	ui/ancillaries/armours/3k_puzzle_ancillary_xianbei_armour.png	
3k_main_ancilliary_armour_kan_ze_ironic_armour_unique	3k_main_ancilliary_armour_kan_ze_ironic_armour_unique	0	placeholder	placeholder	armours/3k_main_ancillary_water_armour_unique.png	
3k_main_ancilliary_armour_kang_qinmeng_ironic_armour_unique	3k_main_ancilliary_armour_kang_qinmeng_ironic_armour_unique	0	placeholder	placeholder	armours/3k_main_ancillary_earth_armour_unique.png	
3k_main_ancilliary_armour_ke_ren_armour_unique	3k_main_ancilliary_armour_ke_ren_armour_unique	0	placeholder	placeholder	armours/3k_main_ancillary_metal_armour_unique.png	
3k_main_ancilliary_armour_ke_wu_armour_unique	3k_main_ancilliary_armour_ke_wu_armour_unique	0	placeholder	placeholder	armours/3k_main_ancillary_fire_armour_unique.png	
3k_main_ancilliary_armour_kong_zhou_armour_unique	3k_main_ancilliary_armour_kong_zhou_armour_unique	0	Kong Zhou's Armour	The perfect weight and fit, tailored for this warrior of class and distinction.	armours/3k_main_ancillary_water_armour_unique.png	
3k_main_ancilliary_armour_kuai_liang_armour_unique	3k_main_ancilliary_armour_kuai_liang_armour_unique	0	placeholder	placeholder	armours/3k_main_ancillary_water_armour_unique.png	
3k_main_ancilliary_armour_kuai_yue_armour_unique	3k_main_ancilliary_armour_kuai_yue_armour_unique	0	placeholder	placeholder	armours/3k_main_ancillary_water_armour_unique.png	
3k_main_ancilliary_armour_kuang_gan_ironic_armour_unique	3k_main_ancilliary_armour_kuang_gan_ironic_armour_unique	0	placeholder	placeholder	armours/3k_main_ancillary_water_armour_unique.png	
3k_main_ancilliary_armour_lady_cai_armour_unique	3k_main_ancilliary_armour_lady_cai_armour_unique	0	placeholder	placeholder	armours/3k_main_ancillary_earth_armour_unique.png	
3k_main_ancilliary_armour_lady_gan_armour_unique	3k_main_ancilliary_armour_lady_gan_armour_unique	0	placeholder	placeholder	armours/3k_main_ancillary_water_armour_unique.png	
3k_main_ancilliary_armour_lady_huang_xie_armour_unique	3k_main_ancilliary_armour_lady_huang_xie_armour_unique	0	placeholder	placeholder	armours/3k_main_ancillary_metal_armour_unique.png	
3k_main_ancilliary_armour_lady_liu_armour_unique	3k_main_ancilliary_armour_lady_liu_armour_unique	0	placeholder	placeholder	armours/3k_main_ancillary_earth_armour_unique.png	
3k_main_ancilliary_armour_lady_liu_huimin_armour_unique	3k_main_ancilliary_armour_lady_liu_huimin_armour_unique	0	placeholder	placeholder	armours/3k_main_ancillary_earth_armour_unique.png	
3k_main_ancilliary_armour_lady_lu_yang_armour_unique	3k_main_ancilliary_armour_lady_lu_yang_armour_unique	0	placeholder	placeholder	armours/3k_main_ancillary_water_armour_unique.png	
3k_main_ancilliary_armour_lady_xiahou_armour_unique	3k_main_ancilliary_armour_lady_xiahou_armour_unique	0	placeholder	placeholder	armours/3k_main_ancillary_water_armour_unique.png	
3k_main_ancilliary_armour_lady_yan_armour_unique	3k_main_ancilliary_armour_lady_yan_armour_unique	0	placeholder	placeholder	armours/3k_main_ancillary_earth_armour_unique.png	
3k_main_ancilliary_armour_lady_yang_di_armour_unique	3k_main_ancilliary_armour_lady_yang_di_armour_unique	0	placeholder	placeholder	armours/3k_main_ancillary_wood_armour_unique.png	
3k_main_ancilliary_armour_lady_ze_deng_armour_unique	3k_main_ancilliary_armour_lady_ze_deng_armour_unique	0	placeholder	placeholder	armours/3k_main_ancillary_metal_armour_unique.png	
3k_main_ancilliary_armour_lady_zhang_shangxiu_armour_unique	3k_main_ancilliary_armour_lady_zhang_shangxiu_armour_unique	0	placeholder	placeholder	armours/3k_main_ancillary_earth_armour_unique.png	
3k_main_ancilliary_armour_lady_zhang_xiangyang_armour_unique	3k_main_ancilliary_armour_lady_zhang_xiangyang_armour_unique	0	placeholder	placeholder	armours/3k_main_ancillary_earth_armour_unique.png	
3k_main_ancilliary_armour_lady_zhang_zhumeng_armour_unique	3k_main_ancilliary_armour_lady_zhang_zhumeng_armour_unique	0	placeholder	placeholder	armours/3k_main_ancillary_metal_armour_unique.png	
3k_main_ancilliary_armour_lai_gong_armour_unique	3k_main_ancilliary_armour_lai_gong_armour_unique	0	placeholder	placeholder	armours/3k_main_ancillary_fire_armour_unique.png	
3k_main_ancilliary_armour_lai_xun_unique_armour_unique	3k_main_ancilliary_armour_lai_xun_unique_armour_unique	0	placeholder	placeholder	armours/3k_main_ancillary_water_armour_unique.png	
3k_main_ancilliary_armour_lei_xu_armour_unique	3k_main_ancilliary_armour_lei_xu_armour_unique	0	placeholder	placeholder	armours/3k_main_ancillary_metal_armour_unique.png	
3k_main_ancilliary_armour_leipan_armour_unique	3k_main_ancilliary_armour_leipan_armour_unique	0	placeholder	placeholder	ui/ancillaries/armours/3k_puzzle_ancillary_northern_lamellar_armour.png	
3k_main_ancilliary_armour_leng_bao_unique_armour_unique	3k_main_ancilliary_armour_leng_bao_unique_armour_unique	0	placeholder	placeholder	armours/3k_main_ancillary_wood_armour_unique.png	
3k_main_ancilliary_armour_li_damu_armour_unique	3k_main_ancilliary_armour_li_damu_armour_unique	0	placeholder	placeholder	armours/3k_main_ancillary_wood_armour_unique.png	
3k_main_ancilliary_armour_li_hui_van_unique_armour_unique	3k_main_ancilliary_armour_li_hui_van_unique_armour_unique	0	placeholder	placeholder	armours/3k_main_ancillary_fire_armour_unique.png	
3k_main_ancilliary_armour_li_kan_armour_unique	3k_main_ancilliary_armour_li_kan_armour_unique	0	placeholder	placeholder	armours/3k_main_ancillary_fire_armour_unique.png	
3k_main_ancilliary_armour_li_li_armour_unique	3k_main_ancilliary_armour_li_li_armour_unique	0	placeholder	placeholder	armours/3k_main_ancillary_fire_armour_unique.png	
3k_main_ancilliary_armour_li_shi_unique_armour_unique	3k_main_ancilliary_armour_li_shi_unique_armour_unique	0	placeholder	placeholder	armours/3k_main_ancillary_water_armour_unique.png	
3k_main_ancilliary_armour_li_shu_armour_unique	3k_main_ancilliary_armour_li_shu_armour_unique	0	placeholder	placeholder	armours/3k_main_ancillary_water_armour_unique.png	
3k_main_ancilliary_armour_li_su_armour_unique	3k_main_ancilliary_armour_li_su_armour_unique	0	placeholder	placeholder	armours/3k_main_ancillary_fire_armour_unique.png	
3k_main_ancilliary_armour_li_tong_armour_unique	3k_main_ancilliary_armour_li_tong_armour_unique	0	placeholder	placeholder	armours/3k_main_ancillary_fire_armour_unique.png	
3k_main_ancilliary_armour_li_xian_armour_unique	3k_main_ancilliary_armour_li_xian_armour_unique	0	placeholder	placeholder	armours/3k_main_ancillary_metal_armour_unique.png	
3k_main_ancilliary_armour_li_ying_armour_unique	3k_main_ancilliary_armour_li_ying_armour_unique	0	placeholder	placeholder	armours/3k_main_ancillary_water_armour_unique.png	
3k_main_ancilliary_armour_lian_zhi_armour_unique	3k_main_ancilliary_armour_lian_zhi_armour_unique	0	placeholder	placeholder	armours/3k_main_ancillary_earth_armour_unique.png	
3k_main_ancilliary_armour_liang_mao_armour_unique	3k_main_ancilliary_armour_liang_mao_armour_unique	0	placeholder	placeholder	armours/3k_main_ancillary_water_armour_unique.png	
3k_main_ancilliary_armour_liang_xing_armour_unique	3k_main_ancilliary_armour_liang_xing_armour_unique	0	placeholder	placeholder	armours/3k_main_ancillary_metal_armour_unique.png	
3k_main_ancilliary_armour_liao_hua_ytr_armour_unique	3k_main_ancilliary_armour_liao_hua_ytr_armour_unique	0	placeholder	placeholder	armours/3k_main_ancillary_wood_armour_unique.png	
3k_main_ancilliary_armour_ling_cao_ironic_armour_unique	3k_main_ancilliary_armour_ling_cao_ironic_armour_unique	0	placeholder	placeholder	armours/3k_main_ancillary_fire_armour_unique.png	
3k_main_ancilliary_armour_ling_tong_fix_armour_unique	3k_main_ancilliary_armour_ling_tong_fix_armour_unique	0	placeholder	placeholder	armours/3k_main_ancillary_wood_armour_unique.png	
3k_main_ancilliary_armour_ling_tong_ironic_armour_unique	3k_main_ancilliary_armour_ling_tong_ironic_armour_unique	0	placeholder	placeholder	armours/3k_main_ancillary_wood_armour_unique.png	
3k_main_ancilliary_armour_linghu_na_unique_armour_unique	3k_main_ancilliary_armour_linghu_na_unique_armour_unique	0	placeholder	placeholder	armours/3k_main_ancillary_earth_armour_unique.png	
3k_main_ancilliary_armour_liu_ai_armour_unique	3k_main_ancilliary_armour_liu_ai_armour_unique	0	placeholder	placeholder	armours/3k_main_ancillary_metal_armour_unique.png	
3k_main_ancilliary_armour_liu_ba_unique_ironic_armour_unique	3k_main_ancilliary_armour_liu_ba_unique_ironic_armour_unique	0	placeholder	placeholder	armours/3k_main_ancillary_water_armour_unique.png	
3k_main_ancilliary_armour_liu_bao_armour_unique	3k_main_ancilliary_armour_liu_bao_armour_unique	0	placeholder	placeholder	ui/ancillaries/armours/3k_puzzle_ancillary_high_skies.png	
3k_main_ancilliary_armour_liu_cong_armour_unique	3k_main_ancilliary_armour_liu_cong_armour_unique	0	placeholder	placeholder	armours/3k_main_ancillary_earth_armour_unique.png	
3k_main_ancilliary_armour_liu_dai_armour_unique	3k_main_ancilliary_armour_liu_dai_armour_unique	0	placeholder	placeholder	armours/3k_main_ancillary_water_armour_unique.png	
3k_main_ancilliary_armour_liu_du_unique_ironic_armour_unique	3k_main_ancilliary_armour_liu_du_unique_ironic_armour_unique	0	placeholder	placeholder	armours/3k_main_ancillary_water_armour_unique.png	
3k_main_ancilliary_armour_liu_gui_unique_armour_unique	3k_main_ancilliary_armour_liu_gui_unique_armour_unique	0	placeholder	placeholder	armours/3k_main_ancillary_wood_armour_unique.png	
3k_main_ancilliary_armour_liu_he_armour_unique	3k_main_ancilliary_armour_liu_he_armour_unique	0	placeholder	placeholder	armours/3k_main_ancillary_water_armour_unique.png	
3k_main_ancilliary_armour_liu_he_pirate_unique_armour_unique	3k_main_ancilliary_armour_liu_he_pirate_unique_armour_unique	0	placeholder	placeholder	armours/3k_main_ancillary_earth_armour_unique.png	
3k_main_ancilliary_armour_liu_ji_armour_unique	3k_main_ancilliary_armour_liu_ji_armour_unique	0	placeholder	placeholder	armours/3k_main_ancillary_fire_armour_unique.png	
3k_main_ancilliary_armour_liu_pan_armour_unique	3k_main_ancilliary_armour_liu_pan_armour_unique	0	placeholder	placeholder	armours/3k_main_ancillary_earth_armour_unique.png	
3k_main_ancilliary_armour_liu_pi_unique_armour_unique	3k_main_ancilliary_armour_liu_pi_unique_armour_unique	0	placeholder	placeholder	armours/3k_main_ancillary_water_armour_unique.png	
3k_main_ancilliary_armour_liu_pingming_armour_unique	3k_main_ancilliary_armour_liu_pingming_armour_unique	0	placeholder	placeholder	armours/3k_main_ancillary_metal_armour_unique.png	
3k_main_ancilliary_armour_liu_qi_armour_unique	3k_main_ancilliary_armour_liu_qi_armour_unique	0	placeholder	placeholder	armours/3k_main_ancillary_fire_armour_unique.png	
3k_main_ancilliary_armour_liu_shang_armour_unique	3k_main_ancilliary_armour_liu_shang_armour_unique	0	placeholder	placeholder	armours/3k_main_ancillary_metal_armour_unique.png	
3k_main_ancilliary_armour_liu_shuo_armour_unique	3k_main_ancilliary_armour_liu_shuo_armour_unique	0	placeholder	placeholder	armours/3k_main_ancillary_wood_armour_unique.png	
3k_main_ancilliary_armour_liu_xian_unique_ironic_armour_unique	3k_main_ancilliary_armour_liu_xian_unique_ironic_armour_unique	0	placeholder	placeholder	armours/3k_main_ancillary_fire_armour_unique.png	
3k_main_ancilliary_armour_liu_xun_armour_unique	3k_main_ancilliary_armour_liu_xun_armour_unique	0	placeholder	placeholder	armours/3k_main_ancillary_fire_armour_unique.png	
3k_main_ancilliary_armour_liu_xun_zitai_armour_unique	3k_main_ancilliary_armour_liu_xun_zitai_armour_unique	0	placeholder	placeholder	armours/3k_main_ancillary_fire_armour_unique.png	
3k_main_ancilliary_armour_liu_ye_armour_unique	3k_main_ancilliary_armour_liu_ye_armour_unique	0	placeholder	placeholder	armours/3k_main_ancillary_water_armour_unique.png	
3k_main_ancilliary_armour_liu_yu_armour_unique	3k_main_ancilliary_armour_liu_yu_armour_unique	0	Liu Yu's Armour	The perfect weight and fit, tailored for this warrior of class and distinction.	armours/3k_main_ancillary_liu_yus_armour_unique.png	
3k_main_ancilliary_armour_lou_gui_armour_unique	3k_main_ancilliary_armour_lou_gui_armour_unique	0	placeholder	placeholder	armours/3k_main_ancillary_fire_armour_unique.png	
3k_main_ancilliary_armour_lu_dai_armour_unique	3k_main_ancilliary_armour_lu_dai_armour_unique	0	placeholder	placeholder	armours/3k_main_ancillary_fire_armour_unique.png	
3k_main_ancilliary_armour_lu_fan_ironic_armour_unique	3k_main_ancilliary_armour_lu_fan_ironic_armour_unique	0	placeholder	placeholder	armours/3k_main_ancillary_water_armour_unique.png	
3k_main_ancilliary_armour_lu_gong_armour_unique	3k_main_ancilliary_armour_lu_gong_armour_unique	0	placeholder	placeholder	armours/3k_main_ancillary_fire_armour_unique.png	
3k_main_ancilliary_armour_lu_ji_armour_unique	3k_main_ancilliary_armour_lu_ji_armour_unique	0	placeholder	placeholder	armours/3k_main_ancillary_water_armour_unique.png	
3k_main_ancilliary_armour_lu_ju_armour_unique	3k_main_ancilliary_armour_lu_ju_armour_unique	0	placeholder	placeholder	armours/3k_main_ancillary_earth_armour_unique.png	
3k_main_ancilliary_armour_lu_jun_armour_unique	3k_main_ancilliary_armour_lu_jun_armour_unique	0	placeholder	placeholder	armours/3k_main_ancillary_earth_armour_unique.png	
3k_main_ancilliary_armour_lu_kang_armour_unique	3k_main_ancilliary_armour_lu_kang_armour_unique	0	placeholder	placeholder	armours/3k_main_ancillary_wood_armour_unique.png	
3k_main_ancilliary_armour_lu_meng_unique_ironic_armour_unique	3k_main_ancilliary_armour_lu_meng_unique_ironic_armour_unique	0	placeholder	placeholder	armours/3k_main_ancillary_metal_armour_unique.png	
3k_main_ancilliary_armour_lu_qian_armour_unique	3k_main_ancilliary_armour_lu_qian_armour_unique	0	placeholder	placeholder	armours/3k_main_ancillary_metal_armour_unique.png	
3k_main_ancilliary_armour_lu_shang_armour_unique	3k_main_ancilliary_armour_lu_shang_armour_unique	0	placeholder	placeholder	armours/3k_main_ancillary_fire_armour_unique.png	
3k_main_ancilliary_armour_lu_xun_armour_unique	3k_main_ancilliary_armour_lu_xun_armour_unique	0	placeholder	placeholder	armours/3k_main_ancillary_water_armour_unique.png	
3k_main_ancilliary_armour_ma_ai_armour_unique	3k_main_ancilliary_armour_ma_ai_armour_unique	0	placeholder	placeholder	armours/3k_main_ancillary_fire_armour_unique.png	
3k_main_ancilliary_armour_ma_liang_unique_ironic_armour_unique	3k_main_ancilliary_armour_ma_liang_unique_ironic_armour_unique	0	placeholder	placeholder	armours/3k_main_ancillary_water_armour_unique.png	
3k_main_ancilliary_armour_ma_midi_armour_unique	3k_main_ancilliary_armour_ma_midi_armour_unique	0	placeholder	placeholder	armours/3k_main_ancillary_water_armour_unique.png	
3k_main_ancilliary_armour_ma_su_unique_ironic_armour_unique	3k_main_ancilliary_armour_ma_su_unique_ironic_armour_unique	0	placeholder	placeholder	armours/3k_main_ancillary_water_armour_unique.png	
3k_main_ancilliary_armour_ma_wan_armour_unique	3k_main_ancilliary_armour_ma_wan_armour_unique	0	placeholder	placeholder	armours/3k_main_ancillary_fire_armour_unique.png	
3k_main_ancilliary_armour_ma_zhong_unique_armour_unique	3k_main_ancilliary_armour_ma_zhong_unique_armour_unique	0	placeholder	placeholder	armours/3k_main_ancillary_wood_armour_unique.png	
3k_main_ancilliary_armour_mao_jie_armour_unique	3k_main_ancilliary_armour_mao_jie_armour_unique	0	placeholder	placeholder	armours/3k_main_ancillary_water_armour_unique.png	
3k_main_ancilliary_armour_mei_cheng_armour_unique	3k_main_ancilliary_armour_mei_cheng_armour_unique	0	placeholder	placeholder	armours/3k_main_ancillary_wood_armour_unique.png	
3k_main_ancilliary_armour_meng_da_armour_unique	3k_main_ancilliary_armour_meng_da_armour_unique	0	placeholder	placeholder	armours/3k_main_ancillary_fire_armour_unique.png	
3k_main_ancilliary_armour_mi_fang_armour_unique	3k_main_ancilliary_armour_mi_fang_armour_unique	0	placeholder	placeholder	armours/3k_main_ancillary_metal_armour_unique.png	
3k_main_ancilliary_armour_mi_zhu_armour_unique	3k_main_ancilliary_armour_mi_zhu_armour_unique	0	placeholder	placeholder	armours/3k_main_ancillary_water_armour_unique.png	
3k_main_ancilliary_armour_miao_wanwan_armour_unique	3k_main_ancilliary_armour_miao_wanwan_armour_unique	0	placeholder	placeholder	armours/3k_main_ancillary_metal_armour_unique.png	
3k_main_ancilliary_armour_mike_armour_unique	3k_main_ancilliary_armour_mike_armour_unique	0	placeholder	placeholder	ui/ancillaries/armours/3k_puzzle_ancillary_xianbei_armour.png	
3k_main_ancilliary_armour_nangong_xinyu_unique_armour_unique	3k_main_ancilliary_armour_nangong_xinyu_unique_armour_unique	0	placeholder	placeholder	armours/3k_main_ancillary_water_armour_unique.png	
3k_main_ancilliary_armour_nangong_zixiao_unique_armour_unique	3k_main_ancilliary_armour_nangong_zixiao_unique_armour_unique	0	placeholder	placeholder	armours/3k_main_ancillary_wood_armour_unique.png	
3k_main_ancilliary_armour_nanlou_armour_unique	3k_main_ancilliary_armour_nanlou_armour_unique	0	placeholder	placeholder	ui/ancillaries/armours/3k_puzzle_ancillary_northern_lamellar_armour.png	
3k_main_ancilliary_armour_ni_xiaode_unique_armour_unique	3k_main_ancilliary_armour_ni_xiaode_unique_armour_unique	0	placeholder	placeholder	armours/3k_main_ancillary_fire_armour_unique.png	
3k_main_ancilliary_armour_nie_tingping_armour_unique	3k_main_ancilliary_armour_nie_tingping_armour_unique	0	placeholder	placeholder	armours/3k_main_ancillary_metal_armour_unique.png	
3k_main_ancilliary_armour_niu_fu_armour_unique	3k_main_ancilliary_armour_niu_fu_armour_unique	0	placeholder	placeholder	armours/3k_main_ancillary_fire_armour_unique.png	
3k_main_ancilliary_armour_ouhou_cai_armour_unique	3k_main_ancilliary_armour_ouhou_cai_armour_unique	0	placeholder	placeholder	armours/3k_main_ancillary_metal_armour_unique.png	
3k_main_ancilliary_armour_pan_juan_armour_unique	3k_main_ancilliary_armour_pan_juan_armour_unique	0	placeholder	placeholder	armours/3k_main_ancillary_water_armour_unique.png	
3k_main_ancilliary_armour_pan_jun_unique_armour_unique	3k_main_ancilliary_armour_pan_jun_unique_armour_unique	0	placeholder	placeholder	armours/3k_main_ancillary_fire_armour_unique.png	
3k_main_ancilliary_armour_pan_lin_armour_unique	3k_main_ancilliary_armour_pan_lin_armour_unique	0	placeholder	placeholder	armours/3k_main_ancillary_water_armour_unique.png	
3k_main_ancilliary_armour_pan_shun_armour_unique	3k_main_ancilliary_armour_pan_shun_armour_unique	0	placeholder	placeholder	armours/3k_main_ancillary_wood_armour_unique.png	
3k_main_ancilliary_armour_pan_zhang_ironic_armour_unique	3k_main_ancilliary_armour_pan_zhang_ironic_armour_unique	0	placeholder	placeholder	armours/3k_main_ancillary_fire_armour_unique.png	
3k_main_ancilliary_armour_pang_degong_ironic_water_armour_unique	3k_main_ancilliary_armour_pang_degong_ironic_water_armour_unique	0	placeholder	placeholder	armours/3k_main_ancillary_water_armour_unique.png	
3k_main_ancilliary_armour_pang_ji`_armour_unique	3k_main_ancilliary_armour_pang_ji`_armour_unique	0	placeholder	placeholder	armours/3k_main_ancillary_water_armour_unique.png	
3k_main_ancilliary_armour_pang_yu_armour_unique	3k_main_ancilliary_armour_pang_yu_armour_unique	0	placeholder	placeholder	armours/3k_main_ancillary_wood_armour_unique.png	
3k_main_ancilliary_armour_puyang_lian_ironic_armour_unique	3k_main_ancilliary_armour_puyang_lian_ironic_armour_unique	0	placeholder	placeholder	armours/3k_main_ancillary_earth_armour_unique.png	
3k_main_ancilliary_armour_qian_zhao_ironic_armour_unique	3k_main_ancilliary_armour_qian_zhao_ironic_armour_unique	0	placeholder	placeholder	armours/3k_main_ancillary_fire_armour_unique.png	
3k_main_ancilliary_armour_qiang_duan_armour_unique	3k_main_ancilliary_armour_qiang_duan_armour_unique	0	placeholder	placeholder	armours/3k_main_ancillary_wood_armour_unique.png	
3k_main_ancilliary_armour_qin_yilu_armour_unique	3k_main_ancilliary_armour_qin_yilu_armour_unique	0	placeholder	placeholder	armours/3k_main_ancillary_fire_armour_unique.png	
3k_main_ancilliary_armour_qu_chuntao_armour_unique	3k_main_ancilliary_armour_qu_chuntao_armour_unique	0	placeholder	placeholder	armours/3k_main_ancillary_water_armour_unique.png	
3k_main_ancilliary_armour_qu_pan_armour_unique	3k_main_ancilliary_armour_qu_pan_armour_unique	0	placeholder	placeholder	armours/3k_main_ancillary_earth_armour_unique.png	
3k_main_ancilliary_armour_qu_yi_armour_unique	3k_main_ancilliary_armour_qu_yi_armour_unique	0	placeholder	placeholder	armours/3k_main_ancillary_earth_armour_unique.png	
3k_main_ancilliary_armour_quan_rou_armour_unique	3k_main_ancilliary_armour_quan_rou_armour_unique	0	placeholder	placeholder	armours/3k_main_ancillary_wood_armour_unique.png	
3k_main_ancilliary_armour_qubei_armour_unique	3k_main_ancilliary_armour_qubei_armour_unique	0	placeholder	placeholder	ui/ancillaries/armours/3k_puzzle_ancillary_high_skies.png	
3k_main_ancilliary_armour_que_xuan_ironic_armour_unique	3k_main_ancilliary_armour_que_xuan_ironic_armour_unique	0	placeholder	placeholder	armours/3k_main_ancillary_water_armour_unique.png	
3k_main_ancilliary_armour_rong_fang_ironic_armour_unique	3k_main_ancilliary_armour_rong_fang_ironic_armour_unique	0	placeholder	placeholder	armours/3k_main_ancillary_earth_armour_unique.png	
3k_main_ancilliary_armour_sheng_dao_unique_armour_unique	3k_main_ancilliary_armour_sheng_dao_unique_armour_unique	0	placeholder	placeholder	armours/3k_main_ancillary_earth_armour_unique.png	
3k_main_ancilliary_armour_sheng_xian_armour_unique	3k_main_ancilliary_armour_sheng_xian_armour_unique	0	Sheng Xian's Armour	The perfect weight and fit, tailored for this warrior of class and distinction.	armours/3k_main_ancillary_water_armour_unique.png	
3k_main_ancilliary_armour_shi_fen_unique_armour_unique	3k_main_ancilliary_armour_shi_fen_unique_armour_unique	0	placeholder	placeholder	armours/3k_main_ancillary_water_armour_unique.png	
3k_main_ancilliary_armour_shi_huan_armour_unique	3k_main_ancilliary_armour_shi_huan_armour_unique	0	placeholder	placeholder	armours/3k_main_ancillary_fire_armour_unique.png	
3k_main_ancilliary_armour_shi_huang_sg_armour_unique	3k_main_ancilliary_armour_shi_huang_sg_armour_unique	0	placeholder	placeholder	armours/3k_main_ancillary_earth_armour_unique.png	
3k_main_ancilliary_armour_shi_hui_unique_armour_unique	3k_main_ancilliary_armour_shi_hui_unique_armour_unique	0	placeholder	placeholder	armours/3k_main_ancillary_earth_armour_unique.png	
3k_main_ancilliary_armour_shi_kuang_unique_armour_unique	3k_main_ancilliary_armour_shi_kuang_unique_armour_unique	0	placeholder	placeholder	armours/3k_main_ancillary_fire_armour_unique.png	
3k_main_ancilliary_armour_shi_wei_unique_armour_unique	3k_main_ancilliary_armour_shi_wei_unique_armour_unique	0	placeholder	placeholder	armours/3k_main_ancillary_metal_armour_unique.png	
3k_main_ancilliary_armour_shi_wu_unique_armour_unique	3k_main_ancilliary_armour_shi_wu_unique_armour_unique	0	placeholder	placeholder	armours/3k_main_ancillary_fire_armour_unique.png	
3k_main_ancilliary_armour_shi_xin_unique_armour_unique	3k_main_ancilliary_armour_shi_xin_unique_armour_unique	0	placeholder	placeholder	armours/3k_main_ancillary_wood_armour_unique.png	
3k_main_ancilliary_armour_shi_yi_unique_armour_unique	3k_main_ancilliary_armour_shi_yi_unique_armour_unique	0	placeholder	placeholder	armours/3k_main_ancillary_metal_armour_unique.png	
3k_main_ancilliary_armour_shi_yi_w_armour_unique	3k_main_ancilliary_armour_shi_yi_w_armour_unique	0	placeholder	placeholder	armours/3k_main_ancillary_water_armour_unique.png	
3k_main_ancilliary_armour_shi_zin_unique_armour_unique	3k_main_ancilliary_armour_shi_zin_unique_armour_unique	0	placeholder	placeholder	armours/3k_main_ancillary_water_armour_unique.png	
3k_main_ancilliary_armour_sima_hui_ironic_water_armour_unique	3k_main_ancilliary_armour_sima_hui_ironic_water_armour_unique	0	placeholder	placeholder	armours/3k_main_ancillary_earth_armour_unique.png	
3k_main_ancilliary_armour_sima_ju_ytr_armour_unique	3k_main_ancilliary_armour_sima_ju_ytr_armour_unique	0	placeholder	placeholder	armours/3k_main_ancillary_metal_armour_unique.png	
3k_main_ancilliary_armour_su_dai_unique_armour_unique	3k_main_ancilliary_armour_su_dai_unique_armour_unique	0	placeholder	placeholder	armours/3k_main_ancillary_wood_armour_unique.png	
3k_main_ancilliary_armour_su_fei_armour_unique	3k_main_ancilliary_armour_su_fei_armour_unique	0	placeholder	placeholder	armours/3k_main_ancillary_fire_armour_unique.png	
3k_main_ancilliary_armour_su_ze_armour_unique	3k_main_ancilliary_armour_su_ze_armour_unique	0	placeholder	placeholder	armours/3k_main_ancillary_water_armour_unique.png	
3k_main_ancilliary_armour_sui_gu_armour_unique	3k_main_ancilliary_armour_sui_gu_armour_unique	0	placeholder	placeholder	armours/3k_main_ancillary_metal_armour_unique.png	
3k_main_ancilliary_armour_sun_ben_armour_unique	3k_main_ancilliary_armour_sun_ben_armour_unique	0	placeholder	placeholder	armours/3k_main_ancillary_fire_armour_unique.png	
3k_main_ancilliary_armour_sun_deng_armour_unique	3k_main_ancilliary_armour_sun_deng_armour_unique	0	placeholder	placeholder	armours/3k_main_ancillary_earth_armour_unique.png	
3k_main_ancilliary_armour_sun_fu_armour_unique	3k_main_ancilliary_armour_sun_fu_armour_unique	0	placeholder	placeholder	armours/3k_main_ancillary_earth_armour_unique.png	
3k_main_ancilliary_armour_sun_guan_armour_unique	3k_main_ancilliary_armour_sun_guan_armour_unique	0	placeholder	placeholder	armours/3k_main_ancillary_wood_armour_unique.png	
3k_main_ancilliary_armour_sun_hao_armour_unique	3k_main_ancilliary_armour_sun_hao_armour_unique	0	placeholder	placeholder	armours/3k_main_ancillary_water_armour_unique.png	
3k_main_ancilliary_armour_sun_he_armour_unique	3k_main_ancilliary_armour_sun_he_armour_unique	0	placeholder	placeholder	armours/3k_main_ancillary_wood_armour_unique.png	
3k_main_ancilliary_armour_sun_jiao_armour_unique	3k_main_ancilliary_armour_sun_jiao_armour_unique	0	placeholder	placeholder	armours/3k_main_ancillary_earth_armour_unique.png	
3k_main_ancilliary_armour_sun_jing_armour_unique	3k_main_ancilliary_armour_sun_jing_armour_unique	0	placeholder	placeholder	armours/3k_main_ancillary_wood_armour_unique.png	
3k_main_ancilliary_armour_sun_kuang_armour_unique	3k_main_ancilliary_armour_sun_kuang_armour_unique	0	placeholder	placeholder	armours/3k_main_ancillary_earth_armour_unique.png	
3k_main_ancilliary_armour_sun_lang_armour_unique	3k_main_ancilliary_armour_sun_lang_armour_unique	0	placeholder	placeholder	armours/3k_main_ancillary_fire_armour_unique.png	
3k_main_ancilliary_armour_sun_qian_armour_unique	3k_main_ancilliary_armour_sun_qian_armour_unique	0	placeholder	placeholder	armours/3k_main_ancillary_water_armour_unique.png	
3k_main_ancilliary_armour_sun_shao_armour_unique	3k_main_ancilliary_armour_sun_shao_armour_unique	0	placeholder	placeholder	armours/3k_main_ancillary_metal_armour_unique.png	
3k_main_ancilliary_armour_sun_shao_sun_armour_unique	3k_main_ancilliary_armour_sun_shao_sun_armour_unique	0	placeholder	placeholder	armours/3k_main_ancillary_fire_armour_unique.png	
3k_main_ancilliary_armour_sun_shi_ironic_armour_unique	3k_main_ancilliary_armour_sun_shi_ironic_armour_unique	0	placeholder	placeholder	armours/3k_main_ancillary_earth_armour_unique.png	
3k_main_ancilliary_armour_sun_yi_armour_unique	3k_main_ancilliary_armour_sun_yi_armour_unique	0	placeholder	placeholder	armours/3k_main_ancillary_fire_armour_unique.png	
3k_main_ancilliary_armour_sun_yu_armour_unique	3k_main_ancilliary_armour_sun_yu_armour_unique	0	placeholder	placeholder	armours/3k_main_ancillary_metal_armour_unique.png	
3k_main_ancilliary_armour_supuyan_armour_unique	3k_main_ancilliary_armour_supuyan_armour_unique	0	placeholder	placeholder	ui/ancillaries/armours/3k_puzzle_ancillary_northern_lamellar_armour.png	
3k_main_ancilliary_armour_syiyan_armour_unique	3k_main_ancilliary_armour_syiyan_armour_unique	0	placeholder	placeholder	armours/3k_main_ancillary_metal_armour_unique.png	
3k_main_ancilliary_armour_tadun_armour_unique	3k_main_ancilliary_armour_tadun_armour_unique	0	placeholder	placeholder	ui/ancillaries/armours/3k_puzzle_ancillary_mammoth_tiger.png	
3k_main_ancilliary_armour_tao_shang_armour_unique	3k_main_ancilliary_armour_tao_shang_armour_unique	0	placeholder	placeholder	armours/3k_main_ancillary_metal_armour_unique.png	
3k_main_ancilliary_armour_tao_ying_armour_unique	3k_main_ancilliary_armour_tao_ying_armour_unique	0	placeholder	placeholder	armours/3k_main_ancillary_wood_armour_unique.png	
3k_main_ancilliary_armour_teng_ling_armour_unique	3k_main_ancilliary_armour_teng_ling_armour_unique	0	placeholder	placeholder	armours/3k_main_ancillary_earth_armour_unique.png	
3k_main_ancilliary_armour_tian_chou_armour_unique	3k_main_ancilliary_armour_tian_chou_armour_unique	0	placeholder	placeholder	armours/3k_main_ancillary_water_armour_unique.png	
3k_main_ancilliary_armour_tian_feng_armour_unique	3k_main_ancilliary_armour_tian_feng_armour_unique	0	placeholder	placeholder	armours/3k_main_ancillary_water_armour_unique.png	
3k_main_ancilliary_armour_tian_kai_armour_unique	3k_main_ancilliary_armour_tian_kai_armour_unique	0	placeholder	placeholder	armours/3k_main_ancillary_earth_armour_unique.png	
3k_main_ancilliary_armour_tian_yu_armour_unique	3k_main_ancilliary_armour_tian_yu_armour_unique	0	placeholder	placeholder	armours/3k_main_ancillary_fire_armour_unique.png	
3k_main_ancilliary_armour_tong_jie_unique_armour_unique	3k_main_ancilliary_armour_tong_jie_unique_armour_unique	0	placeholder	placeholder	armours/3k_main_ancillary_fire_armour_unique.png	
3k_main_ancilliary_armour_tong_yin_armour_unique	3k_main_ancilliary_armour_tong_yin_armour_unique	0	placeholder	placeholder	armours/3k_main_ancillary_fire_armour_unique.png	
3k_main_ancilliary_armour_tong_yurui_armour_unique	3k_main_ancilliary_armour_tong_yurui_armour_unique	0	placeholder	placeholder	armours/3k_main_ancillary_water_armour_unique.png	
3k_main_ancilliary_armour_tong_zhi_armour_unique	3k_main_ancilliary_armour_tong_zhi_armour_unique	0	placeholder	placeholder	armours/3k_main_ancillary_water_armour_unique.png	
3k_main_ancilliary_armour_tufa_pigu_armour_unique	3k_main_ancilliary_armour_tufa_pigu_armour_unique	0	placeholder	placeholder	ui/ancillaries/armours/3k_puzzle_ancillary_xianbei_armour.png	
3k_main_ancilliary_armour_tuoba_jiefan_armour_unique	3k_main_ancilliary_armour_tuoba_jiefan_armour_unique	0	placeholder	placeholder	ui/ancillaries/armours/3k_puzzle_ancillary_xianbei_armour.png	
3k_main_ancilliary_armour_tuoba_liwei_armour_unique	3k_main_ancilliary_armour_tuoba_liwei_armour_unique	0	placeholder	placeholder	ui/ancillaries/armours/3k_puzzle_ancillary_xianbei_armour.png	
3k_main_ancilliary_armour_wan_bing_ironic_armour_unique	3k_main_ancilliary_armour_wan_bing_ironic_armour_unique	0	placeholder	placeholder	armours/3k_main_ancillary_metal_armour_unique.png	
3k_main_ancilliary_armour_wang_baolan_armour_unique	3k_main_ancilliary_armour_wang_baolan_armour_unique	0	placeholder	placeholder	armours/3k_main_ancillary_water_armour_unique.png	
3k_main_ancilliary_armour_wang_dang_armour_unique	3k_main_ancilliary_armour_wang_dang_armour_unique	0	placeholder	placeholder	armours/3k_main_ancillary_water_armour_unique.png	
3k_main_ancilliary_armour_wang_fangyue_armour_unique	3k_main_ancilliary_armour_wang_fangyue_armour_unique	0	placeholder	placeholder	armours/3k_main_ancillary_water_armour_unique.png	
3k_main_ancilliary_armour_wang_feng_armour_unique	3k_main_ancilliary_armour_wang_feng_armour_unique	0	placeholder	placeholder	armours/3k_main_ancillary_water_armour_unique.png	
3k_main_ancilliary_armour_wang_fu_stra_unique_armour_unique	3k_main_ancilliary_armour_wang_fu_stra_unique_armour_unique	0	placeholder	placeholder	armours/3k_main_ancillary_water_armour_unique.png	
3k_main_ancilliary_armour_wang_fu_unique_armour_unique	3k_main_ancilliary_armour_wang_fu_unique_armour_unique	0	placeholder	placeholder	armours/3k_main_ancillary_earth_armour_unique.png	
3k_main_ancilliary_armour_wang_hong_armour_unique	3k_main_ancilliary_armour_wang_hong_armour_unique	0	placeholder	placeholder	armours/3k_main_ancillary_earth_armour_unique.png	
3k_main_ancilliary_armour_wang_lanlan_armour_unique	3k_main_ancilliary_armour_wang_lanlan_armour_unique	0	placeholder	placeholder	armours/3k_main_ancillary_earth_armour_unique.png	
3k_main_ancilliary_armour_wang_lei_unique_armour_unique	3k_main_ancilliary_armour_wang_lei_unique_armour_unique	0	placeholder	placeholder	armours/3k_main_ancillary_water_armour_unique.png	
3k_main_ancilliary_armour_wang_ping_armour_unique	3k_main_ancilliary_armour_wang_ping_armour_unique	0	placeholder	placeholder	armours/3k_main_ancillary_fire_armour_unique.png	
3k_main_ancilliary_armour_wang_sheng_armour_unique	3k_main_ancilliary_armour_wang_sheng_armour_unique	0	placeholder	placeholder	armours/3k_main_ancillary_earth_armour_unique.png	
3k_main_ancilliary_armour_wang_shi_unique_armour_unique	3k_main_ancilliary_armour_wang_shi_unique_armour_unique	0	placeholder	placeholder	armours/3k_main_ancillary_fire_armour_unique.png	
3k_main_ancilliary_armour_wang_song_armour_unique	3k_main_ancilliary_armour_wang_song_armour_unique	0	placeholder	placeholder	armours/3k_main_ancillary_water_armour_unique.png	
3k_main_ancilliary_armour_wang_su_ironic_armour_unique	3k_main_ancilliary_armour_wang_su_ironic_armour_unique	0	placeholder	placeholder	armours/3k_main_ancillary_water_armour_unique.png	
3k_main_ancilliary_armour_wang_xian_unique_armour_unique	3k_main_ancilliary_armour_wang_xian_unique_armour_unique	0	placeholder	placeholder	armours/3k_main_ancillary_water_armour_unique.png	
3k_main_ancilliary_armour_wang_xiang_unique_ironic_armour_unique	3k_main_ancilliary_armour_wang_xiang_unique_ironic_armour_unique	0	placeholder	placeholder	armours/3k_main_ancillary_water_armour_unique.png	
3k_main_ancilliary_armour_wang_xiu_armour_unique	3k_main_ancilliary_armour_wang_xiu_armour_unique	0	placeholder	placeholder	armours/3k_main_ancillary_earth_armour_unique.png	
3k_main_ancilliary_armour_wang_yu_armour_unique	3k_main_ancilliary_armour_wang_yu_armour_unique	0	placeholder	placeholder	armours/3k_main_ancillary_metal_armour_unique.png	
3k_main_ancilliary_armour_wangdong_armour_unique	3k_main_ancilliary_armour_wangdong_armour_unique	0	placeholder	placeholder	ui/ancillaries/armours/3k_puzzle_ancillary_northern_lamellar_armour.png	
3k_main_ancilliary_armour_wei_gu_ironic_armour_unique	3k_main_ancilliary_armour_wei_gu_ironic_armour_unique	0	placeholder	placeholder	armours/3k_main_ancillary_fire_armour_unique.png	
3k_main_ancilliary_armour_wei_huang_armour_unique	3k_main_ancilliary_armour_wei_huang_armour_unique	0	placeholder	placeholder	armours/3k_main_ancillary_wood_armour_unique.png	
3k_main_ancilliary_armour_wei_kang_armour_unique	3k_main_ancilliary_armour_wei_kang_armour_unique	0	placeholder	placeholder	armours/3k_main_ancillary_earth_armour_unique.png	
3k_main_ancilliary_armour_wei_you_armour_unique	3k_main_ancilliary_armour_wei_you_armour_unique	0	placeholder	placeholder	armours/3k_main_ancillary_water_armour_unique.png	
3k_main_ancilliary_armour_wen_pin_armour_unique	3k_main_ancilliary_armour_wen_pin_armour_unique	0	placeholder	placeholder	armours/3k_main_ancillary_wood_armour_unique.png	
3k_main_ancilliary_armour_wen_qin_ironic_armour_unique	3k_main_ancilliary_armour_wen_qin_ironic_armour_unique	0	placeholder	placeholder	armours/3k_main_ancillary_earth_armour_unique.png	
3k_main_ancilliary_armour_wu_chen_unique_armour_unique	3k_main_ancilliary_armour_wu_chen_unique_armour_unique	0	placeholder	placeholder	armours/3k_main_ancillary_wood_armour_unique.png	
3k_main_ancilliary_armour_wu_huan_ytr_armour_unique	3k_main_ancilliary_armour_wu_huan_ytr_armour_unique	0	placeholder	placeholder	armours/3k_main_ancillary_metal_armour_unique.png	
3k_main_ancilliary_armour_wu_jing_ironic_armour_unique	3k_main_ancilliary_armour_wu_jing_ironic_armour_unique	0	placeholder	placeholder	armours/3k_main_ancillary_fire_armour_unique.png	
3k_main_ancilliary_armour_wu_ju_armour_unique	3k_main_ancilliary_armour_wu_ju_armour_unique	0	placeholder	placeholder	armours/3k_main_ancillary_earth_armour_unique.png	
3k_main_ancilliary_armour_wuyan_armour_unique	3k_main_ancilliary_armour_wuyan_armour_unique	0	placeholder	placeholder	ui/ancillaries/armours/3k_puzzle_ancillary_northern_lamellar_armour.png	
3k_main_ancilliary_armour_xi_zhicai_unique_armour_unique	3k_main_ancilliary_armour_xi_zhicai_unique_armour_unique	0	placeholder	placeholder	armours/3k_main_ancillary_water_armour_unique.png	
3k_main_ancilliary_armour_xiahou_jie_armour_unique	3k_main_ancilliary_armour_xiahou_jie_armour_unique	0	placeholder	placeholder	armours/3k_main_ancillary_fire_armour_unique.png	
3k_main_ancilliary_armour_xiahou_shang_armour_unique	3k_main_ancilliary_armour_xiahou_shang_armour_unique	0	placeholder	placeholder	armours/3k_main_ancillary_fire_armour_unique.png	
3k_main_ancilliary_armour_xiang_chong_unique_ironic_armour_unique	3k_main_ancilliary_armour_xiang_chong_unique_ironic_armour_unique	0	placeholder	placeholder	armours/3k_main_ancillary_fire_armour_unique.png	
3k_main_ancilliary_armour_xianyu_fu_armour_unique	3k_main_ancilliary_armour_xianyu_fu_armour_unique	0	placeholder	placeholder	armours/3k_main_ancillary_fire_armour_unique.png	
3k_main_ancilliary_armour_xianyu_yin_armour_unique	3k_main_ancilliary_armour_xianyu_yin_armour_unique	0	placeholder	placeholder	armours/3k_main_ancillary_wood_armour_unique.png	
3k_main_ancilliary_armour_xie_mi_ironic_armour_unique	3k_main_ancilliary_armour_xie_mi_ironic_armour_unique	0	placeholder	placeholder	armours/3k_main_ancillary_water_armour_unique.png	
3k_main_ancilliary_armour_xin_pi_armour_unique	3k_main_ancilliary_armour_xin_pi_armour_unique	0	placeholder	placeholder	armours/3k_main_ancillary_water_armour_unique.png	
3k_main_ancilliary_armour_xin_ping_armour_unique	3k_main_ancilliary_armour_xin_ping_armour_unique	0	placeholder	placeholder	armours/3k_main_ancillary_wood_armour_unique.png	
3k_main_ancilliary_armour_xing_daorong_unique_ironic_armour_unique	3k_main_ancilliary_armour_xing_daorong_unique_ironic_armour_unique	0	placeholder	placeholder	armours/3k_main_ancillary_wood_armour_unique.png	
3k_main_ancilliary_armour_xu_gong_ironic_armour_unique	3k_main_ancilliary_armour_xu_gong_ironic_armour_unique	0	placeholder	placeholder	armours/3k_main_ancillary_fire_armour_unique.png	
3k_main_ancilliary_armour_xu_he_ytr_armour_unique	3k_main_ancilliary_armour_xu_he_ytr_armour_unique	0	placeholder	placeholder	armours/3k_main_ancillary_metal_armour_unique.png	
3k_main_ancilliary_armour_xu_jing_armour_unique	3k_main_ancilliary_armour_xu_jing_armour_unique	0	placeholder	placeholder	armours/3k_main_ancillary_water_armour_unique.png	
3k_main_ancilliary_armour_xu_kun_ironic_armour_unique	3k_main_ancilliary_armour_xu_kun_ironic_armour_unique	0	placeholder	placeholder	armours/3k_main_ancillary_wood_armour_unique.png	
3k_main_ancilliary_armour_xu_rong_armour_unique	3k_main_ancilliary_armour_xu_rong_armour_unique	0	placeholder	placeholder	armours/3k_main_ancillary_wood_armour_unique.png	
3k_main_ancilliary_armour_xu_shao_ironic_armour_unique	3k_main_ancilliary_armour_xu_shao_ironic_armour_unique	0	placeholder	placeholder	armours/3k_main_ancillary_water_armour_unique.png	
3k_main_ancilliary_armour_xu_sheng_ironic_armour_unique	3k_main_ancilliary_armour_xu_sheng_ironic_armour_unique	0	placeholder	placeholder	armours/3k_main_ancillary_earth_armour_unique.png	
3k_main_ancilliary_armour_xu_you_armour_unique	3k_main_ancilliary_armour_xu_you_armour_unique	0	placeholder	placeholder	armours/3k_main_ancillary_water_armour_unique.png	
3k_main_ancilliary_armour_xu_zhao_ironic_armour_unique	3k_main_ancilliary_armour_xu_zhao_ironic_armour_unique	0	placeholder	placeholder	armours/3k_main_ancillary_earth_armour_unique.png	
3k_main_ancilliary_armour_xue_li_armour_unique	3k_main_ancilliary_armour_xue_li_armour_unique	0	placeholder	placeholder	armours/3k_main_ancillary_metal_armour_unique.png	
3k_main_ancilliary_armour_xue_zong_unique_ironic_armour_unique	3k_main_ancilliary_armour_xue_zong_unique_ironic_armour_unique	0	placeholder	placeholder	armours/3k_main_ancillary_water_armour_unique.png	
3k_main_ancilliary_armour_xun_chen_armour_unique	3k_main_ancilliary_armour_xun_chen_armour_unique	0	placeholder	placeholder	armours/3k_main_ancillary_water_armour_unique.png	
3k_main_ancilliary_armour_yalu_armour_unique	3k_main_ancilliary_armour_yalu_armour_unique	0	placeholder	placeholder	armours/3k_main_ancillary_fire_armour_unique.png	
3k_main_ancilliary_armour_yan_gang_armour_unique	3k_main_ancilliary_armour_yan_gang_armour_unique	0	placeholder	placeholder	armours/3k_main_ancillary_fire_armour_unique.png	
3k_main_ancilliary_armour_yan_lan_unique_armour_unique	3k_main_ancilliary_armour_yan_lan_unique_armour_unique	0	placeholder	placeholder	armours/3k_main_ancillary_water_armour_unique.png	
3k_main_ancilliary_armour_yan_rou_armour_unique	3k_main_ancilliary_armour_yan_rou_armour_unique	0	placeholder	placeholder	armours/3k_main_ancillary_fire_armour_unique.png	
3k_main_ancilliary_armour_yan_xia_unique_armour_unique	3k_main_ancilliary_armour_yan_xia_unique_armour_unique	0	placeholder	placeholder	armours/3k_main_ancillary_metal_armour_unique.png	
3k_main_ancilliary_armour_yan_xing_armour_unique	3k_main_ancilliary_armour_yan_xing_armour_unique	0	placeholder	placeholder	armours/3k_main_ancillary_metal_armour_unique.png	
3k_main_ancilliary_armour_yang_biao_armour_unique	3k_main_ancilliary_armour_yang_biao_armour_unique	0	placeholder	placeholder	armours/3k_main_ancillary_fire_armour_unique.png	
3k_main_ancilliary_armour_yang_chou_armour_unique	3k_main_ancilliary_armour_yang_chou_armour_unique	0	placeholder	placeholder	armours/3k_main_ancillary_water_armour_unique.png	
3k_main_ancilliary_armour_yang_feng_armour_unique	3k_main_ancilliary_armour_yang_feng_armour_unique	0	placeholder	placeholder	armours/3k_main_ancillary_fire_armour_unique.png	
3k_main_ancilliary_armour_yang_feng_nw_armour_unique	3k_main_ancilliary_armour_yang_feng_nw_armour_unique	0	placeholder	placeholder	armours/3k_main_ancillary_fire_armour_unique.png	
3k_main_ancilliary_armour_yang_hong_armour_unique	3k_main_ancilliary_armour_yang_hong_armour_unique	0	placeholder	placeholder	armours/3k_main_ancillary_metal_armour_unique.png	
3k_main_ancilliary_armour_yang_kui_armour_unique	3k_main_ancilliary_armour_yang_kui_armour_unique	0	placeholder	placeholder	armours/3k_main_ancillary_earth_armour_unique.png	
3k_main_ancilliary_armour_yang_qianwan_armour_unique	3k_main_ancilliary_armour_yang_qianwan_armour_unique	0	placeholder	placeholder	armours/3k_main_ancillary_wood_armour_unique.png	
3k_main_ancilliary_armour_yang_qiu_armour_unique	3k_main_ancilliary_armour_yang_qiu_armour_unique	0	placeholder	placeholder	armours/3k_main_ancillary_wood_armour_unique.png	
3k_main_ancilliary_armour_yang_xiu_armour_unique	3k_main_ancilliary_armour_yang_xiu_armour_unique	0	placeholder	placeholder	armours/3k_main_ancillary_water_armour_unique.png	
3k_main_ancilliary_armour_yin_li_armour_unique	3k_main_ancilliary_armour_yin_li_armour_unique	0	placeholder	placeholder	armours/3k_main_ancillary_metal_armour_unique.png	
3k_main_ancilliary_armour_ying_shao_armour_unique	3k_main_ancilliary_armour_ying_shao_armour_unique	0	placeholder	placeholder	armours/3k_main_ancillary_fire_armour_unique.png	
3k_main_ancilliary_armour_ying_xun_armour_unique	3k_main_ancilliary_armour_ying_xun_armour_unique	0	placeholder	placeholder	armours/3k_main_ancillary_fire_armour_unique.png	
3k_main_ancilliary_armour_yong_kai_unique_armour_unique	3k_main_ancilliary_armour_yong_kai_unique_armour_unique	0	placeholder	placeholder	armours/3k_main_ancillary_wood_armour_unique.png	
3k_main_ancilliary_armour_you_tu_armour_unique	3k_main_ancilliary_armour_you_tu_armour_unique	0	placeholder	placeholder	armours/3k_main_ancillary_wood_armour_unique.png	
3k_main_ancilliary_armour_yu_du_armour_unique	3k_main_ancilliary_armour_yu_du_armour_unique	0	placeholder	placeholder	armours/3k_main_ancillary_fire_armour_unique.png	
3k_main_ancilliary_armour_yu_fan_ironic_armour_unique	3k_main_ancilliary_armour_yu_fan_ironic_armour_unique	0	placeholder	placeholder	armours/3k_main_ancillary_water_armour_unique.png	
3k_main_ancilliary_armour_yuan_huan_unique_armour_unique	3k_main_ancilliary_armour_yuan_huan_unique_armour_unique	0	placeholder	placeholder	armours/3k_main_ancillary_earth_armour_unique.png	
3k_main_ancilliary_armour_yuan_xi_armour_unique	3k_main_ancilliary_armour_yuan_xi_armour_unique	0	placeholder	placeholder	armours/3k_main_ancillary_earth_armour_unique.png	
3k_main_ancilliary_armour_yuan_yao_armour_unique	3k_main_ancilliary_armour_yuan_yao_armour_unique	0	placeholder	placeholder	armours/3k_main_ancillary_earth_armour_unique.png	
3k_main_ancilliary_armour_yuan_yi_unique_armour_unique	3k_main_ancilliary_armour_yuan_yi_unique_armour_unique	0	placeholder	placeholder	armours/3k_main_ancillary_water_armour_unique.png	
3k_main_ancilliary_armour_yuan_yin_armour_unique	3k_main_ancilliary_armour_yuan_yin_armour_unique	0	placeholder	placeholder	armours/3k_main_ancillary_earth_armour_unique.png	
3k_main_ancilliary_armour_yue_jiu_armour_unique	3k_main_ancilliary_armour_yue_jiu_armour_unique	0	placeholder	placeholder	armours/3k_main_ancillary_fire_armour_unique.png	
3k_main_ancilliary_armour_zang_ba_armour_unique	3k_main_ancilliary_armour_zang_ba_armour_unique	0	placeholder	placeholder	armours/3k_main_ancillary_wood_armour_unique.png	
3k_main_ancilliary_armour_zang_hong_armour_unique	3k_main_ancilliary_armour_zang_hong_armour_unique	0	placeholder	placeholder	armours/3k_main_ancillary_metal_armour_unique.png	
3k_main_ancilliary_armour_zao_zhi_armour_unique	3k_main_ancilliary_armour_zao_zhi_armour_unique	0	placeholder	placeholder	armours/3k_main_ancillary_wood_armour_unique.png	
3k_main_ancilliary_armour_ze_bu_armour_unique	3k_main_ancilliary_armour_ze_bu_armour_unique	0	placeholder	placeholder	armours/3k_main_ancillary_wood_armour_unique.png	
3k_main_ancilliary_armour_ze_yue_armour_unique	3k_main_ancilliary_armour_ze_yue_armour_unique	0	placeholder	placeholder	armours/3k_main_ancillary_metal_armour_unique.png	
3k_main_ancilliary_armour_zhang_chao_armour_unique	3k_main_ancilliary_armour_zhang_chao_armour_unique	0	Zhang Chao's Armour	The perfect weight and fit, tailored for this warrior of class and distinction.	armours/3k_main_ancillary_metal_armour_unique.png	
3k_main_ancilliary_armour_zhang_cheng_armour_unique	3k_main_ancilliary_armour_zhang_cheng_armour_unique	0	placeholder	placeholder	armours/3k_main_ancillary_water_armour_unique.png	
3k_main_ancilliary_armour_zhang_fang_armour_unique	3k_main_ancilliary_armour_zhang_fang_armour_unique	0	placeholder	placeholder	armours/3k_main_ancillary_earth_armour_unique.png	
3k_main_ancilliary_armour_zhang_gong_armour_unique	3k_main_ancilliary_armour_zhang_gong_armour_unique	0	placeholder	placeholder	armours/3k_main_ancillary_wood_armour_unique.png	
3k_main_ancilliary_armour_zhang_heng_armour_unique	3k_main_ancilliary_armour_zhang_heng_armour_unique	0	placeholder	placeholder	armours/3k_main_ancillary_earth_armour_unique.png	
3k_main_ancilliary_armour_zhang_hu_armour_unique	3k_main_ancilliary_armour_zhang_hu_armour_unique	0	placeholder	placeholder	armours/3k_main_ancillary_metal_armour_unique.png	
3k_main_ancilliary_armour_zhang_ji_dong_armour_unique	3k_main_ancilliary_armour_zhang_ji_dong_armour_unique	0	placeholder	placeholder	armours/3k_main_ancillary_earth_armour_unique.png	
3k_main_ancilliary_armour_zhang_jin_armour_unique	3k_main_ancilliary_armour_zhang_jin_armour_unique	0	placeholder	placeholder	armours/3k_main_ancillary_fire_armour_unique.png	
3k_main_ancilliary_armour_zhang_lu_armour_unique	3k_main_ancilliary_armour_zhang_lu_armour_unique	0	Zhang Lu's Armour	The perfect weight and fit, tailored for this warrior of class and distinction.	armours/ep_ancillary_sima_liang_armour_unique.png	
3k_main_ancilliary_armour_zhang_meng_armour_unique	3k_main_ancilliary_armour_zhang_meng_armour_unique	0	placeholder	placeholder	armours/3k_main_ancillary_fire_armour_unique.png	
3k_main_ancilliary_armour_zhang_miao_armour_unique	3k_main_ancilliary_armour_zhang_miao_armour_unique	0	placeholder	placeholder	armours/3k_main_ancillary_water_armour_unique.png	
3k_main_ancilliary_armour_zhang_min_unique_armour_unique	3k_main_ancilliary_armour_zhang_min_unique_armour_unique	0	placeholder	placeholder	armours/3k_main_ancillary_water_armour_unique.png	
3k_main_ancilliary_armour_zhang_ni_unique_armour_unique	3k_main_ancilliary_armour_zhang_ni_unique_armour_unique	0	placeholder	placeholder	armours/3k_main_ancillary_wood_armour_unique.png	
3k_main_ancilliary_armour_zhang_song_unique_armour_unique	3k_main_ancilliary_armour_zhang_song_unique_armour_unique	0	placeholder	placeholder	armours/3k_main_ancillary_water_armour_unique.png	
3k_main_ancilliary_armour_zhang_xian_armour_unique	3k_main_ancilliary_armour_zhang_xian_armour_unique	0	placeholder	placeholder	armours/3k_main_ancillary_metal_armour_unique.png	
3k_main_ancilliary_armour_zhang_xiu_armour_unique	3k_main_ancilliary_armour_zhang_xiu_armour_unique	0	placeholder	placeholder	armours/3k_main_ancillary_fire_armour_unique.png	
3k_main_ancilliary_armour_zhang_yanyan_armour_unique	3k_main_ancilliary_armour_zhang_yanyan_armour_unique	0	placeholder	placeholder	armours/3k_main_ancillary_earth_armour_unique.png	
3k_main_ancilliary_armour_zhang_yi_unique_armour_unique	3k_main_ancilliary_armour_zhang_yi_unique_armour_unique	0	placeholder	placeholder	armours/3k_main_ancillary_metal_armour_unique.png	
3k_main_ancilliary_armour_zhang_ying_armour_unique	3k_main_ancilliary_armour_zhang_ying_armour_unique	0	placeholder	placeholder	armours/3k_main_ancillary_wood_armour_unique.png	
3k_main_ancilliary_armour_zhang_yun_armour_unique	3k_main_ancilliary_armour_zhang_yun_armour_unique	0	placeholder	placeholder	armours/3k_main_ancillary_water_armour_unique.png	
3k_main_ancilliary_armour_zhao_ang_armour_unique	3k_main_ancilliary_armour_zhao_ang_armour_unique	0	placeholder	placeholder	armours/3k_main_ancillary_water_armour_unique.png	
3k_main_ancilliary_armour_zhao_bo_ytr_armour_unique	3k_main_ancilliary_armour_zhao_bo_ytr_armour_unique	0	placeholder	placeholder	armours/3k_main_ancillary_wood_armour_unique.png	
3k_main_ancilliary_armour_zhao_e_armour_unique	3k_main_ancilliary_armour_zhao_e_armour_unique	0	placeholder	placeholder	armours/3k_main_ancillary_metal_armour_unique.png	
3k_main_ancilliary_armour_zhao_fan_armour_unique	3k_main_ancilliary_armour_zhao_fan_armour_unique	0	placeholder	placeholder	armours/3k_main_ancillary_water_armour_unique.png	
3k_main_ancilliary_armour_zheng_mao_armour_unique	3k_main_ancilliary_armour_zheng_mao_armour_unique	0	placeholder	placeholder	armours/3k_main_ancillary_water_armour_unique.png	
3k_main_ancilliary_armour_zheng_tai_armour_unique	3k_main_ancilliary_armour_zheng_tai_armour_unique	0	placeholder	placeholder	armours/3k_main_ancillary_water_armour_unique.png	
3k_main_ancilliary_armour_zheng_yan_armour_unique	3k_main_ancilliary_armour_zheng_yan_armour_unique	0	placeholder	placeholder	armours/3k_main_ancillary_wood_armour_unique.png	
3k_main_ancilliary_armour_zhou_ang_armour_unique	3k_main_ancilliary_armour_zhou_ang_armour_unique	0	placeholder	placeholder	armours/3k_main_ancillary_earth_armour_unique.png	
3k_main_ancilliary_armour_zhou_bo_ironic_armour_unique	3k_main_ancilliary_armour_zhou_bo_ironic_armour_unique	0	placeholder	placeholder	armours/3k_main_ancillary_earth_armour_unique.png	
3k_main_ancilliary_armour_zhou_cang_armour_unique	3k_main_ancilliary_armour_zhou_cang_armour_unique	0	placeholder	placeholder	armours/3k_main_ancillary_wood_armour_unique.png	
3k_main_ancilliary_armour_zhou_xin_armour_unique	3k_main_ancilliary_armour_zhou_xin_armour_unique	0	placeholder	placeholder	armours/3k_main_ancillary_fire_armour_unique.png	
3k_main_ancilliary_armour_zhou_yu_renming_armour_unique	3k_main_ancilliary_armour_zhou_yu_renming_armour_unique	0	placeholder	placeholder	armours/3k_main_ancillary_earth_armour_unique.png	
3k_main_ancilliary_armour_zhu_fu_unique_armour_unique	3k_main_ancilliary_armour_zhu_fu_unique_armour_unique	0	placeholder	placeholder	armours/3k_main_ancillary_water_armour_unique.png	
3k_main_ancilliary_armour_zhu_hao_armour_unique	3k_main_ancilliary_armour_zhu_hao_armour_unique	0	placeholder	placeholder	armours/3k_main_ancillary_fire_armour_unique.png	
3k_main_ancilliary_armour_zhu_huan_ironic_armour_unique	3k_main_ancilliary_armour_zhu_huan_ironic_armour_unique	0	placeholder	placeholder	armours/3k_main_ancillary_earth_armour_unique.png	
3k_main_ancilliary_armour_zhu_jun_armour_unique	3k_main_ancilliary_armour_zhu_jun_armour_unique	0	placeholder	placeholder	armours/3k_main_ancillary_fire_armour_unique.png	
3k_main_ancilliary_armour_zhu_lian_ironic_armour_unique	3k_main_ancilliary_armour_zhu_lian_ironic_armour_unique	0	placeholder	placeholder	armours/3k_main_ancillary_metal_armour_unique.png	
3k_main_ancilliary_armour_zhu_ling_ironic_armour_unique	3k_main_ancilliary_armour_zhu_ling_ironic_armour_unique	0	placeholder	placeholder	armours/3k_main_ancillary_wood_armour_unique.png	
3k_main_ancilliary_armour_zhu_min_ironic_armour_unique	3k_main_ancilliary_armour_zhu_min_ironic_armour_unique	0	placeholder	placeholder	armours/3k_main_ancillary_earth_armour_unique.png	
3k_main_ancilliary_armour_zhu_ran_armour_unique	3k_main_ancilliary_armour_zhu_ran_armour_unique	0	placeholder	placeholder	armours/3k_main_ancillary_fire_armour_unique.png	
3k_main_ancilliary_armour_zhu_zhi_armour_unique	3k_main_ancilliary_armour_zhu_zhi_armour_unique	0	placeholder	placeholder	armours/3k_main_ancillary_metal_armour_unique.png	
3k_main_ancilliary_armour_zhuang_zhen_ironic_armour_unique	3k_main_ancilliary_armour_zhuang_zhen_ironic_armour_unique	0	placeholder	placeholder	armours/3k_main_ancillary_wood_armour_unique.png	
3k_main_ancilliary_armour_zhuge_dan_ironic_fire_armour_unique	3k_main_ancilliary_armour_zhuge_dan_ironic_fire_armour_unique	0	placeholder	placeholder	armours/3k_main_ancillary_fire_armour_unique.png	
3k_main_ancilliary_armour_zhuge_jin_ironic_armour_unique	3k_main_ancilliary_armour_zhuge_jin_ironic_armour_unique	0	placeholder	placeholder	armours/3k_main_ancillary_water_armour_unique.png	
3k_main_ancilliary_armour_zhuge_ke_armour_unique	3k_main_ancilliary_armour_zhuge_ke_armour_unique	0	placeholder	placeholder	armours/3k_main_ancillary_earth_armour_unique.png	
3k_main_ancilliary_armour_zhuge_xuan_armour_unique	3k_main_ancilliary_armour_zhuge_xuan_armour_unique	0	placeholder	placeholder	armours/3k_main_ancillary_fire_armour_unique.png	
3k_main_ancilliary_armour_zong_cheng_armour_unique	3k_main_ancilliary_armour_zong_cheng_armour_unique	0	placeholder	placeholder	armours/3k_main_ancillary_water_armour_unique.png	
3k_main_ancilliary_armour_zou_lin_unique_armour_unique	3k_main_ancilliary_armour_zou_lin_unique_armour_unique	0	placeholder	placeholder	armours/3k_main_ancillary_water_armour_unique.png	
3k_main_ancilliary_armour_zu_cui_armour_unique	3k_main_ancilliary_armour_zu_cui_armour_unique	0	placeholder	placeholder	armours/3k_main_ancillary_water_armour_unique.png	
3k_main_ancilliary_armour_zu_lang_armour_unique	3k_main_ancilliary_armour_zu_lang_armour_unique	0	placeholder	placeholder	armours/3k_main_ancillary_wood_armour_unique.png	
3k_main_ancilliary_armour_zu_mao_armour_unique	3k_main_ancilliary_armour_zu_mao_armour_unique	0	placeholder	placeholder	armours/3k_main_ancillary_wood_armour_unique.png	
3k_main_ancilliary_armour_zu_ting_armour_unique	3k_main_ancilliary_armour_zu_ting_armour_unique	0	placeholder	placeholder	armours/3k_main_ancillary_wood_armour_unique.png	
3k_main_ancilliary_armour_zuo_ci_armour_unique	3k_main_ancilliary_armour_zuo_ci_armour_unique	0	placeholder	placeholder	armours/3k_main_ancillary_water_armour_unique.png	
3k_main_ancilliary_armour_zuozi_zhangba_armour_unique	3k_main_ancilliary_armour_zuozi_zhangba_armour_unique	0	placeholder	placeholder	armours/3k_main_ancillary_wood_armour_unique.png	
3k_main_ceo_career_historical_Bao_Sanniang	3k_main_ceo_career_historical_Bao_Sanniang	0	placeholder	placeholder	armours/3k_main_ancillary_fire_armour_unique.png	3k_main_opinion_topic_set_attractive_beautiful
3k_main_ceo_career_historical_Budugen	3k_main_ceo_career_historical_Budugen	0	placeholder	placeholder	armours/3k_main_ancillary_metal_armour_unique.png	3k_main_opinion_topic_set_strength_formidable
3k_main_ceo_career_historical_Cao_Xing	3k_main_ceo_career_historical_Cao_Xing	0	placeholder	placeholder	armours/3k_main_ancillary_wood_armour_unique.png	3k_main_opinion_topic_set_strength_powerful
3k_main_ceo_career_historical_Chen_Dao	3k_main_ceo_career_historical_Chen_Dao	0	placeholder	placeholder	armours/3k_main_ancillary_earth_armour_unique.png	3k_main_opinion_topic_set_strength_tough
3k_main_ceo_career_historical_Chenglugui	3k_main_ceo_career_historical_Chenglugui	0	placeholder	placeholder	armours/3k_main_ancillary_metal_armour_unique.png	3k_main_opinion_topic_set_intelligence_clever
3k_main_ceo_career_historical_Deng_Ai	3k_main_ceo_career_historical_Deng_Ai	0	placeholder	placeholder	armours/3k_main_ancillary_metal_armour_unique.png	3k_main_opinion_topic_set_discipline_disciplinarian
3k_main_ceo_career_historical_Fulohan	3k_main_ceo_career_historical_Fulohan	0	placeholder	placeholder	armours/3k_main_ancillary_metal_armour_unique.png	3k_main_opinion_topic_set_strength_powerful
3k_main_ceo_career_historical_Guan_Ping	3k_main_ceo_career_historical_Guan_Ping	0	placeholder	placeholder	armours/3k_main_ancillary_wood_armour_unique.png	3k_main_opinion_topic_set_ability_agile
3k_main_ceo_career_historical_Guan_Suo	3k_main_ceo_career_historical_Guan_Suo	0	placeholder	placeholder	armours/3k_main_ancillary_wood_armour_unique.png	3k_main_opinion_topic_set_virtue_fulfilled
3k_main_ceo_career_historical_Guan_Xing	3k_main_ceo_career_historical_Guan_Xing	0	placeholder	placeholder	armours/3k_main_ancillary_wood_armour_unique.png	3k_main_opinion_topic_set_strength_strong
3k_main_ceo_career_historical_Guo_Huai	3k_main_ceo_career_historical_Guo_Huai	0	placeholder	placeholder	armours/3k_main_ancillary_earth_armour_unique.png	3k_main_opinion_topic_set_intelligence_bright
3k_main_ceo_career_historical_Hou_Cheng	3k_main_ceo_career_historical_Hou_Cheng	0	placeholder	placeholder	armours/3k_main_ancillary_wood_armour_unique.png	3k_main_opinion_topic_set_ability_agile
3k_main_ceo_career_historical_Jia_Chong	3k_main_ceo_career_historical_Jia_Chong	0	placeholder	placeholder	armours/3k_main_ancillary_water_armour_unique.png	3k_main_opinion_topic_set_caution_elusive
3k_main_ceo_career_historical_Jia_Kui	3k_main_ceo_career_historical_Jia_Kui	0	placeholder	placeholder	armours/3k_main_ancillary_fire_armour_unique.png	3k_main_opinion_topic_set_intelligence_cunning
3k_main_ceo_career_historical_Jiang_Wei	3k_main_ceo_career_historical_Jiang_Wei	0	placeholder	placeholder	armours/3k_main_ancillary_fire_armour_unique.png	3k_main_opinion_topic_set_intelligence_brilliant
3k_main_ceo_career_historical_Kebineng	3k_main_ceo_career_historical_Kebineng	0	placeholder	placeholder	armours/3k_main_ancillary_metal_armour_unique.png	3k_main_opinion_topic_set_strength_formidable
3k_main_ceo_career_historical_Kuitou	3k_main_ceo_career_historical_Kuitou	0	placeholder	placeholder	armours/3k_main_ancillary_metal_armour_unique.png	3k_main_opinion_topic_set_vice_deceitful
3k_main_ceo_career_historical_Li_Dian	3k_main_ceo_career_historical_Li_Dian	0	placeholder	placeholder	armours/3k_main_ancillary_metal_armour_unique.png	3k_main_opinion_topic_set_strength_powerful
3k_main_ceo_career_historical_Li_Yan	3k_main_ceo_career_historical_Li_Yan	0	placeholder	placeholder	armours/3k_main_ancillary_fire_armour_unique.png	3k_main_opinion_topic_set_intelligence_bright
3k_main_ceo_career_historical_Liu_Feng	3k_main_ceo_career_historical_Liu_Feng	0	placeholder	placeholder	armours/3k_main_ancillary_fire_armour_unique.png	3k_main_opinion_topic_set_folly_incompetent
3k_main_ceo_career_historical_Liu_Shan	3k_main_ceo_career_historical_Liu_Shan	0	placeholder	placeholder	armours/3k_main_ancillary_earth_armour_unique.png	3k_dlc07_opinion_topic_set_folly_frivolous
3k_main_ceo_career_historical_Luo_Tong	3k_main_ceo_career_historical_Luo_Tong	0	placeholder	placeholder	armours/3k_main_ancillary_fire_armour_unique.png	3k_main_opinion_topic_set_goodness_selfless
3k_main_ceo_career_historical_Man_Chong	3k_main_ceo_career_historical_Man_Chong	0	placeholder	placeholder	armours/3k_main_ancillary_fire_armour_unique.png	3k_main_opinion_topic_set_discipline_disciplinarian
3k_main_ceo_career_historical_Mi_Heng	3k_main_ceo_career_historical_Mi_Heng	0	placeholder	placeholder	armours/3k_main_ancillary_water_armour_unique.png	3k_main_opinion_topic_set_folly_mad
3k_main_ceo_career_historical_Mohuba	3k_main_ceo_career_historical_Mohuba	0	placeholder	placeholder	armours/3k_main_ancillary_metal_armour_unique.png	3k_main_opinion_topic_set_strength_tough
3k_main_ceo_career_historical_Pan_Feng	3k_main_ceo_career_historical_Pan_Feng	0	placeholder	placeholder	armours/3k_main_ancillary_fire_armour_unique.png	3k_main_opinion_topic_set_weakness_weak
3k_main_ceo_career_historical_QIianman	3k_main_ceo_career_historical_QIianman	0	placeholder	placeholder	armours/3k_main_ancillary_metal_armour_unique.png	3k_main_opinion_topic_set_diplomatic_cordial
3k_main_ceo_career_historical_Sima_Shi	3k_main_ceo_career_historical_Sima_Shi	0	placeholder	placeholder	armours/3k_main_ancillary_earth_armour_unique.png	3k_main_opinion_topic_set_caution_elusive
3k_main_ceo_career_historical_Sima_Zhao	3k_main_ceo_career_historical_Sima_Zhao	0	placeholder	placeholder	armours/3k_main_ancillary_earth_armour_unique.png	3k_main_opinion_topic_set_folly_uncomplicated
3k_main_ceo_career_historical_Song_Xian	3k_main_ceo_career_historical_Song_Xian	0	placeholder	placeholder	armours/3k_main_ancillary_metal_armour_unique.png	3k_main_opinion_topic_set_intimidation_feared
3k_main_ceo_career_historical_Suli	3k_main_ceo_career_historical_Suli	0	placeholder	placeholder	armours/3k_main_ancillary_metal_armour_unique.png	3k_main_opinion_topic_set_intensity_reckless
3k_main_ceo_career_historical_Wang_Yi	3k_main_ceo_career_historical_Wang_Yi	0	placeholder	placeholder	armours/3k_main_ancillary_earth_armour_unique.png	3k_main_opinion_topic_set_intensity_fiery
3k_main_ceo_career_historical_Wang_Yuanji	3k_main_ceo_career_historical_Wang_Yuanji	0	placeholder	placeholder	armours/3k_main_ancillary_earth_armour_unique.png	3k_main_opinion_topic_set_attractive_beautiful
3k_main_ceo_career_historical_Wei_Xu	3k_main_ceo_career_historical_Wei_Xu	0	placeholder	placeholder	armours/3k_main_ancillary_metal_armour_unique.png	3k_main_opinion_topic_set_intensity_direct
3k_main_ceo_career_historical_Xiahou_Ba	3k_main_ceo_career_historical_Xiahou_Ba	0	placeholder	placeholder	armours/3k_main_ancillary_fire_armour_unique.png	3k_main_opinion_topic_set_intensity_direct
3k_main_ceo_career_historical_Xin_Xianying	3k_main_ceo_career_historical_Xin_Xianying	0	placeholder	placeholder	armours/3k_main_ancillary_water_armour_unique.png	3k_main_opinion_topic_set_intelligence_bright
3k_main_ceo_career_historical_Zhang_Chunhua	3k_main_ceo_career_historical_Zhang_Chunhua	0	placeholder	placeholder	armours/3k_main_ancillary_water_armour_unique.png	3k_main_opinion_topic_set_attractive_beautiful
3k_main_ceo_career_historical_Zhong_Hui	3k_main_ceo_career_historical_Zhong_Hui	0	placeholder	placeholder	armours/3k_main_ancillary_earth_armour_unique.png	3k_main_opinion_topic_set_vice_arrogant
3k_main_ceo_career_historical_Zhong_Yao	3k_main_ceo_career_historical_Zhong_Yao	0	placeholder	placeholder	armours/3k_main_ancillary_water_armour_unique.png	3k_main_opinion_topic_set_intelligence_scholarly
3k_main_ceo_career_historical_agui	3k_main_ceo_career_historical_agui	0	placeholder	placeholder	armours/3k_main_ancillary_wood_armour_unique.png	3k_main_opinion_topic_set_strength_strong
3k_main_ceo_career_historical_bao_long	3k_main_ceo_career_historical_bao_long	0	placeholder	placeholder		
3k_main_ceo_career_historical_bao_tao_ironic	3k_main_ceo_career_historical_bao_tao_ironic	0	placeholder	placeholder		
3k_main_ceo_career_historical_bao_xin	3k_main_ceo_career_historical_bao_xin	0	placeholder	placeholder	armours/3k_main_ancillary_metal_armour_unique.png	3k_main_opinion_topic_set_honour_humble
3k_main_ceo_career_historical_bao_xun	3k_main_ceo_career_historical_bao_xun	0	placeholder	placeholder	armours/3k_main_ancillary_water_armour_unique.png	3k_main_opinion_topic_set_intelligence_scholarly
3k_main_ceo_career_historical_bao_zhong_ironic	3k_main_ceo_career_historical_bao_zhong_ironic	0	placeholder	placeholder		
3k_main_ceo_career_historical_bei_chong	3k_main_ceo_career_historical_bei_chong	0	placeholder	placeholder		
3k_main_ceo_career_historical_bei_jia	3k_main_ceo_career_historical_bei_jia	0	placeholder	placeholder		
3k_main_ceo_career_historical_bei_yu	3k_main_ceo_career_historical_bei_yu	0	placeholder	placeholder		
3k_main_ceo_career_historical_beolhyu	3k_main_ceo_career_historical_beolhyu	0	placeholder	placeholder	armours/3k_main_ancillary_fire_armour_unique.png	3k_main_opinion_topic_set_intelligence_scholarly
3k_main_ceo_career_historical_bi_chen_ironic	3k_main_ceo_career_historical_bi_chen_ironic	0	placeholder	placeholder		
3k_main_ceo_career_historical_bian_baozhai	3k_main_ceo_career_historical_bian_baozhai	0	placeholder	placeholder		
3k_main_ceo_career_historical_bian_hong_ironic	3k_main_ceo_career_historical_bian_hong_ironic	0	placeholder	placeholder		
3k_main_ceo_career_historical_bian_rang	3k_main_ceo_career_historical_bian_rang	0	placeholder	placeholder		
3k_main_ceo_career_historical_bian_rang_ironic	3k_main_ceo_career_historical_bian_rang_ironic	0	placeholder	placeholder		
3k_main_ceo_career_historical_bian_rou	3k_main_ceo_career_historical_bian_rou	0	placeholder	placeholder		
3k_main_ceo_career_historical_bian_xi	3k_main_ceo_career_historical_bian_xi	0	placeholder	placeholder		
3k_main_ceo_career_historical_bing_yuan	3k_main_ceo_career_historical_bing_yuan	0	placeholder	placeholder		
3k_main_ceo_career_historical_bing_zhi_ironic	3k_main_ceo_career_historical_bing_zhi_ironic	0	placeholder	placeholder		
3k_main_ceo_career_historical_bu_lianshi	3k_main_ceo_career_historical_bu_lianshi	0	placeholder	placeholder		
3k_main_ceo_career_historical_bu_zhi_ironic	3k_main_ceo_career_historical_bu_zhi_ironic	0	placeholder	placeholder		
3k_main_ceo_career_historical_cai_he	3k_main_ceo_career_historical_cai_he	0	placeholder	placeholder	armours/3k_main_ancillary_metal_armour_unique.png	3k_main_opinion_topic_set_determination_ambitious
3k_main_ceo_career_historical_cai_hui	3k_main_ceo_career_historical_cai_hui	0	placeholder	placeholder		
3k_main_ceo_career_historical_cai_huizhen	3k_main_ceo_career_historical_cai_huizhen	0	placeholder	placeholder		
3k_main_ceo_career_historical_cai_pingwan_title	3k_main_ceo_career_historical_cai_pingwan_title	0	placeholder	placeholder		
3k_main_ceo_career_historical_cai_xun	3k_main_ceo_career_historical_cai_xun	0	placeholder	placeholder	armours/3k_main_ancillary_water_armour_unique.png	3k_main_opinion_topic_set_folly_suspicious
3k_main_ceo_career_historical_cai_yan_m	3k_main_ceo_career_historical_cai_yan_m	0	placeholder	placeholder	armours/3k_main_ancillary_water_armour_unique.png	3k_main_opinion_topic_set_goodness_charitable
3k_main_ceo_career_historical_cai_yang	3k_main_ceo_career_historical_cai_yang	0	placeholder	placeholder		
3k_main_ceo_career_historical_cai_zan	3k_main_ceo_career_historical_cai_zan	0	placeholder	placeholder	armours/3k_main_ancillary_metal_armour_unique.png	3k_main_opinion_topic_set_honour_humble
3k_main_ceo_career_historical_cai_zhong	3k_main_ceo_career_historical_cai_zhong	0	placeholder	placeholder	armours/3k_main_ancillary_earth_armour_unique.png	3k_main_opinion_topic_set_goodness_charitable
3k_main_ceo_career_historical_cang_ci	3k_main_ceo_career_historical_cang_ci	0	placeholder	placeholder		
3k_main_ceo_career_historical_cang_qinting	3k_main_ceo_career_historical_cang_qinting	0	placeholder	placeholder	armours/3k_main_ancillary_earth_armour_unique.png	3k_main_opinion_topic_set_goodness_charitable
3k_main_ceo_career_historical_cao_anmin	3k_main_ceo_career_historical_cao_anmin	0	placeholder	placeholder		
3k_main_ceo_career_historical_cao_anmin_unique	3k_main_ceo_career_historical_cao_anmin_unique	0	placeholder	placeholder		
3k_main_ceo_career_historical_cao_bao_ironic	3k_main_ceo_career_historical_cao_bao_ironic	0	placeholder	placeholder		
3k_main_ceo_career_historical_cao_biao	3k_main_ceo_career_historical_cao_biao	0	placeholder	placeholder	UI/Campaign UI/traits/icon_loyal_good.png	3k_main_opinion_topic_set_caution_cowardly
3k_main_ceo_career_historical_cao_chun	3k_main_ceo_career_historical_cao_chun	0	placeholder	placeholder	UI/Campaign UI/traits/icon_relentless_good.png	3k_main_opinion_topic_set_discipline_stern
3k_main_ceo_career_historical_cao_hong	3k_main_ceo_career_historical_cao_hong	0	placeholder	placeholder	UI/Campaign UI/traits/icon_stalwart_good.png	3k_main_opinion_topic_set_loyalty_dutiful
3k_main_ceo_career_historical_cao_hong_ironic	3k_main_ceo_career_historical_cao_hong_ironic	0	placeholder	placeholder		
3k_main_ceo_career_historical_cao_jie	3k_main_ceo_career_historical_cao_jie	0	placeholder	placeholder	UI/Campaign UI/traits/icon_loyal_earth.png	3k_main_opinion_topic_set_loyalty_fraternal
3k_main_ceo_career_historical_cao_qinghe_ironic	3k_main_ceo_career_historical_cao_qinghe_ironic	0	placeholder	placeholder		
3k_main_ceo_career_historical_cao_qinghe_unique	3k_main_ceo_career_historical_cao_qinghe_unique	0	placeholder	placeholder		
3k_main_ceo_career_historical_cao_rui	3k_main_ceo_career_historical_cao_rui	0	placeholder	placeholder	UI/Campaign UI/traits/icon_social_good.png	3k_main_opinion_topic_set_charisma_friendly
3k_main_ceo_career_historical_cao_shuang	3k_main_ceo_career_historical_cao_shuang	0	placeholder	placeholder	UI/Campaign UI/traits/icon_cunning_good.png	3k_main_opinion_topic_set_intelligence_cunning
3k_main_ceo_career_historical_cao_xi	3k_main_ceo_career_historical_cao_xi	0	placeholder	placeholder	UI/Campaign UI/traits/icon_loyal_good.png	3k_main_opinion_topic_set_loyalty_loyal
3k_main_ceo_career_historical_cao_xiu	3k_main_ceo_career_historical_cao_xiu	0	placeholder	placeholder	UI/Campaign UI/traits/icon_loyal_earth.png	3k_main_opinion_topic_set_ability_coordinated
3k_main_ceo_career_historical_cao_zhang	3k_main_ceo_career_historical_cao_zhang	0	placeholder	placeholder	UI/Campaign UI/traits/icon_relentless_good.png	3k_main_opinion_topic_set_strength_powerful
3k_main_ceo_career_historical_cao_zhen	3k_main_ceo_career_historical_cao_zhen	0	placeholder	placeholder	UI/Campaign UI/traits/icon_social_good.png	3k_main_opinion_topic_set_perception_perceptive
3k_main_ceo_career_historical_cao_zhi	3k_main_ceo_career_historical_cao_zhi	0	placeholder	placeholder	UI/Campaign UI/traits/icon_intelligent_good.png	3k_main_opinion_topic_set_intelligence_scholarly
3k_main_ceo_career_historical_chang_xi	3k_main_ceo_career_historical_chang_xi	0	placeholder	placeholder	armours/3k_main_ancillary_wood_armour_unique.png	3k_main_opinion_topic_set_loyalty_disloyal
3k_main_ceo_career_historical_chang_xi_ironic	3k_main_ceo_career_historical_chang_xi_ironic	0	placeholder	placeholder		
3k_main_ceo_career_historical_chen_bai_ironic	3k_main_ceo_career_historical_chen_bai_ironic	0	placeholder	placeholder		
3k_main_ceo_career_historical_chen_bao_ironic	3k_main_ceo_career_historical_chen_bao_ironic	0	placeholder	placeholder		
3k_main_ceo_career_historical_chen_ce_ironic	3k_main_ceo_career_historical_chen_ce_ironic	0	placeholder	placeholder		
3k_main_ceo_career_historical_chen_cong_ironic	3k_main_ceo_career_historical_chen_cong_ironic	0	placeholder	placeholder		
3k_main_ceo_career_historical_chen_deng	3k_main_ceo_career_historical_chen_deng	0	placeholder	placeholder	armours/3k_main_ancillary_water_armour_unique.png	3k_main_opinion_topic_set_loyalty_loyal
3k_main_ceo_career_historical_chen_duan	3k_main_ceo_career_historical_chen_duan	0	placeholder	placeholder		
3k_main_ceo_career_historical_chen_fu_title	3k_main_ceo_career_historical_chen_fu_title	0	placeholder	placeholder		
3k_main_ceo_career_historical_chen_gui	3k_main_ceo_career_historical_chen_gui	0	placeholder	placeholder	armours/3k_main_ancillary_wood_armour_unique.png	3k_main_opinion_topic_set_intelligence_scholarly
3k_main_ceo_career_historical_chen_heng	3k_main_ceo_career_historical_chen_heng	0	placeholder	placeholder		
3k_main_ceo_career_historical_chen_ji	3k_main_ceo_career_historical_chen_ji	0	placeholder	placeholder	armours/3k_main_ancillary_earth_armour_unique.png	3k_main_opinion_topic_set_determination_defiant
3k_main_ceo_career_historical_chen_jiao_ironic	3k_main_ceo_career_historical_chen_jiao_ironic	0	placeholder	placeholder		
3k_main_ceo_career_historical_chen_jiu	3k_main_ceo_career_historical_chen_jiu	0	placeholder	placeholder	armours/3k_main_ancillary_wood_armour_unique.png	3k_main_opinion_topic_set_loyalty_stalwart
3k_main_ceo_career_historical_chen_lan	3k_main_ceo_career_historical_chen_lan	0	placeholder	placeholder	armours/3k_main_ancillary_wood_armour_unique.png	3k_dlc05_opinion_topic_set_vice_criminal
3k_main_ceo_career_historical_chen_mu_ironic	3k_main_ceo_career_historical_chen_mu_ironic	0	placeholder	placeholder		
3k_main_ceo_career_historical_chen_pu	3k_main_ceo_career_historical_chen_pu	0	placeholder	placeholder		
3k_main_ceo_career_historical_chen_sheng	3k_main_ceo_career_historical_chen_sheng	0	placeholder	placeholder		
3k_main_ceo_career_historical_chen_shi_title_ironic	3k_main_ceo_career_historical_chen_shi_title_ironic	0	placeholder	placeholder		
3k_main_ceo_career_historical_chen_su	3k_main_ceo_career_historical_chen_su	0	placeholder	placeholder	armours/3k_main_ancillary_water_armour_unique.png	3k_main_opinion_topic_set_loyalty_fraternal
3k_main_ceo_career_historical_chen_sun_title	3k_main_ceo_career_historical_chen_sun_title	0	placeholder	placeholder		
3k_main_ceo_career_historical_chen_wen	3k_main_ceo_career_historical_chen_wen	0	placeholder	placeholder	armours/3k_main_ancillary_water_armour_unique.png	3k_main_opinion_topic_set_diplomatic_cordial
3k_main_ceo_career_historical_chen_wu_unique	3k_main_ceo_career_historical_chen_wu_unique	0	placeholder	placeholder		
3k_main_ceo_career_historical_chen_ying_ironic	3k_main_ceo_career_historical_chen_ying_ironic	0	placeholder	placeholder		
3k_main_ceo_career_historical_chen_ying_z	3k_main_ceo_career_historical_chen_ying_z	0	placeholder	placeholder	armours/3k_main_ancillary_fire_armour_unique.png	3k_main_opinion_topic_set_strength_formidable
3k_main_ceo_career_historical_chen_yu	3k_main_ceo_career_historical_chen_yu	0	placeholder	placeholder		
3k_main_ceo_career_historical_chen_zhen	3k_main_ceo_career_historical_chen_zhen	0	placeholder	placeholder		
3k_main_ceo_career_historical_cheng_bing_unique_ironic	3k_main_ceo_career_historical_cheng_bing_unique_ironic	0	placeholder	placeholder		
3k_main_ceo_career_historical_cheng_fu	3k_main_ceo_career_historical_cheng_fu	0	placeholder	placeholder		
3k_main_ceo_career_historical_cheng_ji_title	3k_main_ceo_career_historical_cheng_ji_title	0	placeholder	placeholder		
3k_main_ceo_career_historical_cheng_yi	3k_main_ceo_career_historical_cheng_yi	0	placeholder	placeholder		3k_main_opinion_topic_set_intensity_reckless
3k_main_ceo_career_historical_cheng_yin	3k_main_ceo_career_historical_cheng_yin	0	placeholder	placeholder		3k_main_opinion_topic_set_intensity_fiery
3k_main_ceo_career_historical_cheng_yu	3k_main_ceo_career_historical_cheng_yu	0	placeholder	placeholder	armours/3k_main_ancillary_water_armour_unique.png	3k_main_opinion_topic_set_intelligence_cunning
3k_main_ceo_career_historical_cheng_yu_title	3k_main_ceo_career_historical_cheng_yu_title	0	placeholder	placeholder		
3k_main_ceo_career_historical_chenggong_ying	3k_main_ceo_career_historical_chenggong_ying	0	placeholder	placeholder		3k_main_opinion_topic_set_intimidation_feared
3k_main_ceo_career_historical_chogo	3k_main_ceo_career_historical_chogo	0	placeholder	placeholder	armours/3k_main_ancillary_fire_armour_unique.png	3k_main_opinion_topic_set_strength_powerful
3k_main_ceo_career_historical_chunyu_dan	3k_main_ceo_career_historical_chunyu_dan	0	placeholder	placeholder		
3k_main_ceo_career_historical_chunyu_shi_ironic	3k_main_ceo_career_historical_chunyu_shi_ironic	0	placeholder	placeholder		
3k_main_ceo_career_historical_congqian	3k_main_ceo_career_historical_congqian	0	placeholder	placeholder		3k_main_opinion_topic_set_vice_vain
3k_main_ceo_career_historical_cuan_xi_title	3k_main_ceo_career_historical_cuan_xi_title	0	placeholder	placeholder		
3k_main_ceo_career_historical_cui_jun	3k_main_ceo_career_historical_cui_jun	0	placeholder	placeholder	UI/Campaign UI/traits/icon_loyal_good.png	3k_main_opinion_topic_set_loyalty_dutiful
3k_main_ceo_career_historical_cui_lie	3k_main_ceo_career_historical_cui_lie	0	placeholder	placeholder	armours/3k_main_ancillary_fire_armour_unique.png	3k_main_opinion_topic_set_vice_greedy
3k_main_ceo_career_historical_dai_liang	3k_main_ceo_career_historical_dai_liang	0	placeholder	placeholder		
3k_main_ceo_career_historical_dai_yuan_ironic	3k_main_ceo_career_historical_dai_yuan_ironic	0	placeholder	placeholder		
3k_main_ceo_career_historical_dan_meng_title	3k_main_ceo_career_historical_dan_meng_title	0	placeholder	placeholder		
3k_main_ceo_career_historical_dang_lianhua	3k_main_ceo_career_historical_dang_lianhua	0	placeholder	placeholder		
3k_main_ceo_career_historical_deng_ji	3k_main_ceo_career_historical_deng_ji	0	placeholder	placeholder		
3k_main_ceo_career_historical_deng_kai_title	3k_main_ceo_career_historical_deng_kai_title	0	placeholder	placeholder		
3k_main_ceo_career_historical_deng_long	3k_main_ceo_career_historical_deng_long	0	placeholder	placeholder		
3k_main_ceo_career_historical_deng_xi_title_ironic	3k_main_ceo_career_historical_deng_xi_title_ironic	0	placeholder	placeholder		
3k_main_ceo_career_historical_deng_xian_unique_ironic	3k_main_ceo_career_historical_deng_xian_unique_ironic	0	placeholder	placeholder		
3k_main_ceo_career_historical_deng_yi	3k_main_ceo_career_historical_deng_yi	0	placeholder	placeholder		
3k_main_ceo_career_historical_deng_yuan	3k_main_ceo_career_historical_deng_yuan	0	placeholder	placeholder	UI/Campaign UI/traits/icon_loyal_good.png	3k_main_opinion_topic_set_loyalty_dutiful
3k_main_ceo_career_historical_deng_zhi_unique_ironic	3k_main_ceo_career_historical_deng_zhi_unique_ironic	0	placeholder	placeholder		
3k_main_ceo_career_historical_deng_zixiao_title_ironic	3k_main_ceo_career_historical_deng_zixiao_title_ironic	0	placeholder	placeholder		
3k_main_ceo_career_historical_ding_fan	3k_main_ceo_career_historical_ding_fan	0	placeholder	placeholder		
3k_main_ceo_career_historical_ding_feng	3k_main_ceo_career_historical_ding_feng	0	placeholder	placeholder		
3k_main_ceo_career_historical_dong_he_unique_ironic	3k_main_ceo_career_historical_dong_he_unique_ironic	0	placeholder	placeholder		
3k_main_ceo_career_historical_dong_li	3k_main_ceo_career_historical_dong_li	0	placeholder	placeholder		3k_main_opinion_topic_set_loyalty_fraternal
3k_main_ceo_career_historical_dong_xi_ironic	3k_main_ceo_career_historical_dong_xi_ironic	0	placeholder	placeholder		
3k_main_ceo_career_historical_dong_zhao	3k_main_ceo_career_historical_dong_zhao	0	placeholder	placeholder		
3k_main_ceo_career_historical_dong_zhao_unique	3k_main_ceo_career_historical_dong_zhao_unique	0	placeholder	placeholder		
3k_main_ceo_career_historical_dou_mao	3k_main_ceo_career_historical_dou_mao	0	placeholder	placeholder	armours/3k_main_ancillary_wood_armour_unique.png	3k_main_opinion_topic_set_charisma_charismatic
3k_main_ceo_career_historical_du_kui_title_ironic	3k_main_ceo_career_historical_du_kui_title_ironic	0	placeholder	placeholder		
3k_main_ceo_career_historical_du_qiong_title_ironic	3k_main_ceo_career_historical_du_qiong_title_ironic	0	placeholder	placeholder		
3k_main_ceo_career_historical_du_song	3k_main_ceo_career_historical_du_song	0	placeholder	placeholder		
3k_main_ceo_career_historical_duan_wei_ironic	3k_main_ceo_career_historical_duan_wei_ironic	0	placeholder	placeholder		
3k_main_ceo_career_historical_fan_chou	3k_main_ceo_career_historical_fan_chou	0	placeholder	placeholder		3k_main_opinion_topic_set_cruelty_spiteful
3k_main_ceo_career_historical_fan_fang_ironic	3k_main_ceo_career_historical_fan_fang_ironic	0	placeholder	placeholder		
3k_main_ceo_career_historical_fan_liyan	3k_main_ceo_career_historical_fan_liyan	0	placeholder	placeholder		3k_main_opinion_topic_set_loyalty_fraternal
3k_main_ceo_career_historical_fan_neng	3k_main_ceo_career_historical_fan_neng	0	placeholder	placeholder		
3k_main_ceo_career_historical_fan_xian_ironic	3k_main_ceo_career_historical_fan_xian_ironic	0	placeholder	placeholder		
3k_main_ceo_career_historical_fan_yufeng	3k_main_ceo_career_historical_fan_yufeng	0	placeholder	placeholder		
3k_main_ceo_career_historical_fang_yue_ironic	3k_main_ceo_career_historical_fang_yue_ironic	0	placeholder	placeholder		
3k_main_ceo_career_historical_fei_guan_title	3k_main_ceo_career_historical_fei_guan_title	0	placeholder	placeholder		
3k_main_ceo_career_historical_fei_shi_title	3k_main_ceo_career_historical_fei_shi_title	0	placeholder	placeholder		
3k_main_ceo_career_historical_fei_xin_title	3k_main_ceo_career_historical_fei_xin_title	0	placeholder	placeholder		
3k_main_ceo_career_historical_fei_yang_title	3k_main_ceo_career_historical_fei_yang_title	0	placeholder	placeholder		
3k_main_ceo_career_historical_fei_yi_title	3k_main_ceo_career_historical_fei_yi_title	0	placeholder	placeholder		
3k_main_ceo_career_historical_fei_yuelan_title	3k_main_ceo_career_historical_fei_yuelan_title	0	placeholder	placeholder		
3k_main_ceo_career_historical_fei_zhan_unique	3k_main_ceo_career_historical_fei_zhan_unique	0	placeholder	placeholder		
3k_main_ceo_career_historical_feng_fang	3k_main_ceo_career_historical_feng_fang	0	placeholder	placeholder		
3k_main_ceo_career_historical_fu_qun_title	3k_main_ceo_career_historical_fu_qun_title	0	placeholder	placeholder		
3k_main_ceo_career_historical_fu_rong_unique_ironic	3k_main_ceo_career_historical_fu_rong_unique_ironic	0	placeholder	placeholder		
3k_main_ceo_career_historical_fu_xun	3k_main_ceo_career_historical_fu_xun	0	placeholder	placeholder		
3k_main_ceo_career_historical_gan_ji	3k_main_ceo_career_historical_gan_ji	0	placeholder	placeholder	armours/3k_main_ancillary_metal_armour_unique.png	3k_main_opinion_topic_set_vice_deceitful
3k_main_ceo_career_historical_gan_li_title	3k_main_ceo_career_historical_gan_li_title	0	placeholder	placeholder		
3k_main_ceo_career_historical_gan_mei_ironic	3k_main_ceo_career_historical_gan_mei_ironic	0	placeholder	placeholder		
3k_main_ceo_career_historical_ganwiego	3k_main_ceo_career_historical_ganwiego	0	placeholder	placeholder		
3k_main_ceo_career_historical_gao_dai_ironic	3k_main_ceo_career_historical_gao_dai_ironic	0	placeholder	placeholder		
3k_main_ceo_career_historical_gao_lan	3k_main_ceo_career_historical_gao_lan	0	placeholder	placeholder		3k_main_opinion_topic_set_ability_coordinated
3k_main_ceo_career_historical_gao_pei_unique	3k_main_ceo_career_historical_gao_pei_unique	0	placeholder	placeholder		
3k_main_ceo_career_historical_gao_rou	3k_main_ceo_career_historical_gao_rou	0	placeholder	placeholder		
3k_main_ceo_career_historical_gao_sheng_title	3k_main_ceo_career_historical_gao_sheng_title	0	placeholder	placeholder		
3k_main_ceo_career_historical_ge_jing_ironic	3k_main_ceo_career_historical_ge_jing_ironic	0	placeholder	placeholder		
3k_main_ceo_career_historical_geng_wu	3k_main_ceo_career_historical_geng_wu	0	placeholder	placeholder		3k_main_opinion_topic_set_intelligence_scholarly
3k_main_ceo_career_historical_gogukcheon	3k_main_ceo_career_historical_gogukcheon	0	placeholder	placeholder	armours/3k_main_ancillary_fire_armour_unique.png	3k_main_opinion_topic_set_strength_powerful
3k_main_ceo_career_historical_gong_zhi_title_ironic	3k_main_ceo_career_historical_gong_zhi_title_ironic	0	placeholder	placeholder		
3k_main_ceo_career_historical_gongsun_baoyue_ironic	3k_main_ceo_career_historical_gongsun_baoyue_ironic	0	placeholder	placeholder		
3k_main_ceo_career_historical_gongsun_fan	3k_main_ceo_career_historical_gongsun_fan	0	placeholder	placeholder	UI/Campaign UI/traits/icon_brave_wood.png	3k_main_opinion_topic_set_loyalty_stalwart
3k_main_ceo_career_historical_gongsun_gong	3k_main_ceo_career_historical_gongsun_gong	0	placeholder	placeholder	UI/Campaign UI/traits/icon_cunning_good.png	3k_main_opinion_topic_set_determination_ambitious
3k_main_ceo_career_historical_gongsun_kang	3k_main_ceo_career_historical_gongsun_kang	0	placeholder	placeholder	UI/Campaign UI/traits/icon_social_good.png	3k_main_opinion_topic_set_diplomatic_cordial
3k_main_ceo_career_historical_gongsun_mo_ironic	3k_main_ceo_career_historical_gongsun_mo_ironic	0	placeholder	placeholder		
3k_main_ceo_career_historical_gongsun_ya_ironic	3k_main_ceo_career_historical_gongsun_ya_ironic	0	placeholder	placeholder		
3k_main_ceo_career_historical_gongsun_yuan	3k_main_ceo_career_historical_gongsun_yuan	0	placeholder	placeholder	UI/Campaign UI/traits/icon_stern_good.png	3k_main_opinion_topic_set_strength_formidable
3k_main_ceo_career_historical_gongsun_yue	3k_main_ceo_career_historical_gongsun_yue	0	placeholder	placeholder	UI/Campaign UI/traits/icon_relentless_good.png	3k_main_opinion_topic_set_intensity_direct
3k_main_ceo_career_historical_gu_hui_ironic	3k_main_ceo_career_historical_gu_hui_ironic	0	placeholder	placeholder		
3k_main_ceo_career_historical_gu_li_ironic	3k_main_ceo_career_historical_gu_li_ironic	0	placeholder	placeholder		
3k_main_ceo_career_historical_gu_ruilan	3k_main_ceo_career_historical_gu_ruilan	0	placeholder	placeholder		3k_main_opinion_topic_set_loyalty_fraternal
3k_main_ceo_career_historical_gu_shao_ironic	3k_main_ceo_career_historical_gu_shao_ironic	0	placeholder	placeholder		
3k_main_ceo_career_historical_gu_yong_ironic	3k_main_ceo_career_historical_gu_yong_ironic	0	placeholder	placeholder		
3k_main_ceo_career_historical_guan_chun	3k_main_ceo_career_historical_guan_chun	0	placeholder	placeholder		3k_main_opinion_topic_set_intelligence_cunning
3k_main_ceo_career_historical_guan_ning	3k_main_ceo_career_historical_guan_ning	0	placeholder	placeholder		
3k_main_ceo_career_historical_gui_lan_ironic	3k_main_ceo_career_historical_gui_lan_ironic	0	placeholder	placeholder		
3k_main_ceo_career_historical_gujin	3k_main_ceo_career_historical_gujin	0	placeholder	placeholder		3k_main_opinion_topic_set_discipline_stern
3k_main_ceo_career_historical_guo_da	3k_main_ceo_career_historical_guo_da	0	placeholder	placeholder		3k_main_opinion_topic_set_vice_vain
3k_main_ceo_career_historical_guo_gong_ironic	3k_main_ceo_career_historical_guo_gong_ironic	0	placeholder	placeholder		
3k_main_ceo_career_historical_guo_nuwang	3k_main_ceo_career_historical_guo_nuwang	0	placeholder	placeholder	armours/3k_main_ancillary_earth_armour_unique.png	3k_main_opinion_topic_set_attractive_beautiful
3k_main_ceo_career_historical_guo_tu	3k_main_ceo_career_historical_guo_tu	0	placeholder	placeholder	armours/3k_main_ancillary_water_armour_unique.png	3k_main_opinion_topic_set_vice_arrogant
3k_main_ceo_career_historical_guo_xian	3k_main_ceo_career_historical_guo_xian	0	placeholder	placeholder		
3k_main_ceo_career_historical_gurudun	3k_main_ceo_career_historical_gurudun	0	placeholder	placeholder		3k_main_opinion_topic_set_ability_graceful
3k_main_ceo_career_historical_han_anyue	3k_main_ceo_career_historical_han_anyue	0	placeholder	placeholder		3k_main_opinion_topic_set_attractive_impeccable
3k_main_ceo_career_historical_han_chong	3k_main_ceo_career_historical_han_chong	0	placeholder	placeholder		3k_main_opinion_topic_set_determination_relentless
3k_main_ceo_career_historical_han_dang	3k_main_ceo_career_historical_han_dang	0	placeholder	placeholder		
3k_main_ceo_career_historical_han_ji_unique_ironic	3k_main_ceo_career_historical_han_ji_unique_ironic	0	placeholder	placeholder		
3k_main_ceo_career_historical_han_lian	3k_main_ceo_career_historical_han_lian	0	placeholder	placeholder		
3k_main_ceo_career_historical_han_song	3k_main_ceo_career_historical_han_song	0	placeholder	placeholder		
3k_main_ceo_career_historical_han_tong	3k_main_ceo_career_historical_han_tong	0	placeholder	placeholder		3k_main_opinion_topic_set_diplomatic_pacifist
3k_main_ceo_career_historical_han_xi_title_ironic	3k_main_ceo_career_historical_han_xi_title_ironic	0	placeholder	placeholder		
3k_main_ceo_career_historical_han_xin	3k_main_ceo_career_historical_han_xin	0	placeholder	placeholder		3k_main_opinion_topic_set_loyalty_loyal
3k_main_ceo_career_historical_han_xuan_ironic	3k_main_ceo_career_historical_han_xuan_ironic	0	placeholder	placeholder		
3k_main_ceo_career_historical_han_yan_ironic	3k_main_ceo_career_historical_han_yan_ironic	0	placeholder	placeholder		
3k_main_ceo_career_historical_handan_shang	3k_main_ceo_career_historical_handan_shang	0	placeholder	placeholder	armours/3k_main_ancillary_water_armour_unique.png	3k_main_opinion_topic_set_charisma_gracious
3k_main_ceo_career_historical_hao_meng	3k_main_ceo_career_historical_hao_meng	0	placeholder	placeholder		
3k_main_ceo_career_historical_hao_pu_title	3k_main_ceo_career_historical_hao_pu_title	0	placeholder	placeholder		
3k_main_ceo_career_historical_he_kui_ironic	3k_main_ceo_career_historical_he_kui_ironic	0	placeholder	placeholder		
3k_main_ceo_career_historical_he_luan_ironic	3k_main_ceo_career_historical_he_luan_ironic	0	placeholder	placeholder		
3k_main_ceo_career_historical_he_qi_ironic	3k_main_ceo_career_historical_he_qi_ironic	0	placeholder	placeholder		
3k_main_ceo_career_historical_he_qia_title_ironic	3k_main_ceo_career_historical_he_qia_title_ironic	0	placeholder	placeholder		
3k_main_ceo_career_historical_he_xiong	3k_main_ceo_career_historical_he_xiong	0	placeholder	placeholder		
3k_main_ceo_career_historical_he_zong_title_ironic	3k_main_ceo_career_historical_he_zong_title_ironic	0	placeholder	placeholder		
3k_main_ceo_career_historical_heng_ruiling	3k_main_ceo_career_historical_heng_ruiling	0	placeholder	placeholder		
3k_main_ceo_career_historical_hong_jin	3k_main_ceo_career_historical_hong_jin	0	placeholder	placeholder		
3k_main_ceo_career_historical_hong_ming	3k_main_ceo_career_historical_hong_ming	0	placeholder	placeholder		
3k_main_ceo_career_historical_hou_xuan	3k_main_ceo_career_historical_hou_xuan	0	placeholder	placeholder		3k_main_opinion_topic_set_intimidation_vengeful
3k_main_ceo_career_historical_hou_yin	3k_main_ceo_career_historical_hou_yin	0	placeholder	placeholder		
3k_main_ceo_career_historical_hu_cai_ironic	3k_main_ceo_career_historical_hu_cai_ironic	0	placeholder	placeholder		
3k_main_ceo_career_historical_hu_man_title_ironic	3k_main_ceo_career_historical_hu_man_title_ironic	0	placeholder	placeholder		
3k_main_ceo_career_historical_hu_mao	3k_main_ceo_career_historical_hu_mao	0	placeholder	placeholder		3k_main_opinion_topic_set_charisma_gracious
3k_main_ceo_career_historical_hu_qian_title	3k_main_ceo_career_historical_hu_qian_title	0	placeholder	placeholder		
3k_main_ceo_career_historical_hu_yu_title_ironic	3k_main_ceo_career_historical_hu_yu_title_ironic	0	placeholder	placeholder		
3k_main_ceo_career_historical_hu_zhen	3k_main_ceo_career_historical_hu_zhen	0	placeholder	placeholder		3k_main_opinion_topic_set_folly_incompetent
3k_main_ceo_career_historical_hua_dang_ironic	3k_main_ceo_career_historical_hua_dang_ironic	0	placeholder	placeholder		
3k_main_ceo_career_historical_hua_ji	3k_main_ceo_career_historical_hua_ji	0	placeholder	placeholder		
3k_main_ceo_career_historical_hua_ji_unique	3k_main_ceo_career_historical_hua_ji_unique	0	placeholder	placeholder		
3k_main_ceo_career_historical_hua_tuo	3k_main_ceo_career_historical_hua_tuo	0	placeholder	placeholder	armours/3k_main_ancillary_water_armour_unique.png	3k_main_opinion_topic_set_folly_superstitious
3k_main_ceo_career_historical_huan_jie_title_ironic	3k_main_ceo_career_historical_huan_jie_title_ironic	0	placeholder	placeholder		
3k_main_ceo_career_historical_huan_lin_unique	3k_main_ceo_career_historical_huan_lin_unique	0	placeholder	placeholder		
3k_main_ceo_career_historical_huan_shao	3k_main_ceo_career_historical_huan_shao	0	placeholder	placeholder		
3k_main_ceo_career_historical_huan_ye_title	3k_main_ceo_career_historical_huan_ye_title	0	placeholder	placeholder		
3k_main_ceo_career_historical_huan_zhi_unique	3k_main_ceo_career_historical_huan_zhi_unique	0	placeholder	placeholder		
3k_main_ceo_career_historical_huang_anbao	3k_main_ceo_career_historical_huang_anbao	0	placeholder	placeholder	armours/3k_main_ancillary_water_armour_unique.png	3k_main_opinion_topic_set_attractive_beautiful
3k_main_ceo_career_historical_huang_ang	3k_main_ceo_career_historical_huang_ang	0	placeholder	placeholder	armours/3k_main_ancillary_wood_armour_unique.png	3k_main_opinion_topic_set_caution_cautious
3k_main_ceo_career_historical_huang_chengyan	3k_main_ceo_career_historical_huang_chengyan	0	placeholder	placeholder	armours/3k_main_ancillary_water_armour_unique.png	3k_main_opinion_topic_set_intelligence_brilliant
3k_main_ceo_career_historical_huang_chun_ironic	3k_main_ceo_career_historical_huang_chun_ironic	0	placeholder	placeholder		
3k_main_ceo_career_historical_huang_hua	3k_main_ceo_career_historical_huang_hua	0	placeholder	placeholder	armours/3k_main_ancillary_earth_armour_unique.png	3k_main_opinion_topic_set_intensity_direct
3k_main_ceo_career_historical_huang_kui_ironic	3k_main_ceo_career_historical_huang_kui_ironic	0	placeholder	placeholder		
3k_main_ceo_career_historical_huang_min_ironic	3k_main_ceo_career_historical_huang_min_ironic	0	placeholder	placeholder		
3k_main_ceo_career_historical_huang_she	3k_main_ceo_career_historical_huang_she	0	placeholder	placeholder	armours/3k_main_ancillary_fire_armour_unique.png	3k_main_opinion_topic_set_strength_formidable
3k_main_ceo_career_historical_huang_wan	3k_main_ceo_career_historical_huang_wan	0	placeholder	placeholder	armours/3k_main_ancillary_water_armour_unique.png	3k_main_opinion_topic_set_intelligence_artful
3k_main_ceo_career_historical_huang_xun_ironic	3k_main_ceo_career_historical_huang_xun_ironic	0	placeholder	placeholder		
3k_main_ceo_career_historical_huang_yueying	3k_main_ceo_career_historical_huang_yueying	0	placeholder	placeholder	armours/3k_main_ancillary_metal_armour_unique.png	3k_main_opinion_topic_set_intelligence_brilliant
3k_main_ceo_career_historical_huangfu_jianshou_ironic	3k_main_ceo_career_historical_huangfu_jianshou_ironic	0	placeholder	placeholder		
3k_main_ceo_career_historical_huangfu_qi_title_ironic	3k_main_ceo_career_historical_huangfu_qi_title_ironic	0	placeholder	placeholder		
3k_main_ceo_career_historical_huanglong	3k_main_ceo_career_historical_huanglong	0	placeholder	placeholder	UI/Campaign UI/traits/icon_greedy_good.png	3k_dlc05_opinion_topic_set_vice_criminal
3k_main_ceo_career_historical_huanglong_luo_ironic	3k_main_ceo_career_historical_huanglong_luo_ironic	0	placeholder	placeholder		
3k_main_ceo_career_historical_huche_er	3k_main_ceo_career_historical_huche_er	0	placeholder	placeholder		3k_main_opinion_topic_set_strength_powerful
3k_main_ceo_career_historical_huchuquan	3k_main_ceo_career_historical_huchuquan	0	placeholder	placeholder		3k_main_opinion_topic_set_intelligence_clever
3k_main_ceo_career_historical_hui_qu_ironic	3k_main_ceo_career_historical_hui_qu_ironic	0	placeholder	placeholder		
3k_main_ceo_career_historical_huo_du	3k_main_ceo_career_historical_huo_du	0	placeholder	placeholder		
3k_main_ceo_career_historical_huo_jun	3k_main_ceo_career_historical_huo_jun	0	placeholder	placeholder		
3k_main_ceo_career_historical_huo_nu	3k_main_ceo_career_historical_huo_nu	0	placeholder	placeholder		
3k_main_ceo_career_historical_ji_ben	3k_main_ceo_career_historical_ji_ben	0	placeholder	placeholder		
3k_main_ceo_career_historical_jia_hua	3k_main_ceo_career_historical_jia_hua	0	placeholder	placeholder		
3k_main_ceo_career_historical_jia_mei_title	3k_main_ceo_career_historical_jia_mei_title	0	placeholder	placeholder		
3k_main_ceo_career_historical_jiang_gan	3k_main_ceo_career_historical_jiang_gan	0	placeholder	placeholder		
3k_main_ceo_career_historical_jiang_gong	3k_main_ceo_career_historical_jiang_gong	0	placeholder	placeholder		
3k_main_ceo_career_historical_jiang_qin	3k_main_ceo_career_historical_jiang_qin	0	placeholder	placeholder		
3k_main_ceo_career_historical_jiang_shi	3k_main_ceo_career_historical_jiang_shi	0	placeholder	placeholder		
3k_main_ceo_career_historical_jiang_wan_unique	3k_main_ceo_career_historical_jiang_wan_unique	0	placeholder	placeholder		
3k_main_ceo_career_historical_jiao_yi	3k_main_ceo_career_historical_jiao_yi	0	placeholder	placeholder		
3k_main_ceo_career_historical_jin_qi	3k_main_ceo_career_historical_jin_qi	0	placeholder	placeholder		
3k_main_ceo_career_historical_jin_xuan_unique	3k_main_ceo_career_historical_jin_xuan_unique	0	placeholder	placeholder		
3k_main_ceo_career_historical_jin_yi_title	3k_main_ceo_career_historical_jin_yi_title	0	placeholder	placeholder		
3k_main_ceo_career_historical_jing_yi_title	3k_main_ceo_career_historical_jing_yi_title	0	placeholder	placeholder		
3k_main_ceo_career_historical_jiong_mu	3k_main_ceo_career_historical_jiong_mu	0	placeholder	placeholder		
3k_main_ceo_career_historical_ju_shou	3k_main_ceo_career_historical_ju_shou	0	placeholder	placeholder		3k_main_opinion_topic_set_bravery_intrepid
3k_main_ceo_career_historical_jue_jiejie	3k_main_ceo_career_historical_jue_jiejie	0	placeholder	placeholder		
3k_main_ceo_career_historical_jueji	3k_main_ceo_career_historical_jueji	0	placeholder	placeholder	armours/3k_main_ancillary_metal_armour_unique.png	3k_main_opinion_topic_set_perception_perceptive
3k_main_ceo_career_historical_kan_ze_ironic	3k_main_ceo_career_historical_kan_ze_ironic	0	placeholder	placeholder		
3k_main_ceo_career_historical_kang_qinmeng_ironic	3k_main_ceo_career_historical_kang_qinmeng_ironic	0	placeholder	placeholder		
3k_main_ceo_career_historical_ke_ren	3k_main_ceo_career_historical_ke_ren	0	placeholder	placeholder		
3k_main_ceo_career_historical_ke_wu	3k_main_ceo_career_historical_ke_wu	0	placeholder	placeholder		
3k_main_ceo_career_historical_kong_gui	3k_main_ceo_career_historical_kong_gui	0	placeholder	placeholder		
3k_main_ceo_career_historical_kou_xiaolan_title_ironic	3k_main_ceo_career_historical_kou_xiaolan_title_ironic	0	placeholder	placeholder		
3k_main_ceo_career_historical_kuai_liang	3k_main_ceo_career_historical_kuai_liang	0	placeholder	placeholder	armours/3k_main_ancillary_water_armour_unique.png	3k_main_opinion_topic_set_intelligence_cunning
3k_main_ceo_career_historical_kuai_qi_ironic	3k_main_ceo_career_historical_kuai_qi_ironic	0	placeholder	placeholder		
3k_main_ceo_career_historical_kuai_yue	3k_main_ceo_career_historical_kuai_yue	0	placeholder	placeholder	armours/3k_main_ancillary_water_armour_unique.png	3k_main_opinion_topic_set_intelligence_clever
3k_main_ceo_career_historical_kuang_gan_ironic	3k_main_ceo_career_historical_kuang_gan_ironic	0	placeholder	placeholder		
3k_main_ceo_career_historical_lady_cai	3k_main_ceo_career_historical_lady_cai	0	placeholder	placeholder	armours/3k_main_ancillary_earth_armour_unique.png	3k_main_opinion_topic_set_attractive_beautiful
3k_main_ceo_career_historical_lady_gan	3k_main_ceo_career_historical_lady_gan	0	placeholder	placeholder	armours/3k_main_ancillary_water_armour_unique.png	3k_main_opinion_topic_set_strength_fertile
3k_main_ceo_career_historical_lady_huang_xie	3k_main_ceo_career_historical_lady_huang_xie	0	placeholder	placeholder	armours/3k_main_ancillary_fire_armour_unique.png	3k_main_opinion_topic_set_attractive_beautiful
3k_main_ceo_career_historical_lady_liu	3k_main_ceo_career_historical_lady_liu	0	placeholder	placeholder		3k_main_opinion_topic_set_vice_arrogant
3k_main_ceo_career_historical_lady_liu_huimin	3k_main_ceo_career_historical_lady_liu_huimin	0	placeholder	placeholder	armours/3k_main_ancillary_water_armour_unique.png	3k_main_opinion_topic_set_attractive_beautiful
3k_main_ceo_career_historical_lady_lu_yang	3k_main_ceo_career_historical_lady_lu_yang	0	placeholder	placeholder	armours/3k_main_ancillary_water_armour_unique.png	3k_main_opinion_topic_set_loyalty_fraternal
3k_main_ceo_career_historical_lady_xiahou	3k_main_ceo_career_historical_lady_xiahou	0	placeholder	placeholder		
3k_main_ceo_career_historical_lady_yan	3k_main_ceo_career_historical_lady_yan	0	placeholder	placeholder		3k_main_opinion_topic_set_charisma_friendly
3k_main_ceo_career_historical_lady_yang_di	3k_main_ceo_career_historical_lady_yang_di	0	placeholder	placeholder	armours/3k_main_ancillary_wood_armour_unique.png	3k_main_opinion_topic_set_attractive_beautiful
3k_main_ceo_career_historical_lady_ze_deng	3k_main_ceo_career_historical_lady_ze_deng	0	placeholder	placeholder	armours/3k_main_ancillary_metal_armour_unique.png	3k_dlc05_opinion_topic_set_vice_criminal
3k_main_ceo_career_historical_lady_zhang_shangxiu	3k_main_ceo_career_historical_lady_zhang_shangxiu	0	placeholder	placeholder	UI/Campaign UI/traits/icon_loyal_good.png	3k_main_opinion_topic_set_loyalty_stalwart
3k_main_ceo_career_historical_lady_zhang_xiangyang	3k_main_ceo_career_historical_lady_zhang_xiangyang	0	placeholder	placeholder	UI/Campaign UI/traits/icon_social_good.png	3k_main_opinion_topic_set_perception_perceptive
3k_main_ceo_career_historical_lady_zhang_zhumeng	3k_main_ceo_career_historical_lady_zhang_zhumeng	0	placeholder	placeholder	armours/3k_main_ancillary_metal_armour_unique.png	3k_main_opinion_topic_set_loyalty_fraternal
3k_main_ceo_career_historical_lai_feng_title	3k_main_ceo_career_historical_lai_feng_title	0	placeholder	placeholder		
3k_main_ceo_career_historical_lai_gong	3k_main_ceo_career_historical_lai_gong	0	placeholder	placeholder	armours/3k_main_ancillary_fire_armour_unique.png	3k_main_opinion_topic_set_bravery_brave
3k_main_ceo_career_historical_lai_min_ironic	3k_main_ceo_career_historical_lai_min_ironic	0	placeholder	placeholder		
3k_main_ceo_career_historical_lai_shuang_ironic	3k_main_ceo_career_historical_lai_shuang_ironic	0	placeholder	placeholder		
3k_main_ceo_career_historical_lai_xun_unique	3k_main_ceo_career_historical_lai_xun_unique	0	placeholder	placeholder		
3k_main_ceo_career_historical_lai_zu_title	3k_main_ceo_career_historical_lai_zu_title	0	placeholder	placeholder		
3k_main_ceo_career_historical_lang_zhi	3k_main_ceo_career_historical_lang_zhi	0	placeholder	placeholder		
3k_main_ceo_career_historical_lei_ding	3k_main_ceo_career_historical_lei_ding	0	placeholder	placeholder		
3k_main_ceo_career_historical_lei_xu	3k_main_ceo_career_historical_lei_xu	0	placeholder	placeholder	armours/3k_main_ancillary_metal_armour_unique.png	3k_main_opinion_topic_set_vice_arrogant
3k_main_ceo_career_historical_leipan	3k_main_ceo_career_historical_leipan	0	placeholder	placeholder		3k_main_opinion_topic_set_ability_agile
3k_main_ceo_career_historical_leng_bao_unique	3k_main_ceo_career_historical_leng_bao_unique	0	placeholder	placeholder		
3k_main_ceo_career_historical_li_chao_title	3k_main_ceo_career_historical_li_chao_title	0	placeholder	placeholder		
3k_main_ceo_career_historical_li_damu	3k_main_ceo_career_historical_li_damu	0	placeholder	placeholder	UI/Campaign UI/traits/icon_relentless_good.png	3k_main_opinion_topic_set_cruelty_cruel
3k_main_ceo_career_historical_li_feng_ironic	3k_main_ceo_career_historical_li_feng_ironic	0	placeholder	placeholder		
3k_main_ceo_career_historical_li_fu_title	3k_main_ceo_career_historical_li_fu_title	0	placeholder	placeholder		
3k_main_ceo_career_historical_li_gui	3k_main_ceo_career_historical_li_gui	0	placeholder	placeholder		
3k_main_ceo_career_historical_li_huan_title	3k_main_ceo_career_historical_li_huan_title	0	placeholder	placeholder		
3k_main_ceo_career_historical_li_hui_title	3k_main_ceo_career_historical_li_hui_title	0	placeholder	placeholder		
3k_main_ceo_career_historical_li_hui_van_unique	3k_main_ceo_career_historical_li_hui_van_unique	0	placeholder	placeholder		
3k_main_ceo_career_historical_li_kan	3k_main_ceo_career_historical_li_kan	0	placeholder	placeholder		3k_main_opinion_topic_set_strength_powerful
3k_main_ceo_career_historical_li_le_ironic	3k_main_ceo_career_historical_li_le_ironic	0	placeholder	placeholder		
3k_main_ceo_career_historical_li_li	3k_main_ceo_career_historical_li_li	0	placeholder	placeholder		3k_main_opinion_topic_set_cruelty_cruel
3k_main_ceo_career_historical_li_meng_ironic	3k_main_ceo_career_historical_li_meng_ironic	0	placeholder	placeholder		
3k_main_ceo_career_historical_li_miao_title	3k_main_ceo_career_historical_li_miao_title	0	placeholder	placeholder		
3k_main_ceo_career_historical_li_qian_ironic	3k_main_ceo_career_historical_li_qian_ironic	0	placeholder	placeholder		
3k_main_ceo_career_historical_li_quan_title	3k_main_ceo_career_historical_li_quan_title	0	placeholder	placeholder		
3k_main_ceo_career_historical_li_shao_title	3k_main_ceo_career_historical_li_shao_title	0	placeholder	placeholder		
3k_main_ceo_career_historical_li_shi_unique	3k_main_ceo_career_historical_li_shi_unique	0	placeholder	placeholder		
3k_main_ceo_career_historical_li_shu	3k_main_ceo_career_historical_li_shu	0	placeholder	placeholder		
3k_main_ceo_career_historical_li_si_title	3k_main_ceo_career_historical_li_si_title	0	placeholder	placeholder		
3k_main_ceo_career_historical_li_su	3k_main_ceo_career_historical_li_su	0	placeholder	placeholder		3k_main_opinion_topic_set_cruelty_spiteful
3k_main_ceo_career_historical_li_tiao	3k_main_ceo_career_historical_li_tiao	0	placeholder	placeholder		
3k_main_ceo_career_historical_li_tong	3k_main_ceo_career_historical_li_tong	0	placeholder	placeholder		
3k_main_ceo_career_historical_li_xian	3k_main_ceo_career_historical_li_xian	0	placeholder	placeholder		3k_main_opinion_topic_set_vice_arrogant
3k_main_ceo_career_historical_li_yi_title	3k_main_ceo_career_historical_li_yi_title	0	placeholder	placeholder		
3k_main_ceo_career_historical_li_ying	3k_main_ceo_career_historical_li_ying	0	placeholder	placeholder		3k_main_opinion_topic_set_cruelty_cruel
3k_main_ceo_career_historical_li_yu	3k_main_ceo_career_historical_li_yu	0	placeholder	placeholder		
3k_main_ceo_career_historical_lian_zhi	3k_main_ceo_career_historical_lian_zhi	0	placeholder	placeholder		3k_main_opinion_topic_set_attractive_beautiful
3k_main_ceo_career_historical_liang_mao	3k_main_ceo_career_historical_liang_mao	0	placeholder	placeholder	UI/Campaign UI/traits/icon_wise_good.png	3k_main_opinion_topic_set_perception_perceptive
3k_main_ceo_career_historical_liang_shuang	3k_main_ceo_career_historical_liang_shuang	0	placeholder	placeholder		
3k_main_ceo_career_historical_liang_xing	3k_main_ceo_career_historical_liang_xing	0	placeholder	placeholder		3k_main_opinion_topic_set_strength_strong
3k_main_ceo_career_historical_liao_hua_ytr	3k_main_ceo_career_historical_liao_hua_ytr	0	placeholder	placeholder		3k_main_opinion_topic_set_trust_trustworthy
3k_main_ceo_career_historical_liao_li_title	3k_main_ceo_career_historical_liao_li_title	0	placeholder	placeholder		
3k_main_ceo_career_historical_liao_shi_title	3k_main_ceo_career_historical_liao_shi_title	0	placeholder	placeholder		
3k_main_ceo_career_historical_ling_cao_ironic	3k_main_ceo_career_historical_ling_cao_ironic	0	placeholder	placeholder		
3k_main_ceo_career_historical_ling_tong_fix	3k_main_ceo_career_historical_ling_tong_fix	0	placeholder	placeholder		
3k_main_ceo_career_historical_ling_tong_ironic	3k_main_ceo_career_historical_ling_tong_ironic	0	placeholder	placeholder		
3k_main_ceo_career_historical_linghu_na_unique	3k_main_ceo_career_historical_linghu_na_unique	0	placeholder	placeholder		
3k_main_ceo_career_historical_linghu_qian	3k_main_ceo_career_historical_linghu_qian	0	placeholder	placeholder		
3k_main_ceo_career_historical_liu_ai	3k_main_ceo_career_historical_liu_ai	0	placeholder	placeholder		
3k_main_ceo_career_historical_liu_ba_unique_ironic	3k_main_ceo_career_historical_liu_ba_unique_ironic	0	placeholder	placeholder		
3k_main_ceo_career_historical_liu_bao	3k_main_ceo_career_historical_liu_bao	0	placeholder	placeholder		3k_main_opinion_topic_set_intelligence_cunning
3k_main_ceo_career_historical_liu_chan_title	3k_main_ceo_career_historical_liu_chan_title	0	placeholder	placeholder		
3k_main_ceo_career_historical_liu_cong	3k_main_ceo_career_historical_liu_cong	0	placeholder	placeholder	armours/3k_main_ancillary_earth_armour_unique.png	3k_main_opinion_topic_set_loyalty_fraternal
3k_main_ceo_career_historical_liu_dai	3k_main_ceo_career_historical_liu_dai	0	placeholder	placeholder	armours/3k_main_ancillary_water_armour_unique.png	3k_main_opinion_topic_set_determination_defiant
3k_main_ceo_career_historical_liu_du_unique_ironic	3k_main_ceo_career_historical_liu_du_unique_ironic	0	placeholder	placeholder		
3k_main_ceo_career_historical_liu_dun	3k_main_ceo_career_historical_liu_dun	0	placeholder	placeholder		
3k_main_ceo_career_historical_liu_fu	3k_main_ceo_career_historical_liu_fu	0	placeholder	placeholder		
3k_main_ceo_career_historical_liu_gui_unique	3k_main_ceo_career_historical_liu_gui_unique	0	placeholder	placeholder		
3k_main_ceo_career_historical_liu_he	3k_main_ceo_career_historical_liu_he	0	placeholder	placeholder		3k_main_opinion_topic_set_determination_defiant
3k_main_ceo_career_historical_liu_he_pirate	3k_main_ceo_career_historical_liu_he_pirate	0	placeholder	placeholder		
3k_main_ceo_career_historical_liu_he_pirate_unique	3k_main_ceo_career_historical_liu_he_pirate_unique	0	placeholder	placeholder		
3k_main_ceo_career_historical_liu_hu_title_ironic	3k_main_ceo_career_historical_liu_hu_title_ironic	0	placeholder	placeholder		
3k_main_ceo_career_historical_liu_ji	3k_main_ceo_career_historical_liu_ji	0	placeholder	placeholder		
3k_main_ceo_career_historical_liu_jin	3k_main_ceo_career_historical_liu_jin	0	placeholder	placeholder		
3k_main_ceo_career_historical_liu_jing	3k_main_ceo_career_historical_liu_jing	0	placeholder	placeholder		
3k_main_ceo_career_historical_liu_jue	3k_main_ceo_career_historical_liu_jue	0	placeholder	placeholder		
3k_main_ceo_career_historical_liu_min	3k_main_ceo_career_historical_liu_min	0	placeholder	placeholder		
3k_main_ceo_career_historical_liu_min_title	3k_main_ceo_career_historical_liu_min_title	0	placeholder	placeholder		
3k_main_ceo_career_historical_liu_pan	3k_main_ceo_career_historical_liu_pan	0	placeholder	placeholder	armours/3k_main_ancillary_earth_armour_unique.png	3k_main_opinion_topic_set_loyalty_fraternal
3k_main_ceo_career_historical_liu_pi_unique	3k_main_ceo_career_historical_liu_pi_unique	0	placeholder	placeholder		
3k_main_ceo_career_historical_liu_pingming	3k_main_ceo_career_historical_liu_pingming	0	placeholder	placeholder		
3k_main_ceo_career_historical_liu_qi	3k_main_ceo_career_historical_liu_qi	0	placeholder	placeholder	armours/3k_main_ancillary_water_armour_unique.png	3k_main_opinion_topic_set_loyalty_dutiful
3k_main_ceo_career_historical_liu_rui_title_ironic	3k_main_ceo_career_historical_liu_rui_title_ironic	0	placeholder	placeholder		
3k_main_ceo_career_historical_liu_shang	3k_main_ceo_career_historical_liu_shang	0	placeholder	placeholder		
3k_main_ceo_career_historical_liu_shuo	3k_main_ceo_career_historical_liu_shuo	0	placeholder	placeholder		
3k_main_ceo_career_historical_liu_ting_title	3k_main_ceo_career_historical_liu_ting_title	0	placeholder	placeholder		
3k_main_ceo_career_historical_liu_wei	3k_main_ceo_career_historical_liu_wei	0	placeholder	placeholder		
3k_main_ceo_career_historical_liu_xi_title_ironic	3k_main_ceo_career_historical_liu_xi_title_ironic	0	placeholder	placeholder		
3k_main_ceo_career_historical_liu_xian	3k_main_ceo_career_historical_liu_xian	0	placeholder	placeholder		
3k_main_ceo_career_historical_liu_xian_unique_ironic	3k_main_ceo_career_historical_liu_xian_unique_ironic	0	placeholder	placeholder		
3k_main_ceo_career_historical_liu_xie_zitai	3k_main_ceo_career_historical_liu_xie_zitai	0	placeholder	placeholder		
3k_main_ceo_career_historical_liu_xiu	3k_main_ceo_career_historical_liu_xiu	0	placeholder	placeholder		
3k_main_ceo_career_historical_liu_xun	3k_main_ceo_career_historical_liu_xun	0	placeholder	placeholder	armours/3k_main_ancillary_fire_armour_unique.png	3k_main_opinion_topic_set_loyalty_fraternal
3k_main_ceo_career_historical_liu_xun_zitai	3k_main_ceo_career_historical_liu_xun_zitai	0	placeholder	placeholder		
3k_main_ceo_career_historical_liu_yan_drunk	3k_main_ceo_career_historical_liu_yan_drunk	0	placeholder	placeholder		
3k_main_ceo_career_historical_liu_yan_title_ironic	3k_main_ceo_career_historical_liu_yan_title_ironic	0	placeholder	placeholder		
3k_main_ceo_career_historical_liu_ye	3k_main_ceo_career_historical_liu_ye	0	placeholder	placeholder		
3k_main_ceo_career_historical_liu_yi	3k_main_ceo_career_historical_liu_yi	0	placeholder	placeholder		
3k_main_ceo_career_historical_liu_yi_ironic	3k_main_ceo_career_historical_liu_yi_ironic	0	placeholder	placeholder		
3k_main_ceo_career_historical_liu_zan	3k_main_ceo_career_historical_liu_zan	0	placeholder	placeholder		
3k_main_ceo_career_historical_liu_zhen_ironic	3k_main_ceo_career_historical_liu_zhen_ironic	0	placeholder	placeholder		
3k_main_ceo_career_historical_lou_fa	3k_main_ceo_career_historical_lou_fa	0	placeholder	placeholder		
3k_main_ceo_career_historical_lou_gui	3k_main_ceo_career_historical_lou_gui	0	placeholder	placeholder	armours/3k_main_ancillary_earth_armour_unique.png	3k_main_opinion_topic_set_strength_healthy
3k_main_ceo_career_historical_lu_bing	3k_main_ceo_career_historical_lu_bing	0	placeholder	placeholder		
3k_main_ceo_career_historical_lu_bing_ironic	3k_main_ceo_career_historical_lu_bing_ironic	0	placeholder	placeholder		
3k_main_ceo_career_historical_lu_dai	3k_main_ceo_career_historical_lu_dai	0	placeholder	placeholder		
3k_main_ceo_career_historical_lu_dang_ironic	3k_main_ceo_career_historical_lu_dang_ironic	0	placeholder	placeholder		
3k_main_ceo_career_historical_lu_fan_ironic	3k_main_ceo_career_historical_lu_fan_ironic	0	placeholder	placeholder		
3k_main_ceo_career_historical_lu_fei_ironic	3k_main_ceo_career_historical_lu_fei_ironic	0	placeholder	placeholder		
3k_main_ceo_career_historical_lu_gong	3k_main_ceo_career_historical_lu_gong	0	placeholder	placeholder	armours/3k_main_ancillary_fire_armour_unique.png	3k_main_opinion_topic_set_caution_cowardly
3k_main_ceo_career_historical_lu_he	3k_main_ceo_career_historical_lu_he	0	placeholder	placeholder		
3k_main_ceo_career_historical_lu_he_title	3k_main_ceo_career_historical_lu_he_title	0	placeholder	placeholder		
3k_main_ceo_career_historical_lu_ji	3k_main_ceo_career_historical_lu_ji	0	placeholder	placeholder	armours/3k_main_ancillary_water_armour_unique.png	3k_main_opinion_topic_set_intelligence_artful
3k_main_ceo_career_historical_lu_ju	3k_main_ceo_career_historical_lu_ju	0	placeholder	placeholder	armours/3k_main_ancillary_earth_armour_unique.png	3k_main_opinion_topic_set_caution_cautious
3k_main_ceo_career_historical_lu_jun	3k_main_ceo_career_historical_lu_jun	0	placeholder	placeholder	armours/3k_main_ancillary_wood_armour_unique.png	3k_main_opinion_topic_set_caution_elusive
3k_main_ceo_career_historical_lu_kang	3k_main_ceo_career_historical_lu_kang	0	placeholder	placeholder	armours/3k_main_ancillary_wood_armour_unique.png	3k_main_opinion_topic_set_loyalty_fraternal
3k_main_ceo_career_historical_lu_mao_ironic	3k_main_ceo_career_historical_lu_mao_ironic	0	placeholder	placeholder		
3k_main_ceo_career_historical_lu_mei_ironic	3k_main_ceo_career_historical_lu_mei_ironic	0	placeholder	placeholder		
3k_main_ceo_career_historical_lu_meng_unique_ironic	3k_main_ceo_career_historical_lu_meng_unique_ironic	0	placeholder	placeholder		
3k_main_ceo_career_historical_lu_qian	3k_main_ceo_career_historical_lu_qian	0	placeholder	placeholder		
3k_main_ceo_career_historical_lu_shang	3k_main_ceo_career_historical_lu_shang	0	placeholder	placeholder	armours/3k_main_ancillary_fire_armour_unique.png	3k_main_opinion_topic_set_loyalty_dutiful
3k_main_ceo_career_historical_lu_xu_ironic	3k_main_ceo_career_historical_lu_xu_ironic	0	placeholder	placeholder		
3k_main_ceo_career_historical_lu_yi_title_ironic	3k_main_ceo_career_historical_lu_yi_title_ironic	0	placeholder	placeholder		
3k_main_ceo_career_historical_lu_yu_ironic	3k_main_ceo_career_historical_lu_yu_ironic	0	placeholder	placeholder		
3k_main_ceo_career_historical_lu_yu_ironic_water	3k_main_ceo_career_historical_lu_yu_ironic_water	0	placeholder	placeholder		
3k_main_ceo_career_historical_luo_li_title	3k_main_ceo_career_historical_luo_li_title	0	placeholder	placeholder		
3k_main_ceo_career_historical_lü_you_ironic	3k_main_ceo_career_historical_lü_you_ironic	0	placeholder	placeholder		
3k_main_ceo_career_historical_ma_ai	3k_main_ceo_career_historical_ma_ai	0	placeholder	placeholder	armours/3k_main_ancillary_fire_armour_unique.png	3k_main_opinion_topic_set_charisma_charismatic
3k_main_ceo_career_historical_ma_han_title	3k_main_ceo_career_historical_ma_han_title	0	placeholder	placeholder		
3k_main_ceo_career_historical_ma_liang_unique_ironic	3k_main_ceo_career_historical_ma_liang_unique_ironic	0	placeholder	placeholder		
3k_main_ceo_career_historical_ma_midi	3k_main_ceo_career_historical_ma_midi	0	placeholder	placeholder		
3k_main_ceo_career_historical_ma_qin_title	3k_main_ceo_career_historical_ma_qin_title	0	placeholder	placeholder		
3k_main_ceo_career_historical_ma_su_unique_ironic	3k_main_ceo_career_historical_ma_su_unique_ironic	0	placeholder	placeholder		
3k_main_ceo_career_historical_ma_wan	3k_main_ceo_career_historical_ma_wan	0	placeholder	placeholder		3k_main_opinion_topic_set_strength_formidable
3k_main_ceo_career_historical_ma_xun_title	3k_main_ceo_career_historical_ma_xun_title	0	placeholder	placeholder		
3k_main_ceo_career_historical_ma_zhong_unique	3k_main_ceo_career_historical_ma_zhong_unique	0	placeholder	placeholder		
3k_main_ceo_career_historical_mao_gan_ironic	3k_main_ceo_career_historical_mao_gan_ironic	0	placeholder	placeholder		
3k_main_ceo_career_historical_mao_jie	3k_main_ceo_career_historical_mao_jie	0	placeholder	placeholder		
3k_main_ceo_career_historical_mao_jun	3k_main_ceo_career_historical_mao_jun	0	placeholder	placeholder		
3k_main_ceo_career_historical_mei_cheng	3k_main_ceo_career_historical_mei_cheng	0	placeholder	placeholder	armours/3k_main_ancillary_wood_armour_unique.png	3k_main_opinion_topic_set_vice_vain
3k_main_ceo_career_historical_meng_da	3k_main_ceo_career_historical_meng_da	0	placeholder	placeholder		
3k_main_ceo_career_historical_meng_guang_title	3k_main_ceo_career_historical_meng_guang_title	0	placeholder	placeholder		
3k_main_ceo_career_historical_mi_fang	3k_main_ceo_career_historical_mi_fang	0	placeholder	placeholder	armours/3k_main_ancillary_metal_armour_unique.png	3k_main_opinion_topic_set_vice_vain
3k_main_ceo_career_historical_mi_zhu	3k_main_ceo_career_historical_mi_zhu	0	placeholder	placeholder	armours/3k_main_ancillary_wood_armour_unique.png	3k_main_opinion_topic_set_intelligence_brilliant
3k_main_ceo_career_historical_miao_shang_ironic	3k_main_ceo_career_historical_miao_shang_ironic	0	placeholder	placeholder		
3k_main_ceo_career_historical_miao_wanwan	3k_main_ceo_career_historical_miao_wanwan	0	placeholder	placeholder		3k_main_opinion_topic_set_charisma_cheerful
3k_main_ceo_career_historical_mike	3k_main_ceo_career_historical_mike	0	placeholder	placeholder	armours/3k_main_ancillary_metal_armour_unique.png	3k_main_opinion_topic_set_strength_formidable
3k_main_ceo_career_historical_min_chun_ironic	3k_main_ceo_career_historical_min_chun_ironic	0	placeholder	placeholder		
3k_main_ceo_career_historical_mou_rong_title	3k_main_ceo_career_historical_mou_rong_title	0	placeholder	placeholder		
3k_main_ceo_career_historical_mu_shun_ironic	3k_main_ceo_career_historical_mu_shun_ironic	0	placeholder	placeholder		
3k_main_ceo_career_historical_nangong_xinyu_unique	3k_main_ceo_career_historical_nangong_xinyu_unique	0	placeholder	placeholder		
3k_main_ceo_career_historical_nangong_zixiao_unique	3k_main_ceo_career_historical_nangong_zixiao_unique	0	placeholder	placeholder		
3k_main_ceo_career_historical_nanlou	3k_main_ceo_career_historical_nanlou	0	placeholder	placeholder	UI/Campaign UI/traits/icon_brave_fire.png	3k_main_opinion_topic_set_strength_formidable
3k_main_ceo_career_historical_ni_kan_ironic	3k_main_ceo_career_historical_ni_kan_ironic	0	placeholder	placeholder		
3k_main_ceo_career_historical_ni_lu_ironic	3k_main_ceo_career_historical_ni_lu_ironic	0	placeholder	placeholder		
3k_main_ceo_career_historical_ni_nu_title	3k_main_ceo_career_historical_ni_nu_title	0	placeholder	placeholder		
3k_main_ceo_career_historical_ni_nü_ironic	3k_main_ceo_career_historical_ni_nü_ironic	0	placeholder	placeholder		
3k_main_ceo_career_historical_ni_xiaode_ironic	3k_main_ceo_career_historical_ni_xiaode_ironic	0	placeholder	placeholder		
3k_main_ceo_career_historical_ni_xiaode_unique	3k_main_ceo_career_historical_ni_xiaode_unique	0	placeholder	placeholder		
3k_main_ceo_career_historical_nie_tingping	3k_main_ceo_career_historical_nie_tingping	0	placeholder	placeholder	UI/Campaign UI/traits/icon_intelligent_good.png	3k_main_opinion_topic_set_intelligence_scholarly
3k_main_ceo_career_historical_niu_dan_title_ironic	3k_main_ceo_career_historical_niu_dan_title_ironic	0	placeholder	placeholder		
3k_main_ceo_career_historical_niu_fu	3k_main_ceo_career_historical_niu_fu	0	placeholder	placeholder		3k_main_opinion_topic_set_vice_arrogant
3k_main_ceo_career_historical_niu_wei_title_ironic	3k_main_ceo_career_historical_niu_wei_title_ironic	0	placeholder	placeholder		
3k_main_ceo_career_historical_ouhou_cai	3k_main_ceo_career_historical_ouhou_cai	0	placeholder	placeholder		
3k_main_ceo_career_historical_ouyang_su_ironic	3k_main_ceo_career_historical_ouyang_su_ironic	0	placeholder	placeholder		
3k_main_ceo_career_historical_pan_juan	3k_main_ceo_career_historical_pan_juan	0	placeholder	placeholder		
3k_main_ceo_career_historical_pan_jun_unique	3k_main_ceo_career_historical_pan_jun_unique	0	placeholder	placeholder		
3k_main_ceo_career_historical_pan_ke	3k_main_ceo_career_historical_pan_ke	0	placeholder	placeholder		
3k_main_ceo_career_historical_pan_lin	3k_main_ceo_career_historical_pan_lin	0	placeholder	placeholder		
3k_main_ceo_career_historical_pan_man	3k_main_ceo_career_historical_pan_man	0	placeholder	placeholder		
3k_main_ceo_career_historical_pan_miao_title	3k_main_ceo_career_historical_pan_miao_title	0	placeholder	placeholder		
3k_main_ceo_career_historical_pan_shun	3k_main_ceo_career_historical_pan_shun	0	placeholder	placeholder		
3k_main_ceo_career_historical_pan_xin_title	3k_main_ceo_career_historical_pan_xin_title	0	placeholder	placeholder		
3k_main_ceo_career_historical_pan_zhang_ironic	3k_main_ceo_career_historical_pan_zhang_ironic	0	placeholder	placeholder		
3k_main_ceo_career_historical_pang_degong_ironic	3k_main_ceo_career_historical_pang_degong_ironic	0	placeholder	placeholder		
3k_main_ceo_career_historical_pang_degong_ironic_water	3k_main_ceo_career_historical_pang_degong_ironic_water	0	placeholder	placeholder		
3k_main_ceo_career_historical_pang_ji`	3k_main_ceo_career_historical_pang_ji`	0	placeholder	placeholder	armours/3k_main_ancillary_water_armour_unique.png	3k_main_opinion_topic_set_intelligence_scholarly
3k_main_ceo_career_historical_pang_le_title	3k_main_ceo_career_historical_pang_le_title	0	placeholder	placeholder		
3k_main_ceo_career_historical_pang_shanmin_ironic	3k_main_ceo_career_historical_pang_shanmin_ironic	0	placeholder	placeholder		
3k_main_ceo_career_historical_pang_yu	3k_main_ceo_career_historical_pang_yu	0	placeholder	placeholder	armours/3k_main_ancillary_wood_armour_unique.png	3k_main_opinion_topic_set_intimidation_vengeful
3k_main_ceo_career_historical_pei_qian_title_ironic	3k_main_ceo_career_historical_pei_qian_title_ironic	0	placeholder	placeholder		
3k_main_ceo_career_historical_peng_cai	3k_main_ceo_career_historical_peng_cai	0	placeholder	placeholder		
3k_main_ceo_career_historical_peng_hu_ironic	3k_main_ceo_career_historical_peng_hu_ironic	0	placeholder	placeholder		
3k_main_ceo_career_historical_peng_shi_title	3k_main_ceo_career_historical_peng_shi_title	0	placeholder	placeholder		
3k_main_ceo_career_historical_puyang_lian_ironic	3k_main_ceo_career_historical_puyang_lian_ironic	0	placeholder	placeholder		
3k_main_ceo_career_historical_puyang_yi_ironic	3k_main_ceo_career_historical_puyang_yi_ironic	0	placeholder	placeholder		
3k_main_ceo_career_historical_qian_bo_ironic	3k_main_ceo_career_historical_qian_bo_ironic	0	placeholder	placeholder		
3k_main_ceo_career_historical_qian_bo_title	3k_main_ceo_career_historical_qian_bo_title	0	placeholder	placeholder		
3k_main_ceo_career_historical_qian_tong	3k_main_ceo_career_historical_qian_tong	0	placeholder	placeholder		
3k_main_ceo_career_historical_qian_zhao_ironic	3k_main_ceo_career_historical_qian_zhao_ironic	0	placeholder	placeholder		
3k_main_ceo_career_historical_qiang_duan	3k_main_ceo_career_historical_qiang_duan	0	placeholder	placeholder	armours/3k_main_ancillary_wood_armour_unique.png	3k_main_opinion_topic_set_intensity_temperamental
3k_main_ceo_career_historical_qimu_kai	3k_main_ceo_career_historical_qimu_kai	0	placeholder	placeholder		
3k_main_ceo_career_historical_qin_lang	3k_main_ceo_career_historical_qin_lang	0	placeholder	placeholder		
3k_main_ceo_career_historical_qin_mi_title	3k_main_ceo_career_historical_qin_mi_title	0	placeholder	placeholder		
3k_main_ceo_career_historical_qin_song	3k_main_ceo_career_historical_qin_song	0	placeholder	placeholder		
3k_main_ceo_career_historical_qin_yilu	3k_main_ceo_career_historical_qin_yilu	0	placeholder	placeholder		3k_main_opinion_topic_set_folly_mad
3k_main_ceo_career_historical_qu_chuntao	3k_main_ceo_career_historical_qu_chuntao	0	placeholder	placeholder		
3k_main_ceo_career_historical_qu_jing_title	3k_main_ceo_career_historical_qu_jing_title	0	placeholder	placeholder		
3k_main_ceo_career_historical_qu_pan	3k_main_ceo_career_historical_qu_pan	0	placeholder	placeholder		
3k_main_ceo_career_historical_qu_yan	3k_main_ceo_career_historical_qu_yan	0	placeholder	placeholder		
3k_main_ceo_career_historical_qu_yi	3k_main_ceo_career_historical_qu_yi	0	placeholder	placeholder		3k_main_opinion_topic_set_vice_arrogant
3k_main_ceo_career_historical_quan_rou	3k_main_ceo_career_historical_quan_rou	0	placeholder	placeholder		
3k_main_ceo_career_historical_qubei	3k_main_ceo_career_historical_qubei	0	placeholder	placeholder		3k_main_opinion_topic_set_vice_greedy
3k_main_ceo_career_historical_que_xuan_ironic	3k_main_ceo_career_historical_que_xuan_ironic	0	placeholder	placeholder		
3k_main_ceo_career_historical_ren_an_title	3k_main_ceo_career_historical_ren_an_title	0	placeholder	placeholder		
3k_main_ceo_career_historical_rong_fang_ironic	3k_main_ceo_career_historical_rong_fang_ironic	0	placeholder	placeholder		
3k_main_ceo_career_historical_ru_xun_title	3k_main_ceo_career_historical_ru_xun_title	0	placeholder	placeholder		
3k_main_ceo_career_historical_ruan_ji	3k_main_ceo_career_historical_ruan_ji	0	placeholder	placeholder		
3k_main_ceo_career_historical_rui_liang_ironic	3k_main_ceo_career_historical_rui_liang_ironic	0	placeholder	placeholder		
3k_main_ceo_career_historical_rui_xuan_ironic	3k_main_ceo_career_historical_rui_xuan_ironic	0	placeholder	placeholder		
3k_main_ceo_career_historical_rui_zhi_ironic	3k_main_ceo_career_historical_rui_zhi_ironic	0	placeholder	placeholder		
3k_main_ceo_career_historical_shan_jing_ironic	3k_main_ceo_career_historical_shan_jing_ironic	0	placeholder	placeholder		
3k_main_ceo_career_historical_shang_sheng	3k_main_ceo_career_historical_shang_sheng	0	placeholder	placeholder		
3k_main_ceo_career_historical_she_jian_title_ironic	3k_main_ceo_career_historical_she_jian_title_ironic	0	placeholder	placeholder		
3k_main_ceo_career_historical_she_yuan_title_ironic	3k_main_ceo_career_historical_she_yuan_title_ironic	0	placeholder	placeholder		
3k_main_ceo_career_historical_shen_cheng	3k_main_ceo_career_historical_shen_cheng	0	placeholder	placeholder		
3k_main_ceo_career_historical_shen_dan_title	3k_main_ceo_career_historical_shen_dan_title	0	placeholder	placeholder		
3k_main_ceo_career_historical_shen_mi	3k_main_ceo_career_historical_shen_mi	0	placeholder	placeholder		
3k_main_ceo_career_historical_shen_yi_title	3k_main_ceo_career_historical_shen_yi_title	0	placeholder	placeholder		
3k_main_ceo_career_historical_sheng_dao_unique	3k_main_ceo_career_historical_sheng_dao_unique	0	placeholder	placeholder		
3k_main_ceo_career_historical_sheng_kuang_ironic	3k_main_ceo_career_historical_sheng_kuang_ironic	0	placeholder	placeholder		
3k_main_ceo_career_historical_sheng_mai_ironic	3k_main_ceo_career_historical_sheng_mai_ironic	0	placeholder	placeholder		
3k_main_ceo_career_historical_shentu_xiang_title	3k_main_ceo_career_historical_shentu_xiang_title	0	placeholder	placeholder		
3k_main_ceo_career_historical_shi_caiwei_title	3k_main_ceo_career_historical_shi_caiwei_title	0	placeholder	placeholder		
3k_main_ceo_career_historical_shi_changchang_title_ironic	3k_main_ceo_career_historical_shi_changchang_title_ironic	0	placeholder	placeholder		
3k_main_ceo_career_historical_shi_en_title_ironic	3k_main_ceo_career_historical_shi_en_title_ironic	0	placeholder	placeholder		
3k_main_ceo_career_historical_shi_fen_unique	3k_main_ceo_career_historical_shi_fen_unique	0	placeholder	placeholder		
3k_main_ceo_career_historical_shi_gan_title	3k_main_ceo_career_historical_shi_gan_title	0	placeholder	placeholder		
3k_main_ceo_career_historical_shi_han_title	3k_main_ceo_career_historical_shi_han_title	0	placeholder	placeholder		
3k_main_ceo_career_historical_shi_huan	3k_main_ceo_career_historical_shi_huan	0	placeholder	placeholder		
3k_main_ceo_career_historical_shi_huang_sg	3k_main_ceo_career_historical_shi_huang_sg	0	placeholder	placeholder		3k_main_opinion_topic_set_loyalty_dutiful
3k_main_ceo_career_historical_shi_hui_unique	3k_main_ceo_career_historical_shi_hui_unique	0	placeholder	placeholder		
3k_main_ceo_career_historical_shi_kuang_unique	3k_main_ceo_career_historical_shi_kuang_unique	0	placeholder	placeholder		
3k_main_ceo_career_historical_shi_lihua_title	3k_main_ceo_career_historical_shi_lihua_title	0	placeholder	placeholder		
3k_main_ceo_career_historical_shi_qi_title_ironic	3k_main_ceo_career_historical_shi_qi_title_ironic	0	placeholder	placeholder		
3k_main_ceo_career_historical_shi_ren_ironic	3k_main_ceo_career_historical_shi_ren_ironic	0	placeholder	placeholder		
3k_main_ceo_career_historical_shi_song_title	3k_main_ceo_career_historical_shi_song_title	0	placeholder	placeholder		
3k_main_ceo_career_historical_shi_wei_unique	3k_main_ceo_career_historical_shi_wei_unique	0	placeholder	placeholder		
3k_main_ceo_career_historical_shi_wu_unique	3k_main_ceo_career_historical_shi_wu_unique	0	placeholder	placeholder		
3k_main_ceo_career_historical_shi_xin_unique	3k_main_ceo_career_historical_shi_xin_unique	0	placeholder	placeholder		
3k_main_ceo_career_historical_shi_yi_unique	3k_main_ceo_career_historical_shi_yi_unique	0	placeholder	placeholder		
3k_main_ceo_career_historical_shi_yi_w	3k_main_ceo_career_historical_shi_yi_w	0	placeholder	placeholder	armours/3k_main_ancillary_water_armour_unique.png	3k_main_opinion_topic_set_intelligence_cunning
3k_main_ceo_career_historical_shi_zin_unique	3k_main_ceo_career_historical_shi_zin_unique	0	placeholder	placeholder		
3k_main_ceo_career_historical_shu_shao_ironic	3k_main_ceo_career_historical_shu_shao_ironic	0	placeholder	placeholder		
3k_main_ceo_career_historical_si_cong_ironic	3k_main_ceo_career_historical_si_cong_ironic	0	placeholder	placeholder		
3k_main_ceo_career_historical_sima_hui_ironic	3k_main_ceo_career_historical_sima_hui_ironic	0	placeholder	placeholder		
3k_main_ceo_career_historical_sima_hui_ironic_water	3k_main_ceo_career_historical_sima_hui_ironic_water	0	placeholder	placeholder		
3k_main_ceo_career_historical_sima_ju_ytr	3k_main_ceo_career_historical_sima_ju_ytr	0	placeholder	placeholder		3k_main_opinion_topic_set_intensity_temperamental
3k_main_ceo_career_historical_sima_zhi_title_ironic	3k_main_ceo_career_historical_sima_zhi_title_ironic	0	placeholder	placeholder		
3k_main_ceo_career_historical_song_qian_ironic	3k_main_ceo_career_historical_song_qian_ironic	0	placeholder	placeholder		
3k_main_ceo_career_historical_song_shurou_title_ironic	3k_main_ceo_career_historical_song_shurou_title_ironic	0	placeholder	placeholder		
3k_main_ceo_career_historical_song_zhong	3k_main_ceo_career_historical_song_zhong	0	placeholder	placeholder		
3k_main_ceo_career_historical_su_dai	3k_main_ceo_career_historical_su_dai	0	placeholder	placeholder		
3k_main_ceo_career_historical_su_dai_unique	3k_main_ceo_career_historical_su_dai_unique	0	placeholder	placeholder		
3k_main_ceo_career_historical_su_fei	3k_main_ceo_career_historical_su_fei	0	placeholder	placeholder	armours/3k_main_ancillary_fire_armour_unique.png	3k_main_opinion_topic_set_loyalty_fraternal
3k_main_ceo_career_historical_su_kelan	3k_main_ceo_career_historical_su_kelan	0	placeholder	placeholder		
3k_main_ceo_career_historical_su_ping	3k_main_ceo_career_historical_su_ping	0	placeholder	placeholder		
3k_main_ceo_career_historical_su_ze	3k_main_ceo_career_historical_su_ze	0	placeholder	placeholder	armours/3k_main_ancillary_water_armour_unique.png	3k_main_opinion_topic_set_diplomatic_cordial
3k_main_ceo_career_historical_sui_chun_title	3k_main_ceo_career_historical_sui_chun_title	0	placeholder	placeholder		
3k_main_ceo_career_historical_sui_gu	3k_main_ceo_career_historical_sui_gu	0	placeholder	placeholder		3k_dlc05_opinion_topic_set_vice_criminal
3k_main_ceo_career_historical_sun_ben	3k_main_ceo_career_historical_sun_ben	0	placeholder	placeholder		
3k_main_ceo_career_historical_sun_deng	3k_main_ceo_career_historical_sun_deng	0	placeholder	placeholder		
3k_main_ceo_career_historical_sun_fu	3k_main_ceo_career_historical_sun_fu	0	placeholder	placeholder		
3k_main_ceo_career_historical_sun_guan	3k_main_ceo_career_historical_sun_guan	0	placeholder	placeholder	armours/3k_main_ancillary_water_armour_unique.png	3k_dlc05_opinion_topic_set_vice_criminal
3k_main_ceo_career_historical_sun_hao	3k_main_ceo_career_historical_sun_hao	0	placeholder	placeholder		
3k_main_ceo_career_historical_sun_he	3k_main_ceo_career_historical_sun_he	0	placeholder	placeholder		
3k_main_ceo_career_historical_sun_jiao	3k_main_ceo_career_historical_sun_jiao	0	placeholder	placeholder		
3k_main_ceo_career_historical_sun_jing	3k_main_ceo_career_historical_sun_jing	0	placeholder	placeholder		
3k_main_ceo_career_historical_sun_kuang	3k_main_ceo_career_historical_sun_kuang	0	placeholder	placeholder		
3k_main_ceo_career_historical_sun_lang	3k_main_ceo_career_historical_sun_lang	0	placeholder	placeholder		
3k_main_ceo_career_historical_sun_qian	3k_main_ceo_career_historical_sun_qian	0	placeholder	placeholder	armours/3k_main_ancillary_water_armour_unique.png	3k_main_opinion_topic_set_intelligence_cunning
3k_main_ceo_career_historical_sun_shao	3k_main_ceo_career_historical_sun_shao	0	placeholder	placeholder	armours/3k_main_ancillary_metal_armour_unique.png	3k_main_opinion_topic_set_determination_stubborn
3k_main_ceo_career_historical_sun_shao_sun	3k_main_ceo_career_historical_sun_shao_sun	0	placeholder	placeholder		
3k_main_ceo_career_historical_sun_shi_ironic	3k_main_ceo_career_historical_sun_shi_ironic	0	placeholder	placeholder		
3k_main_ceo_career_historical_sun_yi	3k_main_ceo_career_historical_sun_yi	0	placeholder	placeholder		
3k_main_ceo_career_historical_sun_yu	3k_main_ceo_career_historical_sun_yu	0	placeholder	placeholder		
3k_main_ceo_career_historical_supuyan	3k_main_ceo_career_historical_supuyan	0	placeholder	placeholder		3k_main_opinion_topic_set_strength_powerful
3k_main_ceo_career_historical_syiyan	3k_main_ceo_career_historical_syiyan	0	placeholder	placeholder		
3k_main_ceo_career_historical_tadun	3k_main_ceo_career_historical_tadun	0	placeholder	placeholder		3k_main_opinion_topic_set_strength_strong
3k_main_ceo_career_historical_tao_shang	3k_main_ceo_career_historical_tao_shang	0	placeholder	placeholder	armours/3k_main_ancillary_water_armour_unique.png	3k_main_opinion_topic_set_loyalty_fraternal
3k_main_ceo_career_historical_tao_ying	3k_main_ceo_career_historical_tao_ying	0	placeholder	placeholder	armours/3k_main_ancillary_wood_armour_unique.png	3k_main_opinion_topic_set_loyalty_fraternal
3k_main_ceo_career_historical_teng_dan	3k_main_ceo_career_historical_teng_dan	0	placeholder	placeholder		
3k_main_ceo_career_historical_teng_ling	3k_main_ceo_career_historical_teng_ling	0	placeholder	placeholder		
3k_main_ceo_career_historical_teng_zhou	3k_main_ceo_career_historical_teng_zhou	0	placeholder	placeholder		
3k_main_ceo_career_historical_tian_chou	3k_main_ceo_career_historical_tian_chou	0	placeholder	placeholder		3k_main_opinion_topic_set_intelligence_brilliant
3k_main_ceo_career_historical_tian_kai	3k_main_ceo_career_historical_tian_kai	0	placeholder	placeholder	UI/Campaign UI/traits/icon_stalwart_good.png	3k_main_opinion_topic_set_loyalty_dutiful
3k_main_ceo_career_historical_tian_le	3k_main_ceo_career_historical_tian_le	0	placeholder	placeholder		
3k_main_ceo_career_historical_tian_yu	3k_main_ceo_career_historical_tian_yu	0	placeholder	placeholder	armours/3k_main_ancillary_fire_armour_unique.png	3k_main_opinion_topic_set_intensity_energetic
3k_main_ceo_career_historical_tong_jie	3k_main_ceo_career_historical_tong_jie	0	placeholder	placeholder		
3k_main_ceo_career_historical_tong_jie_unique	3k_main_ceo_career_historical_tong_jie_unique	0	placeholder	placeholder		
3k_main_ceo_career_historical_tong_yang	3k_main_ceo_career_historical_tong_yang	0	placeholder	placeholder		
3k_main_ceo_career_historical_tong_yin	3k_main_ceo_career_historical_tong_yin	0	placeholder	placeholder		
3k_main_ceo_career_historical_tong_you	3k_main_ceo_career_historical_tong_you	0	placeholder	placeholder		
3k_main_ceo_career_historical_tong_yurui	3k_main_ceo_career_historical_tong_yurui	0	placeholder	placeholder	armours/3k_main_ancillary_water_armour_unique.png	3k_main_opinion_topic_set_attractive_beautiful
3k_main_ceo_career_historical_tong_zhi	3k_main_ceo_career_historical_tong_zhi	0	placeholder	placeholder		
3k_main_ceo_career_historical_tufa_pigu	3k_main_ceo_career_historical_tufa_pigu	0	placeholder	placeholder	armours/3k_main_ancillary_metal_armour_unique.png	3k_main_opinion_topic_set_intensity_reckless
3k_main_ceo_career_historical_tuoba_jiefan	3k_main_ceo_career_historical_tuoba_jiefan	0	placeholder	placeholder	armours/3k_main_ancillary_metal_armour_unique.png	3k_main_opinion_topic_set_intensity_energetic
3k_main_ceo_career_historical_tuoba_liwei	3k_main_ceo_career_historical_tuoba_liwei	0	placeholder	placeholder	armours/3k_main_ancillary_metal_armour_unique.png	3k_main_opinion_topic_set_intensity_fiery
3k_main_ceo_career_historical_wan_bing_ironic	3k_main_ceo_career_historical_wan_bing_ironic	0	placeholder	placeholder		
3k_main_ceo_career_historical_wan_yan_ironic	3k_main_ceo_career_historical_wan_yan_ironic	0	placeholder	placeholder		
3k_main_ceo_career_historical_wang_baolan	3k_main_ceo_career_historical_wang_baolan	0	placeholder	placeholder		3k_main_opinion_topic_set_folly_suspicious
3k_main_ceo_career_historical_wang_can_title_ironic	3k_main_ceo_career_historical_wang_can_title_ironic	0	placeholder	placeholder		
3k_main_ceo_career_historical_wang_dang	3k_main_ceo_career_historical_wang_dang	0	placeholder	placeholder	UI/Campaign UI/traits/icon_cunning_good.png	3k_main_opinion_topic_set_intelligence_cunning
3k_main_ceo_career_historical_wang_fangyue	3k_main_ceo_career_historical_wang_fangyue	0	placeholder	placeholder		3k_main_opinion_topic_set_folly_suspicious
3k_main_ceo_career_historical_wang_feng	3k_main_ceo_career_historical_wang_feng	0	placeholder	placeholder		3k_main_opinion_topic_set_intelligence_cunning
3k_main_ceo_career_historical_wang_fu_stra_unique	3k_main_ceo_career_historical_wang_fu_stra_unique	0	placeholder	placeholder		
3k_main_ceo_career_historical_wang_fu_unique	3k_main_ceo_career_historical_wang_fu_unique	0	placeholder	placeholder		
3k_main_ceo_career_historical_wang_gong_ironic	3k_main_ceo_career_historical_wang_gong_ironic	0	placeholder	placeholder		
3k_main_ceo_career_historical_wang_hai	3k_main_ceo_career_historical_wang_hai	0	placeholder	placeholder		
3k_main_ceo_career_historical_wang_hong	3k_main_ceo_career_historical_wang_hong	0	placeholder	placeholder	armours/3k_main_ancillary_earth_armour_unique.png	3k_main_opinion_topic_set_discipline_stern
3k_main_ceo_career_historical_wang_jin	3k_main_ceo_career_historical_wang_jin	0	placeholder	placeholder		
3k_main_ceo_career_historical_wang_kai_ironic	3k_main_ceo_career_historical_wang_kai_ironic	0	placeholder	placeholder		
3k_main_ceo_career_historical_wang_kai_title_ironic	3k_main_ceo_career_historical_wang_kai_title_ironic	0	placeholder	placeholder		
3k_main_ceo_career_historical_wang_lanlan	3k_main_ceo_career_historical_wang_lanlan	0	placeholder	placeholder		3k_main_opinion_topic_set_loyalty_fraternal
3k_main_ceo_career_historical_wang_lei_unique	3k_main_ceo_career_historical_wang_lei_unique	0	placeholder	placeholder		
3k_main_ceo_career_historical_wang_lian_title	3k_main_ceo_career_historical_wang_lian_title	0	placeholder	placeholder		
3k_main_ceo_career_historical_wang_lie_ironic	3k_main_ceo_career_historical_wang_lie_ironic	0	placeholder	placeholder		
3k_main_ceo_career_historical_wang_men_ironic	3k_main_ceo_career_historical_wang_men_ironic	0	placeholder	placeholder		
3k_main_ceo_career_historical_wang_mou_title	3k_main_ceo_career_historical_wang_mou_title	0	placeholder	placeholder		
3k_main_ceo_career_historical_wang_ping	3k_main_ceo_career_historical_wang_ping	0	placeholder	placeholder		
3k_main_ceo_career_historical_wang_qian_title_ironic	3k_main_ceo_career_historical_wang_qian_title_ironic	0	placeholder	placeholder		
3k_main_ceo_career_historical_wang_shang_title	3k_main_ceo_career_historical_wang_shang_title	0	placeholder	placeholder		
3k_main_ceo_career_historical_wang_sheng	3k_main_ceo_career_historical_wang_sheng	0	placeholder	placeholder		
3k_main_ceo_career_historical_wang_shi_unique	3k_main_ceo_career_historical_wang_shi_unique	0	placeholder	placeholder		
3k_main_ceo_career_historical_wang_song	3k_main_ceo_career_historical_wang_song	0	placeholder	placeholder		
3k_main_ceo_career_historical_wang_su_ironic	3k_main_ceo_career_historical_wang_su_ironic	0	placeholder	placeholder		
3k_main_ceo_career_historical_wang_wei	3k_main_ceo_career_historical_wang_wei	0	placeholder	placeholder		
3k_main_ceo_career_historical_wang_xian_title	3k_main_ceo_career_historical_wang_xian_title	0	placeholder	placeholder		
3k_main_ceo_career_historical_wang_xian_unique	3k_main_ceo_career_historical_wang_xian_unique	0	placeholder	placeholder		
3k_main_ceo_career_historical_wang_xiang	3k_main_ceo_career_historical_wang_xiang	0	placeholder	placeholder		
3k_main_ceo_career_historical_wang_xiang_unique_ironic	3k_main_ceo_career_historical_wang_xiang_unique_ironic	0	placeholder	placeholder		
3k_main_ceo_career_historical_wang_xiu	3k_main_ceo_career_historical_wang_xiu	0	placeholder	placeholder	armours/3k_main_ancillary_earth_armour_unique.png	3k_main_opinion_topic_set_honour_honourable
3k_main_ceo_career_historical_wang_yu	3k_main_ceo_career_historical_wang_yu	0	placeholder	placeholder	armours/3k_main_ancillary_metal_armour_unique.png	3k_main_opinion_topic_set_discretion_quiet
3k_main_ceo_career_historical_wang_zifu_ironic	3k_main_ceo_career_historical_wang_zifu_ironic	0	placeholder	placeholder		
3k_main_ceo_career_historical_wangdong	3k_main_ceo_career_historical_wangdong	0	placeholder	placeholder		3k_main_opinion_topic_set_vice_vain
3k_main_ceo_career_historical_wei_dan	3k_main_ceo_career_historical_wei_dan	0	placeholder	placeholder	armours/3k_main_ancillary_metal_armour_unique.png	3k_main_opinion_topic_set_intelligence_artful
3k_main_ceo_career_historical_wei_duan_ironic	3k_main_ceo_career_historical_wei_duan_ironic	0	placeholder	placeholder		
3k_main_ceo_career_historical_wei_gu_ironic	3k_main_ceo_career_historical_wei_gu_ironic	0	placeholder	placeholder		
3k_main_ceo_career_historical_wei_huang	3k_main_ceo_career_historical_wei_huang	0	placeholder	placeholder		
3k_main_ceo_career_historical_wei_kang	3k_main_ceo_career_historical_wei_kang	0	placeholder	placeholder	armours/3k_main_ancillary_earth_armour_unique.png	3k_main_opinion_topic_set_diplomatic_cordial
3k_main_ceo_career_historical_wei_qian_ironic	3k_main_ceo_career_historical_wei_qian_ironic	0	placeholder	placeholder		
3k_main_ceo_career_historical_wei_you	3k_main_ceo_career_historical_wei_you	0	placeholder	placeholder		3k_main_opinion_topic_set_loyalty_dutiful
3k_main_ceo_career_historical_wei_zi_ironic	3k_main_ceo_career_historical_wei_zi_ironic	0	placeholder	placeholder		
3k_main_ceo_career_historical_wen_gong_title	3k_main_ceo_career_historical_wen_gong_title	0	placeholder	placeholder		
3k_main_ceo_career_historical_wen_ji_ironic	3k_main_ceo_career_historical_wen_ji_ironic	0	placeholder	placeholder		
3k_main_ceo_career_historical_wen_pin	3k_main_ceo_career_historical_wen_pin	0	placeholder	placeholder	armours/3k_main_ancillary_wood_armour_unique.png	3k_main_opinion_topic_set_strength_healthy
3k_main_ceo_career_historical_wen_qin_ironic	3k_main_ceo_career_historical_wen_qin_ironic	0	placeholder	placeholder		
3k_main_ceo_career_historical_wen_ying_title_ironic	3k_main_ceo_career_historical_wen_ying_title_ironic	0	placeholder	placeholder		
3k_main_ceo_career_historical_wu_can_ironic	3k_main_ceo_career_historical_wu_can_ironic	0	placeholder	placeholder		
3k_main_ceo_career_historical_wu_chen_unique	3k_main_ceo_career_historical_wu_chen_unique	0	placeholder	placeholder		
3k_main_ceo_career_historical_wu_dang	3k_main_ceo_career_historical_wu_dang	0	placeholder	placeholder		
3k_main_ceo_career_historical_wu_dun_ironic	3k_main_ceo_career_historical_wu_dun_ironic	0	placeholder	placeholder		
3k_main_ceo_career_historical_wu_fan_ironic	3k_main_ceo_career_historical_wu_fan_ironic	0	placeholder	placeholder		
3k_main_ceo_career_historical_wu_fen_ironic	3k_main_ceo_career_historical_wu_fen_ironic	0	placeholder	placeholder		
3k_main_ceo_career_historical_wu_huan_ytr	3k_main_ceo_career_historical_wu_huan_ytr	0	placeholder	placeholder		
3k_main_ceo_career_historical_wu_jing_ironic	3k_main_ceo_career_historical_wu_jing_ironic	0	placeholder	placeholder		
3k_main_ceo_career_historical_wu_ju	3k_main_ceo_career_historical_wu_ju	0	placeholder	placeholder	armours/3k_main_ancillary_earth_armour_unique.png	3k_main_opinion_topic_set_loyalty_loyal
3k_main_ceo_career_historical_wu_lan_title	3k_main_ceo_career_historical_wu_lan_title	0	placeholder	placeholder		
3k_main_ceo_career_historical_wu_mai_title	3k_main_ceo_career_historical_wu_mai_title	0	placeholder	placeholder		
3k_main_ceo_career_historical_wu_mian_ironic	3k_main_ceo_career_historical_wu_mian_ironic	0	placeholder	placeholder		
3k_main_ceo_career_historical_wu_qi_ironic	3k_main_ceo_career_historical_wu_qi_ironic	0	placeholder	placeholder		
3k_main_ceo_career_historical_wu_wu	3k_main_ceo_career_historical_wu_wu	0	placeholder	placeholder		
3k_main_ceo_career_historical_wu_xi_ironic	3k_main_ceo_career_historical_wu_xi_ironic	0	placeholder	placeholder		
3k_main_ceo_career_historical_wu_xi_title	3k_main_ceo_career_historical_wu_xi_title	0	placeholder	placeholder		
3k_main_ceo_career_historical_wu_xiang_title	3k_main_ceo_career_historical_wu_xiang_title	0	placeholder	placeholder		
3k_main_ceo_career_historical_wuyan	3k_main_ceo_career_historical_wuyan	0	placeholder	placeholder		3k_main_opinion_topic_set_strength_formidable
3k_main_ceo_career_historical_xi_jiao	3k_main_ceo_career_historical_xi_jiao	0	placeholder	placeholder		
3k_main_ceo_career_historical_xi_zhen_title_ironic	3k_main_ceo_career_historical_xi_zhen_title_ironic	0	placeholder	placeholder		
3k_main_ceo_career_historical_xi_zhicai	3k_main_ceo_career_historical_xi_zhicai	0	placeholder	placeholder		
3k_main_ceo_career_historical_xi_zhicai_unique	3k_main_ceo_career_historical_xi_zhicai_unique	0	placeholder	placeholder		
3k_main_ceo_career_historical_xiahou_jie	3k_main_ceo_career_historical_xiahou_jie	0	placeholder	placeholder		
3k_main_ceo_career_historical_xiahou_lan_ironic	3k_main_ceo_career_historical_xiahou_lan_ironic	0	placeholder	placeholder		
3k_main_ceo_career_historical_xiahou_mao_ironic	3k_main_ceo_career_historical_xiahou_mao_ironic	0	placeholder	placeholder		
3k_main_ceo_career_historical_xiahou_shang	3k_main_ceo_career_historical_xiahou_shang	0	placeholder	placeholder		
3k_main_ceo_career_historical_xianbei_generic_buddhist_convert	3k_main_ceo_career_historical_xianbei_generic_buddhist_convert	0	placeholder	placeholder		
3k_main_ceo_career_historical_xianbei_generic_community_leader	3k_main_ceo_career_historical_xianbei_generic_community_leader	0	placeholder	placeholder		
3k_main_ceo_career_historical_xianbei_generic_exiled_bureaucrat	3k_main_ceo_career_historical_xianbei_generic_exiled_bureaucrat	0	placeholder	placeholder		
3k_main_ceo_career_historical_xianbei_generic_female_aristocrat	3k_main_ceo_career_historical_xianbei_generic_female_aristocrat	0	placeholder	placeholder		
3k_main_ceo_career_historical_xianbei_generic_female_metallurgist	3k_main_ceo_career_historical_xianbei_generic_female_metallurgist	0	placeholder	placeholder		
3k_main_ceo_career_historical_xianbei_generic_female_waymaker	3k_main_ceo_career_historical_xianbei_generic_female_waymaker	0	placeholder	placeholder		
3k_main_ceo_career_historical_xianbei_generic_frontiersman	3k_main_ceo_career_historical_xianbei_generic_frontiersman	0	placeholder	placeholder		
3k_main_ceo_career_historical_xianbei_generic_headsman	3k_main_ceo_career_historical_xianbei_generic_headsman	0	placeholder	placeholder		
3k_main_ceo_career_historical_xianbei_generic_huntress	3k_main_ceo_career_historical_xianbei_generic_huntress	0	placeholder	placeholder		
3k_main_ceo_career_historical_xianbei_generic_lancer	3k_main_ceo_career_historical_xianbei_generic_lancer	0	placeholder	placeholder		
3k_main_ceo_career_historical_xianbei_generic_male_aristocrat	3k_main_ceo_career_historical_xianbei_generic_male_aristocrat	0	placeholder	placeholder		
3k_main_ceo_career_historical_xianbei_generic_male_metallurgist	3k_main_ceo_career_historical_xianbei_generic_male_metallurgist	0	placeholder	placeholder		
3k_main_ceo_career_historical_xianbei_generic_male_waymaker	3k_main_ceo_career_historical_xianbei_generic_male_waymaker	0	placeholder	placeholder		
3k_main_ceo_career_historical_xianbei_generic_marauder	3k_main_ceo_career_historical_xianbei_generic_marauder	0	placeholder	placeholder		
3k_main_ceo_career_historical_xianbei_generic_matriarch	3k_main_ceo_career_historical_xianbei_generic_matriarch	0	placeholder	placeholder		
3k_main_ceo_career_historical_xianbei_generic_soothsayer	3k_main_ceo_career_historical_xianbei_generic_soothsayer	0	placeholder	placeholder		
3k_main_ceo_career_historical_xianbei_generic_swordmaiden	3k_main_ceo_career_historical_xianbei_generic_swordmaiden	0	placeholder	placeholder		
3k_main_ceo_career_historical_xianbei_generic_wrangler	3k_main_ceo_career_historical_xianbei_generic_wrangler	0	placeholder	placeholder		
3k_main_ceo_career_historical_xiang_chong_unique_ironic	3k_main_ceo_career_historical_xiang_chong_unique_ironic	0	placeholder	placeholder		
3k_main_ceo_career_historical_xiang_lang_title_ironic	3k_main_ceo_career_historical_xiang_lang_title_ironic	0	placeholder	placeholder		
3k_main_ceo_career_historical_xianyu_dan	3k_main_ceo_career_historical_xianyu_dan	0	placeholder	placeholder		
3k_main_ceo_career_historical_xianyu_fu	3k_main_ceo_career_historical_xianyu_fu	0	placeholder	placeholder		3k_main_opinion_topic_set_determination_stubborn
3k_main_ceo_career_historical_xianyu_yin	3k_main_ceo_career_historical_xianyu_yin	0	placeholder	placeholder		3k_main_opinion_topic_set_determination_defiant
3k_main_ceo_career_historical_xiao_jian_ironic	3k_main_ceo_career_historical_xiao_jian_ironic	0	placeholder	placeholder		
3k_main_ceo_career_historical_xie_cheng_ironic	3k_main_ceo_career_historical_xie_cheng_ironic	0	placeholder	placeholder		
3k_main_ceo_career_historical_xie_jiong_ironic	3k_main_ceo_career_historical_xie_jiong_ironic	0	placeholder	placeholder		
3k_main_ceo_career_historical_xie_mi_ironic	3k_main_ceo_career_historical_xie_mi_ironic	0	placeholder	placeholder		
3k_main_ceo_career_historical_xie_zhen_ironic	3k_main_ceo_career_historical_xie_zhen_ironic	0	placeholder	placeholder		
3k_main_ceo_career_historical_xin_fangyue	3k_main_ceo_career_historical_xin_fangyue	0	placeholder	placeholder		
3k_main_ceo_career_historical_xin_pi	3k_main_ceo_career_historical_xin_pi	0	placeholder	placeholder		
3k_main_ceo_career_historical_xin_ping	3k_main_ceo_career_historical_xin_ping	0	placeholder	placeholder		3k_main_opinion_topic_set_intelligence_bright
3k_main_ceo_career_historical_xing_daorong_unique_ironic	3k_main_ceo_career_historical_xing_daorong_unique_ironic	0	placeholder	placeholder		
3k_main_ceo_career_historical_xu_ci_title	3k_main_ceo_career_historical_xu_ci_title	0	placeholder	placeholder		
3k_main_ceo_career_historical_xu_dan_ironic	3k_main_ceo_career_historical_xu_dan_ironic	0	placeholder	placeholder		
3k_main_ceo_career_historical_xu_gan_ironic	3k_main_ceo_career_historical_xu_gan_ironic	0	placeholder	placeholder		
3k_main_ceo_career_historical_xu_gong_ironic	3k_main_ceo_career_historical_xu_gong_ironic	0	placeholder	placeholder		
3k_main_ceo_career_historical_xu_he_ytr	3k_main_ceo_career_historical_xu_he_ytr	0	placeholder	placeholder		3k_main_opinion_topic_set_intimidation_feared
3k_main_ceo_career_historical_xu_jing	3k_main_ceo_career_historical_xu_jing	0	placeholder	placeholder	armours/3k_main_ancillary_water_armour_unique.png	3k_main_opinion_topic_set_intelligence_scholarly
3k_main_ceo_career_historical_xu_kun_ironic	3k_main_ceo_career_historical_xu_kun_ironic	0	placeholder	placeholder		
3k_main_ceo_career_historical_xu_miao	3k_main_ceo_career_historical_xu_miao	0	placeholder	placeholder		
3k_main_ceo_career_historical_xu_qian_ironic	3k_main_ceo_career_historical_xu_qian_ironic	0	placeholder	placeholder		
3k_main_ceo_career_historical_xu_rong	3k_main_ceo_career_historical_xu_rong	0	placeholder	placeholder		3k_main_opinion_topic_set_strength_healthy
3k_main_ceo_career_historical_xu_shao_ironic	3k_main_ceo_career_historical_xu_shao_ironic	0	placeholder	placeholder		
3k_main_ceo_career_historical_xu_sheng_ironic	3k_main_ceo_career_historical_xu_sheng_ironic	0	placeholder	placeholder		
3k_main_ceo_career_historical_xu_si_ironic	3k_main_ceo_career_historical_xu_si_ironic	0	placeholder	placeholder		
3k_main_ceo_career_historical_xu_xi	3k_main_ceo_career_historical_xu_xi	0	placeholder	placeholder		
3k_main_ceo_career_historical_xu_xiu_ironic	3k_main_ceo_career_historical_xu_xiu_ironic	0	placeholder	placeholder		
3k_main_ceo_career_historical_xu_xuan_ironic	3k_main_ceo_career_historical_xu_xuan_ironic	0	placeholder	placeholder		
3k_main_ceo_career_historical_xu_yi	3k_main_ceo_career_historical_xu_yi	0	placeholder	placeholder		
3k_main_ceo_career_historical_xu_yi_ironic	3k_main_ceo_career_historical_xu_yi_ironic	0	placeholder	placeholder		
3k_main_ceo_career_historical_xu_yuanxian_title	3k_main_ceo_career_historical_xu_yuanxian_title	0	placeholder	placeholder		
3k_main_ceo_career_historical_xu_zhao_ironic	3k_main_ceo_career_historical_xu_zhao_ironic	0	placeholder	placeholder		
3k_main_ceo_career_historical_xu_zhen_ironic	3k_main_ceo_career_historical_xu_zhen_ironic	0	placeholder	placeholder		
3k_main_ceo_career_historical_xue_li	3k_main_ceo_career_historical_xue_li	0	placeholder	placeholder		
3k_main_ceo_career_historical_xue_zong_unique_ironic	3k_main_ceo_career_historical_xue_zong_unique_ironic	0	placeholder	placeholder		
3k_main_ceo_career_historical_xun_chen	3k_main_ceo_career_historical_xun_chen	0	placeholder	placeholder	armours/3k_main_ancillary_water_armour_unique.png	3k_main_opinion_topic_set_intelligence_scholarly
3k_main_ceo_career_historical_xun_zheng_ironic	3k_main_ceo_career_historical_xun_zheng_ironic	0	placeholder	placeholder		
3k_main_ceo_career_historical_yalu	3k_main_ceo_career_historical_yalu	0	placeholder	placeholder		
3k_main_ceo_career_historical_yan_gang	3k_main_ceo_career_historical_yan_gang	0	placeholder	placeholder	UI/Campaign UI/traits/icon_cunning_good.png	3k_main_opinion_topic_set_intelligence_scholarly
3k_main_ceo_career_historical_yan_jun	3k_main_ceo_career_historical_yan_jun	0	placeholder	placeholder		
3k_main_ceo_career_historical_yan_jun_ironic	3k_main_ceo_career_historical_yan_jun_ironic	0	placeholder	placeholder		
3k_main_ceo_career_historical_yan_lan_ironic	3k_main_ceo_career_historical_yan_lan_ironic	0	placeholder	placeholder		
3k_main_ceo_career_historical_yan_lan_unique	3k_main_ceo_career_historical_yan_lan_unique	0	placeholder	placeholder		
3k_main_ceo_career_historical_yan_rou	3k_main_ceo_career_historical_yan_rou	0	placeholder	placeholder	UI/Campaign UI/traits/icon_cunning_good.png	3k_main_opinion_topic_set_diplomatic_cordial
3k_main_ceo_career_historical_yan_xia_ironic	3k_main_ceo_career_historical_yan_xia_ironic	0	placeholder	placeholder		
3k_main_ceo_career_historical_yan_xia_unique	3k_main_ceo_career_historical_yan_xia_unique	0	placeholder	placeholder		
3k_main_ceo_career_historical_yan_xiang	3k_main_ceo_career_historical_yan_xiang	0	placeholder	placeholder		
3k_main_ceo_career_historical_yan_xing	3k_main_ceo_career_historical_yan_xing	0	placeholder	placeholder		3k_main_opinion_topic_set_intelligence_bright
3k_main_ceo_career_historical_yang_biao	3k_main_ceo_career_historical_yang_biao	0	placeholder	placeholder	UI/Campaign UI/traits/icon_social_good.png	3k_main_opinion_topic_set_diplomatic_cordial
3k_main_ceo_career_historical_yang_chou	3k_main_ceo_career_historical_yang_chou	0	placeholder	placeholder		3k_main_opinion_topic_set_intelligence_bright
3k_main_ceo_career_historical_yang_ding_ironic	3k_main_ceo_career_historical_yang_ding_ironic	0	placeholder	placeholder		
3k_main_ceo_career_historical_yang_feng	3k_main_ceo_career_historical_yang_feng	0	placeholder	placeholder	armours/3k_main_ancillary_fire_armour_unique.png	3k_main_opinion_topic_set_strength_powerful
3k_main_ceo_career_historical_yang_feng_nw	3k_main_ceo_career_historical_yang_feng_nw	0	placeholder	placeholder		3k_main_opinion_topic_set_strength_formidable
3k_main_ceo_career_historical_yang_fu	3k_main_ceo_career_historical_yang_fu	0	placeholder	placeholder	armours/3k_main_ancillary_water_armour_unique.png	3k_main_opinion_topic_set_strength_tough
3k_main_ceo_career_historical_yang_hong	3k_main_ceo_career_historical_yang_hong	0	placeholder	placeholder	armours/3k_main_ancillary_metal_armour_unique.png	3k_main_opinion_topic_set_intelligence_bright
3k_main_ceo_career_historical_yang_hong_title_ironic	3k_main_ceo_career_historical_yang_hong_title_ironic	0	placeholder	placeholder		
3k_main_ceo_career_historical_yang_huai_title	3k_main_ceo_career_historical_yang_huai_title	0	placeholder	placeholder		
3k_main_ceo_career_historical_yang_jun	3k_main_ceo_career_historical_yang_jun	0	placeholder	placeholder		
3k_main_ceo_career_historical_yang_kui	3k_main_ceo_career_historical_yang_kui	0	placeholder	placeholder		
3k_main_ceo_career_historical_yang_ling_title_ironic	3k_main_ceo_career_historical_yang_ling_title_ironic	0	placeholder	placeholder		
3k_main_ceo_career_historical_yang_qianwan	3k_main_ceo_career_historical_yang_qianwan	0	placeholder	placeholder	armours/3k_main_ancillary_wood_armour_unique.png	3k_main_opinion_topic_set_determination_determined
3k_main_ceo_career_historical_yang_qiu	3k_main_ceo_career_historical_yang_qiu	0	placeholder	placeholder		3k_main_opinion_topic_set_strength_formidable
3k_main_ceo_career_historical_yang_xiu	3k_main_ceo_career_historical_yang_xiu	0	placeholder	placeholder		
3k_main_ceo_career_historical_yang_yi_ironic	3k_main_ceo_career_historical_yang_yi_ironic	0	placeholder	placeholder		
3k_main_ceo_career_historical_yang_yi_title	3k_main_ceo_career_historical_yang_yi_title	0	placeholder	placeholder		
3k_main_ceo_career_historical_yang_yong_title	3k_main_ceo_career_historical_yang_yong_title	0	placeholder	placeholder		
3k_main_ceo_career_historical_yao_zhou_title_ironic	3k_main_ceo_career_historical_yao_zhou_title_ironic	0	placeholder	placeholder		
3k_main_ceo_career_historical_yi_ji_title_ironic	3k_main_ceo_career_historical_yi_ji_title_ironic	0	placeholder	placeholder		
3k_main_ceo_career_historical_yi_liao_title	3k_main_ceo_career_historical_yi_liao_title	0	placeholder	placeholder		
3k_main_ceo_career_historical_yin_feng_ironic	3k_main_ceo_career_historical_yin_feng_ironic	0	placeholder	placeholder		
3k_main_ceo_career_historical_yin_li	3k_main_ceo_career_historical_yin_li	0	placeholder	placeholder		3k_main_opinion_topic_set_determination_defiant
3k_main_ceo_career_historical_yin_mo_title_ironic	3k_main_ceo_career_historical_yin_mo_title_ironic	0	placeholder	placeholder		
3k_main_ceo_career_historical_ying_lun_ironic	3k_main_ceo_career_historical_ying_lun_ironic	0	placeholder	placeholder		
3k_main_ceo_career_historical_ying_qu_ironic	3k_main_ceo_career_historical_ying_qu_ironic	0	placeholder	placeholder		
3k_main_ceo_career_historical_ying_rong_ironic	3k_main_ceo_career_historical_ying_rong_ironic	0	placeholder	placeholder		
3k_main_ceo_career_historical_ying_rong_title_ironic	3k_main_ceo_career_historical_ying_rong_title_ironic	0	placeholder	placeholder		
3k_main_ceo_career_historical_ying_shao	3k_main_ceo_career_historical_ying_shao	0	placeholder	placeholder	armours/3k_main_ancillary_metal_armour_unique.png	3k_main_opinion_topic_set_intelligence_scholarly
3k_main_ceo_career_historical_ying_xun	3k_main_ceo_career_historical_ying_xun	0	placeholder	placeholder		
3k_main_ceo_career_historical_yong_kai_unique	3k_main_ceo_career_historical_yong_kai_unique	0	placeholder	placeholder		
3k_main_ceo_career_historical_you_mi	3k_main_ceo_career_historical_you_mi	0	placeholder	placeholder		
3k_main_ceo_career_historical_you_tu	3k_main_ceo_career_historical_you_tu	0	placeholder	placeholder		
3k_main_ceo_career_historical_you_yu	3k_main_ceo_career_historical_you_yu	0	placeholder	placeholder		
3k_main_ceo_career_historical_yu_bao_title_ironic	3k_main_ceo_career_historical_yu_bao_title_ironic	0	placeholder	placeholder		
3k_main_ceo_career_historical_yu_du	3k_main_ceo_career_historical_yu_du	0	placeholder	placeholder	UI/Campaign UI/traits/icon_brave_fire.png	3k_main_opinion_topic_set_bravery_brave
3k_main_ceo_career_historical_yu_fan_ironic	3k_main_ceo_career_historical_yu_fan_ironic	0	placeholder	placeholder		
3k_main_ceo_career_historical_yu_mi	3k_main_ceo_career_historical_yu_mi	0	placeholder	placeholder		
3k_main_ceo_career_historical_yu_she_ironic	3k_main_ceo_career_historical_yu_she_ironic	0	placeholder	placeholder		
3k_main_ceo_career_historical_yu_zi_ironic	3k_main_ceo_career_historical_yu_zi_ironic	0	placeholder	placeholder		
3k_main_ceo_career_historical_yuan_ba_title	3k_main_ceo_career_historical_yuan_ba_title	0	placeholder	placeholder		
3k_main_ceo_career_historical_yuan_huan_unique	3k_main_ceo_career_historical_yuan_huan_unique	0	placeholder	placeholder		
3k_main_ceo_career_historical_yuan_hui_title	3k_main_ceo_career_historical_yuan_hui_title	0	placeholder	placeholder		
3k_main_ceo_career_historical_yuan_long	3k_main_ceo_career_historical_yuan_long	0	placeholder	placeholder		
3k_main_ceo_career_historical_yuan_min_title	3k_main_ceo_career_historical_yuan_min_title	0	placeholder	placeholder		
3k_main_ceo_career_historical_yuan_xi	3k_main_ceo_career_historical_yuan_xi	0	placeholder	placeholder		3k_main_opinion_topic_set_loyalty_fraternal
3k_main_ceo_career_historical_yuan_yao	3k_main_ceo_career_historical_yuan_yao	0	placeholder	placeholder	armours/3k_main_ancillary_earth_armour_unique.png	3k_main_opinion_topic_set_cruelty_cruel
3k_main_ceo_career_historical_yuan_yi_unique	3k_main_ceo_career_historical_yuan_yi_unique	0	placeholder	placeholder		
3k_main_ceo_career_historical_yuan_yin	3k_main_ceo_career_historical_yuan_yin	0	placeholder	placeholder	armours/3k_main_ancillary_earth_armour_unique.png	3k_main_opinion_topic_set_charisma_creative
3k_main_ceo_career_historical_yuan_yu	3k_main_ceo_career_historical_yuan_yu	0	placeholder	placeholder		
3k_main_ceo_career_historical_yuan_zhong_ironic	3k_main_ceo_career_historical_yuan_zhong_ironic	0	placeholder	placeholder		
3k_main_ceo_career_historical_yue_jiu	3k_main_ceo_career_historical_yue_jiu	0	placeholder	placeholder	armours/3k_main_ancillary_fire_armour_unique.png	3k_main_opinion_topic_set_determination_relentless
3k_main_ceo_career_historical_zang_ba	3k_main_ceo_career_historical_zang_ba	0	placeholder	placeholder	armours/3k_main_ancillary_metal_armour_unique.png	3k_dlc05_opinion_topic_set_vice_criminal
3k_main_ceo_career_historical_zang_hong	3k_main_ceo_career_historical_zang_hong	0	placeholder	placeholder	armours/3k_main_ancillary_fire_armour_unique.png	3k_main_opinion_topic_set_determination_defiant
3k_main_ceo_career_historical_zao_zhan	3k_main_ceo_career_historical_zao_zhan	0	placeholder	placeholder		
3k_main_ceo_career_historical_zao_zhi	3k_main_ceo_career_historical_zao_zhi	0	placeholder	placeholder	armours/3k_main_ancillary_wood_armour_unique.png	3k_main_opinion_topic_set_determination_obstinate
3k_main_ceo_career_historical_ze_bu	3k_main_ceo_career_historical_ze_bu	0	placeholder	placeholder	armours/3k_main_ancillary_water_armour_unique.png	3k_main_opinion_topic_set_strength_formidable
3k_main_ceo_career_historical_ze_yue	3k_main_ceo_career_historical_ze_yue	0	placeholder	placeholder	armours/3k_main_ancillary_metal_armour_unique.png	3k_main_opinion_topic_set_loyalty_fraternal
3k_main_ceo_career_historical_zhan_qiang	3k_main_ceo_career_historical_zhan_qiang	0	placeholder	placeholder		
3k_main_ceo_career_historical_zhang_chang_ironic	3k_main_ceo_career_historical_zhang_chang_ironic	0	placeholder	placeholder		
3k_main_ceo_career_historical_zhang_cheng	3k_main_ceo_career_historical_zhang_cheng	0	placeholder	placeholder	armours/3k_main_ancillary_water_armour_unique.png	3k_main_opinion_topic_set_intelligence_scholarly
3k_main_ceo_career_historical_zhang_cheng_ironic	3k_main_ceo_career_historical_zhang_cheng_ironic	0	placeholder	placeholder		
3k_main_ceo_career_historical_zhang_chi	3k_main_ceo_career_historical_zhang_chi	0	placeholder	placeholder		
3k_main_ceo_career_historical_zhang_cun_title_ironic	3k_main_ceo_career_historical_zhang_cun_title_ironic	0	placeholder	placeholder		
3k_main_ceo_career_historical_zhang_duo_ironic	3k_main_ceo_career_historical_zhang_duo_ironic	0	placeholder	placeholder		
3k_main_ceo_career_historical_zhang_gong	3k_main_ceo_career_historical_zhang_gong	0	placeholder	placeholder	armours/3k_main_ancillary_wood_armour_unique.png	3k_main_opinion_topic_set_determination_competitive
3k_main_ceo_career_historical_zhang_heng	3k_main_ceo_career_historical_zhang_heng	0	placeholder	placeholder		3k_main_opinion_topic_set_strength_tough
3k_main_ceo_career_historical_zhang_hu	3k_main_ceo_career_historical_zhang_hu	0	placeholder	placeholder	armours/3k_main_ancillary_water_armour_unique.png	3k_main_opinion_topic_set_determination_stubborn
3k_main_ceo_career_historical_zhang_ji_dong	3k_main_ceo_career_historical_zhang_ji_dong	0	placeholder	placeholder		3k_main_opinion_topic_set_vice_deceitful
3k_main_ceo_career_historical_zhang_jin	3k_main_ceo_career_historical_zhang_jin	0	placeholder	placeholder	armours/3k_main_ancillary_metal_armour_unique.png	3k_main_opinion_topic_set_charisma_charismatic
3k_main_ceo_career_historical_zhang_jin_nw	3k_main_ceo_career_historical_zhang_jin_nw	0	placeholder	placeholder		3k_main_opinion_topic_set_vice_arrogant
3k_main_ceo_career_historical_zhang_jing_title_ironic	3k_main_ceo_career_historical_zhang_jing_title_ironic	0	placeholder	placeholder		
3k_main_ceo_career_historical_zhang_lili_title	3k_main_ceo_career_historical_zhang_lili_title	0	placeholder	placeholder		
3k_main_ceo_career_historical_zhang_luo	3k_main_ceo_career_historical_zhang_luo	0	placeholder	placeholder		
3k_main_ceo_career_historical_zhang_luoluo_title	3k_main_ceo_career_historical_zhang_luoluo_title	0	placeholder	placeholder		
3k_main_ceo_career_historical_zhang_meimei_title	3k_main_ceo_career_historical_zhang_meimei_title	0	placeholder	placeholder		
3k_main_ceo_career_historical_zhang_meng	3k_main_ceo_career_historical_zhang_meng	0	placeholder	placeholder	armours/3k_main_ancillary_fire_armour_unique.png	3k_main_opinion_topic_set_vice_arrogant
3k_main_ceo_career_historical_zhang_miao	3k_main_ceo_career_historical_zhang_miao	0	placeholder	placeholder	armours/3k_main_ancillary_water_armour_unique.png	3k_main_opinion_topic_set_diplomatic_cordial
3k_main_ceo_career_historical_zhang_min_unique	3k_main_ceo_career_historical_zhang_min_unique	0	placeholder	placeholder		
3k_main_ceo_career_historical_zhang_nan	3k_main_ceo_career_historical_zhang_nan	0	placeholder	placeholder		
3k_main_ceo_career_historical_zhang_ni_title	3k_main_ceo_career_historical_zhang_ni_title	0	placeholder	placeholder		
3k_main_ceo_career_historical_zhang_ni_unique	3k_main_ceo_career_historical_zhang_ni_unique	0	placeholder	placeholder		
3k_main_ceo_career_historical_zhang_shuo	3k_main_ceo_career_historical_zhang_shuo	0	placeholder	placeholder		
3k_main_ceo_career_historical_zhang_song_unique	3k_main_ceo_career_historical_zhang_song_unique	0	placeholder	placeholder		
3k_main_ceo_career_historical_zhang_su_title	3k_main_ceo_career_historical_zhang_su_title	0	placeholder	placeholder		
3k_main_ceo_career_historical_zhang_tiansheng_title_ironic	3k_main_ceo_career_historical_zhang_tiansheng_title_ironic	0	placeholder	placeholder		
3k_main_ceo_career_historical_zhang_wu_title	3k_main_ceo_career_historical_zhang_wu_title	0	placeholder	placeholder		
3k_main_ceo_career_historical_zhang_xian	3k_main_ceo_career_historical_zhang_xian	0	placeholder	placeholder	armours/3k_main_ancillary_fire_armour_unique.png	3k_main_opinion_topic_set_charisma_charismatic
3k_main_ceo_career_historical_zhang_xiang_title_ironic	3k_main_ceo_career_historical_zhang_xiang_title_ironic	0	placeholder	placeholder		
3k_main_ceo_career_historical_zhang_xiu	3k_main_ceo_career_historical_zhang_xiu	0	placeholder	placeholder		3k_main_opinion_topic_set_intelligence_cunning
3k_main_ceo_career_historical_zhang_ya	3k_main_ceo_career_historical_zhang_ya	0	placeholder	placeholder		
3k_main_ceo_career_historical_zhang_yan_ironic	3k_main_ceo_career_historical_zhang_yan_ironic	0	placeholder	placeholder		
3k_main_ceo_career_historical_zhang_yanyan	3k_main_ceo_career_historical_zhang_yanyan	0	placeholder	placeholder		3k_main_opinion_topic_set_folly_suspicious
3k_main_ceo_career_historical_zhang_yi_lai_title_ironic	3k_main_ceo_career_historical_zhang_yi_lai_title_ironic	0	placeholder	placeholder		
3k_main_ceo_career_historical_zhang_yi_title	3k_main_ceo_career_historical_zhang_yi_title	0	placeholder	placeholder		
3k_main_ceo_career_historical_zhang_yi_unique	3k_main_ceo_career_historical_zhang_yi_unique	0	placeholder	placeholder		
3k_main_ceo_career_historical_zhang_ying	3k_main_ceo_career_historical_zhang_ying	0	placeholder	placeholder		
3k_main_ceo_career_historical_zhang_yu_title	3k_main_ceo_career_historical_zhang_yu_title	0	placeholder	placeholder		
3k_main_ceo_career_historical_zhang_yun	3k_main_ceo_career_historical_zhang_yun	0	placeholder	placeholder	armours/3k_main_ancillary_water_armour_unique.png	3k_main_opinion_topic_set_strength_tough
3k_main_ceo_career_historical_zhang_zhongjing_title_ironic	3k_main_ceo_career_historical_zhang_zhongjing_title_ironic	0	placeholder	placeholder		
3k_main_ceo_career_historical_zhao_ang	3k_main_ceo_career_historical_zhao_ang	0	placeholder	placeholder	armours/3k_main_ancillary_water_armour_unique.png	3k_main_opinion_topic_set_caution_cautious
3k_main_ceo_career_historical_zhao_bo_ytr	3k_main_ceo_career_historical_zhao_bo_ytr	0	placeholder	placeholder		3k_main_opinion_topic_set_debilitation_one_eyed
3k_main_ceo_career_historical_zhao_cen_ironic	3k_main_ceo_career_historical_zhao_cen_ironic	0	placeholder	placeholder		
3k_main_ceo_career_historical_zhao_da_ironic	3k_main_ceo_career_historical_zhao_da_ironic	0	placeholder	placeholder		
3k_main_ceo_career_historical_zhao_e	3k_main_ceo_career_historical_zhao_e	0	placeholder	placeholder	armours/3k_main_ancillary_metal_armour_unique.png	3k_main_opinion_topic_set_strength_strong
3k_main_ceo_career_historical_zhao_fan	3k_main_ceo_career_historical_zhao_fan	0	placeholder	placeholder	armours/3k_main_ancillary_water_armour_unique.png	3k_main_opinion_topic_set_diplomatic_cordial
3k_main_ceo_career_historical_zhao_lei_title	3k_main_ceo_career_historical_zhao_lei_title	0	placeholder	placeholder		
3k_main_ceo_career_historical_zhao_lingjing_title	3k_main_ceo_career_historical_zhao_lingjing_title	0	placeholder	placeholder		
3k_main_ceo_career_historical_zhao_shurou_title	3k_main_ceo_career_historical_zhao_shurou_title	0	placeholder	placeholder		
3k_main_ceo_career_historical_zhao_yu_ironic	3k_main_ceo_career_historical_zhao_yu_ironic	0	placeholder	placeholder		
3k_main_ceo_career_historical_zhao_yuanjiang_title	3k_main_ceo_career_historical_zhao_yuanjiang_title	0	placeholder	placeholder		
3k_main_ceo_career_historical_zheng_bao_ironic	3k_main_ceo_career_historical_zheng_bao_ironic	0	placeholder	placeholder		
3k_main_ceo_career_historical_zheng_du_title	3k_main_ceo_career_historical_zheng_du_title	0	placeholder	placeholder		
3k_main_ceo_career_historical_zheng_fei_ironic	3k_main_ceo_career_historical_zheng_fei_ironic	0	placeholder	placeholder		
3k_main_ceo_career_historical_zheng_hun	3k_main_ceo_career_historical_zheng_hun	0	placeholder	placeholder		
3k_main_ceo_career_historical_zheng_mao	3k_main_ceo_career_historical_zheng_mao	0	placeholder	placeholder		
3k_main_ceo_career_historical_zheng_tai	3k_main_ceo_career_historical_zheng_tai	0	placeholder	placeholder		
3k_main_ceo_career_historical_zheng_yan	3k_main_ceo_career_historical_zheng_yan	0	placeholder	placeholder	armours/3k_main_ancillary_earth_armour_unique.png	3k_main_opinion_topic_set_strength_formidable
3k_main_ceo_career_historical_zhongli_xu	3k_main_ceo_career_historical_zhongli_xu	0	placeholder	placeholder		
3k_main_ceo_career_historical_zhou_ang	3k_main_ceo_career_historical_zhou_ang	0	placeholder	placeholder	armours/3k_main_ancillary_earth_armour_unique.png	3k_main_opinion_topic_set_strength_strong
3k_main_ceo_career_historical_zhou_bo_ironic	3k_main_ceo_career_historical_zhou_bo_ironic	0	placeholder	placeholder		
3k_main_ceo_career_historical_zhou_cang	3k_main_ceo_career_historical_zhou_cang	0	placeholder	placeholder		
3k_main_ceo_career_historical_zhou_che_ironic	3k_main_ceo_career_historical_zhou_che_ironic	0	placeholder	placeholder		
3k_main_ceo_career_historical_zhou_gu_ironic	3k_main_ceo_career_historical_zhou_gu_ironic	0	placeholder	placeholder		
3k_main_ceo_career_historical_zhou_jing_title	3k_main_ceo_career_historical_zhou_jing_title	0	placeholder	placeholder		
3k_main_ceo_career_historical_zhou_qun_title	3k_main_ceo_career_historical_zhou_qun_title	0	placeholder	placeholder		
3k_main_ceo_career_historical_zhou_shan	3k_main_ceo_career_historical_zhou_shan	0	placeholder	placeholder		
3k_main_ceo_career_historical_zhou_shang_ironic	3k_main_ceo_career_historical_zhou_shang_ironic	0	placeholder	placeholder		
3k_main_ceo_career_historical_zhou_shu_ironic	3k_main_ceo_career_historical_zhou_shu_ironic	0	placeholder	placeholder		
3k_main_ceo_career_historical_zhou_xin	3k_main_ceo_career_historical_zhou_xin	0	placeholder	placeholder	armours/3k_main_ancillary_fire_armour_unique.png	3k_main_opinion_topic_set_determination_determined
3k_main_ceo_career_historical_zhou_ying_ironic	3k_main_ceo_career_historical_zhou_ying_ironic	0	placeholder	placeholder		
3k_main_ceo_career_historical_zhou_yu_renming	3k_main_ceo_career_historical_zhou_yu_renming	0	placeholder	placeholder		
3k_main_ceo_career_historical_zhu_en_ironic	3k_main_ceo_career_historical_zhu_en_ironic	0	placeholder	placeholder		
3k_main_ceo_career_historical_zhu_fu_unique	3k_main_ceo_career_historical_zhu_fu_unique	0	placeholder	placeholder		
3k_main_ceo_career_historical_zhu_han_ironic	3k_main_ceo_career_historical_zhu_han_ironic	0	placeholder	placeholder		
3k_main_ceo_career_historical_zhu_hao	3k_main_ceo_career_historical_zhu_hao	0	placeholder	placeholder	armours/3k_main_ancillary_water_armour_unique.png	3k_main_opinion_topic_set_determination_stubborn
3k_main_ceo_career_historical_zhu_huan_ironic	3k_main_ceo_career_historical_zhu_huan_ironic	0	placeholder	placeholder		
3k_main_ceo_career_historical_zhu_jun	3k_main_ceo_career_historical_zhu_jun	0	placeholder	placeholder		
3k_main_ceo_career_historical_zhu_lian_ironic	3k_main_ceo_career_historical_zhu_lian_ironic	0	placeholder	placeholder		
3k_main_ceo_career_historical_zhu_ling_ironic	3k_main_ceo_career_historical_zhu_ling_ironic	0	placeholder	placeholder		
3k_main_ceo_career_historical_zhu_liu_title_ironic	3k_main_ceo_career_historical_zhu_liu_title_ironic	0	placeholder	placeholder		
3k_main_ceo_career_historical_zhu_min_ironic	3k_main_ceo_career_historical_zhu_min_ironic	0	placeholder	placeholder		
3k_main_ceo_career_historical_zhu_ran	3k_main_ceo_career_historical_zhu_ran	0	placeholder	placeholder		
3k_main_ceo_career_historical_zhu_shulian_ironic	3k_main_ceo_career_historical_zhu_shulian_ironic	0	placeholder	placeholder		
3k_main_ceo_career_historical_zhu_zhi	3k_main_ceo_career_historical_zhu_zhi	0	placeholder	placeholder		
3k_main_ceo_career_historical_zhuang_zhen_ironic	3k_main_ceo_career_historical_zhuang_zhen_ironic	0	placeholder	placeholder		
3k_main_ceo_career_historical_zhuge_bin_ironic	3k_main_ceo_career_historical_zhuge_bin_ironic	0	placeholder	placeholder		
3k_main_ceo_career_historical_zhuge_dan_ironic	3k_main_ceo_career_historical_zhuge_dan_ironic	0	placeholder	placeholder		
3k_main_ceo_career_historical_zhuge_dan_ironic_fire	3k_main_ceo_career_historical_zhuge_dan_ironic_fire	0	placeholder	placeholder		
3k_main_ceo_career_historical_zhuge_fu_ironic	3k_main_ceo_career_historical_zhuge_fu_ironic	0	placeholder	placeholder		
3k_main_ceo_career_historical_zhuge_gan_ironic	3k_main_ceo_career_historical_zhuge_gan_ironic	0	placeholder	placeholder		
3k_main_ceo_career_historical_zhuge_guo_ironic	3k_main_ceo_career_historical_zhuge_guo_ironic	0	placeholder	placeholder		
3k_main_ceo_career_historical_zhuge_ji_ironic	3k_main_ceo_career_historical_zhuge_ji_ironic	0	placeholder	placeholder		
3k_main_ceo_career_historical_zhuge_jin_ironic	3k_main_ceo_career_historical_zhuge_jin_ironic	0	placeholder	placeholder		
3k_main_ceo_career_historical_zhuge_jun_ironic	3k_main_ceo_career_historical_zhuge_jun_ironic	0	placeholder	placeholder		
3k_main_ceo_career_historical_zhuge_ke	3k_main_ceo_career_historical_zhuge_ke	0	placeholder	placeholder		
3k_main_ceo_career_historical_zhuge_luo_ironic	3k_main_ceo_career_historical_zhuge_luo_ironic	0	placeholder	placeholder		
3k_main_ceo_career_historical_zhuge_pian_ironic	3k_main_ceo_career_historical_zhuge_pian_ironic	0	placeholder	placeholder		
3k_main_ceo_career_historical_zhuge_qiong_ironic	3k_main_ceo_career_historical_zhuge_qiong_ironic	0	placeholder	placeholder		
3k_main_ceo_career_historical_zhuge_xu_ironic	3k_main_ceo_career_historical_zhuge_xu_ironic	0	placeholder	placeholder		
3k_main_ceo_career_historical_zhuge_xuan	3k_main_ceo_career_historical_zhuge_xuan	0	placeholder	placeholder	armours/3k_main_ancillary_fire_armour_unique.png	3k_main_opinion_topic_set_intelligence_scholarly
3k_main_ceo_career_historical_zhuo_xiangyun_title	3k_main_ceo_career_historical_zhuo_xiangyun_title	0	placeholder	placeholder		
3k_main_ceo_career_historical_zhuo_ying_title_ironic	3k_main_ceo_career_historical_zhuo_ying_title_ironic	0	placeholder	placeholder		
3k_main_ceo_career_historical_zi_luan	3k_main_ceo_career_historical_zi_luan	0	placeholder	placeholder		
3k_main_ceo_career_historical_zong_bao_ironic	3k_main_ceo_career_historical_zong_bao_ironic	0	placeholder	placeholder		
3k_main_ceo_career_historical_zong_cheng	3k_main_ceo_career_historical_zong_cheng	0	placeholder	placeholder	armours/3k_main_ancillary_water_armour_unique.png	3k_main_opinion_topic_set_intelligence_scholarly
3k_main_ceo_career_historical_zou_dan_ironic	3k_main_ceo_career_historical_zou_dan_ironic	0	placeholder	placeholder		
3k_main_ceo_career_historical_zou_lin	3k_main_ceo_career_historical_zou_lin	0	placeholder	placeholder		
3k_main_ceo_career_historical_zou_lin_unique	3k_main_ceo_career_historical_zou_lin_unique	0	placeholder	placeholder		
3k_main_ceo_career_historical_zou_ta	3k_main_ceo_career_historical_zou_ta	0	placeholder	placeholder		
3k_main_ceo_career_historical_zu_cui	3k_main_ceo_career_historical_zu_cui	0	placeholder	placeholder		
3k_main_ceo_career_historical_zu_hong	3k_main_ceo_career_historical_zu_hong	0	placeholder	placeholder		
3k_main_ceo_career_historical_zu_lang	3k_main_ceo_career_historical_zu_lang	0	placeholder	placeholder		
3k_main_ceo_career_historical_zu_mao	3k_main_ceo_career_historical_zu_mao	0	placeholder	placeholder		
3k_main_ceo_career_historical_zu_mo	3k_main_ceo_career_historical_zu_mo	0	placeholder	placeholder		
3k_main_ceo_career_historical_zu_shan	3k_main_ceo_career_historical_zu_shan	0	placeholder	placeholder		
3k_main_ceo_career_historical_zu_si	3k_main_ceo_career_historical_zu_si	0	placeholder	placeholder		
3k_main_ceo_career_historical_zu_si_title_ironic	3k_main_ceo_career_historical_zu_si_title_ironic	0	placeholder	placeholder		
3k_main_ceo_career_historical_zu_ting	3k_main_ceo_career_historical_zu_ting	0	placeholder	placeholder		
3k_main_ceo_career_historical_zuo_chengxu_ironic	3k_main_ceo_career_historical_zuo_chengxu_ironic	0	placeholder	placeholder		
3k_main_ceo_career_historical_zuo_ci	3k_main_ceo_career_historical_zuo_ci	0	placeholder	placeholder	armours/3k_main_ancillary_water_armour_unique.png	3k_main_opinion_topic_set_folly_superstitious
3k_main_ceo_career_historical_zuo_xian_ironic	3k_main_ceo_career_historical_zuo_xian_ironic	0	placeholder	placeholder		
3k_main_ceo_career_historical_zuo_yu	3k_main_ceo_career_historical_zuo_yu	0	placeholder	placeholder		
3k_main_ceo_career_historical_zuozi_zhangba	3k_main_ceo_career_historical_zuozi_zhangba	0	placeholder	placeholder		
3k_main_ceo_equipment_permissions_armour_earth	3k_main_ceo_equipment_permissions_armour_earth	0	HIDDEN	HIDDEN		
3k_main_ceo_equipment_permissions_armour_fire	3k_main_ceo_equipment_permissions_armour_fire	0	HIDDEN	HIDDEN		
3k_main_ceo_equipment_permissions_armour_metal	3k_main_ceo_equipment_permissions_armour_metal	0	HIDDEN	HIDDEN		
3k_main_ceo_equipment_permissions_armour_unique	3k_main_ceo_equipment_permissions_armour_unique	0	HIDDEN	HIDDEN		
3k_main_ceo_equipment_permissions_armour_water	3k_main_ceo_equipment_permissions_armour_water	0	HIDDEN	HIDDEN		
3k_main_ceo_equipment_permissions_armour_wood	3k_main_ceo_equipment_permissions_armour_wood	0	HIDDEN	HIDDEN		
3k_main_ceo_equipment_permissions_weapons_all	3k_main_ceo_equipment_permissions_weapons_all	0	HIDDEN	HIDDEN		
3k_main_ceo_equipment_permissions_weapons_earth	3k_main_ceo_equipment_permissions_weapons_earth	0	HIDDEN	HIDDEN		
3k_main_ceo_equipment_permissions_weapons_fire	3k_main_ceo_equipment_permissions_weapons_fire	0	HIDDEN	HIDDEN		
3k_main_ceo_equipment_permissions_weapons_metal	3k_main_ceo_equipment_permissions_weapons_metal	0	HIDDEN	HIDDEN		
3k_main_ceo_equipment_permissions_weapons_water	3k_main_ceo_equipment_permissions_weapons_water	0	HIDDEN	HIDDEN		
3k_main_ceo_equipment_permissions_weapons_wood	3k_main_ceo_equipment_permissions_weapons_wood	0	HIDDEN	HIDDEN		
3k_main_ceo_liu_bei_unity_achieve_liu_bei_duel_00	empty_effects	0	Earning Experience	{{tr:3k_main_ceo_liu_bei_unity_achieve_liu_bei_duel}}	UI/ancillaries/path_to_unity/liu_bei_faction_feature_custom_ceo_icon_achieve_liu_bei_duel.png	
3k_main_ceo_liu_bei_unity_achieve_liu_bei_duel_01	3k_main_ceo_liu_bei_unity_achieve_liu_bei_duel	0	Earning Experience	{{tr:3k_main_ceo_liu_bei_unity_achieve_liu_bei_duel}}	UI/ancillaries/path_to_unity/liu_bei_faction_feature_custom_ceo_icon_achieve_liu_bei_duel.png	
3k_main_ceo_liu_bei_unity_achieve_liu_bei_settlement_00	empty_effects	0	Upstart Warlord	{{tr:3k_main_ceo_liu_bei_unity_achieve_liu_bei_settlement}}	UI/ancillaries/path_to_unity/liu_bei_faction_feature_custom_ceo_icon_achieve_liu_bei_settlement.png	
3k_main_ceo_liu_bei_unity_achieve_liu_bei_settlement_01	3k_main_ceo_liu_bei_unity_achieve_liu_bei_settlement	0	Upstart Warlord	{{tr:3k_main_ceo_liu_bei_unity_achieve_liu_bei_settlement}}	UI/ancillaries/path_to_unity/liu_bei_faction_feature_custom_ceo_icon_achieve_liu_bei_settlement.png	
3k_main_ceo_liu_bei_unity_defeat_cao_cao_00	empty_effects	0	{{tr:3k_main_startpos_label_cao_cao_header}}	{{tr:3k_main_ceo_liu_bei_unity_defeat_cao_cao}}	UI/ancillaries/path_to_unity/liu_bei_faction_feature_custom_ceo_icon_defeat_cao_cao.png	
3k_main_ceo_liu_bei_unity_defeat_cao_cao_01	3k_main_ceo_liu_bei_unity_defeat_cao_cao	0	{{tr:3k_main_startpos_label_cao_cao_header}}	{{tr:3k_main_ceo_liu_bei_unity_defeat_cao_cao}}	UI/ancillaries/path_to_unity/liu_bei_faction_feature_custom_ceo_icon_defeat_cao_cao.png	
3k_main_ceo_liu_bei_unity_defeat_lu_bu_00	empty_effects	0	{{tr:3k_main_startpos_label_lu_bu_header}}	{{tr:3k_main_ceo_liu_bei_unity_defeat_lu_bu}}	UI/ancillaries/path_to_unity/liu_bei_faction_feature_custom_ceo_icon_defeat_lu_bu.png	
3k_main_ceo_liu_bei_unity_defeat_lu_bu_01	3k_main_ceo_liu_bei_unity_defeat_lu_bu	0	{{tr:3k_main_startpos_label_lu_bu_header}}	{{tr:3k_main_ceo_liu_bei_unity_defeat_lu_bu}}	UI/ancillaries/path_to_unity/liu_bei_faction_feature_custom_ceo_icon_defeat_lu_bu.png	
3k_main_ceo_liu_bei_unity_recruit_high_level_gongsun_zan_00	empty_effects	0	{{tr:3k_main_startpos_label_gongsun_zan_header}}	{{tr:3k_main_ceo_liu_bei_unity_recruit_high_level_gongsun_zan}}	UI/ancillaries/path_to_unity/liu_bei_faction_feature_custom_ceo_icon_achieve_rank_gongsun_zan.png	
3k_main_ceo_liu_bei_unity_recruit_high_level_gongsun_zan_01	3k_main_ceo_liu_bei_unity_recruit_high_level_gongsun_zan	0	{{tr:3k_main_startpos_label_gongsun_zan_header}}	{{tr:3k_main_ceo_liu_bei_unity_recruit_high_level_gongsun_zan}}	UI/ancillaries/path_to_unity/liu_bei_faction_feature_custom_ceo_icon_achieve_rank_gongsun_zan.png	
3k_main_ceo_liu_bei_unity_recruit_high_level_guan_yu_00	empty_effects	0	{{tr:3k_main_startpos_label_guan_yu_header}}	{{tr:3k_main_ceo_liu_bei_unity_recruit_high_level_guan_yu}}	UI/ancillaries/path_to_unity/liu_bei_faction_feature_custom_ceo_icon_achieve_rank_guan_yu.png	
3k_main_ceo_liu_bei_unity_recruit_high_level_guan_yu_01	3k_main_ceo_liu_bei_unity_recruit_high_level_guan_yu	0	{{tr:3k_main_startpos_label_guan_yu_header}}	{{tr:3k_main_ceo_liu_bei_unity_recruit_high_level_guan_yu}}	UI/ancillaries/path_to_unity/liu_bei_faction_feature_custom_ceo_icon_achieve_rank_guan_yu.png	
3k_main_ceo_liu_bei_unity_recruit_high_level_huang_zhong_00	empty_effects	0	{{tr:3k_main_startpos_label_huang_zhong_header}}	{{tr:3k_main_ceo_liu_bei_unity_recruit_high_level_huang_zhong}}	UI/ancillaries/path_to_unity/liu_bei_faction_feature_custom_ceo_icon_achieve_rank_huang_zhong.png	
3k_main_ceo_liu_bei_unity_recruit_high_level_huang_zhong_01	3k_main_ceo_liu_bei_unity_recruit_high_level_huang_zhong	0	{{tr:3k_main_startpos_label_huang_zhong_header}}	{{tr:3k_main_ceo_liu_bei_unity_recruit_high_level_huang_zhong}}	UI/ancillaries/path_to_unity/liu_bei_faction_feature_custom_ceo_icon_achieve_rank_huang_zhong.png	
3k_main_ceo_liu_bei_unity_recruit_high_level_lady_mi_00	empty_effects	0	{{tr:3k_main_startpos_label_lady_mi_header}}	{{tr:3k_main_ceo_liu_bei_unity_recruit_high_level_lady_mi}}	UI/ancillaries/path_to_unity/liu_bei_faction_feature_custom_ceo_icon_achieve_rank_lady_mi.png	
3k_main_ceo_liu_bei_unity_recruit_high_level_lady_mi_01	3k_main_ceo_liu_bei_unity_recruit_high_level_lady_mi	0	{{tr:3k_main_startpos_label_lady_mi_header}}	{{tr:3k_main_ceo_liu_bei_unity_recruit_high_level_lady_mi}}	UI/ancillaries/path_to_unity/liu_bei_faction_feature_custom_ceo_icon_achieve_rank_lady_mi.png	
3k_main_ceo_liu_bei_unity_recruit_high_level_lady_sun_00	empty_effects	0	{{tr:3k_main_startpos_label_lady_sun_header}}	{{tr:3k_main_ceo_liu_bei_unity_recruit_high_level_lady_sun}}	UI/ancillaries/path_to_unity/liu_bei_faction_feature_custom_ceo_icon_achieve_rank_lady_sun.png	
3k_main_ceo_liu_bei_unity_recruit_high_level_lady_sun_01	3k_main_ceo_liu_bei_unity_recruit_high_level_lady_sun	0	{{tr:3k_main_startpos_label_lady_sun_header}}	{{tr:3k_main_ceo_liu_bei_unity_recruit_high_level_lady_sun}}	UI/ancillaries/path_to_unity/liu_bei_faction_feature_custom_ceo_icon_achieve_rank_lady_sun.png	
3k_main_ceo_liu_bei_unity_recruit_high_level_liu_bei_00	empty_effects	0	{{tr:3k_main_startpos_label_liu_bei_header}}	{{tr:3k_main_ceo_liu_bei_unity_recruit_high_level_liu_bei}}	UI/ancillaries/path_to_unity/liu_bei_faction_feature_custom_ceo_icon_achieve_rank_liu_bei.png	
3k_main_ceo_liu_bei_unity_recruit_high_level_liu_bei_01	3k_main_ceo_liu_bei_unity_recruit_high_level_liu_bei	0	{{tr:3k_main_startpos_label_liu_bei_header}}	{{tr:3k_main_ceo_liu_bei_unity_recruit_high_level_liu_bei}}	UI/ancillaries/path_to_unity/liu_bei_faction_feature_custom_ceo_icon_achieve_rank_liu_bei.png	
3k_main_ceo_liu_bei_unity_recruit_high_level_lu_zhi_00	empty_effects	0	{{tr:3k_main_startpos_label_lu_zhi_header}}	{{tr:3k_main_ceo_liu_bei_unity_recruit_high_level_lu_zhi}}	UI/ancillaries/path_to_unity/liu_bei_faction_feature_custom_ceo_icon_achieve_rank_lu_zhi.png	
3k_main_ceo_liu_bei_unity_recruit_high_level_lu_zhi_01	3k_main_ceo_liu_bei_unity_recruit_high_level_lu_zhi	0	{{tr:3k_main_startpos_label_lu_zhi_header}}	{{tr:3k_main_ceo_liu_bei_unity_recruit_high_level_lu_zhi}}	UI/ancillaries/path_to_unity/liu_bei_faction_feature_custom_ceo_icon_achieve_rank_lu_zhi.png	
3k_main_ceo_liu_bei_unity_recruit_high_level_ma_chao_00	empty_effects	0	{{tr:3k_main_startpos_label_ma_chao_header}}	{{tr:3k_main_ceo_liu_bei_unity_recruit_high_level_ma_chao}}	UI/ancillaries/path_to_unity/liu_bei_faction_feature_custom_ceo_icon_achieve_rank_ma_chao.png	
3k_main_ceo_liu_bei_unity_recruit_high_level_ma_chao_01	3k_main_ceo_liu_bei_unity_recruit_high_level_ma_chao	0	{{tr:3k_main_startpos_label_ma_chao_header}}	{{tr:3k_main_ceo_liu_bei_unity_recruit_high_level_ma_chao}}	UI/ancillaries/path_to_unity/liu_bei_faction_feature_custom_ceo_icon_achieve_rank_ma_chao.png	
3k_main_ceo_liu_bei_unity_recruit_high_level_pang_tong_00	empty_effects	0	{{tr:3k_main_startpos_label_pang_tong_header}}	{{tr:3k_main_ceo_liu_bei_unity_recruit_high_level_pang_tong}}	UI/ancillaries/path_to_unity/liu_bei_faction_feature_custom_ceo_icon_achieve_rank_pang_tong.png	
3k_main_ceo_liu_bei_unity_recruit_high_level_pang_tong_01	3k_main_ceo_liu_bei_unity_recruit_high_level_pang_tong	0	{{tr:3k_main_startpos_label_pang_tong_header}}	{{tr:3k_main_ceo_liu_bei_unity_recruit_high_level_pang_tong}}	UI/ancillaries/path_to_unity/liu_bei_faction_feature_custom_ceo_icon_achieve_rank_pang_tong.png	
3k_main_ceo_liu_bei_unity_recruit_high_level_wei_yan_00	empty_effects	0	{{tr:3k_main_startpos_label_wei_yan_header}}	{{tr:3k_main_ceo_liu_bei_unity_recruit_high_level_wei_yan}}	UI/ancillaries/path_to_unity/liu_bei_faction_feature_custom_ceo_icon_achieve_rank_wei_yan.png	
3k_main_ceo_liu_bei_unity_recruit_high_level_wei_yan_01	3k_main_ceo_liu_bei_unity_recruit_high_level_wei_yan	0	{{tr:3k_main_startpos_label_wei_yan_header}}	{{tr:3k_main_ceo_liu_bei_unity_recruit_high_level_wei_yan}}	UI/ancillaries/path_to_unity/liu_bei_faction_feature_custom_ceo_icon_achieve_rank_wei_yan.png	
3k_main_ceo_liu_bei_unity_recruit_high_level_zhang_fei_00	empty_effects	0	{{tr:3k_main_startpos_label_zhang_fei_header}}	{{tr:3k_main_ceo_liu_bei_unity_recruit_high_level_zhang_fei}}	UI/ancillaries/path_to_unity/liu_bei_faction_feature_custom_ceo_icon_achieve_rank_zhang_fei.png	
3k_main_ceo_liu_bei_unity_recruit_high_level_zhang_fei_01	3k_main_ceo_liu_bei_unity_recruit_high_level_zhang_fei	0	{{tr:3k_main_startpos_label_zhang_fei_header}}	{{tr:3k_main_ceo_liu_bei_unity_recruit_high_level_zhang_fei}}	UI/ancillaries/path_to_unity/liu_bei_faction_feature_custom_ceo_icon_achieve_rank_zhang_fei.png	
3k_main_ceo_liu_bei_unity_recruit_high_level_zhao_yun_00	empty_effects	0	{{tr:3k_main_startpos_label_zhao_yun_header}}	{{tr:3k_main_ceo_liu_bei_unity_recruit_high_level_zhao_yun}}	UI/ancillaries/path_to_unity/liu_bei_faction_feature_custom_ceo_icon_achieve_rank_zhao_yun.png	
3k_main_ceo_liu_bei_unity_recruit_high_level_zhao_yun_01	3k_main_ceo_liu_bei_unity_recruit_high_level_zhao_yun	0	{{tr:3k_main_startpos_label_zhao_yun_header}}	{{tr:3k_main_ceo_liu_bei_unity_recruit_high_level_zhao_yun}}	UI/ancillaries/path_to_unity/liu_bei_faction_feature_custom_ceo_icon_achieve_rank_zhao_yun.png	
3k_main_ceo_liu_bei_unity_recruit_high_level_zhuge_liang_00	empty_effects	0	{{tr:3k_main_startpos_label_zhuge_liang_header}}	{{tr:3k_main_ceo_liu_bei_unity_recruit_high_level_zhuge_liang}}	UI/ancillaries/path_to_unity/liu_bei_faction_feature_custom_ceo_icon_achieve_rank_zhuge_liang.png	
3k_main_ceo_liu_bei_unity_recruit_high_level_zhuge_liang_01	3k_main_ceo_liu_bei_unity_recruit_high_level_zhuge_liang	0	{{tr:3k_main_startpos_label_zhuge_liang_header}}	{{tr:3k_main_ceo_liu_bei_unity_recruit_high_level_zhuge_liang}}	UI/ancillaries/path_to_unity/liu_bei_faction_feature_custom_ceo_icon_achieve_rank_zhuge_liang.png	
3k_main_ceo_liu_bei_unity_secure_ba_capital_00	empty_effects	0	Jiangzhou	{{tr:3k_main_ceo_liu_bei_unity_secure_ba_capital}}	UI/ancillaries/path_to_unity/liu_bei_faction_feature_custom_ceo_icon_city_2.png	
3k_main_ceo_liu_bei_unity_secure_ba_capital_01	3k_main_ceo_liu_bei_unity_secure_ba_capital	0	Jiangzhou	{{tr:3k_main_ceo_liu_bei_unity_secure_ba_capital}}	UI/ancillaries/path_to_unity/liu_bei_faction_feature_custom_ceo_icon_city_2.png	
3k_main_ceo_liu_bei_unity_secure_ba_farm_00	empty_effects	0	Danqu	{{tr:3k_main_ceo_liu_bei_unity_secure_ba_farm}}	UI/ancillaries/path_to_unity/liu_bei_faction_feature_custom_ceo_icon_farm.png	
3k_main_ceo_liu_bei_unity_secure_ba_farm_01	3k_main_ceo_liu_bei_unity_secure_ba_farm	0	Danqu	{{tr:3k_main_ceo_liu_bei_unity_secure_ba_farm}}	UI/ancillaries/path_to_unity/liu_bei_faction_feature_custom_ceo_icon_farm.png	
3k_main_ceo_liu_bei_unity_secure_badong_capital_00	empty_effects	0	Yong'an	{{tr:3k_main_ceo_liu_bei_unity_secure_badong_capital}}	UI/ancillaries/path_to_unity/liu_bei_faction_feature_custom_ceo_icon_city_4.png	
3k_main_ceo_liu_bei_unity_secure_badong_capital_01	3k_main_ceo_liu_bei_unity_secure_badong_capital	0	Yong'an	{{tr:3k_main_ceo_liu_bei_unity_secure_badong_capital}}	UI/ancillaries/path_to_unity/liu_bei_faction_feature_custom_ceo_icon_city_4.png	
3k_main_ceo_liu_bei_unity_secure_badong_iron_mine_00	empty_effects	0	Quren	{{tr:3k_main_ceo_liu_bei_unity_secure_badong_iron_mine}}	UI/ancillaries/path_to_unity/liu_bei_faction_feature_custom_ceo_icon_iron.png	
3k_main_ceo_liu_bei_unity_secure_badong_iron_mine_01	3k_main_ceo_liu_bei_unity_secure_badong_iron_mine	0	Quren	{{tr:3k_main_ceo_liu_bei_unity_secure_badong_iron_mine}}	UI/ancillaries/path_to_unity/liu_bei_faction_feature_custom_ceo_icon_iron.png	
3k_main_ceo_liu_bei_unity_secure_badong_lumber_yard_00	empty_effects	0	Linyuan	{{tr:3k_main_ceo_liu_bei_unity_secure_badong_lumber_yard}}	UI/ancillaries/path_to_unity/liu_bei_faction_feature_custom_ceo_icon_lumber_yard.png	
3k_main_ceo_liu_bei_unity_secure_badong_lumber_yard_01	3k_main_ceo_liu_bei_unity_secure_badong_lumber_yard	0	Linyuan	{{tr:3k_main_ceo_liu_bei_unity_secure_badong_lumber_yard}}	UI/ancillaries/path_to_unity/liu_bei_faction_feature_custom_ceo_icon_lumber_yard.png	
3k_main_ceo_liu_bei_unity_secure_baxi_capital_00	empty_effects	0	Langzhong	{{tr:3k_main_ceo_liu_bei_unity_secure_baxi_capital}}	UI/ancillaries/path_to_unity/liu_bei_faction_feature_custom_ceo_icon_city_2.png	
3k_main_ceo_liu_bei_unity_secure_baxi_capital_01	3k_main_ceo_liu_bei_unity_secure_baxi_capital	0	Langzhong	{{tr:3k_main_ceo_liu_bei_unity_secure_baxi_capital}}	UI/ancillaries/path_to_unity/liu_bei_faction_feature_custom_ceo_icon_city_2.png	
3k_main_ceo_liu_bei_unity_secure_baxi_farm_00	empty_effects	0	Zitong	{{tr:3k_main_ceo_liu_bei_unity_secure_baxi_farm}}	UI/ancillaries/path_to_unity/liu_bei_faction_feature_custom_ceo_icon_farm.png	
3k_main_ceo_liu_bei_unity_secure_baxi_farm_01	3k_main_ceo_liu_bei_unity_secure_baxi_farm	0	Zitong	{{tr:3k_main_ceo_liu_bei_unity_secure_baxi_farm}}	UI/ancillaries/path_to_unity/liu_bei_faction_feature_custom_ceo_icon_farm.png	
3k_main_ceo_liu_bei_unity_secure_baxi_tool_maker_00	empty_effects	0	Hanchang	{{tr:3k_main_ceo_liu_bei_unity_secure_baxi_tool_maker}}	UI/ancillaries/path_to_unity/liu_bei_faction_feature_custom_ceo_icon_tool_maker.png	
3k_main_ceo_liu_bei_unity_secure_baxi_tool_maker_01	3k_main_ceo_liu_bei_unity_secure_baxi_tool_maker	0	Hanchang	{{tr:3k_main_ceo_liu_bei_unity_secure_baxi_tool_maker}}	UI/ancillaries/path_to_unity/liu_bei_faction_feature_custom_ceo_icon_tool_maker.png	
3k_main_ceo_liu_bei_unity_secure_donghai_capital_00	empty_effects	0	Tanxian	{{tr:3k_main_ceo_liu_bei_unity_secure_donghai_capital}}	UI/ancillaries/path_to_unity/liu_bei_faction_feature_custom_ceo_icon_city_4.png	
3k_main_ceo_liu_bei_unity_secure_donghai_capital_01	3k_main_ceo_liu_bei_unity_secure_donghai_capital	0	Tanxian	{{tr:3k_main_ceo_liu_bei_unity_secure_donghai_capital}}	UI/ancillaries/path_to_unity/liu_bei_faction_feature_custom_ceo_icon_city_4.png	
3k_main_ceo_liu_bei_unity_secure_donghai_fishing_port_00	empty_effects	0	Haixi	{{tr:3k_main_ceo_liu_bei_unity_secure_donghai_fishing_port}}	UI/ancillaries/path_to_unity/liu_bei_faction_feature_custom_ceo_icon_fish.png	
3k_main_ceo_liu_bei_unity_secure_donghai_fishing_port_01	3k_main_ceo_liu_bei_unity_secure_donghai_fishing_port	0	Haixi	{{tr:3k_main_ceo_liu_bei_unity_secure_donghai_fishing_port}}	UI/ancillaries/path_to_unity/liu_bei_faction_feature_custom_ceo_icon_fish.png	
3k_main_ceo_liu_bei_unity_secure_guangling_capital_00	empty_effects	0	Huaiyin	{{tr:3k_main_ceo_liu_bei_unity_secure_guangling_capital}}	UI/ancillaries/path_to_unity/liu_bei_faction_feature_custom_ceo_icon_city_2.png	
3k_main_ceo_liu_bei_unity_secure_guangling_capital_01	3k_main_ceo_liu_bei_unity_secure_guangling_capital	0	Huaiyin	{{tr:3k_main_ceo_liu_bei_unity_secure_guangling_capital}}	UI/ancillaries/path_to_unity/liu_bei_faction_feature_custom_ceo_icon_city_2.png	
3k_main_ceo_liu_bei_unity_secure_guangling_farm_00	empty_effects	0	Gaoyou	{{tr:3k_main_ceo_liu_bei_unity_secure_guangling_farm}}	UI/ancillaries/path_to_unity/liu_bei_faction_feature_custom_ceo_icon_farm.png	
3k_main_ceo_liu_bei_unity_secure_guangling_farm_01	3k_main_ceo_liu_bei_unity_secure_guangling_farm	0	Gaoyou	{{tr:3k_main_ceo_liu_bei_unity_secure_guangling_farm}}	UI/ancillaries/path_to_unity/liu_bei_faction_feature_custom_ceo_icon_farm.png	
3k_main_ceo_liu_bei_unity_secure_guangling_trade_port_00	empty_effects	0	Jiangdu	{{tr:3k_main_ceo_liu_bei_unity_secure_guangling_trade_port}}	UI/ancillaries/path_to_unity/liu_bei_faction_feature_custom_ceo_icon_trade_port.png	
3k_main_ceo_liu_bei_unity_secure_guangling_trade_port_01	3k_main_ceo_liu_bei_unity_secure_guangling_trade_port	0	Jiangdu	{{tr:3k_main_ceo_liu_bei_unity_secure_guangling_trade_port}}	UI/ancillaries/path_to_unity/liu_bei_faction_feature_custom_ceo_icon_trade_port.png	
3k_main_ceo_liu_bei_unity_secure_jiangxia_capital_00	empty_effects	0	Xiling	{{tr:3k_main_ceo_liu_bei_unity_secure_jiangxia_capital}}	UI/ancillaries/path_to_unity/liu_bei_faction_feature_custom_ceo_icon_city_4.png	
3k_main_ceo_liu_bei_unity_secure_jiangxia_capital_01	3k_main_ceo_liu_bei_unity_secure_jiangxia_capital	0	Xiling	{{tr:3k_main_ceo_liu_bei_unity_secure_jiangxia_capital}}	UI/ancillaries/path_to_unity/liu_bei_faction_feature_custom_ceo_icon_city_4.png	
3k_main_ceo_liu_bei_unity_secure_jiangxia_farm_00	empty_effects	0	Xiyang	{{tr:3k_main_ceo_liu_bei_unity_secure_jiangxia_farm}}	UI/ancillaries/path_to_unity/liu_bei_faction_feature_custom_ceo_icon_farm.png	
3k_main_ceo_liu_bei_unity_secure_jiangxia_farm_01	3k_main_ceo_liu_bei_unity_secure_jiangxia_farm	0	Xiyang	{{tr:3k_main_ceo_liu_bei_unity_secure_jiangxia_farm}}	UI/ancillaries/path_to_unity/liu_bei_faction_feature_custom_ceo_icon_farm.png	
3k_main_ceo_liu_bei_unity_secure_jingzhao_capital_00	empty_effects	0	Chang'an	{{tr:3k_main_ceo_liu_bei_unity_secure_jingzhao_capital}}	UI/ancillaries/path_to_unity/liu_bei_faction_feature_custom_ceo_icon_city_9.png	
3k_main_ceo_liu_bei_unity_secure_jingzhao_capital_01	3k_main_ceo_liu_bei_unity_secure_jingzhao_capital	0	Chang'an	{{tr:3k_main_ceo_liu_bei_unity_secure_jingzhao_capital}}	UI/ancillaries/path_to_unity/liu_bei_faction_feature_custom_ceo_icon_city_9.png	
3k_main_ceo_liu_bei_unity_secure_jingzhao_jade_mine_00	empty_effects	0	Lantian	{{tr:3k_main_ceo_liu_bei_unity_secure_jingzhao_jade_mine}}	UI/ancillaries/path_to_unity/liu_bei_faction_feature_custom_ceo_icon_jade.png	
3k_main_ceo_liu_bei_unity_secure_jingzhao_jade_mine_01	3k_main_ceo_liu_bei_unity_secure_jingzhao_jade_mine	0	Lantian	{{tr:3k_main_ceo_liu_bei_unity_secure_jingzhao_jade_mine}}	UI/ancillaries/path_to_unity/liu_bei_faction_feature_custom_ceo_icon_jade.png	
3k_main_ceo_liu_bei_unity_secure_langye_capital_00	empty_effects	0	Dongwu	{{tr:3k_main_ceo_liu_bei_unity_secure_langye_capital}}	UI/ancillaries/path_to_unity/liu_bei_faction_feature_custom_ceo_icon_city_4.png	
3k_main_ceo_liu_bei_unity_secure_langye_capital_01	3k_main_ceo_liu_bei_unity_secure_langye_capital	0	Dongwu	{{tr:3k_main_ceo_liu_bei_unity_secure_langye_capital}}	UI/ancillaries/path_to_unity/liu_bei_faction_feature_custom_ceo_icon_city_4.png	
3k_main_ceo_liu_bei_unity_secure_langye_fishing_port_00	empty_effects	0	Buji	{{tr:3k_main_ceo_liu_bei_unity_secure_langye_fishing_port}}	UI/ancillaries/path_to_unity/liu_bei_faction_feature_custom_ceo_icon_fish.png	
3k_main_ceo_liu_bei_unity_secure_langye_fishing_port_01	3k_main_ceo_liu_bei_unity_secure_langye_fishing_port	0	Buji	{{tr:3k_main_ceo_liu_bei_unity_secure_langye_fishing_port}}	UI/ancillaries/path_to_unity/liu_bei_faction_feature_custom_ceo_icon_fish.png	
3k_main_ceo_liu_bei_unity_secure_langye_lumber_yard_00	empty_effects	0	Kaiyang	{{tr:3k_main_ceo_liu_bei_unity_secure_langye_lumber_yard}}	UI/ancillaries/path_to_unity/liu_bei_faction_feature_custom_ceo_icon_lumber_yard.png	
3k_main_ceo_liu_bei_unity_secure_langye_lumber_yard_01	3k_main_ceo_liu_bei_unity_secure_langye_lumber_yard	0	Kaiyang	{{tr:3k_main_ceo_liu_bei_unity_secure_langye_lumber_yard}}	UI/ancillaries/path_to_unity/liu_bei_faction_feature_custom_ceo_icon_lumber_yard.png	
3k_main_ceo_liu_bei_unity_secure_luoyang_capital_00	empty_effects	0	Luoyang	{{tr:3k_main_ceo_liu_bei_unity_secure_luoyang_capital}}	UI/ancillaries/path_to_unity/liu_bei_faction_feature_custom_ceo_icon_city_10.png	
3k_main_ceo_liu_bei_unity_secure_luoyang_capital_01	3k_main_ceo_liu_bei_unity_secure_luoyang_capital	0	Luoyang	{{tr:3k_main_ceo_liu_bei_unity_secure_luoyang_capital}}	UI/ancillaries/path_to_unity/liu_bei_faction_feature_custom_ceo_icon_city_10.png	
3k_main_ceo_liu_bei_unity_secure_luoyang_trade_port_00	empty_effects	0	Hongnong	{{tr:3k_main_ceo_liu_bei_unity_secure_luoyang_trade_port}}	UI/ancillaries/path_to_unity/liu_bei_faction_feature_custom_ceo_icon_trade_port.png	
3k_main_ceo_liu_bei_unity_secure_luoyang_trade_port_01	3k_main_ceo_liu_bei_unity_secure_luoyang_trade_port	0	Hongnong	{{tr:3k_main_ceo_liu_bei_unity_secure_luoyang_trade_port}}	UI/ancillaries/path_to_unity/liu_bei_faction_feature_custom_ceo_icon_trade_port.png	
3k_main_ceo_liu_bei_unity_secure_nan_capital_00	empty_effects	0	Jiangling	{{tr:3k_main_ceo_liu_bei_unity_secure_nan_capital}}	UI/ancillaries/path_to_unity/liu_bei_faction_feature_custom_ceo_icon_city_2.png	
3k_main_ceo_liu_bei_unity_secure_nan_capital_01	3k_main_ceo_liu_bei_unity_secure_nan_capital	0	Jiangling	{{tr:3k_main_ceo_liu_bei_unity_secure_nan_capital}}	UI/ancillaries/path_to_unity/liu_bei_faction_feature_custom_ceo_icon_city_2.png	
3k_main_ceo_liu_bei_unity_secure_nan_livestock_00	empty_effects	0	Huarong	{{tr:3k_main_ceo_liu_bei_unity_secure_nan_livestock}}	UI/ancillaries/path_to_unity/liu_bei_faction_feature_custom_ceo_icon_livestock.png	
3k_main_ceo_liu_bei_unity_secure_nan_livestock_01	3k_main_ceo_liu_bei_unity_secure_nan_livestock	0	Huarong	{{tr:3k_main_ceo_liu_bei_unity_secure_nan_livestock}}	UI/ancillaries/path_to_unity/liu_bei_faction_feature_custom_ceo_icon_livestock.png	
3k_main_ceo_liu_bei_unity_secure_pengcheng_capital_00	empty_effects	0	Pengcheng	{{tr:3k_main_ceo_liu_bei_unity_secure_pengcheng_capital}}	UI/ancillaries/path_to_unity/liu_bei_faction_feature_custom_ceo_icon_city_2.png	
3k_main_ceo_liu_bei_unity_secure_pengcheng_capital_01	3k_main_ceo_liu_bei_unity_secure_pengcheng_capital	0	Pengcheng	{{tr:3k_main_ceo_liu_bei_unity_secure_pengcheng_capital}}	UI/ancillaries/path_to_unity/liu_bei_faction_feature_custom_ceo_icon_city_2.png	
3k_main_ceo_liu_bei_unity_secure_pengcheng_temple_00	empty_effects	0	Luxian	{{tr:3k_main_ceo_liu_bei_unity_secure_pengcheng_temple}}	UI/ancillaries/path_to_unity/liu_bei_faction_feature_custom_ceo_icon_temple.png	
3k_main_ceo_liu_bei_unity_secure_pengcheng_temple_01	3k_main_ceo_liu_bei_unity_secure_pengcheng_temple	0	Luxian	{{tr:3k_main_ceo_liu_bei_unity_secure_pengcheng_temple}}	UI/ancillaries/path_to_unity/liu_bei_faction_feature_custom_ceo_icon_temple.png	
3k_main_ceo_liu_bei_unity_secure_shu_armour_craftsmen_00	empty_effects	0	Hanjia	{{tr:3k_main_ceo_liu_bei_unity_secure_shu_armour_craftsmen}}	UI/ancillaries/path_to_unity/liu_bei_faction_feature_custom_ceo_icon_armour_craftsmen.png	
3k_main_ceo_liu_bei_unity_secure_shu_armour_craftsmen_01	3k_main_ceo_liu_bei_unity_secure_shu_armour_craftsmen	0	Hanjia	{{tr:3k_main_ceo_liu_bei_unity_secure_shu_armour_craftsmen}}	UI/ancillaries/path_to_unity/liu_bei_faction_feature_custom_ceo_icon_armour_craftsmen.png	
3k_main_ceo_liu_bei_unity_secure_shu_capital_00	empty_effects	0	Chengdu	{{tr:3k_main_ceo_liu_bei_unity_secure_shu_capital}}	UI/ancillaries/path_to_unity/liu_bei_faction_feature_custom_ceo_icon_city_4.png	
3k_main_ceo_liu_bei_unity_secure_shu_capital_01	3k_main_ceo_liu_bei_unity_secure_shu_capital	0	Chengdu	{{tr:3k_main_ceo_liu_bei_unity_secure_shu_capital}}	UI/ancillaries/path_to_unity/liu_bei_faction_feature_custom_ceo_icon_city_4.png	
3k_main_ceo_liu_bei_unity_secure_shu_farm_00	empty_effects	0	Luocheng	{{tr:3k_main_ceo_liu_bei_unity_secure_shu_farm}}	UI/ancillaries/path_to_unity/liu_bei_faction_feature_custom_ceo_icon_farm.png	
3k_main_ceo_liu_bei_unity_secure_shu_farm_01	3k_main_ceo_liu_bei_unity_secure_shu_farm	0	Luocheng	{{tr:3k_main_ceo_liu_bei_unity_secure_shu_farm}}	UI/ancillaries/path_to_unity/liu_bei_faction_feature_custom_ceo_icon_farm.png	
3k_main_ceo_liu_bei_unity_secure_shu_salt_mine_00	empty_effects	0	Zizhong	{{tr:3k_main_ceo_liu_bei_unity_secure_shu_salt_mine}}	UI/ancillaries/path_to_unity/liu_bei_faction_feature_custom_ceo_icon_salt.png	
3k_main_ceo_liu_bei_unity_secure_shu_salt_mine_01	3k_main_ceo_liu_bei_unity_secure_shu_salt_mine	0	Zizhong	{{tr:3k_main_ceo_liu_bei_unity_secure_shu_salt_mine}}	UI/ancillaries/path_to_unity/liu_bei_faction_feature_custom_ceo_icon_salt.png	
3k_main_ceo_liu_bei_unity_secure_xiangyang_capital_00	empty_effects	0	Xiangyang	{{tr:3k_main_ceo_liu_bei_unity_secure_xiangyang_capital}}	UI/ancillaries/path_to_unity/liu_bei_faction_feature_custom_ceo_icon_city_4.png	
3k_main_ceo_liu_bei_unity_secure_xiangyang_capital_01	3k_main_ceo_liu_bei_unity_secure_xiangyang_capital	0	Xiangyang	{{tr:3k_main_ceo_liu_bei_unity_secure_xiangyang_capital}}	UI/ancillaries/path_to_unity/liu_bei_faction_feature_custom_ceo_icon_city_4.png	
3k_main_ceo_liu_bei_unity_secure_xiangyang_tool_maker_00	empty_effects	0	Linju	{{tr:3k_main_ceo_liu_bei_unity_secure_xiangyang_tool_maker}}	UI/ancillaries/path_to_unity/liu_bei_faction_feature_custom_ceo_icon_tool_maker.png	
3k_main_ceo_liu_bei_unity_secure_xiangyang_tool_maker_01	3k_main_ceo_liu_bei_unity_secure_xiangyang_tool_maker	0	Linju	{{tr:3k_main_ceo_liu_bei_unity_secure_xiangyang_tool_maker}}	UI/ancillaries/path_to_unity/liu_bei_faction_feature_custom_ceo_icon_tool_maker.png	
3k_main_ceo_liu_bei_unity_secure_xiapi_capital_00	empty_effects	0	Xiapi	{{tr:3k_main_ceo_liu_bei_unity_secure_xiapi_capital}}	UI/ancillaries/path_to_unity/liu_bei_faction_feature_custom_ceo_icon_city_2.png	
3k_main_ceo_liu_bei_unity_secure_xiapi_capital_01	3k_main_ceo_liu_bei_unity_secure_xiapi_capital	0	Xiapi	{{tr:3k_main_ceo_liu_bei_unity_secure_xiapi_capital}}	UI/ancillaries/path_to_unity/liu_bei_faction_feature_custom_ceo_icon_city_2.png	
3k_main_ceo_liu_bei_unity_secure_xiapi_farm_00	empty_effects	0	Xuexian	{{tr:3k_main_ceo_liu_bei_unity_secure_xiapi_farm}}	UI/ancillaries/path_to_unity/liu_bei_faction_feature_custom_ceo_icon_farm.png	
3k_main_ceo_liu_bei_unity_secure_xiapi_farm_01	3k_main_ceo_liu_bei_unity_secure_xiapi_farm	0	Xuexian	{{tr:3k_main_ceo_liu_bei_unity_secure_xiapi_farm}}	UI/ancillaries/path_to_unity/liu_bei_faction_feature_custom_ceo_icon_farm.png	
3k_main_ceo_liu_yu_00_han_capital_changan	empty_effects	0	placeholder	placeholder	UI/ancillaries/path_to_unity/liu_bei_faction_feature_custom_ceo_icon_city_2.png	
3k_main_ceo_liu_yu_00_han_capital_luoyang	empty_effects	0	placeholder	placeholder	UI/ancillaries/path_to_unity/liu_bei_faction_feature_custom_ceo_icon_city_2.png	
3k_main_ceo_liu_yu_00_han_capital_penchang	empty_effects	0	placeholder	placeholder	UI/ancillaries/path_to_unity/liu_bei_faction_feature_custom_ceo_icon_city_2.png	
3k_main_ceo_liu_yu_00_han_capital_weijun	empty_effects	0	placeholder	placeholder	UI/ancillaries/path_to_unity/liu_bei_faction_feature_custom_ceo_icon_city_2.png	
3k_main_ceo_liu_yu_00_han_capital_yingchuan	empty_effects	0	placeholder	placeholder	UI/ancillaries/path_to_unity/liu_bei_faction_feature_custom_ceo_icon_city_2.png	
3k_main_ceo_liu_yu_00_han_character_liu_he	empty_effects	0	placeholder	placeholder	UI/ancillaries/path_to_unity/liu_bei_faction_feature_custom_ceo_icon_city_2.png	
3k_main_ceo_liu_yu_00_han_character_liu_xie	empty_effects	0	placeholder	placeholder	ui/ancillaries/armours/3k_dlc07_ancillary_armour_emperor_xian_armour_unique.png	
3k_main_ceo_liu_yu_00_han_character_liu_yu_00	empty_effects	0	placeholder	placeholder	UI/ancillaries/path_to_unity/liu_bei_faction_feature_custom_ceo_icon_city_2.png	
3k_main_ceo_liu_yu_00_han_character_tian_chou	empty_effects	0	placeholder	placeholder	UI/ancillaries/path_to_unity/liu_bei_faction_feature_custom_ceo_icon_city_2.png	
3k_main_ceo_liu_yu_00_han_character_wei_you	empty_effects	0	placeholder	placeholder	UI/ancillaries/path_to_unity/liu_bei_faction_feature_custom_ceo_icon_city_2.png	
3k_main_ceo_liu_yu_00_han_character_xianyu_fu	empty_effects	0	placeholder	placeholder	UI/ancillaries/path_to_unity/liu_bei_faction_feature_custom_ceo_icon_city_2.png	
3k_main_ceo_liu_yu_00_han_character_xianyu_yin	empty_effects	0	placeholder	placeholder	UI/ancillaries/path_to_unity/liu_bei_faction_feature_custom_ceo_icon_city_2.png	
3k_main_ceo_liu_yu_00_tribal_character_huchuquan	empty_effects	0	placeholder	placeholder	ui/ancillaries/armours/3k_puzzle_ancillary_high_skies.png	
3k_main_ceo_liu_yu_00_tribal_character_liu_bao	empty_effects	0	placeholder	placeholder	UI/ancillaries/path_to_unity/liu_bei_faction_feature_custom_ceo_icon_city_2.png	
3k_main_ceo_liu_yu_00_tribal_character_qubei	empty_effects	0	placeholder	placeholder	UI/ancillaries/path_to_unity/liu_bei_faction_feature_custom_ceo_icon_city_2.png	
3k_main_ceo_liu_yu_00_tribal_character_recruit_nanlou	empty_effects	0	placeholder	placeholder	UI/ancillaries/path_to_unity/liu_bei_faction_feature_custom_ceo_icon_city_2.png	
3k_main_ceo_liu_yu_00_tribal_character_recruit_qiulijiu	empty_effects	0	placeholder	placeholder	UI/ancillaries/path_to_unity/liu_bei_faction_feature_custom_ceo_icon_city_2.png	
3k_main_ceo_liu_yu_00_tribal_character_recruit_supuyuan	empty_effects	0	placeholder	placeholder	UI/ancillaries/path_to_unity/liu_bei_faction_feature_custom_ceo_icon_city_2.png	
3k_main_ceo_liu_yu_00_tribal_character_recruit_tadun	empty_effects	0	placeholder	placeholder	UI/ancillaries/path_to_unity/liu_bei_faction_feature_custom_ceo_icon_city_2.png	
3k_main_ceo_liu_yu_00_tribal_character_recruit_wuyan	empty_effects	0	placeholder	placeholder	UI/ancillaries/path_to_unity/liu_bei_faction_feature_custom_ceo_icon_city_2.png	
3k_main_ceo_liu_yu_00_tribal_character_yufuluo	empty_effects	0	placeholder	placeholder	UI/ancillaries/path_to_unity/liu_bei_faction_feature_custom_ceo_icon_city_2.png	
3k_main_ceo_liu_yu_00_tribal_region_canluan	empty_effects	0	placeholder	placeholder	UI/ancillaries/path_to_unity/liu_bei_faction_feature_custom_ceo_icon_city_2.png	
3k_main_ceo_liu_yu_00_tribal_region_daijun_horse	empty_effects	0	placeholder	placeholder	UI/ancillaries/path_to_unity/liu_bei_faction_feature_custom_ceo_icon_city_2.png	
3k_main_ceo_liu_yu_00_tribal_region_guangyuan_iron	empty_effects	0	placeholder	placeholder	UI/ancillaries/path_to_unity/liu_bei_faction_feature_custom_ceo_icon_city_2.png	
3k_main_ceo_liu_yu_00_tribal_region_guzang	empty_effects	0	placeholder	placeholder	UI/ancillaries/path_to_unity/liu_bei_faction_feature_custom_ceo_icon_city_2.png	
3k_main_ceo_liu_yu_00_tribal_region_hanchang	empty_effects	0	placeholder	placeholder	UI/ancillaries/path_to_unity/liu_bei_faction_feature_custom_ceo_icon_city_2.png	
3k_main_ceo_liu_yu_00_tribal_region_hyunto_resource	empty_effects	0	placeholder	placeholder	UI/ancillaries/path_to_unity/liu_bei_faction_feature_custom_ceo_icon_city_2.png	
3k_main_ceo_liu_yu_00_tribal_region_jincheng	empty_effects	0	placeholder	placeholder	UI/ancillaries/path_to_unity/liu_bei_faction_feature_custom_ceo_icon_city_2.png	
3k_main_ceo_liu_yu_00_tribal_region_liaodong_xuantu	empty_effects	0	placeholder	placeholder	UI/ancillaries/path_to_unity/liu_bei_faction_feature_custom_ceo_icon_city_2.png	
3k_main_ceo_liu_yu_00_tribal_region_liaoxi_capital	empty_effects	0	placeholder	placeholder	UI/ancillaries/path_to_unity/liu_bei_faction_feature_custom_ceo_icon_city_2.png	
3k_main_ceo_liu_yu_00_tribal_region_liaoxi_tool	empty_effects	0	placeholder	placeholder	UI/ancillaries/path_to_unity/liu_bei_faction_feature_custom_ceo_icon_city_2.png	
3k_main_ceo_liu_yu_00_tribal_region_lingzhou	empty_effects	0	placeholder	placeholder	UI/ancillaries/path_to_unity/liu_bei_faction_feature_custom_ceo_icon_city_2.png	
3k_main_ceo_liu_yu_00_tribal_region_nanzheng	empty_effects	0	placeholder	placeholder	UI/ancillaries/path_to_unity/liu_bei_faction_feature_custom_ceo_icon_city_2.png	
3k_main_ceo_liu_yu_00_tribal_region_sanshui	empty_effects	0	placeholder	placeholder	UI/ancillaries/path_to_unity/liu_bei_faction_feature_custom_ceo_icon_city_2.png	
3k_main_ceo_liu_yu_00_tribal_region_shanggui	empty_effects	0	placeholder	placeholder	UI/ancillaries/path_to_unity/liu_bei_faction_feature_custom_ceo_icon_city_2.png	
3k_main_ceo_liu_yu_00_tribal_region_sheyan	empty_effects	0	placeholder	placeholder	UI/ancillaries/path_to_unity/liu_bei_faction_feature_custom_ceo_icon_city_2.png	
3k_main_ceo_liu_yu_00_tribal_region_shuofang_captial	empty_effects	0	placeholder	placeholder	UI/ancillaries/path_to_unity/liu_bei_faction_feature_custom_ceo_icon_city_2.png	
3k_main_ceo_liu_yu_00_tribal_region_shuofang_horse_tamer	empty_effects	0	placeholder	placeholder	UI/ancillaries/path_to_unity/liu_bei_faction_feature_custom_ceo_icon_city_2.png	
3k_main_ceo_liu_yu_00_tribal_region_shuofang_horses	empty_effects	0	placeholder	placeholder	UI/ancillaries/path_to_unity/liu_bei_faction_feature_custom_ceo_icon_city_2.png	
3k_main_ceo_liu_yu_00_tribal_region_tianshui	empty_effects	0	placeholder	placeholder	UI/ancillaries/path_to_unity/liu_bei_faction_feature_custom_ceo_icon_city_2.png	
3k_main_ceo_liu_yu_00_tribal_region_wuyuan_capital	empty_effects	0	placeholder	placeholder	UI/ancillaries/path_to_unity/liu_bei_faction_feature_custom_ceo_icon_city_2.png	
3k_main_ceo_liu_yu_00_tribal_region_wuyuan_farm	empty_effects	0	placeholder	placeholder	UI/ancillaries/path_to_unity/liu_bei_faction_feature_custom_ceo_icon_city_2.png	
3k_main_ceo_liu_yu_00_tribal_region_xiabian	empty_effects	0	placeholder	placeholder	UI/ancillaries/path_to_unity/liu_bei_faction_feature_custom_ceo_icon_city_2.png	
3k_main_ceo_liu_yu_00_tribal_region_xihe_capital	empty_effects	0	placeholder	placeholder	UI/ancillaries/path_to_unity/liu_bei_faction_feature_custom_ceo_icon_city_2.png	
3k_main_ceo_liu_yu_00_tribal_region_xihe_fishing_port	empty_effects	0	placeholder	placeholder	UI/ancillaries/path_to_unity/liu_bei_faction_feature_custom_ceo_icon_city_2.png	
3k_main_ceo_liu_yu_00_tribal_region_xiutu	empty_effects	0	placeholder	placeholder	UI/ancillaries/path_to_unity/liu_bei_faction_feature_custom_ceo_icon_city_2.png	
3k_main_ceo_liu_yu_00_tribal_region_yinping	empty_effects	0	placeholder	placeholder	UI/ancillaries/path_to_unity/liu_bei_faction_feature_custom_ceo_icon_city_2.png	
3k_main_ceo_liu_yu_00_tribal_region_youbeiping_capital	empty_effects	0	placeholder	placeholder	UI/ancillaries/path_to_unity/liu_bei_faction_feature_custom_ceo_icon_city_2.png	
3k_main_ceo_liu_yu_00_tribal_region_youbeiping_trade_port	empty_effects	0	placeholder	placeholder	UI/ancillaries/path_to_unity/liu_bei_faction_feature_custom_ceo_icon_city_2.png	
3k_main_ceo_liu_yu_00_tribal_region_zhanyin	empty_effects	0	placeholder	placeholder	UI/ancillaries/path_to_unity/liu_bei_faction_feature_custom_ceo_icon_city_2.png	
3k_main_ceo_liu_yu_00_tribal_region_zitong	empty_effects	0	placeholder	placeholder	UI/ancillaries/path_to_unity/liu_bei_faction_feature_custom_ceo_icon_city_2.png	
3k_main_ceo_liu_yu_han_00_character_yan_rou	empty_effects	0	placeholder	placeholder	UI/ancillaries/path_to_unity/liu_bei_faction_feature_custom_ceo_icon_city_2.png	
3k_main_ceo_liu_yu_han_capital_changan	3k_main_ceo_liu_yu_han_capital_changan	0	Changan	[[tr:3k_main_ceo_liu_yu_han_capital_changan}}	UI/ancillaries/path_to_unity/liu_bei_faction_feature_custom_ceo_icon_city_2.png	
3k_main_ceo_liu_yu_han_capital_luoyang	3k_main_ceo_liu_yu_han_capital_luoyang	0	Luoyang	[[tr:3k_main_ceo_liu_yu_han_capital_luoyang}}	UI/ancillaries/path_to_unity/liu_bei_faction_feature_custom_ceo_icon_city_2.png	
3k_main_ceo_liu_yu_han_capital_penchang	3k_main_ceo_liu_yu_han_capital_penchang	0	Penchang	[[tr:3k_main_ceo_liu_yu_han_capital_penchang}}	UI/ancillaries/path_to_unity/liu_bei_faction_feature_custom_ceo_icon_city_2.png	
3k_main_ceo_liu_yu_han_capital_weijun	3k_main_ceo_liu_yu_han_capital_weijun	0	Wei	[[tr:3k_main_ceo_liu_yu_han_capital_weijun}}	UI/ancillaries/path_to_unity/liu_bei_faction_feature_custom_ceo_icon_city_2.png	
3k_main_ceo_liu_yu_han_capital_yingchuan	3k_main_ceo_liu_yu_han_capital_yingchuan	0	Yingchuan	[[tr:3k_main_ceo_liu_yu_han_capital_yingchuan}}	UI/ancillaries/path_to_unity/liu_bei_faction_feature_custom_ceo_icon_city_2.png	
3k_main_ceo_liu_yu_han_character_liu_he	3k_main_ceo_liu_yu_han_character_liu_he	0	Liu He	[[tr:3k_main_ceo_liu_yu_han_character_liu_he}}	UI/ancillaries/path_to_unity/liu_bei_faction_feature_custom_ceo_icon_city_2.png	
3k_main_ceo_liu_yu_han_character_liu_xie	3k_main_ceo_liu_yu_han_character_liu_xie	0	Liu Xie	[[tr:3k_main_ceo_liu_yu_han_character_liu_xie}}	ui/ancillaries/armours/3k_dlc07_ancillary_armour_emperor_xian_armour_unique.png	
3k_main_ceo_liu_yu_han_character_liu_yu	3k_main_ceo_liu_yu_han_character_liu_yu	0	Liu Yu	[[tr:3k_main_ceo_liu_yu_han_character_liu_yu}}	UI/ancillaries/path_to_unity/liu_bei_faction_feature_custom_ceo_icon_city_2.png	
3k_main_ceo_liu_yu_han_character_tian_chou	3k_main_ceo_liu_yu_han_character_tian_chou	0	Tian Chou	[[tr:3k_main_ceo_liu_yu_han_character_tian_chou}}	UI/ancillaries/path_to_unity/liu_bei_faction_feature_custom_ceo_icon_city_2.png	
3k_main_ceo_liu_yu_han_character_wei_you	3k_main_ceo_liu_yu_han_character_wei_you	0	Wei You	[[tr:3k_main_ceo_liu_yu_han_character_wei_you}}	UI/ancillaries/path_to_unity/liu_bei_faction_feature_custom_ceo_icon_city_2.png	
3k_main_ceo_liu_yu_han_character_xianyu_fu	3k_main_ceo_liu_yu_han_character_xianyu_fu	0	Xianyu Fu	[[tr:3k_main_ceo_liu_yu_han_character_xianyu_fu}}	UI/ancillaries/path_to_unity/liu_bei_faction_feature_custom_ceo_icon_city_2.png	
3k_main_ceo_liu_yu_han_character_xianyu_yin	3k_main_ceo_liu_yu_han_character_xianyu_yin	0	Xianyu Yin	[[tr:3k_main_ceo_liu_yu_han_character_xianyu_yin}}	UI/ancillaries/path_to_unity/liu_bei_faction_feature_custom_ceo_icon_city_2.png	
3k_main_ceo_liu_yu_han_character_yan_rou	3k_main_ceo_liu_yu_han_character_yan_rou	0	placeholder	placeholder	UI/ancillaries/path_to_unity/liu_bei_faction_feature_custom_ceo_icon_city_2.png	
3k_main_ceo_liu_yu_tribal_00_character_agui	empty_effects	0	placeholder	placeholder	UI/ancillaries/path_to_unity/liu_bei_faction_feature_custom_ceo_icon_city_2.png	
3k_main_ceo_liu_yu_tribal_00_character_dou_mao	empty_effects	0	placeholder	placeholder	UI/ancillaries/path_to_unity/liu_bei_faction_feature_custom_ceo_icon_city_2.png	
3k_main_ceo_liu_yu_tribal_00_character_fan_chou	empty_effects	0	placeholder	placeholder	UI/ancillaries/path_to_unity/liu_bei_faction_feature_custom_ceo_icon_city_2.png	
3k_main_ceo_liu_yu_tribal_00_character_guo_si	empty_effects	0	placeholder	placeholder	UI/ancillaries/path_to_unity/liu_bei_faction_feature_custom_ceo_icon_city_2.png	
3k_main_ceo_liu_yu_tribal_00_character_han_sui	empty_effects	0	placeholder	placeholder	UI/ancillaries/path_to_unity/liu_bei_faction_feature_custom_ceo_icon_city_2.png	
3k_main_ceo_liu_yu_tribal_00_character_kuitou	empty_effects	0	placeholder	placeholder	UI/ancillaries/path_to_unity/liu_bei_faction_feature_custom_ceo_icon_city_2.png	
3k_main_ceo_liu_yu_tribal_00_character_li_jue	empty_effects	0	placeholder	placeholder	UI/ancillaries/path_to_unity/liu_bei_faction_feature_custom_ceo_icon_city_2.png	
3k_main_ceo_liu_yu_tribal_00_character_ma_chao	empty_effects	0	placeholder	placeholder	UI/ancillaries/path_to_unity/liu_bei_faction_feature_custom_ceo_icon_city_2.png	
3k_main_ceo_liu_yu_tribal_00_character_ma_teng	empty_effects	0	placeholder	placeholder	UI/ancillaries/path_to_unity/liu_bei_faction_feature_custom_ceo_icon_city_2.png	
3k_main_ceo_liu_yu_tribal_00_character_qiang_duan	empty_effects	0	placeholder	placeholder	UI/ancillaries/path_to_unity/liu_bei_faction_feature_custom_ceo_icon_city_2.png	
3k_main_ceo_liu_yu_tribal_00_character_qianman	empty_effects	0	placeholder	placeholder	UI/ancillaries/path_to_unity/liu_bei_faction_feature_custom_ceo_icon_city_2.png	
3k_main_ceo_liu_yu_tribal_00_character_song_jian	empty_effects	0	placeholder	placeholder	UI/ancillaries/path_to_unity/liu_bei_faction_feature_custom_ceo_icon_city_2.png	
3k_main_ceo_liu_yu_tribal_00_character_tufa_pigu	empty_effects	0	placeholder	placeholder	UI/ancillaries/path_to_unity/liu_bei_faction_feature_custom_ceo_icon_city_2.png	
3k_main_ceo_liu_yu_tribal_00_character_tuoba_jiefan	empty_effects	0	placeholder	placeholder	UI/ancillaries/path_to_unity/liu_bei_faction_feature_custom_ceo_icon_city_2.png	
3k_main_ceo_liu_yu_tribal_00_character_tuoba_liwei	empty_effects	0	placeholder	placeholder	UI/ancillaries/path_to_unity/liu_bei_faction_feature_custom_ceo_icon_city_2.png	
3k_main_ceo_liu_yu_tribal_00_character_yang_qianwan	empty_effects	0	placeholder	placeholder	UI/ancillaries/path_to_unity/liu_bei_faction_feature_custom_ceo_icon_city_2.png	
3k_main_ceo_liu_yu_tribal_00_character_zhang_ji	empty_effects	0	placeholder	placeholder	UI/ancillaries/path_to_unity/liu_bei_faction_feature_custom_ceo_icon_city_2.png	
3k_main_ceo_liu_yu_tribal_character_agui	3k_main_ceo_liu_yu_tribal_character_agui	0	placeholder	placeholder	UI/ancillaries/path_to_unity/liu_bei_faction_feature_custom_ceo_icon_city_2.png	
3k_main_ceo_liu_yu_tribal_character_dou_mao	3k_main_ceo_liu_yu_tribal_character_dou_mao	0	placeholder	placeholder	UI/ancillaries/path_to_unity/liu_bei_faction_feature_custom_ceo_icon_city_2.png	
3k_main_ceo_liu_yu_tribal_character_fan_chou	3k_main_ceo_liu_yu_tribal_character_fan_chou	0	placeholder	placeholder	UI/ancillaries/path_to_unity/liu_bei_faction_feature_custom_ceo_icon_city_2.png	
3k_main_ceo_liu_yu_tribal_character_guo_si	3k_main_ceo_liu_yu_tribal_character_guo_si	0	placeholder	placeholder	UI/ancillaries/path_to_unity/liu_bei_faction_feature_custom_ceo_icon_city_2.png	
3k_main_ceo_liu_yu_tribal_character_han_sui	3k_main_ceo_liu_yu_tribal_character_han_sui	0	placeholder	placeholder	UI/ancillaries/path_to_unity/liu_bei_faction_feature_custom_ceo_icon_city_2.png	
3k_main_ceo_liu_yu_tribal_character_huchuquan	3k_main_ceo_liu_yu_tribal_character_huchuquan	0	Huchuquan	[[tr:3k_main_ceo_liu_yu_tribal_character_huchuquan}}	ui/ancillaries/armours/3k_puzzle_ancillary_high_skies.png	
3k_main_ceo_liu_yu_tribal_character_kuitou	3k_main_ceo_liu_yu_tribal_character_kuitou	0	placeholder	placeholder	UI/ancillaries/path_to_unity/liu_bei_faction_feature_custom_ceo_icon_city_2.png	
3k_main_ceo_liu_yu_tribal_character_li_jue	3k_main_ceo_liu_yu_tribal_character_li_jue	0	placeholder	placeholder	UI/ancillaries/path_to_unity/liu_bei_faction_feature_custom_ceo_icon_city_2.png	
3k_main_ceo_liu_yu_tribal_character_liu_bao	3k_main_ceo_liu_yu_tribal_character_liu_bao	0	Liu Bao	[[tr:3k_main_ceo_liu_yu_tribal_character_liu_bao}}	UI/ancillaries/path_to_unity/liu_bei_faction_feature_custom_ceo_icon_city_2.png	
3k_main_ceo_liu_yu_tribal_character_ma_chao	3k_main_ceo_liu_yu_tribal_character_ma_chao	0	placeholder	placeholder	UI/ancillaries/path_to_unity/liu_bei_faction_feature_custom_ceo_icon_city_2.png	
3k_main_ceo_liu_yu_tribal_character_ma_teng	3k_main_ceo_liu_yu_tribal_character_ma_teng	0	placeholder	placeholder	UI/ancillaries/path_to_unity/liu_bei_faction_feature_custom_ceo_icon_city_2.png	
3k_main_ceo_liu_yu_tribal_character_qiang_duan	3k_main_ceo_liu_yu_tribal_character_qiang_duan	0	placeholder	placeholder	UI/ancillaries/path_to_unity/liu_bei_faction_feature_custom_ceo_icon_city_2.png	
3k_main_ceo_liu_yu_tribal_character_qianman	3k_main_ceo_liu_yu_tribal_character_qianman	0	placeholder	placeholder	UI/ancillaries/path_to_unity/liu_bei_faction_feature_custom_ceo_icon_city_2.png	
3k_main_ceo_liu_yu_tribal_character_qubei	3k_main_ceo_liu_yu_tribal_character_qubei	0	Qubei	[[tr:3k_main_ceo_liu_yu_tribal_character_qubei}}	UI/ancillaries/path_to_unity/liu_bei_faction_feature_custom_ceo_icon_city_2.png	
3k_main_ceo_liu_yu_tribal_character_recruit_nanlou	3k_main_ceo_liu_yu_tribal_character_recruit_nanlou	0	Nanlou	[[tr:3k_main_ceo_liu_yu_tribal_character_recruit_nanlou}}	UI/ancillaries/path_to_unity/liu_bei_faction_feature_custom_ceo_icon_city_2.png	
3k_main_ceo_liu_yu_tribal_character_recruit_qiulijiu	3k_main_ceo_liu_yu_tribal_character_recruit_qiulijiu	0	Qiulijiu	[[tr:3k_main_ceo_liu_yu_tribal_character_recruit_qiulijiu}}	UI/ancillaries/path_to_unity/liu_bei_faction_feature_custom_ceo_icon_city_2.png	
3k_main_ceo_liu_yu_tribal_character_recruit_supuyuan	3k_main_ceo_liu_yu_tribal_character_recruit_supuyuan	0	Supuyuan	[[tr:3k_main_ceo_liu_yu_tribal_character_recruit_supuyuan}}	UI/ancillaries/path_to_unity/liu_bei_faction_feature_custom_ceo_icon_city_2.png	
3k_main_ceo_liu_yu_tribal_character_recruit_tadun	3k_main_ceo_liu_yu_tribal_character_recruit_tadun	0	Tadun	[[tr:3k_main_ceo_liu_yu_tribal_character_recruit_tadun}}	UI/ancillaries/path_to_unity/liu_bei_faction_feature_custom_ceo_icon_city_2.png	
3k_main_ceo_liu_yu_tribal_character_recruit_wuyan	3k_main_ceo_liu_yu_tribal_character_recruit_wuyan	0	Wuyan	[[tr:3k_main_ceo_liu_yu_tribal_character_recruit_wuyan}}	UI/ancillaries/path_to_unity/liu_bei_faction_feature_custom_ceo_icon_city_2.png	
3k_main_ceo_liu_yu_tribal_character_song_jian	3k_main_ceo_liu_yu_tribal_character_song_jian	0	placeholder	placeholder	UI/ancillaries/path_to_unity/liu_bei_faction_feature_custom_ceo_icon_city_2.png	
3k_main_ceo_liu_yu_tribal_character_tufa_pigu	3k_main_ceo_liu_yu_tribal_character_tufa_pigu	0	placeholder	placeholder	UI/ancillaries/path_to_unity/liu_bei_faction_feature_custom_ceo_icon_city_2.png	
3k_main_ceo_liu_yu_tribal_character_tuoba_jiefan	3k_main_ceo_liu_yu_tribal_character_tuoba_jiefan	0	placeholder	placeholder	UI/ancillaries/path_to_unity/liu_bei_faction_feature_custom_ceo_icon_city_2.png	
3k_main_ceo_liu_yu_tribal_character_tuoba_liwei	3k_main_ceo_liu_yu_tribal_character_tuoba_liwei	0	placeholder	placeholder	UI/ancillaries/path_to_unity/liu_bei_faction_feature_custom_ceo_icon_city_2.png	
3k_main_ceo_liu_yu_tribal_character_yang_qianwan	3k_main_ceo_liu_yu_tribal_character_yang_qianwan	0	placeholder	placeholder	UI/ancillaries/path_to_unity/liu_bei_faction_feature_custom_ceo_icon_city_2.png	
3k_main_ceo_liu_yu_tribal_character_yufuluo	3k_main_ceo_liu_yu_tribal_character_yufuluo	0	Yufuluo	[[tr:3k_main_ceo_liu_yu_tribal_character_yufuluo}}	UI/ancillaries/path_to_unity/liu_bei_faction_feature_custom_ceo_icon_city_2.png	
3k_main_ceo_liu_yu_tribal_character_zhang_ji	3k_main_ceo_liu_yu_tribal_character_zhang_ji	0	placeholder	placeholder	UI/ancillaries/path_to_unity/liu_bei_faction_feature_custom_ceo_icon_city_2.png	
3k_main_ceo_liu_yu_tribal_region_canluan	3k_main_ceo_liu_yu_tribal_region_canluan	0	placeholder	placeholder	UI/ancillaries/path_to_unity/liu_bei_faction_feature_custom_ceo_icon_city_2.png	
3k_main_ceo_liu_yu_tribal_region_daijun_horse	3k_main_ceo_liu_yu_tribal_region_daijun_horse	0	placeholder	placeholder	UI/ancillaries/path_to_unity/liu_bei_faction_feature_custom_ceo_icon_city_2.png	
3k_main_ceo_liu_yu_tribal_region_guangyuan_iron	3k_main_ceo_liu_yu_tribal_region_guangyuan_iron	0	Guangyuan	[[tr:3k_main_ceo_liu_yu_tribal_region_guangyuan_iron}}	UI/ancillaries/path_to_unity/liu_bei_faction_feature_custom_ceo_icon_city_2.png	
3k_main_ceo_liu_yu_tribal_region_guzang	3k_main_ceo_liu_yu_tribal_region_guzang	0	placeholder	placeholder	UI/ancillaries/path_to_unity/liu_bei_faction_feature_custom_ceo_icon_city_2.png	
3k_main_ceo_liu_yu_tribal_region_hanchang	3k_main_ceo_liu_yu_tribal_region_hanchang	0	placeholder	placeholder	UI/ancillaries/path_to_unity/liu_bei_faction_feature_custom_ceo_icon_city_2.png	
3k_main_ceo_liu_yu_tribal_region_hyunto_resource	3k_main_ceo_liu_yu_tribal_region_hyunto_resource	0	placeholder	placeholder	UI/ancillaries/path_to_unity/liu_bei_faction_feature_custom_ceo_icon_city_2.png	
3k_main_ceo_liu_yu_tribal_region_jincheng	3k_main_ceo_liu_yu_tribal_region_jincheng	0	placeholder	placeholder	UI/ancillaries/path_to_unity/liu_bei_faction_feature_custom_ceo_icon_city_2.png	
3k_main_ceo_liu_yu_tribal_region_liaodong_xuantu	3k_main_ceo_liu_yu_tribal_region_liaodong_xuantu	0	placeholder	placeholder	UI/ancillaries/path_to_unity/liu_bei_faction_feature_custom_ceo_icon_city_2.png	
3k_main_ceo_liu_yu_tribal_region_liaoxi_capital	3k_main_ceo_liu_yu_tribal_region_liaoxi_capital	0	Liaoxi	[[tr:3k_main_ceo_liu_yu_tribal_region_liaoxi_capital}}	UI/ancillaries/path_to_unity/liu_bei_faction_feature_custom_ceo_icon_city_2.png	
3k_main_ceo_liu_yu_tribal_region_liaoxi_tool	3k_main_ceo_liu_yu_tribal_region_liaoxi_tool	0	Liaoxi	[[tr:3k_main_ceo_liu_yu_tribal_region_liaoxi_tool}}	UI/ancillaries/path_to_unity/liu_bei_faction_feature_custom_ceo_icon_city_2.png	
3k_main_ceo_liu_yu_tribal_region_lingzhou	3k_main_ceo_liu_yu_tribal_region_lingzhou	0	placeholder	placeholder	UI/ancillaries/path_to_unity/liu_bei_faction_feature_custom_ceo_icon_city_2.png	
3k_main_ceo_liu_yu_tribal_region_nanzheng	3k_main_ceo_liu_yu_tribal_region_nanzheng	0	placeholder	placeholder	UI/ancillaries/path_to_unity/liu_bei_faction_feature_custom_ceo_icon_city_2.png	
3k_main_ceo_liu_yu_tribal_region_sanshui	3k_main_ceo_liu_yu_tribal_region_sanshui	0	placeholder	placeholder	UI/ancillaries/path_to_unity/liu_bei_faction_feature_custom_ceo_icon_city_2.png	
3k_main_ceo_liu_yu_tribal_region_shanggui	3k_main_ceo_liu_yu_tribal_region_shanggui	0	placeholder	placeholder	UI/ancillaries/path_to_unity/liu_bei_faction_feature_custom_ceo_icon_city_2.png	
3k_main_ceo_liu_yu_tribal_region_sheyan	3k_main_ceo_liu_yu_tribal_region_sheyan	0	placeholder	placeholder	UI/ancillaries/path_to_unity/liu_bei_faction_feature_custom_ceo_icon_city_2.png	
3k_main_ceo_liu_yu_tribal_region_shuofang_captial	3k_main_ceo_liu_yu_tribal_region_shuofang_captial	0	Shoufang	[[tr:3k_main_ceo_liu_yu_tribal_region_shuofang_captial}}	UI/ancillaries/path_to_unity/liu_bei_faction_feature_custom_ceo_icon_city_2.png	
3k_main_ceo_liu_yu_tribal_region_shuofang_horse_tamer	3k_main_ceo_liu_yu_tribal_region_shuofang_horse_tamer	0	Shoufang	[[tr:3k_main_ceo_liu_yu_tribal_region_shuofang_horse_tamer}}	UI/ancillaries/path_to_unity/liu_bei_faction_feature_custom_ceo_icon_city_2.png	
3k_main_ceo_liu_yu_tribal_region_shuofang_horses	3k_main_ceo_liu_yu_tribal_region_shuofang_horses	0	Shoufang	[[tr:3k_main_ceo_liu_yu_tribal_region_shuofang_horses}}	UI/ancillaries/path_to_unity/liu_bei_faction_feature_custom_ceo_icon_city_2.png	
3k_main_ceo_liu_yu_tribal_region_tianshui	3k_main_ceo_liu_yu_tribal_region_tianshui	0	placeholder	placeholder	UI/ancillaries/path_to_unity/liu_bei_faction_feature_custom_ceo_icon_city_2.png	
3k_main_ceo_liu_yu_tribal_region_wuyuan_capital	3k_main_ceo_liu_yu_tribal_region_wuyuan_capital	0	placeholder	placeholder	UI/ancillaries/path_to_unity/liu_bei_faction_feature_custom_ceo_icon_city_2.png	
3k_main_ceo_liu_yu_tribal_region_wuyuan_farm	3k_main_ceo_liu_yu_tribal_region_wuyuan_farm	0	placeholder	placeholder	UI/ancillaries/path_to_unity/liu_bei_faction_feature_custom_ceo_icon_city_2.png	
3k_main_ceo_liu_yu_tribal_region_xiabian	3k_main_ceo_liu_yu_tribal_region_xiabian	0	placeholder	placeholder	UI/ancillaries/path_to_unity/liu_bei_faction_feature_custom_ceo_icon_city_2.png	
3k_main_ceo_liu_yu_tribal_region_xihe_capital	3k_main_ceo_liu_yu_tribal_region_xihe_capital	0	Xihe	[[tr:3k_main_ceo_liu_yu_tribal_region_xihe_capital}}	UI/ancillaries/path_to_unity/liu_bei_faction_feature_custom_ceo_icon_city_2.png	
3k_main_ceo_liu_yu_tribal_region_xihe_fishing_port	3k_main_ceo_liu_yu_tribal_region_xihe_fishing_port	0	Xihe	[[tr:3k_main_ceo_liu_yu_tribal_region_xihe_fishing_port}}	UI/ancillaries/path_to_unity/liu_bei_faction_feature_custom_ceo_icon_city_2.png	
3k_main_ceo_liu_yu_tribal_region_xiutu	3k_main_ceo_liu_yu_tribal_region_xiutu	0	placeholder	placeholder	UI/ancillaries/path_to_unity/liu_bei_faction_feature_custom_ceo_icon_city_2.png	
3k_main_ceo_liu_yu_tribal_region_yinping	3k_main_ceo_liu_yu_tribal_region_yinping	0	placeholder	placeholder	UI/ancillaries/path_to_unity/liu_bei_faction_feature_custom_ceo_icon_city_2.png	
3k_main_ceo_liu_yu_tribal_region_youbeiping_capital	3k_main_ceo_liu_yu_tribal_region_youbeiping_capital	0	Youbeiping	[[tr:3k_main_ceo_liu_yu_tribal_region_youbeiping_capital}}	UI/ancillaries/path_to_unity/liu_bei_faction_feature_custom_ceo_icon_city_2.png	
3k_main_ceo_liu_yu_tribal_region_youbeiping_trade_port	3k_main_ceo_liu_yu_tribal_region_youbeiping_trade_port	0	Youbeiping	[[tr:3k_main_ceo_liu_yu_tribal_region_youbeiping_trade_port}}	UI/ancillaries/path_to_unity/liu_bei_faction_feature_custom_ceo_icon_city_2.png	
3k_main_ceo_liu_yu_tribal_region_zhanyin	3k_main_ceo_liu_yu_tribal_region_zhanyin	0	placeholder	placeholder	UI/ancillaries/path_to_unity/liu_bei_faction_feature_custom_ceo_icon_city_2.png	
3k_main_ceo_liu_yu_tribal_region_zitong	3k_main_ceo_liu_yu_tribal_region_zitong	0	placeholder	placeholder	UI/ancillaries/path_to_unity/liu_bei_faction_feature_custom_ceo_icon_city_2.png	
3k_main_ceo_node_career_childhood_earth_01	empty_effects	0	Good Manager	Their peers might consider them bossy, but this youngster demonstrates authority and decisiveness in their actions.	UI/Campaign UI/traits/icon_career_nobility.png	
3k_main_ceo_node_career_childhood_fire_01	empty_effects	0	Enjoys Hunting	This one is never sedentary, and always indulges in the joys of the hunt.	UI/Campaign UI/traits/icon_career_soldiery.png	
3k_main_ceo_node_career_childhood_metal_01	empty_effects	0	Introvert	For some youngsters, preferring one's own company is a sign of unique strengths.	UI/Campaign UI/traits/icon_career_artisan.png	
3k_main_ceo_node_career_childhood_water_01	empty_effects	0	Courtier	Do not mistake a keen interest in stately affairs as merely the nosiness of youth.	UI/Campaign UI/traits/icon_career_scholar.png	
3k_main_ceo_node_career_childhood_wood_01	empty_effects	0	Arbiter	The level-headedness to negotiate and reconcile fairly is a rare quality in one so young.	UI/Campaign UI/traits/icon_career_peasantry.png	
3k_main_ceo_node_career_generated_agent_earth_01	3k_main_ceo_node_career_generated_agent_earth_01	0	Preacher	A zealously made point, delivered with wild-eyed conviction, can inspire and incite even the staunchest non-believer.	UI/Campaign UI/traits/icon_spiritual_good.png	3k_main_opinion_topic_set_discipline_aescetic
3k_main_ceo_node_career_generated_agent_fire_01	3k_main_ceo_node_career_generated_agent_fire_01	0	Guerrilla	"We might be vastly outnumbered, but never underestimate the element of surprise!"	UI/Campaign UI/traits/icon_relentless_good.png	3k_main_opinion_topic_set_determination_defiant
3k_main_ceo_node_career_generated_agent_metal_01	3k_main_ceo_node_career_generated_agent_metal_01	0	Agent	"I am charged with a duty that I am honour-bound to prosecute. Stand aside."	UI/Campaign UI/traits/icon_stalwart_good.png	3k_main_opinion_topic_set_caution_elusive
3k_main_ceo_node_career_generated_agent_water_01	3k_main_ceo_node_career_generated_agent_water_01	0	Manipulator	Always working behind the scenes, this individual is a master of intrigue.	UI/Campaign UI/traits/icon_cunning_good.png	3k_main_opinion_topic_set_vice_deceitful
3k_main_ceo_node_career_generated_agent_wood_01	3k_main_ceo_node_career_generated_agent_wood_01	0	Local Hero	Not all heroes wear armour. But some, also, do.	UI/Campaign UI/traits/icon_creative_good.png	3k_main_opinion_topic_set_goodness_selfless
3k_main_ceo_node_career_generated_envoy_earth_01	3k_main_ceo_node_career_generated_envoy_earth_01	0	Outsider	Accepted by their surrogate family, but nevertheless still a fish out of water.	UI/Campaign UI/traits/icon_anti-social_good.png	3k_main_opinion_topic_set_discretion_solitary
3k_main_ceo_node_career_generated_envoy_fire_01	3k_main_ceo_node_career_generated_envoy_fire_01	0	Militant	When war comes, those who stay ready are first to be called.	UI/Campaign UI/traits/icon_feared_good.png	3k_main_opinion_topic_set_intimidation_vengeful
3k_main_ceo_node_career_generated_envoy_metal_01	3k_main_ceo_node_career_generated_envoy_metal_01	0	Trader	People-skills, coupled to an aptitude for business, make this one a crafty merchant indeed.	UI/Campaign UI/traits/icon_bright_good.png	3k_main_opinion_topic_set_intelligence_bright
3k_main_ceo_node_career_generated_envoy_water_01	3k_main_ceo_node_career_generated_envoy_water_01	0	Advisor	There is no worse enemy than bad advice, and few better friends than a wise confidant.	UI/Campaign UI/traits/icon_wise_good.png	3k_main_opinion_topic_set_intelligence_wise
3k_main_ceo_node_career_generated_envoy_wood_01	3k_main_ceo_node_career_generated_envoy_wood_01	0	Village Chief	To lead a community takes confidence, focus and integrity, which this one has in abundance.	UI/Campaign UI/traits/icon_social_good.png	3k_main_opinion_topic_set_charisma_charismatic
3k_main_ceo_node_career_generated_general_earth_01	3k_main_ceo_node_career_generated_general_earth_01	0	Officer	It is better to have an army of donkeys led by a tiger, than an army of tigers led by a donkey.	UI/Campaign UI/traits/icon_loyal_good.png	3k_main_opinion_topic_set_loyalty_dutiful
3k_main_ceo_node_career_generated_general_fire_01	3k_main_ceo_node_career_generated_general_fire_01	0	Warrior	Any simpleton can wield a weapon and fight, but a resolute acceptance of death marks out the true warrior.	UI/Campaign UI/traits/icon_brave_good.png	3k_main_opinion_topic_set_bravery_brave
3k_main_ceo_node_career_generated_general_metal_01	3k_main_ceo_node_career_generated_general_metal_01	0	Guard	A stalwart protector, they never fall asleep at their post.	UI/Campaign UI/traits/icon_stalwart_good.png	3k_main_opinion_topic_set_perception_vigilant
3k_main_ceo_node_career_generated_general_water_01	3k_main_ceo_node_career_generated_general_water_01	0	Tactician	When it comes to strategy and battlefield manoeuvres, the devil is very much in the detail.	UI/Campaign UI/traits/icon_cunning_good.png	3k_main_opinion_topic_set_intelligence_cunning
3k_main_ceo_node_career_generated_general_wood_01	3k_main_ceo_node_career_generated_general_wood_01	0	Militia Veteran	This veteran has seen it all, done it all, and he will almost certainly tell you about it, given the chance.	UI/Campaign UI/traits/icon_cunning_good.png	3k_main_opinion_topic_set_discipline_disciplinarian
3k_main_ceo_node_career_generated_governor_earth_01	3k_main_ceo_node_career_generated_governor_earth_01	0	Peacekeeper	Conflict must be prevented by any means necessary.	UI/Campaign UI/traits/icon_friendly_good.png	3k_main_opinion_topic_set_diplomatic_pacifist
3k_main_ceo_node_career_generated_governor_fire_01	3k_main_ceo_node_career_generated_governor_fire_01	0	Inspector	Paying close attention to detail, this one is always aware of the goings-on in their jurisdiction.	UI/Campaign UI/traits/icon_wise_good.png	3k_main_opinion_topic_set_perception_perceptive
3k_main_ceo_node_career_generated_governor_metal_01	3k_main_ceo_node_career_generated_governor_metal_01	0	Clerk	An expert notary, they know that effective record-keeping is only achieved through stubborn diligence.	UI/Campaign UI/traits/icon_intelligent_good.png	3k_main_opinion_topic_set_intelligence_clever
3k_main_ceo_node_career_generated_governor_water_01	3k_main_ceo_node_career_generated_governor_water_01	0	Academic	This one sees the value of institutionalised learning, and has embraced it.	UI/Campaign UI/traits/icon_intelligent_good.png	3k_main_opinion_topic_set_intelligence_scholarly
3k_main_ceo_node_career_generated_governor_wood_01	3k_main_ceo_node_career_generated_governor_wood_01	0	Farmer	"This is what real hard work smells like – blood, sweat and animal faeces."	UI/Campaign UI/traits/icon_humble_good.png	3k_main_opinion_topic_set_honour_humble
3k_main_ceo_node_career_generated_minister_earth_01	3k_main_ceo_node_career_generated_minister_earth_01	0	Magistrate	An important cog of law administration, who is no stranger to the pressures of bureaucracy.	UI/Campaign UI/traits/icon_trustworthy_good.png	3k_main_opinion_topic_set_intelligence_artful
3k_main_ceo_node_career_generated_minister_fire_01	3k_main_ceo_node_career_generated_minister_fire_01	0	Partisan	Always led by conviction, this one exhibits clear bias in their opinions.	UI/Campaign UI/traits/icon_tolerant_good.png	3k_main_opinion_topic_set_diplomatic_populist
3k_main_ceo_node_career_generated_minister_metal_01	3k_main_ceo_node_career_generated_minister_metal_01	0	Tax Collector	Tax collection is a necessary evil, as are its instruments.	UI/Campaign UI/traits/icon_greedy_good.png	3k_main_opinion_topic_set_vice_greedy
3k_main_ceo_node_career_generated_minister_water_01	3k_main_ceo_node_career_generated_minister_water_01	0	Mediator	This person knows how to divide the cake in such a way that everyone believes they have the biggest slice.	UI/Campaign UI/traits/icon_social_good.png	3k_main_opinion_topic_set_diplomatic_cordial
3k_main_ceo_node_career_generated_minister_wood_01	3k_main_ceo_node_career_generated_minister_wood_01	0	Filial & Pious	"Respect for parents, elders, and ancestors is the root of all virtue, the stem from which all moral teachings grow."	UI/Campaign UI/traits/icon_honourable_good.png	3k_main_opinion_topic_set_honour_honourable
3k_main_ceo_node_career_generated_villager_earth_01	3k_main_ceo_node_career_generated_villager_earth_01	0	Scout	Ranging forward, this general guards the troops against threats from without.	UI/Campaign UI/traits/icon_hesitant_good.png	3k_main_opinion_topic_set_caution_cautious
3k_main_ceo_node_career_generated_villager_fire_01	3k_main_ceo_node_career_generated_villager_fire_01	0	Hunter	Expert with the bow, they are able to strike their quarry from quite a distance.	UI/Campaign UI/traits/icon_cowardly_good.png	3k_main_opinion_topic_set_ability_agile
3k_main_ceo_node_career_generated_villager_metal_01	3k_main_ceo_node_career_generated_villager_metal_01	0	Lookout	Keen eyesight enables this person to spot the enemy clearly, even under cover of night.	UI/Campaign UI/traits/icon_stalwart_good.png	3k_main_opinion_topic_set_perception_vigilant
3k_main_ceo_node_career_generated_villager_water_01	3k_main_ceo_node_career_generated_villager_water_01	0	Savant	A most prodigious talent, beyond anything anyone has ever seen.	UI/Campaign UI/traits/icon_reckless_good.png	3k_main_opinion_topic_set_intelligence_brilliant
3k_main_ceo_node_career_generated_villager_wood_01	3k_main_ceo_node_career_generated_villager_wood_01	0	Labourer	They toil so that others don't have to, presumably. It is the order of things.	UI/Campaign UI/traits/icon_creative_good.png	3k_main_opinion_topic_set_strength_tough
3k_main_ceo_node_career_historical_cai_mao_01	3k_main_ceo_node_career_historical_cai_mao_01	0	Competent Sailor	Cai Mao is adept of naval combat, and a budding admiral.	UI/Campaign UI/traits/icon_creative_good.png	3k_main_opinion_topic_set_virtue_resourceful
3k_main_ceo_node_career_historical_cao_ang_01	3k_main_ceo_node_career_historical_cao_ang_01	0	Prince Min	Cao Ang’s fate is to one day be prince of the House of Cao, be it in life or in death.	UI/Campaign UI/traits/icon_impeccable_good.png	3k_main_opinion_topic_set_attractive_impeccable
3k_main_ceo_node_career_historical_cao_cao_01	3k_main_ceo_node_career_historical_cao_cao_01	0	Strategic Mastermind	The wily Cao Cao sees opportunity in the hardships of others, skewing things to his advantage.	UI/Campaign UI/traits/icon_cunning_good.png	3k_main_opinion_topic_set_intelligence_cunning
3k_main_ceo_node_career_historical_cao_pi_01	3k_main_ceo_node_career_historical_cao_pi_01	0	Political Animal	"In war, you can only be killed once, but in politics, many times."	UI/Campaign UI/traits/icon_ambitious_good.png	3k_main_opinion_topic_set_determination_ambitious
3k_main_ceo_node_career_historical_cao_ren_01	3k_main_ceo_node_career_historical_cao_ren_01	0	Brave Hunter	The skills of a fearless outdoorsman – horse-riding, archery, and hunting – make Cao Ren a valued battlefield ally.	UI/Campaign UI/traits/icon_cowardly_good.png	3k_main_opinion_topic_set_ability_agile
3k_main_ceo_node_career_historical_chen_gong_01	3k_main_ceo_node_career_historical_chen_gong_01	0	Master Magistrate	Chen Gong knows that even great men are imperfect, and righteousness is often not immediately obvious.	UI/Campaign UI/traits/icon_trustworthy_good.png	3k_main_opinion_topic_set_intelligence_artful
3k_main_ceo_node_career_historical_cheng_pu_01	3k_main_ceo_node_career_historical_cheng_pu_01	0	Bandit Killer	The General of the Household Who Defeats Bandits' is living proof that bravery can overcome adversity.	UI/Campaign UI/traits/icon_feared_good.png	3k_main_opinion_topic_set_intimidation_vengeful
3k_main_ceo_node_career_historical_dian_wei_01	3k_main_ceo_node_career_historical_dian_wei_01	0	Brute of Unmatched Power	"Such prowess! This is old Elai again!"	UI/Campaign UI/traits/icon_strong_good.png	3k_main_opinion_topic_set_strength_tough
3k_main_ceo_node_career_historical_dong_zhuo_01	3k_main_ceo_node_career_historical_dong_zhuo_01	0	Cruel Tyrant	Consumed by his hunger for power, Dong Zhuo's despotism knows no bounds.	UI/Campaign UI/traits/icon_angry_good.png	3k_main_opinion_topic_set_cruelty_cruel
3k_main_ceo_node_career_historical_fa_zheng_01	3k_main_ceo_node_career_historical_fa_zheng_01	0	Vindictive Strategist	The intelligent and vengeful Fa Zheng should not be crossed, lest you become the target of his deadly schemes.	UI/Campaign UI/traits/icon_feared_good.png	3k_main_opinion_topic_set_intimidation_vengeful
3k_main_ceo_node_career_historical_gan_ning_01	3k_main_ceo_node_career_historical_gan_ning_01	0	Pirate of the Bells	"Cao Cao may have Zhang Liao, but I have Gan Ning! Thus we are evenly matched."	UI/Campaign UI/traits/icon_relentless_good.png	3k_main_opinion_topic_set_determination_defiant
3k_main_ceo_node_career_historical_gao_dai	3k_main_ceo_node_career_historical_gao_dai_01	0	Master Historian	"There are lessons in the past; if we do not learn them, we are doomed"		3k_main_opinion_topic_set_intelligence_scholarly
3k_main_ceo_node_career_historical_gao_gan_01	3k_main_ceo_node_career_historical_gao_gan_01	0	Loyal Nephew	Ever the rebel, Gao Gan’s true allegiances shall only die when he does.	UI/Campaign UI/traits/icon_loyal_good.png	3k_main_opinion_topic_set_loyalty_loyal
3k_main_ceo_node_career_historical_gong_du_01	3k_main_ceo_node_career_historical_gong_du_01	0	Master of the Land	Far from being just a heartless bandit, Gong Du is a principled soldier of honour.	UI/Campaign UI/traits/icon_stalwart_good.png	3k_main_opinion_topic_set_bravery_intrepid
3k_main_ceo_node_career_historical_gongsun_du_01	3k_main_ceo_node_career_historical_gongsun_du_01	0	the Warlike	In war, Gongsun Du does what is required of him; he revels in bloodshed and conquest.	UI/Campaign UI/traits/icon_temperamental_good.png	3k_main_opinion_topic_set_intensity_fiery
3k_main_ceo_node_career_historical_gongsun_xu_01	3k_main_ceo_node_career_historical_gongsun_xu_01	0	Brave General	Gongsun Xu combines the tactical mind of a strategist, with the bravery and duty of a man who has risked his life on the frontlines countless times.	UI/Campaign UI/traits/icon_brave_good.png	3k_main_opinion_topic_set_bravery_brave
3k_main_ceo_node_career_historical_gongsun_zan_01	3k_main_ceo_node_career_historical_gongsun_zan_01	0	The Iron Fist General	Defence of the frontiers requires more than just the resources of a warlord, but also a merciless attitude.	UI/Campaign UI/traits/icon_stern_good.png	3k_main_opinion_topic_set_discipline_disciplinarian
3k_main_ceo_node_career_historical_guan_jing_01	3k_main_ceo_node_career_historical_guan_jing_01	0	Cautious Strategist	Guan Jing's caution may sometimes be confused for cowardice, but its true source is observation.		3k_main_opinion_topic_set_intelligence_bright
3k_main_ceo_node_career_historical_guan_yu_01	3k_main_ceo_node_career_historical_guan_yu_01	0	God of War	A famed warrior and righteous slayer of all who dare oppose him, Guan Yu’s deification is already assured.	UI/Campaign UI/traits/icon_brave_good.png	3k_main_opinion_topic_set_strength_formidable
3k_main_ceo_node_career_historical_guo_jia_01	3k_main_ceo_node_career_historical_guo_jia_01	0	Astute Advisor	Guo Jia is a confidant of unparalleled foresight – to ignore his counsel is to invite failure and defeat.	UI/Campaign UI/traits/icon_wise_good.png	3k_main_opinion_topic_set_intelligence_wise
3k_main_ceo_node_career_historical_han_fu_01	3k_main_ceo_node_career_historical_han_fu_01	0	Diligent Agriculturalist	Using his ability to manage food supplies with tireless efficiency, Han Fu is a most valuable logistician.	UI/Campaign UI/traits/icon_creative_good.png	3k_main_opinion_topic_set_virtue_resourceful
3k_main_ceo_node_career_historical_han_sui_01	3k_main_ceo_node_career_historical_han_sui_01	0	Tireless Insurgent	Insurrection is in Han Sui’s blood. To him, subservience cannot be permanent.	UI/Campaign UI/traits/icon_relentless_good.png	3k_main_opinion_topic_set_determination_defiant
3k_main_ceo_node_career_historical_he_man_01	3k_main_ceo_node_career_historical_he_man_01	0	The Most Powerful	"I am He Man, the devil who shoots across the sky! Who dares challenge me?"	UI/Campaign UI/traits/icon_strong_good.png	3k_main_opinion_topic_set_strength_strong
3k_main_ceo_node_career_historical_he_yi_01	3k_main_ceo_node_career_historical_he_yi_01	0	Leader of the People	With unwavering faith, He Yi inspires others to follow in his righteous footsteps.	UI/Campaign UI/traits/icon_humble_good.png	3k_main_opinion_topic_set_honour_humble
3k_main_ceo_node_career_historical_hua_xiong_01	3k_main_ceo_node_career_historical_hua_xiong_01	0	Fierce Beast	With a head shaped like a leopard’s and ape-like shoulders, Hua Xiong’s ferocity is matched by his appearance.	UI/Campaign UI/traits/icon_feared_good.png	3k_main_opinion_topic_set_intimidation_intimidating
3k_main_ceo_node_career_historical_huang_gai_01	3k_main_ceo_node_career_historical_huang_gai_01	0	Unreadable Warrior	His outward demeanour belies his real allegiances – Huang Gai truly is the very definition of inscrutability.	UI/Campaign UI/traits/icon_composed_good.png	3k_main_opinion_topic_set_patience_enigmatic
3k_main_ceo_node_career_historical_huang_shao_01	3k_main_ceo_node_career_historical_huang_shao_01	0	Wielder of the Heavenly Way	All uprisings, no matter how widespread, stand little chance of success without strong leadership.	UI/Campaign UI/traits/icon_stern_good.png	3k_main_opinion_topic_set_discipline_stern
3k_main_ceo_node_career_historical_huang_zhong_01	3k_main_ceo_node_career_historical_huang_zhong_01	0	of the Ageless Strength	The venerable Huang Zhong, to whom age is just a number, is frequently underestimated in battle.	UI/Campaign UI/traits/icon_brave_good.png	3k_main_opinion_topic_set_strength_formidable
3k_main_ceo_node_career_historical_huang_zu_01	3k_main_ceo_node_career_historical_huang_zu_01	0	Ranged Ambusher	Huang Zu likes to start offensives on the front foot, from a safe distance and out of sight.	UI/Campaign UI/traits/icon_cunning_good.png	3k_main_opinion_topic_set_caution_elusive
3k_main_ceo_node_career_historical_huangfu_song_01	3k_main_ceo_node_career_historical_huangfu_song_01	0	Aged General	In the brutal business of war, there is no better teacher than experience.	UI/Campaign UI/traits/icon_stern_good.png	3k_main_opinion_topic_set_discipline_disciplinarian
3k_main_ceo_node_career_historical_jia_long_01	3k_main_ceo_node_career_historical_jia_long_01	0	Short-sighted Peacekeeper	Jia Long may dedicate much time to forethought, yet still lacks caution now and then.	UI/Campaign UI/traits/icon_friendly_good.png	3k_main_opinion_topic_set_diplomatic_pacifist
3k_main_ceo_node_career_historical_jia_xu_01	3k_main_ceo_node_career_historical_jia_xu_01	0	The Blade in the Dark	Decisions made in secret can have the deadliest outcomes.	UI/Campaign UI/traits/icon_cunning_good.png	3k_main_opinion_topic_set_caution_elusive
3k_main_ceo_node_career_historical_jiang_wei_01	3k_main_ceo_node_career_historical_jiang_wei_01	0	Budding Commander	Known for being an expert general despite his inexperience, Jiang Wei has a precocious talent for war.	UI/Campaign UI/traits/icon_reckless_good.png	3k_main_opinion_topic_set_intensity_reckless
3k_main_ceo_node_career_historical_kong_rong_01	3k_main_ceo_node_career_historical_kong_rong_01	0	Master Scholar	Kong Rong claims descent from the great Confucius himself, attested to by his remarkable wit and scholarly fame.	UI/Campaign UI/traits/icon_intelligent_good.png	3k_main_opinion_topic_set_intelligence_scholarly
3k_main_ceo_node_career_historical_kong_zhou_01	3k_main_ceo_node_career_historical_kong_zhou_01	0	Pure Conversationalist	A master at the art of Qingtan, Kong Zhou utilises discussion and debate as a means of intellectual self-improvement.	UI/Campaign UI/traits/icon_social_good.png	3k_main_opinion_topic_set_charisma_charismatic
3k_main_ceo_node_career_historical_lady_sun_01	3k_main_ceo_node_career_historical_lady_sun_01	0	The Rising Sun	As surely as the sun rises, the Lady will always endeavour to get her way.	UI/Campaign UI/traits/icon_trustworthy_good.png	3k_main_opinion_topic_set_intelligence_artful
3k_main_ceo_node_career_historical_lady_zhen_01	3k_main_ceo_node_career_historical_lady_zhen_01	0	Elegant Survivor	To step between warring factions is quite the task. To be loved by both? Quite the accomplishment.		3k_main_opinion_topic_set_ability_agile
3k_main_ceo_node_career_historical_li_han_01	ep_ceo_node_career_historical_li_han_01	0	Keeper of Secrets	Li Han draws information to himself; so well-regarded is his knowledge that he often fears his life is jeopardised by what he knows.	UI/Campaign UI/traits/icon_cunning_good.png	3k_main_opinion_topic_set_vice_deceitful
3k_main_ceo_node_career_historical_li_ru_01	3k_main_ceo_node_career_historical_li_ru_01	0	Vicious Shadow	Behind every despot’s schemes is the intellect of a consummate strategist.	UI/Campaign UI/traits/icon_cunning_good.png	3k_main_opinion_topic_set_caution_elusive
3k_main_ceo_node_career_historical_ling_tong_01	3k_main_ceo_node_career_historical_ling_tong_01	0	Daring Errant	For some men, war is a chance to prove one’s self and seek adventure.	UI/Campaign UI/traits/icon_stalwart_good.png	3k_main_opinion_topic_set_bravery_intrepid
3k_main_ceo_node_career_historical_liu_bei_01	3k_main_ceo_node_career_historical_liu_bei_01	0	Virtuous Idealist	Despite having come from modest beginnings, the blood of ancient Han emperors flows through Liu Bei’s veins.	UI/Campaign UI/traits/icon_honourable_good.png	3k_main_opinion_topic_set_honour_honourable
3k_main_ceo_node_career_historical_liu_biao_01	3k_main_ceo_node_career_historical_liu_biao_01	0	Gentleman of the Han	A man seldom ruffled, Liu Biao demonstrates his aristocratic pedigree through stable officiality.	UI/Campaign UI/traits/icon_social_good.png	3k_main_opinion_topic_set_diplomatic_cordial
3k_main_ceo_node_career_historical_liu_dai_01	3k_main_ceo_node_career_historical_liu_dai_01	0	Generous Attendant	In spite of the harsh realities of palace life, Liu Dai conducts himself according to his nature: with kindness and benevolence.	UI/Campaign UI/traits/icon_generous_good.png	3k_main_opinion_topic_set_goodness_philanthropic
3k_main_ceo_node_career_historical_liu_xie_01	3k_main_ceo_node_career_historical_liu_xie_01	0	Former Emperor	While no longer leading their people, they still strive to bring peace to the land.	UI/Campaign UI/traits/icon_tolerant_good.png	3k_main_opinion_topic_set_diplomatic_populist
3k_main_ceo_node_career_historical_liu_yan_01	3k_main_ceo_node_career_historical_liu_yan_01	0	Opportunistic Ruler	Some men just want to watch the world burn, while others use the opportunities placed before them.	UI/Campaign UI/traits/icon_ambitious_good.png	3k_main_opinion_topic_set_determination_ambitious
3k_main_ceo_node_career_historical_liu_yao_01	3k_main_ceo_node_career_historical_liu_yao_01	0	Welcoming Magistrate	Liu Yao appears to be a ‘yes’ man, but is nevertheless known for his staunch incorruptibility.	UI/Campaign UI/traits/icon_social_good.png	3k_main_opinion_topic_set_charisma_friendly
3k_main_ceo_node_career_historical_liu_yu_01	3k_main_ceo_node_career_historical_liu_yu_01	0	Prosperous Trader	Liu Yu’s rapport with foreigners and minorities has enabled him to amass considerable wealth from trade.	UI/Campaign UI/traits/icon_bright_good.png	3k_main_opinion_topic_set_intelligence_scholarly
3k_main_ceo_node_career_historical_liu_zhang_01	3k_main_ceo_node_career_historical_liu_zhang_01	0	Proponent of Peace	A timid and suspicious noble, Liu Zhang displays a willingness to avoid war, even if that means surrender.	UI/Campaign UI/traits/icon_friendly_good.png	3k_main_opinion_topic_set_diplomatic_pacifist
3k_main_ceo_node_career_historical_lu_bu_01	3k_main_ceo_node_career_historical_lu_bu_01	0	Warrior Without Equal	With unpredictable loyalty and unsurpassed martial skill, Lü Bu is the most dangerous warrior beneath the heavens.	UI/Campaign UI/traits/icon_brave_good.png	3k_main_opinion_topic_set_strength_formidable
3k_main_ceo_node_career_historical_lu_fan_01	3k_main_ceo_node_career_historical_lu_fan_01	0	Go Master	Go is not just an abstract game of strategy – it is a measure of one’s aptitude in tactical forethought.	UI/Campaign UI/traits/icon_wise_good.png	3k_main_opinion_topic_set_intelligence_wise
3k_main_ceo_node_career_historical_lu_meng_01	3k_main_ceo_node_career_historical_lu_meng_01	0	Late Scholar	Despite becoming literate late on in his career, Lü Meng has proved himself a most able scholar.	UI/Campaign UI/traits/icon_intelligent_good.png	3k_main_opinion_topic_set_intelligence_scholarly
3k_main_ceo_node_career_historical_lu_su_01	3k_main_ceo_node_career_historical_lu_su_01	0	Charitable Envoy	Ever the philanthropic diplomat, Lu Su’s affluence empowers his charitable nature.	UI/Campaign UI/traits/icon_generous_good.png	3k_main_opinion_topic_set_goodness_charitable
3k_main_ceo_node_career_historical_lu_xun_01	3k_main_ceo_node_career_historical_lu_xun_01	0	Scholar General	Equal parts brains and brawn, Lu Xun can oversee both civil and military matters.	UI/Campaign UI/traits/icon_intelligent_good.png	3k_main_opinion_topic_set_intelligence_scholarly
3k_main_ceo_node_career_historical_ma_chao_01	3k_main_ceo_node_career_historical_ma_chao_01	0	Most-brilliant Warrior	With a complexion like jade and eyes like shooting stars, Ma Chao is a warrior truly brilliant in appearance.	UI/Campaign UI/traits/icon_impeccable_good.png	3k_main_opinion_topic_set_attractive_distinguished
3k_main_ceo_node_career_historical_ma_dai_01	3k_main_ceo_node_career_historical_ma_dai_01	0	Fraternal Warrior	There are few things more important to Ma Dai than bloodline and family.	UI/Campaign UI/traits/icon_loyal_good.png	3k_main_opinion_topic_set_loyalty_fraternal
3k_main_ceo_node_career_historical_ma_teng_01	3k_main_ceo_node_career_historical_ma_teng_01	0	Protector of the West	Ma Teng may treat his friends well, but he remains merciless with the Han's enemies.	UI/Campaign UI/traits/icon_stern_good.png	3k_main_opinion_topic_set_discipline_stern
3k_main_ceo_node_career_historical_mi_zhu_01	3k_main_ceo_node_career_historical_mi_zhu_01	0	Dependable Administrator	In these interesting times of fluctuating allegiances, the steadfast loyalty of Mi Zhu can always be relied upon.	UI/Campaign UI/traits/icon_loyal_good.png	3k_main_opinion_topic_set_loyalty_loyal
3k_main_ceo_node_career_historical_pang_de_01	3k_main_ceo_node_career_historical_pang_de_01	0	White Horse General	Pang De is an unrelenting force, whose avowed enemies know they must face him sooner or later.	UI/Campaign UI/traits/icon_relentless_good.png	3k_main_opinion_topic_set_determination_relentless
3k_main_ceo_node_career_historical_pang_tong_01	3k_main_ceo_node_career_historical_pang_tong_01	0	Fledgling Phoenix	Having risen from the ashes of obscurity, the 'Crown of Learned Men' is an advisor of the highest esteem.	UI/Campaign UI/traits/icon_trustworthy_good.png	3k_main_opinion_topic_set_intelligence_artful
3k_main_ceo_node_career_historical_pei_yuanshao_01	3k_main_ceo_node_career_historical_pei_yuanshao_01	0	Virtuous Outrider	Whether in charge of brigands or soldiers, one must lead by example, always riding at the head of the host.	UI/Campaign UI/traits/icon_stalwart_good.png	3k_main_opinion_topic_set_bravery_intrepid
3k_main_ceo_node_career_historical_sheng_xian_01	3k_main_ceo_node_career_historical_sheng_xian_01	0	placeholder	placeholder	UI/Campaign UI/traits/icon_intelligent_good.png	3k_main_opinion_topic_set_intelligence_scholarly
3k_main_ceo_node_career_historical_shi_huang	3k_main_ceo_node_career_historical_shi_huang_01	0	Southern Gentleman	"If you can't run with the big dogs, stay beneath your rock"		3k_main_opinion_topic_set_loyalty_dutiful
3k_main_ceo_node_career_historical_shi_wu	3k_main_ceo_node_career_historical_shi_wu_01	0	Warden of the Pearl River	"We have long observed these lands, and our enemies challenge us at their peril!"		3k_main_opinion_topic_set_loyalty_fraternal
3k_main_ceo_node_career_historical_shi_xie_01	3k_main_ceo_node_career_historical_shi_xie_01	0	Governor Shi	With his long and distinguished record of sophisticated service, Shi Xie is destined for stately eminence.	UI/Campaign UI/traits/icon_impeccable_good.png	3k_main_opinion_topic_set_attractive_distinguished
3k_main_ceo_node_career_historical_shi_yi	3k_main_ceo_node_career_historical_shi_yi_01	0	Complacent Administrator	"I have no strong feelings one way or the other."		3k_main_opinion_topic_set_loyalty_fraternal
3k_main_ceo_node_career_historical_sima_yi_01	3k_main_ceo_node_career_historical_sima_yi_01	0	Silver Eminence	"If you cannot fight, defend. If you cannot defend, flee. If you cannot flee, surrender. If you cannot surrender, die!"	UI/Campaign UI/traits/icon_bright_good.png	3k_main_opinion_topic_set_intelligence_brilliant
3k_main_ceo_node_career_historical_sun_ce_01	3k_main_ceo_node_career_historical_sun_ce_01	0	The Little Conqueror	Sun Ce has been likened to the warrior-kings of old, with an aptitude for military leadership that belies his youth.	UI/Campaign UI/traits/icon_temperamental_good.png	3k_main_opinion_topic_set_intensity_fiery
3k_main_ceo_node_career_historical_sun_jian_01	3k_main_ceo_node_career_historical_sun_jian_01	0	Tiger of Jiangdong	Claiming ancestry with the renowned military strategist Sun Tzu, the fearless Sun Jian has war flowing through his veins.	UI/Campaign UI/traits/icon_brave_good.png	3k_main_opinion_topic_set_bravery_brave
3k_main_ceo_node_career_historical_sun_qian_01	3k_main_ceo_node_career_historical_sun_qian_01	0	Upstanding Loyalist	Sun Qian’s word is an unwavering bond.	UI/Campaign UI/traits/icon_stalwart_good.png	3k_main_opinion_topic_set_loyalty_stalwart
3k_main_ceo_node_career_historical_sun_quan_01	3k_main_ceo_node_career_historical_sun_quan_01	0	Emerald-eyed Administrator	Striking looks and a sturdy frame betokens Sun Quan’s great nobility, heroism and longevity.	UI/Campaign UI/traits/icon_impeccable_good.png	3k_main_opinion_topic_set_attractive_distinguished
3k_main_ceo_node_career_historical_taishi_ci_01	3k_main_ceo_node_career_historical_taishi_ci_01	0	of Exceptional Dexterity	From horse-riding to archery, Taishi Ci excels in all manner of physical pursuits.	UI/Campaign UI/traits/icon_dexterous_good.png	3k_main_opinion_topic_set_ability_coordinated
3k_main_ceo_node_career_historical_tao_qian_01	3k_main_ceo_node_career_historical_tao_qian_01	0	Benevolent Arbiter	Tao Qian may be a highly influential and ambitious figure, but expansionism is not on his personal agenda.	UI/Campaign UI/traits/icon_honest_good.png	3k_main_opinion_topic_set_trust_sincere
3k_main_ceo_node_career_historical_wang_kuang	3k_main_ceo_node_career_historical_wang_kuang_01	0	placeholder	placeholder	UI/Campaign UI/traits/icon_relentless_good.png	3k_main_opinion_topic_set_determination_determined
3k_main_ceo_node_career_historical_wang_lang_01	3k_main_ceo_node_career_historical_wang_lang_01	0	Ardent Educator	A keen imparter of knowledge, even when it is neither wanted nor welcome.	UI/Campaign UI/traits/icon_intelligent_good.png	3k_main_opinion_topic_set_intelligence_scholarly
3k_main_ceo_node_career_historical_wang_xiu_01	3k_main_ceo_node_career_historical_wang_xiu_01	0	The Righteous Hero	Never can it be said that Wang Xiu was ever disloyal, dishonourable or unwilling to come to the aid of those he serves.	UI/Campaign UI/traits/icon_honourable_good.png	3k_main_opinion_topic_set_honour_honourable
3k_main_ceo_node_career_historical_wei_yan_01	3k_main_ceo_node_career_historical_wei_yan_01	0	Disobedient Tiger	For the distrustful Wei Yan, a violent betrayal always simmers below the surface.	UI/Campaign UI/traits/icon_loyal_good.png	3k_main_opinion_topic_set_loyalty_disloyal
3k_main_ceo_node_career_historical_wen_chou_01	3k_main_ceo_node_career_historical_wen_chou_01	0	Fierce Firebrand	"If only Wen Chou were here, I’d have nothing to fear!"	UI/Campaign UI/traits/icon_temperamental_good.png	3k_main_opinion_topic_set_intensity_fiery
3k_main_ceo_node_career_historical_wu_huan	3k_main_ceo_node_career_historical_wu_huan_01	0	Southern Rebel	"You can take my lands, but you'll never take my freedom. Oh, oh you actually can?"		3k_main_opinion_topic_set_intimidation_intimidating
3k_main_ceo_node_career_historical_xiahou_dun_01	3k_main_ceo_node_career_historical_xiahou_dun_01	0	Hot-headed Officer	Those who know Xiahou Dun know not to get on his bad side.	UI/Campaign UI/traits/icon_temperamental_good.png	3k_main_opinion_topic_set_intensity_fiery
3k_main_ceo_node_career_historical_xiahou_dun_02	3k_main_ceo_node_career_historical_xiahou_dun_01	0	The One-eyed Exile	"You really don't want to know what he did with his eye after losing it to that arrow…"	UI/Campaign UI/traits/icon_temperamental_good.png	3k_main_opinion_topic_set_intensity_fiery
3k_main_ceo_node_career_historical_xiahou_yuan_01	3k_main_ceo_node_career_historical_xiahou_yuan_01	0	Maker of Ways	When it comes to military logistics, where there’s a will, Xiahou Yuan has a way.	UI/Campaign UI/traits/icon_creative_good.png	3k_main_opinion_topic_set_virtue_resourceful
3k_main_ceo_node_career_historical_xu_chu_01	3k_main_ceo_node_career_historical_xu_chu_01	0	Tiger Fool	Xu Chu is a man of simple thoughts and principles, but an impressive warrior who fights with a bestial rage.	UI/Campaign UI/traits/icon_reckless_good.png	3k_main_opinion_topic_set_intensity_reckless
3k_main_ceo_node_career_historical_xu_gong	3k_main_ceo_node_career_historical_xu_gong_01	0	Resentful Underling	"One day you'll see, oh you'll see, you'll ALL see!"		3k_main_opinion_topic_set_intimidation_feared
3k_main_ceo_node_career_historical_xu_huang_01	3k_main_ceo_node_career_historical_xu_huang_01	0	Guardian of the Gates	When assigned to guardianship, Xu Huang is an immovable sentinel, requiring a tremendous effort to bypass.	UI/Campaign UI/traits/icon_stalwart_good.png	3k_main_opinion_topic_set_determination_determined
3k_main_ceo_node_career_historical_xu_shu_01	3k_main_ceo_node_career_historical_xu_shu_01	0	Disguised Diplomat	His body may be in one place, but his heart is in quite another.	UI/Campaign UI/traits/icon_cunning_good.png	3k_main_opinion_topic_set_vice_deceitful
3k_main_ceo_node_career_historical_xu_zhao	3k_main_ceo_node_career_historical_xu_zhao_01	0	Gracious Protector	"Get behind me!"		3k_main_opinion_topic_set_diplomatic_pacifist
3k_main_ceo_node_career_historical_xun_you_01	3k_main_ceo_node_career_historical_xun_you_01	0	Gentleman Attendant	A member of the learned scholar-gentry, Xun You is a profound thinker of great insight.	UI/Campaign UI/traits/icon_intelligent_good.png	3k_main_opinion_topic_set_intelligence_clever
3k_main_ceo_node_career_historical_xun_yu_01	3k_main_ceo_node_career_historical_xun_yu_01	0	Hegemon's Aide	"Here comes my Zifang!"	UI/Campaign UI/traits/icon_trustworthy_good.png	3k_main_opinion_topic_set_intelligence_artful
3k_main_ceo_node_career_historical_yan_baihu	3k_main_ceo_node_career_historical_yan_baihu_01	0	The White Tiger	"I am Yan Baihu, the White Tiger, hear my roar!"		3k_dlc05_opinion_topic_set_vice_criminal
3k_main_ceo_node_career_historical_yan_liang_01	3k_main_ceo_node_career_historical_yan_liang_01	0	Valiant Vanguard	A foremost general of considerable military prowess, the gutsy Yan Liang is unmatched among ordinary warriors.	UI/Campaign UI/traits/icon_stalwart_good.png	3k_main_opinion_topic_set_bravery_intrepid
3k_main_ceo_node_career_historical_yan_yu	3k_main_ceo_node_career_historical_yan_yu_01	0	Tiger Cub	The most furious cub may not necessarily become the most ferocious tiger.		3k_main_opinion_topic_set_ability_graceful
3k_main_ceo_node_career_historical_yu_jin_01	3k_main_ceo_node_career_historical_yu_jin_01	0	Enforcer of the Law	As an imperious, by-the-book disciplinarian, Yu Jin rules his subordinates with fear and drilled-in obedience.	UI/Campaign UI/traits/icon_stern_good.png	3k_main_opinion_topic_set_discipline_disciplinarian
3k_main_ceo_node_career_historical_yuan_shang_01	3k_main_ceo_node_career_historical_yuan_shang_01	0	Favoured Son	To be chosen is an accolade in its own right. To take the reigns of one's own lineage? Perhaps that is a blessing.		3k_ironic_opinion_topic_set_p_ambition_n_kind
3k_main_ceo_node_career_historical_yuan_shao_01	3k_main_ceo_node_career_historical_yuan_shao_01	0	Preeminent Commander	Yuan Shao's astuteness, dignity and arrogance are the mark of his ancestors, many of whom served emperors past.	UI/Campaign UI/traits/icon_honourable_good.png	3k_main_opinion_topic_set_honour_honourable
3k_main_ceo_node_career_historical_yuan_shu_01	3k_main_ceo_node_career_historical_yuan_shu_01	0	Ambitious Powermonger	Yuan Shu is an ambitious but overconfident individual – time will tell whether such qualities shall trip him or aid his desires.	UI/Campaign UI/traits/icon_ambitious_good.png	3k_main_opinion_topic_set_determination_ambitious
3k_main_ceo_node_career_historical_yue_jin_01	3k_main_ceo_node_career_historical_yue_jin_01	0	The Lion of Yangping	What Yue Jin lacks in stature he makes up for in fierceness, fearlessness, and deadliness with his bow.	UI/Campaign UI/traits/icon_temperamental_good.png	3k_main_opinion_topic_set_intensity_fiery
3k_main_ceo_node_career_historical_zhang_chao_01	3k_main_ceo_node_career_historical_zhang_chao_01	0	Flowing Calligrapher	Such graceful skills with ink and brush are the mark a man of great education and scholarly puissance.	UI/Campaign UI/traits/icon_intelligent_good.png	3k_main_opinion_topic_set_intelligence_scholarly
3k_main_ceo_node_career_historical_zhang_fei_01	3k_main_ceo_node_career_historical_zhang_fei_01	0	Drunken Brawler	"Hold my wine…"	UI/Campaign UI/traits/icon_drunk_good.png	3k_main_opinion_topic_set_vice_drunk
3k_main_ceo_node_career_historical_zhang_he_01	3k_main_ceo_node_career_historical_zhang_he_01	0	Courageous General	Zhang He’s fearlessness enables him to retain his composure when having to adapt to unfavourable situations.	UI/Campaign UI/traits/icon_brave_good.png	3k_main_opinion_topic_set_bravery_brave
3k_main_ceo_node_career_historical_zhang_kai_01	3k_main_ceo_node_career_historical_zhang_kai_01	0	Slayer of Tyrants	"The unjust rulers of the old regime shall perish."	UI/Campaign UI/traits/icon_relentless_good.png	3k_main_opinion_topic_set_determination_defiant
3k_main_ceo_node_career_historical_zhang_liao_01	3k_main_ceo_node_career_historical_zhang_liao_01	0	The Heavenly Dragon General	The model of professionalism and organisation, Zhang Liao has heavenly leadership skills.	UI/Campaign UI/traits/icon_stern_good.png	3k_main_opinion_topic_set_discipline_stern
3k_main_ceo_node_career_historical_zhang_lu_01	3k_main_ceo_node_career_historical_zhang_lu_01	0	Celestial Master	Just as water penetrates mountains, Zhang Lu always seeks to overcome hardness by his own accord.	UI/Campaign UI/traits/icon_cunning_good.png	3k_main_opinion_topic_set_intelligence_cunning
3k_main_ceo_node_career_historical_zhang_yan_01	3k_main_ceo_node_career_historical_zhang_yan_01	0	King of Black Mountain	With his scores of followers, the bandit leader known as 'Flying Swallow' wields the influence of a king.	UI/Campaign UI/traits/icon_relentless_good.png	3k_dlc05_opinion_topic_set_vice_criminal
3k_main_ceo_node_career_historical_zhang_yang_01	3k_main_ceo_node_career_historical_zhang_yang_01	0	Ignored Warlord	What is the fate of he who is forsaken and unjustly distrusted by his fellow warlords? Only heaven knows.	UI/Campaign UI/traits/icon_anti-social_good.png	3k_main_opinion_topic_set_discretion_solitary
3k_main_ceo_node_career_historical_zhao_yun_01	3k_main_ceo_node_career_historical_zhao_yun_01	0	Light in the Dark	In the darkest times of war, the auras of the most resplendent warriors gleam brightest.	UI/Campaign UI/traits/icon_brave_good.png	3k_main_opinion_topic_set_bravery_brave
3k_main_ceo_node_career_historical_zheng_jiang_01	3k_main_ceo_node_career_historical_zheng_jiang_01	0	Bandit Queen	Hell-bent on plunder, Zheng Jiang goes to unspeakable lengths to obtain her loot.	UI/Campaign UI/traits/icon_ambitious_good.png	3k_dlc05_opinion_topic_set_vice_criminal
3k_main_ceo_node_career_historical_zhou_tai_01	3k_main_ceo_node_career_historical_zhou_tai_01	0	Reformed Brigand	Do not let Zhou Tai's chequered past and grim expression mislead you - he will serve his master with a fierce loyalty.	UI/Campaign UI/traits/icon_stern_good.png	3k_main_opinion_topic_set_loyalty_dutiful
3k_main_ceo_node_career_historical_zhou_yu_01	3k_main_ceo_node_career_historical_zhou_yu_01	0	Melodic Strategist	"If there is a mistake in the tune, Zhou Yu will look up."	UI/Campaign UI/traits/icon_bright_good.png	3k_main_opinion_topic_set_intelligence_bright
3k_main_ceo_node_career_historical_zhu_fu	3k_main_ceo_node_career_historical_zhu_fu_01	0	Inconstant Administrator	Just because you did it one way in the past, is no reason to do it the same way now!		3k_main_opinion_topic_set_caution_cowardly
3k_main_ceo_node_career_historical_zhuge_jin_01	3k_main_ceo_node_career_historical_zhuge_jin_01	0	Bookish Scholar	Having studied history and poetry in years past, Zhuge Jin is a man who appreciates scholarship.	UI/Campaign UI/traits/icon_intelligent_good.png	3k_main_opinion_topic_set_intelligence_scholarly
3k_main_ceo_node_career_historical_zhuge_liang_01	3k_main_ceo_node_career_historical_zhuge_liang_01	0	Sleeping Dragon	A peerless genius and insightful strategist, there are few situations that Zhuge Liang’s astute intellect cannot overcome.	UI/Campaign UI/traits/icon_bright_good.png	3k_main_opinion_topic_set_intelligence_brilliant
3k_main_ceo_node_class_earth_01	3k_main_ceo_node_class_earth_01	0	Noble	Born into the gentry, this one has long since acclimatised to the myriad affairs of regional government.	$ui_treatment$	
3k_main_ceo_node_class_fire_01	3k_main_ceo_node_class_fire_01	0	Soldier	Having trained in martial matters from a young age, combat and warfare has become a way of life.	$ui_treatment$	
3k_main_ceo_node_class_metal_01	3k_main_ceo_node_class_metal_01	0	Artisan	A skilled professional who knows their trade inside out.	$ui_treatment$	
3k_main_ceo_node_class_transitive_01	empty_effects	0	Transitive	Hidden trait for Colonels and Captains. If you see this please let design know.	$ui_treatment$	
3k_main_ceo_node_class_water_01	3k_main_ceo_node_class_water_01	0	Official	An expert in both overt and covert politicking, this one always seems to be on some form of decreed business.	$ui_treatment$	
3k_main_ceo_node_class_wood_01	3k_main_ceo_node_class_wood_01	0	Peasant	Born and bred in the villages of the countryside, peasants know the plants, the soil and the forests.	$ui_treatment$	
3k_main_ceo_node_gender_female_01	3k_main_ceo_node_gender_female_01	0	Female	Women can lift half the sky.	UI/Campaign UI/traits/icon_gender_female.png	
3k_main_ceo_node_gender_male_01	3k_main_ceo_node_gender_male_01	0	Male	All men are brothers, simply divided by fears and interests.	UI/Campaign UI/traits/icon_gender_male.png	
3k_main_ceo_node_potential_legendary_early_01	3k_main_ceo_node_potential_legendary_early_01	0	Legendary	Blessed or cursed, such is the will of heaven.	$ui_treatment$	
3k_main_ceo_node_potential_legendary_early_02	3k_main_ceo_node_potential_legendary_early_02	0	Legendary	Blessed or cursed, such is the will of heaven.	$ui_treatment$	
3k_main_ceo_node_potential_legendary_early_03	3k_main_ceo_node_potential_legendary_early_03	0	Legendary	Blessed or cursed, such is the will of heaven.	$ui_treatment$	
3k_main_ceo_node_potential_legendary_late_01	3k_main_ceo_node_potential_legendary_late_01	0	Legendary	Blessed or cursed, such is the will of heaven.	$ui_treatment$	
3k_main_ceo_node_potential_legendary_late_02	3k_main_ceo_node_potential_legendary_late_02	0	Legendary	Blessed or cursed, such is the will of heaven.	$ui_treatment$	
3k_main_ceo_node_potential_legendary_late_03	3k_main_ceo_node_potential_legendary_late_03	0	Legendary	Blessed or cursed, such is the will of heaven.	$ui_treatment$	
3k_main_ceo_node_potential_legendary_mid_01	3k_main_ceo_node_potential_legendary_mid_01	0	Legendary	Blessed or cursed, such is the will of heaven.	$ui_treatment$	
3k_main_ceo_node_potential_legendary_mid_02	3k_main_ceo_node_potential_legendary_mid_02	0	Legendary	Blessed or cursed, such is the will of heaven.	$ui_treatment$	
3k_main_ceo_node_potential_legendary_mid_03	3k_main_ceo_node_potential_legendary_mid_03	0	Legendary	Blessed or cursed, such is the will of heaven.	$ui_treatment$	
3k_main_ceo_node_protagonist_01	3k_main_ceo_node_protagonist_01	0	Protagonist	HIDDEN	$hidden$	
3k_main_ceo_node_protagonist_02	3k_main_ceo_node_protagonist_02	0	Proponent	HIDDEN	$hidden$	
3k_main_ceo_node_protagonist_03	3k_main_ceo_node_protagonist_03	0	Prime Mover	HIDDEN	$hidden$	
3k_main_ceo_node_trait_personality_aescetic_01	3k_main_ceo_node_trait_personality_aescetic_01	0	Ascetic	Never indulging in excess, this one's watchword is moderation.	UI/Campaign UI/traits/icon_spiritual_wood.png	3k_main_opinion_topic_set_discipline_aescetic
3k_main_ceo_node_trait_personality_ambitious_01	3k_main_ceo_node_trait_personality_ambitious_01	0	Ambitious	This one desires the world, and will go to dangerous lengths to obtain it.	UI/Campaign UI/traits/icon_ambitious_earth.png	3k_main_opinion_topic_set_determination_ambitious
3k_main_ceo_node_trait_personality_arrogant_01	3k_main_ceo_node_trait_personality_arrogant_01	0	Arrogant	Not egotistical, per se, they just see the inferiority in everyone else.	UI/Campaign UI/traits/icon_wise_earth.png	3k_main_opinion_topic_set_vice_arrogant
3k_main_ceo_node_trait_personality_artful_01	3k_main_ceo_node_trait_personality_artful_01	0	Artful	This one sees a remarkable acumen in finding means for their ends.	UI/Campaign UI/traits/icon_trustworthy_metal.png	3k_main_opinion_topic_set_intelligence_artful
3k_main_ceo_node_trait_personality_brave_01	3k_main_ceo_node_trait_personality_brave_01	0	Brave	There is a fine line between fearlessness and foolishness, and this one is no fool.	UI/Campaign UI/traits/icon_brave_wood.png	3k_main_opinion_topic_set_bravery_brave
3k_main_ceo_node_trait_personality_brilliant_01	3k_main_ceo_node_trait_personality_brilliant_01	0	Brilliant	A perennial high-achiever, excelling above others in most of their endeavours.	UI/Campaign UI/traits/icon_bright_water.png	3k_main_opinion_topic_set_intelligence_brilliant
3k_main_ceo_node_trait_personality_careless_01	3k_main_ceo_node_trait_personality_careless_01	0	Careless	This person commits to action without spending too much time in thought beforehand.	UI/Campaign UI/traits/icon_reckless_fire.png	3k_main_opinion_topic_set_folly_careless
3k_main_ceo_node_trait_personality_cautious_01	3k_main_ceo_node_trait_personality_cautious_01	0	Cautious	The enlightened are always heedful, the good full of caution.	UI/Campaign UI/traits/icon_hesitant_earth.png	3k_main_opinion_topic_set_caution_cautious
3k_main_ceo_node_trait_personality_charismatic_01	3k_main_ceo_node_trait_personality_charismatic_01	0	Charismatic	Entranced by this one’s personal charm, people hang on their every word.	UI/Campaign UI/traits/icon_social_earth.png	3k_main_opinion_topic_set_charisma_charismatic
3k_main_ceo_node_trait_personality_charitable_01	3k_main_ceo_node_trait_personality_charitable_01	0	Charitable	This one has a true desire to be generous and useful to others, without a single thought of recompense.	UI/Campaign UI/traits/icon_generous_wood.png	3k_main_opinion_topic_set_goodness_charitable
3k_main_ceo_node_trait_personality_clever_01	3k_main_ceo_node_trait_personality_clever_01	0	Clever	An intelligent thinker, who learns and adapts quicker than others.	UI/Campaign UI/traits/icon_intelligent_water.png	3k_main_opinion_topic_set_intelligence_clever
3k_main_ceo_node_trait_personality_competative_01	3k_main_ceo_node_trait_personality_competative_01	0	Competitive	This highly-competitive individual relishes one-upmanship at every turn.	UI/Campaign UI/traits/icon_relentless_fire.png	3k_main_opinion_topic_set_determination_competitive
3k_main_ceo_node_trait_personality_cowardly_01	3k_main_ceo_node_trait_personality_cowardly_01	0	Cowardly	At even the slightest hint of danger, this one thinks mostly with their legs.	UI/Campaign UI/traits/icon_cowardly_water.png	3k_main_opinion_topic_set_caution_cowardly
3k_main_ceo_node_trait_personality_cruel_01	3k_main_ceo_node_trait_personality_cruel_01	0	Cruel	Wholly indifferent to the pain and suffering of others, this one likely enjoys it.	UI/Campaign UI/traits/icon_angry_fire.png	3k_main_opinion_topic_set_cruelty_cruel
3k_main_ceo_node_trait_personality_cunning_01	3k_main_ceo_node_trait_personality_cunning_01	0	Cunning	This one always either has a plan or is in the process of devising one.	UI/Campaign UI/traits/icon_cunning_water.png	3k_main_opinion_topic_set_intelligence_cunning
3k_main_ceo_node_trait_personality_deceitful_01	3k_main_ceo_node_trait_personality_deceitful_01	0	Deceitful	They have no qualms about misleading people, and frequently do.	UI/Campaign UI/traits/icon_cunning_water.png	3k_main_opinion_topic_set_vice_deceitful
3k_main_ceo_node_trait_personality_defiant_01	3k_main_ceo_node_trait_personality_defiant_01	0	Defiant	Any attempt to hold sway over this one will always be met with dogged resistance.	UI/Campaign UI/traits/icon_relentless_wood.png	3k_main_opinion_topic_set_determination_defiant
3k_main_ceo_node_trait_personality_determined_01	3k_main_ceo_node_trait_personality_determined_01	0	Determined	This person is convinced that the difference between the possible and the impossible is simply one’s persistence.	UI/Campaign UI/traits/icon_stalwart_wood.png	3k_main_opinion_topic_set_determination_determined
3k_main_ceo_node_trait_personality_direct_01	3k_main_ceo_node_trait_personality_direct_01	0	Direct	Tact is not exactly one of this individual's strong points.	UI/Campaign UI/traits/icon_wise_fire.png	3k_main_opinion_topic_set_intensity_direct
3k_main_ceo_node_trait_personality_disciplined_01	3k_main_ceo_node_trait_personality_disciplined_01	0	Disciplinarian	"You will not laugh! You will not cry! You will learn by the numbers and I shall teach you!"	UI/Campaign UI/traits/icon_stern_metal.png	3k_main_opinion_topic_set_discipline_disciplinarian
3k_main_ceo_node_trait_personality_disloyal_01	3k_main_ceo_node_trait_personality_disloyal_01	0	Disloyal	For this recreant, allegiance is temporary, a double-cross always just around the corner.	UI/Campaign UI/traits/icon_loyal_fire.png	3k_main_opinion_topic_set_loyalty_disloyal
3k_main_ceo_node_trait_personality_distinguished_01	3k_main_ceo_node_trait_personality_distinguished_01	0	Distinguished	This one carries themselves with an air of eminence, and is often the most notable person in the room.	UI/Campaign UI/traits/icon_impeccable_fire.png	3k_main_opinion_topic_set_attractive_distinguished
3k_main_ceo_node_trait_personality_dutiful_01	3k_main_ceo_node_trait_personality_dutiful_01	0	Dutiful	Goes about their deeds piously, having bound themselves to their obligations.	UI/Campaign UI/traits/icon_loyal_earth.png	3k_main_opinion_topic_set_loyalty_dutiful
3k_main_ceo_node_trait_personality_elusive_01	3k_main_ceo_node_trait_personality_elusive_01	0	Elusive	Dwelling in the shadows, this one is a master at evading detection and blending into their surroundings.	UI/Campaign UI/traits/icon_cunning_water.png	3k_main_opinion_topic_set_caution_elusive
3k_main_ceo_node_trait_personality_energetic_01	3k_main_ceo_node_trait_personality_energetic_01	0	Energetic	This one spends every waking hour in motion, going about all their activities with excessive enthusiasm.	UI/Campaign UI/traits/icon_cheerful_fire.png	3k_main_opinion_topic_set_intensity_energetic
3k_main_ceo_node_trait_personality_enigmatic_01	3k_main_ceo_node_trait_personality_enigmatic_01	0	Enigmatic	When the world around them is in chaos, this one remains unflappable.	UI/Campaign UI/traits/icon_composed_water.png	3k_main_opinion_topic_set_patience_enigmatic
3k_main_ceo_node_trait_personality_fiery_01	3k_main_ceo_node_trait_personality_fiery_01	0	Fiery	Not a bear to be poked, this one is prone to outbursts of anger.	UI/Campaign UI/traits/icon_temperamental_fire.png	3k_main_opinion_topic_set_intensity_fiery
3k_main_ceo_node_trait_personality_fraternal_01	3k_main_ceo_node_trait_personality_fraternal_01	0	Fraternal	A brother might not always be a friend, but a friend like this is always like a brother.	UI/Campaign UI/traits/icon_loyal_wood.png	3k_main_opinion_topic_set_loyalty_fraternal
3k_main_ceo_node_trait_personality_greedy_01	3k_main_ceo_node_trait_personality_greedy_01	0	Greedy	One who chases two rabbits catches neither, but given the chance, this individual would certainly still try.	UI/Campaign UI/traits/icon_greedy_earth.png	3k_main_opinion_topic_set_vice_greedy
3k_main_ceo_node_trait_personality_honourable_01	3k_main_ceo_node_trait_personality_honourable_01	0	Honourable	A character of integrity and moral rectitude, who has rightfully earned the respect of others.	UI/Campaign UI/traits/icon_honourable_wood.png	3k_main_opinion_topic_set_honour_honourable
3k_main_ceo_node_trait_personality_humble_01	3k_main_ceo_node_trait_personality_humble_01	0	Humble	Like bamboo, the higher this individual grows, the deeper they bow.	UI/Campaign UI/traits/icon_humble_earth.png	3k_main_opinion_topic_set_honour_humble
3k_main_ceo_node_trait_personality_incompetent_01	3k_main_ceo_node_trait_personality_incompetent_01	0	Incompetent	Unable to cope with most situations, are there no limits to this one’s ineptitude?	UI/Campaign UI/traits/icon_foolish_wood.png	3k_main_opinion_topic_set_folly_incompetent
3k_main_ceo_node_trait_personality_indecisive_01	3k_main_ceo_node_trait_personality_indecisive_01	0	Indecisive	Tends to dwell on all the possible options without ever actually committing to one.	UI/Campaign UI/traits/icon_hesitant_metal.png	3k_main_opinion_topic_set_folly_indecisive
3k_main_ceo_node_trait_personality_intimidating_01	3k_main_ceo_node_trait_personality_intimidating_01	0	Intimidating	A menacing individual, who stirs up awe and fear in all those in their presence.	UI/Campaign UI/traits/icon_feared_fire.png	3k_main_opinion_topic_set_intimidation_intimidating
3k_main_ceo_node_trait_personality_kind_01	3k_main_ceo_node_trait_personality_kind_01	0	Kind	A bit of fragrance always clings to the hand that gives roses.	UI/Campaign UI/traits/icon_selfless_earth.png	3k_main_opinion_topic_set_goodness_kind
3k_main_ceo_node_trait_personality_loyal_01	3k_main_ceo_node_trait_personality_loyal_01	0	Loyal	Like an unbreakable blade of grass in a tempest, this one’s loyalty has been proven in the most turbulent circumstances.	UI/Campaign UI/traits/icon_loyal_metal.png	3k_main_opinion_topic_set_loyalty_loyal
3k_main_ceo_node_trait_personality_modest_01	3k_main_ceo_node_trait_personality_modest_01	0	Modest	Deliberately unassuming in their words, actions, and manner.	UI/Campaign UI/traits/icon_humble_earth.png	3k_main_opinion_topic_set_honour_modest
3k_main_ceo_node_trait_personality_pacifist_01	3k_main_ceo_node_trait_personality_pacifist_01	0	Pacifist	The supreme art of war is to subdue an enemy without fighting.	UI/Campaign UI/traits/icon_friendly_water.png	3k_main_opinion_topic_set_diplomatic_pacifist
3k_main_ceo_node_trait_personality_patient_01	3k_main_ceo_node_trait_personality_patient_01	0	Patient	One who endeavours to move a mountain begins by carrying away the smallest stones.	UI/Campaign UI/traits/icon_calm_metal.png	3k_main_opinion_topic_set_patience_patient
3k_main_ceo_node_trait_personality_perceptive_01	3k_main_ceo_node_trait_personality_perceptive_01	0	Perceptive	With near-superhuman observation skills, this individual is highly attuned to reading both situations and people.	UI/Campaign UI/traits/icon_wise_water.png	3k_main_opinion_topic_set_perception_perceptive
3k_main_ceo_node_trait_personality_quiet_01	3k_main_ceo_node_trait_personality_quiet_01	0	Quiet	A conversation with this one is often a one-way affair. Frequently goes unnoticed in a room full of people.	UI/Campaign UI/traits/icon_anti-social_water.png	3k_main_opinion_topic_set_discretion_quiet
3k_main_ceo_node_trait_personality_reckless_01	3k_main_ceo_node_trait_personality_reckless_01	0	Reckless	Would be the first to volunteer to extract a tooth from a tiger’s mouth.	UI/Campaign UI/traits/icon_brave_wood.png	3k_main_opinion_topic_set_intensity_reckless
3k_main_ceo_node_trait_personality_resourceful_01	3k_main_ceo_node_trait_personality_resourceful_01	0	Resourceful	Willing to bend instead of break.	UI/Campaign UI/traits/icon_intelligent_water.png	3k_main_opinion_topic_set_virtue_resourceful
3k_main_ceo_node_trait_personality_scholarly_01	3k_main_ceo_node_trait_personality_scholarly_01	0	Scholarly	For this individual, to study and learn is to attain treasures that cannot be lost or stolen.	UI/Campaign UI/traits/icon_creative_metal.png	3k_main_opinion_topic_set_intelligence_scholarly
3k_main_ceo_node_trait_personality_sincere_01	3k_main_ceo_node_trait_personality_sincere_01	0	Sincere	For every good reason to lie, this one will always find a better one to be honest.	UI/Campaign UI/traits/icon_honest_earth.png	3k_main_opinion_topic_set_trust_sincere
3k_main_ceo_node_trait_personality_solitary_01	3k_main_ceo_node_trait_personality_solitary_01	0	Solitary	Totally at peace with themselves, they prefer their own company.	UI/Campaign UI/traits/icon_anti-social_metal.png	3k_main_opinion_topic_set_discretion_solitary
3k_main_ceo_node_trait_personality_stubborn_01	3k_main_ceo_node_trait_personality_stubborn_01	0	Stubborn	Whether or not they choose the correct path, little can detract them from it.	UI/Campaign UI/traits/icon_anti-social_wood.png	3k_main_opinion_topic_set_determination_stubborn
3k_main_ceo_node_trait_personality_superstitious_01	3k_main_ceo_node_trait_personality_superstitious_01	0	Superstitious	This one carries around a three-legged toad. Yes, really.	UI/Campaign UI/traits/icon_spiritual_wood.png	3k_main_opinion_topic_set_folly_superstitious
3k_main_ceo_node_trait_personality_suspicious_01	3k_main_ceo_node_trait_personality_suspicious_01	0	Suspicious	"The absence of evidence is not evidence of absence!"	UI/Campaign UI/traits/icon_anti-social_water.png	3k_main_opinion_topic_set_folly_suspicious
3k_main_ceo_node_trait_personality_trusting_01	3k_main_ceo_node_trait_personality_trusting_01	0	Trusting	This one sees the good in people, even when there is none.	UI/Campaign UI/traits/icon_social_metal.png	3k_main_opinion_topic_set_trust_trusting
3k_main_ceo_node_trait_personality_undiscovered		0	Undiscovered Trait	This individual's destiny remains a mystery.		
3k_main_ceo_node_trait_personality_unobservant_01	3k_main_ceo_node_trait_personality_unobservant_01	0	Unobservant	This one may have eyes, but more often than not, they cannot see.	UI/Campaign UI/traits/icon_foolish_wood.png	3k_main_opinion_topic_set_folly_unobservant
3k_main_ceo_node_trait_personality_vain_01	3k_main_ceo_node_trait_personality_vain_01	0	Vain	The fly on the water buffalo’s back thinks itself better than the water buffalo himself.	UI/Campaign UI/traits/icon_bright_fire.png	3k_main_opinion_topic_set_vice_vain
3k_main_ceo_node_trait_personality_vengeful_01	3k_main_ceo_node_trait_personality_vengeful_01	0	Vengeful	Whenever wronged, this one emphatically repays their perceived injustices in kind, no matter how small.	UI/Campaign UI/traits/icon_feared_fire.png	3k_main_opinion_topic_set_intimidation_vengeful
3k_main_ceo_node_trait_physical_agile_01	3k_main_ceo_node_trait_physical_agile_01	0	Agile	A combination of speed, strength, and flexibility grants this individual the physical aptitude of an acrobat.	UI/Campaign UI/traits/icon_cowardly_good.png	3k_main_opinion_topic_set_ability_agile
3k_main_ceo_node_trait_physical_beautiful_01	3k_main_ceo_node_trait_physical_beautiful_01	0	Beautiful	Turning heads wherever they go, the heavens have gifted this one with stunning looks.	UI/Campaign UI/traits/icon_beautiful_good.png	3k_main_opinion_topic_set_attractive_beautiful
3k_main_ceo_node_trait_physical_blind_01	3k_main_ceo_node_trait_physical_blind_01	0	Blind	Their life’s path has led them to lose their eyesight, but they bear it without misery.	UI/Campaign UI/traits/icon_battle_wound_bad.png	3k_main_opinion_topic_set_debilitation_blind
3k_main_ceo_node_trait_physical_clumsy_01	3k_main_ceo_node_trait_physical_clumsy_01	0	Clumsy	Even when carrying out the most mundane tasks, they are like a bull in a china shop!	UI/Campaign UI/traits/icon_clumsy_bad.png	3k_main_opinion_topic_set_weakness_clumsy
3k_main_ceo_node_trait_physical_coordinated_01	3k_main_ceo_node_trait_physical_coordinated_01	0	Co-ordinated	This person has an uncanny control of their limbs!	UI/Campaign UI/traits/icon_dexterous_good.png	3k_main_opinion_topic_set_ability_coordinated
3k_main_ceo_node_trait_physical_decrepit_01	3k_main_ceo_node_trait_physical_decrepit_01	0	Decrepit	The years have not been kind to this individual, they are visibly the worse for wear.	UI/Campaign UI/traits/icon_weak_bad.png	3k_main_opinion_topic_set_debilitation_decrepit
3k_main_ceo_node_trait_physical_drunk_01	3k_main_ceo_node_trait_physical_drunk_01	0	Drunk	"He who drinks, dies. He who doesn't drink, dies as well."	UI/Campaign UI/traits/icon_drunk_bad.png	3k_main_opinion_topic_set_vice_drunk
3k_main_ceo_node_trait_physical_eunuch_01	3k_main_ceo_node_trait_physical_eunuch_01	0	Eunuch	Men without their manhood may still have a purpose.	UI/Campaign UI/traits/icon_weak_bad.png	3k_main_opinion_topic_set_debilitation_eunuch
3k_main_ceo_node_trait_physical_fat_01	3k_main_ceo_node_trait_physical_fat_01	0	Fat	Who ate all the rice?	UI/Campaign UI/traits/icon_clumsy_bad.png	3k_main_opinion_topic_set_vice_fat
3k_main_ceo_node_trait_physical_fertile_01	3k_main_ceo_node_trait_physical_fertile_01	0	Fertile	A most virile individual, this one’s bloodline is most definitely assured.	UI/Campaign UI/traits/icon_healthy_good.png	3k_main_opinion_topic_set_strength_fertile
3k_main_ceo_node_trait_physical_graceful_01	3k_main_ceo_node_trait_physical_graceful_01	0	Graceful	Moves with the balletic grace of a butterfly.	UI/Campaign UI/traits/icon_dexterous_good.png	3k_main_opinion_topic_set_ability_graceful
3k_main_ceo_node_trait_physical_handsome_01	3k_main_ceo_node_trait_physical_handsome_01	0	Handsome	When one possesses aesthetic features so agreeable to the eye, shortcomings in personality or wealth matter little.	UI/Campaign UI/traits/icon_beautiful_good.png	3k_main_opinion_topic_set_attractive_handsome
3k_main_ceo_node_trait_physical_healthy_01	3k_main_ceo_node_trait_physical_healthy_01	0	Healthy	A notable specimen of robust health and physical well-being.	UI/Campaign UI/traits/icon_healthy_good.png	3k_main_opinion_topic_set_strength_healthy
3k_main_ceo_node_trait_physical_heartbroken_01	3k_main_ceo_node_trait_physical_heartbroken_01	0	Heartbroken	"Yes, hearts can break, but I think it would be better if we died when they did…"	UI/Campaign UI/traits/icon_heartbroken_bad.png	3k_main_opinion_topic_set_weakness_heartbroken
3k_main_ceo_node_trait_physical_ill_01	3k_main_ceo_node_trait_physical_ill_01	-1	Physically Ill	Stay away… this one’s contagious.	UI/Campaign UI/traits/icon_sickly_bad.png	3k_main_opinion_topic_set_sickness_physically_ill
3k_main_ceo_node_trait_physical_infertile_01	3k_main_ceo_node_trait_physical_infertile_01	0	Infertile	This one has perhaps been kicked in the groin one too many times.	UI/Campaign UI/traits/icon_healthy_bad.png	3k_main_opinion_topic_set_weakness_infertile
3k_main_ceo_node_trait_physical_lovestruck_01	3k_main_ceo_node_trait_physical_lovestruck_01	0	Lovestruck	Having recently become enamoured with another, this person is distant, distracted, and constantly daydreaming.	UI/Campaign UI/traits/icon_love_good.png	
3k_main_ceo_node_trait_physical_lumbering_01	3k_main_ceo_node_trait_physical_lumbering_01	0	Lumbering	This one moves with the grace of an inebriated panda.	UI/Campaign UI/traits/icon_clumsy_bad.png	3k_main_opinion_topic_set_weakness_lumbering
3k_main_ceo_node_trait_physical_mad_01	3k_main_ceo_node_trait_physical_mad_01	0	Mad	The lanterns are lit, but no-one’s home.	UI/Campaign UI/traits/icon_mad_bad.png	3k_main_opinion_topic_set_folly_mad
3k_main_ceo_node_trait_physical_maimed_arm_01	3k_main_ceo_node_trait_physical_maimed_arm_01	0	Maimed	"Quick, take my good hand!"	UI/Campaign UI/traits/icon_battle_wound_bad.png	3k_main_opinion_topic_set_debilitation_maimed
3k_main_ceo_node_trait_physical_maimed_leg_01	3k_main_ceo_node_trait_physical_maimed_leg_01	0	Lame	"I used to be a warrior like you…"	UI/Campaign UI/traits/icon_battle_wound_bad.png	3k_main_opinion_topic_set_debilitation_lame_serious
3k_main_ceo_node_trait_physical_one-eyed_01	3k_main_ceo_node_trait_physical_one-eyed_01	0	One-eyed	It’s hard to tell whether this character is winking or blinking…	UI/Campaign UI/traits/icon_battle_wound_bad.png	3k_main_opinion_topic_set_debilitation_one_eyed
3k_main_ceo_node_trait_physical_poxxed_01	3k_main_ceo_node_trait_physical_poxxed_01	0	Poxed	Covered in boils and pustules, heaven has cursed this individual to the life of a leper.	UI/Campaign UI/traits/icon_scarred_bad.png	3k_main_opinion_topic_set_sickness_poxed
3k_main_ceo_node_trait_physical_scarred_01	3k_main_ceo_node_trait_physical_scarred_01	0	Scarred	These skin disfigurements are the remnants of a brutal and painful past.	UI/Campaign UI/traits/icon_scarred_bad.png	3k_main_opinion_topic_set_scarred
3k_main_ceo_node_trait_physical_shu_tiger_general_01	3k_main_ceo_node_trait_physical_shu_tiger_general_01	0	Tiger General	One of the 'Five Tiger Generals of Shu', the most meritorious war leaders in the kingdom.	UI/Campaign UI/traits/icon_tiger_tally_good.png	
3k_main_ceo_node_trait_physical_sickly_01	3k_main_ceo_node_trait_physical_sickly_01	-1	Sickly	The miracles of Hua Tuo himself could not heal this one of their constant afflictions.	UI/Campaign UI/traits/icon_sickly_bad.png	3k_main_opinion_topic_set_sickness_sickly
3k_main_ceo_node_trait_physical_strong_01	3k_main_ceo_node_trait_physical_strong_01	0	Strong	This one is as strong as an ox.	UI/Campaign UI/traits/icon_strong_good.png	3k_main_opinion_topic_set_strength_strong
3k_main_ceo_node_trait_physical_sui_knight_01	3k_main_ceo_node_trait_physical_sui_knight_01	0	Sui Knight	One of the formidable 'Knights of Han Sui', this warrior is not to be trifled with!	UI/Campaign UI/traits/icon_tiger_tally_good.png	
3k_main_ceo_node_trait_physical_tough_01	3k_main_ceo_node_trait_physical_tough_01	0	Tough	Tough times never last, but tough people generally do.	UI/Campaign UI/traits/icon_strong_good.png	3k_main_opinion_topic_set_strength_tough
3k_main_ceo_node_trait_physical_weak_01	3k_main_ceo_node_trait_physical_weak_01	0	Weak	A gust of wind would blow this one right over. They are unsuited to any vocation that requires heavy lifting.	UI/Campaign UI/traits/icon_weak_bad.png	3k_main_opinion_topic_set_weakness_weak
3k_main_ceo_node_trait_physical_wei_elite_general_01	3k_main_ceo_node_trait_physical_wei_elite_general_01	0	Elite General	One of the 'Five Elite Generals of Wei', the cream of all military commanders.	UI/Campaign UI/traits/icon_tiger_tally_good.png	
3k_main_ceo_node_wealth_01	3k_korea_ceo_node_wealth_01	0	Clerk	Poverty keeps one honest.	UI/Campaign UI/traits/icon_wealth_low.png	
3k_main_ceo_node_wealth_02	3k_korea_ceo_node_wealth_02	0	placeholder	placeholder	UI/Campaign UI/traits/icon_wealth_low.png	
3k_main_ceo_node_wealth_03	3k_korea_ceo_node_wealth_03	0	placeholder	placeholder	UI/Campaign UI/traits/icon_wealth_low.png	
3k_main_ceo_node_wealth_04	3k_korea_ceo_node_wealth_04	0	placeholder	placeholder	UI/Campaign UI/traits/icon_wealth_low.png	
3k_main_ceo_node_wealth_05	3k_korea_ceo_node_wealth_05	0	placeholder	placeholder	UI/Campaign UI/traits/icon_wealth_low.png	
3k_main_ceo_node_wealth_06	3k_korea_ceo_node_wealth_06	0	placeholder	placeholder	UI/Campaign UI/traits/icon_wealth_low.png	
3k_main_ceo_node_wealth_07	3k_korea_ceo_node_wealth_07	0	placeholder	placeholder	UI/Campaign UI/traits/icon_wealth_low.png	
3k_main_ceo_node_wealth_08	3k_korea_ceo_node_wealth_08	0	placeholder	placeholder	UI/Campaign UI/traits/icon_wealth_low.png	
3k_main_ceo_node_wealth_09	3k_korea_ceo_node_wealth_09	0	placeholder	placeholder	UI/Campaign UI/traits/icon_wealth_low.png	
3k_main_ceo_node_wealth_10	3k_korea_ceo_node_wealth_10	0	placeholder	placeholder	UI/Campaign UI/traits/icon_wealth_low.png	
3k_main_ceo_threshold_career_historical_deng_sheng	3k_main_ceo_threshold_career_historical_deng_sheng	0	placeholder	placeholder	UI/Campaign UI/traits/icon_loyal_good.png	3k_main_opinion_topic_set_strength_formidable
3k_main_ceo_threshold_career_historical_guo_yuan	3k_main_ceo_threshold_career_historical_guo_yuan	0	placeholder	placeholder	UI/Campaign UI/traits/icon_relentless_good.png	3k_main_opinion_topic_set_strength_formidable
3k_main_ceo_threshold_career_historical_xia_zhao	3k_main_ceo_threshold_career_historical_xia_zhao	0	placeholder	placeholder	UI/Campaign UI/traits/icon_cunning_good.png	3k_main_opinion_topic_set_discipline_disciplinarian
3k_main_ceo_threshold_career_historical_zuozhi_zhulan	3k_main_ceo_threshold_career_historical_zuozhi_zhulan	0	placeholder	placeholder	UI/Campaign UI/traits/icon_loyal_good.png	3k_main_opinion_topic_set_honour_honourable
3k_main_threshold_ancillary_weapon_crossbow_exceptional	3k_dlc04_ancillary_weapon_crossbow_prince_liu_chong_unique	0	placeholder	placeholder	weapons/3k_dlc04_ancillary_weapon_crossbow_prince_liu_chong_unique.png	
3k_main_threshold_ancillary_weapon_crossbow_refined	3k_dlc04_ancillary_weapon_crossbow_prince_liu_chong_unique	0	placeholder	placeholder	weapons/3k_dlc04_ancillary_weapon_crossbow_prince_liu_chong_unique.png	
3k_main_threshold_ancillary_weapon_sword_and_shield_exceptional	3k_main_threshold_ancillary_weapon_sword_and_shield_exceptional	0	placeholder	placeholder	weapons/3k_main_ancillary_sword_and_shield_common.png	
3k_main_threshold_ancillary_weapon_sword_and_shield_refined	3k_main_threshold_ancillary_weapon_sword_and_shield_refined	0	placeholder	placeholder	weapons/3k_main_ancillary_sword_and_shield_common.png	
3k_main_threshold_ancilliary_armour_han_hao_armour_unique	3k_main_threshold_ancilliary_armour_han_hao_armour_unique	0	placeholder	placeholder	armours/3k_main_ancillary_wood_armour_unique.png	
3k_main_threshold_ancilliary_deng_sheng_armour_unique	3k_main_threshold_ancilliary_deng_sheng_armour_unique	0	Deng Sheng's Armour	The perfect weight and fit, tailored for this warrior of class and distinction.	armours/3k_main_ancillary_fire_armour_unique.png	
3k_main_threshold_ancilliary_guo_yuan_armour_unique	3k_main_threshold_ancilliary_guo_yuan_armour_unique	0	Guo Yuan's Armour	The perfect weight and fit, tailored for this warrior of class and distinction.	armours/3k_main_ancillary_fire_armour_unique.png	
3k_main_threshold_ancilliary_qiujiliu_armour_unique	3k_main_threshold_ancilliary_qiujiliu_armour_unique	0	placeholder	placeholder	ui/ancillaries/armours/3k_puzzle_ancillary_dark_crow.png	
3k_main_threshold_ancilliary_song_jian_armour_unique	3k_main_threshold_ancilliary_song_jian_armour_unique	0	placeholder	placeholder	armours/3k_main_ancillary_metal_armour_unique.png	
3k_main_threshold_ancilliary_xia_zhao_armour_unique	3k_main_threshold_ancilliary_xia_zhao_armour_unique	0	Xia Zhao's Armour	The perfect weight and fit, tailored for this warrior of class and distinction.	armours/3k_main_ancillary_metal_armour_unique.png	
3k_main_threshold_ancilliary_yufuluo_armour_unique	3k_main_threshold_ancilliary_yufuluo_armour_unique	0	placeholder	placeholder	ui/ancillaries/armours/3k_puzzle_ancillary_high_skies.png	
3k_main_threshold_ancilliary_zuozhi_zhulan_armour_unique	3k_main_threshold_ancilliary_zuozhi_zhulan_armour_unique	0	Zuozhi Zhulan's Armour	The perfect weight and fit, tailored for this warrior of class and distinction.	armours/3k_main_ancillary_metal_armour_unique.png	
3k_main_threshold_ceo_career_historical_qiulijiu	3k_main_threshold_ceo_career_historical_qiulijiu	0	placeholder	placeholder	UI/Campaign UI/traits/icon_brave_fire.png	3k_main_opinion_topic_set_cruelty_spiteful
3k_main_threshold_ceo_career_historical_yufuluo	3k_main_threshold_ceo_career_historical_yufuluo	0	placeholder	placeholder	UI/Campaign UI/traits/icon_wise_good.png	3k_main_opinion_topic_set_discipline_stern
3k_mtu_ancillary_accessory_eight_principles_of_yong	3k_mtu_ancillary_accessory_eight_principles_of_yong	0	placeholder	placeholder	accessories/3k_mtu_ancillary_accessory_ep_of_yong.png	
3k_mtu_ancillary_accessory_poem_of_sorrow_and_anger	3k_mtu_ancillary_accessory_poem_of_sorrow_and_anger	0	placeholder	placeholder	accessories/3k_mtu_ancillary_accessory_poem_of_sorrow.png	
3k_mtu_ancillary_armour_jian_yongs_armour_unique	3k_mtu_ancillary_armour_jian_yongs_armour_unique	0	placeholder	placeholder	armours/3k_mtu_ancillary_jian_yongs_armour_unique.png	
3k_mtu_ancillary_armour_lady_cai_yans_armour_unique	3k_mtu_ancillary_armour_lady_cai_yans_armour_unique	0	placeholder	placeholder	armours/3k_mtu_ancillary_lady_cai_yans_armour_unique.png	
3k_mtu_ancillary_armour_zhao_yuns_armour_unique	3k_mtu_ancillary_armour_zhao_yuns_armour_unique	0	Zhao Yun's Armour	The perfect weight and fit, tailored for this warrior of class and distinction.	armours/3k_mtu_ancillary_zhao_yuns_armour_unique.png	
3k_mtu_ancillary_chen_jius_armour_unique	3k_mtu_ancillary_armour_chen_jius_armour_unique	0	placeholder	placeholder	armours/3k_mtu_ancillary_chen_jius_armour_unique.png	
3k_mtu_ancillary_chunyu_qiongs_armour_unique	3k_mtu_ancillary_armour_chunyu_qiongs_armour_unique	0	placeholder	placeholder	armours/3k_mtu_ancillary_chunyu_qiongs_armour_unique.png	
3k_mtu_ancillary_dong_mins_armour_unique	3k_mtu_ancillary_armour_dong_mins_armour_unique	0	placeholder	placeholder	armours/3k_mtu_ancillary_dong_mins_armour_unique.png	
3k_mtu_ancillary_empty_lunchpail	3k_mtu_ancillary_accessory_empty_lunchpail	0	placeholder	placeholder	accessories/3k_mtu_ancillary_empty_lunchpail.png	
3k_mtu_ancillary_gao_shuns_armour_unique	3k_mtu_ancillary_armour_gao_shuns_armour_unique	0	placeholder	placeholder	armours/3k_mtu_ancillary_gao_shuns_armour_unique.png	
3k_mtu_ancillary_guan_xings_armour_unique	3k_mtu_ancillary_armour_guan_xings_armour_unique	0	placeholder	placeholder	armours/3k_mtu_ancillary_guan_xings_armour_unique.png	
3k_mtu_ancillary_guan_xuos_armour_unique	3k_mtu_ancillary_armour_guan_xuos_armour_unique	0	placeholder	placeholder	armours/3k_mtu_ancillary_guan_xuos_armour_unique.png	
3k_mtu_ancillary_hidden_flow	3k_mtu_ancillary_weapon_hidden_flow	0	placeholder	placeholder	weapons/3k_mtu_ancillary_hidden_flow.png	
3k_mtu_ancillary_hua_xins_armour_unique	3k_mtu_ancillary_armour_hua_xins_armour_unique	0	placeholder	placeholder	armours/3k_mtu_ancillary_hua_xins_armour_unique.png	
3k_mtu_ancillary_huang_zus_armour_unique	3k_mtu_ancillary_armour_huang_zus_armour_unique	0	placeholder	placeholder	armours/3k_mtu_ancillary_huang_zus_armour_unique.png	
3k_mtu_ancillary_lady_bian_huilans_armour_unique	3k_mtu_ancillary_armour_lady_bian_huilans_armour_unique	0	placeholder	placeholder	armours/3k_mtu_ancillary_lady_bian_huilans_armour_unique.png	
3k_mtu_ancillary_lady_da_qiaos_armour_unique	3k_mtu_ancillary_armour_lady_da_qiaos_armour_unique	0	placeholder	placeholder	armours/3k_mtu_ancillary_lady_da_qiaos_armour_unique.png	
3k_mtu_ancillary_lady_diao_chans_armour_unique	3k_mtu_ancillary_armour_lady_diao_chans_armour_unique	0	placeholder	placeholder	armours/3k_mtu_ancillary_lady_diao_chans_armour_unique.png	
3k_mtu_ancillary_lady_dong_bais_armour_unique	3k_mtu_ancillary_armour_lady_dong_bais_armour_unique	0	placeholder	placeholder	armours/3k_mtu_ancillary_lady_dong_bais_armour_unique.png	
3k_mtu_ancillary_lady_dong_lis_armour_unique	3k_mtu_ancillary_armour_lady_dong_lis_armour_unique	0	placeholder	placeholder	armours/3k_mtu_ancillary_lady_dong_lis_armour_unique.png	
3k_mtu_ancillary_lady_dong_peishans_armour_unique	3k_mtu_ancillary_armour_lady_dong_peishans_armour_unique	0	placeholder	placeholder	armours/3k_mtu_ancillary_lady_dong_peishans_armour_unique.png	
3k_mtu_ancillary_lady_feis_armour_unique	3k_mtu_ancillary_armour_lady_fei_armour_unique	0	placeholder	placeholder	armours/3k_mtu_ancillary_lady_feis_armour_unique.png	
3k_mtu_ancillary_lady_gao_zhulans_armour_unique	3k_mtu_ancillary_armour_lady_gao_zhulans_armour_unique	0	placeholder	placeholder	armours/3k_mtu_ancillary_lady_gao_zhulans_armour_unique.png	
3k_mtu_ancillary_lady_gongsun_jintings_armour_unique	3k_mtu_ancillary_armour_lady_gongsun_jintings_armour_unique	0	placeholder	placeholder	armours/3k_mtu_ancillary_lady_gongsun_jintings_armour_unique.png	
3k_mtu_ancillary_lady_guan_yinpings_armour_unique	3k_mtu_ancillary_armour_lady_guan_yinpings_armour_unique	0	placeholder	placeholder	armours/3k_mtu_ancillary_lady_guan_yinpings_armour_unique.png	
3k_mtu_ancillary_lady_lu_jis_armour_unique	3k_mtu_ancillary_armour_lady_lu_jis_armour_unique	0	placeholder	placeholder	armours/3k_mtu_ancillary_lady_lu_jis_armour_unique.png	
3k_mtu_ancillary_lady_lu_zhengs_armour_unique	3k_mtu_ancillary_armour_lady_lu_zhengs_armour_unique	0	placeholder	placeholder	armours/3k_mtu_ancillary_lady_lu_zhengs_armour_unique.png	
3k_mtu_ancillary_lady_ma_lanlis_armour_unique	3k_mtu_ancillary_armour_lady_ma_lanlis_armour_unique	0	placeholder	placeholder	armours/3k_mtu_ancillary_lady_ma_lanlis_armour_unique.png	
3k_mtu_ancillary_lady_ma_yunlus_armour_unique	3k_mtu_ancillary_armour_lady_ma_yunlus_armour_unique	0	placeholder	placeholder	armours/3k_mtu_ancillary_lady_ma_yunlus_armour_unique.png	
3k_mtu_ancillary_lady_shis_armour_unique	3k_mtu_ancillary_armour_lady_shis_armour_unique	0	placeholder	placeholder	armours/3k_mtu_ancillary_lady_shis_armour_unique.png	
3k_mtu_ancillary_lady_trieus_armour_unique	3k_mtu_ancillary_armour_lady_trieus_armour_unique	0	placeholder	placeholder	armours/3k_mtu_ancillary_lady_trieus_armour_unique.png	
3k_mtu_ancillary_lady_wang_litings_armour_unique	3k_mtu_ancillary_armour_lady_wang_litings_armour_unique	0	placeholder	placeholder	armours/3k_mtu_ancillary_lady_wang_litings_armour_unique.png	
3k_mtu_ancillary_lady_wu_minyus_armour_unique	3k_mtu_ancillary_armour_lady_wu_minyus_armour_unique	0	placeholder	placeholder	armours/3k_mtu_ancillary_lady_wu_minyus_armour_unique.png	
3k_mtu_ancillary_lady_xiao_qiaos_armour_unique	3k_mtu_ancillary_armour_lady_xiao_qiaos_armour_unique	0	placeholder	placeholder	armours/3k_mtu_ancillary_lady_xiao_qiaos_armour_unique.png	
3k_mtu_ancillary_lady_zhang_jinglans_armour_unique	3k_mtu_ancillary_armour_lady_zhang_jinglan_armour_unique	0	placeholder	placeholder	armours/3k_mtu_ancillary_lady_zhang_jinglans_armour_unique.png	
3k_mtu_ancillary_lady_zhang_xingcais_armour_unique	3k_mtu_ancillary_armour_lady_zhang_xingcais_armour_unique	0	placeholder	placeholder	armours/3k_mtu_ancillary_lady_zhang_xingcais_armour_unique.png	
3k_mtu_ancillary_lady_zou_yuans_armour_unique	3k_mtu_ancillary_armour_lady_zou_yuans_armour_unique	0	placeholder	placeholder	armours/3k_mtu_ancillary_lady_zou_yuans_armour_unique.png	
3k_mtu_ancillary_line_breaker	3k_mtu_ancillary_weapon_line_breaker	0	placeholder	placeholder	weapons/3k_mtu_ancillary_line_breaker.png	
3k_mtu_ancillary_liu_shans_armour_unique	3k_mtu_ancillary_armour_liu_shans_armour_unique	0	placeholder	placeholder	armours/3k_mtu_ancillary_liu_shans_armour_unique.png	
3k_mtu_ancillary_lu_juns_armour_unique	3k_mtu_ancillary_armour_lu_juns_armour_unique	0	placeholder	placeholder	armours/3k_mtu_ancillary_lu_juns_armour_unique.png	
3k_mtu_ancillary_luo_juns_armour_unique	3k_mtu_ancillary_armour_luo_juns_armour_unique	0	placeholder	placeholder	armours/3k_mtu_ancillary_luo_juns_armour_unique.png	
3k_mtu_ancillary_ma_dais_armour_unique	3k_mtu_ancillary_armour_ma_dais_armour_unique	0	placeholder	placeholder	armours/3k_main_ancillary_fire_armour_unique.png	
3k_mtu_ancillary_mount_lady_trieus_elephant_unique	3k_mtu_ancillary_mount_lady_trieus_elephant_unique	0	Queen's White Elephant	Lady Trieu's white elephant.	mounts/3k_mtu_ancillary_mount_lady_trieus_elephant_unique.png	
3k_mtu_ancillary_mount_white_horse_unique	3k_mtu_ancillary_mount_white_horse_unique	0	placeholder	placeholder	mounts/3k_main_ancillary_white_elite.png	
3k_mtu_ancillary_phoenix_beak	3k_mtu_ancillary_weapon_phoenix_beak	0	placeholder	placeholder	weapons/3k_mtu_ancillary_phoenix_beak.png	
3k_mtu_ancillary_qu_gongs_armour_unique	3k_mtu_ancillary_armour_qu_gongs_armour_unique	0	placeholder	placeholder	armours/3k_mtu_ancillary_qu_gongs_armour_unique.png	
3k_mtu_ancillary_shen_peis_armour_unique	3k_mtu_ancillary_armour_shen_peis_armour_unique	0	placeholder	placeholder	armours/3k_mtu_ancillary_shen_peis_armour_unique.png	
3k_mtu_ancillary_weapon_comet_spear	3k_mtu_ancillary_weapon_comet_spear	0	placeholder	placeholder	weapons/3k_mtu_ancillary_two_handed_spear_comet.png	
3k_mtu_ancillary_weapon_dachui	3k_mtu_ancillary_weapon_dachui	0	placeholder	placeholder	weapons/3k_mtu_ancillary_dachui.png	
3k_mtu_ancillary_weapon_diplomat	3k_mtu_ancillary_weapon_diplomat	0	placeholder	placeholder	weapons/3k_mtu_ancillary_blade_diplomat.png	
3k_mtu_ancillary_weapon_goshawk	3k_mtu_ancillary_weapon_goshawk	0	placeholder	placeholder	weapons/3k_mtu_ancillary_bow_goshawk.png	
3k_mtu_ancillary_weapon_hawk	3k_mtu_ancillary_weapon_hawk	0	placeholder	placeholder	weapons/3k_mtu_ancillary_bow_huang_zhong.png	
3k_mtu_ancillary_weapon_hometowns_bow	3k_mtu_ancillary_weapon_hometowns_bow	0	placeholder	placeholder	weapons/3k_mtu_ancillary_bow_taishi_ci.png	
3k_mtu_ancillary_weapon_invincible	3k_mtu_ancillary_weapon_invincible	0	Invincible	By my one swing spear, your sprit reaches at heaven's door. Good bye.	weapons/3k_mtu_ancillary_two_handed_spear_invincible.png	
3k_mtu_ancillary_weapon_juque	3k_mtu_ancillary_weapon_juque	0	placeholder	placeholder	weapons/3k_mtu_ancillary_blade_juque.png	
3k_mtu_ancillary_weapon_mothers_bow	3k_mtu_ancillary_weapon_mothers_bow	0	placeholder	placeholder	weapons/3k_mtu_ancillary_bow_mothers_bow.png	
3k_mtu_ancillary_weapon_point_piercer	3k_mtu_ancillary_weapon_point_piercer	0	placeholder	placeholder	weapons/3k_mtu_ancillary_two_handed_spear_point_piercer.png	
3k_mtu_ancillary_weapon_sharp_light	3k_mtu_ancillary_weapon_sharp_light	0	placeholder	placeholder	weapons/3k_mtu_ancillary_two_handed_sharp_light.png	
3k_mtu_ancillary_weapon_shengxie	3k_mtu_ancillary_weapon_shengxie	0	placeholder	placeholder	weapons/3k_mtu_ancillary_blade_sheng_xie.png	
3k_mtu_ancillary_weapon_wind_of_north	3k_mtu_ancillary_weapon_wind_of_north	0	placeholder	placeholder	weapons/3k_mtu_ancillary_composite_bow_exceptional.png	
3k_mtu_ancillary_weapon_wind_of_taiyuan	3k_mtu_ancillary_weapon_wind_of_taiyuan	0	placeholder	placeholder	weapons/3k_mtu_ancillary_bow_wind_of_taiyuan.png	
3k_mtu_ancillary_weapon_young_dragon	3k_mtu_ancillary_weapon_young_dragon	0	placeholder	placeholder	weapons/3k_mtu_ancillary_two_handed_spear_young_dragon.png	
3k_mtu_ancillary_wu_anguos_armour_unique	3k_mtu_ancillary_armour_wu_anguos_armour_unique	0	placeholder	placeholder	armours/3k_mtu_ancillary_wu_anguos_armour_unique.png	
3k_mtu_ancillary_yan_xiangs_armour_unique	3k_mtu_ancillary_armour_yan_xiangs_armour_unique	0	placeholder	placeholder	armours/3k_mtu_ancillary_yan_xiangs_armour_unique.png	
3k_mtu_ancillary_zhang_baos_armour_unique	3k_mtu_ancillary_armour_zhang_baos_armour_unique	0	placeholder	placeholder	armours/3k_mtu_ancillary_zhang_baos_armour_unique.png	
3k_mtu_ceo_node_career_historical_chen_jiu_01	3k_mtu_ceo_node_career_historical_chen_jiu_01	0	placeholder	placeholder	UI/Campaign UI/traits/icon_relentless_good.png	3k_main_opinion_topic_set_determination_relentless
3k_mtu_ceo_node_career_historical_chunyu_qiong_reborn	3k_mtu_ceo_node_career_historical_chunyu_qiong_reborn	0	placeholder	placeholder	UI/Campaign UI/traits/icon_stern_good.png	3k_main_opinion_topic_set_discipline_disciplinarian
3k_mtu_ceo_node_career_historical_dong_min_01	3k_mtu_ceo_node_career_historical_dong_min_01	0	placeholder	placeholder	UI/Campaign UI/traits/icon_greedy_earth.png	3k_main_opinion_topic_set_vice_greedy
3k_mtu_ceo_node_career_historical_gao_shun_01	3k_mtu_ceo_node_career_historical_gao_shun_01	0	placeholder	placeholder	UI/Campaign UI/traits/icon_relentless_good.png	3k_main_opinion_topic_set_honour_honourable
3k_mtu_ceo_node_career_historical_guan_xing_01	3k_mtu_ceo_node_career_historical_guan_xing_01	0	placeholder	placeholder	UI/Campaign UI/traits/icon_brave_good.png	3k_main_opinion_topic_set_strength_formidable
3k_mtu_ceo_node_career_historical_guan_xuo_01	3k_mtu_ceo_node_career_historical_guan_xuo_01	0	placeholder	placeholder	UI/Campaign UI/traits/icon_brave_good.png	3k_main_opinion_topic_set_strength_formidable
3k_mtu_ceo_node_career_historical_hua_xin_01	3k_mtu_ceo_node_career_historical_hua_xin_01	0	placeholder	placeholder	UI/Campaign UI/traits/icon_cunning_good.png	3k_main_opinion_topic_set_caution_elusive
3k_mtu_ceo_node_career_historical_jian_yong_01	3k_mtu_ceo_node_career_historical_jian_yong_01	0	placeholder	placeholder	UI/Campaign UI/traits/icon_creative_good.png	3k_main_opinion_topic_set_virtue_resourceful
3k_mtu_ceo_node_career_historical_lady_bian_huilan_01	3k_mtu_ceo_node_career_historical_lady_bian_huilan_01	0	placeholder	placeholder	UI/Campaign UI/traits/icon_wise_earth.png	3k_main_opinion_topic_set_charisma_friendly
3k_mtu_ceo_node_career_historical_lady_da_qiao_01	3k_mtu_ceo_node_career_historical_lady_da_qiao_01	0	placeholder	placeholder	UI/Campaign UI/traits/icon_wise_good.png	3k_main_opinion_topic_set_intelligence_wise
3k_mtu_ceo_node_career_historical_lady_diao_chan_01	3k_mtu_ceo_node_career_historical_lady_diao_chan_01	0	placeholder	placeholder	UI/Campaign UI/traits/icon_beautiful_good.png	3k_main_opinion_topic_set_ability_agile
3k_mtu_ceo_node_career_historical_lady_dong_bai_01	3k_mtu_ceo_node_career_historical_lady_dong_bai_01	0	placeholder	placeholder	UI/Campaign UI/traits/icon_greedy_earth.png	3k_dlc05_opinion_topic_set_vice_criminal
3k_mtu_ceo_node_career_historical_lady_dong_li_01	3k_mtu_ceo_node_career_historical_lady_dong_li_01	0	placeholder	placeholder	UI/Campaign UI/traits/icon_stalwart_fire.png	3k_main_opinion_topic_set_cruelty_spiteful
3k_mtu_ceo_node_career_historical_lady_dong_peishan_01	3k_mtu_ceo_node_career_historical_lady_dong_peishan_01	0	placeholder	placeholder	UI/Campaign UI/traits/icon_wise_earth.png	3k_main_opinion_topic_set_charisma_friendly
3k_mtu_ceo_node_career_historical_lady_fei_01	3k_mtu_ceo_node_career_historical_lady_fei_01	0	placeholder	placeholder	UI/Campaign UI/traits/icon_wise_good.png	3k_main_opinion_topic_set_loyalty_dutiful
3k_mtu_ceo_node_career_historical_lady_gao_zhulan_01	3k_mtu_ceo_node_career_historical_lady_gao_zhulan_01	0	placeholder	placeholder	UI/Campaign UI/traits/icon_beautiful_good.png	3k_main_opinion_topic_set_attractive_beautiful
3k_mtu_ceo_node_career_historical_lady_gongsun_jinting_01	3k_mtu_ceo_node_career_historical_lady_gongsun_jinting_01	0	placeholder	placeholder	UI/Campaign UI/traits/icon_beautiful_good.png	3k_main_opinion_topic_set_attractive_beautiful
3k_mtu_ceo_node_career_historical_lady_guan_yinping_01	3k_mtu_ceo_node_career_historical_lady_guan_yinping_01	0	placeholder	placeholder	UI/Campaign UI/traits/icon_brave_good.png	3k_main_opinion_topic_set_strength_formidable
3k_mtu_ceo_node_career_historical_lady_lu_ji_01	3k_mtu_ceo_node_career_historical_lady_lu_ji_01	0	placeholder	placeholder	UI/Campaign UI/traits/icon_beautiful_good.png	3k_main_opinion_topic_set_attractive_beautiful
3k_mtu_ceo_node_career_historical_lady_lu_zheng_01	3k_mtu_ceo_node_career_historical_lady_lu_zheng_01	0	placeholder	placeholder	UI/Campaign UI/traits/icon_protector_of_people_good.png	3k_main_opinion_topic_set_strength_healthy
3k_mtu_ceo_node_career_historical_lady_ma_lanli_01	3k_mtu_ceo_node_career_historical_lady_ma_lanli_01	0	placeholder	placeholder	UI/Campaign UI/traits/icon_career_soldiery.png	3k_main_opinion_topic_set_bravery_composed
3k_mtu_ceo_node_career_historical_lady_ma_yunlu_01	3k_mtu_ceo_node_career_historical_lady_ma_yunlu_01	0	placeholder	placeholder	UI/Campaign UI/traits/icon_stalwart_good.png	3k_main_opinion_topic_set_determination_determined
3k_mtu_ceo_node_career_historical_lady_shi_01	3k_mtu_ceo_node_career_historical_lady_shi_01	0	placeholder	placeholder	UI/Campaign UI/traits/icon_impeccable_good.png	3k_main_opinion_topic_set_attractive_distinguished
3k_mtu_ceo_node_career_historical_lady_trieu_01	3k_mtu_ceo_node_career_historical_lady_trieu_01	0	placeholder	placeholder	UI/Campaign UI/traits/icon_beautiful_good.png	3k_main_opinion_topic_set_attractive_beautiful
3k_mtu_ceo_node_career_historical_lady_wang_liting_01	3k_mtu_ceo_node_career_historical_lady_wang_liting_01	0	placeholder	placeholder	UI/Campaign UI/traits/icon_stern_metal.png	3k_main_opinion_topic_set_caution_elusive
3k_mtu_ceo_node_career_historical_lady_wu_minyu_01	3k_mtu_ceo_node_career_historical_lady_wu_minyu_01	0	placeholder	placeholder	UI/Campaign UI/traits/icon_understanding_earth.png	3k_main_opinion_topic_set_loyalty_stalwart
3k_mtu_ceo_node_career_historical_lady_xiao_qiao_01	3k_mtu_ceo_node_career_historical_lady_xiao_qiao_01	0	placeholder	placeholder	UI/Campaign UI/traits/icon_loyal_good.png	3k_main_opinion_topic_set_loyalty_loyal
3k_mtu_ceo_node_career_historical_lady_zhang_jinglan_01	3k_mtu_ceo_node_career_historical_lady_zhang_jinglan	0	placeholder	placeholder	UI/Campaign UI/traits/icon_relentless_good.png	3k_dlc05_opinion_topic_set_vice_criminal
3k_mtu_ceo_node_career_historical_lady_zhang_xingcai_01	3k_mtu_ceo_node_career_historical_lady_zhang_xingcai_01	0	placeholder	placeholder	UI/Campaign UI/traits/icon_stalwart_good.png	3k_main_opinion_topic_set_trust_sincere
3k_mtu_ceo_node_career_historical_lady_zou_yuan_01	3k_mtu_ceo_node_career_historical_lady_zou_yuan_01	0	placeholder	placeholder	UI/Campaign UI/traits/icon_beautiful_good.png	3k_main_opinion_topic_set_attractive_beautiful
3k_mtu_ceo_node_career_historical_liu_shan_01	3k_mtu_ceo_node_career_historical_liu_shan_01	0	placeholder	placeholder	UI/Campaign UI/traits/icon_honourable_good.png	3k_main_opinion_topic_set_honour_honourable
3k_mtu_ceo_node_career_historical_lu_jun_01	3k_mtu_ceo_node_career_historical_lu_jun_01	0	placeholder	placeholder	UI/Campaign UI/traits/icon_anti-social_wood.png	3k_main_opinion_topic_set_discretion_quiet
3k_mtu_ceo_node_career_historical_ma_dai_01	3k_mtu_ceo_node_career_historical_ma_dai_01	0	placeholder	placeholder	UI/Campaign UI/traits/icon_humble_wood.png	3k_main_opinion_topic_set_honour_humble
3k_mtu_ceo_node_career_historical_qu_gong_01	3k_mtu_ceo_node_career_historical_qu_gong_01	0	placeholder	placeholder	UI/Campaign UI/traits/icon_ambitious_good.png	3k_dlc05_opinion_topic_set_vice_criminal
3k_mtu_ceo_node_career_historical_wu_anguo_01	3k_mtu_ceo_node_career_historical_wu_anguo_01	0	placeholder	placeholder	UI/Campaign UI/traits/icon_ambitious_good.png	3k_dlc05_opinion_topic_set_vice_criminal
3k_mtu_ceo_node_career_historical_yan_xiang_01	3k_mtu_ceo_node_career_historical_yan_xiang_01	0	placeholder	placeholder	UI/Campaign UI/traits/icon_bright_water.png	3k_main_opinion_topic_set_intelligence_brilliant
3k_mtu_ceo_node_career_historical_zhang_bao_01	3k_mtu_ceo_node_career_historical_zhang_bao_01	0	placeholder	placeholder	UI/Campaign UI/traits/icon_drunk_good.png	3k_main_opinion_topic_set_vice_drunk
3k_mtu_ceo_node_career_historical_zhao_yun_01	3k_mtu_ceo_node_career_historical_zhao_yun_01	0	Zhenjun Jangjun	General	UI/Campaign UI/traits/icon_protector_of_people_good.png	3k_main_opinion_topic_set_loyalty_dutiful
3k_mtu_ceo_node_career_historical_zhu_beng_01	3k_mtu_ceo_node_career_historical_zhu_beng_01	0	placeholder	placeholder	UI/Campaign UI/traits/icon_cunning_good.png	3k_main_opinion_topic_set_intelligence_clever
3k_mtu_ceo_node_career_historical_zhu_tu_01	3k_mtu_ceo_node_career_historical_zhu_tu_01	0	placeholder	placeholder	UI/Campaign UI/traits/icon_friendly_good.png	3k_main_opinion_topic_set_diplomatic_pacifist
3k_ytr_ancillary_accessory_simple_carving_of_huang_lao	3k_ytr_ancillary_accessory_simple_carving_of_huang_lao	0	Old Master	In a tranquil state, one can rule with no need for action.	accessories/3k_ytr_ancillary_accessory_simple_carving_of_huang_lao.png	
3k_ytr_ancillary_accessory_stone_statue_of_zhang_bao	3k_ytr_ancillary_accessory_stone_statue_of_zhang_bao	0	General of Land	Zhang Bao, the 'General of Earth', is immortalised in this small statue.	accessories/3k_ytr_ancillary_accessory_stone_statue_of_zhang_bao.png	
3k_ytr_ancillary_accessory_stone_statue_of_zhang_jue	3k_ytr_ancillary_accessory_stone_statue_of_zhang_jue	0	Great Teacher	This small statue depicts Zhang Jue, the 'General of Heaven'.	accessories/3k_ytr_ancillary_accessory_stone_statue_of_zhang_jue.png	
3k_ytr_ancillary_accessory_stone_statue_of_zhang_liang	3k_ytr_ancillary_accessory_stone_statue_of_zhang_liang	0	General of the People	A small statue of Zhang Liang, the renowned strategist.	accessories/3k_ytr_ancillary_accessory_stone_statue_of_zhang_liang.png	
3k_ytr_ancillary_armour_he_mans_armour_unique	3k_ytr_ancillary_armour_he_mans_armour_unique	0	He Man's Armour	The perfect weight and fit, tailored for this warrior of class and distinction.	armours/3k_ytr_ancillary_armour_he_man_unique.png	
3k_ytr_ancillary_armour_healer_yellow_turban_common	3k_ytr_ancillary_armour_healer_yellow_turban_common	0	Healer's Tunic	Like its wearer, this armour is simple yet functional.	ytr_healer/3k_ytr_ancillary_armour_healer_yellow_turban_common.png	
3k_ytr_ancillary_armour_healer_yellow_turban_exceptional	3k_ytr_ancillary_armour_healer_yellow_turban_exceptional	0	Physician's Robe	Those who hold fast shall be protected.	ytr_healer/3k_ytr_ancillary_armour_healer_yellow_turban_refined.png	
3k_ytr_ancillary_armour_healer_yellow_turban_refined	3k_ytr_ancillary_armour_healer_yellow_turban_refined	0	Curer's Vestments	The seasoned leader wears armour tested by time and combat.	ytr_healer/3k_ytr_ancillary_armour_healer_yellow_turban_exceptional.png	
3k_ytr_ancillary_armour_healer_yellow_turban_unique	3k_ytr_ancillary_armour_healer_yellow_turban_unique	0	Heavenly Mender	Armour so fine it's a physical extension of its lord's commands.	ytr_healer/3k_ytr_ancillary_armour_healer_yellow_turban_unique.png	
3k_ytr_ancillary_armour_pei_yuanshaos_armour_unique	3k_ytr_ancillary_armour_pei_yuanshaos_armour_unique	0	Pei Yuanshao's Armour	The perfect weight and fit, tailored for this warrior of class and distinction.	armours/3k_ytr_ancillary_armour_pei_yuanshao_unique.png	
3k_ytr_ancillary_armour_scholar_medium_yellow_turban_common	3k_ytr_ancillary_armour_scholar_medium_yellow_turban_common	0	Student's Attire	Like its wearer, this armour is simple yet functional.	ytr_scholar/3k_ytr_ancillary_armour_scholar_medium_yellow_turban_common.png	
3k_ytr_ancillary_armour_scholar_medium_yellow_turban_exceptional	3k_ytr_ancillary_armour_scholar_medium_yellow_turban_exceptional	0	Sage's Attire	Those who hold fast shall be protected.	ytr_scholar/3k_ytr_ancillary_armour_scholar_medium_yellow_turban_refined.png	
3k_ytr_ancillary_armour_scholar_medium_yellow_turban_refined	3k_ytr_ancillary_armour_scholar_medium_yellow_turban_refined	0	Disciple's Attire	The seasoned leader wears armour tested by time and combat.	ytr_scholar/3k_ytr_ancillary_armour_scholar_medium_yellow_turban_exceptional.png	
3k_ytr_ancillary_armour_scholar_medium_yellow_turban_unique	3k_ytr_ancillary_armour_scholar_medium_yellow_turban_unique	0	Wisdom's Wrappings	Armour so fine it's a physical extension of its lord's commands.	ytr_scholar/3k_ytr_ancillary_armour_scholar_medium_yellow_turban_unique.png	
3k_ytr_ancillary_armour_veteran_medium_yellow_turban_common	3k_ytr_ancillary_armour_veteran_medium_yellow_turban_common	0	Commoner's Protective Garments	Like its wearer, this armour is simple yet functional.	ytr_veteran/3k_ytr_ancillary_armour_veteran_medium_yellow_turban_common.png	
3k_ytr_ancillary_armour_veteran_medium_yellow_turban_exceptional	3k_ytr_ancillary_armour_veteran_medium_yellow_turban_exceptional	0	General's Uniform	Those who hold fast shall be protected.	ytr_veteran/3k_ytr_ancillary_armour_veteran_medium_yellow_turban_refined.png	
3k_ytr_ancillary_armour_veteran_medium_yellow_turban_refined	3k_ytr_ancillary_armour_veteran_medium_yellow_turban_refined	0	Unit Leader's Outfit	The seasoned leader wears armour tested by time and combat.	ytr_veteran/3k_ytr_ancillary_armour_veteran_medium_yellow_turban_exceptional.png	
3k_ytr_ancillary_armour_veteran_medium_yellow_turban_unique	3k_ytr_ancillary_armour_veteran_medium_yellow_turban_unique	0	Protection of the People	Armour so fine it's a physical extension of its lord's commands.	ytr_veteran/3k_ytr_ancillary_armour_veteran_medium_yellow_turban_unique.png	
3k_ytr_ancillary_armour_zhang_kais_armour_unique	3k_ytr_ancillary_armour_zhang_kais_armour_unique	0	Zhang Kai's Armour	The perfect weight and fit, tailored for this warrior of class and distinction.	armours/3k_ytr_ancillary_armour_zhang_kai_unique.png	
3k_ytr_ancillary_weapon_2h_ball_mace_common	3k_ytr_ancillary_weapon_dual_maces_common	0	Hammer Spear	Devastating when it lands, ineffective if it misses.	weapons/3k_ytr_ancillary_weapon_2h_ball_mace_common.png	
3k_ytr_ancillary_weapon_2h_ball_mace_exceptional	3k_ytr_ancillary_weapon_dual_maces_exceptional	0	Pole Mace	Imagine the force that can be generated by swinging a mace attached to a long pole.	weapons/3k_ytr_ancillary_weapon_2h_ball_mace_exceptional.png	
3k_ytr_ancillary_weapon_2h_ball_mace_refined	3k_ytr_ancillary_weapon_dual_maces_refined	0	Two-handed Mace	If you miss, you'll probably lose your footing; strike, and they are dead.	weapons/3k_ytr_ancillary_weapon_2h_ball_mace_refined.png	
3k_ytr_ancillary_weapon_2h_ball_mace_unique	3k_ytr_ancillary_weapon_dual_maces_unique	0	Headcrusher	"Death by the Headcrusher! Headcrusher!"	weapons/3k_ytr_ancillary_weapon_2h_ball_mace_unique.png	
3k_ytr_ancillary_weapon_dual_maces_common	3k_ytr_ancillary_weapon_staff_common	0	Chuí	To swing just one of these is a challenge, to carry both is a heroic feat.	weapons/3k_ytr_ancillary_weapon_dual_maces_common.png	
3k_ytr_ancillary_weapon_dual_maces_exceptional	3k_ytr_ancillary_weapon_staff_exceptional	0	Identical Chuí	Even their maker cannot tell them apart.	weapons/3k_ytr_ancillary_weapon_dual_maces_exceptional.png	
3k_ytr_ancillary_weapon_dual_maces_refined	3k_ytr_ancillary_weapon_staff_refined	0	Matched Chuí	These twin maces are evenly matched.	weapons/3k_ytr_ancillary_weapon_dual_maces_refined.png	
3k_ytr_ancillary_weapon_dual_maces_unique	3k_ytr_ancillary_weapon_staff_unique	0	Heavenly Bodies	Wrought from meteoric iron, these maces are as unstoppable as they are rare.	weapons/3k_ytr_ancillary_weapon_dual_maces_unique.png	
3k_ytr_ancillary_weapon_staff_common	3k_ytr_ancillary_weapon_2h_ball_mace_common	0	Gun	Even a traveller's walking staff can be a deadly weapon in the right hands.	weapons/3k_ytr_ancillary_weapon_staff_common.png	
3k_ytr_ancillary_weapon_staff_exceptional	3k_ytr_ancillary_weapon_2h_ball_mace_exceptional	0	Reinforced Gun	The wax-wood of this staff has been reinforced with metal, making a deadly weapon.	weapons/3k_ytr_ancillary_weapon_staff_exceptional.png	
3k_ytr_ancillary_weapon_staff_refined	3k_ytr_ancillary_weapon_2h_ball_mace_refined	0	Balanced Gun	Tapering towards the end, this staff is perfectly balanced for combat.	weapons/3k_ytr_ancillary_weapon_staff_refined.png	
3k_ytr_ancillary_weapon_staff_unique	3k_ytr_ancillary_weapon_2h_ball_mace_unique	0	Gun of Purity	Only a warrior untainted by corruption may wield a staff of such perfection.	weapons/3k_ytr_ancillary_weapon_staff_unique.png	
3k_ytr_ceo_equipment_permissions_armour_metal	3k_ytr_ceo_equipment_permissions_armour_metal	0	HIDDEN	HIDDEN		
3k_ytr_ceo_equipment_permissions_armour_water	3k_ytr_ceo_equipment_permissions_armour_water	0	HIDDEN	HIDDEN		
3k_ytr_ceo_equipment_permissions_armour_wood	3k_ytr_ceo_equipment_permissions_armour_wood	0	HIDDEN	HIDDEN		
3k_ytr_ceo_equipment_permissions_weapons_metal	3k_ytr_ceo_equipment_permissions_weapons_metal	0	HIDDEN	HIDDEN		
3k_ytr_ceo_equipment_permissions_weapons_water	3k_ytr_ceo_equipment_permissions_weapons_water	0	HIDDEN	HIDDEN		
3k_ytr_ceo_equipment_permissions_weapons_wood	3k_ytr_ceo_equipment_permissions_weapons_wood	0	HIDDEN	HIDDEN		
3k_ytr_ceo_node_career_heaven_astrologer	3k_ytr_ceo_node_career_heaven_astrologer	0	Astrologer	The movement of the celestial bodies are there to guide us; this one has the talent to interpret them.	UI/Campaign UI/traits/icon_cunning_good.png	3k_main_opinion_topic_set_intelligence_cunning
3k_ytr_ceo_node_career_heaven_monk	3k_ytr_ceo_node_career_heaven_monk	0	Monk	This one has given themselves fully to the Way, to become enlightened and to enlighten others.	UI/Campaign UI/traits/icon_spiritual_good.png	3k_main_opinion_topic_set_discipline_aescetic
3k_ytr_ceo_node_career_heaven_philosopher	3k_ytr_ceo_node_career_heaven_philosopher	0	Philosopher	This person understands that all knowledge is a stepping stone to greater questions and is unafraid to grapple with the unknown.	UI/Campaign UI/traits/icon_intelligent_good.png	3k_main_opinion_topic_set_intelligence_scholarly
3k_ytr_ceo_node_career_heaven_sorcerer	3k_ytr_ceo_node_career_heaven_sorcerer	0	Sorcerer	It is whispered that this one can talk with the spirits to call upon their powers to heal, or if angered, curse others.	UI/Campaign UI/traits/icon_spiritual_good.png	3k_main_opinion_topic_set_folly_superstitious
3k_ytr_ceo_node_career_heaven_writer	3k_ytr_ceo_node_career_heaven_writer	0	Writer	A good writer keeps things clear and succinct.	UI/Campaign UI/traits/icon_intelligent_good.png	3k_main_opinion_topic_set_intelligence_clever
3k_ytr_ceo_node_career_land_brewer	3k_ytr_ceo_node_career_land_brewer	0	Brewer	China has many noble professions, but this person has chosen the noblest: to quench people’s thirst with beer.	UI/Campaign UI/traits/icon_drunk_bad.png	3k_main_opinion_topic_set_vice_drunk
3k_ytr_ceo_node_career_land_builder	3k_ytr_ceo_node_career_land_builder	0	Builder	Realising a building not only requires the technical skill to build, but the imagination to envision and design it.	UI/Campaign UI/traits/icon_stalwart_good.png	3k_main_opinion_topic_set_determination_determined
3k_ytr_ceo_node_career_land_farmer	3k_ytr_ceo_node_career_land_farmer	0	Farmer	When life’s chaos threatens to overwhelm, this one takes to the field to clear their mind by working the land.	UI/Campaign UI/traits/icon_humble_good.png	3k_main_opinion_topic_set_honour_modest
3k_ytr_ceo_node_career_land_jade_carver	3k_ytr_ceo_node_career_land_jade_carver	0	Jade Carver	Years of practice have given this one the precision and patience needed to carve jade.	UI/Campaign UI/traits/icon_calm_good.png	3k_main_opinion_topic_set_patience_patient
3k_ytr_ceo_node_career_land_potter	3k_ytr_ceo_node_career_land_potter	0	Potter	"I have everything - large bowls, small bowls, tiny bowls. A cup? Are you sure you wouldn’t rather have a nice bowl instead?"	UI/Campaign UI/traits/icon_humble_good.png	3k_main_opinion_topic_set_honour_humble
3k_ytr_ceo_node_career_people_advisor	3k_ytr_ceo_node_career_people_advisor	0	Advisor	This person possesses one of those invaluable minds that can quickly understand facts and consider the possibilities from all angles.	UI/Campaign UI/traits/icon_wise_good.png	3k_main_opinion_topic_set_intelligence_wise
3k_ytr_ceo_node_career_people_entertainer	3k_ytr_ceo_node_career_people_entertainer	0	Singer	When this one sings, they manage to carry the original intention of the music while imbuing it with something new.	UI/Campaign UI/traits/icon_social_good.png	3k_main_opinion_topic_set_charisma_charismatic
3k_ytr_ceo_node_career_people_fortune_teller	3k_ytr_ceo_node_career_people_fortune_teller	0	Fortune-teller	"I can tell you your future, but I cannot guarantee whether or not you will be glad of what you hear."	UI/Campaign UI/traits/icon_composed_good.png	3k_main_opinion_topic_set_patience_enigmatic
3k_ytr_ceo_node_career_people_musician	3k_ytr_ceo_node_career_people_musician	0	Musician	When this one plays, the world pauses for a short while to listen.	UI/Campaign UI/traits/icon_dexterous_good.png	3k_main_opinion_topic_set_ability_coordinated
3k_ytr_ceo_node_career_people_physician	3k_ytr_ceo_node_career_people_physician	0	Physician	When someone falls ill, they call on this person to unblock their Qi and restore balance.	UI/Campaign UI/traits/icon_healthy_good.png	3k_main_opinion_topic_set_strength_healthy
3k_ytr_ceo_node_class_heaven	3k_ytr_ceo_node_class_heaven	0	Heaven	Heaven - this should not be shown		
3k_ytr_ceo_node_class_land	3k_ytr_ceo_node_class_land	0	Land	Land - this should not be shown		
3k_ytr_ceo_node_class_people	3k_ytr_ceo_node_class_people	0	People	People - this should not be shown		
3k_ytr_ceo_node_learning_student_01	3k_ytr_ceo_node_learning_student_01	0	Follower	This one sympathises with the Yellow Turban cause and does their best to adhere to its ideals.	UI/Campaign UI/traits/icon_leader_of_people_good.png	
3k_ytr_ceo_node_learning_student_02	3k_ytr_ceo_node_learning_student_02	0	Pupil	This person has begun studying the Tao to educate themselves properly in the Way.	UI/Campaign UI/traits/icon_leader_of_people_good.png	
3k_ytr_ceo_node_learning_student_03	3k_ytr_ceo_node_learning_student_03	0	Student	This one has sought out a teacher to instruct them in the Tao and to help them reach enlightenment.	UI/Campaign UI/traits/icon_leader_of_people_good.png	
3k_ytr_ceo_node_learning_student_04	3k_ytr_ceo_node_learning_student_04	0	Academic	This person has completed the preliminaries of the Tao and has moved onto more difficult interpretations.	UI/Campaign UI/traits/icon_leader_of_people_good.png	
3k_ytr_ceo_node_learning_student_05	3k_ytr_ceo_node_learning_student_05	0	Attendant	This one has become an attendant to aid a Taoist teacher and to improve their own understanding of the Way.	UI/Campaign UI/traits/icon_leader_of_people_good.png	
3k_ytr_ceo_node_learning_student_06	3k_ytr_ceo_node_learning_student_06	0	Devoted Student	Realising that the Tao is all, this one has forsaken all else to give their life to following and preaching the Way.	UI/Campaign UI/traits/icon_leader_of_people_good.png	
3k_ytr_ceo_node_learning_student_07	3k_ytr_ceo_node_learning_student_07	0	Enlightened Student	Inspired by a great teacher, this person has decided to follow their path and become one themselves.	UI/Campaign UI/traits/icon_leader_of_people_good.png	
3k_ytr_ceo_node_learning_student_08	3k_ytr_ceo_node_learning_student_08	0	Xian	Ultimate wisdom is accepting that, as your knowledge grows, deeper mysteries will open up before you.	UI/Campaign UI/traits/icon_leader_of_people_good.png	
3k_ytr_ceo_node_learning_student_non_yt_01	3k_ytr_ceo_node_learning_student_non_yt_01	0	Follower	This one sympathises with the Yellow Turban cause and does their best to adhere to its ideals.	UI/Campaign UI/traits/icon_leader_of_people_good.png	
3k_ytr_ceo_node_learning_student_non_yt_02	3k_ytr_ceo_node_learning_student_non_yt_02	0	Pupil	This person has begun studying the Tao to educate themselves properly in the Way.	UI/Campaign UI/traits/icon_leader_of_people_good.png	
3k_ytr_ceo_node_learning_student_non_yt_03	3k_ytr_ceo_node_learning_student_non_yt_03	0	Student	This one has sought out a teacher to instruct them in the Tao and to help them reach enlightenment.	UI/Campaign UI/traits/icon_leader_of_people_good.png	
3k_ytr_ceo_node_learning_student_non_yt_04	3k_ytr_ceo_node_learning_student_non_yt_04	0	Academic	This person has completed the preliminaries of the Tao and has moved onto more difficult interpretations.	UI/Campaign UI/traits/icon_leader_of_people_good.png	
3k_ytr_ceo_node_learning_student_non_yt_05	3k_ytr_ceo_node_learning_student_non_yt_05	0	Attendant	This one has become an attendant to aid a Taoist teacher and improve their own understanding of the Way.	UI/Campaign UI/traits/icon_leader_of_people_good.png	
3k_ytr_ceo_node_learning_student_non_yt_06	3k_ytr_ceo_node_learning_student_non_yt_06	0	Enlightened Student	Realising that the Tao is all, this one has forsaken all else to give their life to following and preaching the Way.	UI/Campaign UI/traits/icon_leader_of_people_good.png	
3k_ytr_ceo_node_learning_student_non_yt_07	3k_ytr_ceo_node_learning_student_non_yt_07	0	Student Master	Inspired by a great teacher, this person has decided to follow their path and become one themselves.	UI/Campaign UI/traits/icon_leader_of_people_good.png	
3k_ytr_ceo_node_learning_student_non_yt_08	3k_ytr_ceo_node_learning_student_non_yt_08	0	Xian	Ultimate wisdom is accepting that, as your knowledge grows, deeper mysteries will open up before you.	UI/Campaign UI/traits/icon_leader_of_people_good.png	
3k_ytr_ceo_node_learning_teacher_01	3k_ytr_ceo_node_learning_teacher_01	0	Speaker	A bold and charismatic voice can make even the smallest proclamation sound profound and inspiring.	UI/Campaign UI/traits/icon_leader_of_people_good.png	
3k_ytr_ceo_node_learning_teacher_02	3k_ytr_ceo_node_learning_teacher_02	0	Teacher	This person introduces others to the Tao and helps them take their first steps with it.	UI/Campaign UI/traits/icon_leader_of_people_good.png	
3k_ytr_ceo_node_learning_teacher_03	3k_ytr_ceo_node_learning_teacher_03	0	Great Teacher	One can educate without being a great teacher, but this one recognises that each pupil has different needs and addresses them.	UI/Campaign UI/traits/icon_leader_of_people_good.png	
3k_ytr_ceo_node_learning_teacher_04	3k_ytr_ceo_node_learning_teacher_04	0	Master Teacher	Enlightenment is a never-ending journey, but this one is close enough to instruct other teachers.	UI/Campaign UI/traits/icon_leader_of_people_good.png	
3k_ytr_ceo_node_learning_teacher_05	3k_ytr_ceo_node_learning_teacher_05	0	Wise Teacher	This one’s wisdom is such that many old pupils return to them for advice.	UI/Campaign UI/traits/icon_leader_of_people_good.png	
3k_ytr_ceo_node_learning_teacher_06	3k_ytr_ceo_node_learning_teacher_06	0	All-knowing Teacher	"I have just what you need in a beautiful little volume… Now, where did I put it again?"	UI/Campaign UI/traits/icon_leader_of_people_good.png	
3k_ytr_ceo_node_learning_teacher_07	3k_ytr_ceo_node_learning_teacher_07	0	Taoist Priest	This one knows every ritual, song and practice written in the Tao and has the expertise to perform them.	UI/Campaign UI/traits/icon_leader_of_people_good.png	
3k_ytr_ceo_node_learning_teacher_08	3k_ytr_ceo_node_learning_teacher_08	0	Xian	Ultimate wisdom is accepting that, as your knowledge grows, deeper mysteries will open up before you.	UI/Campaign UI/traits/icon_leader_of_people_good.png	
3k_ytr_ceo_node_learning_teacher_ascended_emperor	3k_ytr_ceo_node_learning_teacher_ascended_emperor	0	Yellow Sky Emperor	Our leader declared themselves emperor. They have enacted many military reforms and made us significantly more powerful.	UI/Campaign UI/traits/icon_leader_of_people_good.png	
3k_ytr_ceo_node_trait_personality_benevolent	3k_ytr_ceo_node_trait_personality_benevolent	0	Gracious	This person performs acts of compassion far beyond what is expected of mere etiquette, proving that their heart and deeds are genuine.	UI/Campaign UI/traits/icon_selfless_earth.png	3k_main_opinion_topic_set_charisma_gracious
3k_ytr_ceo_node_trait_personality_gentle_hearted	3k_ytr_ceo_node_trait_personality_gentle_hearted	0	Kind-hearted	Respect earned from kindness has deep roots, whereas that forced from fear lives on shifting sands.	UI/Campaign UI/traits/icon_selfless_wood.png	3k_main_opinion_topic_set_goodness_kind_hearted
3k_ytr_ceo_node_trait_personality_heaven_bright	3k_ytr_ceo_node_trait_personality_heaven_bright	0	Bright	This person can find a use for things others would discard without thinking, so nothing is wasted.	UI/Campaign UI/traits/icon_bright_water.png	3k_main_opinion_topic_set_intelligence_bright
3k_ytr_ceo_node_trait_personality_heaven_creative	3k_ytr_ceo_node_trait_personality_heaven_creative	0	Creative	When a problem confounds other more practically-minded people, this one applies imagination and innovation to find the answer.	UI/Campaign UI/traits/icon_creative_metal.png	3k_main_opinion_topic_set_charisma_creative
3k_ytr_ceo_node_trait_personality_heaven_honest	3k_ytr_ceo_node_trait_personality_heaven_honest	0	Honest	This one believes that to be rich and powerful at the expense of their soul is a fool’s deal, and unworthy of consideration.	UI/Campaign UI/traits/icon_honest_wood.png	3k_main_opinion_topic_set_trust_honest
3k_ytr_ceo_node_trait_personality_heaven_selfless	3k_ytr_ceo_node_trait_personality_heaven_selfless	0	Selfless	By putting others before themselves, this one achieves peace and humility, acting as an example to us all.	UI/Campaign UI/traits/icon_selfless_wood.png	3k_main_opinion_topic_set_goodness_selfless
3k_ytr_ceo_node_trait_personality_heaven_tolerant	3k_ytr_ceo_node_trait_personality_heaven_tolerant	0	Tolerant	This one affects ignorance to small misdemeanours, as a little dipping into the pot every now and then keeps the peace.	UI/Campaign UI/traits/icon_tolerant_earth.png	3k_main_opinion_topic_set_patience_tolerant
3k_ytr_ceo_node_trait_personality_heaven_tranquil	3k_ytr_ceo_node_trait_personality_heaven_tranquil	0	Tranquil	This one is as calm as a still lake; their thoughts possess a mindful clarity and they perform their tasks all the better for it.	UI/Campaign UI/traits/icon_calm_good.png	3k_main_opinion_topic_set_patience_tranquil
3k_ytr_ceo_node_trait_personality_heaven_wise	3k_ytr_ceo_node_trait_personality_heaven_wise	0	Wise	When others are lost, it is this one’s advice they seek out first.	UI/Campaign UI/traits/icon_wise_water.png	3k_main_opinion_topic_set_intelligence_wise
3k_ytr_ceo_node_trait_personality_land_alert	3k_ytr_ceo_node_trait_personality_land_alert	0	Vigilant	This one uncannily evades blows as if they are forewarned of each one.	UI/Campaign UI/traits/icon_stalwart_metal.png	3k_main_opinion_topic_set_perception_vigilant
3k_ytr_ceo_node_trait_personality_land_aspiring	3k_ytr_ceo_node_trait_personality_land_aspiring	0	Committed	Like an arrow, this one is ever-moving towards one goal, sweeping up many others in their wake.	UI/Campaign UI/traits/icon_honourable_earth.png	3k_main_opinion_topic_set_determination_committed
3k_ytr_ceo_node_trait_personality_land_composed	3k_ytr_ceo_node_trait_personality_land_composed	0	Composed	Whenever tragedy strikes, this one remains untroubled and acts as an anchor for others with reason and clear thinking.	UI/Campaign UI/traits/icon_composed_metal.png	3k_main_opinion_topic_set_bravery_composed
3k_ytr_ceo_node_trait_personality_land_courageous	3k_ytr_ceo_node_trait_personality_land_courageous	0	Intrepid	True courage comes from refusing to let fear paralyse you from righteous action, not in denying you feel it to save face.	UI/Campaign UI/traits/icon_stalwart_wood.png	3k_main_opinion_topic_set_bravery_intrepid
3k_ytr_ceo_node_trait_personality_land_generous	3k_ytr_ceo_node_trait_personality_land_generous	0	Philanthropic	This person has few belongings and refuses luxuries to be free of material concerns and focus on the needs of others.	UI/Campaign UI/traits/icon_generous_earth.png	3k_main_opinion_topic_set_goodness_philanthropic
3k_ytr_ceo_node_trait_personality_land_powerful	3k_ytr_ceo_node_trait_personality_land_powerful	0	Formidable	"Show me a warrior that can match my strength and I shall exchange my sword and steed for a spade and plough!"	UI/Campaign UI/traits/icon_brave_fire.png	3k_main_opinion_topic_set_strength_formidable
3k_ytr_ceo_node_trait_personality_land_proud	3k_ytr_ceo_node_trait_personality_land_proud	0	Fulfilled	Harmony comes from accepting things as they are; seeking change within the natural order instead of forcing it.	UI/Campaign UI/traits/icon_foolish_metal.png	3k_main_opinion_topic_set_virtue_fulfilled
3k_ytr_ceo_node_trait_personality_people_amiable	3k_ytr_ceo_node_trait_personality_people_amiable	0	Cordial	Many speak highly of this person, for they are a pleasure to be around and conversation with them is effortless.	UI/Campaign UI/traits/icon_social_earth.png	3k_main_opinion_topic_set_diplomatic_cordial
3k_ytr_ceo_node_trait_personality_people_cheerful	3k_ytr_ceo_node_trait_personality_people_cheerful	0	Cheerful	It is easy to be cynical, but this one remains open to beauty and hope and their optimism is infectious.	UI/Campaign UI/traits/icon_cheerful_wood.png	3k_main_opinion_topic_set_charisma_cheerful
3k_ytr_ceo_node_trait_personality_people_compassionate	3k_ytr_ceo_node_trait_personality_people_compassionate	0	Concerned	This person is not content to simply nod sadly about other people’s troubles but goes out of their way to solve them.	UI/Campaign UI/traits/icon_understanding_earth.png	3k_main_opinion_topic_set_goodness_concerned
3k_ytr_ceo_node_trait_personality_people_friendly	3k_ytr_ceo_node_trait_personality_people_friendly	0	Friendly	This one’s doors are always open, and the tea is always hot.	UI/Campaign UI/traits/icon_social_earth.png	3k_main_opinion_topic_set_charisma_friendly
3k_ytr_ceo_node_trait_personality_people_people_pleaser	3k_ytr_ceo_node_trait_personality_people_people_pleaser	0	Populist	This shrewd individual anticipates and meets the wants of the people, even before they know them themselves!	UI/Campaign UI/traits/icon_tolerant_earth.png	3k_main_opinion_topic_set_diplomatic_populist
3k_ytr_ceo_node_trait_personality_people_stern	3k_ytr_ceo_node_trait_personality_people_stern	0	Stern	An absolute belief in their own ideals as opposed to all others makes this person inflexible and lacking in sympathy.	UI/Campaign UI/traits/icon_stern_metal.png	3k_main_opinion_topic_set_discipline_stern
3k_ytr_ceo_node_trait_personality_people_understanding	3k_ytr_ceo_node_trait_personality_people_understanding	0	Understanding	To help others without being sanctimonious and dismissing what may seem trivial demonstrates true empathy.	UI/Campaign UI/traits/icon_understanding_water.png	3k_main_opinion_topic_set_patience_understanding
3k_ytr_ceo_node_trait_personality_relentless	3k_ytr_ceo_node_trait_personality_relentless	0	Relentless	When this one falls, he who strikes the final blow should dig the grave deeply, for some say even death will not stop them.	UI/Campaign UI/traits/icon_relentless_fire.png	3k_main_opinion_topic_set_determination_relentless
3k_ytr_ceo_node_trait_personality_simple	3k_ytr_ceo_node_trait_personality_simple	0	Uncomplicated	The Tao talks of the usefulness of empty spaces, but the vacuum between this person’s ears may be going too far.	UI/Campaign UI/traits/icon_foolish_wood.png	3k_main_opinion_topic_set_folly_uncomplicated
3k_ytr_ceo_node_trait_personality_stalwart	3k_ytr_ceo_node_trait_personality_stalwart	0	Stalwart	Like a mountain, this one does not strive for greatness, but achieves it by simply being dependable to those that need them.	UI/Campaign UI/traits/icon_stalwart_metal.png	3k_main_opinion_topic_set_loyalty_stalwart
3k_ytr_ceo_node_trait_personality_strong_willed	3k_ytr_ceo_node_trait_personality_strong_willed	0	Obstinate	If told that everyone needed air to live, this person would hold their breath until they passed out.	UI/Campaign UI/traits/icon_anti-social_wood.png	3k_main_opinion_topic_set_determination_obstinate
3k_ytr_ceo_node_trait_personality_temperamental	3k_ytr_ceo_node_trait_personality_temperamental	0	Temperamental	Trying to predict this one’s moods is like trying to close shave with a sword, and every bit as unsettling.	UI/Campaign UI/traits/icon_temperamental_fire.png	3k_main_opinion_topic_set_intensity_temperamental
3k_ytr_ceo_node_trait_personality_trustworthy	3k_ytr_ceo_node_trait_personality_trustworthy	0	Trustworthy	An open and honest face makes it easier to be places where you shouldn’t and hear confidences meant for other ears.	UI/Campaign UI/traits/icon_social_metal.png	3k_main_opinion_topic_set_trust_trustworthy
3k_ytr_ceo_node_trait_personality_vindictive	3k_ytr_ceo_node_trait_personality_vindictive	0	Spiteful	For this person the thrill of a vindictive word or deed as it hits home is as pleasing as a beautiful sunset.	UI/Campaign UI/traits/icon_angry_fire.png	3k_main_opinion_topic_set_cruelty_spiteful
3k_ytr_ceo_node_trait_physical_feared	3k_ytr_ceo_node_trait_physical_feared	0	Feared	A sword will cut one man down, but dread is like a fire that grows and spreads the more it consumes.	UI/Campaign UI/traits/icon_feared_fire.png	3k_main_opinion_topic_set_intimidation_feared
3k_ytr_ceo_node_trait_physical_healer_of_people	3k_ytr_ceo_node_trait_physical_healer_of_people	0	Healer of People	There is no way to protect everyone from harm, only to be on hand with compassion to heal them.	UI/Campaign UI/traits/icon_healer_of__people_good.png	
3k_ytr_ceo_node_trait_physical_impeccable	3k_ytr_ceo_node_trait_physical_impeccable	0	Impeccable	This person is fastidious in their appearance, demonstrating an attention to detail that inspires confidence in others.	UI/Campaign UI/traits/icon_impeccable_fire.png	3k_main_opinion_topic_set_attractive_impeccable
3k_ytr_ceo_node_trait_physical_leader_of_people	3k_ytr_ceo_node_trait_physical_leader_of_people	0	Leader of People	The people need someone to unite them, and this one has the leadership  skills to do it.	UI/Campaign UI/traits/icon_leader_of_people_good.png	
3k_ytr_ceo_node_trait_physical_protector_of_people	3k_ytr_ceo_node_trait_physical_protector_of_people	0	Protector of People	This one recognises China as the people and does everything in their power to safeguard them.	UI/Campaign UI/traits/icon_protector_of_people_good.png	
3k_ytr_ceo_node_trait_physical_sprained_ankle	3k_ytr_ceo_node_trait_physical_sprained_ankle	-1	Lame	The enemy that injured this 'valiant warrior' was a rock that tripped them as they fled the battle. More of a pebble, in fact.	UI/Campaign UI/traits/icon_weak_bad.png	3k_main_opinion_topic_set_debilitation_lame
3k_ytr_ceo_node_trait_physical_wound_festering	3k_ytr_ceo_node_trait_physical_wound_festering	-1	Festering Wound	"When a man bleeds, it’s just tissue."	UI/Campaign UI/traits/icon_festering_wound_bad.png	3k_main_opinion_topic_set_debilitation_festering_wound
3k_ytr_ceo_node_trait_physical_wound_healed	3k_ytr_ceo_node_trait_physical_wound_healed	-1	Healed	Heaven has surely blessed this one, for a serious wound inflicted upon them in battle has healed without even leaving a scar or mark!	UI/Campaign UI/traits/icon_festering_wound_bad.png	3k_main_opinion_topic_set_strength_healed
3k_ytr_ceo_node_trait_physical_wound_wound	3k_ytr_ceo_node_trait_physical_wound_wound	-1	Battle Wound	A war injury still vexes this person when the seasons turn bitter, and may still cause further misery for them.	UI/Campaign UI/traits/icon_festering_wound_bad.png	3k_main_opinion_topic_set_debilitation_battle_wound
ep_ancillary_armour_heavy_armour_fire_extraordinary	ep_ancillary_armour_heavy_armour_fire_extraordinary	0	Unyielding Scale Mail	Not much to look at, but it's got it where it matters.	armours/ep_ancillary_armour_heavy_armour_fire_extraordinary.png	
ep_ancillary_armour_heavy_armour_fire_unique	ep_ancillary_armour_heavy_armour_fire_unique	0	Dragon's Scales	Plates so resistant you would think them the hide of a winged-beast.	armours/ep_ancillary_armour_heavy_armour_fire_unique.png	
ep_ancillary_armour_heavy_armour_wood_extraordinary	ep_ancillary_armour_heavy_armour_wood_extraordinary	0	Redoubtable Mail	This armour is an extension of the self; defence flows through it, to the wearer.	armours/3k_main_ancillary_armour_heavy_armour_wood_extraordinary.png	
ep_ancillary_armour_heavy_armour_wood_unique	ep_ancillary_armour_heavy_armour_wood_unique	0	Nature's Shield	It would be easier to split the very ground than this armour.	armours/3k_main_ancillary_armour_heavy_armour_wood_unique.png	
ep_ancillary_armour_light_armour_earth_extraordinary	ep_ancillary_armour_light_armour_earth_extraordinary	0	Thick Leather Hide	This armour is as a second skin, although considerably firmer.	armours/ep_ancillary_armour_light_armour_earth_extraordinary.png	
ep_ancillary_armour_light_armour_earth_unique	ep_ancillary_armour_light_armour_earth_unique	0	Skin of the Peach Tree	Longevity is granted to those who offer devotion to the blossoms.	armours/ep_ancillary_armour_light_armour_earth_unique.png	
ep_ancillary_armour_light_armour_metal_extraordinary	ep_ancillary_armour_light_armour_metal_extraordinary	0	Proficient's Scale Mail	Hardened over years of use and experience, like its wearer.	armours/3k_main_ancillary_armour_light_armour_metal_extraordinary.png	
ep_ancillary_armour_light_armour_metal_unique	ep_ancillary_armour_light_armour_metal_unique	0	Spirit of the Dog	"Dignity and understanding, friend. That is how we win."	armours/3k_main_ancillary_armour_light_armour_metal_unique.png	
ep_ancillary_armour_medium_armour_earth_extraordinary	ep_ancillary_armour_medium_armour_earth_extraordinary	0	Armour of the Adept	Functional, but masterfully-forged armour for the warrior of renown.	armours/3k_main_ancillary_armour_medium_armour_earth_extraordinary.png	
ep_ancillary_armour_medium_armour_earth_unique	ep_ancillary_armour_medium_armour_earth_unique	0	Enduring Tortoise	Hardened shell to defend against man, nature and heaven.	armours/3k_main_ancillary_armour_medium_armour_earth_unique.png	
ep_ancillary_armour_medium_armour_fire_extraordinary	ep_ancillary_armour_medium_armour_fire_extraordinary	0	The Boistrous Cricket	Possessed of the same alacrity and fighting-joy as its namesake.	armours/3k_main_ancillary_armour_medium_armour_fire_extraordinary.png	
ep_ancillary_armour_medium_armour_fire_unique	ep_ancillary_armour_medium_armour_fire_unique	0	Raiments of War	Provides the wearer ample defence and a preternatural disposition for conflict.	armours/3k_main_ancillary_armour_medium_armour_fire_unique.png	
ep_ancillary_armour_medium_armour_metal_extraordinary	ep_ancillary_armour_medium_armour_metal_extraordinary	0	Sage's Armour	There is wisdom in this armour. Wisdom its wearer will now also possess.	armours/3k_main_ancillary_armour_medium_armour_metal_extraordinary.png	
ep_ancillary_armour_medium_armour_metal_unique	ep_ancillary_armour_medium_armour_metal_unique	0	Words of the Master	Passed down through generations, you embody their words now.	armours/3k_main_ancillary_armour_medium_armour_metal_unique.png	
ep_ancillary_armour_medium_armour_wood_extraordinary	ep_ancillary_armour_medium_armour_wood_extraordinary	0	Forest Skin	Nature provides and defends; this armour is like a wall of oak.	armours/ep_ancillary_armour_medium_armour_wood_extraordinary.png	
ep_ancillary_armour_medium_armour_wood_unique	ep_ancillary_armour_medium_armour_wood_unique	0	The Forest Crane	Like the crane amongst the pines, we endure, survive and thrive.	armours/ep_ancillary_armour_medium_armour_wood_unique.png	
ep_ancillary_armour_strategist_light_armour_water_extraordinary	ep_ancillary_armour_strategist_light_armour_water_extraordinary	0	Intellectual Vestures	"There is a difference between knowing the path and walking the path."	armours/ep_ancillary_armour_strategist_light_armour_water_extraordinary.png	
ep_ancillary_armour_strategist_light_armour_water_unique	ep_ancillary_armour_strategist_light_armour_water_unique	0	Robes of the Mantis	"There is mystery in the way it moves, and beauty too."	armours/ep_ancillary_armour_strategist_light_armour_water_unique.png	
ep_ancillary_sima_ai_armour_unique	ep_ancillary_sima_ai_armour_unique	0	Sima Ai's Armour	The perfect weight and fit, tailored for this warrior of class and distinction.	armours/ep_ancillary_sima_ai_armour_unique.png	
ep_ancillary_sima_jiong_armour_unique	ep_ancillary_sima_jiong_armour_unique	0	Sima Jiong's Armour	The perfect weight and fit, tailored for this warrior of class and distinction.	armours/ep_ancillary_sima_jiong_armour_unique.png	
ep_ancillary_sima_liang_armour_unique	ep_ancillary_sima_liang_armour_unique	0	Sima Liang's Armour	The perfect weight and fit, tailored for this warrior of class and distinction.	armours/ep_ancillary_sima_liang_armour_unique.png	
ep_ancillary_sima_lun_armour_unique	ep_ancillary_sima_lun_armour_unique	0	Sima Lun's Armour	The perfect weight and fit, tailored for this warrior of class and distinction.	armours/ep_ancillary_sima_lun_armour_unique.png	
ep_ancillary_sima_wei_armour_unique	ep_ancillary_sima_wei_armour_unique	0	Sima Wei's Armour	The perfect weight and fit, tailored for this warrior of class and distinction.	armours/ep_ancillary_sima_wei_armour_unique.png	
ep_ancillary_sima_ying_armour_unique	ep_ancillary_sima_ying_armour_unique	0	Sima Ying's Armour	The perfect weight and fit, tailored for this warrior of class and distinction.	armours/ep_ancillary_sima_ying_armour_unique.png	
ep_ancillary_sima_yong_armour_unique	ep_ancillary_sima_yong_armour_unique	0	Sima Yong's Armour	The perfect weight and fit, tailored for this warrior of class and distinction.	armours/ep_ancillary_sima_yong_armour_unique.png	
ep_ancillary_sima_yue_armour_unique	ep_ancillary_sima_yue_armour_unique	0	Sima Yue's Armour	The perfect weight and fit, tailored for this warrior of class and distinction.	armours/ep_ancillary_sima_yue_armour_unique.png	
ep_ceo_node_career_historical_cao_huan_01	empty_effects	0	placeholder	placeholder		
ep_ceo_node_career_historical_gongsun_hong_01	ep_ceo_node_career_historical_gongsun_hong_01	0	Observant Advisor	Sima Wei's confidante; often sees things that others do not	UI/Campaign UI/traits/icon_wise_good.png	3k_main_opinion_topic_set_perception_perceptive
ep_ceo_node_career_historical_he_lun_01	ep_ceo_node_career_historical_he_lun_01	0	Loyal Officer	Although subordinate to Sima Yue, he is a loyal and capable advisor	UI/Campaign UI/traits/icon_relentless_good.png	3k_main_opinion_topic_set_determination_committed
ep_ceo_node_career_historical_huangfu_shang_01	ep_ceo_node_career_historical_huangfu_shang_01	0	Facilitator	Has fought Li Han for years, now works on behalf of Sima Ai, fighting wars or making deals wherever needed	UI/Campaign UI/traits/icon_calm_metal.png	3k_main_opinion_topic_set_patience_patient
ep_ceo_node_career_historical_liu_qi_01	empty_effects	0	placeholder	placeholder		
ep_ceo_node_career_historical_liu_shen_01	empty_effects	0	placeholder	placeholder		
ep_ceo_node_career_historical_lu_ji_01	ep_ceo_node_career_historical_lu_ji_01	0	Renowned Scholar	Famed thoughout the realm as a gifted writer and literary critic. However, his ability as a commander remains... questionable.	UI/Campaign UI/traits/icon_career_scholar.png	3k_main_opinion_topic_set_intelligence_scholarly
ep_ceo_node_career_historical_lu_zhi_01	ep_ceo_node_career_historical_lu_zhi_01	0	Skilled Mediator	Sima Ying's close advisor, known for being capable and loyal	UI/Campaign UI/traits/icon_loyal_earth.png	3k_main_opinion_topic_set_loyalty_dutiful
ep_ceo_node_career_historical_princess_pei_01	ep_ceo_node_career_historical_princess_pei_01	0	Insightful Survivalist	This one is gifted with insight and adamant perseverance.	UI/Campaign UI/traits/icon_relentless_good.png	3k_main_opinion_topic_set_goodness_kind_hearted
ep_ceo_node_career_historical_qi_sheng_01	ep_ceo_node_career_historical_qi_sheng_01	0	Cunning Clerk	Assistant and advisor to Sima Wei - his wily observations may direct one to glory or to ruin	UI/Campaign UI/traits/icon_bright_good.png	3k_main_opinion_topic_set_intelligence_bright
ep_ceo_node_career_historical_shi_chao_01	ep_ceo_node_career_historical_shi_chao_01	0	Central Army Protector	A talented general who has seen dynasties fall as his loyalties shifted	UI/Campaign UI/traits/icon_stalwart_good.png	3k_main_opinion_topic_set_trust_sincere
ep_ceo_node_career_historical_sima_ai_01	ep_ceo_node_career_historical_sima_ai_01	0	Principled Administrator	"I am afraid I cannot allow that. You see, in sub-section five, paragraph nine..."	UI/Campaign UI/traits/icon_wise_good.png	3k_main_opinion_topic_set_discipline_stern
ep_ceo_node_career_historical_sima_cui_01	ep_ceo_node_career_historical_sima_cui_01	0	Jade Carver	Sima Liang's son. Not being titled as prince has given him a desire to prove his worth	UI/Campaign UI/traits/icon_relentless_good.png	3k_main_opinion_topic_set_determination_relentless
ep_ceo_node_career_historical_sima_jiong_01	ep_ceo_node_career_historical_sima_jiong_01	0	Imperious Regent	"A regent is like air; unseen and barely felt, but vital all the same."	UI/Campaign UI/traits/icon_cunning_good.png	3k_main_opinion_topic_set_intelligence_clever
ep_ceo_node_career_historical_sima_ju_01	ep_ceo_node_career_historical_sima_ju_01	0	Outsider Heir	Sima Liang's son and heir, considered an outsider but not to be underestimated	UI/Campaign UI/traits/icon_relentless_good.png	3k_main_opinion_topic_set_honour_humble
ep_ceo_node_career_historical_sima_liang_01	ep_ceo_node_career_historical_sima_liang_01	0	Rightful Regent	Son of the legendary Sima Yi, he has watched the Jin dynasty scuffle in his shadow.	UI/Campaign UI/traits/icon_brave_wood.png	3k_main_opinion_topic_set_loyalty_stalwart
ep_ceo_node_career_historical_sima_lun_01	ep_ceo_node_career_historical_sima_lun_01	0	Usurper Prince	"The Jin dynasty will endure under a wise and deserving emperor - me!"	UI/Campaign UI/traits/icon_cunning_good.png	3k_main_opinion_topic_set_determination_ambitious
ep_ceo_node_career_historical_sima_song_01	empty_effects	0	placeholder	placeholder		
ep_ceo_node_career_historical_sima_wei_01	ep_ceo_node_career_historical_sima_wei_01	0	Tempestuous General	His reputation for belligerence is perhaps undeserved. Not so his famously short temper.	UI/Campaign UI/traits/icon_brave_fire.png	3k_main_opinion_topic_set_strength_formidable
ep_ceo_node_career_historical_sima_ying_01	ep_ceo_node_career_historical_sima_ying_01	0	Beloved Governor	Madness may grip the court, but Sima Ying will always think of his people.	UI/Campaign UI/traits/icon_loyal_earth.png	3k_main_opinion_topic_set_goodness_kind
ep_ceo_node_career_historical_sima_yong_01	ep_ceo_node_career_historical_sima_yong_01	0	Shrewd Defender	Sima Yong has a duty to the emperor, and his loyalty will never waver.	UI/Campaign UI/traits/icon_loyal_good.png	3k_main_opinion_topic_set_loyalty_dutiful
ep_ceo_node_career_historical_sima_yu_earth_01	empty_effects	0	placeholder	placeholder		3k_dlc05_opinion_topic_set_vice_criminal
ep_ceo_node_career_historical_sima_yu_metal_01	empty_effects	0	placeholder	placeholder		
ep_ceo_node_career_historical_sima_yue_01	ep_ceo_node_career_historical_sima_yue_01	0	Imperial Overseer	"There must be oversight in all things, especially important matters of state."	UI/Campaign UI/traits/icon_wise_good.png	3k_main_opinion_topic_set_perception_perceptive
ep_ceo_node_career_historical_sun_xiu_01	ep_ceo_node_career_historical_sun_xiu_01	0	Partisan	"If I may, my lord, I have a rather compelling argument..."	UI/Campaign UI/traits/icon_loyal_good.png	3k_main_opinion_topic_set_loyalty_dutiful
ep_ceo_node_career_historical_wang_bao_01	ep_ceo_node_career_historical_wang_bao_01	0	Steadfast Preacher	Courtier of Sima Jiong's regency. Has strong beliefs and a loose tongue that may cause him trouble	UI/Campaign UI/traits/icon_relentless_good.png	3k_main_opinion_topic_set_determination_determined
ep_ceo_node_career_historical_wei_guan_01	ep_ceo_node_career_historical_wei_guan_01	0	Mediator	This person knows how to divide the cake in such a way that everyone believes they have the biggest slice.	UI/Campaign UI/traits/icon_social_good.png	3k_main_opinion_topic_set_diplomatic_cordial
ep_ceo_node_career_historical_zhang_fang_01	ep_ceo_node_career_historical_zhang_fang_01	0	Uncompromising Warrior	When fighting for his master, Zhang Fang is not known to concern himself with scruples like 'civilian casualties'	UI/Campaign UI/traits/icon_relentless_good.png	3k_main_opinion_topic_set_cruelty_cruel
ep_ceo_node_career_historical_zhang_hua_01	3k_main_ceo_node_career_generated_governor_water_01	0	Academic	This one sees the value of institutionalised learning, and has embraced it.	UI/Campaign UI/traits/icon_intelligent_good.png	3k_main_opinion_topic_set_intelligence_scholarly
ep_dyn_ancillary_armour_cao_caos_armour_unique	ep_dyn_ancillary_armour_cao_caos_armour_unique	0	Cao Cao's Armour	The perfect weight and fit, tailored for this warrior of class and distinction.	armours/3k_main_ancillary_cao_caos_armour_unique.png	
ep_dyn_ancillary_armour_dian_weis_armour_unique	ep_dyn_ancillary_armour_dian_weis_armour_unique	0	Dian Wei's Armour	The perfect weight and fit, tailored for this warrior of class and distinction.	armours/3k_main_ancillary_dian_weis_armour_unique.png	
ep_dyn_ancillary_armour_dong_zhuos_armour_unique	ep_dyn_ancillary_armour_dong_zhuos_armour_unique	0	Dong Zhuo's Armour	The perfect weight and fit, tailored for this warrior of class and distinction.	armours/3k_main_ancillary_dong_zhuos_armour_unique.png	
ep_dyn_ancillary_armour_gan_nings_armour_unique	ep_dyn_ancillary_armour_gan_nings_armour_unique	0	Gan Ning's Armour	The perfect weight and fit, tailored for this warrior of class and distinction.	armours/3k_main_ancillary_gan_nings_armour_unique.png	
ep_dyn_ancillary_armour_gongsun_zans_armour_unique	ep_dyn_ancillary_armour_gongsun_zans_armour_unique	0	Gongsun Zan's Armour	The perfect weight and fit, tailored for this warrior of class and distinction.	armours/3k_main_ancillary_gongsun_zans_armour_unique.png	
ep_dyn_ancillary_armour_guan_yus_armour_unique	ep_dyn_ancillary_armour_guan_yus_armour_unique	0	Guan Yu's Armour	The perfect weight and fit, tailored for this warrior of class and distinction.	armours/3k_main_ancillary_guan_yus_armour_unique.png	
ep_dyn_ancillary_armour_han_suis_armour_unique	ep_dyn_ancillary_armour_han_suis_armour_unique	0	Han Sui's Armour	The perfect weight and fit, tailored for this warrior of class and distinction.	armours/3k_main_ancillary_han_suis_armour_unique.png	
ep_dyn_ancillary_armour_huang_zhongs_armour_unique	ep_dyn_ancillary_armour_huang_zhongs_armour_unique	0	Huang Zhong's Armour	The perfect weight and fit, tailored for this warrior of class and distinction.	armours/3k_main_ancillary_huang_zhongs_armour_unique.png	
ep_dyn_ancillary_armour_kong_rongs_armour_unique	ep_dyn_ancillary_armour_kong_rongs_armour_unique	0	Kong Rong's Armour	The perfect weight and fit, tailored for this warrior of class and distinction.	armours/3k_main_ancillary_kong_rongs_armour_unique.png	
ep_dyn_ancillary_armour_lady_suns_armour_unique	ep_dyn_ancillary_armour_lady_suns_armour_unique	0	Lady Sun's Armour	The perfect weight and fit, tailored for this warrior of class and distinction.	armours/3k_main_ancillary_lady_suns_armour_unique.png	
ep_dyn_ancillary_armour_liu_beis_armour_unique	ep_dyn_ancillary_armour_liu_beis_armour_unique	0	Liu Bei's Armour	The perfect weight and fit, tailored for this warrior of class and distinction.	armours/3k_main_ancillary_liu_beis_armour_unique.png	
ep_dyn_ancillary_armour_liu_biaos_armour_unique	ep_dyn_ancillary_armour_liu_biaos_armour_unique	0	Liu Biao's Armour	The perfect weight and fit, tailored for this warrior of class and distinction.	armours/3k_main_ancillary_liu_biaos_armour_unique.png	
ep_dyn_ancillary_armour_liu_zhangs_armour_unique	ep_dyn_ancillary_armour_liu_zhangs_armour_unique	0	Liu Zhang's Armour	The perfect weight and fit, tailored for this warrior of class and distinction.	armours/3k_main_ancillary_liu_zhangs_armour_unique.png	
ep_dyn_ancillary_armour_lu_bus_armour_unique	ep_dyn_ancillary_armour_lu_bus_armour_unique	0	Lü Bu's Armour	The perfect weight and fit, tailored for this warrior of class and distinction.	armours/3k_main_ancillary_lu_bus_armour_unique.png	
ep_dyn_ancillary_armour_ma_chaos_armour_unique	ep_dyn_ancillary_armour_ma_chaos_armour_unique	0	Ma Chao's Armour	The perfect weight and fit, tailored for this warrior of class and distinction.	armours/3k_main_ancillary_ma_chaos_armour_unique.png	
ep_dyn_ancillary_armour_ma_tengs_armour_unique	ep_dyn_ancillary_armour_ma_tengs_armour_unique	0	Ma Teng's Armour	The perfect weight and fit, tailored for this warrior of class and distinction.	armours/3k_main_ancillary_ma_tengs_armour_unique.png	
ep_dyn_ancillary_armour_sima_yis_armour_unique	ep_dyn_ancillary_armour_sima_yis_armour_unique	0	Sima Yi's Armour	The perfect weight and fit, tailored for this warrior of class and distinction.	armours/3k_main_ancillary_sima_yis_armour_unique.png	
ep_dyn_ancillary_armour_sun_ces_armour_unique	ep_dyn_ancillary_armour_sun_ces_armour_unique	0	Sun Ce's Armour	The perfect weight and fit, tailored for this warrior of class and distinction.	armours/3k_main_ancillary_sun_ces_armour_unique.png	
ep_dyn_ancillary_armour_sun_jians_armour_unique	ep_dyn_ancillary_armour_sun_jians_armour_unique	0	Sun Jian's Armour	The perfect weight and fit, tailored for this warrior of class and distinction.	armours/3k_main_ancillary_sun_jians_armour_unique.png	
ep_dyn_ancillary_armour_sun_quans_armour_unique	ep_dyn_ancillary_armour_sun_quans_armour_unique	0	Sun Quan's Armour	The perfect weight and fit, tailored for this warrior of class and distinction.	armours/3k_main_ancillary_sun_quans_armour_unique.png	
ep_dyn_ancillary_armour_taishi_cis_armour_unique	ep_dyn_ancillary_armour_taishi_cis_armour_unique	0	Taishi Ci's Armour	The perfect weight and fit, tailored for this warrior of class and distinction.	armours/3k_main_ancillary_taishi_cis_armour_unique.png	
ep_dyn_ancillary_armour_tao_qians_armour_unique	ep_dyn_ancillary_armour_tao_qians_armour_unique	0	Tao Qian's Armour	The perfect weight and fit, tailored for this warrior of class and distinction.	armours/3k_main_ancillary_tao_qians_armour_unique.png	
ep_dyn_ancillary_armour_xiahou_duns_armour_unique	ep_dyn_ancillary_armour_xiahou_duns_armour_unique	0	Xiahou Dun's Armour	The perfect weight and fit, tailored for this warrior of class and distinction.	armours/3k_main_ancillary_xiahou_duns_armour_unique.png	
ep_dyn_ancillary_armour_xiahou_yuans_armour_unique	ep_dyn_ancillary_armour_xiahou_yuans_armour_unique	0	Xiahou Yuan's Armour	The perfect weight and fit, tailored for this warrior of class and distinction.	armours/3k_main_ancillary_xiahou_yuans_armour_unique.png	
ep_dyn_ancillary_armour_xu_chus_armour_unique	ep_dyn_ancillary_armour_xu_chus_armour_unique	0	Xu Chu's Armour	The perfect weight and fit, tailored for this warrior of class and distinction.	armours/3k_main_ancillary_xu_chus_armour_unique.png	
ep_dyn_ancillary_armour_xu_huangs_armour_unique	ep_dyn_ancillary_armour_xu_huangs_armour_unique	0	Xu Huang's Armour	The perfect weight and fit, tailored for this warrior of class and distinction.	armours/3k_main_ancillary_xu_huangs_armour_unique.png	
ep_dyn_ancillary_armour_yuan_shaos_armour_unique	ep_dyn_ancillary_armour_yuan_shaos_armour_unique	0	Yuan Shao's Armour	The perfect weight and fit, tailored for this warrior of class and distinction.	armours/3k_main_ancillary_yuan_shaos_armour_unique.png	
ep_dyn_ancillary_armour_yuan_shus_armour_unique	ep_dyn_ancillary_armour_yuan_shus_armour_unique	0	Yuan Shu's Armour	The perfect weight and fit, tailored for this warrior of class and distinction.	armours/3k_main_ancillary_yuan_shus_armour_unique.png	
ep_dyn_ancillary_armour_yue_jins_armour_unique	ep_dyn_ancillary_armour_yue_jins_armour_unique	0	Yue Jin's Armour	The perfect weight and fit, tailored for this warrior of class and distinction.	armours/3k_main_ancillary_yue_jins_armour_unique.png	
ep_dyn_ancillary_armour_zhang_feis_armour_unique	ep_dyn_ancillary_armour_zhang_feis_armour_unique	0	Zhang Fei's Armour	The perfect weight and fit, tailored for this warrior of class and distinction.	armours/3k_main_ancillary_zhang_feis_armour_unique.png	
ep_dyn_ancillary_armour_zhang_liaos_armour_unique	ep_dyn_ancillary_armour_zhang_liaos_armour_unique	0	Zhang Liao's Armour	The perfect weight and fit, tailored for this warrior of class and distinction.	armours/3k_main_ancillary_zhang_liaos_armour_unique.png	
ep_dyn_ancillary_armour_zhang_yans_armour_unique	ep_dyn_ancillary_armour_zhang_yans_armour_unique	0	Zhang Yan's Armour	The perfect weight and fit, tailored for this warrior of class and distinction.	armours/3k_main_ancillary_zhang_yan_armour_unique.png	
ep_dyn_ancillary_armour_zhao_yuns_armour_unique	ep_dyn_ancillary_armour_zhao_yuns_armour_unique	0	Zhao Yun's Armour	The perfect weight and fit, tailored for this warrior of class and distinction.	armours/3k_main_ancillary_zhao_yuns_armour_unique.png	
ep_dyn_ancillary_armour_zheng_jiangs_armour_unique	ep_dyn_ancillary_armour_zheng_jiangs_armour_unique	0	Zheng Jiang's Armour	The perfect weight and fit, tailored for this warrior of class and distinction.	armours/3k_main_ancillary_zheng_jiangs_armour_unique.png	
ep_dyn_ancillary_armour_zhou_yus_armour_unique	ep_dyn_ancillary_armour_zhou_yus_armour_unique	0	Zhou Yu's Armour	The perfect weight and fit, tailored for this warrior of class and distinction.	armours/3k_main_ancillary_zhou_yus_armour_unique.png	
ep_dyn_ancillary_armour_zhuge_liangs_armour_unique	ep_dyn_ancillary_armour_zhuge_liangs_armour_unique	0	Zhuge Liang's Armour	The perfect weight and fit, tailored for this warrior of class and distinction.	armours/3k_main_ancillary_zhuge_liangs_armour_unique.png	
ep_dyn_ancillary_mount_black_elite	ep_dyn_ancillary_mount_black_elite	0	Black Elite	Truly the lord of all horses.	mounts/3k_main_ancillary_black_elite.png	
ep_dyn_ancillary_mount_brown_elite	ep_dyn_ancillary_mount_brown_elite	0	Brown Elite	Truly the lord of all horses.	mounts/3k_main_ancillary_brown_elite.png	
ep_dyn_ancillary_mount_grey_elite	ep_dyn_ancillary_mount_grey_elite	0	Grey Elite	Truly the lord of all horses.	mounts/3k_main_ancillary_grey_elite.png	
ep_dyn_ancillary_mount_red_elite	ep_dyn_ancillary_mount_red_elite	0	Red Elite	Truly the lord of all horses.	mounts/3k_main_ancillary_red_elite.png	
ep_dyn_ancillary_mount_red_hare	ep_dyn_ancillary_mount_red_hare	0	Red Hare	Ash red, this horse stands out, and can traverse the kingdom as if it were flat.	mounts/3k_main_ancillary_red_hare.png	
ep_dyn_ancillary_mount_shadow_runner	ep_dyn_ancillary_mount_shadow_runner	0	Shadow Runner	A horse fast enough to outrun its own shadow!	mounts/3k_main_ancillary_shadow_runner.png	
ep_dyn_ancillary_mount_white_elite	ep_dyn_ancillary_mount_white_elite	0	White Elite	Truly the lord of all horses.	mounts/3k_main_ancillary_white_elite.png	
ep_dyn_ancillary_weapon_axes_of_the_bandit_queen	ep_dyn_ancillary_weapon_axes_of_the_bandit_queen	0	The Red Sisters	"These axes will be an extension of my strength and will."	weapons/3k_main_ancillary_axes_of_the_bandit_queen.png	
ep_dyn_ancillary_weapon_blade_of_xiang_yu	ep_dyn_ancillary_weapon_blade_of_xiang_yu	0	Blade of Xiang Yu	"Slices through jade, like so much logging."	weapons/3k_main_ancillary_blade_of_xiang_yu.png	
ep_dyn_ancillary_weapon_bow_huang_zhong	ep_dyn_ancillary_weapon_bow_huang_zhong	0	Heirloom Bow of Huang	Although a veteran of many battles, like its master Huang Zhong's bow retains much vigour and vitality.	weapons/3k_main_ancillary_bow_huang_zhong.png	
ep_dyn_ancillary_weapon_bow_taishi_ci	ep_dyn_ancillary_weapon_bow_taishi_ci	0	Breath & Wind	"His breath became the wind, his voice the thunder."	weapons/3k_main_ancillary_bow_taishi_ci.png	
ep_dyn_ancillary_weapon_ceremonial_sword_unique	ep_dyn_ancillary_weapon_ceremonial_sword_unique	0	Celestial Sword	Forged from the cosmos by the heavenly.	weapons/3k_main_ancillary_ceremonial_sword_unique.png	
ep_dyn_ancillary_weapon_cleaver_of_mountains_unique	ep_dyn_ancillary_weapon_cleaver_of_mountains_unique	0	Cleaver of Mountains	Only the stoutest hearts dare oppose its wielder.	weapons/3k_main_ancillary_cleaver_of_mountains_unique.png	
ep_dyn_ancillary_weapon_composite_bow_unique	ep_dyn_ancillary_weapon_composite_bow_unique	0	The Black Dragon	This bow is said to be enchanted, after an enormous dragon appeared before its maker.	weapons/3k_main_ancillary_composite_bow_unique.png	
ep_dyn_ancillary_weapon_double_edged_sword_unique	ep_dyn_ancillary_weapon_double_edged_sword_unique	0	Sovereign of Blades	The very best swordsmiths laboured day and night to make a blade fit for the emperor.	weapons/3k_main_ancillary_double_edged_sword_unique.png	
ep_dyn_ancillary_weapon_dual_axes_exceptional	ep_dyn_ancillary_weapon_dual_axes_exceptional	0	Dual War Axes	"If you see him coming, run as fast as you can!"	weapons/3k_main_ancillary_dual_axes_exceptional.png	
ep_dyn_ancillary_weapon_dual_short_ji_exceptional	ep_dyn_ancillary_weapon_dual_short_ji_exceptional	0	Twin Martial Ji	The 'Chicken-claw Sickle' is a deadly adversary, make no mistake.	weapons/3k_main_ancillary_dual_short_ji_exceptional.png	
ep_dyn_ancillary_weapon_giant_mace_unique	ep_dyn_ancillary_weapon_giant_mace_unique	0	Giantbane	Devastating when it lands, ineffective if it misses.	weapons/3k_main_ancillary_giant_mace_unique.png	
ep_dyn_ancillary_weapon_green_dragon_crescent_blade	ep_dyn_ancillary_weapon_green_dragon_crescent_blade	0	Green Dragon Crescent Blade	Visited by a green dragon whilst forging this lethal glaive, its maker believes the creature itself was incorporated into the steel.	weapons/3k_main_ancillary_green_dragon_cresent_blade.png	
ep_dyn_ancillary_weapon_ma_su	ep_dyn_ancillary_weapon_ma_su	0	Dread Bringer	Not even Gongsun Zan's white horses are as precious to him.	weapons/3k_main_ancillary_ma_su.png	
ep_dyn_ancillary_weapon_serpent_spear	ep_dyn_ancillary_weapon_serpent_spear	0	Serpent Spear	Coils of the serpent unwind.	weapons/3k_main_ancillary_serpent_spear.png	
ep_dyn_ancillary_weapon_short_ji_exceptional	ep_dyn_ancillary_weapon_short_ji_exceptional	0	Martial Ji	Smaller than its brother, but no less deadly.	weapons/3k_main_ancillary_short_ji_exceptional.png	
ep_dyn_ancillary_weapon_shuang_gu_jian	ep_dyn_ancillary_weapon_shuang_gu_jian	0	Shuang Gu Jian	Made especially for Liu Bei at the beginning of his quest, these two swords travel everywhere with him.	weapons/3k_main_ancillary_shuang_gu_jian.png	
ep_dyn_ancillary_weapon_the_blue_blade	ep_dyn_ancillary_weapon_the_blue_blade	0	The Blue Blade	No armour can resist this sword without equal.	weapons/3k_main_ancillary_the_blue_blade.png	
ep_dyn_ancillary_weapon_trident_halberd	ep_dyn_ancillary_weapon_trident_halberd	0	Sky Piercer	Lü Bu and his favoured weapon fight as if they were one.	weapons/3k_main_ancillary_trident_halberd.png	
ep_dyn_ancillary_weapon_trust_of_god	ep_dyn_ancillary_weapon_trust_of_god	0	Trust of God	One of the finest swords ever created, this is Cao Cao's personal weapon of choice.	weapons/3k_main_ancillary_trust_of_god.png	
ep_dyn_ancillary_weapon_two_handed_spear_unique	ep_dyn_ancillary_weapon_two_handed_spear_unique	0	Ancestral Pledge	A magnificent weapon, this spear truly embodies the integrity of its bearer.	weapons/3k_main_ancillary_two_handed_spear_unique.png	
ironic_ancillary_accessory_gan_ning_bow_unique	ironic_ancillary_accessory_gan_ning_bow_unique	0	placeholder	placeholder	ui/ancillaries/weapons/3k_puzzle_ancillary_dragonhorn.png	
ironic_ancillary_weapon_ling_tong_twin_jis_unique	ironic_ancillary_weapon_ling_tong_twin_jis_unique	0	placeholder	placeholder	ui/ancillaries/weapons/3k_puzzle_ancillary_swiftness.png	
ironic_ancillary_weapon_pan_zhang_axe_unique	ironic_ancillary_weapon_pan_zhang_axe_unique	0	placeholder	placeholder	ui/ancillaries/weapons/3k_puzzle_ancillary_axe_of_the_war_god.png	
ironic_ancillary_weapon_xu_sheng_dual_jian_unique	ironic_ancillary_weapon_xu_sheng_dual_jian_unique	0	placeholder	placeholder	ui/ancillaries/weapons/dw_chengyingjian.png	
ironic_ancillary_weapon_zhou_tai_ji_unique	ironic_ancillary_weapon_zhou_tai_ji_unique	0	placeholder	placeholder	ui/ancillaries/weapons/lianji.png	
ironic_ceo_factional_chen_wen_unit_unlock_3k_dlc04_faction_chen_gui	ironic_ceo_factional_chen_wen_unit_unlock_3k_dlc04_faction_chen_gui	0	placeholder	placeholder	UI/Campaign UI/traits/icon_wise_good.png	
ironic_ceo_factional_chen_wen_unit_unlock_3k_dlc04_faction_liang_rebels	ironic_ceo_factional_chen_wen_unit_unlock_3k_dlc04_faction_liang_rebels	0	placeholder	placeholder	UI/Campaign UI/traits/icon_wise_good.png	
ironic_ceo_factional_chen_wen_unit_unlock_3k_dlc04_faction_lu_zhi	ironic_ceo_factional_chen_wen_unit_unlock_3k_dlc04_faction_lu_zhi	0	placeholder	placeholder	UI/Campaign UI/traits/icon_wise_good.png	
ironic_ceo_factional_chen_wen_unit_unlock_3k_dlc04_faction_prince_liu_chong	ironic_ceo_factional_chen_wen_unit_unlock_3k_dlc04_faction_prince_liu_chong	0	placeholder	placeholder	UI/Campaign UI/traits/icon_wise_good.png	
ironic_ceo_factional_chen_wen_unit_unlock_3k_dlc04_faction_zhang_bao	ironic_ceo_factional_chen_wen_unit_unlock_3k_dlc04_faction_zhang_bao	0	placeholder	placeholder	UI/Campaign UI/traits/icon_wise_good.png	
ironic_ceo_factional_chen_wen_unit_unlock_3k_dlc04_faction_zhang_jue	ironic_ceo_factional_chen_wen_unit_unlock_3k_dlc04_faction_zhang_jue	0	placeholder	placeholder	UI/Campaign UI/traits/icon_wise_good.png	
ironic_ceo_factional_chen_wen_unit_unlock_3k_dlc04_faction_zhang_liang	ironic_ceo_factional_chen_wen_unit_unlock_3k_dlc04_faction_zhang_liang	0	placeholder	placeholder	UI/Campaign UI/traits/icon_wise_good.png	
ironic_ceo_factional_chen_wen_unit_unlock_3k_dlc05_faction_hua_xin	ironic_ceo_factional_chen_wen_unit_unlock_3k_dlc05_faction_hua_xin	0	placeholder	placeholder	UI/Campaign UI/traits/icon_wise_good.png	
ironic_ceo_factional_chen_wen_unit_unlock_3k_dlc05_faction_lu_bu	ironic_ceo_factional_chen_wen_unit_unlock_3k_dlc05_faction_lu_bu	0	placeholder	placeholder	UI/Campaign UI/traits/icon_wise_good.png	
ironic_ceo_factional_chen_wen_unit_unlock_3k_dlc05_faction_sheng_xian	ironic_ceo_factional_chen_wen_unit_unlock_3k_dlc05_faction_sheng_xian	0	placeholder	placeholder	UI/Campaign UI/traits/icon_wise_good.png	
ironic_ceo_factional_chen_wen_unit_unlock_3k_dlc05_faction_sun_ce	ironic_ceo_factional_chen_wen_unit_unlock_3k_dlc05_faction_sun_ce	0	placeholder	placeholder	UI/Campaign UI/traits/icon_wise_good.png	
ironic_ceo_factional_chen_wen_unit_unlock_3k_dlc05_faction_white_tiger_yan	ironic_ceo_factional_chen_wen_unit_unlock_3k_dlc05_faction_white_tiger_yan	0	placeholder	placeholder	UI/Campaign UI/traits/icon_wise_good.png	
ironic_ceo_factional_chen_wen_unit_unlock_3k_dlc05_faction_wu_jing	ironic_ceo_factional_chen_wen_unit_unlock_3k_dlc05_faction_wu_jing	0	placeholder	placeholder	UI/Campaign UI/traits/icon_wise_good.png	
ironic_ceo_factional_chen_wen_unit_unlock_3k_dlc05_faction_yang_feng	ironic_ceo_factional_chen_wen_unit_unlock_3k_dlc05_faction_yang_feng	0	placeholder	placeholder	UI/Campaign UI/traits/icon_wise_good.png	
ironic_ceo_factional_chen_wen_unit_unlock_3k_main_faction_cao_cao	ironic_ceo_factional_chen_wen_unit_unlock_3k_main_faction_cao_cao	0	placeholder	placeholder	UI/Campaign UI/traits/icon_wise_good.png	
ironic_ceo_factional_chen_wen_unit_unlock_3k_main_faction_dong_zhuo	ironic_ceo_factional_chen_wen_unit_unlock_3k_main_faction_dong_zhuo	0	placeholder	placeholder	UI/Campaign UI/traits/icon_wise_good.png	
ironic_ceo_factional_chen_wen_unit_unlock_3k_main_faction_gao_gan	ironic_ceo_factional_chen_wen_unit_unlock_3k_main_faction_gao_gan	0	placeholder	placeholder	UI/Campaign UI/traits/icon_wise_good.png	
ironic_ceo_factional_chen_wen_unit_unlock_3k_main_faction_gongsun_du	ironic_ceo_factional_chen_wen_unit_unlock_3k_main_faction_gongsun_du	0	placeholder	placeholder	UI/Campaign UI/traits/icon_wise_good.png	
ironic_ceo_factional_chen_wen_unit_unlock_3k_main_faction_gongsun_zan	ironic_ceo_factional_chen_wen_unit_unlock_3k_main_faction_gongsun_zan	0	placeholder	placeholder	UI/Campaign UI/traits/icon_wise_good.png	
ironic_ceo_factional_chen_wen_unit_unlock_3k_main_faction_han_fu	ironic_ceo_factional_chen_wen_unit_unlock_3k_main_faction_han_fu	0	placeholder	placeholder	UI/Campaign UI/traits/icon_wise_good.png	
ironic_ceo_factional_chen_wen_unit_unlock_3k_main_faction_han_sui	ironic_ceo_factional_chen_wen_unit_unlock_3k_main_faction_han_sui	0	placeholder	placeholder	UI/Campaign UI/traits/icon_wise_good.png	
ironic_ceo_factional_chen_wen_unit_unlock_3k_main_faction_jia_long	ironic_ceo_factional_chen_wen_unit_unlock_3k_main_faction_jia_long	0	placeholder	placeholder	UI/Campaign UI/traits/icon_wise_good.png	
ironic_ceo_factional_chen_wen_unit_unlock_3k_main_faction_kong_rong	ironic_ceo_factional_chen_wen_unit_unlock_3k_main_faction_kong_rong	0	placeholder	placeholder	UI/Campaign UI/traits/icon_wise_good.png	
ironic_ceo_factional_chen_wen_unit_unlock_3k_main_faction_kong_zhou	ironic_ceo_factional_chen_wen_unit_unlock_3k_main_faction_kong_zhou	0	placeholder	placeholder	UI/Campaign UI/traits/icon_wise_good.png	
ironic_ceo_factional_chen_wen_unit_unlock_3k_main_faction_liu_bei	ironic_ceo_factional_chen_wen_unit_unlock_3k_main_faction_liu_bei	0	placeholder	placeholder	UI/Campaign UI/traits/icon_wise_good.png	
ironic_ceo_factional_chen_wen_unit_unlock_3k_main_faction_liu_biao	ironic_ceo_factional_chen_wen_unit_unlock_3k_main_faction_liu_biao	0	placeholder	placeholder	UI/Campaign UI/traits/icon_wise_good.png	
ironic_ceo_factional_chen_wen_unit_unlock_3k_main_faction_liu_dai	ironic_ceo_factional_chen_wen_unit_unlock_3k_main_faction_liu_dai	0	placeholder	placeholder	UI/Campaign UI/traits/icon_wise_good.png	
ironic_ceo_factional_chen_wen_unit_unlock_3k_main_faction_liu_yan	ironic_ceo_factional_chen_wen_unit_unlock_3k_main_faction_liu_yan	0	placeholder	placeholder	UI/Campaign UI/traits/icon_wise_good.png	
ironic_ceo_factional_chen_wen_unit_unlock_3k_main_faction_liu_yao	ironic_ceo_factional_chen_wen_unit_unlock_3k_main_faction_liu_yao	0	placeholder	placeholder	UI/Campaign UI/traits/icon_wise_good.png	
ironic_ceo_factional_chen_wen_unit_unlock_3k_main_faction_liu_yu	ironic_ceo_factional_chen_wen_unit_unlock_3k_main_faction_liu_yu	0	placeholder	placeholder	UI/Campaign UI/traits/icon_wise_good.png	
ironic_ceo_factional_chen_wen_unit_unlock_3k_main_faction_lu_kang	ironic_ceo_factional_chen_wen_unit_unlock_3k_main_faction_lu_kang	0	placeholder	placeholder	UI/Campaign UI/traits/icon_wise_good.png	
ironic_ceo_factional_chen_wen_unit_unlock_3k_main_faction_ma_teng	ironic_ceo_factional_chen_wen_unit_unlock_3k_main_faction_ma_teng	0	placeholder	placeholder	UI/Campaign UI/traits/icon_wise_good.png	
ironic_ceo_factional_chen_wen_unit_unlock_3k_main_faction_sun_jian	ironic_ceo_factional_chen_wen_unit_unlock_3k_main_faction_sun_jian	0	placeholder	placeholder	UI/Campaign UI/traits/icon_wise_good.png	
ironic_ceo_factional_chen_wen_unit_unlock_3k_main_faction_tao_qian	ironic_ceo_factional_chen_wen_unit_unlock_3k_main_faction_tao_qian	0	placeholder	placeholder	UI/Campaign UI/traits/icon_wise_good.png	
ironic_ceo_factional_chen_wen_unit_unlock_3k_main_faction_wang_kuang	ironic_ceo_factional_chen_wen_unit_unlock_3k_main_faction_wang_kuang	0	placeholder	placeholder	UI/Campaign UI/traits/icon_wise_good.png	
ironic_ceo_factional_chen_wen_unit_unlock_3k_main_faction_wang_lang	ironic_ceo_factional_chen_wen_unit_unlock_3k_main_faction_wang_lang	0	placeholder	placeholder	UI/Campaign UI/traits/icon_wise_good.png	
ironic_ceo_factional_chen_wen_unit_unlock_3k_main_faction_ying_shao	ironic_ceo_factional_chen_wen_unit_unlock_3k_main_faction_ying_shao	0	placeholder	placeholder	UI/Campaign UI/traits/icon_wise_good.png	
ironic_ceo_factional_chen_wen_unit_unlock_3k_main_faction_yuan_shao	ironic_ceo_factional_chen_wen_unit_unlock_3k_main_faction_yuan_shao	0	placeholder	placeholder	UI/Campaign UI/traits/icon_wise_good.png	
ironic_ceo_factional_chen_wen_unit_unlock_3k_main_faction_yuan_shu	ironic_ceo_factional_chen_wen_unit_unlock_3k_main_faction_yuan_shu	0	placeholder	placeholder	UI/Campaign UI/traits/icon_wise_good.png	
ironic_ceo_factional_chen_wen_unit_unlock_3k_main_faction_zhai_rong	ironic_ceo_factional_chen_wen_unit_unlock_3k_main_faction_zhai_rong	0	placeholder	placeholder	UI/Campaign UI/traits/icon_wise_good.png	
ironic_ceo_factional_chen_wen_unit_unlock_3k_main_faction_zhang_chao	ironic_ceo_factional_chen_wen_unit_unlock_3k_main_faction_zhang_chao	0	placeholder	placeholder	UI/Campaign UI/traits/icon_wise_good.png	
ironic_ceo_factional_chen_wen_unit_unlock_3k_main_faction_zhang_lu	ironic_ceo_factional_chen_wen_unit_unlock_3k_main_faction_zhang_lu	0	placeholder	placeholder	UI/Campaign UI/traits/icon_wise_good.png	
ironic_ceo_factional_chen_wen_unit_unlock_3k_main_faction_zhang_yan	ironic_ceo_factional_chen_wen_unit_unlock_3k_main_faction_zhang_yan	0	placeholder	placeholder	UI/Campaign UI/traits/icon_wise_good.png	
ironic_ceo_factional_chen_wen_unit_unlock_3k_main_faction_zhang_yang	ironic_ceo_factional_chen_wen_unit_unlock_3k_main_faction_zhang_yang	0	placeholder	placeholder	UI/Campaign UI/traits/icon_wise_good.png	
ironic_ceo_factional_chen_wen_unit_unlock_3k_main_faction_zheng_jiang	ironic_ceo_factional_chen_wen_unit_unlock_3k_main_faction_zheng_jiang	0	placeholder	placeholder	UI/Campaign UI/traits/icon_wise_good.png	
ironic_ceo_factional_chen_wen_unit_unlock_ironic_faction_di_tribes	ironic_ceo_factional_chen_wen_unit_unlock_ironic_faction_di_tribes	0	placeholder	placeholder	UI/Campaign UI/traits/icon_wise_good.png	
ironic_ceo_factional_chen_wen_unit_unlock_ironic_faction_gan_ning	ironic_ceo_factional_chen_wen_unit_unlock_ironic_faction_gan_ning	0	placeholder	placeholder	UI/Campaign UI/traits/icon_wise_good.png	
ironic_ceo_factional_chen_wen_unit_unlock_ironic_faction_huang_clan	ironic_ceo_factional_chen_wen_unit_unlock_ironic_faction_huang_clan	0	placeholder	placeholder	UI/Campaign UI/traits/icon_wise_good.png	
ironic_ceo_factional_chen_wen_unit_unlock_ironic_faction_ma_ai	ironic_ceo_factional_chen_wen_unit_unlock_ironic_faction_ma_ai	0	placeholder	placeholder	UI/Campaign UI/traits/icon_wise_good.png	
ironic_ceo_factional_chen_wen_unit_unlock_ironic_faction_tong_zhi	ironic_ceo_factional_chen_wen_unit_unlock_ironic_faction_tong_zhi	0	placeholder	placeholder	UI/Campaign UI/traits/icon_wise_good.png	
ironic_ceo_factional_chen_wen_unit_unlock_ironic_faction_wang_sheng	ironic_ceo_factional_chen_wen_unit_unlock_ironic_faction_wang_sheng	0	placeholder	placeholder	UI/Campaign UI/traits/icon_wise_good.png	
ironic_ceo_factional_chen_wen_unit_unlock_ironic_faction_wuhuan_tribes	ironic_ceo_factional_chen_wen_unit_unlock_ironic_faction_wuhuan_tribes	0	placeholder	placeholder	UI/Campaign UI/traits/icon_wise_good.png	
ironic_ceo_factional_chen_wen_unit_unlock_ironic_faction_xianbei_kuitou	ironic_ceo_factional_chen_wen_unit_unlock_ironic_faction_xianbei_kuitou	0	placeholder	placeholder	UI/Campaign UI/traits/icon_wise_good.png	
ironic_ceo_factional_chen_wen_unit_unlock_ironic_faction_xianbei_tuoba	ironic_ceo_factional_chen_wen_unit_unlock_ironic_faction_xianbei_tuoba	0	placeholder	placeholder	UI/Campaign UI/traits/icon_wise_good.png	
ironic_ceo_factional_chen_wen_unit_unlock_ironic_faction_xiongnu_tribes	ironic_ceo_factional_chen_wen_unit_unlock_ironic_faction_xiongnu_tribes	0	placeholder	placeholder	UI/Campaign UI/traits/icon_wise_good.png	
ironic_ceo_factional_chen_wen_unit_unlock_ironic_faction_zhang_jin_border	ironic_ceo_factional_chen_wen_unit_unlock_ironic_faction_zhang_jin_border	0	placeholder	placeholder	UI/Campaign UI/traits/icon_wise_good.png	
ironic_ceo_factional_chen_wen_unit_unlock_ironic_faction_zhu_hao	ironic_ceo_factional_chen_wen_unit_unlock_ironic_faction_zhu_hao	0	placeholder	placeholder	UI/Campaign UI/traits/icon_wise_good.png	
ironic_ceo_factional_chen_wen_unit_unlock_ironic_faction_zhuge_xuan	ironic_ceo_factional_chen_wen_unit_unlock_ironic_faction_zhuge_xuan	0	placeholder	placeholder	UI/Campaign UI/traits/icon_wise_good.png	
ironic_ceo_factional_chen_wen_unit_unlock_ironic_faction_zu_lang	ironic_ceo_factional_chen_wen_unit_unlock_ironic_faction_zu_lang	0	placeholder	placeholder	UI/Campaign UI/traits/icon_wise_good.png	
