auto_id	initial_data_stage	category	slot_index	equipped_ceo	target
#ceo_initial_data_equipments_tables;0;ceo_db/ceo_initial_data_equipments_tables/data__					
1000138656	3k_main_ceo_initial_data_character_historical_zuo_ci_ancillaries	3k_main_ceo_category_ancillary_mount	0	3k_main_ancillary_mount_black_horse	character_equipment
1000637708	3k_main_ceo_initial_data_character_historical_lu_bu_ancillaries	3k_main_ceo_category_ancillary_armour	0	3k_main_ancillary_armour_lu_bus_armour_unique	character_equipment
1002341664	3k_main_ceo_initial_data_character_historical_geng_wu_ancillaries	3k_main_ceo_category_ancillary_armour	0	3k_main_ancilliary_armour_geng_wu_armour_unique	character_equipment
1002485412	3k_main_ceo_initial_data_character_historical_nanlou_ancillaries	3k_main_ceo_category_ancillary_armour	0	3k_main_ancilliary_armour_nanlou_armour_unique	character_equipment
1004309610	3k_main_ceo_initial_data_character_historical_gan_ji_ancillaries	3k_main_ceo_category_ancillary_mount	0	3k_main_ancillary_mount_grey_horse	character_equipment
1005375368	3k_main_ceo_initial_data_character_historical_fa_zheng_ancillaries	3k_main_ceo_category_ancillary_weapon	0	3k_main_ancillary_weapon_single_edged_sword_common	character_equipment
1006659117	3k_main_ceo_initial_data_character_historical_huang_anbao_ancillaries	3k_main_ceo_category_ancillary_mount	0	3k_main_ancillary_mount_black_horse	character_equipment
1007642624	3k_main_ceo_initial_data_character_historical_Li_Dian_ancillaries	3k_main_ceo_category_ancillary_armour	0	3k_main_ancilliary_armour_Li_Dian_armour_unique	character_equipment
1008385948	3k_mtu_ceo_initial_data_character_historical_lady_diao_chan_ancillaries	3k_main_ceo_category_ancillary_mount	0	3k_main_ancillary_mount_black_horse	character_equipment
1009277687	3k_main_ceo_initial_data_character_historical_gujin_ancillaries	3k_main_ceo_category_ancillary_accessory	0	3k_main_ancillary_weapon_tribal_recurve_bow_exceptional	character_equipment
1009784577	3k_main_ceo_initial_data_character_historical_liu_biao_ancillaries	3k_main_ceo_category_ancillary_mount	0	3k_main_ancillary_mount_white_horse	character_equipment
1012530988	3k_main_ceo_initial_data_character_generic_wood_ancillaries_01	3k_main_ceo_category_ancillary_weapon	0	3k_main_ancillary_weapon_two_handed_spear_common	character_equipment
1012551774	3k_main_ceo_initial_data_character_historical_cao_xi_ancillaries	3k_main_ceo_category_ancillary_mount	0	3k_main_ancillary_mount_brown_horse	character_equipment
1012924801	3k_main_ceo_initial_data_character_historical_yang_qiu_ancillaries	3k_main_ceo_category_ancillary_mount	0	3k_main_ancillary_mount_brown_horse	character_equipment
1013245099	3k_main_ceo_initial_data_character_historical_lady_yang_ancillaries	3k_main_ceo_category_ancillary_mount	0	3k_main_ancillary_mount_black_horse	character_equipment
1015386971	3k_main_ceo_initial_data_character_historical_zhang_hong_ancillaries	3k_main_ceo_category_ancillary_mount	0	3k_main_ancillary_mount_black_horse	character_equipment
1017004132	3k_dlc04_ceo_initial_data_character_historical_non_deployable_song_dian_ancillaries	3k_main_ceo_category_ancillary_armour	0	3k_dlc04_ancillary_armour_non_deployable_armour_red_common	character_equipment
1020255417	3k_main_ceo_initial_data_character_historical_liu_qi_ancillaries	3k_main_ceo_category_ancillary_mount	0	3k_main_ancillary_mount_red_horse	character_equipment
102084048	3k_dlc04_ceo_initial_data_character_historical_huangfu_song_ancillaries	3k_main_ceo_category_ancillary_weapon	0	3k_main_ancillary_weapon_one_handed_axe_common	character_equipment
10239822	3k_main_ceo_initial_data_character_historical_deng_zhi_unique_ironic_ancillaries	3k_main_ceo_category_ancillary_armour	0	3k_main_ancilliary_armour_deng_zhi_unique_ironic_armour_unique	character_equipment
1023992490	3k_main_ceo_initial_data_character_historical_yufuluo_ancillaries	3k_main_ceo_category_ancillary_mount	0	3k_main_ancillary_mount_xiongnu_horse	character_equipment
1025834867	3k_main_ceo_initial_data_character_historical_chen_ying_z_ancillaries	3k_main_ceo_category_ancillary_mount	0	3k_main_ancillary_mount_red_horse	character_equipment
1025903093	3k_main_ceo_initial_data_character_historical_xun_you_ancillaries	3k_main_ceo_category_ancillary_weapon	0	3k_main_ancillary_weapon_double_edged_sword_common	character_equipment
1026089853	3k_main_ceo_initial_data_character_historical_cao_cao_ancillaries	3k_main_ceo_category_ancillary_accessory	0	3k_main_ancillary_accessory_blade_of_seven_gems	character_equipment
1026369017	3k_main_ceo_initial_data_character_historical_gurudun_ancillaries	3k_main_ceo_category_ancillary_accessory	0	3k_main_ancillary_weapon_tribal_recurve_bow_exceptional	character_equipment
1026980083	3k_dlc04_ceo_initial_data_character_historical_non_deployable_cao_ding_ancillaries	3k_main_ceo_category_ancillary_mount	0	3k_main_ancillary_mount_grey_horse	character_equipment
1027130656	3k_main_ceo_initial_data_character_historical_liu_bao_ancillaries	3k_main_ceo_category_ancillary_accessory	0	3k_main_ancillary_weapon_tribal_recurve_bow_exceptional	character_equipment
102995002	3k_main_ceo_initial_data_character_historical_miao_wanwan_ancillaries	3k_main_ceo_category_ancillary_armour	0	3k_main_ancilliary_armour_miao_wanwan_armour_unique	character_equipment
1032521948	3k_main_ceo_initial_data_character_historical_yuan_yao_ancillaries	3k_main_ceo_category_ancillary_armour	0	3k_main_ancilliary_armour_yuan_yao_armour_unique	character_equipment
1032936208	3k_main_ceo_initial_data_character_historical_xu_rong_ancillaries	3k_main_ceo_category_ancillary_armour	0	3k_main_ancilliary_armour_xu_rong_armour_unique	character_equipment
1034551679	3k_main_ceo_initial_data_character_historical_tian_chou_ancillaries	3k_main_ceo_category_ancillary_armour	0	3k_main_ancilliary_armour_tian_chou_armour_unique	character_equipment
1034864368	3k_main_ceo_initial_data_character_historical_handan_shang_ancillaries	3k_main_ceo_category_ancillary_mount	0	3k_main_ancillary_mount_black_horse	character_equipment
1036259584	3k_main_ceo_initial_data_character_historical_yue_jiu_ancillaries	3k_main_ceo_category_ancillary_weapon	0	3k_main_ancillary_weapon_two_handed_spear_common	character_equipment
103931292	3k_main_ceo_initial_data_character_historical_mei_cheng_ancillaries	3k_main_ceo_category_ancillary_weapon	0	3k_main_ancillary_weapon_single_edged_sword_common	character_equipment
1041122301	3k_main_ceo_initial_data_character_historical_gao_gan_ancillaries	3k_main_ceo_category_ancillary_armour	0	3k_main_ancilliary_armour_gao_gan_armour_unique	character_equipment
1041131894	3k_main_ceo_initial_data_character_historical_lady_cai_ancillaries	3k_main_ceo_category_ancillary_mount	0	3k_main_ancillary_mount_white_horse	character_equipment
1042036207	3k_main_ceo_initial_data_character_historical_Zhang_Chunhua_ancillaries	3k_main_ceo_category_ancillary_armour	0	3k_main_ancilliary_armour_Zhang_Chunhua_armour_unique	character_equipment
1042151562	3k_main_ceo_initial_data_character_historical_Bao_Sanniang_ancillaries	3k_main_ceo_category_ancillary_armour	0	3k_main_ancilliary_armour_Bao_Sanniang_armour_unique	character_equipment
1042469032	3k_main_ceo_initial_data_character_historical_xun_chen_ancillaries	3k_main_ceo_category_ancillary_mount	0	3k_main_ancillary_mount_black_horse	character_equipment
104379344	3k_mtu_ceo_initial_data_character_historical_lady_dong_peishan_ancillaries	3k_main_ceo_category_ancillary_weapon	0	3k_main_ancillary_weapon_double_edged_sword_common	character_equipment
1044666973	3k_dlc06_initial_data_stage_character_ancillaries_generic_nanman_fire	3k_main_ceo_category_ancillary_mount	0	3k_main_ancillary_mount_red_horse	character_equipment
104503	3k_main_ceo_initial_data_character_historical_zhu_min_ironic_ancillaries	3k_main_ceo_category_ancillary_weapon	0	3k_main_ancillary_weapon_single_edged_sword_common	character_equipment
1045036788	3k_main_ceo_initial_data_character_historical_wangdong_ancillaries	3k_main_ceo_category_ancillary_accessory	0	3k_main_ancillary_weapon_tribal_recurve_bow_exceptional	character_equipment
1045044649	3k_main_ceo_initial_data_character_historical_lu_xun_ancillaries	3k_main_ceo_category_ancillary_armour	0	3k_main_ancilliary_armour_lu_xun_armour_unique	character_equipment
1047639897	3k_main_ceo_initial_data_character_historical_zhang_meng_ancillaries	3k_main_ceo_category_ancillary_weapon	0	3k_main_ancillary_weapon_two_handed_spear_common	character_equipment
1047948218	ep_ceo_initial_data_character_generic_metal_ancillaries_02	3k_main_ceo_category_ancillary_weapon	0	3k_main_ancillary_weapon_double_edged_sword_common	character_equipment
1049333685	3k_main_ceo_initial_data_character_historical_huche_er_ancillaries	3k_main_ceo_category_ancillary_mount	0	3k_main_ancillary_mount_brown_horse	character_equipment
1053885054	3k_dlc04_ceo_initial_data_character_historical_non_deployable_song_dian_ancillaries	3k_main_ceo_category_ancillary_weapon	0	3k_main_ancillary_weapon_single_edged_sword_common	character_equipment
105422243	3k_main_ceo_initial_data_character_historical_yang_feng_nw_ancillaries	3k_main_ceo_category_ancillary_mount	0	3k_main_ancillary_mount_red_horse	character_equipment
1054229414	3k_main_ceo_initial_data_character_historical_wang_kuang_ancillaries	3k_main_ceo_category_ancillary_armour	0	3k_main_ancilliary_armour_wang_kuang_armour_unique	character_equipment
1054593988	3k_main_ceo_initial_data_character_historical_tian_feng_ancillaries	3k_main_ceo_category_ancillary_weapon	0	3k_main_ancillary_weapon_double_edged_sword_common	character_equipment
1055522642	3k_dlc04_ceo_initial_data_character_historical_he_jin_ancillaries	3k_main_ceo_category_ancillary_mount	0	3k_main_ancillary_mount_grey_horse	character_equipment
1055642521	3k_main_ceo_initial_data_character_historical_zhao_bo_ytr_ancillaries	3k_main_ceo_category_ancillary_armour	0	3k_main_ancilliary_armour_zhao_bo_ytr_armour_unique	character_equipment
1056553946	3k_main_ceo_initial_data_character_historical_cao_zhi_ancillaries	3k_main_ceo_category_ancillary_mount	0	3k_main_ancillary_mount_black_horse	character_equipment
1056995443	3k_main_ceo_initial_data_character_historical_cao_xi_ancillaries	3k_main_ceo_category_ancillary_armour	0	3k_main_ancilliary_armour_cao_xi_armour_unique	character_equipment
1057374656	3k_main_ceo_initial_data_character_historical_Mohuba_ancillaries	3k_main_ceo_category_ancillary_weapon	0	3k_main_ancillary_weapon_double_edged_sword_common	character_equipment
1058693156	3k_main_ceo_initial_data_character_historical_tian_feng_ancillaries	3k_main_ceo_category_ancillary_mount	0	3k_main_ancillary_mount_black_horse	character_equipment
1059291805	3k_main_ceo_initial_data_character_historical_xin_ping_ancillaries	3k_main_ceo_category_ancillary_armour	0	3k_main_ancilliary_armour_xin_ping_armour_unique	character_equipment
106003010	3k_main_ceo_initial_data_character_historical_tao_shang_ancillaries	3k_main_ceo_category_ancillary_mount	0	3k_main_ancillary_mount_grey_horse	character_equipment
1060328867	3k_mtu_ceo_initial_data_character_historical_lady_xiao_qiao_ancillaries	3k_main_ceo_category_ancillary_weapon	0	3k_main_ancillary_weapon_double_edged_sword_common	character_equipment
1060610344	3k_main_ceo_initial_data_character_historical_liu_pingming_ancillaries	3k_main_ceo_category_ancillary_weapon	0	3k_main_ancillary_weapon_double_edged_sword_common	character_equipment
1060829833	3k_main_ceo_initial_data_character_historical_liao_hua_ytr_ancillaries	3k_main_ceo_category_ancillary_weapon	0	3k_main_ancillary_weapon_two_handed_spear_common	character_equipment
1061515916	3k_main_ceo_initial_data_character_historical_yuan_yao_ancillaries	3k_main_ceo_category_ancillary_weapon	0	3k_main_ancillary_weapon_single_edged_sword_common	character_equipment
1062859490	3k_dlc04_ceo_initial_data_character_historical_lu_zhi_ancillaries	3k_main_ceo_category_ancillary_weapon	0	3k_main_ancillary_weapon_double_edged_sword_common	character_equipment
1062949614	3k_dlc06_initial_data_stage_character_ancillaries_historical_nanman_king_meng_huo	3k_main_ceo_category_ancillary_armour	0	3k_dlc06_ancillary_armour_nanman_king_meng_huo_unique	character_equipment
1064030289	3k_main_ceo_initial_data_character_historical_lady_ze_deng_ancillaries	3k_main_ceo_category_ancillary_weapon	0	3k_main_ancillary_weapon_double_edged_sword_common	character_equipment
1064322861	3k_main_ceo_initial_data_character_historical_xu_rong_ancillaries	3k_main_ceo_category_ancillary_mount	0	3k_main_ancillary_mount_brown_horse	character_equipment
1065106859	3k_main_ceo_initial_data_character_historical_liu_pan_ancillaries	3k_main_ceo_category_ancillary_armour	0	3k_main_ancilliary_armour_liu_pan_armour_unique	character_equipment
1065247631	3k_main_ceo_initial_data_character_historical_lu_shang_ancillaries	3k_main_ceo_category_ancillary_weapon	0	3k_main_ancillary_weapon_two_handed_spear_common	character_equipment
1066085090	3k_main_ceo_initial_data_character_historical_zang_ba_ancillaries	3k_main_ceo_category_ancillary_weapon	0	3k_main_ancillary_weapon_two_handed_spear_common	character_equipment
1067052078	3k_main_ceo_initial_data_character_historical_su_fei_ancillaries	3k_main_ceo_category_ancillary_accessory	0	3k_main_ancillary_weapon_composite_bow_refined	character_equipment
1067118813	3k_main_ceo_initial_data_character_historical_ma_ai_ancillaries	3k_main_ceo_category_ancillary_mount	0	3k_main_ancillary_mount_red_horse	character_equipment
1067479643	3k_main_ceo_initial_data_character_historical_liu_yao_ancillaries	3k_main_ceo_category_ancillary_mount	0	3k_main_ancillary_mount_grey_horse	character_equipment
1072732638	3k_mtu_ceo_initial_data_character_historical_lady_wu_minyu_ancillaries	3k_main_ceo_category_ancillary_mount	0	3k_main_ancillary_mount_white_horse	character_equipment
1074971888	3k_main_ceo_initial_data_character_historical_guan_chun_ancillaries	3k_main_ceo_category_ancillary_mount	0	3k_main_ancillary_mount_black_horse	character_equipment
1078922941	3k_main_ceo_initial_data_character_historical_zhu_jun_ancillaries	3k_main_ceo_category_ancillary_mount	0	3k_main_ancillary_mount_red_horse	character_equipment
107959712	3k_mtu_ceo_initial_data_character_historical_lady_shi_anicillaries	3k_main_ceo_category_ancillary_mount	0	3k_main_ancillary_mount_black_horse	character_equipment
1080243914	3k_main_ceo_initial_data_character_historical_Man_Chong_ancillaries	3k_main_ceo_category_ancillary_weapon	0	3k_main_ancillary_weapon_two_handed_spear_common	character_equipment
1080388969	3k_ytr_ceo_initial_data_character_generic_wood_ancillaries	3k_main_ceo_category_ancillary_weapon	0	3k_main_ancillary_weapon_two_handed_spear_common	character_equipment
1081018154	3k_main_ceo_initial_data_character_historical_xun_yu_ancillaries	3k_main_ceo_category_ancillary_mount	0	3k_main_ancillary_mount_black_horse	character_equipment
1081205491	3k_main_ceo_initial_data_character_historical_yuan_yin_ancillaries	3k_main_ceo_category_ancillary_weapon	0	3k_main_ancillary_weapon_single_edged_sword_common	character_equipment
1081324022	3k_dlc06_initial_data_stage_character_ancillaries_historical_nanman_dongtuna	3k_main_ceo_category_ancillary_armour	0	3k_dlc06_ancillary_armour_nanman_dongtuna_unique	character_equipment
10823279	3k_dlc04_ceo_initial_data_character_historical_non_deployable_li_song_ancillaries	3k_main_ceo_category_ancillary_armour	0	3k_dlc04_ancillary_armour_non_deployable_armour_red_common	character_equipment
1084430228	3k_main_ceo_initial_data_character_historical_huang_yueying_ancillaries	3k_main_ceo_category_ancillary_mount	0	3k_main_ancillary_mount_grey_horse	character_equipment
1084683794	3k_main_ceo_initial_data_character_historical_Mi_Heng_ancillaries	3k_main_ceo_category_ancillary_mount	0	3k_main_ancillary_mount_black_horse	character_equipment
1087435806	3k_main_ceo_initial_data_character_historical_mi_fang_ancillaries	3k_main_ceo_category_ancillary_mount	0	3k_main_ancillary_mount_grey_horse	character_equipment
1087694805	3k_main_ceo_initial_data_character_historical_zhu_hao_ancillaries	3k_main_ceo_category_ancillary_weapon	0	3k_main_ancillary_weapon_two_handed_spear_common	character_equipment
1089032557	3k_dlc04_ceo_initial_data_character_historical_non_deployable_sun_zhang_ancillaries	3k_main_ceo_category_ancillary_weapon	0	3k_main_ancillary_weapon_single_edged_sword_common	character_equipment
1091199399	3k_main_ceo_initial_data_character_historical_yuan_shu_ancillaries	3k_main_ceo_category_ancillary_armour	0	3k_main_ancillary_armour_yuan_shus_armour_unique	character_equipment
1091446200	3k_ytr_ceo_initial_data_stage_character_traits_historical_he_man	3k_main_ceo_category_ancillary_weapon	0	3k_ytr_ancillary_weapon_dual_maces_refined	character_equipment
1091655987	3k_dlc06_initial_data_stage_character_ancillaries_historical_nanman_king_mulu	3k_main_ceo_category_ancillary_armour	0	3k_dlc06_ancillary_armour_nanman_king_mulu_unique	character_equipment
1092440562	3k_main_ceo_initial_data_character_historical_qin_yilu_ancillaries	3k_main_ceo_category_ancillary_weapon	0	3k_main_ancillary_weapon_two_handed_spear_common	character_equipment
1093574109	3k_dlc05_ceo_initial_data_character_historical_mi_fang_ancillaries	3k_main_ceo_category_ancillary_mount	0	3k_main_ancillary_mount_grey_horse	character_equipment
1093778708	3k_dlc04_ceo_initial_data_character_historical_non_deployable_emperor_shao_ancillaries	3k_main_ceo_category_ancillary_armour	0	3k_main_ancillary_armour_heavy_armour_wood_and_fire_common	character_equipment
1094185084	3k_main_ceo_initial_data_character_historical_da_qiao_ancillaries	3k_main_ceo_category_ancillary_mount	0	3k_main_ancillary_mount_white_horse	character_equipment
109462098	ep_ceo_initial_data_character_historical_sima_liang_ancillaries	3k_main_ceo_category_ancillary_weapon	0	3k_main_ancillary_weapon_two_handed_spear_refined	character_equipment
1095390662	3k_main_ceo_initial_data_character_historical_lady_sun_ancillaries	3k_main_ceo_category_ancillary_weapon	0	3k_mtu_ancillary_weapon_shengxie	character_equipment
1096367295	ep_ceo_initial_data_character_historical_sima_lun_ancillaries	3k_main_ceo_category_ancillary_weapon	0	3k_main_ancillary_weapon_dual_swords_refined	character_equipment
109728	3k_main_ceo_initial_data_character_historical_huanglong_luo_ironic_ancillaries	3k_main_ceo_category_ancillary_armour	0	3k_main_ancilliary_armour_huanglong_luo_ironic_armour_unique	character_equipment
1097728522	3k_main_ceo_initial_data_character_historical_liu_biao_ancillaries	3k_main_ceo_category_ancillary_weapon	0	3k_main_ancillary_weapon_single_edged_sword_common	character_equipment
109925	3k_main_ceo_initial_data_character_historical_mao_jie_ancillaries	3k_main_ceo_category_ancillary_weapon	0	3k_main_ancillary_weapon_single_edged_sword_common	character_equipment
1100348587	ep_ceo_initial_data_stage_character_historical_cao_huan_ancillaries	3k_main_ceo_category_ancillary_weapon	0	3k_main_ancillary_weapon_double_edged_sword_common	character_equipment
110199739	3k_main_ceo_initial_data_character_historical_zhang_he_ancillaries	3k_main_ceo_category_ancillary_armour	0	3k_dlc07_ancillary_armour_zhang_he_armour_unique	character_equipment
1103127293	3k_mtu_ceo_initial_data_character_historical_lady_lu_ji_ancillaries	3k_main_ceo_category_ancillary_armour	0	3k_mtu_ancillary_armour_lady_lu_jis_armour_unique	character_equipment
1103183790	3k_main_ceo_initial_data_character_historical_bao_xin_ancillaries	3k_main_ceo_category_ancillary_weapon	0	3k_main_ancillary_weapon_double_edged_sword_common	character_equipment
1103441151	3k_main_ceo_initial_data_character_historical_cao_de_ancillaries	3k_main_ceo_category_ancillary_mount	0	3k_main_ancillary_mount_white_horse	character_equipment
1103613327	3k_main_ceo_initial_data_character_historical_Bao_Sanniang_ancillaries	3k_main_ceo_category_ancillary_mount	0	3k_main_ancillary_mount_red_horse	character_equipment
1104762235	3k_main_ceo_initial_data_character_historical_Liu_Feng_ancillaries	3k_main_ceo_category_ancillary_weapon	0	3k_main_ancillary_weapon_two_handed_spear_common	character_equipment
110547750	3k_main_ceo_initial_data_character_historical_ling_tong_ancillaries	3k_main_ceo_category_ancillary_mount	0	3k_main_ancillary_mount_brown_horse	character_equipment
1106433283	3k_main_ceo_initial_data_character_historical_sun_guan_ancillaries	3k_main_ceo_category_ancillary_armour	0	3k_main_ancilliary_armour_sun_guan_armour_unique	character_equipment
1111831534	ep_ceo_initial_data_character_historical_sima_ai_ancillaries	3k_main_ceo_category_ancillary_armour	0	ep_ancillary_sima_ai_armour_unique	character_equipment
1113080710	3k_main_ceo_initial_data_character_historical_taishi_ci_ancillaries	3k_main_ceo_category_ancillary_mount	0	3k_main_ancillary_mount_grey_horse	character_equipment
1113124826	3k_main_ceo_initial_data_character_historical_tian_yu_ancillaries	3k_main_ceo_category_ancillary_mount	0	3k_main_ancillary_mount_red_horse	character_equipment
1113693836	3k_main_ceo_initial_data_character_historical_han_xian_ytr_ancillaries	3k_main_ceo_category_ancillary_mount	0	3k_main_ancillary_mount_black_horse	character_equipment
1115106673	3k_main_ceo_initial_data_character_historical_chen_lan_ancillaries	3k_main_ceo_category_ancillary_weapon	0	3k_main_ancillary_weapon_two_handed_spear_common	character_equipment
1116620927	3k_main_ceo_initial_data_character_historical_Li_Dian_ancillaries	3k_main_ceo_category_ancillary_weapon	0	3k_main_ancillary_weapon_double_edged_sword_common	character_equipment
1118637247	3k_main_ceo_initial_data_character_historical_wang_baolan_ancillaries	3k_main_ceo_category_ancillary_mount	0	3k_main_ancillary_mount_black_horse	character_equipment
112010727	3k_main_ceo_initial_data_character_historical_bao_xun_ancillaries	3k_main_ceo_category_ancillary_armour	0	3k_main_ancilliary_armour_bao_xun_armour_unique	character_equipment
1121009511	3k_main_ceo_initial_data_character_historical_xu_jing_ancillaries	3k_main_ceo_category_ancillary_mount	0	3k_main_ancillary_mount_black_horse	character_equipment
1121541714	3k_main_ceo_initial_data_character_historical_zhou_yu_renming_ancillaries	3k_main_ceo_category_ancillary_mount	0	3k_main_ancillary_mount_white_horse	character_equipment
1122325149	3k_main_ceo_initial_data_character_historical_mi_fang_ancillaries	3k_main_ceo_category_ancillary_weapon	0	3k_main_ancillary_weapon_double_edged_sword_common	character_equipment
1122844364	3k_main_ceo_initial_data_character_historical_syiyan_ancillaries	3k_main_ceo_category_ancillary_armour	0	3k_main_ancilliary_armour_syiyan_armour_unique	character_equipment
1123973856	3k_main_ceo_initial_data_character_historical_qu_pan_ancillaries	3k_main_ceo_category_ancillary_accessory	0	3k_ironic_ancillary_accessory_commander_lu	character_equipment
112571365	3k_mtu_ceo_initial_data_character_historical_lady_ma_lanli_ancillaries	3k_main_ceo_category_ancillary_armour	0	3k_mtu_ancillary_armour_lady_ma_lanlis_armour_unique	character_equipment
1127086065	3k_main_ceo_initial_data_character_historical_Wei_Xu_ancillaries	3k_main_ceo_category_ancillary_armour	0	3k_main_ancilliary_armour_Wei_Xu_armour_unique	character_equipment
1128365622	3k_main_ceo_initial_data_character_historical_fa_zheng_ancillaries	3k_main_ceo_category_ancillary_armour	0	3k_dlc07_ancillary_armour_fa_zheng_armour_unique	character_equipment
112876	3k_main_ceo_initial_data_character_historical_he_qi_ironic_ancillaries	3k_main_ceo_category_ancillary_weapon	0	3k_main_ancillary_weapon_two_handed_spear_common	character_equipment
1128980252	3k_main_ceo_initial_data_character_historical_sun_ce_ancillaries	3k_main_ceo_category_ancillary_armour	0	3k_main_ancillary_armour_sun_ces_armour_unique	character_equipment
1129098654	3k_main_ceo_initial_data_character_historical_zhang_yanyan_ancillaries	3k_main_ceo_category_ancillary_weapon	0	3k_main_ancillary_weapon_double_edged_sword_common	character_equipment
1129152763	3k_main_ceo_initial_data_character_historical_cao_xiu_ancillaries	3k_main_ceo_category_ancillary_weapon	0	3k_main_ancillary_weapon_two_handed_spear_exceptional	character_equipment
1130240663	3k_main_ceo_initial_data_character_historical_liu_dai_ancillaries	3k_main_ceo_category_ancillary_armour	0	3k_main_ancillary_armour_strategist_light_armour_water_refined	character_equipment
1130484302	3k_main_ceo_initial_data_character_historical_huang_yueying_ancillaries	3k_main_ceo_category_ancillary_armour	0	3k_main_ancilliary_armour_huang_yueying_armour_unique	character_equipment
1130722274	3k_main_ceo_initial_data_character_historical_zhang_cheng_ancillaries	3k_main_ceo_category_ancillary_armour	0	3k_main_ancilliary_armour_zhang_cheng_armour_unique	character_equipment
1132645011	3k_main_ceo_initial_data_character_historical_lady_yan_ancillaries	3k_main_ceo_category_ancillary_mount	0	3k_main_ancillary_mount_white_horse	character_equipment
1133442579	3k_dlc04_ceo_initial_data_character_historical_non_deployable_zhao_zhong_ancillaries	3k_main_ceo_category_ancillary_mount	0	3k_main_ancillary_mount_brown_horse	character_equipment
1134463033	3k_main_ceo_initial_data_character_historical_wuyan_ancillaries	3k_main_ceo_category_ancillary_accessory	0	3k_main_ancillary_weapon_tribal_recurve_bow_exceptional	character_equipment
1136173766	3k_main_ceo_initial_data_character_historical_gongsun_zan_ancillaries	3k_main_ceo_category_ancillary_mount	0	3k_main_ancillary_mount_white_horse	character_equipment
1136638729	3k_main_ceo_initial_data_character_historical_yuan_xi_ancillaries	3k_main_ceo_category_ancillary_mount	0	3k_main_ancillary_mount_white_horse	character_equipment
1137153013	3k_main_ceo_initial_data_character_historical_han_hao_ancillaries	3k_main_ceo_category_ancillary_weapon	0	3k_main_ancillary_weapon_two_handed_spear_exceptional	character_equipment
1137232870	3k_main_ceo_initial_data_character_historical_handan_shang_ancillaries	3k_main_ceo_category_ancillary_armour	0	3k_main_ancilliary_armour_handan_shang_armour_unique	character_equipment
1139430140	3k_main_ceo_initial_data_character_historical_ju_shou_ancillaries	3k_main_ceo_category_ancillary_weapon	0	3k_main_ancillary_weapon_single_edged_sword_common	character_equipment
1139859446	3k_main_ceo_initial_data_character_historical_da_qiao_ancillaries	3k_main_ceo_category_ancillary_weapon	0	3k_main_ancillary_weapon_dual_swords_common	character_equipment
1140137243	ep_ceo_initial_data_stage_character_historical_sima_ju_ancillaries	3k_main_ceo_category_ancillary_mount	0	3k_main_ancillary_mount_white_horse	character_equipment
1141580182	3k_main_ceo_initial_data_character_historical_zheng_jiang_ancillaries	3k_main_ceo_category_ancillary_mount	0	3k_main_ancillary_mount_brown_horse	character_equipment
1142712004	ep_ceo_initial_data_character_generic_wood_ancillaries_01	3k_main_ceo_category_ancillary_weapon	0	3k_main_ancillary_weapon_two_handed_spear_common	character_equipment
1144429387	3k_main_ceo_initial_data_character_historical_lei_xu_ancillaries	3k_main_ceo_category_ancillary_mount	0	3k_main_ancillary_mount_grey_horse	character_equipment
1146518396	3k_main_ceo_initial_data_character_historical_huchuquan_ancillaries	3k_main_ceo_category_ancillary_weapon	0	3k_main_ancillary_weapon_double_edged_sword_common	character_equipment
1149993998	3k_main_ceo_initial_data_character_historical_huang_zu_ancillaries	3k_main_ceo_category_ancillary_weapon	0	3k_main_ancillary_weapon_two_handed_spear_common	character_equipment
1151094930	3k_main_ceo_initial_data_character_historical_zhang_xiu_ancillaries	3k_main_ceo_category_ancillary_weapon	0	3k_main_ancillary_weapon_two_handed_spear_common	character_equipment
1151525549	3k_main_ceo_initial_data_character_historical_yang_hong_ancillaries	3k_main_ceo_category_ancillary_mount	0	3k_main_ancillary_mount_grey_horse	character_equipment
1151912796	3k_main_ceo_initial_data_character_historical_zhang_hu_ancillaries	3k_main_ceo_category_ancillary_accessory	0	3k_main_ancillary_weapon_composite_bow_common	character_equipment
115220	3k_main_ceo_initial_data_character_historical_sun_shao_sun_ancillaries	3k_main_ceo_category_ancillary_armour	0	3k_main_ancilliary_armour_sun_shao_sun_armour_unique	character_equipment
1152603629	3k_mtu_ceo_initial_data_character_historical_lady_fei_ancillaries	3k_main_ceo_category_ancillary_weapon	0	3k_main_ancillary_weapon_ceremonial_sword_refined	character_equipment
1156058202	3k_main_ceo_initial_data_character_historical_Suli_ancillaries	3k_main_ceo_category_ancillary_accessory	0	3k_main_ancillary_weapon_tribal_recurve_bow_exceptional	character_equipment
1156101887	3k_main_ceo_initial_data_character_historical_yuan_shang_ancillaries	3k_main_ceo_category_ancillary_armour	0	3k_dlc07_ancillary_armour_yuan_shang_armour_unique	character_equipment
1159213229	3k_main_ceo_initial_data_character_historical_yang_ren_ancillaries	3k_main_ceo_category_ancillary_weapon	0	3k_main_ancillary_weapon_two_handed_spear_common	character_equipment
1164609577	3k_main_ceo_initial_data_character_historical_liu_dai_ancillaries	3k_main_ceo_category_ancillary_weapon	0	3k_main_ancillary_weapon_single_edged_sword_common	character_equipment
1166017883	3k_main_ceo_initial_data_character_historical_qiulijiu_ancillaries	3k_main_ceo_category_ancillary_accessory	0	3k_main_ancillary_weapon_tribal_recurve_bow_exceptional	character_equipment
1166154394	3k_main_ceo_initial_data_character_historical_xue_li_ancillaries	3k_main_ceo_category_ancillary_armour	0	3k_main_ancilliary_armour_xue_li_armour_unique	character_equipment
1166284644	3k_main_ceo_initial_data_character_historical_yin_li_ancillaries	3k_main_ceo_category_ancillary_weapon	0	3k_main_ancillary_weapon_double_edged_sword_common	character_equipment
1166633468	3k_main_ceo_initial_data_character_historical_cheng_yu_ancillaries	3k_main_ceo_category_ancillary_mount	0	3k_main_ancillary_mount_black_horse	character_equipment
1168749041	3k_main_ceo_initial_data_character_historical_chenggong_ying_ancillaries	3k_main_ceo_category_ancillary_armour	0	3k_main_ancilliary_armour_chenggong_ying_armour_unique	character_equipment
1169441508	3k_main_ceo_initial_data_character_historical_QIianman_ancillaries	3k_main_ceo_category_ancillary_weapon	0	3k_main_ancillary_weapon_double_edged_sword_common	character_equipment
1169481254	ep_ceo_initial_data_character_historical_sima_liang_ancillaries	3k_main_ceo_category_ancillary_armour	0	ep_ancillary_sima_liang_armour_unique	character_equipment
1169713586	3k_main_ceo_initial_data_character_historical_liu_shang_ancillaries	3k_main_ceo_category_ancillary_weapon	0	3k_main_ancillary_weapon_double_edged_sword_common	character_equipment
11722241	3k_main_ceo_initial_data_character_historical_zhang_ni_unique_ancillaries	3k_main_ceo_category_ancillary_weapon	0	3k_main_ancillary_weapon_two_handed_spear_common	character_equipment
1173539397	3k_mtu_ceo_initial_data_character_historical_lady_da_qiao_ancillaries	3k_main_ceo_category_ancillary_mount	0	3k_main_ancillary_mount_white_horse	character_equipment
1173600705	3k_main_ceo_initial_data_character_historical_zhao_wei_ancillaries	3k_main_ceo_category_ancillary_weapon	0	3k_main_ancillary_weapon_double_edged_sword_common	character_equipment
1173601522	3k_main_ceo_initial_data_character_historical_lady_zhang_shangxiu_ancillaries	3k_main_ceo_category_ancillary_mount	0	3k_main_ancillary_mount_black_horse	character_equipment
1173744284	3k_main_ceo_initial_data_character_historical_wang_yun_ancillaries	3k_main_ceo_category_ancillary_mount	0	3k_main_ancillary_mount_white_horse	character_equipment
1175003750	3k_main_ceo_initial_data_character_historical_Kebineng_ancillaries	3k_main_ceo_category_ancillary_accessory	0	3k_main_ancillary_weapon_tribal_recurve_bow_exceptional	character_equipment
1175305545	3k_ytr_ceo_initial_data_character_generic_water_ancillaries	3k_main_ceo_category_ancillary_armour	0	3k_ytr_ancillary_armour_healer_yellow_turban_common	character_equipment
1176840480	3k_main_ceo_initial_data_character_historical_lu_xun_ancillaries	3k_main_ceo_category_ancillary_armour	0	3k_main_ancillary_armour_strategist_light_armour_water_extraordinary	character_equipment
1178089554	3k_ytr_ceo_initial_data_character_generic_metal_ancillaries	3k_main_ceo_category_ancillary_weapon	0	3k_main_ancillary_weapon_double_edged_sword_common	character_equipment
1178959642	3k_main_ceo_initial_data_character_historical_zhang_hong_ancillaries	3k_main_ceo_category_ancillary_weapon	0	3k_main_ancillary_weapon_single_edged_sword_common	character_equipment
1179649150	3k_main_ceo_initial_data_character_historical_yang_biao_ancillaries	3k_main_ceo_category_ancillary_armour	0	3k_main_ancilliary_armour_yang_biao_armour_unique	character_equipment
118095869	3k_mtu_ceo_initial_data_character_historical_lady_cai_yan_ancillaries	3k_main_ceo_category_ancillary_accessory	0	3k_mtu_ancillary_accessory_poem_of_sorrow_and_anger	character_equipment
1181191418	3k_dlc05_ceo_initial_data_character_historical_zhang_fang_ancillaries	3k_main_ceo_category_ancillary_weapon	0	3k_main_ancillary_weapon_double_edged_sword_common	character_equipment
1181625569	3k_main_ceo_initial_data_character_historical_Deng_Ai_ancillaries	3k_main_ceo_category_ancillary_mount	0	3k_main_ancillary_mount_grey_horse	character_equipment
1184156291	3k_main_ceo_initial_data_character_historical_chen_gong_ancillaries	3k_main_ceo_category_ancillary_armour	0	3k_dlc05_ancilliary_armour_chen_gong_armour_unique	character_equipment
1184652203	3k_main_ceo_initial_data_character_historical_zhang_meng_ancillaries	3k_main_ceo_category_ancillary_armour	0	3k_main_ancilliary_armour_zhang_meng_armour_unique	character_equipment
1185818559	3k_main_ceo_initial_data_character_historical_zuo_ci_ancillaries	3k_main_ceo_category_ancillary_accessory	0	3k_ironic_ancillary_accessory_daoist_manual	character_equipment
118799	3k_main_ceo_initial_data_character_historical_sun_deng_ancillaries	3k_main_ceo_category_ancillary_armour	0	3k_main_ancilliary_armour_sun_deng_armour_unique	character_equipment
1188575	3k_main_ceo_initial_data_character_historical_shi_kuang_unique_ancillaries	3k_main_ceo_category_ancillary_weapon	0	3k_main_ancillary_weapon_two_handed_spear_common	character_equipment
1188785201	3k_mtu_ceo_initial_data_character_historical_lady_guan_yinping_anicillaries	3k_main_ceo_category_ancillary_weapon	0	3k_mtu_ancillary_weapon_young_dragon	character_equipment
119206278	3k_main_ceo_initial_data_character_historical_lady_sun_ancillaries	3k_main_ceo_category_ancillary_armour	0	3k_main_ancillary_armour_lady_suns_armour_unique	character_equipment
1192121048	3k_main_ceo_initial_data_character_historical_zhang_zhao_ancillaries	3k_main_ceo_category_ancillary_armour	0	3k_dlc05_ancilliary_armour_zhang_zhao_armour_unique	character_equipment
119320245	ep_ceo_initial_data_stage_character_historical_sun_xiu_ancillaries	3k_main_ceo_category_ancillary_weapon	0	3k_main_ancillary_weapon_single_edged_sword_common	character_equipment
1193971824	3k_dlc04_ceo_initial_data_character_historical_luo_jun_ancillaries	3k_main_ceo_category_ancillary_armour	0	3k_main_ancillary_armour_medium_armour_wood_unique	character_equipment
1194425386	3k_main_ceo_initial_data_character_historical_dong_zhuo_ancillaries	3k_main_ceo_category_ancillary_mount	0	3k_main_ancillary_mount_brown_horse	character_equipment
1196555206	3k_main_ceo_initial_data_character_historical_liu_bei_ancillaries	3k_main_ceo_category_ancillary_armour	0	3k_main_ancillary_armour_liu_beis_armour_unique	character_equipment
1197089297	3k_main_ceo_initial_data_character_historical_guan_yu_ancillaries	3k_main_ceo_category_ancillary_weapon	0	3k_main_ancillary_weapon_green_dragon_crescent_blade_faction	character_equipment
1197938599	3k_main_ceo_initial_data_character_historical_zheng_yan_ancillaries	3k_main_ceo_category_ancillary_weapon	0	3k_main_ancillary_weapon_two_handed_spear_common	character_equipment
1198168755	3k_mtu_ceo_initial_data_character_historical_chunyu_qiong_ancillaries	3k_main_ceo_category_ancillary_mount	0	3k_main_ancillary_mount_red_horse	character_equipment
119993318	3k_main_ceo_initial_data_character_historical_liu_ji_ancillaries	3k_main_ceo_category_ancillary_weapon	0	3k_main_ancillary_weapon_two_handed_spear_common	character_equipment
1201425072	3k_main_ceo_initial_data_character_historical_tian_yu_ancillaries	3k_main_ceo_category_ancillary_armour	0	3k_main_ancilliary_armour_tian_yu_armour_unique	character_equipment
1206393238	3k_main_ceo_initial_data_character_historical_cao_zhang_ancillaries	3k_main_ceo_category_ancillary_weapon	0	3k_main_ancillary_weapon_two_handed_spear_exceptional	character_equipment
1207330324	3k_main_ceo_initial_data_character_historical_liu_shang_ancillaries	3k_main_ceo_category_ancillary_mount	0	3k_main_ancillary_mount_grey_horse	character_equipment
1208003203	3k_main_ceo_initial_data_character_historical_zhang_xiu_ancillaries	3k_main_ceo_category_ancillary_armour	0	3k_main_ancilliary_armour_zhang_xiu_armour_unique	character_equipment
1209218142	3k_main_ceo_initial_data_character_historical_wang_yun_ancillaries	3k_main_ceo_category_ancillary_weapon	0	3k_main_ancillary_weapon_double_edged_sword_common	character_equipment
1209835371	ep_ceo_initial_data_stage_character_historical_cao_huan_ancillaries	3k_main_ceo_category_ancillary_armour	0	ep_ancillary_armour_medium_armour_earth_unique	character_equipment
1210058637	3k_main_ceo_initial_data_character_historical_fan_chou_ancillaries	3k_main_ceo_category_ancillary_armour	0	3k_main_ancilliary_armour_fan_chou_armour_unique	character_equipment
1211977330	3k_main_ceo_initial_data_character_historical_xun_chen_ancillaries	3k_main_ceo_category_ancillary_weapon	0	3k_main_ancillary_weapon_single_edged_sword_common	character_equipment
121259683	3k_mtu_ceo_initial_data_character_historical_liu_shan_anicillaries	3k_main_ceo_category_ancillary_weapon	0	3k_main_ancillary_weapon_ceremonial_sword_refined	character_equipment
1213632827	3k_mtu_ceo_initial_data_character_historical_yan_xiang_ancillaries	3k_main_ceo_category_ancillary_weapon	0	3k_main_ancillary_weapon_single_edged_sword_common	character_equipment
1213768384	ep_ceo_initial_data_character_historical_sima_yong_ancillaries	3k_main_ceo_category_ancillary_armour	0	ep_ancillary_sima_yong_armour_unique	character_equipment
1213902612	3k_main_ceo_initial_data_character_historical_gongsun_xu_ancillaries	3k_main_ceo_category_ancillary_armour	0	3k_main_ancilliary_armour_gongsun_xu_armour_unique	character_equipment
121474702	3k_main_ceo_initial_data_character_historical_yu_jin_ancillaries	3k_main_ceo_category_ancillary_mount	0	3k_main_ancillary_mount_grey_horse	character_equipment
1214956260	3k_main_ceo_initial_data_character_historical_zhang_fu_ancillaries	3k_main_ceo_category_ancillary_mount	0	3k_main_ancillary_mount_brown_horse	character_equipment
1215443182	3k_main_ceo_initial_data_character_historical_huang_zhong_ancillaries	3k_main_ceo_category_ancillary_armour	0	3k_main_ancillary_armour_huang_zhongs_armour_unique	character_equipment
1215602335	3k_main_ceo_initial_data_character_historical_zhang_he_ancillaries	3k_main_ceo_category_ancillary_mount	0	3k_main_ancillary_mount_grey_horse	character_equipment
1215773463	3k_main_ceo_initial_data_character_historical_yuan_tan_ancillaries	3k_main_ceo_category_ancillary_mount	0	3k_main_ancillary_mount_grey_horse	character_equipment
121672	3k_main_ceo_initial_data_character_historical_wang_ping_ancillaries	3k_main_ceo_category_ancillary_weapon	0	3k_main_ancillary_weapon_two_handed_spear_common	character_equipment
1218514432	3k_dlc06_initial_data_stage_character_ancillaries_generic_nanman_earth	3k_main_ceo_category_ancillary_mount	0	3k_main_ancillary_mount_white_horse	character_equipment
1218577290	3k_main_ceo_initial_data_character_historical_chen_heng_ancillaries	3k_main_ceo_category_ancillary_armour	0	3k_main_ancilliary_armour_chen_heng_armour_unique	character_equipment
1220071234	3k_main_ceo_initial_data_character_historical_Luo_Tong_ancillaries	3k_main_ceo_category_ancillary_weapon	0	3k_main_ancillary_weapon_two_handed_spear_common	character_equipment
1221228006	3k_main_ceo_initial_data_character_historical_qin_yilu_ancillaries	3k_main_ceo_category_ancillary_armour	0	3k_main_ancilliary_armour_qin_yilu_armour_unique	character_equipment
1221666941	3k_main_ceo_initial_data_character_historical_liang_xing_ancillaries	3k_main_ceo_category_ancillary_armour	0	3k_main_ancilliary_armour_liang_xing_armour_unique	character_equipment
1224180759	3k_main_ceo_initial_data_character_historical_zhang_hong_ancillaries	3k_main_ceo_category_ancillary_armour	0	3k_dlc05_ancilliary_armour_zhang_hong_armour_unique	character_equipment
1224458131	3k_mtu_ceo_initial_data_character_historical_lady_lu_zheng_ancillaries	3k_main_ceo_category_ancillary_armour	0	3k_mtu_ancillary_armour_lady_lu_zhengs_armour_unique	character_equipment
122527	3k_main_ceo_initial_data_character_historical_lu_qian_ancillaries	3k_main_ceo_category_ancillary_weapon	0	3k_main_ancillary_weapon_double_edged_sword_common	character_equipment
1225971998	3k_main_ceo_initial_data_character_zi_luan_ancillaries_01	3k_main_ceo_category_ancillary_armour	0	3k_main_ancillary_armour_medium_armour_earth_unique	character_equipment
12269485	3k_dlc05_ceo_initial_data_character_historical_li_jue_ancillaries	3k_main_ceo_category_ancillary_mount	0	3k_main_ancillary_mount_red_horse	character_equipment
1227147747	3k_mtu_ceo_initial_data_character_historical_ma_dai_ancillaries	3k_main_ceo_category_ancillary_mount	0	3k_main_ancillary_mount_red_horse	character_equipment
1227318441	3k_main_ceo_initial_data_character_historical_chen_chao_ancillaries	3k_main_ceo_category_ancillary_mount	0	3k_main_ancillary_mount_red_horse	character_equipment
1227672889	3k_main_ceo_initial_data_character_historical_zao_zhi_ancillaries	3k_main_ceo_category_ancillary_weapon	0	3k_main_ancillary_weapon_two_handed_spear_common	character_equipment
1228284849	3k_main_ceo_initial_data_character_historical_huang_anbao_ancillaries	3k_main_ceo_category_ancillary_armour	0	3k_main_ancilliary_armour_huang_anbao_armour_unique	character_equipment
123342824	3k_main_ceo_initial_data_character_historical_chen_deng_ancillaries	3k_main_ceo_category_ancillary_mount	0	3k_main_ancillary_mount_black_horse	character_equipment
1233489351	3k_main_ceo_initial_data_character_historical_yuan_tan_ancillaries	3k_main_ceo_category_ancillary_weapon	0	3k_main_ancillary_weapon_double_edged_sword_common	character_equipment
1234990896	3k_main_ceo_initial_data_character_historical_guo_tu_ancillaries	3k_main_ceo_category_ancillary_armour	0	3k_main_ancilliary_armour_guo_tu_armour_unique	character_equipment
1235811340	3k_main_ceo_initial_data_character_historical_zhao_wei_ancillaries	3k_main_ceo_category_ancillary_mount	0	3k_main_ancillary_mount_black_horse	character_equipment
1236747791	3k_main_ceo_initial_data_character_historical_li_ying_ancillaries	3k_main_ceo_category_ancillary_mount	0	3k_main_ancillary_mount_black_horse	character_equipment
1237196300	ep_ceo_initial_data_stage_character_historical_wang_bao_ancillaries	3k_main_ceo_category_ancillary_weapon	0	3k_main_ancillary_weapon_two_handed_spear_common	character_equipment
1239628175	ep_ceo_initial_data_character_historical_huangfu_shang_ancillaries	3k_main_ceo_category_ancillary_weapon	0	3k_main_ancillary_weapon_double_edged_sword_common	character_equipment
1240968693	3k_main_ceo_initial_data_character_historical_cheng_yin_ancillaries	3k_main_ceo_category_ancillary_mount	0	3k_main_ancillary_mount_grey_horse	character_equipment
1241902353	3k_main_ceo_initial_data_character_historical_huche_er_ancillaries	3k_main_ceo_category_ancillary_armour	0	3k_main_ancilliary_armour_huche_er_armour_unique	character_equipment
1243260150	3k_main_ceo_initial_data_character_historical_gongsun_fan_ancillaries	3k_main_ceo_category_ancillary_mount	0	3k_main_ancillary_mount_red_horse	character_equipment
124394893	3k_mtu_ceo_initial_data_character_historical_lady_dong_bai_ancillaries	3k_main_ceo_category_ancillary_mount	0	3k_main_ancillary_mount_black_horse	character_equipment
1244439229	3k_main_ceo_initial_data_character_historical_Chen_Dao_ancillaries	3k_main_ceo_category_ancillary_weapon	0	3k_main_ancillary_weapon_single_edged_sword_common	character_equipment
1244984757	ep_ceo_initial_data_character_historical_sima_yue_ancillaries	3k_main_ceo_category_ancillary_armour	0	ep_ancillary_sima_yue_armour_unique	character_equipment
1245019496	3k_ytr_ceo_initial_data_character_historical_he_man_ancillaries	3k_main_ceo_category_ancillary_mount	0	3k_main_ancillary_mount_grey_horse	character_equipment
124546707	3k_main_ceo_initial_data_character_historical_zuozi_zhulan_ancillaries	3k_main_ceo_category_ancillary_weapon	0	3k_main_ancillary_weapon_double_edged_sword_common	character_equipment
124559074	3k_main_ceo_initial_data_character_historical_liu_dai_ancillaries	3k_main_ceo_category_ancillary_armour	0	3k_main_ancilliary_armour_liu_dai_armour_unique	character_equipment
1245771352	3k_main_ceo_initial_data_character_historical_jueji_ancillaries	3k_main_ceo_category_ancillary_armour	0	3k_main_ancilliary_armour_jueji_armour_unique	character_equipment
1246168755	3k_main_ceo_initial_data_character_historical_Guan_Ping_ancillaries	3k_main_ceo_category_ancillary_mount	0	3k_main_ancillary_mount_brown_horse	character_equipment
1248321443	3k_main_ceo_initial_data_character_historical_chen_wen_ancillaries	3k_main_ceo_category_ancillary_mount	0	3k_main_ancillary_mount_black_horse	character_equipment
1250054103	3k_mtu_ceo_initial_data_character_historical_lady_dong_peishan_ancillaries	3k_main_ceo_category_ancillary_armour	0	3k_mtu_ancillary_armour_lady_dong_peishans_armour_unique	character_equipment
1250533605	3k_main_ceo_initial_data_character_historical_guo_nuwang_ancillaries	3k_main_ceo_category_ancillary_armour	0	3k_main_ancilliary_armour_guo_nuwang_armour_unique	character_equipment
125168585	3k_main_ceo_initial_data_character_historical_peng_yang_ancillaries	3k_main_ceo_category_ancillary_mount	0	3k_main_ancillary_mount_black_horse	character_equipment
1251765054	3k_main_ceo_initial_data_character_historical_shi_huang_sg_ancillaries	3k_main_ceo_category_ancillary_mount	0	3k_main_ancillary_mount_white_horse	character_equipment
1252110389	3k_main_ceo_initial_data_character_historical_zhao_e_ancillaries	3k_main_ceo_category_ancillary_mount	0	3k_main_ancillary_mount_grey_horse	character_equipment
1252584102	ep_ceo_initial_data_character_historical_sima_ying_ancillaries	3k_main_ceo_category_ancillary_weapon	0	3k_main_ancillary_weapon_ceremonial_sword_unique	character_equipment
12534824	3k_main_ceo_initial_data_character_historical_wang_shi_unique_ancillaries	3k_main_ceo_category_ancillary_armour	0	3k_main_ancilliary_armour_wang_shi_unique_armour_unique	character_equipment
1254411102	3k_main_ceo_initial_data_character_historical_chang_xi_ancillaries	3k_main_ceo_category_ancillary_armour	0	3k_main_ancilliary_armour_chang_xi_armour_unique	character_equipment
1254693546	ep_ceo_initial_data_character_generic_water_ancillaries_01	3k_main_ceo_category_ancillary_armour	0	ep_ancillary_armour_strategist_light_armour_water_extraordinary	character_equipment
1256436916	3k_main_ceo_initial_data_character_historical_zhang_yun_ancillaries	3k_main_ceo_category_ancillary_armour	0	3k_main_ancilliary_armour_zhang_yun_armour_unique	character_equipment
125768579	3k_ytr_ceo_initial_data_character_generic_wood_ancillaries	3k_main_ceo_category_ancillary_mount	0	3k_main_ancillary_mount_brown_horse	character_equipment
1258011607	3k_main_ceo_initial_data_character_historical_tufa_pigu_ancillaries	3k_main_ceo_category_ancillary_weapon	0	3k_main_ancillary_weapon_double_edged_sword_common	character_equipment
1258896225	3k_main_ceo_initial_data_character_historical_huang_she_ancillaries	3k_main_ceo_category_ancillary_weapon	0	3k_main_ancillary_weapon_double_edged_sword_common	character_equipment
1259230402	3k_main_ceo_initial_data_character_historical_pang_tong_ancillaries	3k_main_ceo_category_ancillary_armour	0	3k_cp01_ancillary_armour_pang_tongs_armour_unique	character_equipment
126028	3k_main_ceo_initial_data_character_historical_wu_jing_ironic_ancillaries	3k_main_ceo_category_ancillary_mount	0	3k_main_ancillary_mount_red_horse	character_equipment
1262141131	3k_main_ceo_initial_data_character_historical_han_xian_ytr_ancillaries	3k_main_ceo_category_ancillary_weapon	0	3k_main_ancillary_weapon_single_edged_sword_common	character_equipment
1266048391	3k_main_ceo_initial_data_character_historical_zuozi_zhulan_ancillaries	3k_main_ceo_category_ancillary_armour	0	3k_main_ancilliary_armour_zuozhi_zhulan_armour_unique	character_equipment
126654662	3k_dlc04_ceo_initial_data_character_historical_non_deployable_emperor_xian_ancillaries	3k_main_ceo_category_ancillary_armour	0	3k_dlc07_ancillary_armour_emperor_xian_armour_unique	character_equipment
126740296	3k_main_ceo_initial_data_character_historical_cao_ang_ancillaries	3k_main_ceo_category_ancillary_mount	0	3k_main_ancillary_mount_brown_horse	character_equipment
1267715214	3k_main_ceo_initial_data_character_historical_cheng_yu_ancillaries	3k_main_ceo_category_ancillary_weapon	0	3k_main_ancillary_weapon_single_edged_sword_common	character_equipment
1267779921	3k_main_ceo_initial_data_character_historical_congqian_ancillaries	3k_main_ceo_category_ancillary_weapon	0	3k_main_ancillary_weapon_double_edged_sword_common	character_equipment
126867	3k_main_ceo_initial_data_character_historical_lu_fan_ironic_ancillaries	3k_main_ceo_category_ancillary_weapon	0	3k_main_ancillary_weapon_single_edged_sword_common	character_equipment
126966193	3k_main_ceo_initial_data_character_historical_zhang_jin_ancillaries	3k_main_ceo_category_ancillary_mount	0	3k_main_ancillary_mount_red_horse	character_equipment
1271779991	3k_main_ceo_initial_data_character_historical_liu_yao_ancillaries	3k_main_ceo_category_ancillary_weapon	0	3k_main_ancillary_weapon_double_edged_sword_common	character_equipment
12731	3k_main_ceo_initial_data_character_historical_fan_yufeng_ancillaries	3k_main_ceo_category_ancillary_mount	0	3k_main_ancillary_mount_white_horse	character_equipment
1274313674	3k_main_ceo_initial_data_character_historical_lady_yang_ancillaries	3k_main_ceo_category_ancillary_armour	0	3k_ironic_ancilliary_armour_lady_yang_armour_unique	character_equipment
127727206	3k_main_ceo_initial_data_character_historical_guo_jia_ancillaries	3k_main_ceo_category_ancillary_weapon	0	3k_main_ancillary_weapon_single_edged_sword_common	character_equipment
1277894105	3k_dlc04_ceo_initial_data_character_historical_non_deployable_zhang_gong_ancillaries	3k_main_ceo_category_ancillary_armour	0	3k_dlc04_ancillary_armour_non_deployable_armour_red_common	character_equipment
1279075680	3k_main_ceo_initial_data_character_generic_earth_ancillaries_01	3k_main_ceo_category_ancillary_weapon	0	3k_main_ancillary_weapon_double_edged_sword_common	character_equipment
1282412237	3k_main_ceo_initial_data_character_historical_zhao_ang_ancillaries	3k_main_ceo_category_ancillary_mount	0	3k_main_ancillary_mount_black_horse	character_equipment
1282647286	3k_main_ceo_initial_data_character_historical_agui_ancillaries	3k_main_ceo_category_ancillary_armour	0	3k_main_ancilliary_armour_agui_armour_unique	character_equipment
1286564549	3k_main_ceo_initial_data_character_historical_li_ru_ancillaries	3k_main_ceo_category_ancillary_weapon	0	3k_main_ancillary_weapon_single_edged_sword_common	character_equipment
1286879180	3k_main_ceo_initial_data_character_historical_gu_ruilan_ancillaries	3k_main_ceo_category_ancillary_weapon	0	3k_main_ancillary_weapon_double_edged_sword_common	character_equipment
1287274951	3k_main_ceo_initial_data_character_historical_fa_zheng_ancillaries	3k_main_ceo_category_ancillary_mount	0	3k_main_ancillary_mount_black_horse	character_equipment
128784475	3k_main_ceo_initial_data_character_historical_guo_tu_ancillaries	3k_main_ceo_category_ancillary_mount	0	3k_main_ancillary_mount_black_horse	character_equipment
1288812153	3k_main_ceo_initial_data_character_historical_chen_deng_ancillaries	3k_main_ceo_category_ancillary_armour	0	3k_main_ancilliary_armour_chen_deng_armour_unique	character_equipment
1291854326	3k_dlc04_ceo_initial_data_character_historical_non_deployable_emperor_shao_ancillaries	3k_main_ceo_category_ancillary_weapon	0	3k_main_ancillary_weapon_two_handed_axe_common	character_equipment
1294049323	3k_mtu_ceo_initial_data_character_historical_huang_zu_ancillaries	3k_main_ceo_category_ancillary_weapon	0	3k_main_ancillary_weapon_two_handed_spear_common	character_equipment
1294490280	3k_main_ceo_initial_data_character_historical_wei_yan_ancillaries	3k_main_ceo_category_ancillary_weapon	0	3k_main_ancillary_weapon_two_handed_spear_common	character_equipment
1296489948	3k_main_ceo_initial_data_character_historical_liang_mao_ancillaries	3k_main_ceo_category_ancillary_mount	0	3k_main_ancillary_mount_black_horse	character_equipment
1297002815	3k_main_ceo_initial_data_character_historical_cao_song_ancillaries	3k_main_ceo_category_ancillary_weapon	0	3k_main_ancillary_weapon_single_edged_sword_common	character_equipment
129795	3k_main_ceo_initial_data_character_historical_xu_gong_ironic_ancillaries	3k_main_ceo_category_ancillary_armour	0	3k_main_ancilliary_armour_xu_gong_ironic_armour_unique	character_equipment
1300402911	3k_dlc05_ceo_initial_data_character_historical_yan_yu_ancillaries	3k_main_ceo_category_ancillary_mount	0	3k_main_ancillary_mount_brown_horse	character_equipment
1301313366	3k_main_ceo_initial_data_character_historical_huangfu_song_ancillaries	3k_main_ceo_category_ancillary_armour	0	3k_main_ancillary_armour_light_armour_metal_extraordinary	character_equipment
130251809	3k_main_ceo_initial_data_character_historical_zhang_zhao_ancillaries	3k_main_ceo_category_ancillary_weapon	0	3k_main_ancillary_weapon_single_edged_sword_common	character_equipment
1303488445	3k_main_ceo_initial_data_character_historical_wei_yan_ancillaries	3k_main_ceo_category_ancillary_armour	0	3k_dlc06_ancilliary_armour_wei_yan_armour_unique	character_equipment
1305733200	3k_main_ceo_initial_data_character_historical_cai_yan_m_ancillaries	3k_main_ceo_category_ancillary_weapon	0	3k_main_ancillary_weapon_single_edged_sword_common	character_equipment
130595533	3k_dlc04_ceo_initial_data_character_historical_zhang_liang_ancillaries	3k_main_ceo_category_ancillary_armour	0	3k_dlc04_ancillary_armour_zhang_liangs_armour_unique	character_equipment
1306007580	3k_main_ceo_initial_data_character_historical_wangdong_ancillaries	3k_main_ceo_category_ancillary_armour	0	3k_main_ancilliary_armour_wangdong_armour_unique	character_equipment
1306779121	ep_ceo_initial_data_character_generic_metal_ancillaries_02	3k_main_ceo_category_ancillary_armour	0	ep_ancillary_armour_light_armour_metal_extraordinary	character_equipment
1307262215	3k_main_ceo_initial_data_character_historical_lady_ze_deng_ancillaries	3k_main_ceo_category_ancillary_mount	0	3k_main_ancillary_mount_grey_horse	character_equipment
1307474717	3k_main_ceo_initial_data_character_historical_chen_lan_ancillaries	3k_main_ceo_category_ancillary_mount	0	3k_main_ancillary_mount_brown_horse	character_equipment
1307640827	3k_dlc06_initial_data_stage_character_ancillaries_generic_nanman_wood	3k_main_ceo_category_ancillary_mount	0	3k_main_ancillary_mount_brown_horse	character_equipment
1307973402	3k_mtu_ceo_initial_data_character_historical_lady_da_qiao_ancillaries	3k_main_ceo_category_ancillary_armour	0	3k_mtu_ancillary_armour_lady_da_qiaos_armour_unique	character_equipment
1309425488	3k_main_ceo_initial_data_character_historical_mi_zhu_ancillaries	3k_main_ceo_category_ancillary_mount	0	3k_main_ancillary_mount_black_horse	character_equipment
1310083804	3k_main_ceo_initial_data_character_historical_xiahou_jie_ancillaries	3k_main_ceo_category_ancillary_mount	0	3k_main_ancillary_mount_red_horse	character_equipment
1310533169	3k_main_ceo_initial_data_character_historical_wangdong_ancillaries	3k_main_ceo_category_ancillary_weapon	0	3k_main_ancillary_weapon_two_handed_spear_common	character_equipment
131247420	3k_main_ceo_initial_data_character_historical_chen_ji_ancillaries	3k_main_ceo_category_ancillary_weapon	0	3k_main_ancillary_weapon_single_edged_sword_common	character_equipment
1312872752	3k_main_ceo_initial_data_character_historical_bi_jieyan_ancillaries	3k_main_ceo_category_ancillary_weapon	0	3k_main_ancillary_weapon_single_edged_sword_common	character_equipment
1313485527	3k_main_ceo_initial_data_character_historical_yang_biao_ancillaries	3k_main_ceo_category_ancillary_weapon	0	3k_main_ancillary_weapon_two_handed_spear_common	character_equipment
1313693307	3k_mtu_ceo_initial_data_character_historical_lady_zhang_xingcai_anicillaries	3k_main_ceo_category_ancillary_armour	0	3k_mtu_ancillary_armour_lady_zhang_xingcais_armour_unique	character_equipment
1314835906	3k_mtu_ceo_initial_data_character_historical_chen_jiu_ancillaries	3k_main_ceo_category_ancillary_weapon	0	3k_ironic_ancillary_weapon_pang_de_spear_unique	character_equipment
1315129115	ep_ceo_initial_data_stage_character_historical_sima_cui_ancillaries	3k_main_ceo_category_ancillary_weapon	0	3k_main_ancillary_weapon_double_edged_sword_common	character_equipment
1315340106	3k_main_ceo_initial_data_character_historical_cai_mao_ancillaries	3k_main_ceo_category_ancillary_mount	0	3k_main_ancillary_mount_red_horse	character_equipment
1320617744	3k_main_ceo_initial_data_character_historical_Song_Xian_ancillaries	3k_main_ceo_category_ancillary_mount	0	3k_main_ancillary_mount_grey_horse	character_equipment
132086	3k_main_ceo_initial_data_character_historical_wang_ping_ancillaries	3k_main_ceo_category_ancillary_mount	0	3k_main_ancillary_mount_red_horse	character_equipment
1322432110	3k_dlc04_ceo_initial_data_character_historical_non_deployable_zhao_zhong_ancillaries	3k_main_ceo_category_ancillary_weapon	0	3k_main_ancillary_weapon_single_edged_sword_common	character_equipment
1323320030	3k_main_ceo_initial_data_character_historical_gongsun_yuan_ancillaries	3k_main_ceo_category_ancillary_armour	0	3k_main_ancillary_mount_red_horse	character_equipment
1323746960	3k_mtu_ceo_initial_data_character_historical_lady_gongsun_jinting_ancillaries	3k_main_ceo_category_ancillary_armour	0	3k_mtu_ancillary_armour_lady_gongsun_jintings_armour_unique	character_equipment
1324149872	3k_main_ceo_initial_data_character_historical_lady_xiahou_ancillaries	3k_main_ceo_category_ancillary_armour	0	3k_main_ancilliary_armour_lady_xiahou_armour_unique	character_equipment
1326661041	3k_main_ceo_initial_data_character_historical_tuoba_jiefan_ancillaries	3k_main_ceo_category_ancillary_weapon	0	3k_main_ancillary_weapon_double_edged_sword_common	character_equipment
1326745704	3k_mtu_ceo_initial_data_character_historical_lady_guan_yinping_anicillaries	3k_main_ceo_category_ancillary_mount	0	3k_main_ancillary_mount_brown_horse	character_equipment
1326920823	3k_main_ceo_initial_data_character_historical_Li_Yan_ancillaries	3k_main_ceo_category_ancillary_armour	0	3k_main_ancilliary_armour_Li_Yan_armour_unique	character_equipment
1327742507	3k_main_ceo_initial_data_character_historical_liu_zhang_ancillaries	3k_main_ceo_category_ancillary_armour	0	3k_main_ancillary_armour_liu_zhangs_armour_unique	character_equipment
1327750720	3k_main_ceo_initial_data_character_historical_Wei_Xu_ancillaries	3k_main_ceo_category_ancillary_mount	0	3k_main_ancillary_mount_grey_horse	character_equipment
1328522693	3k_main_ceo_initial_data_character_historical_yan_gang_ancillaries	3k_main_ceo_category_ancillary_weapon	0	3k_main_ancillary_weapon_two_handed_spear_common	character_equipment
1329038782	3k_main_ceo_initial_data_character_historical_gao_lan_ancillaries	3k_main_ceo_category_ancillary_mount	0	3k_main_ancillary_mount_brown_horse	character_equipment
1329804373	3k_main_ceo_initial_data_character_historical_QIianman_ancillaries	3k_main_ceo_category_ancillary_mount	0	3k_main_ancillary_mount_xianbei_horse	character_equipment
1331948867	3k_main_ceo_initial_data_character_historical_guo_si_ancillaries	3k_main_ceo_category_ancillary_follower	0	3k_ironic_ancillary_follower_xiliang_commander	character_equipment
1332289773	3k_main_ceo_initial_data_character_historical_han_sui_ancillaries	3k_main_ceo_category_ancillary_armour	0	3k_main_ancillary_armour_han_suis_armour_unique	character_equipment
1332580779	3k_main_ceo_initial_data_character_historical_zhang_cheng_ancillaries	3k_main_ceo_category_ancillary_weapon	0	3k_main_ancillary_weapon_single_edged_sword_common	character_equipment
1332586279	3k_main_ceo_initial_data_character_historical_yang_bo_ancillaries	3k_main_ceo_category_ancillary_mount	0	3k_main_ancillary_mount_grey_horse	character_equipment
1332767993	3k_main_ceo_initial_data_character_historical_lady_zhang_zhumeng_ancillaries	3k_main_ceo_category_ancillary_mount	0	3k_main_ancillary_mount_grey_horse	character_equipment
1334629773	3k_main_ceo_initial_data_character_historical_cao_zhen_ancillaries	3k_main_ceo_category_ancillary_armour	0	3k_main_ancillary_armour_cao_zhens_armour_unique	character_equipment
13355	3k_main_ceo_initial_data_character_historical_ling_cao_ironic_ancillaries	3k_main_ceo_category_ancillary_weapon	0	3k_main_ancillary_weapon_two_handed_spear_common	character_equipment
1337726731	3k_main_ceo_initial_data_character_historical_sun_qian_ancillaries	3k_main_ceo_category_ancillary_weapon	0	3k_main_ancillary_weapon_single_edged_sword_common	character_equipment
1337735102	3k_main_ceo_initial_data_character_historical_gongsun_yuan_ancillaries	3k_main_ceo_category_ancillary_weapon	0	3k_main_ancillary_weapon_two_handed_spear_common	character_equipment
1338001657	3k_main_ceo_initial_data_character_historical_tufa_pigu_ancillaries	3k_main_ceo_category_ancillary_mount	0	3k_main_ancillary_mount_xianbei_horse	character_equipment
133809389	3k_dlc06_initial_data_stage_character_ancillaries_generic_nanman_water	3k_main_ceo_category_ancillary_armour	0	3k_dlc06_ancillary_armour_nanman_medium_common	character_equipment
1338871713	3k_main_ceo_initial_data_character_historical_Fulohan_ancillaries	3k_main_ceo_category_ancillary_weapon	0	3k_main_ancillary_weapon_double_edged_sword_common	character_equipment
1342007172	3k_main_ceo_initial_data_character_historical_gongsun_kang_ancillaries	3k_main_ceo_category_ancillary_mount	0	3k_main_ancillary_mount_white_horse	character_equipment
1343727561	3k_main_ceo_initial_data_character_historical_li_ru_ancillaries	3k_main_ceo_category_ancillary_armour	0	3k_dlc06_ancilliary_armour_li_ru_armour_unique	character_equipment
1343819231	3k_main_ceo_initial_data_character_historical_lu_jun_ancillaries	3k_main_ceo_category_ancillary_weapon	0	3k_main_ancillary_weapon_single_edged_sword_common	character_equipment
1344644210	3k_mtu_ceo_initial_data_character_historical_jian_yong_ancillaries	3k_main_ceo_category_ancillary_mount	0	3k_main_ancillary_mount_grey_horse	character_equipment
1345381984	3k_main_ceo_initial_data_character_historical_cheng_yi_ancillaries	3k_main_ceo_category_ancillary_mount	0	3k_main_ancillary_mount_brown_horse	character_equipment
1345760262	3k_main_ceo_initial_data_character_historical_wang_dang_ancillaries	3k_main_ceo_category_ancillary_weapon	0	3k_main_ancillary_weapon_double_edged_sword_common	character_equipment
134638743	3k_main_ceo_initial_data_character_historical_lu_xun_ancillaries	3k_main_ceo_category_ancillary_armour	0	3k_main_ancilliary_armour_lu_xun_armour_unique	character_equipment
1349053147	3k_main_ceo_initial_data_character_historical_zhuge_jin_ancillaries	3k_main_ceo_category_ancillary_mount	0	3k_main_ancillary_mount_black_horse	character_equipment
1350990457	3k_main_ceo_initial_data_character_historical_deng_sheng_ancillaries	3k_main_ceo_category_ancillary_armour	0	3k_main_ancilliary_armour_deng_sheng_armour_unique	character_equipment
1352597256	3k_main_ceo_initial_data_character_historical_yan_yan_ancillaries	3k_main_ceo_category_ancillary_weapon	0	3k_main_ancillary_weapon_one_handed_axe_common	character_equipment
135451	3k_main_ceo_initial_data_character_historical_ding_feng_ancillaries	3k_main_ceo_category_ancillary_armour	0	3k_main_ancilliary_armour_ding_feng_armour_unique	character_equipment
135854	3k_main_ceo_initial_data_character_historical_shi_huan_ancillaries	3k_main_ceo_category_ancillary_mount	0	3k_main_ancillary_mount_red_horse	character_equipment
1360934813	3k_main_ceo_initial_data_character_historical_chenggong_ying_ancillaries	3k_main_ceo_category_ancillary_weapon	0	3k_main_ancillary_weapon_two_handed_spear_common	character_equipment
1362939083	3k_mtu_ceo_initial_data_character_historical_ma_dai_ancillaries	3k_main_ceo_category_ancillary_weapon	0	3k_ironic_ancillary_weapon_ma_dai_spear_unique	character_equipment
136561	3k_main_ceo_initial_data_character_historical_bu_zhi_ironic_ancillaries	3k_main_ceo_category_ancillary_armour	0	3k_main_ancilliary_armour_bu_zhi_ironic_armour_unique	character_equipment
1365924728	3k_main_ceo_initial_data_character_historical_yang_biao_ancillaries	3k_main_ceo_category_ancillary_mount	0	3k_main_ancillary_mount_red_horse	character_equipment
1366329771	3k_dlc04_ceo_initial_data_character_historical_non_deployable_emperor_ling_ancillaries	3k_main_ceo_category_ancillary_mount	0	3k_main_ancillary_mount_white_thoroughbred	character_equipment
1366499163	3k_main_ceo_initial_data_character_historical_tao_ying_ancillaries	3k_main_ceo_category_ancillary_mount	0	3k_main_ancillary_mount_brown_horse	character_equipment
1366571207	3k_main_ceo_initial_data_character_historical_supuyan_ancillaries	3k_main_ceo_category_ancillary_accessory	0	3k_main_ancillary_weapon_tribal_recurve_bow_exceptional	character_equipment
1367958726	3k_main_ceo_initial_data_character_historical_Guan_Suo_ancillaries	3k_main_ceo_category_ancillary_weapon	0	3k_main_ancillary_weapon_two_handed_spear_common	character_equipment
1368218798	3k_mtu_ceo_initial_data_character_historical_chen_jiu_ancillaries	3k_main_ceo_category_ancillary_armour	0	3k_mtu_ancillary_armour_chen_jius_armour_unique	character_equipment
1369456695	3k_main_ceo_initial_data_character_historical_zhang_lu_ancillaries	3k_main_ceo_category_ancillary_weapon	0	3k_ytr_ancillary_weapon_staff_exceptional	character_equipment
1371690470	3k_main_ceo_initial_data_character_historical_tufa_pigu_ancillaries	3k_main_ceo_category_ancillary_accessory	0	3k_main_ancillary_weapon_tribal_recurve_bow_exceptional	character_equipment
137396667	3k_main_ceo_initial_data_character_historical_liu_ji_ancillaries	3k_main_ceo_category_ancillary_mount	0	3k_main_ancillary_mount_red_horse	character_equipment
1375668633	3k_main_ceo_initial_data_character_historical_gu_ruilan_ancillaries	3k_main_ceo_category_ancillary_armour	0	3k_main_ancilliary_armour_gu_ruilan_armour_unique	character_equipment
1376432073	3k_main_ceo_initial_data_character_historical_lu_meng_ancillaries	3k_main_ceo_category_ancillary_weapon	0	3k_main_ancillary_weapon_double_edged_sword_common	character_equipment
137700605	3k_main_ceo_initial_data_character_historical_gongsun_du_ancillaries	3k_main_ceo_category_ancillary_armour	0	3k_main_ancilliary_armour_gongsun_du_armour_unique	character_equipment
1377386485	3k_main_ceo_initial_data_character_historical_xu_he_ytr_ancillaries	3k_main_ceo_category_ancillary_armour	0	3k_main_ancilliary_armour_xu_he_ytr_armour_unique	character_equipment
1377928107	3k_main_ceo_initial_data_character_historical_QIianman_ancillaries	3k_main_ceo_category_ancillary_accessory	0	3k_main_ancillary_weapon_tribal_recurve_bow_exceptional	character_equipment
138126170	3k_main_ceo_initial_data_character_historical_deng_sheng_ancillaries	3k_main_ceo_category_ancillary_weapon	0	3k_main_ancillary_weapon_two_handed_spear_common	character_equipment
1381432145	3k_main_ceo_initial_data_character_historical_quan_rou_ancillaries	3k_main_ceo_category_ancillary_weapon	0	3k_main_ancillary_weapon_two_handed_spear_common	character_equipment
1381804831	3k_main_ceo_initial_data_character_historical_cui_jun_ancillaries	3k_main_ceo_category_ancillary_armour	0	3k_main_ancilliary_armour_cui_jun_armour_unique	character_equipment
1383098465	3k_mtu_ceo_initial_data_character_historical_lady_ma_yunlu_ancillaries	3k_main_ceo_category_ancillary_accessory	0	3k_mtu_ancillary_weapon_mothers_bow	character_equipment
1383214807	3k_main_ceo_initial_data_character_historical_huang_zu_ancillaries	3k_main_ceo_category_ancillary_mount	0	3k_main_ancillary_mount_brown_horse	character_equipment
1384887589	3k_dlc05_ceo_initial_data_character_historical_zhang_fang_ancillaries	3k_main_ceo_category_ancillary_armour	0	3k_main_ancilliary_armour_zhang_fang_armour_unique	character_equipment
1385464869	3k_main_ceo_initial_data_character_historical_guo_da_ancillaries	3k_main_ceo_category_ancillary_mount	0	3k_main_ancillary_mount_grey_horse	character_equipment
1387189945	3k_main_ceo_initial_data_character_historical_yuan_yin_ancillaries	3k_main_ceo_category_ancillary_mount	0	3k_main_ancillary_mount_white_horse	character_equipment
1389336875	3k_main_ceo_initial_data_character_historical_shi_yi_w_ancillaries	3k_main_ceo_category_ancillary_weapon	0	3k_main_ancillary_weapon_single_edged_sword_common	character_equipment
1389527481	3k_main_ceo_initial_data_character_historical_zhang_ying_ancillaries	3k_main_ceo_category_ancillary_weapon	0	3k_main_ancillary_weapon_two_handed_spear_common	character_equipment
1390724483	3k_main_ceo_initial_data_character_historical_ma_teng_ancillaries	3k_main_ceo_category_ancillary_weapon	0	3k_main_ancillary_weapon_two_handed_spear_refined	character_equipment
1391633985	3k_dlc06_initial_data_stage_character_ancillaries_historical_nanman_king_shamoke	3k_main_ceo_category_ancillary_armour	0	3k_dlc06_ancillary_armour_nanman_king_shamoke_unique	character_equipment
1395361229	3k_main_ceo_initial_data_character_historical_tuoba_jiefan_ancillaries	3k_main_ceo_category_ancillary_mount	0	3k_main_ancillary_mount_xianbei_horse	character_equipment
1395976882	ep_ceo_initial_data_character_historical_sima_ai_ancillaries	3k_main_ceo_category_ancillary_weapon	0	3k_main_ancillary_weapon_two_handed_spear_refined	character_equipment
1397849761	3k_main_ceo_initial_data_character_historical_zhuge_liang_ancillaries	3k_main_ceo_category_ancillary_mount	0	3k_main_ancillary_mount_black_horse	character_equipment
139813972	3k_main_ceo_initial_data_character_historical_Man_Chong_ancillaries	3k_main_ceo_category_ancillary_armour	0	3k_main_ancilliary_armour_Man_Chong_armour_unique	character_equipment
1399863340	3k_main_ceo_initial_data_character_historical_liu_dan_ancillaries	3k_main_ceo_category_ancillary_weapon	0	3k_main_ancillary_weapon_two_handed_spear_common	character_equipment
1401713735	3k_main_ceo_initial_data_character_historical_mi_zhu_ancillaries	3k_main_ceo_category_ancillary_armour	0	3k_main_ancilliary_armour_mi_zhu_armour_unique	character_equipment
1403001898	3k_main_ceo_initial_data_character_historical_guan_yu_ancillaries	3k_main_ceo_category_ancillary_armour	0	3k_main_ancillary_armour_guan_yus_armour_unique	character_equipment
1404088138	3k_main_ceo_initial_data_character_historical_liu_bei_ancillaries	3k_main_ceo_category_ancillary_mount	0	3k_main_ancillary_mount_white_horse	character_equipment
1404946287	3k_main_ceo_initial_data_character_historical_yang_song_ancillaries	3k_main_ceo_category_ancillary_armour	0	3k_ironic_ancilliary_armour_yang_song_armour_unique	character_equipment
1405041328	3k_dlc04_ceo_initial_data_character_historical_non_deployable_emperor_shao_ancillaries	3k_main_ceo_category_ancillary_mount	0	3k_main_ancillary_mount_red_horse	character_equipment
1405406042	3k_main_ceo_initial_data_character_historical_yang_ang_ancillaries	3k_main_ceo_category_ancillary_armour	0	3k_ironic_ancilliary_armour_yang_ang_armour_unique	character_equipment
1405867242	3k_mtu_ceo_initial_data_character_historical_guan_xuo_anicillaries	3k_main_ceo_category_ancillary_armour	0	3k_mtu_ancillary_armour_guan_xuos_armour_unique	character_equipment
1407906027	3k_main_ceo_initial_data_character_historical_yu_du_ancillaries	3k_main_ceo_category_ancillary_weapon	0	3k_main_ancillary_weapon_two_handed_spear_common	character_equipment
1408850738	3k_main_ceo_initial_data_character_historical_yan_yan_ancillaries	3k_main_ceo_category_ancillary_mount	0	3k_main_ancillary_mount_grey_horse	character_equipment
1409516349	3k_main_ceo_initial_data_character_historical_qu_yi_ancillaries	3k_main_ceo_category_ancillary_armour	0	3k_main_ancilliary_armour_qu_yi_armour_unique	character_equipment
14113	3k_main_ceo_initial_data_character_historical_sun_deng_ancillaries	3k_main_ceo_category_ancillary_mount	0	3k_main_ancillary_mount_white_horse	character_equipment
14137769	3k_main_ceo_initial_data_character_historical_nie_tingping_ancillaries	3k_main_ceo_category_ancillary_armour	0	3k_main_ancilliary_armour_nie_tingping_armour_unique	character_equipment
1413845323	3k_main_ceo_initial_data_character_historical_zheng_yan_ancillaries	3k_main_ceo_category_ancillary_armour	0	3k_main_ancilliary_armour_zheng_yan_armour_unique	character_equipment
1416985667	3k_main_ceo_initial_data_character_historical_lady_xiahou_ancillaries	3k_main_ceo_category_ancillary_weapon	0	3k_main_ancillary_weapon_single_edged_sword_common	character_equipment
1417139480	3k_main_ceo_initial_data_character_historical_zao_zhi_ancillaries	3k_main_ceo_category_ancillary_armour	0	3k_main_ancilliary_armour_zao_zhi_armour_unique	character_equipment
1417358462	3k_main_ceo_initial_data_character_historical_gao_gan_ancillaries	3k_main_ceo_category_ancillary_weapon	0	3k_main_ancillary_weapon_sword_and_shield_exceptional	character_equipment
1417893517	3k_main_ceo_initial_data_character_historical_liu_ji_ancillaries	3k_main_ceo_category_ancillary_armour	0	3k_main_ancilliary_armour_liu_ji_armour_unique	character_equipment
1418510259	3k_main_ceo_initial_data_character_historical_gongsun_zan_ancillaries	3k_main_ceo_category_ancillary_armour	0	3k_main_ancillary_armour_gongsun_zans_armour_unique	character_equipment
1418525825	3k_main_ceo_initial_data_character_historical_Hou_Cheng_ancillaries	3k_main_ceo_category_ancillary_weapon	0	3k_main_ancillary_weapon_two_handed_spear_common	character_equipment
1418568455	3k_main_ceo_initial_data_character_historical_lou_gui_ancillaries	3k_main_ceo_category_ancillary_weapon	0	3k_main_ancillary_weapon_two_handed_spear_common	character_equipment
1419481495	3k_main_ceo_initial_data_character_historical_zhang_yun_ancillaries	3k_main_ceo_category_ancillary_weapon	0	3k_main_ancillary_weapon_single_edged_sword_common	character_equipment
1419721142	3k_main_ceo_initial_data_character_historical_lady_zhang_zhumeng_ancillaries	3k_main_ceo_category_ancillary_weapon	0	3k_main_ancillary_weapon_double_edged_sword_common	character_equipment
1420436215	3k_main_ceo_initial_data_character_historical_gu_ruilan_ancillaries	3k_main_ceo_category_ancillary_mount	0	3k_main_ancillary_mount_white_horse	character_equipment
1420821606	ep_ceo_initial_data_character_historical_sima_lun_ancillaries	3k_main_ceo_category_ancillary_armour	0	ep_ancillary_sima_lun_armour_unique	character_equipment
1422307433	ep_ceo_initial_data_character_historical_sima_ying_ancillaries	3k_main_ceo_category_ancillary_armour	0	ep_ancillary_sima_ying_armour_unique	character_equipment
1422672096	3k_main_ceo_initial_data_character_historical_cai_he_ancillaries	3k_main_ceo_category_ancillary_weapon	0	3k_main_ancillary_weapon_double_edged_sword_common	character_equipment
1422788152	3k_main_ceo_initial_data_character_historical_zhang_fei_ancillaries	3k_main_ceo_category_ancillary_armour	0	3k_main_ancillary_armour_zhang_feis_armour_unique	character_equipment
1423281175	3k_main_ceo_initial_data_character_historical_wang_fangyue_ancillaries	3k_main_ceo_category_ancillary_mount	0	3k_main_ancillary_mount_black_horse	character_equipment
1423421440	3k_main_ceo_initial_data_character_historical_wei_you_ancillaries	3k_main_ceo_category_ancillary_weapon	0	3k_main_ancillary_weapon_single_edged_sword_common	character_equipment
1424251296	3k_main_ceo_initial_data_character_historical_zhang_jin_ancillaries	3k_main_ceo_category_ancillary_armour	0	3k_main_ancilliary_armour_zhang_jin_armour_unique	character_equipment
1426116796	3k_mtu_ceo_initial_data_character_historical_lady_gongsun_jinting_ancillaries	3k_main_ceo_category_ancillary_weapon	0	3k_main_ancillary_weapon_single_edged_sword_common	character_equipment
1427153784	3k_main_ceo_initial_data_character_historical_ma_wan_ancillaries	3k_main_ceo_category_ancillary_weapon	0	3k_main_ancillary_weapon_two_handed_spear_refined	character_equipment
1427457613	3k_main_ceo_initial_data_character_historical_gan_ning_ancillaries	3k_main_ceo_category_ancillary_weapon	0	3k_main_ancillary_weapon_dual_short_ji_exceptional	character_equipment
1427671264	3k_main_ceo_initial_data_character_historical_wang_kuang_ancillaries	3k_main_ceo_category_ancillary_weapon	0	3k_main_ancillary_weapon_double_edged_sword_common	character_equipment
1428495243	3k_main_ceo_initial_data_character_historical_hou_xuan_ancillaries	3k_main_ceo_category_ancillary_mount	0	3k_main_ancillary_mount_red_horse	character_equipment
1429004708	3k_main_ceo_initial_data_character_historical_kuai_yue_ancillaries	3k_main_ceo_category_ancillary_mount	0	3k_main_ancillary_mount_black_horse	character_equipment
1429971998	3k_main_ceo_initial_data_character_historical_xu_you_ancillaries	3k_main_ceo_category_ancillary_mount	0	3k_main_ancillary_mount_black_horse	character_equipment
1430090511	3k_main_ceo_initial_data_character_historical_ma_wan_ancillaries	3k_main_ceo_category_ancillary_mount	0	3k_main_ancillary_mount_red_horse	character_equipment
1430748250	3k_mtu_ceo_initial_data_character_historical_luo_jun_ancillaries	3k_main_ceo_category_ancillary_armour	0	3k_mtu_ancillary_armour_luo_juns_armour_unique	character_equipment
1431247046	3k_main_ceo_initial_data_character_historical_hu_zhen_ancillaries	3k_main_ceo_category_ancillary_mount	0	3k_main_ancillary_mount_white_horse	character_equipment
1432007186	3k_main_ceo_initial_data_character_historical_kong_zhou_ancillaries	3k_main_ceo_category_ancillary_armour	0	3k_main_ancillary_armour_strategist_light_armour_water_refined	character_equipment
14320188	3k_main_ceo_initial_data_character_historical_liu_dai_ancillaries	3k_main_ceo_category_ancillary_mount	0	3k_main_ancillary_mount_black_horse	character_equipment
1432194816	3k_main_ceo_initial_data_character_historical_cao_shuang_ancillaries	3k_main_ceo_category_ancillary_armour	0	3k_main_ancilliary_armour_cao_shuang_armour_unique	character_equipment
143371977	3k_main_ceo_initial_data_character_historical_mike_ancillaries	3k_main_ceo_category_ancillary_accessory	0	3k_main_ancillary_weapon_tribal_recurve_bow_exceptional	character_equipment
1434922670	3k_main_ceo_initial_data_character_historical_han_sui_ancillaries	3k_main_ceo_category_ancillary_weapon	0	3k_main_ancillary_weapon_double_edged_sword_exceptional	character_equipment
1436008193	3k_main_ceo_initial_data_character_historical_huang_hua_ancillaries	3k_main_ceo_category_ancillary_armour	0	3k_main_ancilliary_armour_huang_hua_armour_unique	character_equipment
1436188689	3k_main_ceo_initial_data_character_historical_jue_jiejie_ancillaries	3k_main_ceo_category_ancillary_mount	0	3k_main_ancillary_mount_white_horse	character_equipment
1436529312	3k_dlc04_ceo_initial_data_character_historical_non_deployable_han_kui_ancillaries	3k_main_ceo_category_ancillary_armour	0	3k_dlc04_ancillary_armour_non_deployable_armour_red_common	character_equipment
1436761802	3k_main_ceo_initial_data_character_historical_cao_zhen_ancillaries	3k_main_ceo_category_ancillary_mount	0	3k_main_ancillary_mount_grey_horse	character_equipment
143735233	ep_ceo_initial_data_character_historical_sima_yong_ancillaries	3k_main_ceo_category_ancillary_weapon	0	3k_main_ancillary_weapon_two_handed_axe_unique	character_equipment
144253850	3k_dlc04_ceo_initial_data_character_historical_liu_chong_ancillaries	3k_main_ceo_category_ancillary_mount	0	3k_dlc04_ancillary_mount_liu_chong	character_equipment
144353044	3k_main_ceo_initial_data_character_historical_cheng_yi_ancillaries	3k_main_ceo_category_ancillary_weapon	0	3k_main_ancillary_weapon_two_handed_axe_refined	character_equipment
144456482	3k_main_ceo_initial_data_character_historical_yang_qianwan_ancillaries	3k_main_ceo_category_ancillary_mount	0	3k_main_ancillary_mount_brown_horse	character_equipment
1446940897	3k_main_ceo_initial_data_character_historical_kuai_liang_ancillaries	3k_main_ceo_category_ancillary_mount	0	3k_main_ancillary_mount_black_horse	character_equipment
1447264766	3k_main_ceo_initial_data_character_historical_shi_huang_sg_ancillaries	3k_main_ceo_category_ancillary_armour	0	3k_main_ancilliary_armour_shi_huang_sg_armour_unique	character_equipment
1447754431	3k_main_ceo_initial_data_character_historical_hu_zhen_ancillaries	3k_main_ceo_category_ancillary_weapon	0	3k_main_ancillary_weapon_double_edged_sword_common	character_equipment
1447943856	3k_main_ceo_initial_data_character_historical_nanlou_ancillaries	3k_main_ceo_category_ancillary_accessory	0	3k_main_ancillary_weapon_tribal_recurve_bow_exceptional	character_equipment
1448160671	3k_mtu_ceo_initial_data_character_historical_lady_lu_ji_ancillaries	3k_main_ceo_category_ancillary_mount	0	3k_main_ancillary_mount_brown_horse	character_equipment
1448354748	3k_main_ceo_initial_data_character_historical_ren_qi_ancillaries	3k_main_ceo_category_ancillary_mount	0	3k_main_ancillary_mount_red_horse	character_equipment
1448930543	3k_main_ceo_initial_data_character_historical_liu_shuo_ancillaries	3k_main_ceo_category_ancillary_mount	0	3k_main_ancillary_mount_brown_horse	character_equipment
1449895733	3k_main_ceo_initial_data_character_historical_jiang_wei_ancillaries	3k_main_ceo_category_ancillary_mount	0	3k_main_ancillary_mount_red_horse	character_equipment
1449998034	3k_main_ceo_initial_data_character_historical_Mohuba_ancillaries	3k_main_ceo_category_ancillary_mount	0	3k_main_ancillary_mount_xianbei_horse	character_equipment
1451639149	3k_main_ceo_initial_data_character_historical_lady_cai_ancillaries	3k_main_ceo_category_ancillary_armour	0	3k_main_ancilliary_armour_lady_cai_armour_unique	character_equipment
1454038223	3k_mtu_ceo_initial_data_character_historical_jian_yong_ancillaries	3k_main_ceo_category_ancillary_weapon	0	3k_mtu_ancillary_weapon_diplomat	character_equipment
1455063778	3k_main_ceo_initial_data_character_historical_Kebineng_ancillaries	3k_main_ceo_category_ancillary_mount	0	3k_main_ancillary_mount_xianbei_horse	character_equipment
145514840	3k_main_ceo_initial_data_character_historical_leipan_ancillaries	3k_main_ceo_category_ancillary_mount	0	3k_main_ancillary_mount_wuhuan_horse	character_equipment
1456052436	3k_main_ceo_initial_data_character_historical_zhu_jun_ancillaries	3k_main_ceo_category_ancillary_weapon	0	3k_main_ancillary_weapon_two_handed_spear_common	character_equipment
1456324957	3k_main_ceo_initial_data_character_historical_zhang_ji_dong_ancillaries	3k_main_ceo_category_ancillary_armour	0	3k_main_ancilliary_armour_zhang_ji_dong_armour_unique	character_equipment
1457058330	3k_main_ceo_initial_data_character_historical_pang_yu_ancillaries	3k_main_ceo_category_ancillary_weapon	0	3k_main_ancillary_weapon_two_handed_spear_common	character_equipment
1458263248	3k_main_ceo_initial_data_character_historical_guan_hai_ytr_ancillaries	3k_main_ceo_category_ancillary_weapon	0	3k_main_ancillary_weapon_two_handed_spear_common	character_equipment
1459144071	3k_main_ceo_initial_data_character_historical_wuyan_ancillaries	3k_main_ceo_category_ancillary_armour	0	3k_main_ancilliary_armour_wuyan_armour_unique	character_equipment
145942204	3k_main_ceo_initial_data_character_historical_xu_chu_ancillaries	3k_main_ceo_category_ancillary_mount	0	3k_main_ancillary_mount_brown_horse	character_equipment
1460380391	3k_main_ceo_initial_data_character_historical_guo_da_ancillaries	3k_main_ceo_category_ancillary_weapon	0	3k_main_ancillary_weapon_double_edged_sword_common	character_equipment
1462106482	3k_main_ceo_initial_data_character_historical_tian_chou_ancillaries	3k_main_ceo_category_ancillary_mount	0	3k_main_ancillary_mount_black_horse	character_equipment
146231030	3k_main_ceo_initial_data_character_historical_chen_ji_ancillaries	3k_main_ceo_category_ancillary_mount	0	3k_main_ancillary_mount_white_horse	character_equipment
1462604359	3k_main_ceo_initial_data_character_historical_zhang_cheng_ancillaries	3k_main_ceo_category_ancillary_mount	0	3k_main_ancillary_mount_black_horse	character_equipment
1468160668	3k_main_ceo_initial_data_character_historical_Guan_Xing_ancillaries	3k_main_ceo_category_ancillary_weapon	0	3k_main_ancillary_weapon_two_handed_spear_common	character_equipment
1468322112	3k_main_ceo_initial_data_character_historical_huo_jun_ancillaries	3k_main_ceo_category_ancillary_armour	0	3k_main_ancilliary_armour_huo_jun_armour_unique	character_equipment
1470372798	3k_dlc04_ceo_initial_data_character_historical_liu_chong_ancillaries	3k_main_ceo_category_ancillary_accessory	0	3k_dlc04_ancillary_weapon_crossbow_prince_liu_chong_unique	character_equipment
1470677287	3k_main_ceo_initial_data_character_historical_xia_zhao_ancillaries	3k_main_ceo_category_ancillary_armour	0	3k_main_ancilliary_armour_xia_zhao_armour_unique	character_equipment
147139275	3k_main_ceo_initial_data_character_historical_yuan_shao_ancillaries	3k_main_ceo_category_ancillary_armour	0	3k_main_ancillary_armour_yuan_shaos_armour_unique	character_equipment
1472297701	3k_main_ceo_initial_data_character_historical_sima_ju_ytr_ancillaries	3k_main_ceo_category_ancillary_weapon	0	3k_main_ancillary_weapon_double_edged_sword_common	character_equipment
1472906680	3k_main_ceo_initial_data_character_historical_wang_hong_ancillaries	3k_main_ceo_category_ancillary_mount	0	3k_main_ancillary_mount_white_horse	character_equipment
1475733260	3k_main_ceo_initial_data_character_historical_wang_yu_ancillaries	3k_main_ceo_category_ancillary_mount	0	3k_main_ancillary_mount_grey_horse	character_equipment
1476037598	3k_main_ceo_initial_data_character_historical_yuan_shu_ancillaries	3k_main_ceo_category_ancillary_weapon	0	3k_main_ancillary_weapon_ceremonial_sword_exceptional	character_equipment
147604	3k_main_ceo_initial_data_character_historical_liu_ai_ancillaries	3k_main_ceo_category_ancillary_mount	0	3k_main_ancillary_mount_grey_horse	character_equipment
1476048232	3k_main_ceo_initial_data_character_historical_cai_zhong_ancillaries	3k_main_ceo_category_ancillary_mount	0	3k_main_ancillary_mount_brown_horse	character_equipment
147656	3k_main_ceo_initial_data_character_historical_qian_zhao_ironic_ancillaries	3k_main_ceo_category_ancillary_armour	0	3k_main_ancilliary_armour_qian_zhao_ironic_armour_unique	character_equipment
1481027662	3k_main_ceo_initial_data_character_historical_zhang_guang_ancillaries	3k_main_ceo_category_ancillary_armour	0	3k_ironic_ancilliary_armour_zhang_guang_armour_unique	character_equipment
1481950347	3k_main_ceo_initial_data_character_historical_gongsun_xu_ancillaries	3k_main_ceo_category_ancillary_mount	0	3k_main_ancillary_mount_grey_horse	character_equipment
1482877749	3k_main_ceo_initial_data_character_historical_sui_gu_ancillaries	3k_main_ceo_category_ancillary_mount	0	3k_main_ancillary_mount_grey_horse	character_equipment
1483232222	3k_main_ceo_initial_data_character_historical_lady_ze_deng_ancillaries	3k_main_ceo_category_ancillary_armour	0	3k_main_ancilliary_armour_lady_ze_deng_armour_unique	character_equipment
1483261524	ep_ceo_initial_data_stage_character_historical_liu_shen_ancillaries	3k_main_ceo_category_ancillary_weapon	0	3k_main_ancillary_weapon_two_handed_spear_common	character_equipment
1483331258	3k_main_ceo_initial_data_character_historical_pang_xi_ancillaries	3k_main_ceo_category_ancillary_weapon	0	3k_main_ancillary_weapon_double_edged_sword_common	character_equipment
1483627938	3k_main_ceo_initial_data_character_historical_deng_yuan_ancillaries	3k_main_ceo_category_ancillary_armour	0	3k_main_ancilliary_armour_deng_yuan_armour_unique	character_equipment
148561	3k_main_ceo_initial_data_character_historical_gao_dai_ironic_ancillaries	3k_main_ceo_category_ancillary_weapon	0	3k_main_ancillary_weapon_single_edged_sword_common	character_equipment
1488727726	3k_main_ceo_initial_data_character_historical_lady_wu_xian_ancillaries	3k_main_ceo_category_ancillary_weapon	0	3k_main_ancillary_weapon_double_edged_sword_common	character_equipment
1490326446	3k_main_ceo_initial_data_character_historical_Guo_Huai_ancillaries	3k_main_ceo_category_ancillary_mount	0	3k_main_ancillary_mount_white_horse	character_equipment
1491085593	3k_main_ceo_initial_data_character_historical_ying_shao_ancillaries	3k_main_ceo_category_ancillary_weapon	0	3k_main_ancillary_weapon_two_handed_spear_common	character_equipment
14911638	3k_main_ceo_initial_data_character_historical_pan_jun_unique_ancillaries	3k_main_ceo_category_ancillary_weapon	0	3k_main_ancillary_weapon_two_handed_spear_common	character_equipment
1492003702	3k_main_ceo_initial_data_character_historical_lady_liu_mengan_ancillaries	3k_main_ceo_category_ancillary_weapon	0	3k_main_ancillary_weapon_double_edged_sword_common	character_equipment
1494396489	3k_ytr_ceo_initial_data_character_historical_he_yi_ancillaries	3k_main_ceo_category_ancillary_mount	0	3k_main_ancillary_mount_brown_horse	character_equipment
1494994299	3k_main_ceo_initial_data_character_historical_zhang_hu_ancillaries	3k_main_ceo_category_ancillary_weapon	0	3k_main_ancillary_weapon_double_edged_sword_common	character_equipment
1496492044	3k_main_ceo_initial_data_character_historical_xun_you_ancillaries	3k_main_ceo_category_ancillary_mount	0	3k_main_ancillary_mount_white_horse	character_equipment
149748	3k_main_ceo_initial_data_character_historical_zhuge_jin_ironic_ancillaries	3k_main_ceo_category_ancillary_weapon	0	3k_main_ancillary_weapon_single_edged_sword_common	character_equipment
14979864	3k_main_ceo_initial_data_character_historical_lai_xun_unique_ancillaries	3k_main_ceo_category_ancillary_mount	0	3k_main_ancillary_mount_black_horse	character_equipment
1500674848	3k_main_ceo_initial_data_character_historical_zhou_yu_ancillaries	3k_main_ceo_category_ancillary_armour	0	3k_main_ancillary_armour_zhou_yus_armour_unique	character_equipment
1500830614	3k_main_ceo_initial_data_character_historical_liu_zhang_ancillaries	3k_main_ceo_category_ancillary_mount	0	3k_main_ancillary_mount_brown_horse	character_equipment
1502968157	3k_main_ceo_initial_data_character_historical_xiao_qiao_ancillaries	3k_main_ceo_category_ancillary_weapon	0	3k_main_ancillary_weapon_single_edged_sword_common	character_equipment
1503205745	3k_main_ceo_initial_data_character_historical_cao_rui_ancillaries	3k_main_ceo_category_ancillary_mount	0	3k_main_ancillary_mount_white_horse	character_equipment
1503786958	3k_main_ceo_initial_data_character_historical_cao_hong_ancillaries	3k_main_ceo_category_ancillary_weapon	0	3k_main_ancillary_weapon_two_handed_spear_exceptional	character_equipment
1504137052	3k_main_ceo_initial_data_character_generic_earth_ancillaries_02	3k_main_ceo_category_ancillary_armour	0	3k_main_ancillary_armour_medium_armour_earth_and_metal_common	character_equipment
1506240702	3k_main_ceo_initial_data_character_historical_supuyan_ancillaries	3k_main_ceo_category_ancillary_weapon	0	3k_main_ancillary_weapon_two_handed_spear_common	character_equipment
1506976474	3k_main_ceo_initial_data_character_historical_guo_nuwang_ancillaries	3k_main_ceo_category_ancillary_mount	0	3k_main_ancillary_mount_white_horse	character_equipment
1506983473	3k_main_ceo_initial_data_character_historical_lu_kang_ancillaries	3k_main_ceo_category_ancillary_weapon	0	3k_main_ancillary_weapon_two_handed_spear_common	character_equipment
1508103956	3k_main_ceo_initial_data_character_generic_wood_ancillaries_02	3k_main_ceo_category_ancillary_mount	0	3k_main_ancillary_mount_brown_horse	character_equipment
15087704	3k_main_ceo_initial_data_character_historical_liu_cong_ancillaries	3k_main_ceo_category_ancillary_armour	0	3k_main_ancilliary_armour_liu_cong_armour_unique	character_equipment
1510174444	3k_main_ceo_initial_data_character_historical_chen_gui_ancillaries	3k_main_ceo_category_ancillary_armour	0	3k_main_ancilliary_armour_chen_gui_armour_unique	character_equipment
1511575221	3k_mtu_ceo_initial_data_character_historical_gao_shun_ancillaries	3k_main_ceo_category_ancillary_mount	0	3k_main_ancillary_mount_red_horse	character_equipment
1511741343	3k_main_ceo_initial_data_character_historical_liu_he_ancillaries	3k_main_ceo_category_ancillary_mount	0	3k_main_ancillary_mount_black_horse	character_equipment
1512460939	3k_dlc05_ceo_initial_data_character_historical_lady_mi_ancillaries	3k_main_ceo_category_ancillary_weapon	0	3k_main_ancillary_weapon_double_edged_sword_common	character_equipment
1512940928	3k_main_ceo_initial_data_character_historical_zhang_yun_ancillaries	3k_main_ceo_category_ancillary_mount	0	3k_main_ancillary_mount_black_horse	character_equipment
1512959229	3k_main_ceo_initial_data_character_historical_cao_jie_ancillaries	3k_main_ceo_category_ancillary_weapon	0	3k_main_ancillary_weapon_single_edged_sword_common	character_equipment
1513084916	3k_main_ceo_initial_data_character_generic_water_ancillaries_01	3k_main_ceo_category_ancillary_armour	0	3k_main_ancillary_armour_strategist_light_armour_water_common	character_equipment
1514393224	3k_main_ceo_initial_data_character_historical_miao_wanwan_ancillaries	3k_main_ceo_category_ancillary_mount	0	3k_main_ancillary_mount_grey_horse	character_equipment
1515100732	3k_main_ceo_initial_data_character_historical_Chenglugui_ancillaries	3k_main_ceo_category_ancillary_mount	0	3k_main_ancillary_mount_xianbei_horse	character_equipment
1515229971	3k_main_ceo_initial_data_character_historical_ma_xiu_ancillaries	3k_main_ceo_category_ancillary_mount	0	3k_main_ancillary_mount_red_horse	character_equipment
15177602	3k_main_ceo_initial_data_character_generic_water_ancillaries_01	3k_main_ceo_category_ancillary_mount	0	3k_main_ancillary_mount_black_horse	character_equipment
151792	3k_main_ceo_initial_data_character_historical_wang_song_ancillaries	3k_main_ceo_category_ancillary_weapon	0	3k_main_ancillary_weapon_single_edged_sword_common	character_equipment
1518953404	3k_main_ceo_initial_data_character_historical_yuan_shao_ancillaries	3k_main_ceo_category_ancillary_mount	0	3k_main_ancillary_mount_white_horse	character_equipment
1519205785	3k_main_ceo_initial_data_character_historical_liu_yan_ancillaries	3k_main_ceo_category_ancillary_weapon	0	3k_main_ancillary_weapon_single_edged_sword_common	character_equipment
1519836584	3k_dlc06_initial_data_stage_character_ancillaries_historical_nanman_yang_feng	3k_main_ceo_category_ancillary_armour	0	3k_dlc06_ancillary_armour_nanman_yang_feng_unique	character_equipment
1519930486	3k_dlc05_ceo_initial_data_character_historical_ji_ling_ancillaries	3k_main_ceo_category_ancillary_mount	0	3k_main_ancillary_mount_red_horse	character_equipment
1521781448	3k_ytr_ceo_initial_data_character_historical_he_yi_ancillaries	3k_main_ceo_category_ancillary_weapon	0	3k_main_ancillary_weapon_two_handed_spear_refined	character_equipment
152333391	3k_main_ceo_initial_data_character_historical_yue_jin_ancillaries	3k_main_ceo_category_ancillary_weapon	0	3k_main_ancillary_weapon_double_edged_sword_refined	character_equipment
1524853445	3k_main_ceo_initial_data_character_historical_Budugen_ancillaries	3k_main_ceo_category_ancillary_armour	0	3k_main_ancilliary_armour_Budugen_armour_unique	character_equipment
1527065122	3k_mtu_ceo_initial_data_character_historical_lady_bian_huilan_ancillaries	3k_main_ceo_category_ancillary_mount	0	3k_main_ancillary_mount_white_horse	character_equipment
1528319006	3k_main_ceo_initial_data_character_historical_zong_cheng_ancillaries	3k_main_ceo_category_ancillary_mount	0	3k_main_ancillary_mount_black_horse	character_equipment
153021501	3k_main_ceo_initial_data_character_historical_zhao_yun_ancillaries	3k_main_ceo_category_ancillary_weapon	0	3k_mtu_ancillary_weapon_invincible	character_equipment
1531611570	3k_main_ceo_initial_data_character_historical_supuyan_ancillaries	3k_main_ceo_category_ancillary_mount	0	3k_main_ancillary_mount_wuhuan_horse	character_equipment
1532696333	3k_mtu_ceo_initial_data_character_historical_lady_cai_yan_ancillaries	3k_main_ceo_category_ancillary_mount	0	3k_main_ancillary_mount_black_horse	character_equipment
1533833224	3k_main_ceo_initial_data_character_generic_fire_ancillaries_01	3k_main_ceo_category_ancillary_mount	0	3k_main_ancillary_mount_red_horse	character_equipment
1534129997	3k_mtu_ceo_initial_data_character_historical_zhang_bao_anicillaries	3k_main_ceo_category_ancillary_mount	0	3k_main_ancillary_mount_red_horse	character_equipment
1534442918	3k_main_ceo_initial_data_character_historical_ren_qi_ancillaries	3k_main_ceo_category_ancillary_armour	0	3k_ironic_ancilliary_armour_ren_qi_armour_unique	character_equipment
1534926293	3k_main_ceo_initial_data_character_historical_handan_shang_ancillaries	3k_main_ceo_category_ancillary_weapon	0	3k_main_ancillary_weapon_single_edged_sword_common	character_equipment
1535151591	3k_main_ceo_initial_data_character_historical_yan_gang_ancillaries	3k_main_ceo_category_ancillary_armour	0	3k_main_ancilliary_armour_yan_gang_armour_unique	character_equipment
1535811875	3k_main_ceo_initial_data_character_historical_lu_meng_ancillaries	3k_main_ceo_category_ancillary_mount	0	3k_main_ancillary_mount_grey_horse	character_equipment
1536451528	3k_main_ceo_initial_data_character_historical_wang_baolan_ancillaries	3k_main_ceo_category_ancillary_armour	0	3k_main_ancilliary_armour_wang_baolan_armour_unique	character_equipment
1538200685	3k_main_ceo_initial_data_character_historical_chen_gui_ancillaries	3k_main_ceo_category_ancillary_mount	0	3k_main_ancillary_mount_black_horse	character_equipment
1539249537	3k_main_ceo_initial_data_character_historical_Liu_Feng_ancillaries	3k_main_ceo_category_ancillary_mount	0	3k_main_ancillary_mount_red_horse	character_equipment
1540678226	3k_dlc04_ceo_initial_data_character_historical_liu_chong_ancillaries	3k_main_ceo_category_ancillary_armour	0	3k_dlc04_ancillary_armour_prince_liu_chongs_armour_unique	character_equipment
1541314804	3k_main_ceo_initial_data_character_historical_cai_xun_ancillaries	3k_main_ceo_category_ancillary_mount	0	3k_main_ancillary_mount_white_horse	character_equipment
1543171001	3k_dlc04_ceo_initial_data_character_historical_non_deployable_han_kui_ancillaries	3k_main_ceo_category_ancillary_mount	0	3k_main_ancillary_mount_brown_horse	character_equipment
1543426269	3k_main_ceo_initial_data_character_historical_yan_liang_ancillaries	3k_main_ceo_category_ancillary_mount	0	3k_main_ancillary_mount_red_horse	character_equipment
15437467	3k_main_ceo_initial_data_character_historical_ling_tong_fix_ancillaries	3k_main_ceo_category_ancillary_armour	0	3k_main_ancilliary_armour_ling_tong_fix_armour_unique	character_equipment
1544312849	3k_dlc04_ceo_initial_data_character_historical_non_deployable_xia_yun_ancillaries	3k_main_ceo_category_ancillary_weapon	0	3k_main_ancillary_weapon_single_edged_sword_common	character_equipment
1544356270	3k_dlc04_ceo_initial_data_character_historical_non_deployable_xia_yun_ancillaries	3k_main_ceo_category_ancillary_armour	0	3k_dlc04_ancillary_armour_non_deployable_armour_yellow_common	character_equipment
1546349886	3k_main_ceo_initial_data_character_historical_ma_dai_ancillaries	3k_main_ceo_category_ancillary_mount	0	3k_main_ancillary_mount_red_horse	character_equipment
1546827673	3k_main_ceo_initial_data_character_historical_bao_xin_ancillaries	3k_main_ceo_category_ancillary_mount	0	3k_main_ancillary_mount_grey_horse	character_equipment
154785604	3k_main_ceo_initial_data_character_generic_earth_ancillaries_02	3k_main_ceo_category_ancillary_mount	0	3k_main_ancillary_mount_white_horse	character_equipment
15478897	3k_main_ceo_initial_data_character_historical_ma_su_unique_ironic_ancillaries	3k_main_ceo_category_ancillary_mount	0	3k_main_ancillary_mount_black_horse	character_equipment
1548611449	3k_main_ceo_initial_data_character_historical_tadun_ancillaries	3k_main_ceo_category_ancillary_accessory	0	3k_main_ancillary_weapon_tribal_recurve_bow_exceptional	character_equipment
1549557971	3k_main_ceo_initial_data_character_historical_diao_chan_ancillaries	3k_main_ceo_category_ancillary_armour	0	3k_dlc04_ancillary_armour_diao_chans_armour_unique	character_equipment
1550648682	ep_ceo_initial_data_character_generic_earth_ancillaries_01	3k_main_ceo_category_ancillary_mount	0	3k_main_ancillary_mount_white_horse	character_equipment
1550657309	3k_main_ceo_initial_data_character_historical_pang_de_ancillaries	3k_main_ceo_category_ancillary_armour	0	3k_main_ancillary_armour_heavy_armour_wood_and_fire_refined	character_equipment
1551425452	3k_dlc06_initial_data_stage_character_ancillaries_historical_nanman_lady_zhurong	3k_main_ceo_category_ancillary_mount	0	3k_main_ancillary_mount_red_horse	character_equipment
1553160664	3k_main_ceo_initial_data_character_historical_Jiang_Wei_ancillaries	3k_main_ceo_category_ancillary_weapon	0	3k_main_ancillary_weapon_two_handed_spear_common	character_equipment
155384	3k_main_ceo_initial_data_character_historical_yang_xiu_ancillaries	3k_main_ceo_category_ancillary_weapon	0	3k_main_ancillary_weapon_single_edged_sword_common	character_equipment
1553968947	3k_main_ceo_initial_data_character_historical_guo_si_ancillaries	3k_main_ceo_category_ancillary_weapon	0	3k_main_ancillary_weapon_two_handed_spear_common	character_equipment
155438819	3k_main_ceo_initial_data_character_historical_zhang_lu_ancillaries	3k_main_ceo_category_ancillary_accessory	0	3k_ironic_ancillary_accessory_scripture_of_rice_pecks	character_equipment
1555807509	3k_main_ceo_initial_data_character_historical_zhang_xian_ancillaries	3k_main_ceo_category_ancillary_armour	0	3k_main_ancilliary_armour_zhang_xian_armour_unique	character_equipment
1556786121	3k_main_ceo_initial_data_character_historical_cao_ren_ancillaries	3k_main_ceo_category_ancillary_mount	0	3k_main_ancillary_mount_white_horse	character_equipment
155708716	3k_main_ceo_initial_data_character_historical_cao_xiu_ancillaries	3k_main_ceo_category_ancillary_armour	0	3k_main_ancillary_armour_cao_xius_armour_unique	character_equipment
155747	3k_main_ceo_initial_data_character_historical_he_qi_ironic_ancillaries	3k_main_ceo_category_ancillary_armour	0	3k_main_ancilliary_armour_he_qi_ironic_armour_unique	character_equipment
1560266151	3k_main_ceo_initial_data_character_historical_zhang_wei_ancillaries	3k_main_ceo_category_ancillary_armour	0	3k_ironic_ancilliary_armour_zhang_wei_armour_unique	character_equipment
1560863825	ep_ceo_initial_data_stage_character_historical_sun_xiu_ancillaries	3k_main_ceo_category_ancillary_mount	0	3k_main_ancillary_mount_black_horse	character_equipment
156626713	3k_main_ceo_initial_data_character_historical_guan_jing_ancillaries	3k_main_ceo_category_ancillary_weapon	0	3k_main_ancillary_weapon_single_edged_sword_common	character_equipment
1566688102	3k_main_ceo_initial_data_character_generic_metal_ancillaries_02	3k_main_ceo_category_ancillary_armour	0	3k_main_ancillary_armour_medium_armour_earth_and_metal_common	character_equipment
1568404288	3k_main_ceo_initial_data_character_historical_xiahou_yuan_ancillaries	3k_main_ceo_category_ancillary_mount	0	3k_main_ancillary_mount_red_horse	character_equipment
1568727675	3k_main_ceo_initial_data_character_historical_cai_yan_m_ancillaries	3k_main_ceo_category_ancillary_armour	0	3k_main_ancilliary_armour_cai_yan_m_armour_unique	character_equipment
1568973962	3k_main_ceo_initial_data_character_historical_yu_jin_ancillaries	3k_main_ceo_category_ancillary_weapon	0	3k_dlc07_ancillary_weapon_fear_and_discipline	character_equipment
1571384614	3k_main_ceo_initial_data_character_historical_liu_fan_ancillaries	3k_main_ceo_category_ancillary_mount	0	3k_main_ancillary_mount_white_horse	character_equipment
1572976157	3k_main_ceo_initial_data_character_historical_zhao_ang_ancillaries	3k_main_ceo_category_ancillary_weapon	0	3k_main_ancillary_weapon_single_edged_sword_common	character_equipment
1577572967	3k_main_ceo_initial_data_character_historical_Cao_Xing_ancillaries	3k_main_ceo_category_ancillary_mount	0	3k_main_ancillary_mount_brown_horse	character_equipment
1584849019	3k_main_ceo_initial_data_character_historical_xiahou_yuan_ancillaries	3k_main_ceo_category_ancillary_armour	0	3k_main_ancillary_armour_xiahou_yuans_armour_unique	character_equipment
1585359389	3k_main_ceo_initial_data_character_historical_Guan_Xing_ancillaries	3k_main_ceo_category_ancillary_mount	0	3k_main_ancillary_mount_brown_horse	character_equipment
1588064692	3k_main_ceo_initial_data_character_historical_Luo_Tong_ancillaries	3k_main_ceo_category_ancillary_mount	0	3k_main_ancillary_mount_red_horse	character_equipment
1588807960	3k_main_ceo_initial_data_character_historical_wuyan_ancillaries	3k_main_ceo_category_ancillary_weapon	0	3k_main_ancillary_weapon_two_handed_spear_common	character_equipment
1589745142	3k_main_ceo_initial_data_character_historical_pang_ji`_ancillaries	3k_main_ceo_category_ancillary_weapon	0	3k_main_ancillary_weapon_single_edged_sword_common	character_equipment
1589824672	3k_dlc04_ceo_initial_data_character_historical_non_deployable_li_song_ancillaries	3k_main_ceo_category_ancillary_mount	0	3k_main_ancillary_mount_brown_horse	character_equipment
1590101304	ep_ceo_initial_data_stage_character_historical_shi_chao_ancillaries	3k_main_ceo_category_ancillary_mount	0	3k_main_ancillary_mount_grey_horse	character_equipment
1595337506	3k_main_ceo_initial_data_character_historical_fan_chou_ancillaries	3k_main_ceo_category_ancillary_mount	0	3k_main_ancillary_mount_red_horse	character_equipment
1598918564	3k_main_ceo_initial_data_character_historical_xu_rong_ancillaries	3k_main_ceo_category_ancillary_weapon	0	3k_ironic_ancillary_weapon_two_handed_axe_unique	character_equipment
159941	3k_main_ceo_initial_data_character_historical_kang_qinmeng_ironic_ancillaries	3k_main_ceo_category_ancillary_armour	0	3k_main_ancilliary_armour_kang_qinmeng_ironic_armour_unique	character_equipment
1600047996	3k_main_ceo_initial_data_character_historical_li_ru_ancillaries	3k_main_ceo_category_ancillary_mount	0	3k_main_ancillary_mount_black_horse	character_equipment
1600982591	3k_main_ceo_initial_data_character_historical_lian_zhi_ancillaries	3k_main_ceo_category_ancillary_mount	0	3k_main_ancillary_mount_white_horse	character_equipment
160138734	3k_main_ceo_initial_data_character_historical_lady_zhang_xiangyang_ancillaries	3k_main_ceo_category_ancillary_weapon	0	3k_main_ancillary_weapon_double_edged_sword_common	character_equipment
16014438	3k_main_ceo_initial_data_character_historical_deng_xian_unique_ironic_ancillaries	3k_main_ceo_category_ancillary_weapon	0	3k_main_ancillary_weapon_two_handed_spear_common	character_equipment
1601638275	3k_main_ceo_initial_data_character_historical_zhao_yun_ancillaries	3k_main_ceo_category_ancillary_mount	0	3k_main_ancillary_mount_grey_horse	character_equipment
1603806236	3k_dlc06_initial_data_stage_character_ancillaries_historical_nanman_king_meng_huo	3k_main_ceo_category_ancillary_weapon	0	3k_main_ancillary_weapon_dual_swords_refined	character_equipment
1604419441	3k_main_ceo_initial_data_character_historical_cai_zhong_ancillaries	3k_main_ceo_category_ancillary_armour	0	3k_main_ancilliary_armour_cai_zhong_armour_unique	character_equipment
160463915	3k_mtu_ceo_initial_data_character_historical_lady_zhang_xingcai_anicillaries	3k_main_ceo_category_ancillary_mount	0	3k_main_ancillary_mount_red_horse	character_equipment
1605368103	ep_ceo_initial_data_stage_character_historical_liu_shen_ancillaries	3k_main_ceo_category_ancillary_mount	0	3k_main_ancillary_mount_brown_horse	character_equipment
1605735249	3k_main_ceo_initial_data_character_historical_zheng_yan_ancillaries	3k_main_ceo_category_ancillary_mount	0	3k_main_ancillary_mount_brown_horse	character_equipment
1606298655	3k_main_ceo_initial_data_character_historical_da_qiao_ancillaries	3k_main_ceo_category_ancillary_armour	0	3k_dlc05_ancilliary_armour_da_qiao_armour_unique	character_equipment
1607623868	3k_main_ceo_initial_data_character_historical_kuai_yue_ancillaries	3k_main_ceo_category_ancillary_armour	0	3k_main_ancilliary_armour_kuai_yue_armour_unique	character_equipment
1609577355	3k_main_ceo_initial_data_character_historical_liu_fan_ancillaries	3k_main_ceo_category_ancillary_weapon	0	3k_main_ancillary_weapon_single_edged_sword_common	character_equipment
160972623	3k_dlc05_ceo_initial_data_character_historical_mi_fang_ancillaries	3k_dlc05_ceo_category_ancillary_titles	0	3k_dlc05_ancillary_title_chief_of_records	character_equipment
161044007	3k_main_ceo_initial_data_character_historical_lady_lu_yang_ancillaries	3k_main_ceo_category_ancillary_weapon	0	3k_main_ancillary_weapon_single_edged_sword_common	character_equipment
1613773963	3k_main_ceo_initial_data_character_historical_xu_he_ytr_ancillaries	3k_main_ceo_category_ancillary_mount	0	3k_main_ancillary_mount_grey_horse	character_equipment
161560196	3k_main_ceo_initial_data_character_historical_chen_ying_z_ancillaries	3k_main_ceo_category_ancillary_weapon	0	3k_main_ancillary_weapon_two_handed_spear_common	character_equipment
1615819465	3k_main_ceo_initial_data_character_historical_li_xiu_ancillaries	3k_main_ceo_category_ancillary_armour	0	3k_ironic_ancilliary_armour_li_xiu_armour_unique	character_equipment
1615956301	3k_main_ceo_initial_data_character_historical_tian_kai_ancillaries	3k_main_ceo_category_ancillary_armour	0	3k_main_ancilliary_armour_tian_kai_armour_unique	character_equipment
1617493871	3k_mtu_ceo_initial_data_character_historical_lady_ma_lanli_ancillaries	3k_main_ceo_category_ancillary_mount	0	3k_main_ancillary_mount_red_horse	character_equipment
161790	3k_main_ceo_initial_data_character_historical_zhuang_zhen_ironic_ancillaries	3k_main_ceo_category_ancillary_armour	0	3k_main_ancilliary_armour_zhuang_zhen_ironic_armour_unique	character_equipment
1618094293	3k_main_ceo_initial_data_character_historical_mi_fang_ancillaries	3k_main_ceo_category_ancillary_armour	0	3k_main_ancilliary_armour_mi_fang_armour_unique	character_equipment
1619455601	3k_main_ceo_initial_data_character_historical_nie_tingping_ancillaries	3k_main_ceo_category_ancillary_weapon	0	3k_main_ancillary_weapon_double_edged_sword_common	character_equipment
1619686673	3k_mtu_ceo_initial_data_character_historical_wu_anguo_ancillaries	3k_main_ceo_category_ancillary_weapon	0	3k_mtu_ancillary_weapon_dachui	character_equipment
1620667410	3k_main_ceo_initial_data_character_historical_Mi_Heng_ancillaries	3k_main_ceo_category_ancillary_armour	0	3k_main_ancilliary_armour_Mi_Heng_armour_unique	character_equipment
1626521701	3k_main_ceo_initial_data_character_historical_yue_jin_ancillaries	3k_main_ceo_category_ancillary_mount	0	3k_main_ancillary_mount_grey_horse	character_equipment
1630035262	3k_mtu_ceo_initial_data_character_historical_lady_shi_anicillaries	3k_main_ceo_category_ancillary_armour	0	3k_mtu_ancillary_armour_lady_shis_armour_unique	character_equipment
1632106610	3k_main_ceo_initial_data_character_historical_huang_zhong_ancillaries	3k_main_ceo_category_ancillary_weapon	0	3k_main_ancillary_weapon_single_edged_sword_common	character_equipment
1632652725	3k_main_ceo_initial_data_character_historical_zhang_guang_ancillaries	3k_main_ceo_category_ancillary_weapon	0	3k_main_ancillary_weapon_halberd_common	character_equipment
163299	3k_main_ceo_initial_data_character_historical_you_tu_ancillaries	3k_main_ceo_category_ancillary_weapon	0	3k_main_ancillary_weapon_two_handed_spear_common	character_equipment
163489192	3k_main_ceo_initial_data_character_historical_gao_lan_ancillaries	3k_main_ceo_category_ancillary_weapon	0	3k_main_ancillary_weapon_zhanmadao_unique	character_equipment
1635151467	3k_main_ceo_initial_data_character_historical_sun_qian_ancillaries	3k_main_ceo_category_ancillary_armour	0	3k_main_ancillary_armour_strategist_light_armour_water_common	character_equipment
1635300166	3k_main_ceo_initial_data_character_historical_Wang_Yi_ancillaries	3k_main_ceo_category_ancillary_armour	0	3k_main_ancilliary_armour_Wang_Yi_armour_unique	character_equipment
163668787	3k_main_ceo_initial_data_character_historical_lu_gong_ancillaries	3k_main_ceo_category_ancillary_mount	0	3k_main_ancillary_mount_red_horse	character_equipment
163720901	3k_main_ceo_initial_data_character_historical_lady_yan_ancillaries	3k_main_ceo_category_ancillary_weapon	0	3k_main_ancillary_weapon_double_edged_sword_common	character_equipment
1637554917	3k_main_ceo_initial_data_character_historical_cai_zhong_ancillaries	3k_main_ceo_category_ancillary_weapon	0	3k_main_ancillary_weapon_two_handed_spear_common	character_equipment
1637570798	3k_main_ceo_initial_data_character_historical_xianyu_fu_ancillaries	3k_main_ceo_category_ancillary_weapon	0	3k_main_ancillary_weapon_two_handed_spear_common	character_equipment
1640976002	3k_main_ceo_initial_data_character_historical_huo_nu_ancillaries	3k_main_ceo_category_ancillary_mount	0	3k_main_ancillary_mount_brown_horse	character_equipment
1641150577	3k_main_ceo_initial_data_character_historical_wang_xiu_ancillaries	3k_main_ceo_category_ancillary_armour	0	3k_main_ancilliary_armour_wang_xiu_armour_unique	character_equipment
164161425	3k_main_ceo_initial_data_character_historical_li_li_ancillaries	3k_main_ceo_category_ancillary_armour	0	3k_main_ancilliary_armour_li_li_armour_unique	character_equipment
164329634	3k_main_ceo_initial_data_character_historical_cao_cao_ancillaries	3k_main_ceo_category_ancillary_weapon	0	3k_main_ancillary_weapon_trust_of_god_faction	character_equipment
1644073827	3k_main_ceo_initial_data_character_historical_tao_shang_ancillaries	3k_main_ceo_category_ancillary_armour	0	3k_main_ancilliary_armour_tao_shang_armour_unique	character_equipment
1646686070	3k_main_ceo_initial_data_character_historical_zhou_yu_renming_ancillaries	3k_main_ceo_category_ancillary_weapon	0	3k_main_ancillary_weapon_single_edged_sword_common	character_equipment
1648858772	3k_main_ceo_initial_data_character_historical_chang_xi_ancillaries	3k_main_ceo_category_ancillary_mount	0	3k_main_ancillary_mount_brown_horse	character_equipment
1649918195	3k_main_ceo_initial_data_character_historical_yuan_tan_ancillaries	3k_main_ceo_category_ancillary_armour	0	3k_dlc07_ancillary_armour_yuan_tan_armour_unique	character_equipment
1654349177	3k_main_ceo_initial_data_character_historical_cao_chun_ancillaries	3k_main_ceo_category_ancillary_weapon	0	3k_main_ancillary_weapon_two_handed_spear_exceptional	character_equipment
1655267598	3k_main_ceo_initial_data_character_historical_Suli_ancillaries	3k_main_ceo_category_ancillary_armour	0	3k_main_ancilliary_armour_Suli_armour_unique	character_equipment
1659271852	3k_dlc04_ceo_initial_data_character_historical_zhang_jue_ancillaries	3k_main_ceo_category_ancillary_mount	0	3k_main_ancillary_mount_white_horse	character_equipment
1660939462	3k_dlc05_ceo_initial_data_character_historical_lady_bian_ancillaries	3k_main_ceo_category_ancillary_armour	0	3k_dlc05_ancilliary_armour_lady_bian_armour_unique	character_equipment
1661216085	3k_main_ceo_initial_data_character_historical_zang_ba_ancillaries	3k_main_ceo_category_ancillary_armour	0	3k_main_ancilliary_armour_zang_ba_armour_unique	character_equipment
1661526348	3k_main_ceo_initial_data_character_historical_ma_midi_ancillaries	3k_main_ceo_category_ancillary_mount	0	3k_main_ancillary_mount_black_horse	character_equipment
1661620671	3k_main_ceo_initial_data_character_historical_lady_wu_xian_ancillaries	3k_main_ceo_category_ancillary_armour	0	3k_ironic_ancilliary_armour_lady_wu_xian_armour_unique	character_equipment
1661717488	3k_main_ceo_initial_data_character_historical_han_anyue_ancillaries	3k_main_ceo_category_ancillary_armour	0	3k_main_ancilliary_armour_han_anyue_armour_unique	character_equipment
1661846201	3k_main_ceo_initial_data_character_historical_xia_zhao_ancillaries	3k_main_ceo_category_ancillary_weapon	0	3k_main_ancillary_weapon_double_edged_sword_common	character_equipment
1661872139	3k_main_ceo_initial_data_character_historical_ji_ben_ancillaries	3k_main_ceo_category_ancillary_weapon	0	3k_main_ancillary_weapon_two_handed_spear_common	character_equipment
1661889649	3k_main_ceo_initial_data_character_historical_lady_lu_yang_ancillaries	3k_main_ceo_category_ancillary_armour	0	3k_main_ancilliary_armour_lady_lu_yang_armour_unique	character_equipment
1665268975	3k_main_ceo_initial_data_character_historical_lu_ju_ancillaries	3k_main_ceo_category_ancillary_mount	0	3k_main_ancillary_mount_white_horse	character_equipment
166606634	3k_main_ceo_initial_data_character_historical_zhang_ren_ancillaries	3k_main_ceo_category_ancillary_mount	0	3k_main_ancillary_mount_red_horse	character_equipment
1666528396	3k_main_ceo_initial_data_character_historical_sui_gu_ancillaries	3k_main_ceo_category_ancillary_weapon	0	3k_main_ancillary_weapon_one_handed_axe_common	character_equipment
1670149949	3k_main_ceo_initial_data_character_historical_ju_shou_ancillaries	3k_main_ceo_category_ancillary_armour	0	3k_main_ancilliary_armour_ju_shou_armour_unique	character_equipment
1670682887	3k_main_ceo_initial_data_character_historical_jia_long_ancillaries	3k_main_ceo_category_ancillary_weapon	0	3k_main_ancillary_weapon_double_edged_sword_common	character_equipment
1671438736	3k_mtu_ceo_initial_data_character_historical_shen_pei_ancillaries	3k_main_ceo_category_ancillary_armour	0	3k_mtu_ancillary_armour_shen_peis_armour_unique	character_equipment
16720532	3k_main_ceo_initial_data_character_historical_han_lian_ancillaries	3k_main_ceo_category_ancillary_mount	0	3k_main_ancillary_mount_white_horse	character_equipment
1672556979	3k_dlc05_ceo_initial_data_character_historical_lady_mi_ancillaries	3k_main_ceo_category_ancillary_armour	0	3k_dlc05_ancilliary_armour_lady_mi_armour_unique	character_equipment
1673372331	3k_dlc06_initial_data_stage_character_ancillaries_historical_nanman_king_mulu	3k_main_ceo_category_ancillary_weapon	0	3k_main_ancillary_weapon_dual_swords_refined	character_equipment
1673746481	3k_main_ceo_initial_data_character_historical_yang_ang_ancillaries	3k_main_ceo_category_ancillary_mount	0	3k_main_ancillary_mount_red_horse	character_equipment
1675167088	3k_main_ceo_initial_data_character_historical_gogukcheon_ancillaries	3k_main_ceo_category_ancillary_armour	0	3k_main_ancilliary_armour_gogukcheon_armour_unique	character_equipment
1676211089	3k_main_ceo_initial_data_character_historical_cang_qinting_ancillaries	3k_main_ceo_category_ancillary_weapon	0	3k_main_ancillary_weapon_single_edged_sword_common	character_equipment
1678540257	3k_main_ceo_initial_data_character_historical_xun_chen_ancillaries	3k_main_ceo_category_ancillary_armour	0	3k_main_ancilliary_armour_xun_chen_armour_unique	character_equipment
1680044933	3k_main_ceo_initial_data_character_historical_ze_rong_ancillaries	3k_main_ceo_category_ancillary_mount	0	3k_main_ancillary_mount_red_stallion	character_equipment
1680548876	3k_main_ceo_initial_data_character_historical_niu_fu_ancillaries	3k_main_ceo_category_ancillary_weapon	0	3k_main_ancillary_weapon_two_handed_spear_common	character_equipment
1680999220	3k_mtu_ceo_initial_data_character_historical_lady_zhang_jinglan_ancillaries	3k_main_ceo_category_ancillary_armour	0	3k_mtu_ancillary_armour_lady_zhang_jinglan_armour_unique	character_equipment
1681064921	3k_main_ceo_initial_data_character_historical_Guo_Huai_ancillaries	3k_main_ceo_category_ancillary_armour	0	3k_main_ancilliary_armour_Guo_Huai_armour_unique	character_equipment
1681737314	3k_main_ceo_initial_data_character_historical_zhao_fan_ancillaries	3k_main_ceo_category_ancillary_armour	0	3k_main_ancilliary_armour_zhao_fan_armour_unique	character_equipment
1686281735	3k_mtu_ceo_initial_data_character_historical_hua_xin_ancillaries	3k_main_ceo_category_ancillary_mount	0	3k_main_ancillary_mount_black_horse	character_equipment
1686477601	3k_main_ceo_initial_data_character_historical_qiang_duan_ancillaries	3k_main_ceo_category_ancillary_weapon	0	3k_main_ancillary_weapon_two_handed_spear_common	character_equipment
1687885787	3k_main_ceo_initial_data_character_historical_lady_yang_di_ancillaries	3k_main_ceo_category_ancillary_armour	0	3k_main_ancilliary_armour_lady_yang_di_armour_unique	character_equipment
1688256906	3k_main_ceo_initial_data_character_historical_wei_kang_ancillaries	3k_main_ceo_category_ancillary_weapon	0	3k_main_ancillary_weapon_single_edged_sword_common	character_equipment
1689967361	ep_ceo_initial_data_character_generic_metal_ancillaries_01	3k_main_ceo_category_ancillary_armour	0	ep_ancillary_armour_medium_armour_metal_extraordinary	character_equipment
1690199115	3k_mtu_ceo_initial_data_character_historical_wu_anguo_ancillaries	3k_main_ceo_category_ancillary_mount	0	3k_main_ancillary_mount_brown_horse	character_equipment
1690221300	3k_main_ceo_initial_data_character_historical_liu_cong_ancillaries	3k_main_ceo_category_ancillary_mount	0	3k_main_ancillary_mount_white_horse	character_equipment
1691527055	3k_main_ceo_initial_data_character_historical_cao_biao_ancillaries	3k_main_ceo_category_ancillary_armour	0	3k_main_ancilliary_armour_cao_biao_armour_unique	character_equipment
1691539428	3k_main_ceo_initial_data_character_historical_yan_liang_ancillaries	3k_dlc05_ceo_category_ancillary_titles	0	3k_dlc05_ancillary_title_senior_officer	character_equipment
1691727629	3k_mtu_ceo_initial_data_character_historical_lady_zou_yuan_anicillaries	3k_main_ceo_category_ancillary_mount	0	3k_main_ancillary_mount_grey_horse	character_equipment
1692417337	3k_main_ceo_initial_data_character_historical_liang_mao_ancillaries	3k_main_ceo_category_ancillary_armour	0	3k_main_ancilliary_armour_liang_mao_armour_unique	character_equipment
1693062326	3k_dlc04_ceo_initial_data_character_historical_non_deployable_empress_he_ancillaries	3k_main_ceo_category_ancillary_weapon	0	3k_main_ancillary_weapon_two_handed_spear_common	character_equipment
1693334739	3k_main_ceo_initial_data_character_historical_gongsun_du_ancillaries	3k_main_ceo_category_ancillary_follower	0	3k_gsz_ancillary_follower_han_metal	character_equipment
169477	3k_main_ceo_initial_data_character_historical_wen_qin_ironic_ancillaries	3k_main_ceo_category_ancillary_weapon	0	3k_main_ancillary_weapon_single_edged_sword_common	character_equipment
1696084500	3k_main_ceo_initial_data_character_historical_lady_gan_ancillaries	3k_main_ceo_category_ancillary_weapon	0	3k_main_ancillary_weapon_single_edged_sword_common	character_equipment
1696148874	3k_main_ceo_initial_data_character_historical_ling_tong_ancillaries	3k_main_ceo_category_ancillary_armour	0	3k_main_ancillary_armour_medium_armour_wood_extraordinary	character_equipment
1696935797	3k_main_ceo_initial_data_character_historical_chen_jiu_ancillaries	3k_main_ceo_category_ancillary_mount	0	3k_main_ancillary_mount_brown_horse	character_equipment
1697936710	3k_main_ceo_initial_data_character_historical_han_hao_ancillaries	3k_main_ceo_category_ancillary_mount	0	3k_main_ancillary_mount_brown_horse	character_equipment
1698156826	3k_main_ceo_initial_data_character_historical_liu_bao_ancillaries	3k_main_ceo_category_ancillary_mount	0	3k_main_ancillary_mount_xiongnu_horse	character_equipment
1699589821	3k_main_ceo_initial_data_character_historical_jia_xu_ancillaries	3k_main_ceo_category_ancillary_weapon	0	3k_main_ancillary_weapon_single_edged_sword_common	character_equipment
1701403512	3k_main_ceo_initial_data_character_historical_yang_bo_ancillaries	3k_main_ceo_category_ancillary_armour	0	3k_ironic_ancilliary_armour_yang_bo_armour_unique	character_equipment
1701481323	ep_ceo_initial_data_stage_character_historical_sun_xiu_ancillaries	3k_main_ceo_category_ancillary_armour	0	ep_ancillary_armour_strategist_light_armour_water_extraordinary	character_equipment
170156118	3k_dlc05_ceo_initial_data_stage_character_historical_cao_xing_ancillaries	3k_main_ceo_category_ancillary_weapon	0	3k_main_ancillary_weapon_two_handed_spear_common	character_equipment
1704577374	3k_main_ceo_initial_data_character_historical_Kuitou_ancillaries	3k_main_ceo_category_ancillary_accessory	0	3k_main_ancillary_weapon_tribal_recurve_bow_exceptional	character_equipment
1705835552	3k_main_ceo_initial_data_character_historical_lady_liu_huimin_ancillaries	3k_main_ceo_category_ancillary_mount	0	3k_main_ancillary_mount_white_horse	character_equipment
1706635721	3k_main_ceo_initial_data_character_historical_xianyu_yin_ancillaries	3k_main_ceo_category_ancillary_weapon	0	3k_main_ancillary_weapon_hook_sickle_sabre_common	character_equipment
1707446591	3k_main_ceo_initial_data_character_historical_zhao_bo_ytr_ancillaries	3k_main_ceo_category_ancillary_weapon	0	3k_main_ancillary_weapon_two_handed_spear_common	character_equipment
1708392959	3k_main_ceo_initial_data_character_historical_sun_ce_ancillaries	3k_main_ceo_category_ancillary_mount	0	3k_main_ancillary_mount_red_horse	character_equipment
170851	3k_main_ceo_initial_data_character_historical_gao_dai_ironic_ancillaries	3k_main_ceo_category_ancillary_mount	0	3k_main_ancillary_mount_black_horse	character_equipment
17112980	3k_main_ceo_initial_data_character_historical_fei_zhan_unique_ancillaries	3k_main_ceo_category_ancillary_weapon	0	3k_main_ancillary_weapon_two_handed_spear_common	character_equipment
1711493792	3k_main_ceo_initial_data_character_historical_guan_hai_ytr_ancillaries	3k_main_ceo_category_ancillary_mount	0	3k_main_ancillary_mount_brown_horse	character_equipment
1712862176	3k_main_ceo_initial_data_character_historical_li_xian_ancillaries	3k_main_ceo_category_ancillary_mount	0	3k_main_ancillary_mount_grey_horse	character_equipment
1714164493	3k_main_ceo_initial_data_character_historical_Wei_Xu_ancillaries	3k_main_ceo_category_ancillary_weapon	0	3k_main_ancillary_weapon_double_edged_sword_common	character_equipment
171481	3k_main_ceo_initial_data_character_historical_zhu_lian_ironic_ancillaries	3k_main_ceo_category_ancillary_armour	0	3k_main_ancilliary_armour_zhu_lian_ironic_armour_unique	character_equipment
1715597708	3k_main_ceo_initial_data_character_historical_liu_shang_ancillaries	3k_main_ceo_category_ancillary_armour	0	3k_main_ancilliary_armour_liu_shang_armour_unique	character_equipment
1716803457	3k_main_ceo_initial_data_character_historical_huang_she_ancillaries	3k_main_ceo_category_ancillary_accessory	0	3k_main_ancillary_weapon_crossbow_refined	character_equipment
1716910402	3k_main_ceo_initial_data_character_historical_chen_yu_ancillaries	3k_main_ceo_category_ancillary_mount	0	3k_main_ancillary_mount_black_horse	character_equipment
1717113968	3k_main_ceo_initial_data_character_historical_liu_dai_ancillaries	3k_main_ceo_category_ancillary_mount	0	3k_main_ancillary_mount_black_horse	character_equipment
1717288625	3k_mtu_ceo_initial_data_character_historical_guan_xuo_anicillaries	3k_main_ceo_category_ancillary_mount	0	3k_main_ancillary_mount_brown_horse	character_equipment
1718223077	3k_main_ceo_initial_data_character_historical_peng_yang_ancillaries	3k_main_ceo_category_ancillary_weapon	0	3k_main_ancillary_weapon_double_edged_sword_common	character_equipment
1718686364	3k_dlc04_ceo_initial_data_character_historical_non_deployable_empress_he_ancillaries	3k_main_ceo_category_ancillary_mount	0	3k_main_ancillary_mount_red_horse	character_equipment
1719139379	3k_main_ceo_initial_data_character_historical_sun_guan_ancillaries	3k_main_ceo_category_ancillary_weapon	0	3k_main_ancillary_weapon_two_handed_spear_common	character_equipment
1719209812	3k_mtu_ceo_initial_data_character_historical_lady_zou_yuan_anicillaries	3k_main_ceo_category_ancillary_weapon	0	3k_main_ancillary_weapon_double_edged_sword_common	character_equipment
1719610534	3k_main_ceo_initial_data_character_historical_ze_yue_ancillaries	3k_main_ceo_category_ancillary_armour	0	3k_main_ancilliary_armour_ze_yue_armour_unique	character_equipment
1719694667	3k_main_ceo_initial_data_character_historical_zuozi_zhangba_ancillaries	3k_main_ceo_category_ancillary_armour	0	3k_main_ancilliary_armour_zuozi_zhangba_armour_unique	character_equipment
1719902605	3k_main_ceo_initial_data_character_historical_wu_kuang_ancillaries	3k_main_ceo_category_ancillary_armour	0	3k_ironic_ancilliary_armour_wu_kuang_armour_unique	character_equipment
17202090	3k_main_ceo_initial_data_character_historical_lu_meng_unique_ironic_ancillaries	3k_main_ceo_category_ancillary_weapon	0	3k_main_ancillary_weapon_double_edged_sword_common	character_equipment
1721471902	3k_main_ceo_initial_data_character_historical_Jia_Kui_ancillaries	3k_main_ceo_category_ancillary_armour	0	3k_main_ancilliary_armour_Jia_Kui_armour_unique	character_equipment
1724722633	3k_main_ceo_initial_data_character_historical_tao_ying_ancillaries	3k_main_ceo_category_ancillary_armour	0	3k_main_ancilliary_armour_tao_ying_armour_unique	character_equipment
1725246904	3k_main_ceo_initial_data_character_historical_wen_pin_ancillaries	3k_main_ceo_category_ancillary_mount	0	3k_main_ancillary_mount_brown_horse	character_equipment
1725297958	3k_main_ceo_initial_data_character_historical_lu_fan_ancillaries	3k_main_ceo_category_ancillary_armour	0	3k_main_ancillary_armour_strategist_light_armour_water_common	character_equipment
172704497	3k_main_ceo_initial_data_character_historical_lady_liu_huimin_ancillaries	3k_main_ceo_category_ancillary_weapon	0	3k_main_ancillary_weapon_single_edged_sword_common	character_equipment
1728672440	3k_main_ceo_initial_data_character_historical_gan_ji_ancillaries	3k_main_ceo_category_ancillary_accessory	0	3k_ironic_ancillary_accessory_drunken_bottle	character_equipment
1729118131	3k_main_ceo_initial_data_character_historical_sun_qian_ancillaries	3k_main_ceo_category_ancillary_armour	0	3k_main_ancilliary_armour_sun_qian_armour_unique	character_equipment
1729145570	3k_main_ceo_initial_data_character_historical_jia_long_ancillaries	3k_main_ceo_category_ancillary_mount	0	3k_main_ancillary_mount_grey_horse	character_equipment
1729420981	3k_main_ceo_initial_data_character_historical_tuoba_jiefan_ancillaries	3k_main_ceo_category_ancillary_accessory	0	3k_main_ancillary_weapon_tribal_recurve_bow_exceptional	character_equipment
1731748569	3k_main_ceo_initial_data_character_historical_shi_xie_ancillaries	3k_main_ceo_category_ancillary_armour	0	3k_main_ancillary_armour_shi_xies_armour_unique	character_equipment
1732836888	3k_main_ceo_initial_data_character_historical_yuan_yin_ancillaries	3k_main_ceo_category_ancillary_armour	0	3k_main_ancilliary_armour_yuan_yin_armour_unique	character_equipment
1733108319	3k_main_ceo_initial_data_character_historical_yang_qianwan_ancillaries	3k_main_ceo_category_ancillary_armour	0	3k_main_ancilliary_armour_yang_qianwan_armour_unique	character_equipment
1733314044	3k_ytr_ceo_initial_data_character_historical_gong_du_ancillaries	3k_main_ceo_category_ancillary_armour	0	3k_ytr_ancillary_armour_gong_dus_armour_unique	character_equipment
1733585498	3k_main_ceo_initial_data_character_historical_zhang_meng_ancillaries	3k_main_ceo_category_ancillary_mount	0	3k_main_ancillary_mount_red_horse	character_equipment
1734693930	3k_main_ceo_initial_data_character_historical_shi_xie_ancillaries	3k_main_ceo_category_ancillary_weapon	0	3k_main_ancillary_weapon_ceremonial_sword_exceptional	character_equipment
1736106076	3k_main_ceo_initial_data_character_historical_zhang_fei_ancillaries	3k_main_ceo_category_ancillary_weapon	0	3k_main_ancillary_weapon_serpent_spear_faction	character_equipment
1736559950	3k_main_ceo_initial_data_character_historical_cao_ren_ancillaries	3k_main_ceo_category_ancillary_armour	0	3k_dlc07_ancillary_armour_cao_ren_armour_unique	character_equipment
1737163233	3k_main_ceo_initial_data_character_historical_gan_ji_ancillaries	3k_main_ceo_category_ancillary_weapon	0	3k_main_ancillary_weapon_double_edged_sword_common	character_equipment
173733	3k_main_ceo_initial_data_character_historical_gu_yong_ironic_ancillaries	3k_main_ceo_category_ancillary_weapon	0	3k_main_ancillary_weapon_single_edged_sword_common	character_equipment
1737846356	3k_main_ceo_initial_data_character_historical_liu_yao_ancillaries	3k_main_ceo_category_ancillary_armour	0	3k_dlc05_ancilliary_armour_liu_yao_armour_unique	character_equipment
1738080196	3k_main_ceo_initial_data_character_historical_zhou_ang_ancillaries	3k_main_ceo_category_ancillary_mount	0	3k_main_ancillary_mount_white_horse	character_equipment
1738096223	3k_main_ceo_initial_data_character_historical_cao_zhen_ancillaries	3k_main_ceo_category_ancillary_weapon	0	3k_main_ancillary_weapon_ceremonial_sword_refined	character_equipment
17387733	3k_main_ceo_initial_data_character_historical_cui_lie_ancillaries	3k_main_ceo_category_ancillary_mount	0	3k_main_ancillary_mount_red_horse	character_equipment
1738821363	3k_main_ceo_initial_data_character_historical_cao_rui_ancillaries	3k_main_ceo_category_ancillary_weapon	0	3k_main_ancillary_weapon_single_edged_sword_common	character_equipment
1739453098	3k_main_ceo_initial_data_character_historical_zhang_yan_ancillaries	3k_main_ceo_category_ancillary_weapon	0	3k_main_ancillary_weapon_dual_axes_exceptional	character_equipment
1740754979	3k_ytr_ceo_initial_data_character_generic_water_ancillaries	3k_main_ceo_category_ancillary_mount	0	3k_main_ancillary_mount_white_horse	character_equipment
1741540772	3k_main_ceo_initial_data_character_historical_wu_yi_ancillaries	3k_main_ceo_category_ancillary_mount	0	3k_main_ancillary_mount_red_horse	character_equipment
1741957839	3k_dlc04_ceo_initial_data_character_historical_non_deployable_gao_wang_ancillaries	3k_main_ceo_category_ancillary_weapon	0	3k_main_ancillary_weapon_single_edged_sword_common	character_equipment
1742694069	3k_main_ceo_initial_data_character_historical_gongsun_zan_ancillaries	3k_main_ceo_category_ancillary_weapon	0	3k_main_ancillary_weapon_ma_su_faction	character_equipment
1743302999	3k_main_ceo_initial_data_character_historical_quan_rou_ancillaries	3k_main_ceo_category_ancillary_armour	0	3k_main_ancilliary_armour_quan_rou_armour_unique	character_equipment
1745383652	3k_main_ceo_initial_data_character_historical_lady_zhang_zhumeng_ancillaries	3k_main_ceo_category_ancillary_armour	0	3k_main_ancilliary_armour_lady_zhang_zhumeng_armour_unique	character_equipment
1745534897	3k_main_ceo_initial_data_character_historical_wang_kuang_ancillaries	3k_main_ceo_category_ancillary_mount	0	3k_main_ancillary_mount_grey_horse	character_equipment
1746151694	3k_main_ceo_initial_data_character_historical_qiulijiu_ancillaries	3k_main_ceo_category_ancillary_mount	0	3k_main_ancillary_mount_wuhuan_horse	character_equipment
1747225846	3k_main_ceo_initial_data_character_historical_lady_liu_zhang_ancillaries	3k_main_ceo_category_ancillary_weapon	0	3k_main_ancillary_weapon_double_edged_sword_common	character_equipment
1747364846	3k_main_ceo_initial_data_character_historical_huang_quan_ancillaries	3k_main_ceo_category_ancillary_mount	0	3k_main_ancillary_mount_red_horse	character_equipment
1747617083	3k_main_ceo_initial_data_character_historical_xu_chu_ancillaries	3k_main_ceo_category_ancillary_armour	0	3k_main_ancillary_armour_xu_chus_armour_unique	character_equipment
1748074307	3k_main_ceo_initial_data_character_historical_chen_su_ancillaries	3k_main_ceo_category_ancillary_mount	0	3k_main_ancillary_mount_black_horse	character_equipment
1748740656	3k_dlc04_ceo_initial_data_character_historical_non_deployable_sun_zhang_ancillaries	3k_main_ceo_category_ancillary_armour	0	3k_dlc04_ancillary_armour_non_deployable_armour_yellow_common	character_equipment
1748925462	3k_main_ceo_initial_data_character_historical_liang_mao_ancillaries	3k_main_ceo_category_ancillary_weapon	0	3k_main_ancillary_weapon_double_edged_sword_common	character_equipment
1749196003	3k_dlc06_initial_data_stage_character_ancillaries_historical_nanman_lady_zhurong	3k_main_ceo_category_ancillary_armour	0	3k_dlc06_ancillary_armour_nanman_lady_zhurong_unique	character_equipment
1750561317	3k_main_ceo_initial_data_character_historical_Pan_Feng_ancillaries	3k_main_ceo_category_ancillary_weapon	0	3k_main_ancillary_weapon_two_handed_spear_common	character_equipment
1751728543	3k_main_ceo_initial_data_character_historical_hua_tuo_ancillaries	3k_main_ceo_category_ancillary_weapon	0	3k_main_ancillary_weapon_single_edged_sword_common	character_equipment
1754381862	3k_ytr_ceo_initial_data_character_generic_metal_ancillaries	3k_main_ceo_category_ancillary_armour	0	3k_ytr_ancillary_armour_scholar_medium_yellow_turban_common	character_equipment
1755034443	3k_main_ceo_initial_data_character_historical_diao_chan_ancillaries	3k_main_ceo_category_ancillary_mount	0	3k_main_ancillary_mount_white_horse	character_equipment
1756087723	3k_main_ceo_initial_data_character_historical_mi_zhu_ancillaries	3k_main_ceo_category_ancillary_weapon	0	3k_main_ancillary_weapon_single_edged_sword_common	character_equipment
1757097973	3k_main_ceo_initial_data_character_historical_yang_chou_ancillaries	3k_main_ceo_category_ancillary_armour	0	3k_main_ancilliary_armour_yang_chou_armour_unique	character_equipment
1757457539	3k_main_ceo_initial_data_character_historical_zhou_yu_ancillaries	3k_main_ceo_category_ancillary_mount	0	3k_main_ancillary_mount_black_horse	character_equipment
1758488535	3k_mtu_ceo_initial_data_character_historical_luo_jun_ancillaries	3k_main_ceo_category_ancillary_weapon	0	3k_main_ancillary_weapon_two_handed_spear_common	character_equipment
17588552	3k_main_ceo_initial_data_character_historical_shi_fen_unique_ancillaries	3k_main_ceo_category_ancillary_weapon	0	3k_main_ancillary_weapon_single_edged_sword_common	character_equipment
1760400679	3k_main_ceo_initial_data_character_historical_yang_feng_nw_ancillaries	3k_main_ceo_category_ancillary_weapon	0	3k_main_ancillary_weapon_two_handed_spear_common	character_equipment
176124576	3k_main_ceo_initial_data_character_historical_Mi_Heng_ancillaries	3k_main_ceo_category_ancillary_weapon	0	3k_main_ancillary_weapon_single_edged_sword_common	character_equipment
1762610	3k_main_ceo_initial_data_character_historical_shi_zin_unique_ancillaries	3k_main_ceo_category_ancillary_mount	0	3k_main_ancillary_mount_black_horse	character_equipment
176310	3k_main_ceo_initial_data_character_historical_chen_zhen_ancillaries	3k_main_ceo_category_ancillary_armour	0	3k_main_ancilliary_armour_chen_zhen_armour_unique	character_equipment
1765645660	3k_main_ceo_initial_data_character_historical_beolhyu_ancillaries	3k_main_ceo_category_ancillary_weapon	0	3k_main_ancillary_weapon_single_edged_sword_common	character_equipment
1767764239	3k_main_ceo_initial_data_character_historical_xiahou_dun_ancillaries	3k_main_ceo_category_ancillary_weapon	0	3k_main_ancillary_weapon_two_handed_spear_exceptional	character_equipment
176863474	3k_main_ceo_initial_data_character_historical_sun_quan_ancillaries	3k_main_ceo_category_ancillary_mount	0	3k_main_ancillary_mount_white_horse	character_equipment
1769935511	3k_main_ceo_initial_data_character_historical_qubei_ancillaries	3k_main_ceo_category_ancillary_mount	0	3k_main_ancillary_mount_xiongnu_horse	character_equipment
1770013944	3k_main_ceo_initial_data_character_historical_ze_rong_ancillaries	3k_main_ceo_category_ancillary_armour	0	3k_main_ancilliary_armour_ze_rong_armour_unique	character_equipment
1770998738	3k_main_ceo_initial_data_character_historical_dong_zhuo_ancillaries	3k_main_ceo_category_ancillary_weapon	0	3k_main_ancillary_weapon_blade_of_xiang_yu_faction	character_equipment
1771245706	3k_mtu_ceo_initial_data_character_historical_lady_gao_zhulan_ancillaries	3k_main_ceo_category_ancillary_armour	0	3k_mtu_ancillary_armour_lady_gao_zhulans_armour_unique	character_equipment
1773349404	ep_ceo_initial_data_stage_character_historical_lu_zhi_ancillaries	3k_main_ceo_category_ancillary_armour	0	ep_ancillary_armour_strategist_light_armour_water_unique	character_equipment
1775051521	3k_main_ceo_initial_data_character_historical_liu_fan_ancillaries	3k_main_ceo_category_ancillary_armour	0	3k_ironic_ancilliary_armour_liu_fan_armour_unique	character_equipment
1775054777	3k_mtu_ceo_initial_data_character_historical_zhang_bao_anicillaries	3k_main_ceo_category_ancillary_armour	0	3k_mtu_ancillary_armour_zhang_baos_armour_unique	character_equipment
1776600028	3k_main_ceo_initial_data_character_historical_dou_mao_ancillaries	3k_main_ceo_category_ancillary_mount	0	3k_main_ancillary_mount_brown_horse	character_equipment
177778817	3k_dlc04_ceo_initial_data_character_historical_liu_chong_ancillaries	3k_main_ceo_category_ancillary_weapon	0	3k_main_ancillary_weapon_double_edged_sword_exceptional	character_equipment
1780329452	3k_main_ceo_initial_data_character_historical_zhu_hao_ancillaries	3k_main_ceo_category_ancillary_armour	0	3k_main_ancilliary_armour_zhu_hao_armour_unique	character_equipment
1780337715	3k_mtu_ceo_initial_data_character_historical_huang_zu_ancillaries	3k_main_ceo_category_ancillary_accessory	0	3k_main_ancillary_weapon_composite_bow_refined	character_equipment
178459748	3k_main_ceo_initial_data_character_historical_dian_wei_ancillaries	3k_main_ceo_category_ancillary_weapon	0	3k_main_ancillary_weapon_dual_short_ji_exceptional	character_equipment
1786407746	3k_main_ceo_initial_data_character_historical_lu_zheng_ancillaries	3k_main_ceo_category_ancillary_armour	0	3k_main_ancillary_armour_strategist_light_armour_water_refined	character_equipment
178802	3k_main_ceo_initial_data_character_historical_que_xuan_ironic_ancillaries	3k_main_ceo_category_ancillary_armour	0	3k_main_ancilliary_armour_que_xuan_ironic_armour_unique	character_equipment
178954639	3k_main_ceo_initial_data_character_historical_gan_ning_ancillaries	3k_main_ceo_category_ancillary_mount	0	3k_main_ancillary_mount_red_horse	character_equipment
178979	3k_main_ceo_initial_data_character_historical_yang_kui_ancillaries	3k_main_ceo_category_ancillary_mount	0	3k_main_ancillary_mount_white_horse	character_equipment
17900796	3k_main_ceo_initial_data_character_historical_wang_fu_unique_ancillaries	3k_main_ceo_category_ancillary_weapon	0	3k_main_ancillary_weapon_single_edged_sword_common	character_equipment
1790876434	3k_main_ceo_initial_data_character_historical_zhou_xin_ancillaries	3k_main_ceo_category_ancillary_weapon	0	3k_main_ancillary_weapon_two_handed_spear_common	character_equipment
17916943	3k_main_ceo_initial_data_character_historical_chen_jiu_ancillaries	3k_main_ceo_category_ancillary_armour	0	3k_main_ancilliary_armour_chen_jiu_armour_unique	character_equipment
1791946010	3k_main_ceo_initial_data_character_historical_liao_hua_ytr_ancillaries	3k_main_ceo_category_ancillary_armour	0	3k_main_ancilliary_armour_liao_hua_ytr_armour_unique	character_equipment
17920848	3k_main_ceo_initial_data_character_historical_zhou_yu_renming_ancillaries	3k_main_ceo_category_ancillary_armour	0	3k_main_ancilliary_armour_zhou_yu_renming_armour_unique	character_equipment
1792473456	ep_ceo_initial_data_character_generic_earth_ancillaries_02	3k_main_ceo_category_ancillary_weapon	0	3k_main_ancillary_weapon_double_edged_sword_common	character_equipment
1793219782	3k_main_ceo_initial_data_character_historical_xiahou_jie_ancillaries	3k_main_ceo_category_ancillary_weapon	0	3k_main_ancillary_weapon_two_handed_spear_common	character_equipment
1795666682	3k_main_ceo_initial_data_character_historical_lady_zhang_shangxiu_ancillaries	3k_main_ceo_category_ancillary_weapon	0	3k_main_ancillary_weapon_single_edged_sword_common	character_equipment
1795702220	3k_mtu_ceo_initial_data_character_historical_shen_pei_ancillaries	3k_main_ceo_category_ancillary_weapon	0	3k_main_ancillary_weapon_two_handed_spear_common	character_equipment
179620	3k_main_ceo_initial_data_character_historical_rong_fang_ironic_ancillaries	3k_main_ceo_category_ancillary_armour	0	3k_main_ancilliary_armour_rong_fang_ironic_armour_unique	character_equipment
1798204944	3k_main_ceo_initial_data_character_historical_fan_liyan_ancillaries	3k_main_ceo_category_ancillary_mount	0	3k_main_ancillary_mount_white_horse	character_equipment
1798441870	3k_main_ceo_initial_data_character_historical_tao_shang_ancillaries	3k_main_ceo_category_ancillary_weapon	0	3k_main_ancillary_weapon_double_edged_sword_common	character_equipment
179859117	3k_main_ceo_initial_data_character_historical_lu_fan_ancillaries	3k_main_ceo_category_ancillary_mount	0	3k_main_ancillary_mount_black_horse	character_equipment
1799097368	3k_dlc06_initial_data_stage_character_ancillaries_historical_nanman_dailaidongzhu	3k_main_ceo_category_ancillary_mount	0	3k_main_ancillary_mount_brown_horse	character_equipment
1800100038	3k_mtu_ceo_initial_data_character_historical_lady_diao_chan_ancillaries	3k_main_ceo_category_ancillary_weapon	0	3k_main_ancillary_weapon_single_edged_sword_common	character_equipment
1800156535	3k_main_ceo_initial_data_character_historical_zhao_yun_ancillaries	3k_main_ceo_category_ancillary_armour	0	3k_main_ancillary_armour_zhao_yuns_armour_unique	character_equipment
180055	3k_main_ceo_initial_data_character_historical_sun_shi_ironic_ancillaries	3k_main_ceo_category_ancillary_mount	0	3k_main_ancillary_mount_white_horse	character_equipment
1801311875	3k_main_ceo_initial_data_character_historical_han_fu_ancillaries	3k_main_ceo_category_ancillary_weapon	0	3k_main_ancillary_weapon_hook_sickle_sabre_common	character_equipment
1802717767	3k_main_ceo_initial_data_character_historical_Guan_Suo_ancillaries	3k_main_ceo_category_ancillary_armour	0	3k_main_ancilliary_armour_Guan_Suo_armour_unique	character_equipment
180272150	3k_main_ceo_initial_data_character_historical_wu_ju_ancillaries	3k_main_ceo_category_ancillary_weapon	0	3k_main_ancillary_weapon_single_edged_sword_common	character_equipment
1803474062	3k_main_ceo_initial_data_character_historical_zang_hong_ancillaries	3k_main_ceo_category_ancillary_armour	0	3k_main_ancilliary_armour_zang_hong_armour_unique	character_equipment
1808137456	3k_mtu_ceo_initial_data_character_historical_wu_anguo_ancillaries	3k_main_ceo_category_ancillary_armour	0	3k_mtu_ancillary_armour_wu_anguos_armour_unique	character_equipment
1809411673	3k_main_ceo_initial_data_character_historical_gongsun_fan_ancillaries	3k_main_ceo_category_ancillary_armour	0	3k_main_ancilliary_armour_gongsun_fan_armour_unique	character_equipment
181256030	3k_mtu_ceo_initial_data_character_historical_lady_lu_zheng_ancillaries	3k_main_ceo_category_ancillary_accessory	0	3k_mtu_ancillary_weapon_wind_of_taiyuan	character_equipment
1812907898	3k_main_ceo_initial_data_character_historical_jiang_wei_ancillaries	3k_main_ceo_category_ancillary_armour	0	3k_main_ancillary_armour_medium_armour_fire_extraordinary	character_equipment
1813020337	3k_dlc06_initial_data_stage_character_ancillaries_historical_nanman_dailaidongzhu	3k_main_ceo_category_ancillary_weapon	0	3k_dlc06_ancillary_weapon_burning_mace_unique	character_equipment
1813149492	3k_main_ceo_initial_data_character_historical_mike_ancillaries	3k_main_ceo_category_ancillary_mount	0	3k_main_ancillary_mount_xianbei_horse	character_equipment
1814500239	3k_main_ceo_initial_data_character_historical_chen_wen_ancillaries	3k_main_ceo_category_ancillary_weapon	0	3k_main_ancillary_weapon_single_edged_sword_common	character_equipment
1814687605	3k_main_ceo_initial_data_character_historical_tufa_pigu_ancillaries	3k_main_ceo_category_ancillary_armour	0	3k_main_ancilliary_armour_tufa_pigu_armour_unique	character_equipment
181610004	3k_main_ceo_initial_data_character_historical_guo_nuwang_ancillaries	3k_main_ceo_category_ancillary_weapon	0	3k_main_ancillary_weapon_single_edged_sword_common	character_equipment
1817106879	3k_main_ceo_initial_data_character_historical_lai_gong_ancillaries	3k_main_ceo_category_ancillary_mount	0	3k_main_ancillary_mount_red_horse	character_equipment
1819286941	3k_main_ceo_initial_data_character_historical_zhang_gong_ancillaries	3k_main_ceo_category_ancillary_mount	0	3k_main_ancillary_mount_brown_horse	character_equipment
1819317061	3k_dlc04_ceo_initial_data_character_historical_lu_zhi_ancillaries	3k_main_ceo_category_ancillary_armour	0	3k_dlc04_ancillary_armour_lu_zhis_armour_unique	character_equipment
182012252	3k_main_ceo_initial_data_character_historical_Jiang_Wei_ancillaries	3k_main_ceo_category_ancillary_armour	0	3k_main_ancilliary_armour_Jiang_Wei_armour_unique	character_equipment
1820508323	3k_main_ceo_initial_data_character_historical_huang_she_ancillaries	3k_main_ceo_category_ancillary_armour	0	3k_main_ancilliary_armour_huang_she_armour_unique	character_equipment
1820824617	3k_main_ceo_initial_data_character_historical_liu_xun_ancillaries	3k_main_ceo_category_ancillary_weapon	0	3k_main_ancillary_weapon_one_handed_axe_common	character_equipment
1822051068	3k_main_ceo_initial_data_character_historical_wang_hong_ancillaries	3k_main_ceo_category_ancillary_weapon	0	3k_main_ancillary_weapon_single_edged_sword_common	character_equipment
1823561365	3k_main_ceo_initial_data_character_historical_gurudun_ancillaries	3k_main_ceo_category_ancillary_mount	0	3k_main_ancillary_mount_wuhuan_horse	character_equipment
1824225193	3k_main_ceo_initial_data_character_historical_huang_ang_ancillaries	3k_main_ceo_category_ancillary_weapon	0	3k_main_ancillary_weapon_two_handed_spear_common	character_equipment
1824765674	3k_mtu_ceo_initial_data_character_historical_lady_lu_zheng_ancillaries	3k_main_ceo_category_ancillary_weapon	0	3k_main_ancillary_weapon_single_edged_sword_common	character_equipment
1825259967	3k_main_ceo_initial_data_character_historical_zhang_fu_ancillaries	3k_main_ceo_category_ancillary_armour	0	3k_ironic_ancilliary_armour_zhang_fu_armour_unique	character_equipment
1827979921	3k_main_ceo_initial_data_character_historical_sima_yi_ancillaries	3k_main_ceo_category_ancillary_weapon	0	3k_main_ancillary_weapon_ceremonial_sword_refined	character_equipment
1830998186	3k_dlc06_initial_data_stage_character_ancillaries_historical_nanman_king_shamoke	3k_main_ceo_category_ancillary_weapon	0	3k_dlc06_ancillary_weapon_2h_ball_mace_king_shamoke_unique	character_equipment
1831332221	3k_main_ceo_initial_data_character_historical_Wang_Yi_ancillaries	3k_main_ceo_category_ancillary_mount	0	3k_main_ancillary_mount_white_horse	character_equipment
1831831357	3k_main_ceo_initial_data_character_historical_sun_shao_ancillaries	3k_main_ceo_category_ancillary_armour	0	3k_main_ancilliary_armour_sun_shao_armour_unique	character_equipment
1832353011	3k_dlc06_initial_data_stage_character_ancillaries_historical_nanman_king_mulu	3k_main_ceo_category_ancillary_mount	0	3k_dlc06_ancillary_mount_elephant_unique	character_equipment
1833979474	3k_main_ceo_initial_data_character_historical_Wang_Yuanji_ancillaries	3k_main_ceo_category_ancillary_weapon	0	3k_main_ancillary_weapon_single_edged_sword_common	character_equipment
1834631296	3k_main_ceo_initial_data_character_historical_yin_li_ancillaries	3k_main_ceo_category_ancillary_mount	0	3k_main_ancillary_mount_grey_horse	character_equipment
1834737660	3k_main_ceo_initial_data_character_historical_zhang_chao_ancillaries	3k_main_ceo_category_ancillary_mount	0	3k_main_ancillary_mount_grey_horse	character_equipment
1836478215	3k_main_ceo_initial_data_character_historical_huang_hua_ancillaries	3k_main_ceo_category_ancillary_weapon	0	3k_main_ancillary_weapon_single_edged_sword_common	character_equipment
1836943630	3k_mtu_ceo_initial_data_character_historical_lady_zhang_xingcai_anicillaries	3k_main_ceo_category_ancillary_weapon	0	3k_mtu_ancillary_weapon_point_piercer	character_equipment
183820774	3k_main_ceo_initial_data_character_historical_sun_jian_ancillaries	3k_main_ceo_category_ancillary_weapon	0	3k_main_ancillary_weapon_ancient_silver_sword	character_equipment
1839502574	3k_main_ceo_initial_data_character_historical_qiang_duan_ancillaries	3k_main_ceo_category_ancillary_mount	0	3k_main_ancillary_mount_brown_horse	character_equipment
184098261	3k_dlc05_ceo_initial_data_character_historical_li_jue_ancillaries	3k_main_ceo_category_ancillary_follower	0	3k_ironic_ancillary_follower_xiliang_commander	character_equipment
1841092329	3k_dlc05_ceo_initial_data_character_historical_yan_baihu_ancillaries	3k_main_ceo_category_ancillary_mount	0	3k_main_ancillary_mount_white_stallion	character_equipment
1848504640	3k_main_ceo_initial_data_character_historical_lu_zheng_ancillaries	3k_main_ceo_category_ancillary_weapon	0	3k_main_ancillary_weapon_ceremonial_sword_refined	character_equipment
1852313674	3k_main_ceo_initial_data_character_historical_huanglong_ancillaries	3k_main_ceo_category_ancillary_weapon	0	3k_main_ancillary_weapon_two_handed_spear_common	character_equipment
185275425	3k_main_ceo_initial_data_character_historical_zhang_liao_ancillaries	3k_main_ceo_category_ancillary_mount	0	3k_main_ancillary_mount_grey_horse	character_equipment
1852869079	3k_main_ceo_initial_data_character_historical_zhang_he_ancillaries	3k_main_ceo_category_ancillary_weapon	0	3k_dlc07_ancillary_weapon_the_rule	character_equipment
1853084122	3k_main_ceo_initial_data_character_historical_li_damu_ancillaries	3k_main_ceo_category_ancillary_armour	0	3k_main_ancilliary_armour_li_damu_armour_unique	character_equipment
1856305088	3k_main_ceo_initial_data_character_historical_han_hao_ancillaries	3k_main_ceo_category_ancillary_armour	0	3k_main_ancilliary_armour_han_hao_armour_unique	character_equipment
1856757399	3k_main_ceo_initial_data_character_historical_cao_ren_ancillaries	3k_main_ceo_category_ancillary_weapon	0	3k_main_ancillary_weapon_double_edged_sword_common	character_equipment
1857386626	3k_mtu_ceo_initial_data_character_historical_lady_wang_liting_ancillaries	3k_main_ceo_category_ancillary_armour	0	3k_mtu_ancillary_armour_lady_wang_litings_armour_unique	character_equipment
1858547037	3k_main_ceo_initial_data_character_historical_zhang_zhao_ancillaries	3k_main_ceo_category_ancillary_mount	0	3k_main_ancillary_mount_black_horse	character_equipment
1861241202	3k_dlc04_ceo_initial_data_character_historical_non_deployable_zhang_gong_ancillaries	3k_main_ceo_category_ancillary_mount	0	3k_main_ancillary_mount_brown_horse	character_equipment
1861442	3k_dlc05_ceo_initial_data_character_historical_mi_fang_ancillaries	3k_main_ceo_category_ancillary_weapon	0	3k_main_ancillary_weapon_double_edged_sword_common	character_equipment
186195915	3k_main_ceo_initial_data_character_historical_han_chong_ancillaries	3k_main_ceo_category_ancillary_weapon	0	3k_main_ancillary_weapon_two_handed_spear_common	character_equipment
1862497628	3k_main_ceo_initial_data_character_historical_gongsun_yue_ancillaries	3k_main_ceo_category_ancillary_weapon	0	3k_main_ancillary_weapon_two_handed_spear_common	character_equipment
1863817955	3k_main_ceo_initial_data_character_historical_tian_kai_ancillaries	3k_main_ceo_category_ancillary_mount	0	3k_main_ancillary_mount_white_horse	character_equipment
18640998	3k_main_ceo_initial_data_character_historical_ying_xun_ancillaries	3k_main_ceo_category_ancillary_mount	0	3k_main_ancillary_mount_red_horse	character_equipment
1864265599	3k_main_ceo_initial_data_character_historical_niu_fu_ancillaries	3k_main_ceo_category_ancillary_armour	0	3k_main_ancilliary_armour_niu_fu_armour_unique	character_equipment
186452421	3k_main_ceo_initial_data_character_historical_guan_chun_ancillaries	3k_main_ceo_category_ancillary_armour	0	3k_main_ancilliary_armour_guan_chun_armour_unique	character_equipment
186525596	3k_main_ceo_initial_data_character_historical_lu_xun_ancillaries	3k_main_ceo_category_ancillary_mount	0	3k_main_ancillary_mount_black_horse	character_equipment
1866116462	3k_dlc06_initial_data_stage_character_ancillaries_historical_nanman_ahuinan	3k_main_ceo_category_ancillary_armour	0	3k_dlc06_ancillary_armour_nanman_ahuinan_unique	character_equipment
1866388816	3k_main_ceo_initial_data_character_historical_yufuluo_ancillaries	3k_main_ceo_category_ancillary_armour	0	3k_main_ancilliary_armour_yufuluo_armour_unique	character_equipment
1867218524	3k_main_ceo_initial_data_character_historical_chogo_ancillaries	3k_main_ceo_category_ancillary_weapon	0	3k_main_ancillary_weapon_single_edged_sword_common	character_equipment
1868437815	3k_main_ceo_initial_data_character_historical_yuan_xi_ancillaries	3k_main_ceo_category_ancillary_weapon	0	3k_main_ancillary_weapon_single_edged_sword_common	character_equipment
1869635154	3k_main_ceo_initial_data_character_historical_zhuge_xuan_ancillaries	3k_main_ceo_category_ancillary_mount	0	3k_main_ancillary_mount_red_horse	character_equipment
1870131022	3k_main_ceo_initial_data_character_historical_hao_meng_ancillaries	3k_main_ceo_category_ancillary_armour	0	3k_main_ancilliary_armour_hao_meng_armour_unique	character_equipment
1871155005	ep_ceo_initial_data_stage_character_historical_lu_zhi_ancillaries	3k_main_ceo_category_ancillary_mount	0	3k_main_ancillary_mount_black_horse	character_equipment
1871356694	3k_dlc04_ceo_initial_data_character_historical_non_deployable_bi_lan_ancillaries	3k_main_ceo_category_ancillary_armour	0	3k_dlc04_ancillary_armour_non_deployable_armour_yellow_common	character_equipment
1874646230	3k_main_ceo_initial_data_character_historical_xiahou_jie_ancillaries	3k_main_ceo_category_ancillary_armour	0	3k_main_ancilliary_armour_xiahou_jie_armour_unique	character_equipment
187728188	ep_ceo_initial_data_character_historical_huangfu_shang_ancillaries	3k_main_ceo_category_ancillary_armour	0	ep_ancillary_armour_medium_armour_metal_extraordinary	character_equipment
1878986368	3k_main_ceo_initial_data_character_historical_wu_kuang_ancillaries	3k_main_ceo_category_ancillary_mount	0	3k_main_ancillary_mount_grey_horse	character_equipment
1879420164	3k_main_ceo_initial_data_character_historical_gan_ji_ancillaries	3k_main_ceo_category_ancillary_armour	0	3k_main_ancilliary_armour_gan_ji_armour_unique	character_equipment
1879808489	3k_main_ceo_initial_data_character_historical_sun_qian_ancillaries	3k_main_ceo_category_ancillary_mount	0	3k_main_ancillary_mount_black_horse	character_equipment
1880543101	3k_main_ceo_initial_data_character_historical_liu_he_ancillaries	3k_main_ceo_category_ancillary_armour	0	3k_main_ancilliary_armour_liu_he_armour_unique	character_equipment
1882268394	3k_mtu_ceo_initial_data_character_historical_lady_fei_ancillaries	3k_main_ceo_category_ancillary_armour	0	3k_mtu_ancillary_armour_lady_fei_armour_unique	character_equipment
1883927800	3k_main_ceo_initial_data_character_historical_huang_chengyan_ancillaries	3k_main_ceo_category_ancillary_mount	0	3k_main_ancillary_mount_black_horse	character_equipment
1887112450	ep_ceo_initial_data_character_generic_metal_ancillaries_01	3k_main_ceo_category_ancillary_weapon	0	3k_main_ancillary_weapon_double_edged_sword_common	character_equipment
1887978309	3k_main_ceo_initial_data_character_historical_bao_xin_ancillaries	3k_main_ceo_category_ancillary_armour	0	3k_main_ancilliary_armour_bao_xin_armour_unique	character_equipment
1888771307	3k_main_ceo_initial_data_character_historical_chen_yu_ancillaries	3k_main_ceo_category_ancillary_armour	0	3k_main_ancilliary_armour_chen_yu_armour_unique	character_equipment
1890484993	3k_main_ceo_initial_data_character_historical_wang_yu_ancillaries	3k_main_ceo_category_ancillary_weapon	0	3k_main_ancillary_weapon_double_edged_sword_common	character_equipment
189085435	3k_main_ceo_initial_data_character_historical_yan_rou_ancillaries	3k_main_ceo_category_ancillary_mount	0	3k_main_ancillary_mount_red_horse	character_equipment
1892238376	3k_main_ceo_initial_data_character_historical_xu_shu_ancillaries	3k_main_ceo_category_ancillary_armour	0	3k_dlc05_ancilliary_armour_xu_shu_armour_unique	character_equipment
1892704495	3k_main_ceo_initial_data_character_historical_yang_chou_ancillaries	3k_main_ceo_category_ancillary_mount	0	3k_main_ancillary_mount_black_horse	character_equipment
1893107903	3k_main_ceo_initial_data_character_historical_pang_ji`_ancillaries	3k_main_ceo_category_ancillary_mount	0	3k_main_ancillary_mount_black_horse	character_equipment
1893155939	3k_main_ceo_initial_data_character_historical_xu_you_ancillaries	3k_main_ceo_category_ancillary_weapon	0	3k_main_ancillary_weapon_double_edged_sword_common	character_equipment
1893665095	3k_main_ceo_initial_data_character_historical_tuoba_liwei_ancillaries	3k_main_ceo_category_ancillary_accessory	0	3k_main_ancillary_weapon_tribal_recurve_bow_exceptional	character_equipment
1895673543	3k_main_ceo_initial_data_character_historical_huang_zhong_ancillaries	3k_main_ceo_category_ancillary_accessory	0	3k_main_ancillary_weapon_bow_huang_zhong_faction	character_equipment
1897857567	3k_ytr_ceo_initial_data_character_historical_huang_shao_ancillaries	3k_main_ceo_category_ancillary_mount	0	3k_main_ancillary_mount_grey_horse	character_equipment
1898670133	3k_main_ceo_initial_data_character_historical_deng_sheng_ancillaries	3k_main_ceo_category_ancillary_mount	0	3k_main_ancillary_mount_red_horse	character_equipment
1901949049	3k_main_ceo_initial_data_character_historical_gao_shun_ancillaries	3k_main_ceo_category_ancillary_weapon	0	3k_mtu_ancillary_weapon_line_breaker_faction	character_equipment
1902794884	3k_main_ceo_initial_data_character_generic_wood_ancillaries_02	3k_main_ceo_category_ancillary_armour	0	3k_main_ancillary_armour_heavy_armour_wood_and_fire_common	character_equipment
1903843811	3k_main_ceo_initial_data_character_historical_Chenglugui_ancillaries	3k_main_ceo_category_ancillary_weapon	0	3k_main_ancillary_weapon_double_edged_sword_common	character_equipment
1904098371	3k_main_ceo_initial_data_character_historical_gan_ning_ancillaries	3k_main_ceo_category_ancillary_accessory	0	ironic_ancillary_accessory_gan_ning_bow_unique	character_equipment
1904441323	3k_main_ceo_initial_data_character_historical_lady_sun_ancillaries	3k_main_ceo_category_ancillary_mount	0	3k_main_ancillary_mount_red_horse	character_equipment
1905461383	3k_main_ceo_initial_data_character_historical_dong_li_ancillaries	3k_main_ceo_category_ancillary_weapon	0	3k_main_ancillary_weapon_double_edged_sword_common	character_equipment
1905552533	3k_main_ceo_initial_data_character_historical_liu_zhang_ancillaries	3k_main_ceo_category_ancillary_weapon	0	3k_main_ancillary_weapon_ceremonial_sword_refined	character_equipment
1906193073	3k_main_ceo_initial_data_character_historical_xun_yu_ancillaries	3k_main_ceo_category_ancillary_accessory	0	3k_mtu_ancillary_accessory_empty_lunchpail	character_equipment
1906909996	3k_mtu_ceo_initial_data_character_historical_huang_zu_ancillaries	3k_main_ceo_category_ancillary_accessory	0	3k_main_ancillary_weapon_composite_bow_exceptional	character_equipment
1911097372	3k_main_ceo_initial_data_character_historical_xin_pi_ancillaries	3k_main_ceo_category_ancillary_mount	0	3k_main_ancillary_mount_black_horse	character_equipment
1912157821	3k_dlc06_initial_data_stage_character_ancillaries_generic_nanman_wood	3k_main_ceo_category_ancillary_armour	0	3k_dlc06_ancillary_armour_nanman_medium_common	character_equipment
1912487337	3k_main_ceo_initial_data_character_historical_yang_song_ancillaries	3k_main_ceo_category_ancillary_mount	0	3k_main_ancillary_mount_white_horse	character_equipment
1913077379	3k_main_ceo_initial_data_character_historical_huang_gai_ancillaries	3k_main_ceo_category_ancillary_weapon	0	3k_main_ancillary_weapon_two_handed_spear_common	character_equipment
1913557628	3k_main_ceo_initial_data_character_historical_li_xian_ancillaries	3k_main_ceo_category_ancillary_armour	0	3k_main_ancilliary_armour_li_xian_armour_unique	character_equipment
1915067050	3k_mtu_ceo_initial_data_character_historical_lady_ma_yunlu_ancillaries	3k_main_ceo_category_ancillary_mount	0	3k_main_ancillary_mount_grey_horse	character_equipment
1915067623	3k_main_ceo_initial_data_character_historical_cao_jie_ancillaries	3k_main_ceo_category_ancillary_armour	0	3k_main_ancilliary_armour_cao_jie_armour_unique	character_equipment
1915587459	3k_main_ceo_initial_data_character_generic_metal_ancillaries_01	3k_main_ceo_category_ancillary_mount	0	3k_main_ancillary_mount_grey_horse	character_equipment
1915781308	3k_main_ceo_initial_data_character_historical_fu_gan_ancillaries	3k_main_ceo_category_ancillary_armour	0	3k_ironic_ancilliary_armour_fu_gan_armour_unique	character_equipment
1916829674	3k_main_ceo_initial_data_character_historical_Zhang_Chunhua_ancillaries	3k_main_ceo_category_ancillary_weapon	0	3k_main_ancillary_weapon_single_edged_sword_common	character_equipment
191712953	3k_main_ceo_initial_data_character_historical_xiahou_yuan_ancillaries	3k_main_ceo_category_ancillary_weapon	0	3k_main_ancillary_weapon_two_handed_spear_refined	character_equipment
1917268044	3k_main_ceo_initial_data_character_historical_yang_bo_ancillaries	3k_main_ceo_category_ancillary_weapon	0	3k_main_ancillary_weapon_sword_and_shield_common	character_equipment
1919804775	3k_main_ceo_initial_data_character_historical_liu_shuo_ancillaries	3k_main_ceo_category_ancillary_armour	0	3k_main_ancilliary_armour_liu_shuo_armour_unique	character_equipment
1921452169	3k_main_ceo_initial_data_character_historical_yu_minxiang_ancillaries	3k_main_ceo_category_ancillary_weapon	0	3k_main_ancillary_weapon_single_edged_sword_common	character_equipment
1922041107	3k_dlc04_ceo_initial_data_character_historical_non_deployable_zhang_gong_ancillaries	3k_main_ceo_category_ancillary_weapon	0	3k_main_ancillary_weapon_single_edged_sword_common	character_equipment
1922232712	3k_dlc05_ceo_initial_data_character_historical_zhang_fang_ancillaries	3k_main_ceo_category_ancillary_mount	0	3k_main_ancillary_mount_white_horse	character_equipment
1926966003	3k_main_ceo_initial_data_character_historical_pang_de_ancillaries	3k_main_ceo_category_ancillary_weapon	0	3k_main_ancillary_weapon_two_handed_spear_common	character_equipment
1930622987	3k_main_ceo_initial_data_character_historical_lu_su_ancillaries	3k_main_ceo_category_ancillary_mount	0	3k_main_ancillary_mount_black_horse	character_equipment
1931616312	3k_main_ceo_initial_data_character_historical_fan_chou_ancillaries	3k_main_ceo_category_ancillary_follower	0	3k_ironic_ancillary_follower_xiliang_commander	character_equipment
1932623872	3k_main_ceo_initial_data_character_historical_Xin_Xianying_ancillaries	3k_main_ceo_category_ancillary_mount	0	3k_main_ancillary_mount_black_horse	character_equipment
1937087512	3k_main_ceo_initial_data_character_historical_mei_cheng_ancillaries	3k_main_ceo_category_ancillary_mount	0	3k_main_ancillary_mount_grey_horse	character_equipment
1937946804	3k_dlc06_initial_data_stage_character_ancillaries_generic_nanman_earth	3k_main_ceo_category_ancillary_weapon	0	3k_dlc06_ancillary_weapon_machete_common	character_equipment
1940331920	3k_main_ceo_initial_data_character_historical_lu_gong_ancillaries	3k_main_ceo_category_ancillary_armour	0	3k_main_ancilliary_armour_lu_gong_armour_unique	character_equipment
1942277786	3k_main_ceo_initial_data_character_historical_liu_qi_ancillaries	3k_main_ceo_category_ancillary_armour	0	3k_main_ancilliary_armour_liu_qi_armour_unique	character_equipment
1943217170	3k_main_ceo_initial_data_character_historical_cai_he_ancillaries	3k_main_ceo_category_ancillary_mount	0	3k_main_ancillary_mount_grey_horse	character_equipment
194395	3k_main_ceo_initial_data_character_historical_gao_dai_ironic_ancillaries	3k_main_ceo_category_ancillary_armour	0	3k_main_ancilliary_armour_gao_dai_ironic_armour_unique	character_equipment
19461654	3k_main_ceo_initial_data_character_historical_liu_pi_unique_ancillaries	3k_main_ceo_category_ancillary_armour	0	3k_main_ancilliary_armour_liu_pi_unique_armour_unique	character_equipment
1946169111	3k_main_ceo_initial_data_character_historical_wang_feng_ancillaries	3k_main_ceo_category_ancillary_armour	0	3k_main_ancilliary_armour_wang_feng_armour_unique	character_equipment
1946804216	3k_dlc04_ceo_initial_data_character_historical_huangfu_song_ancillaries	3k_main_ceo_category_ancillary_mount	0	3k_main_ancillary_mount_grey_horse	character_equipment
1947407149	3k_main_ceo_initial_data_character_historical_zuozi_zhulan_ancillaries	3k_main_ceo_category_ancillary_mount	0	3k_main_ancillary_mount_grey_horse	character_equipment
1947834442	3k_main_ceo_initial_data_character_historical_han_anyue_ancillaries	3k_main_ceo_category_ancillary_mount	0	3k_main_ancillary_mount_grey_horse	character_equipment
1948412455	3k_main_ceo_initial_data_character_historical_cao_chun_ancillaries	3k_main_ceo_category_ancillary_armour	0	3k_main_ancillary_armour_cao_chuns_armour_unique	character_equipment
1949312326	3k_main_ceo_initial_data_character_historical_yu_minxiang_ancillaries	3k_main_ceo_category_ancillary_armour	0	3k_ironic_ancilliary_armour_yu_minxiang_armour_unique	character_equipment
1949323818	3k_main_ceo_initial_data_character_historical_zhang_ji_dong_ancillaries	3k_main_ceo_category_ancillary_mount	0	3k_main_ancillary_mount_white_horse	character_equipment
1949651368	3k_main_ceo_initial_data_character_historical_wang_feng_ancillaries	3k_main_ceo_category_ancillary_weapon	0	3k_main_ancillary_weapon_double_edged_sword_common	character_equipment
1951359421	3k_main_ceo_initial_data_character_historical_deng_yuan_ancillaries	3k_main_ceo_category_ancillary_mount	0	3k_main_ancillary_mount_white_horse	character_equipment
1951382181	3k_main_ceo_initial_data_character_historical_yuan_shu_ancillaries	3k_main_ceo_category_ancillary_mount	0	3k_main_ancillary_mount_white_horse	character_equipment
195525824	3k_main_ceo_initial_data_character_historical_han_tong_ancillaries	3k_main_ceo_category_ancillary_mount	0	3k_main_ancillary_mount_brown_horse	character_equipment
1956087755	3k_main_ceo_initial_data_character_historical_sun_guan_ancillaries	3k_main_ceo_category_ancillary_mount	0	3k_main_ancillary_mount_brown_horse	character_equipment
195703693	3k_main_ceo_initial_data_character_historical_lady_liu_ancillaries	3k_main_ceo_category_ancillary_mount	0	3k_main_ancillary_mount_white_horse	character_equipment
195818709	3k_main_ceo_initial_data_character_historical_dong_li_ancillaries	3k_main_ceo_category_ancillary_armour	0	3k_main_ancilliary_armour_dong_li_armour_unique	character_equipment
1959676986	3k_main_ceo_initial_data_character_historical_zhao_bo_ytr_ancillaries	3k_main_ceo_category_ancillary_mount	0	3k_main_ancillary_mount_brown_horse	character_equipment
1960389736	3k_main_ceo_initial_data_character_historical_xue_li_ancillaries	3k_main_ceo_category_ancillary_mount	0	3k_main_ancillary_mount_grey_horse	character_equipment
196202284	3k_main_ceo_initial_data_character_historical_jue_jiejie_ancillaries	3k_main_ceo_category_ancillary_weapon	0	3k_main_ancillary_weapon_single_edged_sword_common	character_equipment
196225091	3k_main_ceo_initial_data_character_historical_ren_qi_ancillaries	3k_main_ceo_category_ancillary_weapon	0	3k_main_ancillary_weapon_two_handed_spear_common	character_equipment
196278944	3k_main_ceo_initial_data_character_historical_liu_pan_ancillaries	3k_main_ceo_category_ancillary_weapon	0	3k_main_ancillary_weapon_single_edged_sword_common	character_equipment
1963382652	3k_main_ceo_initial_data_character_historical_Deng_Ai_ancillaries	3k_main_ceo_category_ancillary_armour	0	3k_main_ancilliary_armour_Deng_Ai_armour_unique	character_equipment
1963487727	3k_main_ceo_initial_data_character_historical_sui_gu_ancillaries	3k_main_ceo_category_ancillary_armour	0	3k_main_ancilliary_armour_sui_gu_armour_unique	character_equipment
1964469272	3k_main_ceo_initial_data_character_historical_gongsun_gong_ancillaries	3k_main_ceo_category_ancillary_weapon	0	3k_main_ancillary_weapon_single_edged_sword_common	character_equipment
196504	3k_main_ceo_initial_data_character_historical_dong_xi_ironic_ancillaries	3k_main_ceo_category_ancillary_mount	0	3k_main_ancillary_mount_red_horse	character_equipment
1966537968	3k_main_ceo_initial_data_character_zi_luan_ancillaries_01	3k_main_ceo_category_ancillary_weapon	0	3k_main_ancillary_weapon_double_edged_sword_unique	character_equipment
1969503580	3k_main_ceo_initial_data_character_historical_zhou_xin_ancillaries	3k_main_ceo_category_ancillary_mount	0	3k_main_ancillary_mount_red_horse	character_equipment
1969996904	3k_dlc05_ceo_initial_data_character_historical_li_jue_ancillaries	3k_main_ceo_category_ancillary_armour	0	3k_dlc05_ancilliary_armour_li_jue_armour_unique	character_equipment
1970376463	3k_main_ceo_initial_data_character_historical_qiulijiu_ancillaries	3k_main_ceo_category_ancillary_armour	0	3k_main_ancilliary_armour_qiujiliu_armour_unique	character_equipment
1976831232	3k_main_ceo_initial_data_character_historical_wu_ban_ancillaries	3k_main_ceo_category_ancillary_armour	0	3k_ironic_ancilliary_armour_wu_ban_armour_unique	character_equipment
197700639	3k_main_ceo_initial_data_character_historical_wei_you_ancillaries	3k_main_ceo_category_ancillary_armour	0	3k_main_ancilliary_armour_wei_you_armour_unique	character_equipment
1977709121	3k_mtu_ceo_initial_data_character_historical_chunyu_qiong_ancillaries	3k_main_ceo_category_ancillary_armour	0	3k_mtu_ancillary_armour_chunyu_qiongs_armour_unique	character_equipment
1980264522	3k_main_ceo_initial_data_character_historical_xianyu_yin_ancillaries	3k_main_ceo_category_ancillary_mount	0	3k_main_ancillary_mount_brown_horse	character_equipment
1982312598	3k_main_ceo_initial_data_character_historical_zhang_ji_dong_ancillaries	3k_main_ceo_category_ancillary_weapon	0	3k_main_ancillary_weapon_double_edged_sword_common	character_equipment
1982748562	ep_ceo_initial_data_stage_character_historical_sima_cui_ancillaries	3k_main_ceo_category_ancillary_mount	0	3k_main_ancillary_mount_grey_horse	character_equipment
1984442670	3k_main_ceo_initial_data_character_historical_wang_baolan_ancillaries	3k_main_ceo_category_ancillary_weapon	0	3k_main_ancillary_weapon_single_edged_sword_common	character_equipment
1985342322	3k_main_ceo_initial_data_character_historical_liu_ye_ancillaries	3k_main_ceo_category_ancillary_weapon	0	3k_main_ancillary_weapon_single_edged_sword_common	character_equipment
1985772534	3k_main_ceo_initial_data_character_historical_liu_bao_ancillaries	3k_main_ceo_category_ancillary_armour	0	3k_main_ancilliary_armour_liu_bao_armour_unique	character_equipment
1989214472	3k_main_ceo_initial_data_character_historical_huo_jun_ancillaries	3k_main_ceo_category_ancillary_weapon	0	3k_main_ancillary_weapon_two_handed_spear_common	character_equipment
1990134996	3k_mtu_ceo_initial_data_character_historical_guan_xing_anicillaries	3k_main_ceo_category_ancillary_weapon	0	3k_main_ancillary_weapon_hook_sickle_sabre_common	character_equipment
1990569311	3k_main_ceo_initial_data_character_historical_liu_he_ancillaries	3k_main_ceo_category_ancillary_weapon	0	3k_main_ancillary_weapon_single_edged_sword_common	character_equipment
1993011743	3k_main_ceo_initial_data_character_historical_wang_yun_ancillaries	3k_main_ceo_category_ancillary_armour	0	3k_ironic_ancilliary_armour_wang_yun_armour_unique	character_equipment
1994037863	3k_main_ceo_initial_data_character_historical_yuan_yao_ancillaries	3k_main_ceo_category_ancillary_mount	0	3k_main_ancillary_mount_white_horse	character_equipment
1995098024	ep_ceo_initial_data_character_generic_wood_ancillaries_02	3k_main_ceo_category_ancillary_weapon	0	3k_main_ancillary_weapon_two_handed_spear_common	character_equipment
1995533482	3k_main_ceo_initial_data_character_historical_nie_tingping_ancillaries	3k_main_ceo_category_ancillary_mount	0	3k_main_ancillary_mount_grey_horse	character_equipment
19980136	3k_main_ceo_initial_data_character_historical_liu_he_pirate_unique_ancillaries	3k_main_ceo_category_ancillary_mount	0	3k_main_ancillary_mount_white_horse	character_equipment
1998088181	3k_main_ceo_initial_data_character_historical_Xin_Xianying_ancillaries	3k_main_ceo_category_ancillary_armour	0	3k_main_ancilliary_armour_Xin_Xianying_armour_unique	character_equipment
1999022203	3k_main_ceo_initial_data_character_historical_xu_huang_ancillaries	3k_main_ceo_category_ancillary_weapon	0	3k_main_ancillary_weapon_cleaver_of_mountains_unique	character_equipment
1999070834	3k_main_ceo_initial_data_character_historical_Song_Xian_ancillaries	3k_main_ceo_category_ancillary_armour	0	3k_main_ancilliary_armour_Song_Xian_armour_unique	character_equipment
199962823	3k_main_ceo_initial_data_character_zi_luan_ancillaries_01	3k_main_ceo_category_ancillary_follower	0	3k_dlc07_ancillary_follower_northern_army_captain	character_equipment
2000029138	3k_main_initial_data_stage_character_traits_historical_shi_yi	3k_dlc05_ceo_category_ancillary_titles	0	3k_dlc05_ancillary_title_orator	character_equipment
2000478545	3k_main_ceo_initial_data_character_historical_Zhong_Yao_ancillaries	3k_main_ceo_category_ancillary_weapon	0	3k_main_ancillary_weapon_single_edged_sword_common	character_equipment
2001041632	ep_ceo_initial_data_character_generic_earth_ancillaries_02	3k_main_ceo_category_ancillary_armour	0	ep_ancillary_armour_medium_armour_earth_extraordinary	character_equipment
2001113408	3k_main_ceo_initial_data_character_historical_pang_xi_ancillaries	3k_main_ceo_category_ancillary_mount	0	3k_main_ancillary_mount_black_horse	character_equipment
2001795516	3k_mtu_ceo_initial_data_character_historical_zhang_bao_anicillaries	3k_main_ceo_category_ancillary_weapon	0	3k_main_ancillary_weapon_two_handed_spear_common	character_equipment
2001979608	3k_main_ceo_initial_data_character_historical_lu_meng_ancillaries	3k_main_ceo_category_ancillary_armour	0	3k_main_ancillary_armour_medium_armour_metal_extraordinary	character_equipment
2004239965	3k_main_ceo_initial_data_character_historical_zhang_yanyan_ancillaries	3k_main_ceo_category_ancillary_mount	0	3k_main_ancillary_mount_white_horse	character_equipment
2004874898	3k_dlc05_ceo_initial_data_character_historical_yan_yu_ancillaries	3k_main_ceo_category_ancillary_weapon	0	3k_main_ancillary_weapon_two_handed_spear_common	character_equipment
2004991610	3k_mtu_ceo_initial_data_character_historical_lady_ma_yunlu_ancillaries	3k_main_ceo_category_ancillary_armour	0	3k_mtu_ancillary_armour_lady_ma_yunlus_armour_unique	character_equipment
20076787	3k_main_ceo_initial_data_character_historical_yong_kai_unique_ancillaries	3k_main_ceo_category_ancillary_armour	0	3k_main_ancilliary_armour_yong_kai_unique_armour_unique	character_equipment
2009237813	3k_main_ceo_initial_data_character_historical_tian_chou_ancillaries	3k_main_ceo_category_ancillary_weapon	0	3k_main_ancillary_weapon_single_edged_sword_common	character_equipment
2009492982	3k_main_ceo_initial_data_character_historical_xu_he_ytr_ancillaries	3k_main_ceo_category_ancillary_weapon	0	3k_main_ancillary_weapon_double_edged_sword_common	character_equipment
2009652234	3k_mtu_ceo_initial_data_character_historical_dong_min_ancillaries	3k_main_ceo_category_ancillary_weapon	0	3k_main_ancillary_weapon_double_edged_sword_common	character_equipment
2012248486	3k_main_ceo_initial_data_character_historical_su_ze_ancillaries	3k_main_ceo_category_ancillary_mount	0	3k_main_ancillary_mount_black_horse	character_equipment
2013742709	3k_main_ceo_initial_data_character_historical_kong_zhou_ancillaries	3k_main_ceo_category_ancillary_mount	0	3k_main_ancillary_mount_black_horse	character_equipment
2013857050	3k_main_ceo_initial_data_character_historical_zhang_heng_ancillaries	3k_main_ceo_category_ancillary_armour	0	3k_main_ancilliary_armour_zhang_heng_armour_unique	character_equipment
2014154952	3k_main_ceo_initial_data_character_historical_wen_chou_ancillaries	3k_main_ceo_category_ancillary_weapon	0	3k_main_ancillary_weapon_two_handed_spear_common	character_equipment
2014472912	3k_main_ceo_initial_data_character_historical_lai_gong_ancillaries	3k_main_ceo_category_ancillary_weapon	0	3k_main_ancillary_weapon_two_handed_spear_common	character_equipment
2015440502	3k_ytr_ceo_initial_data_character_generic_metal_ancillaries	3k_main_ceo_category_ancillary_mount	0	3k_main_ancillary_mount_grey_horse	character_equipment
2016075727	3k_main_ceo_initial_data_character_historical_cao_zhang_ancillaries	3k_main_ceo_category_ancillary_mount	0	3k_main_ancillary_mount_brown_horse	character_equipment
2017818253	3k_main_ceo_initial_data_character_historical_zhao_fan_ancillaries	3k_main_ceo_category_ancillary_weapon	0	3k_main_ancillary_weapon_single_edged_sword_common	character_equipment
202052902	3k_dlc04_ceo_initial_data_character_historical_non_deployable_cao_ding_ancillaries	3k_main_ceo_category_ancillary_armour	0	3k_dlc04_ancillary_armour_non_deployable_armour_red_refined	character_equipment
2020959544	3k_main_ceo_initial_data_character_historical_lu_zheng_ancillaries	3k_main_ceo_category_ancillary_mount	0	3k_main_ancillary_mount_black_horse	character_equipment
2021476707	3k_main_ceo_initial_data_character_historical_yan_pu_ancillaries	3k_main_ceo_category_ancillary_mount	0	3k_main_ancillary_mount_black_horse	character_equipment
2021952548	ep_ceo_initial_data_stage_character_historical_sima_cui_ancillaries	3k_main_ceo_category_ancillary_armour	0	ep_ancillary_armour_medium_armour_metal_unique	character_equipment
2022750107	3k_dlc04_ceo_initial_data_character_historical_zhang_jue_ancillaries	3k_main_ceo_category_ancillary_armour	0	3k_dlc04_ancillary_armour_zhang_jues_armour_unique	character_equipment
202292508	3k_main_ceo_initial_data_character_historical_gongsun_yuan_ancillaries	3k_main_ceo_category_ancillary_mount	0	3k_main_ancilliary_armour_gongsun_yuan_armour_unique	character_equipment
2023832944	3k_dlc06_initial_data_stage_character_ancillaries_generic_nanman_fire	3k_main_ceo_category_ancillary_weapon	0	3k_dlc06_ancillary_weapon_mixed_flint_common	character_equipment
2023968739	3k_main_ceo_initial_data_character_historical_Fulohan_ancillaries	3k_main_ceo_category_ancillary_armour	0	3k_main_ancilliary_armour_Fulohan_armour_unique	character_equipment
2024047665	3k_main_ceo_initial_data_character_historical_xun_yu_ancillaries	3k_main_ceo_category_ancillary_armour	0	3k_dlc04_ancillary_armour_xun_yus_armour_unique	character_equipment
2024632882	3k_mtu_ceo_initial_data_character_historical_luo_jun_ancillaries	3k_main_ceo_category_ancillary_mount	0	3k_main_ancillary_mount_brown_horse	character_equipment
2025320193	3k_main_ceo_initial_data_character_historical_ma_dai_ancillaries	3k_main_ceo_category_ancillary_weapon	0	3k_main_ancillary_weapon_two_handed_spear_common	character_equipment
2027095075	3k_mtu_ceo_initial_data_character_historical_lady_trieu_ancillaries	3k_main_ceo_category_ancillary_weapon	0	3k_main_ancillary_weapon_two_handed_spear_common	character_equipment
2029866692	3k_main_ceo_initial_data_character_historical_cui_jun_ancillaries	3k_main_ceo_category_ancillary_mount	0	3k_main_ancillary_mount_grey_horse	character_equipment
2031534241	3k_main_ceo_initial_data_character_historical_yang_chou_ancillaries	3k_main_ceo_category_ancillary_weapon	0	3k_main_ancillary_weapon_single_edged_sword_common	character_equipment
2031939174	3k_main_ceo_initial_data_character_historical_lady_zhang_shangxiu_ancillaries	3k_main_ceo_category_ancillary_armour	0	3k_main_ancilliary_armour_lady_zhang_shangxiu_armour_unique	character_equipment
2034510193	3k_main_ceo_initial_data_character_historical_liu_xun_ancillaries	3k_main_ceo_category_ancillary_weapon	0	3k_main_ancillary_weapon_two_handed_spear_common	character_equipment
2035788740	3k_main_ceo_initial_data_character_historical_Man_Chong_ancillaries	3k_main_ceo_category_ancillary_mount	0	3k_main_ancillary_mount_red_horse	character_equipment
20378559	3k_main_ceo_initial_data_character_historical_zhou_tai_ancillaries	3k_main_ceo_category_ancillary_mount	0	3k_main_ancillary_mount_red_horse	character_equipment
2037954371	3k_dlc04_ceo_initial_data_character_historical_zhang_bao_ancillaries	3k_main_ceo_category_ancillary_weapon	0	3k_main_ancillary_weapon_two_handed_axe_common	character_equipment
2038162485	3k_main_ceo_initial_data_character_historical_xu_huang_ancillaries	3k_main_ceo_category_ancillary_mount	0	3k_main_ancillary_mount_grey_horse	character_equipment
2040428545	3k_mtu_ceo_initial_data_character_historical_lady_wang_liting_ancillaries	3k_main_ceo_category_ancillary_mount	0	3k_main_ancillary_mount_grey_horse	character_equipment
2041100930	3k_main_ceo_initial_data_character_historical_liu_dan_ancillaries	3k_main_ceo_category_ancillary_mount	0	3k_main_ancillary_mount_brown_horse	character_equipment
2041295403	3k_main_ceo_initial_data_character_historical_zhang_ren_ancillaries	3k_main_ceo_category_ancillary_weapon	0	3k_main_ancillary_weapon_two_handed_spear_common	character_equipment
2041867499	3k_main_ceo_initial_data_character_historical_wu_ju_ancillaries	3k_main_ceo_category_ancillary_armour	0	3k_main_ancilliary_armour_wu_ju_armour_unique	character_equipment
20419	3k_main_ceo_initial_data_character_historical_sun_fu_ancillaries	3k_main_ceo_category_ancillary_mount	0	3k_main_ancillary_mount_white_horse	character_equipment
2042530487	3k_main_ceo_initial_data_character_historical_liu_yu_ancillaries	3k_main_ceo_category_ancillary_mount	0	3k_main_ancillary_mount_white_horse	character_equipment
2042620759	3k_main_ceo_initial_data_character_historical_zhuge_liang_ancillaries	3k_main_ceo_category_ancillary_armour	0	3k_main_ancillary_armour_zhuge_liangs_armour_unique	character_equipment
2042636866	3k_main_ceo_initial_data_character_historical_liu_pingming_ancillaries	3k_main_ceo_category_ancillary_mount	0	3k_main_ancillary_mount_grey_horse	character_equipment
2048635018	ep_ceo_initial_data_stage_character_historical_liu_shen_ancillaries	3k_main_ceo_category_ancillary_armour	0	ep_ancillary_armour_medium_armour_wood_unique	character_equipment
204879307	3k_main_ceo_initial_data_character_historical_yang_feng_ancillaries	3k_main_ceo_category_ancillary_mount	0	3k_main_ancillary_mount_brown_horse	character_equipment
205032	3k_main_ceo_initial_data_character_historical_zhu_zhi_ancillaries	3k_main_ceo_category_ancillary_mount	0	3k_main_ancillary_mount_grey_horse	character_equipment
2053934629	3k_dlc06_initial_data_stage_character_ancillaries_historical_nanman_lady_zhurong	3k_main_ceo_category_ancillary_weapon	0	3k_main_ancillary_weapon_two_handed_spear_exceptional	character_equipment
205469270	3k_main_ceo_initial_data_character_historical_su_fei_ancillaries	3k_main_ceo_category_ancillary_weapon	0	3k_main_ancillary_weapon_two_handed_spear_common	character_equipment
2056442478	3k_main_ceo_initial_data_character_historical_lian_zhi_ancillaries	3k_main_ceo_category_ancillary_weapon	0	3k_main_ancillary_weapon_double_edged_sword_common	character_equipment
205857	3k_main_ceo_initial_data_character_historical_gan_mei_ironic_ancillaries	3k_main_ceo_category_ancillary_mount	0	3k_main_ancillary_mount_black_horse	character_equipment
205955	3k_main_ceo_initial_data_character_historical_xie_mi_ironic_ancillaries	3k_main_ceo_category_ancillary_armour	0	3k_main_ancilliary_armour_xie_mi_ironic_armour_unique	character_equipment
2060260329	3k_main_ceo_initial_data_character_historical_huang_she_ancillaries	3k_main_ceo_category_ancillary_mount	0	3k_main_ancillary_mount_grey_horse	character_equipment
2061598854	3k_main_ceo_initial_data_character_historical_pang_tong_ancillaries	3k_main_ceo_category_ancillary_weapon	0	3k_main_ancillary_weapon_single_edged_sword_common	character_equipment
2061600005	3k_dlc06_initial_data_stage_character_ancillaries_historical_nanman_king_duosi	3k_main_ceo_category_ancillary_accessory	0	3k_main_ancillary_weapon_composite_bow_common	character_equipment
2062159825	3k_main_ceo_initial_data_character_historical_cao_zhang_ancillaries	3k_main_ceo_category_ancillary_armour	0	3k_main_ancilliary_armour_cao_zhang_armour_unique	character_equipment
2062247128	3k_main_ceo_initial_data_character_historical_guo_yuan_ancillaries	3k_main_ceo_category_ancillary_armour	0	3k_main_ancilliary_armour_guo_yuan_armour_unique	character_equipment
2062456490	3k_dlc05_ceo_initial_data_character_historical_yan_yu_ancillaries	3k_main_ceo_category_ancillary_armour	0	3k_dlc05_ancilliary_armour_yan_yu_armour_unique	character_equipment
2064348337	3k_main_ceo_initial_data_character_generic_wood_ancillaries_02	3k_main_ceo_category_ancillary_weapon	0	3k_main_ancillary_weapon_two_handed_spear_common	character_equipment
2065075706	3k_main_ceo_initial_data_character_generic_fire_ancillaries_01	3k_main_ceo_category_ancillary_armour	0	3k_main_ancillary_armour_medium_armour_wood_and_fire_common	character_equipment
2065192420	3k_main_ceo_initial_data_character_historical_tuoba_liwei_ancillaries	3k_main_ceo_category_ancillary_weapon	0	3k_main_ancillary_weapon_double_edged_sword_common	character_equipment
2065720809	3k_mtu_ceo_initial_data_character_historical_lady_dong_bai_ancillaries	3k_main_ceo_category_ancillary_armour	0	3k_mtu_ancillary_armour_lady_dong_bais_armour_unique	character_equipment
20670614	3k_main_ceo_initial_data_character_historical_shi_wu_unique_ancillaries	3k_main_ceo_category_ancillary_mount	0	3k_main_ancillary_mount_red_horse	character_equipment
206721	3k_main_ceo_initial_data_character_historical_zhou_bo_ironic_ancillaries	3k_main_ceo_category_ancillary_mount	0	3k_main_ancillary_mount_white_horse	character_equipment
2067267305	3k_main_ceo_initial_data_character_historical_yalu_ancillaries	3k_main_ceo_category_ancillary_mount	0	3k_main_ancillary_mount_wuhuan_horse	character_equipment
2068027442	3k_main_ceo_initial_data_character_historical_cao_jie_ancillaries	3k_main_ceo_category_ancillary_mount	0	3k_main_ancillary_mount_white_horse	character_equipment
2069918546	3k_main_ceo_initial_data_character_historical_cang_qinting_ancillaries	3k_main_ceo_category_ancillary_mount	0	3k_main_ancillary_mount_white_horse	character_equipment
207079911	3k_main_ceo_initial_data_character_historical_zhang_hu_ancillaries	3k_main_ceo_category_ancillary_mount	0	3k_main_ancillary_mount_grey_horse	character_equipment
207095297	3k_main_ceo_initial_data_character_historical_Jiang_Wei_ancillaries	3k_main_ceo_category_ancillary_mount	0	3k_main_ancillary_mount_red_horse	character_equipment
2071937226	ep_ceo_initial_data_character_historical_sima_yue_ancillaries	3k_main_ceo_category_ancillary_weapon	0	3k_main_ancillary_weapon_ancient_silver_sword	character_equipment
207201331	3k_main_ceo_initial_data_character_historical_lu_xun_ancillaries	3k_main_ceo_category_ancillary_weapon	0	3k_main_ancillary_weapon_single_edged_sword_common	character_equipment
2072349824	3k_main_ceo_initial_data_character_historical_lu_xun_ancillaries	3k_main_ceo_category_ancillary_weapon	0	3k_main_ancillary_weapon_single_edged_sword_common	character_equipment
2072901300	3k_main_ceo_initial_data_character_generic_water_ancillaries_02	3k_main_ceo_category_ancillary_armour	0	3k_main_ancillary_armour_strategist_light_armour_water_common	character_equipment
2074831077	3k_main_ceo_initial_data_character_historical_zhou_tai_ancillaries	3k_main_ceo_category_ancillary_armour	0	3k_dlc05_ancilliary_armour_zhou_tai_armour_unique	character_equipment
207639996	3k_main_ceo_initial_data_character_historical_zhang_jin_ancillaries	3k_main_ceo_category_ancillary_weapon	0	3k_main_ancillary_weapon_two_handed_spear_common	character_equipment
2076515034	3k_mtu_ceo_initial_data_character_historical_lady_lu_ji_ancillaries	3k_main_ceo_category_ancillary_weapon	0	3k_mtu_ancillary_weapon_sharp_light	character_equipment
2077255063	3k_main_ceo_initial_data_character_historical_lu_shang_ancillaries	3k_main_ceo_category_ancillary_mount	0	3k_main_ancillary_mount_red_horse	character_equipment
207858	3k_main_ceo_initial_data_character_historical_zheng_tai_ancillaries	3k_main_ceo_category_ancillary_weapon	0	3k_main_ancillary_weapon_single_edged_sword_common	character_equipment
2078972640	3k_main_ceo_initial_data_character_generic_earth_ancillaries_02	3k_main_ceo_category_ancillary_weapon	0	3k_main_ancillary_weapon_double_edged_sword_common	character_equipment
2080431429	3k_main_ceo_initial_data_character_historical_fu_gan_ancillaries	3k_main_ceo_category_ancillary_weapon	0	3k_main_ancillary_weapon_double_edged_sword_common	character_equipment
2081842515	3k_main_ceo_initial_data_character_historical_gongsun_yue_ancillaries	3k_main_ceo_category_ancillary_armour	0	3k_main_ancilliary_armour_gongsun_yue_armour_unique	character_equipment
2082068062	3k_ytr_ceo_initial_data_character_historical_pei_yuanshao_ancillaries	3k_main_ceo_category_ancillary_armour	0	3k_ytr_ancillary_armour_pei_yuanshaos_armour_unique	character_equipment
2082321649	3k_main_ceo_initial_data_character_generic_wood_ancillaries_01	3k_main_ceo_category_ancillary_mount	0	3k_main_ancillary_mount_brown_horse	character_equipment
2082717477	3k_main_ceo_initial_data_character_historical_wang_dang_ancillaries	3k_main_ceo_category_ancillary_mount	0	3k_main_ancillary_mount_black_horse	character_equipment
2083694527	3k_mtu_ceo_initial_data_character_historical_hua_xin_ancillaries	3k_main_ceo_category_ancillary_weapon	0	3k_main_ancillary_weapon_single_edged_sword_common	character_equipment
2084736324	3k_main_ceo_initial_data_character_historical_gurudun_ancillaries	3k_main_ceo_category_ancillary_armour	0	3k_main_ancilliary_armour_gurudun_armour_unique	character_equipment
2084863519	3k_mtu_ceo_initial_data_character_historical_lady_dong_li_ancillaries	3k_main_ceo_category_ancillary_armour	0	3k_mtu_ancillary_armour_lady_dong_lis_armour_unique	character_equipment
2085517014	3k_main_ceo_initial_data_character_historical_miao_wanwan_ancillaries	3k_main_ceo_category_ancillary_weapon	0	3k_main_ancillary_weapon_one_handed_axe_common	character_equipment
2086364823	3k_mtu_ceo_initial_data_character_historical_qu_gong_ancillaries	3k_main_ceo_category_ancillary_armour	0	3k_mtu_ancillary_armour_qu_gongs_armour_unique	character_equipment
208830615	3k_main_ceo_initial_data_character_historical_sun_jian_ancillaries	3k_main_ceo_category_ancillary_mount	0	3k_main_ancillary_mount_heavenly_fire	character_equipment
2089596506	3k_main_ceo_initial_data_character_historical_xin_pi_ancillaries	3k_main_ceo_category_ancillary_armour	0	3k_main_ancilliary_armour_xin_pi_armour_unique	character_equipment
2092084553	3k_main_ceo_initial_data_character_historical_guan_yu_ancillaries	3k_main_ceo_category_ancillary_mount	0	3k_main_ancillary_mount_brown_horse	character_equipment
209393521	ep_ceo_initial_data_character_generic_water_ancillaries_01	3k_main_ceo_category_ancillary_weapon	0	3k_main_ancillary_weapon_single_edged_sword_common	character_equipment
2094047407	3k_main_ceo_initial_data_character_historical_wang_dang_ancillaries	3k_main_ceo_category_ancillary_armour	0	3k_main_ancilliary_armour_wang_dang_armour_unique	character_equipment
2094286426	3k_mtu_ceo_initial_data_character_historical_lady_da_qiao_ancillaries	3k_main_ceo_category_ancillary_weapon	0	3k_main_ancillary_weapon_single_edged_sword_common	character_equipment
2094587	3k_main_ceo_initial_data_character_historical_tong_jie_unique_ancillaries	3k_main_ceo_category_ancillary_weapon	0	3k_main_ancillary_weapon_two_handed_spear_common	character_equipment
2096833230	3k_mtu_ceo_initial_data_character_historical_lady_xiao_qiao_ancillaries	3k_main_ceo_category_ancillary_mount	0	3k_main_ancillary_mount_grey_horse	character_equipment
2098320202	3k_main_ceo_initial_data_character_historical_zhang_hu_ancillaries	3k_main_ceo_category_ancillary_armour	0	3k_main_ancilliary_armour_zhang_hu_armour_unique	character_equipment
2099566584	3k_main_ceo_initial_data_character_historical_cao_pi_ancillaries	3k_main_ceo_category_ancillary_weapon	0	3k_main_ancillary_weapon_double_edged_sword_common	character_equipment
2103151679	3k_mtu_ceo_initial_data_character_historical_lady_wu_minyu_ancillaries	3k_main_ceo_category_ancillary_armour	0	3k_mtu_ancillary_armour_lady_wu_minyus_armour_unique	character_equipment
2103278611	3k_main_ceo_initial_data_character_historical_lady_huang_xie_ancillaries	3k_main_ceo_category_ancillary_mount	0	3k_main_ancillary_mount_grey_horse	character_equipment
2107125378	3k_main_ceo_initial_data_character_historical_huo_nu_ancillaries	3k_main_ceo_category_ancillary_armour	0	3k_main_ancilliary_armour_huo_nu_armour_unique	character_equipment
2107187548	3k_main_ceo_initial_data_character_historical_cui_lie_ancillaries	3k_main_ceo_category_ancillary_armour	0	3k_main_ancilliary_armour_cui_lie_armour_unique	character_equipment
2107371099	3k_main_ceo_initial_data_character_historical_xia_zhao_ancillaries	3k_main_ceo_category_ancillary_mount	0	3k_main_ancillary_mount_grey_horse	character_equipment
2107902310	3k_main_ceo_initial_data_character_historical_zhang_chao_ancillaries	3k_main_ceo_category_ancillary_armour	0	3k_main_ancillary_armour_light_armour_earth_metal_and_water_common	character_equipment
2108835707	3k_mtu_ceo_initial_data_character_historical_lady_gao_zhulan_ancillaries	3k_main_ceo_category_ancillary_mount	0	3k_main_ancillary_mount_grey_horse	character_equipment
2109424354	3k_main_ceo_initial_data_character_historical_ma_midi_ancillaries	3k_main_ceo_category_ancillary_weapon	0	3k_main_ancillary_weapon_single_edged_sword_common	character_equipment
2109991998	ep_ceo_initial_data_stage_character_historical_wang_bao_ancillaries	3k_main_ceo_category_ancillary_armour	0	ep_ancillary_armour_heavy_armour_wood_unique	character_equipment
2110184491	3k_main_ceo_initial_data_character_historical_Guan_Ping_ancillaries	3k_main_ceo_category_ancillary_armour	0	3k_main_ancilliary_armour_Guan_Ping_armour_unique	character_equipment
2111377732	3k_main_ceo_initial_data_character_historical_qubei_ancillaries	3k_main_ceo_category_ancillary_accessory	0	3k_main_ancillary_weapon_tribal_recurve_bow_exceptional	character_equipment
2112469602	3k_main_ceo_initial_data_character_historical_leipan_ancillaries	3k_main_ceo_category_ancillary_weapon	0	3k_main_ancillary_weapon_two_handed_spear_common	character_equipment
2113405175	3k_main_ceo_initial_data_character_historical_Chenglugui_ancillaries	3k_main_ceo_category_ancillary_accessory	0	3k_main_ancillary_weapon_tribal_recurve_bow_exceptional	character_equipment
2114265995	3k_main_ceo_initial_data_character_historical_hu_mao_ancillaries	3k_main_ceo_category_ancillary_armour	0	3k_main_ancilliary_armour_hu_mao_armour_unique	character_equipment
2114332159	3k_main_ceo_initial_data_character_historical_han_fu_ancillaries	3k_main_ceo_category_ancillary_armour	0	3k_main_ancilliary_armour_han_fu_armour_unique	character_equipment
2114920646	3k_main_ceo_initial_data_character_historical_guan_hai_ytr_ancillaries	3k_main_ceo_category_ancillary_armour	0	3k_main_ancilliary_armour_guan_hai_ytr_armour_unique	character_equipment
2115181129	3k_main_ceo_initial_data_character_historical_wei_kang_ancillaries	3k_main_ceo_category_ancillary_armour	0	3k_main_ancilliary_armour_wei_kang_armour_unique	character_equipment
2118806928	3k_main_ceo_initial_data_character_historical_su_ze_ancillaries	3k_main_ceo_category_ancillary_weapon	0	3k_main_ancillary_weapon_single_edged_sword_common	character_equipment
2119025008	3k_mtu_ceo_initial_data_character_historical_lady_dong_li_ancillaries	3k_main_ceo_category_ancillary_mount	0	3k_main_ancillary_mount_red_horse	character_equipment
212422722	3k_mtu_ceo_initial_data_character_historical_lu_jun_ancillaries	3k_main_ceo_category_ancillary_weapon	0	3k_main_ancillary_weapon_two_handed_spear_common	character_equipment
2124715954	3k_main_ceo_initial_data_character_historical_wang_xiu_ancillaries	3k_main_ceo_category_ancillary_mount	0	3k_main_ancillary_mount_white_horse	character_equipment
2125049283	3k_main_ceo_initial_data_character_historical_lu_gong_ancillaries	3k_main_ceo_category_ancillary_accessory	0	3k_main_ancillary_weapon_crossbow_common	character_equipment
2126797447	3k_main_ceo_initial_data_character_historical_lady_zhen_ancillaries	3k_main_ceo_category_ancillary_weapon	0	3k_main_ancillary_weapon_single_edged_sword_common	character_equipment
2127402272	3k_dlc04_ceo_initial_data_character_historical_non_deployable_guo_sheng_ancillaries	3k_main_ceo_category_ancillary_weapon	0	3k_main_ancillary_weapon_single_edged_sword_common	character_equipment
2128235610	3k_dlc05_ceo_initial_data_character_historical_lady_bian_ancillaries	3k_main_ceo_category_ancillary_mount	0	3k_main_ancillary_mount_white_horse	character_equipment
212872826	3k_main_ceo_initial_data_character_historical_Kuitou_ancillaries	3k_main_ceo_category_ancillary_mount	0	3k_main_ancillary_mount_xianbei_horse	character_equipment
2130137661	3k_main_ceo_initial_data_character_historical_li_ying_ancillaries	3k_main_ceo_category_ancillary_weapon	0	3k_main_ancillary_weapon_double_edged_sword_common	character_equipment
2130619559	3k_main_ceo_initial_data_character_historical_diao_chan_ancillaries	3k_main_ceo_category_ancillary_weapon	0	3k_main_ancillary_weapon_single_edged_sword_common	character_equipment
213148164	3k_main_ceo_initial_data_character_historical_Zhong_Yao_ancillaries	3k_main_ceo_category_ancillary_armour	0	3k_main_ancilliary_armour_Zhong_Yao_armour_unique	character_equipment
2131865964	3k_main_ceo_initial_data_character_historical_leipan_ancillaries	3k_main_ceo_category_ancillary_armour	0	3k_main_ancilliary_armour_leipan_armour_unique	character_equipment
2131987719	3k_dlc04_ceo_initial_data_character_historical_zhang_liang_ancillaries	3k_main_ceo_category_ancillary_mount	0	3k_main_ancillary_mount_brown_horse	character_equipment
2132402205	3k_dlc06_initial_data_stage_character_ancillaries_historical_nanman_meng_you	3k_main_ceo_category_ancillary_armour	0	3k_dlc06_ancillary_armour_nanman_meng_you_unique	character_equipment
2132619569	3k_dlc04_ceo_initial_data_character_historical_zhang_liang_ancillaries	3k_main_ceo_category_ancillary_weapon	0	3k_main_ancillary_weapon_two_handed_axe_common	character_equipment
21338024	3k_main_ceo_initial_data_character_historical_ganwiego_ancillaries	3k_main_ceo_category_ancillary_weapon	0	3k_main_ancillary_weapon_two_handed_spear_common	character_equipment
213415506	3k_main_ceo_initial_data_character_historical_wu_ju_ancillaries	3k_main_ceo_category_ancillary_mount	0	3k_main_ancillary_mount_white_horse	character_equipment
2134189436	3k_main_ceo_initial_data_character_historical_sun_ce_ancillaries	3k_main_ceo_category_ancillary_weapon	0	3k_main_ancillary_weapon_two_handed_spear_exceptional	character_equipment
2134306821	3k_main_ceo_initial_data_character_historical_yue_jiu_ancillaries	3k_main_ceo_category_ancillary_mount	0	3k_main_ancillary_mount_red_horse	character_equipment
2136430095	ep_ceo_initial_data_character_generic_metal_ancillaries_02	3k_main_ceo_category_ancillary_mount	0	3k_main_ancillary_mount_grey_horse	character_equipment
2136786750	3k_main_ceo_initial_data_character_historical_yalu_ancillaries	3k_main_ceo_category_ancillary_armour	0	3k_main_ancilliary_armour_yalu_armour_unique	character_equipment
2139443978	3k_dlc06_initial_data_stage_character_ancillaries_historical_nanman_king_duosi	3k_main_ceo_category_ancillary_mount	0	3k_main_ancillary_mount_brown_horse	character_equipment
2139555001	3k_main_ceo_initial_data_character_historical_lady_lu_yang_ancillaries	3k_main_ceo_category_ancillary_mount	0	3k_main_ancillary_mount_black_horse	character_equipment
2140392554	3k_dlc05_ceo_initial_data_character_historical_lady_bian_ancillaries	3k_main_ceo_category_ancillary_weapon	0	3k_main_ancillary_weapon_double_edged_sword_common	character_equipment
2141092188	3k_main_ceo_initial_data_character_historical_zhuge_xuan_ancillaries	3k_main_ceo_category_ancillary_weapon	0	3k_main_ancillary_weapon_two_handed_spear_common	character_equipment
2141607170	3k_mtu_ceo_initial_data_character_historical_lady_trieu_ancillaries	3k_main_ceo_category_ancillary_mount	0	3k_mtu_ancillary_mount_lady_trieus_elephant_unique	character_equipment
2141682504	3k_main_ceo_initial_data_character_historical_pang_xi_ancillaries	3k_main_ceo_category_ancillary_armour	0	3k_ironic_ancilliary_armour_pang_xi_armour_unique	character_equipment
2143115405	3k_main_ceo_initial_data_character_historical_cai_zan_ancillaries	3k_main_ceo_category_ancillary_armour	0	3k_main_ancilliary_armour_cai_zan_armour_unique	character_equipment
2143126855	3k_main_ceo_initial_data_character_historical_song_jian_ancillaries	3k_main_ceo_category_ancillary_weapon	0	3k_main_ancillary_weapon_double_edged_sword_common	character_equipment
21433274	3k_main_ceo_initial_data_character_historical_hua_ji_unique_ancillaries	3k_main_ceo_category_ancillary_armour	0	3k_main_ancilliary_armour_hua_ji_unique_armour_unique	character_equipment
2145561881	3k_ytr_ceo_initial_data_character_historical_pei_yuanshao_ancillaries	3k_main_ceo_category_ancillary_mount	0	3k_main_ancillary_mount_brown_horse	character_equipment
214694	3k_main_ceo_initial_data_character_historical_pan_zhang_ironic_ancillaries	3k_main_ceo_category_ancillary_weapon	0	ironic_ancillary_weapon_pan_zhang_axe_unique	character_equipment
2146992456	3k_main_ceo_initial_data_character_historical_Zhong_Hui_ancillaries	3k_main_ceo_category_ancillary_weapon	0	3k_main_ancillary_weapon_single_edged_sword_common	character_equipment
2147104426	3k_main_ceo_initial_data_character_historical_zhao_ang_ancillaries	3k_main_ceo_category_ancillary_armour	0	3k_main_ancilliary_armour_zhao_ang_armour_unique	character_equipment
215794	3k_main_ceo_initial_data_character_historical_ding_feng_ancillaries	3k_main_ceo_category_ancillary_weapon	0	3k_main_ancillary_weapon_two_handed_spear_common	character_equipment
216626709	3k_dlc04_ceo_initial_data_character_historical_non_deployable_song_dian_ancillaries	3k_main_ceo_category_ancillary_mount	0	3k_main_ancillary_mount_grey_horse	character_equipment
216963	3k_main_ceo_initial_data_character_historical_ouhou_cai_ancillaries	3k_main_ceo_category_ancillary_armour	0	3k_main_ancilliary_armour_ouhou_cai_armour_unique	character_equipment
21763399	3k_main_ceo_initial_data_character_historical_sheng_dao_unique_ancillaries	3k_main_ceo_category_ancillary_mount	0	3k_main_ancillary_mount_white_horse	character_equipment
218539658	3k_dlc04_ceo_initial_data_character_historical_non_deployable_zhang_rang_ancillaries	3k_main_ceo_category_ancillary_mount	0	3k_main_ancillary_mount_brown_horse	character_equipment
219329	3k_main_ceo_initial_data_character_historical_chen_bai_ironic_ancillaries	3k_main_ceo_category_ancillary_mount	0	3k_main_ancillary_mount_black_horse	character_equipment
219998	3k_main_ceo_initial_data_character_historical_wu_jing_ironic_ancillaries	3k_main_ceo_category_ancillary_weapon	0	3k_main_ancillary_weapon_two_handed_spear_common	character_equipment
221008739	3k_dlc04_ceo_initial_data_character_historical_non_deployable_duan_gui_ziyin_ancillaries	3k_main_ceo_category_ancillary_weapon	0	3k_main_ancillary_weapon_single_edged_sword_common	character_equipment
222061505	3k_main_ceo_initial_data_character_historical_zhang_lu_ancillaries	3k_main_ceo_category_ancillary_armour	0	3k_main_ancilliary_armour_zhang_lu_armour_unique	character_equipment
223234806	3k_dlc04_ceo_initial_data_character_historical_non_deployable_cao_ding_ancillaries	3k_main_ceo_category_ancillary_weapon	0	3k_main_ancillary_weapon_single_edged_sword_common	character_equipment
223724	3k_main_ceo_initial_data_character_historical_han_dang_ancillaries	3k_main_ceo_category_ancillary_weapon	0	3k_main_ancillary_weapon_two_handed_spear_common	character_equipment
224053691	3k_main_ceo_initial_data_character_historical_chen_lan_ancillaries	3k_main_ceo_category_ancillary_armour	0	3k_main_ancilliary_armour_chen_lan_armour_unique	character_equipment
22557643	3k_dlc06_initial_data_stage_character_ancillaries_generic_nanman_metal	3k_main_ceo_category_ancillary_mount	0	3k_main_ancillary_mount_grey_horse	character_equipment
226519569	3k_main_ceo_initial_data_character_historical_yue_jiu_ancillaries	3k_main_ceo_category_ancillary_armour	0	3k_main_ancilliary_armour_yue_jiu_armour_unique	character_equipment
227050207	3k_main_ceo_initial_data_character_historical_Xiahou_Ba_ancillaries	3k_main_ceo_category_ancillary_weapon	0	3k_main_ancillary_weapon_two_handed_spear_common	character_equipment
227163063	3k_main_ceo_initial_data_character_historical_zhuge_jin_ancillaries	3k_main_ceo_category_ancillary_armour	0	3k_main_ancillary_armour_strategist_light_armour_water_common	character_equipment
227323921	3k_main_ceo_initial_data_character_historical_Zhong_Yao_ancillaries	3k_main_ceo_category_ancillary_mount	0	3k_main_ancillary_mount_black_horse	character_equipment
227377269	3k_main_ceo_initial_data_character_historical_guan_jing_ancillaries	3k_main_ceo_category_ancillary_armour	0	3k_main_ancilliary_armour_guan_jing_armour_unique	character_equipment
2289569	3k_main_ceo_initial_data_character_historical_liu_pi_unique_ancillaries	3k_main_ceo_category_ancillary_mount	0	3k_main_ancillary_mount_black_horse	character_equipment
229145	3k_main_ceo_initial_data_character_historical_sun_ben_ancillaries	3k_main_ceo_category_ancillary_armour	0	3k_main_ancilliary_armour_sun_ben_armour_unique	character_equipment
23034258	3k_main_ceo_initial_data_character_historical_li_li_ancillaries	3k_main_ceo_category_ancillary_weapon	0	3k_main_ancillary_weapon_two_handed_spear_common	character_equipment
230941330	3k_main_ceo_initial_data_character_historical_yan_liang_ancillaries	3k_main_ceo_category_ancillary_weapon	0	3k_dlc07_ancillary_weapon_defence_of_levity	character_equipment
23129800	3k_main_ceo_initial_data_character_historical_xi_zhicai_unique_ancillaries	3k_main_ceo_category_ancillary_mount	0	3k_main_ancillary_mount_black_horse	character_equipment
232123	3k_main_ceo_initial_data_character_historical_kan_ze_ironic_ancillaries	3k_main_ceo_category_ancillary_armour	0	3k_main_ancilliary_armour_kan_ze_ironic_armour_unique	character_equipment
234911908	3k_main_ceo_initial_data_character_historical_Guan_Suo_ancillaries	3k_main_ceo_category_ancillary_mount	0	3k_main_ancillary_mount_brown_horse	character_equipment
235904723	3k_dlc05_ceo_initial_data_character_historical_yan_baihu_ancillaries	3k_main_ceo_category_ancillary_accessory	0	3k_main_ancillary_weapon_composite_bow_refined	character_equipment
236083227	3k_main_ceo_initial_data_character_historical_Sima_Zhao_ancillaries	3k_main_ceo_category_ancillary_mount	0	3k_main_ancillary_mount_white_horse	character_equipment
23653014	3k_main_ceo_initial_data_character_historical_liu_du_unique_ironic_ancillaries	3k_main_ceo_category_ancillary_mount	0	3k_main_ancillary_mount_black_horse	character_equipment
236608963	3k_main_ceo_initial_data_character_historical_zhuge_liang_ancillaries	3k_main_ceo_category_ancillary_weapon	0	3k_main_ancillary_weapon_ceremonial_sword_refined	character_equipment
23721521	3k_main_ceo_initial_data_character_historical_gao_gan_ancillaries	3k_main_ceo_category_ancillary_mount	0	3k_main_ancillary_mount_grey_horse	character_equipment
23780	3k_main_ceo_initial_data_character_historical_teng_ling_ancillaries	3k_main_ceo_category_ancillary_weapon	0	3k_main_ancillary_weapon_single_edged_sword_common	character_equipment
238469611	3k_main_ceo_initial_data_character_historical_pang_de_ancillaries	3k_main_ceo_category_ancillary_mount	0	3k_main_ancillary_mount_white_horse	character_equipment
23854374	3k_main_ceo_initial_data_character_historical_yan_xia_unique_ancillaries	3k_main_ceo_category_ancillary_weapon	0	3k_main_ancillary_weapon_double_edged_sword_common	character_equipment
239100541	ep_ceo_initial_data_character_historical_sima_jiong_ancillaries	3k_main_ceo_category_ancillary_armour	0	ep_ancillary_sima_jiong_armour_unique	character_equipment
239493713	3k_main_ceo_initial_data_character_historical_cheng_yin_ancillaries	3k_main_ceo_category_ancillary_armour	0	3k_main_ancilliary_armour_cheng_yin_armour_unique	character_equipment
239999705	3k_main_ceo_initial_data_character_historical_guo_yuan_ancillaries	3k_main_ceo_category_ancillary_weapon	0	3k_main_ancillary_weapon_two_handed_spear_refined	character_equipment
240050	3k_main_ceo_initial_data_character_historical_zhuge_dan_ironic_fire_ancillaries	3k_main_ceo_category_ancillary_weapon	0	3k_main_ancillary_weapon_two_handed_spear_common	character_equipment
24155994	3k_main_ceo_initial_data_character_historical_huan_zhi_unique_ancillaries	3k_main_ceo_category_ancillary_armour	0	3k_main_ancilliary_armour_huan_zhi_unique_armour_unique	character_equipment
241709333	3k_main_ceo_initial_data_character_historical_huanglong_ancillaries	3k_main_ceo_category_ancillary_mount	0	3k_main_ancillary_mount_red_horse	character_equipment
241950528	3k_dlc04_ceo_initial_data_character_historical_non_deployable_duan_gui_ziyin_ancillaries	3k_main_ceo_category_ancillary_mount	0	3k_main_ancillary_mount_brown_horse	character_equipment
242996	3k_main_ceo_initial_data_character_historical_sun_jing_ancillaries	3k_main_ceo_category_ancillary_mount	0	3k_main_ancillary_mount_brown_horse	character_equipment
244662228	3k_main_ceo_initial_data_character_historical_Guan_Ping_ancillaries	3k_main_ceo_category_ancillary_weapon	0	3k_main_ancillary_weapon_two_handed_spear_common	character_equipment
244861714	3k_main_ceo_initial_data_character_historical_gongsun_kang_ancillaries	3k_main_ceo_category_ancillary_armour	0	3k_main_ancilliary_armour_gongsun_kang_armour_unique	character_equipment
245317135	3k_main_ceo_initial_data_character_historical_liu_yu_ancillaries	3k_main_ceo_category_ancillary_armour	0	3k_main_ancillary_armour_medium_armour_earth_and_metal_common	character_equipment
24652949	3k_main_ceo_initial_data_character_historical_pan_jun_unique_ancillaries	3k_main_ceo_category_ancillary_mount	0	3k_main_ancillary_mount_red_horse	character_equipment
24668173	3k_main_ceo_initial_data_character_historical_cheng_yu_ancillaries	3k_main_ceo_category_ancillary_armour	0	3k_main_ancilliary_armour_cheng_yu_armour_unique	character_equipment
24714420	3k_main_ceo_initial_data_character_historical_yan_rou_ancillaries	3k_main_ceo_category_ancillary_weapon	0	3k_main_ancillary_weapon_two_handed_spear_common	character_equipment
248162307	ep_ceo_initial_data_character_generic_wood_ancillaries_01	3k_main_ceo_category_ancillary_armour	0	ep_ancillary_armour_medium_armour_wood_extraordinary	character_equipment
248550422	3k_main_ceo_initial_data_character_historical_wei_huang_ancillaries	3k_main_ceo_category_ancillary_weapon	0	3k_main_ancillary_weapon_two_handed_spear_common	character_equipment
248656264	3k_main_ceo_initial_data_character_historical_jia_xu_ancillaries	3k_main_ceo_category_ancillary_mount	0	3k_main_ancillary_mount_black_thoroughbred	character_equipment
249029532	3k_main_ceo_initial_data_character_generic_metal_ancillaries_01	3k_main_ceo_category_ancillary_armour	0	3k_main_ancillary_armour_light_armour_earth_metal_and_water_common	character_equipment
24903363	ep_ceo_initial_data_stage_character_historical_shi_chao_ancillaries	3k_main_ceo_category_ancillary_weapon	0	3k_main_ancillary_weapon_double_edged_sword_common	character_equipment
24917522	3k_main_ceo_initial_data_character_historical_huan_lin_unique_ancillaries	3k_main_ceo_category_ancillary_armour	0	3k_main_ancilliary_armour_huan_lin_unique_armour_unique	character_equipment
24988489	3k_main_ceo_initial_data_character_historical_wang_xian_unique_ancillaries	3k_main_ceo_category_ancillary_armour	0	3k_main_ancilliary_armour_wang_xian_unique_armour_unique	character_equipment
25065736	3k_main_ceo_initial_data_character_historical_dong_zhao_unique_ancillaries	3k_main_ceo_category_ancillary_weapon	0	3k_main_ancillary_weapon_single_edged_sword_common	character_equipment
250676279	3k_main_ceo_initial_data_character_historical_han_sui_ancillaries	3k_main_ceo_category_ancillary_mount	0	3k_main_ancillary_mount_brown_horse	character_equipment
250683	3k_main_ceo_initial_data_character_historical_zheng_tai_ancillaries	3k_main_ceo_category_ancillary_armour	0	3k_main_ancilliary_armour_zheng_tai_armour_unique	character_equipment
250743721	3k_main_ceo_initial_data_character_historical_Jia_Kui_ancillaries	3k_main_ceo_category_ancillary_mount	0	3k_main_ancillary_mount_red_horse	character_equipment
25165439	3k_main_ceo_initial_data_character_historical_dong_zhao_unique_ancillaries	3k_main_ceo_category_ancillary_armour	0	3k_main_ancilliary_armour_dong_zhao_unique_armour_unique	character_equipment
251799614	3k_mtu_ceo_initial_data_character_historical_qu_gong_ancillaries	3k_main_ceo_category_ancillary_weapon	0	3k_main_ancillary_weapon_two_handed_spear_common	character_equipment
253168160	3k_main_ceo_initial_data_character_historical_Mohuba_ancillaries	3k_main_ceo_category_ancillary_accessory	0	3k_main_ancillary_weapon_tribal_recurve_bow_exceptional	character_equipment
25330674	3k_main_ceo_initial_data_character_historical_xue_zong_unique_ironic_ancillaries	3k_main_ceo_category_ancillary_armour	0	3k_main_ancilliary_armour_xue_zong_unique_ironic_armour_unique	character_equipment
253832026	3k_main_ceo_initial_data_character_historical_ma_ai_ancillaries	3k_main_ceo_category_ancillary_armour	0	3k_main_ancilliary_armour_ma_ai_armour_unique	character_equipment
254891457	3k_main_ceo_initial_data_character_historical_dian_wei_ancillaries	3k_main_ceo_category_ancillary_armour	0	3k_main_ancillary_armour_dian_weis_armour_unique	character_equipment
25564341	3k_main_ceo_initial_data_character_historical_nangong_zixiao_unique_ancillaries	3k_main_ceo_category_ancillary_mount	0	3k_main_ancillary_mount_brown_horse	character_equipment
256260411	3k_main_ceo_initial_data_character_historical_cao_hong_ancillaries	3k_main_ceo_category_ancillary_armour	0	3k_main_ancillary_armour_cao_hongs_armour_unique	character_equipment
256309094	3k_main_ceo_initial_data_character_historical_liu_mao_ancillaries	3k_main_ceo_category_ancillary_mount	0	3k_main_ancillary_mount_black_horse	character_equipment
256452804	3k_mtu_ceo_initial_data_character_historical_dong_min_ancillaries	3k_main_ceo_category_ancillary_mount	0	3k_main_ancillary_mount_white_horse	character_equipment
25656237	3k_main_ceo_initial_data_character_historical_cai_zan_ancillaries	3k_main_ceo_category_ancillary_weapon	0	3k_main_ancillary_weapon_single_edged_sword_common	character_equipment
25795041	3k_main_ceo_initial_data_character_historical_xi_zhicai_unique_ancillaries	3k_main_ceo_category_ancillary_armour	0	3k_main_ancilliary_armour_xi_zhicai_unique_armour_unique	character_equipment
25836303	3k_main_ceo_initial_data_character_historical_leng_bao_unique_ancillaries	3k_main_ceo_category_ancillary_weapon	0	3k_main_ancillary_weapon_two_handed_spear_common	character_equipment
259019383	3k_main_ceo_initial_data_character_historical_cao_ang_ancillaries	3k_main_ceo_category_ancillary_armour	0	3k_main_ancilliary_armour_cao_ang_armour_unique	character_equipment
25917606	3k_main_ceo_initial_data_character_historical_zou_lin_unique_ancillaries	3k_main_ceo_category_ancillary_mount	0	3k_main_ancillary_mount_black_horse	character_equipment
260356703	3k_main_ceo_initial_data_character_historical_hu_zhen_ancillaries	3k_main_ceo_category_ancillary_armour	0	3k_main_ancilliary_armour_hu_zhen_armour_unique	character_equipment
260527	3k_main_ceo_initial_data_character_historical_sun_he_ancillaries	3k_main_ceo_category_ancillary_armour	0	3k_main_ancilliary_armour_sun_he_armour_unique	character_equipment
26145958	3k_main_ceo_initial_data_character_historical_Xin_Xianying_ancillaries	3k_main_ceo_category_ancillary_weapon	0	3k_main_ancillary_weapon_single_edged_sword_common	character_equipment
262267331	3k_main_ceo_initial_data_character_generic_fire_ancillaries_02	3k_main_ceo_category_ancillary_armour	0	3k_main_ancillary_armour_heavy_armour_wood_and_fire_common	character_equipment
262732964	3k_main_ceo_initial_data_character_historical_lai_gong_ancillaries	3k_main_ceo_category_ancillary_armour	0	3k_main_ancilliary_armour_lai_gong_armour_unique	character_equipment
26290484	3k_main_ceo_initial_data_character_historical_liu_pi_unique_ancillaries	3k_main_ceo_category_ancillary_weapon	0	3k_main_ancillary_weapon_single_edged_sword_common	character_equipment
263040277	3k_dlc06_initial_data_stage_character_ancillaries_historical_nanman_king_wutugu	3k_main_ceo_category_ancillary_armour	0	3k_dlc06_ancillary_armour_nanman_king_wutugu_unique	character_equipment
263257	3k_main_ceo_initial_data_character_historical_xu_zhao_ironic_ancillaries	3k_main_ceo_category_ancillary_weapon	0	3k_main_ancillary_weapon_single_edged_sword_common	character_equipment
264383150	3k_mtu_ceo_initial_data_character_historical_lu_jun_ancillaries	3k_main_ceo_category_ancillary_mount	0	3k_main_ancillary_mount_brown_horse	character_equipment
264818574	3k_main_ceo_initial_data_character_historical_zhang_guang_ancillaries	3k_main_ceo_category_ancillary_mount	0	3k_main_ancillary_mount_brown_horse	character_equipment
265402314	3k_main_ceo_initial_data_character_historical_huang_zhong_ancillaries	3k_main_ceo_category_ancillary_mount	0	3k_main_ancillary_mount_grey_horse	character_equipment
265482625	3k_main_ceo_initial_data_character_historical_congqian_ancillaries	3k_main_ceo_category_ancillary_mount	0	3k_main_ancillary_mount_grey_horse	character_equipment
265714	3k_main_ceo_initial_data_character_historical_wu_jing_ironic_ancillaries	3k_main_ceo_category_ancillary_armour	0	3k_main_ancilliary_armour_wu_jing_ironic_armour_unique	character_equipment
265982730	3k_dlc06_initial_data_stage_character_ancillaries_historical_nanman_tu_an	3k_main_ceo_category_ancillary_armour	0	3k_dlc06_ancillary_armour_nanman_tu_an_unique	character_equipment
266397681	3k_main_ceo_initial_data_character_historical_qubei_ancillaries	3k_main_ceo_category_ancillary_weapon	0	3k_main_ancillary_weapon_double_edged_sword_common	character_equipment
266433547	3k_main_ceo_initial_data_character_historical_zhang_ji_dong_ancillaries	3k_main_ceo_category_ancillary_follower	0	3k_ironic_ancillary_follower_xiliang_commander	character_equipment
267392025	3k_main_ceo_initial_data_character_historical_chogo_ancillaries	3k_main_ceo_category_ancillary_mount	0	3k_main_ancillary_mount_white_horse	character_equipment
267468	3k_main_ceo_initial_data_character_historical_sun_jiao_ancillaries	3k_main_ceo_category_ancillary_armour	0	3k_main_ancilliary_armour_sun_jiao_armour_unique	character_equipment
267610121	3k_main_ceo_initial_data_character_zi_luan_ancillaries_01	3k_main_ceo_category_ancillary_accessory	0	3k_mtu_ancillary_weapon_wind_of_north	character_equipment
267619706	3k_main_ceo_initial_data_character_zi_luan_ancillaries_01	3k_main_ceo_category_ancillary_mount	0	3k_main_ancillary_mount_white_elite	character_equipment
267920	3k_main_ceo_initial_data_character_historical_ling_tong_ironic_ancillaries	3k_main_ceo_category_ancillary_mount	0	3k_main_ancillary_mount_brown_horse	character_equipment
268614673	3k_dlc05_ceo_initial_data_stage_character_historical_cao_xing_ancillaries	3k_main_ceo_category_ancillary_accessory	0	3k_main_ancillary_weapon_composite_bow_refined	character_equipment
268797832	3k_main_ceo_initial_data_character_historical_fu_gan_ancillaries	3k_main_ceo_category_ancillary_mount	0	3k_main_ancillary_mount_black_horse	character_equipment
27070	3k_main_ceo_initial_data_character_historical_liu_xun_zitai_ancillaries	3k_main_ceo_category_ancillary_mount	0	3k_main_ancillary_mount_red_horse	character_equipment
270840072	3k_main_ceo_initial_data_character_generic_metal_ancillaries_01	3k_main_ceo_category_ancillary_weapon	0	3k_main_ancillary_weapon_double_edged_sword_common	character_equipment
27093339	3k_main_ceo_initial_data_character_historical_wang_lei_unique_ancillaries	3k_main_ceo_category_ancillary_weapon	0	3k_main_ancillary_weapon_single_edged_sword_common	character_equipment
27478903	3k_main_ceo_initial_data_character_historical_tong_jie_unique_ancillaries	3k_main_ceo_category_ancillary_armour	0	3k_main_ancilliary_armour_tong_jie_unique_armour_unique	character_equipment
275538724	3k_main_ceo_initial_data_character_historical_zhao_wei_ancillaries	3k_main_ceo_category_ancillary_armour	0	3k_ironic_ancilliary_armour_zhao_wei_armour_unique	character_equipment
275644379	3k_dlc04_ceo_initial_data_character_historical_non_deployable_emperor_xian_ancillaries	3k_main_ceo_category_ancillary_mount	0	3k_main_ancillary_mount_white_elite	character_equipment
275865	3k_main_ceo_initial_data_character_historical_qu_chuntao_ancillaries	3k_main_ceo_category_ancillary_weapon	0	3k_main_ancillary_weapon_single_edged_sword_common	character_equipment
276591	3k_main_ceo_initial_data_character_historical_dang_lianhua_ancillaries	3k_main_ceo_category_ancillary_mount	0	3k_main_ancillary_mount_white_horse	character_equipment
276754684	3k_main_ceo_initial_data_character_historical_xu_shu_ancillaries	3k_main_ceo_category_ancillary_weapon	0	3k_main_ancillary_weapon_double_edged_sword_refined	character_equipment
277085963	3k_main_ceo_initial_data_character_historical_xiahou_dun_ancillaries	3k_main_ceo_category_ancillary_armour	0	3k_main_ancillary_armour_xiahou_duns_armour_unique	character_equipment
278019769	3k_main_ceo_initial_data_character_historical_han_fu_ancillaries	3k_main_ceo_category_ancillary_mount	0	3k_main_ancillary_mount_brown_horse	character_equipment
278298	3k_main_ceo_initial_data_character_historical_jiang_gong_ancillaries	3k_main_ceo_category_ancillary_weapon	0	3k_main_ancillary_weapon_two_handed_spear_common	character_equipment
278824	3k_main_ceo_initial_data_character_historical_sun_yu_ancillaries	3k_main_ceo_category_ancillary_armour	0	3k_main_ancilliary_armour_sun_yu_armour_unique	character_equipment
27895632	3k_main_ceo_initial_data_character_historical_Budugen_ancillaries	3k_main_ceo_category_ancillary_accessory	0	3k_main_ancillary_weapon_tribal_recurve_bow_exceptional	character_equipment
279246	3k_main_ceo_initial_data_character_historical_rong_fang_ironic_ancillaries	3k_main_ceo_category_ancillary_weapon	0	3k_main_ancillary_weapon_single_edged_sword_common	character_equipment
27986758	3k_main_ceo_initial_data_character_historical_nangong_xinyu_unique_ancillaries	3k_main_ceo_category_ancillary_mount	0	3k_main_ancillary_mount_black_horse	character_equipment
280202	3k_main_ceo_initial_data_character_historical_huanglong_luo_ironic_ancillaries	3k_main_ceo_category_ancillary_weapon	0	3k_main_ancillary_weapon_two_handed_spear_common	character_equipment
28051561	3k_main_ceo_initial_data_character_historical_ling_tong_ancillaries	3k_main_ceo_category_ancillary_weapon	0	3k_main_ancillary_weapon_two_handed_spear_common	character_equipment
282332386	3k_main_ceo_initial_data_character_historical_wen_chou_ancillaries	3k_dlc05_ceo_category_ancillary_titles	0	3k_dlc05_ancillary_title_orator	character_equipment
282596475	3k_main_ceo_initial_data_character_historical_cao_hong_ancillaries	3k_main_ceo_category_ancillary_mount	0	3k_main_ancillary_mount_brown_horse	character_equipment
284455530	3k_main_ceo_initial_data_character_historical_du_ji_ancillaries	3k_main_ceo_category_ancillary_armour	0	3k_main_ancilliary_armour_du_ji_armour_unique	character_equipment
284610272	3k_main_ceo_initial_data_character_historical_lady_zhen_ancillaries	3k_main_ceo_category_ancillary_mount	0	3k_main_ancillary_mount_black_horse	character_equipment
287309070	3k_main_ceo_initial_data_character_historical_geng_wu_ancillaries	3k_main_ceo_category_ancillary_mount	0	3k_main_ancillary_mount_white_horse	character_equipment
287473708	3k_main_ceo_initial_data_character_historical_han_tong_ancillaries	3k_main_ceo_category_ancillary_armour	0	3k_main_ancilliary_armour_han_tong_armour_unique	character_equipment
288186657	3k_main_ceo_initial_data_character_generic_earth_ancillaries_01	3k_main_ceo_category_ancillary_armour	0	3k_main_ancillary_armour_light_armour_earth_metal_and_water_common	character_equipment
288471083	3k_dlc04_ceo_initial_data_character_historical_non_deployable_bi_lan_ancillaries	3k_main_ceo_category_ancillary_mount	0	3k_main_ancillary_mount_white_horse	character_equipment
289045437	3k_main_ceo_initial_data_character_historical_Deng_Ai_ancillaries	3k_main_ceo_category_ancillary_weapon	0	3k_main_ancillary_weapon_double_edged_sword_common	character_equipment
289488224	3k_main_ceo_initial_data_character_historical_peng_yang_ancillaries	3k_main_ceo_category_ancillary_armour	0	3k_ironic_ancilliary_armour_peng_yang_armour_unique	character_equipment
290429	3k_main_ceo_initial_data_character_historical_gan_mei_ironic_ancillaries	3k_main_ceo_category_ancillary_weapon	0	3k_main_ancillary_weapon_single_edged_sword_common	character_equipment
290696999	3k_main_ceo_initial_data_character_historical_lady_liu_zhang_ancillaries	3k_main_ceo_category_ancillary_armour	0	3k_ironic_ancilliary_armour_lady_liu_zhang_armour_unique	character_equipment
291398	3k_main_ceo_initial_data_character_historical_pang_degong_ironic_water_ancillaries	3k_main_ceo_category_ancillary_armour	0	3k_main_ancilliary_armour_pang_degong_ironic_water_armour_unique	character_equipment
293631803	3k_main_ceo_initial_data_character_historical_leipan_ancillaries	3k_main_ceo_category_ancillary_accessory	0	3k_main_ancillary_weapon_tribal_recurve_bow_exceptional	character_equipment
294158	3k_main_ceo_initial_data_character_historical_sun_fu_ancillaries	3k_main_ceo_category_ancillary_armour	0	3k_main_ancilliary_armour_sun_fu_armour_unique	character_equipment
29542606	3k_main_ceo_initial_data_character_historical_xue_zong_unique_ironic_ancillaries	3k_main_ceo_category_ancillary_mount	0	3k_main_ancillary_mount_black_horse	character_equipment
295508428	3k_mtu_ceo_initial_data_character_historical_lady_zhang_jinglan_ancillaries	3k_main_ceo_category_ancillary_weapon	0	3k_main_ancillary_weapon_double_edged_sword_common	character_equipment
29553700	3k_main_ceo_initial_data_character_historical_jin_xuan_unique_ancillaries	3k_main_ceo_category_ancillary_mount	0	3k_main_ancillary_mount_white_horse	character_equipment
29601578	3k_mtu_ceo_initial_data_character_historical_guan_xuo_anicillaries	3k_main_ceo_category_ancillary_weapon	0	3k_main_ancillary_weapon_hook_sickle_sabre_common	character_equipment
296572004	3k_main_ceo_initial_data_character_historical_mike_ancillaries	3k_main_ceo_category_ancillary_weapon	0	3k_main_ancillary_weapon_double_edged_sword_common	character_equipment
296676232	3k_main_ceo_initial_data_character_generic_water_ancillaries_02	3k_main_ceo_category_ancillary_mount	0	3k_main_ancillary_mount_black_horse	character_equipment
297105125	3k_main_ceo_initial_data_character_historical_ze_bu_ancillaries	3k_main_ceo_category_ancillary_armour	0	3k_main_ancilliary_armour_ze_bu_armour_unique	character_equipment
297718211	ep_ceo_initial_data_character_generic_wood_ancillaries_02	3k_main_ceo_category_ancillary_mount	0	3k_main_ancillary_mount_brown_horse	character_equipment
298090391	3k_main_ceo_initial_data_character_historical_chen_gong_ancillaries	3k_main_ceo_category_ancillary_mount	0	3k_main_ancillary_mount_black_horse	character_equipment
299408374	3k_dlc04_ceo_initial_data_character_historical_non_deployable_zhang_rang_ancillaries	3k_main_ceo_category_ancillary_weapon	0	3k_main_ancillary_weapon_single_edged_sword_common	character_equipment
29965532	3k_dlc04_ceo_initial_data_character_historical_he_jin_ancillaries	3k_main_ceo_category_ancillary_armour	0	3k_dlc04_ancillary_armour_he_jins_armour_unique	character_equipment
29978603	3k_main_ceo_initial_data_character_historical_liu_xian_unique_ironic_ancillaries	3k_main_ceo_category_ancillary_armour	0	3k_main_ancilliary_armour_liu_xian_unique_ironic_armour_unique	character_equipment
300172842	3k_main_ceo_initial_data_character_historical_han_anyue_ancillaries	3k_main_ceo_category_ancillary_weapon	0	3k_main_ancillary_weapon_one_handed_axe_common	character_equipment
30029695	3k_main_ceo_initial_data_character_historical_zhang_yi_unique_ancillaries	3k_main_ceo_category_ancillary_mount	0	3k_main_ancillary_mount_grey_horse	character_equipment
300388694	3k_main_ceo_initial_data_character_historical_ying_shao_ancillaries	3k_main_ceo_category_ancillary_armour	0	3k_main_ancilliary_armour_ying_shao_armour_unique	character_equipment
300652	3k_main_ceo_initial_data_character_historical_sun_he_ancillaries	3k_main_ceo_category_ancillary_mount	0	3k_main_ancillary_mount_brown_horse	character_equipment
301436782	3k_main_ceo_initial_data_character_historical_huche_er_ancillaries	3k_main_ceo_category_ancillary_weapon	0	3k_main_ancillary_weapon_two_handed_spear_common	character_equipment
302037197	3k_dlc04_ceo_initial_data_character_historical_non_deployable_xia_yun_ancillaries	3k_main_ceo_category_ancillary_mount	0	3k_main_ancillary_mount_black_horse	character_equipment
302589498	ep_ceo_initial_data_character_historical_sima_jiong_ancillaries	3k_main_ceo_category_ancillary_weapon	0	3k_main_ancillary_weapon_dual_axes_exceptional	character_equipment
303254	3k_main_ceo_initial_data_character_historical_zhou_cang_ancillaries	3k_main_ceo_category_ancillary_armour	0	3k_main_ancilliary_armour_zhou_cang_armour_unique	character_equipment
303479942	3k_main_ceo_initial_data_character_historical_zheng_jiang_ancillaries	3k_main_ceo_category_ancillary_armour	0	3k_main_ancillary_armour_zheng_jiangs_armour_unique	character_equipment
30411890	3k_main_ceo_initial_data_character_historical_sheng_dao_unique_ancillaries	3k_main_ceo_category_ancillary_armour	0	3k_main_ancilliary_armour_sheng_dao_unique_armour_unique	character_equipment
30455659	3k_main_ceo_initial_data_character_historical_zhu_gui_ancillaries	3k_main_ceo_category_ancillary_mount	0	3k_main_ancillary_mount_black_horse	character_equipment
304710569	3k_mtu_ceo_initial_data_character_historical_ma_dai_ancillaries	3k_main_ceo_category_ancillary_armour	0	3k_mtu_ancillary_armour_ma_dais_armour_unique	character_equipment
305126456	3k_main_ceo_initial_data_character_historical_ma_dai_ancillaries	3k_main_ceo_category_ancillary_armour	0	3k_main_ancillary_armour_heavy_armour_wood_and_fire_common	character_equipment
306484246	3k_main_ceo_initial_data_character_historical_Hou_Cheng_ancillaries	3k_main_ceo_category_ancillary_armour	0	3k_main_ancilliary_armour_Hou_Cheng_armour_unique	character_equipment
308033	3k_main_ceo_initial_data_character_historical_cai_huizhen_ancillaries	3k_main_ceo_category_ancillary_weapon	0	3k_main_ancillary_weapon_single_edged_sword_common	character_equipment
309079375	3k_main_ceo_initial_data_character_historical_du_ji_ancillaries	3k_main_ceo_category_ancillary_mount	0	3k_main_ancillary_mount_red_horse	character_equipment
309763122	3k_main_ceo_initial_data_character_historical_xiahou_dun_ancillaries	3k_main_ceo_category_ancillary_mount	0	3k_main_ancillary_mount_brown_horse	character_equipment
309881172	3k_main_ceo_initial_data_character_historical_yu_du_ancillaries	3k_main_ceo_category_ancillary_armour	0	3k_main_ancilliary_armour_yu_du_armour_unique	character_equipment
310615815	3k_main_ceo_initial_data_character_historical_gao_shun_ancillaries	3k_main_ceo_category_ancillary_mount	0	3k_main_ancillary_mount_red_horse	character_equipment
311316239	3k_main_ceo_initial_data_character_historical_cao_rui_ancillaries	3k_main_ceo_category_ancillary_armour	0	3k_main_ancilliary_armour_cao_rui_armour_unique	character_equipment
311531294	3k_main_ceo_initial_data_character_historical_wang_lanlan_ancillaries	3k_main_ceo_category_ancillary_armour	0	3k_main_ancilliary_armour_wang_lanlan_armour_unique	character_equipment
312979570	3k_dlc06_initial_data_stage_character_ancillaries_historical_nanman_meng_jie	3k_main_ceo_category_ancillary_armour	0	3k_dlc06_ancillary_armour_nanman_meng_jie_unique	character_equipment
313565289	3k_main_ceo_initial_data_character_historical_gongsun_fan_ancillaries	3k_main_ceo_category_ancillary_weapon	0	3k_main_ancillary_weapon_two_handed_spear_common	character_equipment
313600	3k_main_ceo_initial_data_character_historical_zhou_bo_ironic_ancillaries	3k_main_ceo_category_ancillary_armour	0	3k_main_ancilliary_armour_zhou_bo_ironic_armour_unique	character_equipment
31378028	3k_main_ceo_initial_data_character_historical_huan_zhi_unique_ancillaries	3k_main_ceo_category_ancillary_weapon	0	3k_main_ancillary_weapon_two_handed_spear_common	character_equipment
313951	3k_main_ceo_initial_data_character_historical_bu_lianshi_ancillaries	3k_main_ceo_category_ancillary_weapon	0	3k_main_ancillary_weapon_single_edged_sword_common	character_equipment
314326	3k_main_ceo_initial_data_character_historical_yu_fan_ironic_ancillaries	3k_main_ceo_category_ancillary_armour	0	3k_main_ancilliary_armour_yu_fan_ironic_armour_unique	character_equipment
314503635	3k_main_ceo_initial_data_character_historical_tong_yurui_ancillaries	3k_main_ceo_category_ancillary_armour	0	3k_main_ancilliary_armour_tong_yurui_armour_unique	character_equipment
31497359	3k_main_ceo_initial_data_character_historical_li_shi_unique_ancillaries	3k_main_ceo_category_ancillary_mount	0	3k_main_ancillary_mount_black_horse	character_equipment
3153264	3k_main_ceo_initial_data_character_historical_xiang_chong_unique_ironic_ancillaries	3k_main_ceo_category_ancillary_armour	0	3k_main_ancilliary_armour_xiang_chong_unique_ironic_armour_unique	character_equipment
31606965	3k_main_ceo_initial_data_character_historical_lady_xiahou_ancillaries	3k_main_ceo_category_ancillary_mount	0	3k_main_ancillary_mount_black_horse	character_equipment
316072764	3k_main_ceo_initial_data_character_historical_yuan_xi_ancillaries	3k_main_ceo_category_ancillary_armour	0	3k_main_ancilliary_armour_yuan_xi_armour_unique	character_equipment
316273	3k_main_ceo_initial_data_character_historical_meng_da_ancillaries	3k_main_ceo_category_ancillary_mount	0	3k_main_ancillary_mount_red_horse	character_equipment
316709808	3k_main_ceo_initial_data_character_historical_wei_yan_ancillaries	3k_main_ceo_category_ancillary_mount	0	3k_main_ancillary_mount_red_horse	character_equipment
316830007	3k_main_ceo_initial_data_character_historical_cai_he_ancillaries	3k_main_ceo_category_ancillary_armour	0	3k_main_ancilliary_armour_cai_he_armour_unique	character_equipment
316921	3k_main_ceo_initial_data_character_historical_bu_zhi_ironic_ancillaries	3k_main_ceo_category_ancillary_mount	0	3k_main_ancillary_mount_red_horse	character_equipment
318007	3k_main_ceo_initial_data_character_historical_li_shu_ancillaries	3k_main_ceo_category_ancillary_weapon	0	3k_main_ancillary_weapon_single_edged_sword_common	character_equipment
318126	3k_main_ceo_initial_data_character_historical_sun_kuang_ancillaries	3k_main_ceo_category_ancillary_armour	0	3k_main_ancilliary_armour_sun_kuang_armour_unique	character_equipment
318421820	3k_main_ceo_initial_data_character_historical_jueji_ancillaries	3k_main_ceo_category_ancillary_mount	0	3k_main_ancillary_mount_xianbei_horse	character_equipment
31881632	3k_main_ceo_initial_data_character_historical_yuan_huan_unique_ancillaries	3k_main_ceo_category_ancillary_armour	0	3k_main_ancilliary_armour_yuan_huan_unique_armour_unique	character_equipment
31921130	3k_main_ceo_initial_data_character_historical_hua_ji_unique_ancillaries	3k_main_ceo_category_ancillary_mount	0	3k_main_ancillary_mount_brown_horse	character_equipment
319842968	3k_dlc06_initial_data_stage_character_ancillaries_historical_nanman_king_wutugu	3k_main_ceo_category_ancillary_weapon	0	3k_dlc06_ancillary_weapon_two_handed_axe_king_wutugu_unique	character_equipment
320411359	3k_dlc06_initial_data_stage_character_ancillaries_generic_nanman_metal	3k_main_ceo_category_ancillary_weapon	0	3k_dlc06_ancillary_weapon_machete_common	character_equipment
321148	3k_main_ceo_initial_data_character_historical_zhou_bo_ironic_ancillaries	3k_main_ceo_category_ancillary_weapon	0	3k_main_ancillary_weapon_single_edged_sword_common	character_equipment
321490	3k_main_ceo_initial_data_character_historical_chen_zhen_ancillaries	3k_main_ceo_category_ancillary_weapon	0	3k_main_ancillary_weapon_single_edged_sword_common	character_equipment
321541647	3k_main_ceo_initial_data_character_historical_huang_ang_ancillaries	3k_main_ceo_category_ancillary_mount	0	3k_main_ancillary_mount_brown_horse	character_equipment
321681546	3k_main_ceo_initial_data_character_generic_metal_ancillaries_02	3k_main_ceo_category_ancillary_mount	0	3k_main_ancillary_mount_grey_horse	character_equipment
32225193	3k_main_ceo_initial_data_character_historical_wang_fu_stra_unique_ancillaries	3k_main_ceo_category_ancillary_mount	0	3k_main_ancillary_mount_black_horse	character_equipment
323498203	3k_main_ceo_initial_data_character_historical_zhang_liao_ancillaries	3k_main_ceo_category_ancillary_weapon	0	3k_mtu_ancillary_weapon_juque	character_equipment
324842922	ep_ceo_initial_data_character_historical_sima_wei_ancillaries	3k_main_ceo_category_ancillary_weapon	0	3k_main_ancillary_weapon_two_handed_axe_exceptional	character_equipment
325395279	3k_main_ceo_initial_data_character_historical_chogo_ancillaries	3k_main_ceo_category_ancillary_armour	0	3k_main_ancilliary_armour_chogo_armour_unique	character_equipment
326718	3k_main_ceo_initial_data_character_historical_rong_fang_ironic_ancillaries	3k_main_ceo_category_ancillary_mount	0	3k_main_ancillary_mount_white_horse	character_equipment
326965869	3k_main_ceo_initial_data_character_historical_lou_gui_ancillaries	3k_main_ceo_category_ancillary_mount	0	3k_main_ancillary_mount_red_horse	character_equipment
328362	3k_main_ceo_initial_data_character_historical_teng_ling_ancillaries	3k_main_ceo_category_ancillary_mount	0	3k_main_ancillary_mount_white_horse	character_equipment
328606670	3k_main_ceo_initial_data_character_historical_hua_tuo_ancillaries	3k_main_ceo_category_ancillary_armour	0	3k_main_ancilliary_armour_hua_tuo_armour_unique	character_equipment
328693	3k_main_ceo_initial_data_character_historical_xu_sheng_ironic_ancillaries	3k_main_ceo_category_ancillary_weapon	0	ironic_ancillary_weapon_xu_sheng_dual_jian_unique	character_equipment
329217202	3k_dlc04_ceo_initial_data_character_historical_non_deployable_zhao_zhong_ancillaries	3k_main_ceo_category_ancillary_armour	0	3k_dlc04_ancillary_armour_non_deployable_armour_red_common	character_equipment
329845	3k_main_ceo_initial_data_character_historical_sun_jing_ancillaries	3k_main_ceo_category_ancillary_weapon	0	3k_main_ancillary_weapon_two_handed_spear_common	character_equipment
330256	3k_main_ceo_initial_data_character_historical_gan_mei_ironic_ancillaries	3k_main_ceo_category_ancillary_armour	0	3k_main_ancilliary_armour_gan_mei_ironic_armour_unique	character_equipment
331357479	3k_main_ceo_initial_data_character_historical_sima_yi_ancillaries	3k_main_ceo_category_ancillary_mount	0	3k_main_ancillary_mount_black_horse	character_equipment
333294936	3k_main_ceo_initial_data_character_historical_lady_liu_mengan_ancillaries	3k_main_ceo_category_ancillary_mount	0	3k_main_ancillary_mount_black_horse	character_equipment
333799	3k_main_ceo_initial_data_character_historical_sun_he_ancillaries	3k_main_ceo_category_ancillary_weapon	0	3k_main_ancillary_weapon_two_handed_spear_common	character_equipment
333821264	3k_main_ceo_initial_data_character_historical_Jia_Kui_ancillaries	3k_main_ceo_category_ancillary_weapon	0	3k_main_ancillary_weapon_two_handed_spear_common	character_equipment
333939093	3k_dlc04_ceo_initial_data_character_historical_non_deployable_emperor_ling_ancillaries	3k_main_ceo_category_ancillary_weapon	0	3k_main_ancillary_weapon_ceremonial_sword_exceptional	character_equipment
334243	3k_main_ceo_initial_data_character_historical_ke_ren_ancillaries	3k_main_ceo_category_ancillary_mount	0	3k_main_ancillary_mount_grey_horse	character_equipment
334430	3k_main_ceo_initial_data_character_historical_ling_cao_ironic_ancillaries	3k_main_ceo_category_ancillary_armour	0	3k_main_ancilliary_armour_ling_cao_ironic_armour_unique	character_equipment
334508114	3k_main_ceo_initial_data_character_historical_guo_da_ancillaries	3k_main_ceo_category_ancillary_armour	0	3k_main_ancilliary_armour_guo_da_armour_unique	character_equipment
33468656	3k_main_ceo_initial_data_character_historical_zhu_fu_unique_ancillaries	3k_main_ceo_category_ancillary_weapon	0	3k_main_ancillary_weapon_single_edged_sword_common	character_equipment
335091193	3k_main_ceo_initial_data_character_historical_ma_chao_ancillaries	3k_main_ceo_category_ancillary_armour	0	3k_main_ancillary_armour_ma_chaos_armour_unique	character_equipment
336550285	3k_main_ceo_initial_data_character_historical_Li_Dian_ancillaries	3k_main_ceo_category_ancillary_mount	0	3k_main_ancillary_mount_grey_horse	character_equipment
336946755	3k_mtu_ceo_initial_data_character_historical_lady_cai_yan_ancillaries	3k_main_ceo_category_ancillary_armour	0	3k_mtu_ancillary_armour_lady_cai_yans_armour_unique	character_equipment
33714297	3k_main_ceo_initial_data_character_historical_liu_gui_unique_ancillaries	3k_main_ceo_category_ancillary_mount	0	3k_main_ancillary_mount_brown_horse	character_equipment
337222	3k_main_ceo_initial_data_character_historical_liu_xun_zitai_ancillaries	3k_main_ceo_category_ancillary_weapon	0	3k_main_ancillary_weapon_two_handed_spear_common	character_equipment
33724087	3k_main_ceo_initial_data_character_historical_yuan_yi_unique_ancillaries	3k_main_ceo_category_ancillary_armour	0	3k_main_ancilliary_armour_yuan_yi_unique_armour_unique	character_equipment
33844433	3k_main_ceo_initial_data_character_historical_li_hui_van_unique_ancillaries	3k_main_ceo_category_ancillary_weapon	0	3k_main_ancillary_weapon_two_handed_spear_common	character_equipment
339417273	3k_main_ceo_initial_data_character_historical_gongsun_du_ancillaries	3k_main_ceo_category_ancillary_mount	0	3k_main_ancillary_mount_grey_horse	character_equipment
339521440	3k_main_ceo_initial_data_character_historical_jia_long_ancillaries	3k_main_ceo_category_ancillary_armour	0	3k_main_ancillary_armour_light_armour_earth_metal_and_water_common	character_equipment
340197717	3k_main_ceo_initial_data_character_historical_lady_liu_ancillaries	3k_main_ceo_category_ancillary_armour	0	3k_main_ancilliary_armour_lady_liu_armour_unique	character_equipment
340473495	3k_main_ceo_initial_data_character_historical_wei_huang_ancillaries	3k_main_ceo_category_ancillary_armour	0	3k_main_ancilliary_armour_wei_huang_armour_unique	character_equipment
34072142	3k_main_ceo_initial_data_character_historical_Li_Yan_ancillaries	3k_main_ceo_category_ancillary_weapon	0	3k_main_ancillary_weapon_two_handed_spear_common	character_equipment
342090	3k_main_ceo_initial_data_character_historical_wang_song_ancillaries	3k_main_ceo_category_ancillary_armour	0	3k_main_ancilliary_armour_wang_song_armour_unique	character_equipment
344575520	3k_main_ceo_initial_data_character_historical_pang_tong_ancillaries	3k_main_ceo_category_ancillary_mount	0	3k_main_ancillary_mount_black_horse	character_equipment
3454999	3k_main_ceo_initial_data_character_historical_ling_tong_fix_ancillaries	3k_main_ceo_category_ancillary_weapon	0	ironic_ancillary_weapon_ling_tong_twin_jis_unique	character_equipment
34763469	3k_main_ceo_initial_data_character_historical_shi_fen_unique_ancillaries	3k_main_ceo_category_ancillary_mount	0	3k_main_ancillary_mount_black_horse	character_equipment
348121470	3k_main_ceo_initial_data_character_historical_zhang_yang_ancillaries	3k_main_ceo_category_ancillary_weapon	0	3k_main_ancillary_weapon_two_handed_spear_common	character_equipment
348487	3k_main_ceo_initial_data_character_historical_qu_pan_ancillaries	3k_main_ceo_category_ancillary_mount	0	3k_main_ancillary_mount_white_horse	character_equipment
34878010	3k_mtu_ceo_initial_data_character_historical_lady_dong_li_ancillaries	3k_main_ceo_category_ancillary_weapon	0	3k_main_ancillary_weapon_two_handed_spear_common	character_equipment
34890115	3k_main_ceo_initial_data_character_historical_wang_xiang_unique_ironic_ancillaries	3k_main_ceo_category_ancillary_mount	0	3k_main_ancillary_mount_black_horse	character_equipment
348944053	3k_dlc06_initial_data_stage_character_ancillaries_generic_nanman_metal	3k_main_ceo_category_ancillary_armour	0	3k_dlc06_ancillary_armour_nanman_medium_common	character_equipment
349104134	3k_main_ceo_initial_data_character_generic_metal_ancillaries_02	3k_main_ceo_category_ancillary_weapon	0	3k_main_ancillary_weapon_double_edged_sword_common	character_equipment
35050887	3k_main_ceo_initial_data_character_historical_fei_yi_title_ancillaries	3k_main_ceo_category_ancillary_armour	0	3k_main_ancilliary_armour_fei_yi_title_armour_unique	character_equipment
351021656	3k_mtu_ceo_initial_data_character_historical_jian_yong_ancillaries	3k_main_ceo_category_ancillary_armour	0	3k_mtu_ancillary_armour_jian_yongs_armour_unique	character_equipment
352662871	3k_dlc06_initial_data_stage_character_ancillaries_generic_nanman_water	3k_main_ceo_category_ancillary_mount	0	3k_main_ancillary_mount_black_horse	character_equipment
353099	3k_main_ceo_initial_data_character_historical_sun_shao_sun_ancillaries	3k_main_ceo_category_ancillary_weapon	0	3k_main_ancillary_weapon_two_handed_spear_common	character_equipment
353438	3k_main_ceo_initial_data_character_historical_cai_huizhen_ancillaries	3k_main_ceo_category_ancillary_mount	0	3k_main_ancillary_mount_white_horse	character_equipment
354241628	3k_main_ceo_initial_data_character_historical_sun_shao_ancillaries	3k_main_ceo_category_ancillary_mount	0	3k_main_ancillary_mount_grey_horse	character_equipment
355389219	3k_main_ceo_initial_data_character_historical_su_fei_ancillaries	3k_main_ceo_category_ancillary_mount	0	3k_main_ancillary_mount_red_horse	character_equipment
355487	3k_main_ceo_initial_data_character_historical_ke_ren_ancillaries	3k_main_ceo_category_ancillary_armour	0	3k_main_ancilliary_armour_ke_ren_armour_unique	character_equipment
356814	3k_main_ceo_initial_data_character_historical_sun_yi_ancillaries	3k_main_ceo_category_ancillary_mount	0	3k_main_ancillary_mount_red_horse	character_equipment
357467815	3k_main_ceo_initial_data_character_historical_li_su_ancillaries	3k_main_ceo_category_ancillary_mount	0	3k_main_ancillary_mount_red_horse	character_equipment
357978227	3k_main_ceo_initial_data_character_historical_lu_ju_ancillaries	3k_main_ceo_category_ancillary_armour	0	3k_main_ancilliary_armour_lu_ju_armour_unique	character_equipment
35856858	3k_main_ceo_initial_data_character_historical_ze_yue_ancillaries	3k_main_ceo_category_ancillary_mount	0	3k_main_ancillary_mount_grey_horse	character_equipment
360963958	3k_main_ceo_initial_data_character_historical_gao_lan_ancillaries	3k_main_ceo_category_ancillary_armour	0	3k_main_ancilliary_armour_gao_lan_armour_unique	character_equipment
36168716	3k_main_ceo_initial_data_character_historical_hu_mao_ancillaries	3k_main_ceo_category_ancillary_weapon	0	3k_main_ancillary_weapon_double_edged_sword_common	character_equipment
361835297	3k_main_ceo_initial_data_character_historical_liu_pingming_ancillaries	3k_main_ceo_category_ancillary_armour	0	3k_main_ancilliary_armour_liu_pingming_armour_unique	character_equipment
362628915	3k_main_ceo_initial_data_character_historical_sun_qian_ancillaries	3k_main_ceo_category_ancillary_weapon	0	3k_main_ancillary_weapon_single_edged_sword_common	character_equipment
36269428	3k_main_ceo_initial_data_character_historical_zhu_fu_unique_ancillaries	3k_main_ceo_category_ancillary_armour	0	3k_main_ancilliary_armour_zhu_fu_unique_armour_unique	character_equipment
36314430	3k_main_ceo_initial_data_character_historical_nangong_xinyu_unique_ancillaries	3k_main_ceo_category_ancillary_armour	0	3k_main_ancilliary_armour_nangong_xinyu_unique_armour_unique	character_equipment
363265152	3k_main_ceo_initial_data_character_historical_wang_feng_ancillaries	3k_main_ceo_category_ancillary_mount	0	3k_main_ancillary_mount_black_horse	character_equipment
36411727	3k_main_ceo_initial_data_character_historical_song_jian_ancillaries	3k_main_ceo_category_ancillary_armour	0	3k_main_ancilliary_armour_song_jian_armour_unique	character_equipment
365070081	3k_main_ceo_initial_data_character_historical_ma_xiu_ancillaries	3k_main_ceo_category_ancillary_armour	0	3k_ironic_ancilliary_armour_ma_xiu_armour_unique	character_equipment
36527923	3k_main_ceo_initial_data_character_historical_gongsun_xu_ancillaries	3k_main_ceo_category_ancillary_weapon	0	3k_main_ancillary_weapon_double_edged_sword_common	character_equipment
365380719	3k_main_ceo_initial_data_character_historical_zhang_fei_ancillaries	3k_main_ceo_category_ancillary_mount	0	3k_main_ancillary_mount_red_horse	character_equipment
365652743	3k_main_ceo_initial_data_character_historical_cao_pi_ancillaries	3k_main_ceo_category_ancillary_mount	0	3k_main_ancillary_mount_black_stallion	character_equipment
365900	3k_main_ceo_initial_data_character_historical_qu_pan_ancillaries	3k_main_ceo_category_ancillary_weapon	0	3k_main_ancillary_weapon_single_edged_sword_common	character_equipment
367253	3k_main_ceo_initial_data_character_historical_lu_dai_ancillaries	3k_main_ceo_category_ancillary_armour	0	3k_main_ancilliary_armour_lu_dai_armour_unique	character_equipment
368059009	3k_dlc05_ceo_initial_data_character_historical_mi_fang_ancillaries	3k_main_ceo_category_ancillary_armour	0	ep_ancillary_armour_medium_armour_metal_extraordinary	character_equipment
368429705	3k_main_ceo_initial_data_character_historical_lu_gong_ancillaries	3k_main_ceo_category_ancillary_weapon	0	3k_main_ancillary_weapon_two_handed_spear_common	character_equipment
368620977	3k_main_ceo_initial_data_character_historical_lady_gan_ancillaries	3k_main_ceo_category_ancillary_armour	0	3k_main_ancilliary_armour_lady_gan_armour_unique	character_equipment
368763021	3k_main_ceo_initial_data_character_historical_ze_bu_ancillaries	3k_main_ceo_category_ancillary_mount	0	3k_main_ancillary_mount_brown_horse	character_equipment
369335300	3k_main_ceo_initial_data_character_historical_liu_bei_ancillaries	3k_main_ceo_category_ancillary_weapon	0	3k_main_ancillary_weapon_shuang_gu_jian_faction	character_equipment
369596778	3k_main_ceo_initial_data_character_historical_jueji_ancillaries	3k_main_ceo_category_ancillary_weapon	0	3k_main_ancillary_weapon_double_edged_sword_common	character_equipment
369806783	3k_main_ceo_initial_data_character_historical_fan_chou_ancillaries	3k_main_ceo_category_ancillary_weapon	0	3k_main_ancillary_weapon_two_handed_spear_common	character_equipment
372355562	3k_main_ceo_initial_data_character_historical_xianyu_fu_ancillaries	3k_main_ceo_category_ancillary_armour	0	3k_main_ancilliary_armour_xianyu_fu_armour_unique	character_equipment
374183	3k_main_ceo_initial_data_character_historical_liu_ai_ancillaries	3k_main_ceo_category_ancillary_weapon	0	3k_main_ancillary_weapon_double_edged_sword_common	character_equipment
37474606	3k_main_ceo_initial_data_character_historical_wu_chen_unique_ancillaries	3k_main_ceo_category_ancillary_mount	0	3k_main_ancillary_mount_brown_horse	character_equipment
374765983	3k_main_ceo_initial_data_character_historical_huang_quan_ancillaries	3k_main_ceo_category_ancillary_weapon	0	3k_main_ancillary_weapon_two_handed_spear_common	character_equipment
37558220	3k_main_ceo_initial_data_character_historical_chen_wu_unique_ancillaries	3k_main_ceo_category_ancillary_mount	0	3k_main_ancillary_mount_grey_horse	character_equipment
376384168	3k_dlc04_ceo_initial_data_character_historical_non_deployable_guo_sheng_ancillaries	3k_main_ceo_category_ancillary_mount	0	3k_main_ancillary_mount_brown_horse	character_equipment
376536252	3k_main_ceo_initial_data_character_historical_cao_biao_ancillaries	3k_main_ceo_category_ancillary_mount	0	3k_main_ancillary_mount_white_horse	character_equipment
37790128	3k_main_ceo_initial_data_character_historical_cheng_pu_ancillaries	3k_main_ceo_category_ancillary_armour	0	3k_dlc05_ancilliary_armour_cheng_pu_armour_unique	character_equipment
378921115	3k_dlc06_initial_data_stage_character_ancillaries_historical_nanman_king_duosi	3k_main_ceo_category_ancillary_weapon	0	3k_dlc06_ancillary_weapon_mixed_flint_common	character_equipment
379119159	3k_main_ceo_initial_data_character_historical_wu_yi_ancillaries	3k_main_ceo_category_ancillary_armour	0	3k_ironic_ancilliary_armour_wu_yi_armour_unique	character_equipment
380388	3k_main_ceo_initial_data_character_historical_sun_hao_ancillaries	3k_main_ceo_category_ancillary_weapon	0	3k_main_ancillary_weapon_single_edged_sword_common	character_equipment
382489514	3k_main_ceo_initial_data_character_historical_gogukcheon_ancillaries	3k_main_ceo_category_ancillary_weapon	0	3k_main_ancillary_weapon_two_handed_spear_common	character_equipment
38339791	3k_main_ceo_initial_data_character_historical_shi_zin_unique_ancillaries	3k_main_ceo_category_ancillary_armour	0	3k_main_ancilliary_armour_shi_zin_unique_armour_unique	character_equipment
383879537	3k_main_ceo_initial_data_character_historical_lu_xun_ancillaries	3k_main_ceo_category_ancillary_mount	0	3k_main_ancillary_mount_black_horse	character_equipment
384221891	3k_main_ceo_initial_data_character_historical_mi_zhu_ancillaries	3k_main_ceo_category_ancillary_mount	0	3k_main_ancillary_mount_black_horse	character_equipment
384888	3k_main_ceo_initial_data_character_historical_sun_yu_ancillaries	3k_main_ceo_category_ancillary_weapon	0	3k_main_ancillary_weapon_double_edged_sword_common	character_equipment
385273	3k_main_ceo_initial_data_character_historical_cai_huizhen_ancillaries	3k_main_ceo_category_ancillary_armour	0	3k_main_ancilliary_armour_cai_huizhen_armour_unique	character_equipment
385665257	3k_main_ceo_initial_data_character_historical_chen_su_ancillaries	3k_main_ceo_category_ancillary_armour	0	3k_main_ancilliary_armour_chen_su_armour_unique	character_equipment
385989046	3k_main_ceo_initial_data_character_historical_qiang_duan_ancillaries	3k_main_ceo_category_ancillary_armour	0	3k_main_ancilliary_armour_qiang_duan_armour_unique	character_equipment
38615349	3k_main_ceo_initial_data_character_historical_yan_lan_unique_ancillaries	3k_main_ceo_category_ancillary_weapon	0	3k_main_ancillary_weapon_single_edged_sword_common	character_equipment
38698078	3k_mtu_ceo_initial_data_character_historical_yan_xiang_ancillaries	3k_main_ceo_category_ancillary_armour	0	3k_mtu_ancillary_armour_yan_xiangs_armour_unique	character_equipment
388070	3k_main_ceo_initial_data_character_historical_sun_jiao_ancillaries	3k_main_ceo_category_ancillary_mount	0	3k_main_ancillary_mount_white_horse	character_equipment
388189527	3k_main_ceo_initial_data_character_historical_yang_ren_ancillaries	3k_main_ceo_category_ancillary_armour	0	3k_ironic_ancilliary_armour_yang_ren_armour_unique	character_equipment
38853730	3k_main_ceo_initial_data_character_historical_han_ji_unique_ironic_ancillaries	3k_main_ceo_category_ancillary_armour	0	3k_main_ancilliary_armour_han_ji_unique_ironic_armour_unique	character_equipment
388652	3k_main_ceo_initial_data_character_historical_gu_yong_ironic_ancillaries	3k_main_ceo_category_ancillary_armour	0	3k_main_ancilliary_armour_gu_yong_ironic_armour_unique	character_equipment
390222561	3k_main_ceo_initial_data_character_historical_Guo_Huai_ancillaries	3k_main_ceo_category_ancillary_weapon	0	3k_main_ancillary_weapon_single_edged_sword_common	character_equipment
390424	3k_main_ceo_initial_data_character_historical_kuang_gan_ironic_ancillaries	3k_main_ceo_category_ancillary_weapon	0	3k_main_ancillary_weapon_single_edged_sword_common	character_equipment
390608076	3k_main_ceo_initial_data_character_historical_zhang_miao_ancillaries	3k_main_ceo_category_ancillary_weapon	0	3k_main_ancillary_weapon_single_edged_sword_common	character_equipment
390938	3k_main_ceo_initial_data_character_historical_qian_zhao_ironic_ancillaries	3k_main_ceo_category_ancillary_mount	0	3k_main_ancillary_mount_red_horse	character_equipment
39141470	3k_main_ceo_initial_data_character_historical_dong_he_unique_ironic_ancillaries	3k_main_ceo_category_ancillary_mount	0	3k_main_ancillary_mount_black_horse	character_equipment
391481993	3k_main_ceo_initial_data_character_historical_cao_cao_ancillaries	3k_main_ceo_category_ancillary_armour	0	3k_main_ancillary_armour_cao_caos_armour_unique	character_equipment
391601717	3k_main_ceo_initial_data_character_historical_yufuluo_ancillaries	3k_main_ceo_category_ancillary_accessory	0	3k_main_ancillary_weapon_tribal_recurve_bow_exceptional	character_equipment
39183396	3k_main_ceo_initial_data_character_historical_wang_fu_unique_ancillaries	3k_main_ceo_category_ancillary_armour	0	3k_main_ancilliary_armour_wang_fu_unique_armour_unique	character_equipment
392036274	3k_main_ceo_initial_data_character_historical_huang_gai_ancillaries	3k_main_ceo_category_ancillary_armour	0	3k_cp01_ancillary_armour_huang_gais_armour_unique	character_equipment
392275718	3k_mtu_ceo_initial_data_character_historical_lady_xiao_qiao_ancillaries	3k_main_ceo_category_ancillary_armour	0	3k_mtu_ancillary_armour_lady_xiao_qiaos_armour_unique	character_equipment
39336706	3k_main_ceo_initial_data_character_historical_shi_xin_unique_ancillaries	3k_main_ceo_category_ancillary_armour	0	3k_main_ancilliary_armour_shi_xin_unique_armour_unique	character_equipment
393542718	ep_ceo_initial_data_character_historical_sima_wei_ancillaries	3k_main_ceo_category_ancillary_armour	0	ep_ancillary_sima_wei_armour_unique	character_equipment
393797806	3k_main_ceo_initial_data_character_historical_kuai_yue_ancillaries	3k_main_ceo_category_ancillary_weapon	0	3k_main_ancillary_weapon_single_edged_sword_common	character_equipment
39385037	3k_main_ceo_initial_data_character_historical_shi_hui_unique_ancillaries	3k_main_ceo_category_ancillary_weapon	0	3k_main_ancillary_weapon_single_edged_sword_common	character_equipment
394205929	3k_main_ceo_initial_data_character_historical_ma_tie_ancillaries	3k_main_ceo_category_ancillary_weapon	0	3k_main_ancillary_weapon_two_handed_spear_common	character_equipment
396328926	3k_main_ceo_initial_data_character_historical_nanlou_ancillaries	3k_main_ceo_category_ancillary_mount	0	3k_main_ancillary_mount_wuhuan_horse	character_equipment
396837588	3k_main_ceo_initial_data_character_historical_qiulijiu_ancillaries	3k_main_ceo_category_ancillary_weapon	0	3k_main_ancillary_weapon_two_handed_spear_common	character_equipment
39688142	3k_ytr_ceo_initial_data_character_historical_he_man_ancillaries	3k_main_ceo_category_ancillary_armour	0	3k_ytr_ancillary_armour_he_mans_armour_unique	character_equipment
397500772	3k_main_ceo_initial_data_character_historical_lu_shang_ancillaries	3k_main_ceo_category_ancillary_armour	0	3k_main_ancilliary_armour_lu_shang_armour_unique	character_equipment
398346	3k_main_ceo_initial_data_character_historical_han_xuan_ironic_ancillaries	3k_main_ceo_category_ancillary_mount	0	3k_main_ancillary_mount_white_horse	character_equipment
398470908	3k_main_ceo_initial_data_character_historical_kong_rong_ancillaries	3k_main_ceo_category_ancillary_mount	0	3k_main_ancillary_mount_black_horse	character_equipment
39859318	3k_main_ceo_initial_data_character_historical_lu_kang_ancillaries	3k_main_ceo_category_ancillary_armour	0	3k_main_ancilliary_armour_lu_kang_armour_unique	character_equipment
398922	3k_main_ceo_initial_data_character_historical_wei_gu_ironic_ancillaries	3k_main_ceo_category_ancillary_weapon	0	3k_main_ancillary_weapon_two_handed_spear_common	character_equipment
399040643	3k_main_ceo_initial_data_character_historical_zong_cheng_ancillaries	3k_main_ceo_category_ancillary_weapon	0	3k_main_ancillary_weapon_single_edged_sword_common	character_equipment
399487355	3k_main_ceo_initial_data_character_historical_huchuquan_ancillaries	3k_main_ceo_category_ancillary_armour	0	3k_main_ancilliary_armour_huchuquan_armour_unique	character_equipment
400283	3k_main_ceo_initial_data_character_historical_fan_yufeng_ancillaries	3k_main_ceo_category_ancillary_weapon	0	3k_main_ancillary_weapon_single_edged_sword_common	character_equipment
40069758	3k_main_ceo_initial_data_character_historical_shi_kuang_unique_ancillaries	3k_main_ceo_category_ancillary_mount	0	3k_main_ancillary_mount_red_horse	character_equipment
402676057	3k_main_ceo_initial_data_character_historical_Budugen_ancillaries	3k_main_ceo_category_ancillary_mount	0	3k_main_ancillary_mount_xianbei_horse	character_equipment
402929824	3k_mtu_ceo_initial_data_character_historical_hua_xin_ancillaries	3k_main_ceo_category_ancillary_armour	0	3k_mtu_ancillary_armour_hua_xins_armour_unique	character_equipment
403827135	3k_main_ceo_initial_data_character_historical_huang_wan_ancillaries	3k_main_ceo_category_ancillary_armour	0	3k_main_ancilliary_armour_huang_wan_armour_unique	character_equipment
404736	3k_main_ceo_initial_data_character_historical_bian_rang_ironic_ancillaries	3k_main_ceo_category_ancillary_weapon	0	3k_main_ancillary_weapon_single_edged_sword_common	character_equipment
4049481	3k_main_ceo_initial_data_character_historical_tadun_ancillaries	3k_main_ceo_category_ancillary_mount	0	3k_main_ancillary_mount_wuhuan_horse	character_equipment
405597472	3k_main_ceo_initial_data_character_historical_cao_zhi_ancillaries	3k_main_ceo_category_ancillary_armour	0	3k_main_ancilliary_armour_cao_zhi_armour_unique	character_equipment
405728650	3k_main_ceo_initial_data_character_historical_chenggong_ying_ancillaries	3k_main_ceo_category_ancillary_mount	0	3k_main_ancillary_mount_red_horse	character_equipment
405784056	3k_main_ceo_initial_data_character_historical_cai_mao_ancillaries	3k_main_ceo_category_ancillary_weapon	0	3k_main_ancillary_weapon_two_handed_spear_common	character_equipment
40697136	3k_main_ceo_initial_data_character_historical_wang_shi_unique_ancillaries	3k_main_ceo_category_ancillary_mount	0	3k_main_ancillary_mount_red_horse	character_equipment
407068	3k_main_ceo_initial_data_character_historical_sun_hao_ancillaries	3k_main_ceo_category_ancillary_armour	0	3k_main_ancilliary_armour_sun_hao_armour_unique	character_equipment
408547040	3k_mtu_ceo_initial_data_character_historical_qu_gong_ancillaries	3k_main_ceo_category_ancillary_mount	0	3k_main_ancillary_mount_brown_horse	character_equipment
408623647	3k_main_ceo_initial_data_character_historical_yang_song_ancillaries	3k_main_ceo_category_ancillary_weapon	0	3k_main_ancillary_weapon_single_edged_sword_common	character_equipment
408955326	3k_main_ceo_initial_data_character_historical_yalu_ancillaries	3k_main_ceo_category_ancillary_weapon	0	3k_main_ancillary_weapon_two_handed_spear_common	character_equipment
408964041	3k_main_ceo_initial_data_character_historical_Suli_ancillaries	3k_main_ceo_category_ancillary_weapon	0	3k_main_ancillary_weapon_double_edged_sword_common	character_equipment
409137405	3k_main_ceo_initial_data_character_historical_chen_yu_ancillaries	3k_main_ceo_category_ancillary_weapon	0	3k_main_ancillary_weapon_single_edged_sword_common	character_equipment
409520950	3k_mtu_ceo_initial_data_character_historical_lady_bian_huilan_ancillaries	3k_main_ceo_category_ancillary_weapon	0	3k_main_ancillary_weapon_double_edged_sword_common	character_equipment
410618747	3k_mtu_ceo_initial_data_character_historical_lu_jun_ancillaries	3k_main_ceo_category_ancillary_armour	0	3k_mtu_ancillary_armour_lu_juns_armour_unique	character_equipment
410639	3k_main_ceo_initial_data_character_historical_hou_yin_ancillaries	3k_main_ceo_category_ancillary_mount	0	3k_main_ancillary_mount_grey_horse	character_equipment
410859904	3k_main_ceo_initial_data_character_historical_Jia_Chong_ancillaries	3k_main_ceo_category_ancillary_armour	0	3k_main_ancilliary_armour_Jia_Chong_armour_unique	character_equipment
411154739	3k_main_ceo_initial_data_character_historical_kuai_liang_ancillaries	3k_main_ceo_category_ancillary_armour	0	3k_main_ancilliary_armour_kuai_liang_armour_unique	character_equipment
411874208	3k_ytr_ceo_initial_data_stage_character_traits_historical_he_man	3k_main_ceo_category_ancillary_accessory	0	3k_main_ancillary_weapon_composite_bow_refined	character_equipment
412675428	3k_main_ceo_initial_data_character_historical_cai_mao_ancillaries	3k_main_ceo_category_ancillary_armour	0	3k_main_ancilliary_armour_cai_mao_armour_unique	character_equipment
41269725	3k_main_ceo_initial_data_character_historical_zhang_song_unique_ancillaries	3k_main_ceo_category_ancillary_mount	0	3k_main_ancillary_mount_black_horse	character_equipment
412711799	3k_main_ceo_initial_data_character_historical_liu_bao_ancillaries	3k_main_ceo_category_ancillary_weapon	0	3k_main_ancillary_weapon_double_edged_sword_common	character_equipment
41427428	3k_main_ceo_initial_data_character_historical_liu_xun_ancillaries	3k_main_ceo_category_ancillary_armour	0	3k_ironic_ancilliary_armour_liu_xun_armour_unique	character_equipment
414540403	3k_main_ceo_initial_data_character_historical_Chenglugui_ancillaries	3k_main_ceo_category_ancillary_armour	0	3k_main_ancilliary_armour_Chenglugui_armour_unique	character_equipment
41495970	3k_main_ceo_initial_data_character_historical_gao_pei_unique_ancillaries	3k_main_ceo_category_ancillary_armour	0	3k_main_ancilliary_armour_gao_pei_unique_armour_unique	character_equipment
41509167	3k_main_ceo_initial_data_character_historical_lai_xun_unique_ancillaries	3k_main_ceo_category_ancillary_weapon	0	3k_main_ancillary_weapon_single_edged_sword_common	character_equipment
416642311	3k_main_ceo_initial_data_character_historical_Fulohan_ancillaries	3k_main_ceo_category_ancillary_mount	0	3k_main_ancillary_mount_xianbei_horse	character_equipment
416652198	3k_main_ceo_initial_data_character_historical_xu_chu_ancillaries	3k_main_ceo_category_ancillary_weapon	0	3k_main_ancillary_weapon_giant_mace_unique	character_equipment
41738870	3k_main_ceo_initial_data_character_historical_shi_wei_unique_ancillaries	3k_main_ceo_category_ancillary_weapon	0	3k_main_ancillary_weapon_double_edged_sword_common	character_equipment
417690191	3k_main_ceo_initial_data_character_historical_ying_shao_ancillaries	3k_main_ceo_category_ancillary_mount	0	3k_main_ancillary_mount_red_horse	character_equipment
417779579	3k_main_ceo_initial_data_character_historical_congqian_ancillaries	3k_main_ceo_category_ancillary_armour	0	3k_main_ancilliary_armour_congqian_armour_unique	character_equipment
418886852	3k_main_ceo_initial_data_character_historical_cao_ren_ancillaries	3k_main_ceo_category_ancillary_accessory	0	3k_dlc07_ancillary_weapon_honour_manifested	character_equipment
418901	3k_main_ceo_initial_data_character_historical_xu_gong_ironic_ancillaries	3k_main_ceo_category_ancillary_weapon	0	3k_main_ancillary_weapon_two_handed_spear_common	character_equipment
41893572	3k_main_ceo_initial_data_character_historical_zou_lin_unique_ancillaries	3k_main_ceo_category_ancillary_armour	0	3k_main_ancilliary_armour_zou_lin_unique_armour_unique	character_equipment
418949	3k_main_ceo_initial_data_character_historical_xu_shao_ironic_ancillaries	3k_main_ceo_category_ancillary_mount	0	3k_main_ancillary_mount_white_horse	character_equipment
419476532	3k_mtu_ceo_initial_data_character_historical_chen_jiu_ancillaries	3k_main_ceo_category_ancillary_mount	0	3k_mtu_ancillary_mount_white_horse_unique	character_equipment
419583	3k_main_ceo_initial_data_character_historical_zhuge_jin_ironic_ancillaries	3k_main_ceo_category_ancillary_armour	0	3k_main_ancilliary_armour_zhuge_jin_ironic_armour_unique	character_equipment
419661851	3k_mtu_ceo_initial_data_character_historical_dong_min_ancillaries	3k_main_ceo_category_ancillary_armour	0	3k_mtu_ancillary_armour_dong_mins_armour_unique	character_equipment
42031834	3k_main_ceo_initial_data_character_historical_cao_qinghe_unique_ancillaries	3k_main_ceo_category_ancillary_mount	0	3k_main_ancillary_mount_grey_horse	character_equipment
421059588	3k_main_ceo_initial_data_character_historical_wang_xiu_ancillaries	3k_main_ceo_category_ancillary_weapon	0	3k_main_ancillary_weapon_single_edged_sword_common	character_equipment
421305019	3k_main_ceo_initial_data_character_historical_zhang_liao_ancillaries	3k_main_ceo_category_ancillary_armour	0	3k_main_ancillary_armour_zhang_liaos_armour_unique	character_equipment
421548581	3k_main_ceo_initial_data_character_historical_hou_xuan_ancillaries	3k_main_ceo_category_ancillary_weapon	0	3k_main_ancillary_weapon_hook_sicle_sabre_refined	character_equipment
423015	3k_main_ceo_initial_data_character_historical_sun_jing_ancillaries	3k_main_ceo_category_ancillary_armour	0	3k_main_ancilliary_armour_sun_jing_armour_unique	character_equipment
424129065	3k_ytr_ceo_initial_data_character_historical_zhang_kai_ancillaries	3k_main_ceo_category_ancillary_armour	0	3k_ytr_ancillary_armour_zhang_kais_armour_unique	character_equipment
42548566	3k_dlc05_ceo_initial_data_character_historical_ji_ling_ancillaries	3k_main_ceo_category_ancillary_weapon	0	3k_ironic_ancillary_weapon_two_handed_trident_unique	character_equipment
426253858	3k_mtu_ceo_initial_data_character_historical_gao_shun_ancillaries	3k_main_ceo_category_ancillary_weapon	0	3k_main_ancillary_weapon_double_edged_sword_exceptional	character_equipment
426588151	3k_main_ceo_initial_data_character_historical_xin_ping_ancillaries	3k_main_ceo_category_ancillary_mount	0	3k_main_ancillary_mount_brown_horse	character_equipment
427233207	3k_main_ceo_initial_data_character_historical_mei_cheng_ancillaries	3k_main_ceo_category_ancillary_armour	0	3k_main_ancilliary_armour_mei_cheng_armour_unique	character_equipment
427543195	3k_main_ceo_initial_data_character_historical_Liu_Shan_ancillaries	3k_main_ceo_category_ancillary_armour	0	3k_main_ancilliary_armour_Liu_Shan_armour_unique	character_equipment
427902	3k_main_ceo_initial_data_character_historical_shi_huan_ancillaries	3k_main_ceo_category_ancillary_weapon	0	3k_main_ancillary_weapon_two_handed_spear_common	character_equipment
42844044	3k_main_ceo_initial_data_character_historical_linghu_na_unique_ancillaries	3k_main_ceo_category_ancillary_mount	0	3k_main_ancillary_mount_white_horse	character_equipment
428580049	3k_main_ceo_initial_data_character_historical_huang_ang_ancillaries	3k_main_ceo_category_ancillary_armour	0	3k_main_ancilliary_armour_huang_ang_armour_unique	character_equipment
428589999	3k_main_ceo_initial_data_character_historical_xu_jing_ancillaries	3k_main_ceo_category_ancillary_weapon	0	3k_main_ancillary_weapon_single_edged_sword_common	character_equipment
428908057	3k_main_ceo_initial_data_character_historical_zhang_yan_ancillaries	3k_main_ceo_category_ancillary_armour	0	3k_main_ancillary_armour_zhang_yans_armour_unique	character_equipment
429148357	3k_main_ceo_initial_data_character_historical_lady_yang_ancillaries	3k_main_ceo_category_ancillary_weapon	0	3k_main_ancillary_weapon_double_edged_sword_common	character_equipment
42950226	3k_main_ceo_initial_data_character_historical_shi_yi_unique_ancillaries	3k_main_ceo_category_ancillary_weapon	0	3k_main_ancillary_weapon_double_edged_sword_common	character_equipment
430103	3k_main_ceo_initial_data_character_historical_wang_sheng_ancillaries	3k_main_ceo_category_ancillary_mount	0	3k_main_ancillary_mount_white_horse	character_equipment
430252051	3k_mtu_ceo_initial_data_character_historical_lady_shi_anicillaries	3k_main_ceo_category_ancillary_weapon	0	3k_main_ancillary_weapon_ceremonial_sword_refined	character_equipment
430614243	3k_main_ceo_initial_data_character_historical_jiang_wei_ancillaries	3k_main_ceo_category_ancillary_weapon	0	3k_main_ancillary_weapon_two_handed_spear_common	character_equipment
431345323	3k_main_ceo_initial_data_character_historical_dian_wei_ancillaries	3k_main_ceo_category_ancillary_mount	0	3k_main_ancillary_mount_brown_horse	character_equipment
431629429	3k_dlc05_ceo_initial_data_stage_character_historical_cao_xing_ancillaries	3k_main_ceo_category_ancillary_mount	0	3k_main_ancillary_mount_brown_horse	character_equipment
432807	3k_main_ceo_initial_data_character_historical_zu_cui_ancillaries	3k_main_ceo_category_ancillary_weapon	0	3k_main_ancillary_weapon_single_edged_sword_common	character_equipment
433728745	3k_main_ceo_initial_data_character_historical_wangdong_ancillaries	3k_main_ceo_category_ancillary_mount	0	3k_main_ancillary_mount_wuhuan_horse	character_equipment
433998968	ep_ceo_initial_data_stage_character_historical_zhang_fang_ancillaries	3k_main_ceo_category_ancillary_weapon	0	3k_main_ancillary_weapon_halberd_common	character_equipment
43418661	3k_main_ceo_initial_data_character_historical_chen_wu_unique_ancillaries	3k_main_ceo_category_ancillary_armour	0	3k_main_ancilliary_armour_chen_wu_unique_armour_unique	character_equipment
4345818	3k_main_ceo_initial_data_character_historical_yan_lan_unique_ancillaries	3k_main_ceo_category_ancillary_mount	0	3k_main_ancillary_mount_black_horse	character_equipment
43506076	3k_main_ceo_initial_data_character_historical_linghu_na_unique_ancillaries	3k_main_ceo_category_ancillary_armour	0	3k_main_ancilliary_armour_linghu_na_unique_armour_unique	character_equipment
435148	3k_main_ceo_initial_data_character_historical_zhu_zhi_ancillaries	3k_main_ceo_category_ancillary_armour	0	3k_main_ancilliary_armour_zhu_zhi_armour_unique	character_equipment
435276204	ep_ceo_initial_data_character_generic_wood_ancillaries_01	3k_main_ceo_category_ancillary_mount	0	3k_main_ancillary_mount_brown_horse	character_equipment
435888	3k_main_ceo_initial_data_character_historical_pan_lin_ancillaries	3k_main_ceo_category_ancillary_weapon	0	3k_main_ancillary_weapon_single_edged_sword_common	character_equipment
435977	3k_main_ceo_initial_data_character_historical_zhu_ling_ironic_ancillaries	3k_main_ceo_category_ancillary_mount	0	3k_main_ancillary_mount_brown_horse	character_equipment
43624914	3k_main_ceo_initial_data_character_historical_shi_zin_unique_ancillaries	3k_main_ceo_category_ancillary_weapon	0	3k_main_ancillary_weapon_single_edged_sword_common	character_equipment
437888386	3k_main_ceo_initial_data_character_historical_xu_you_ancillaries	3k_main_ceo_category_ancillary_armour	0	3k_main_ancilliary_armour_xu_you_armour_unique	character_equipment
43839535	3k_main_ceo_initial_data_character_historical_shi_fen_unique_ancillaries	3k_main_ceo_category_ancillary_armour	0	3k_main_ancilliary_armour_shi_fen_unique_armour_unique	character_equipment
43843461	3k_main_ceo_initial_data_character_historical_shi_wei_unique_ancillaries	3k_main_ceo_category_ancillary_armour	0	3k_main_ancilliary_armour_shi_wei_unique_armour_unique	character_equipment
438605392	3k_main_ceo_initial_data_character_historical_chen_heng_ancillaries	3k_main_ceo_category_ancillary_weapon	0	3k_main_ancillary_weapon_double_edged_sword_common	character_equipment
438867685	3k_main_ceo_initial_data_character_historical_lei_xu_ancillaries	3k_main_ceo_category_ancillary_armour	0	3k_main_ancilliary_armour_lei_xu_armour_unique	character_equipment
43923789	3k_main_ceo_initial_data_character_historical_xing_daorong_unique_ironic_ancillaries	3k_main_ceo_category_ancillary_weapon	0	3k_main_ancillary_weapon_two_handed_spear_common	character_equipment
439635	3k_main_ceo_initial_data_character_historical_zhu_ran_ancillaries	3k_main_ceo_category_ancillary_mount	0	3k_main_ancillary_mount_red_horse	character_equipment
439811425	3k_ytr_ceo_initial_data_character_historical_huang_shao_ancillaries	3k_main_ceo_category_ancillary_weapon	0	3k_main_ancillary_weapon_dual_swords_refined	character_equipment
440160	3k_main_ceo_initial_data_character_historical_sun_ben_ancillaries	3k_main_ceo_category_ancillary_mount	0	3k_main_ancillary_mount_red_horse	character_equipment
44021433	3k_main_ceo_initial_data_character_historical_liu_xun_ancillaries	3k_main_ceo_category_ancillary_armour	0	3k_main_ancilliary_armour_liu_xun_armour_unique	character_equipment
440244407	3k_main_ceo_initial_data_character_historical_qubei_ancillaries	3k_main_ceo_category_ancillary_armour	0	3k_main_ancilliary_armour_qubei_armour_unique	character_equipment
441728	3k_main_ceo_initial_data_character_historical_jiang_qin_ancillaries	3k_main_ceo_category_ancillary_armour	0	3k_main_ancilliary_armour_jiang_qin_armour_unique	character_equipment
442415049	3k_main_ceo_initial_data_character_historical_lady_gan_ancillaries	3k_main_ceo_category_ancillary_mount	0	3k_main_ancillary_mount_black_horse	character_equipment
443672425	3k_main_ceo_initial_data_character_historical_guo_tu_ancillaries	3k_main_ceo_category_ancillary_weapon	0	3k_main_ancillary_weapon_single_edged_sword_common	character_equipment
444301	3k_main_ceo_initial_data_character_historical_wang_ping_ancillaries	3k_main_ceo_category_ancillary_armour	0	3k_main_ancilliary_armour_wang_ping_armour_unique	character_equipment
444553379	3k_main_ceo_initial_data_character_historical_han_chong_ancillaries	3k_main_ceo_category_ancillary_armour	0	3k_main_ancilliary_armour_han_chong_armour_unique	character_equipment
445242581	3k_main_ceo_initial_data_character_historical_pang_yu_ancillaries	3k_main_ceo_category_ancillary_armour	0	3k_main_ancilliary_armour_pang_yu_armour_unique	character_equipment
44788048	3k_main_ceo_initial_data_character_historical_beolhyu_ancillaries	3k_main_ceo_category_ancillary_armour	0	3k_main_ancilliary_armour_beolhyu_armour_unique	character_equipment
44808167	3k_main_ceo_initial_data_character_historical_wang_lei_unique_ancillaries	3k_main_ceo_category_ancillary_mount	0	3k_main_ancillary_mount_black_horse	character_equipment
448985323	3k_main_ceo_initial_data_character_historical_ji_ben_ancillaries	3k_main_ceo_category_ancillary_mount	0	3k_main_ancillary_mount_brown_horse	character_equipment
45054250	3k_main_ceo_initial_data_character_historical_tuoba_jiefan_ancillaries	3k_main_ceo_category_ancillary_armour	0	3k_main_ancilliary_armour_tuoba_jiefan_armour_unique	character_equipment
45071800	3k_main_ceo_initial_data_character_historical_wang_fu_unique_ancillaries	3k_main_ceo_category_ancillary_mount	0	3k_main_ancillary_mount_white_horse	character_equipment
45081495	3k_main_ceo_initial_data_character_historical_liu_he_pirate_unique_ancillaries	3k_main_ceo_category_ancillary_weapon	0	3k_main_ancillary_weapon_single_edged_sword_common	character_equipment
451135074	3k_main_ceo_initial_data_character_historical_lady_huang_xie_ancillaries	3k_main_ceo_category_ancillary_armour	0	3k_main_ancilliary_armour_lady_huang_xie_armour_unique	character_equipment
451173421	3k_main_ceo_initial_data_character_historical_cao_zhi_ancillaries	3k_main_ceo_category_ancillary_weapon	0	3k_main_ancillary_weapon_single_edged_sword_common	character_equipment
45126493	3k_main_ceo_initial_data_character_historical_liu_xian_unique_ironic_ancillaries	3k_main_ceo_category_ancillary_mount	0	3k_main_ancillary_mount_red_horse	character_equipment
452304	3k_main_ceo_initial_data_character_historical_wang_sheng_ancillaries	3k_main_ceo_category_ancillary_weapon	0	3k_main_ancillary_weapon_single_edged_sword_common	character_equipment
452888298	3k_main_ceo_initial_data_character_historical_Liu_Shan_ancillaries	3k_main_ceo_category_ancillary_mount	0	3k_main_ancillary_mount_white_horse	character_equipment
453297338	3k_main_ceo_initial_data_character_historical_hao_meng_ancillaries	3k_main_ceo_category_ancillary_mount	0	3k_main_ancillary_mount_red_horse	character_equipment
454316	3k_main_ceo_initial_data_character_historical_dong_xi_ironic_ancillaries	3k_main_ceo_category_ancillary_weapon	0	3k_main_ancillary_weapon_two_handed_spear_common	character_equipment
454951050	3k_main_ceo_initial_data_character_historical_chen_gong_ancillaries	3k_main_ceo_category_ancillary_weapon	0	3k_main_ancillary_weapon_single_edged_sword_common	character_equipment
457414442	3k_main_ceo_initial_data_character_historical_chen_ji_ancillaries	3k_main_ceo_category_ancillary_armour	0	3k_main_ancilliary_armour_chen_ji_armour_unique	character_equipment
457706	3k_main_ceo_initial_data_character_historical_zu_lang_ancillaries	3k_main_ceo_category_ancillary_armour	0	3k_main_ancilliary_armour_zu_lang_armour_unique	character_equipment
458605973	3k_main_ceo_initial_data_character_historical_Xiahou_Ba_ancillaries	3k_main_ceo_category_ancillary_armour	0	3k_main_ancilliary_armour_Xiahou_Ba_armour_unique	character_equipment
460556773	3k_mtu_ceo_initial_data_character_historical_yan_xiang_ancillaries	3k_main_ceo_category_ancillary_mount	0	3k_main_ancillary_mount_black_horse	character_equipment
46059907	3k_main_ceo_initial_data_character_historical_xiang_chong_unique_ironic_ancillaries	3k_main_ceo_category_ancillary_weapon	0	3k_main_ancillary_weapon_two_handed_spear_common	character_equipment
461661120	3k_main_ceo_initial_data_character_historical_ju_shou_ancillaries	3k_main_ceo_category_ancillary_mount	0	3k_main_ancillary_mount_black_horse	character_equipment
463072560	3k_main_ceo_initial_data_character_historical_huang_wan_ancillaries	3k_main_ceo_category_ancillary_mount	0	3k_main_ancillary_mount_black_horse	character_equipment
46380332	3k_main_ceo_initial_data_character_historical_Chen_Dao_ancillaries	3k_main_ceo_category_ancillary_armour	0	3k_main_ancilliary_armour_Chen_Dao_armour_unique	character_equipment
464352524	3k_main_ceo_initial_data_character_historical_chen_ying_z_ancillaries	3k_main_ceo_category_ancillary_armour	0	3k_main_ancilliary_armour_chen_ying_z_armour_unique	character_equipment
465249667	3k_dlc06_initial_data_stage_character_ancillaries_generic_nanman_wood	3k_main_ceo_category_ancillary_weapon	0	3k_dlc06_ancillary_weapon_axe_stone_common	character_equipment
465692	3k_main_ceo_initial_data_character_historical_pan_lin_ancillaries	3k_main_ceo_category_ancillary_mount	0	3k_main_ancillary_mount_black_horse	character_equipment
465951684	3k_dlc04_ceo_initial_data_character_historical_non_deployable_guo_sheng_ancillaries	3k_main_ceo_category_ancillary_armour	0	3k_dlc04_ancillary_armour_non_deployable_armour_yellow_common	character_equipment
466696939	3k_main_ceo_initial_data_character_historical_yue_jin_ancillaries	3k_main_ceo_category_ancillary_armour	0	3k_main_ancillary_armour_yue_jins_armour_unique	character_equipment
468730264	3k_main_ceo_initial_data_character_historical_xu_shu_ancillaries	3k_main_ceo_category_ancillary_mount	0	3k_main_ancillary_mount_black_horse	character_equipment
468743	3k_main_ceo_initial_data_character_historical_tong_zhi_ancillaries	3k_main_ceo_category_ancillary_mount	0	3k_main_ancillary_mount_black_horse	character_equipment
468767119	3k_main_ceo_initial_data_character_historical_zhuge_xuan_ancillaries	3k_main_ceo_category_ancillary_armour	0	3k_main_ancilliary_armour_zhuge_xuan_armour_unique	character_equipment
469173359	3k_main_ceo_initial_data_character_historical_gongsun_gong_ancillaries	3k_main_ceo_category_ancillary_mount	0	3k_main_ancillary_mount_white_horse	character_equipment
469445	3k_main_ceo_initial_data_character_historical_qian_zhao_ironic_ancillaries	3k_main_ceo_category_ancillary_weapon	0	3k_main_ancillary_weapon_two_handed_spear_common	character_equipment
47083438	3k_main_ceo_initial_data_character_historical_zhuge_jin_ancillaries	3k_main_ceo_category_ancillary_weapon	0	3k_main_ancillary_weapon_single_edged_sword_common	character_equipment
471421	3k_main_ceo_initial_data_character_historical_zhou_cang_ancillaries	3k_main_ceo_category_ancillary_weapon	0	3k_main_ancillary_weapon_two_handed_spear_common	character_equipment
472073275	3k_main_ceo_initial_data_character_historical_yang_ren_ancillaries	3k_main_ceo_category_ancillary_mount	0	3k_main_ancillary_mount_red_horse	character_equipment
473117	3k_main_ceo_initial_data_character_historical_dong_xi_ironic_ancillaries	3k_main_ceo_category_ancillary_armour	0	3k_main_ancilliary_armour_dong_xi_ironic_armour_unique	character_equipment
473459	3k_main_ceo_initial_data_character_historical_pang_degong_ironic_water_ancillaries	3k_main_ceo_category_ancillary_weapon	0	3k_main_ancillary_weapon_single_edged_sword_common	character_equipment
473640686	3k_main_ceo_initial_data_character_historical_guan_chun_ancillaries	3k_main_ceo_category_ancillary_weapon	0	3k_main_ancillary_weapon_single_edged_sword_common	character_equipment
473840885	3k_main_ceo_initial_data_character_historical_lady_huang_xie_ancillaries	3k_main_ceo_category_ancillary_weapon	0	3k_main_ancillary_weapon_double_edged_sword_common	character_equipment
47474	3k_main_ceo_initial_data_character_historical_wang_su_ironic_ancillaries	3k_main_ceo_category_ancillary_weapon	0	3k_main_ancillary_weapon_single_edged_sword_common	character_equipment
477032060	3k_mtu_ceo_initial_data_character_historical_lady_bian_huilan_ancillaries	3k_main_ceo_category_ancillary_armour	0	3k_mtu_ancillary_armour_lady_bian_huilans_armour_unique	character_equipment
478649768	3k_main_ceo_initial_data_character_historical_cao_biao_ancillaries	3k_main_ceo_category_ancillary_weapon	0	3k_main_ancillary_weapon_single_edged_sword_common	character_equipment
479014	3k_main_ceo_initial_data_character_historical_zheng_tai_ancillaries	3k_main_ceo_category_ancillary_mount	0	3k_main_ancillary_mount_black_horse	character_equipment
479233757	3k_main_ceo_initial_data_character_historical_liang_xing_ancillaries	3k_main_ceo_category_ancillary_mount	0	3k_main_ancillary_mount_grey_horse	character_equipment
479856535	3k_main_ceo_initial_data_character_historical_ma_ai_ancillaries	3k_main_ceo_category_ancillary_weapon	0	3k_main_ancillary_weapon_two_handed_spear_common	character_equipment
48017569	3k_main_ceo_initial_data_character_historical_yuan_yi_unique_ancillaries	3k_main_ceo_category_ancillary_mount	0	3k_main_ancillary_mount_black_horse	character_equipment
480433783	3k_main_ceo_initial_data_character_historical_su_fei_ancillaries	3k_main_ceo_category_ancillary_armour	0	3k_main_ancilliary_armour_su_fei_armour_unique	character_equipment
481340103	3k_main_ceo_initial_data_character_historical_yufuluo_ancillaries	3k_main_ceo_category_ancillary_weapon	0	3k_main_ancillary_weapon_single_edged_sword_common	character_equipment
481797550	3k_main_ceo_initial_data_character_historical_huo_nu_ancillaries	3k_main_ceo_category_ancillary_weapon	0	3k_main_ancillary_weapon_two_handed_spear_common	character_equipment
482041715	3k_main_ceo_initial_data_character_historical_cao_xi_ancillaries	3k_main_ceo_category_ancillary_weapon	0	3k_main_ancillary_weapon_two_handed_spear_exceptional	character_equipment
482079	3k_main_ceo_initial_data_character_historical_zhu_lian_ironic_ancillaries	3k_main_ceo_category_ancillary_weapon	0	3k_main_ancillary_weapon_double_edged_sword_common	character_equipment
483248848	3k_main_ceo_initial_data_character_historical_lu_bu_ancillaries	3k_main_ceo_category_ancillary_mount	0	3k_main_ancillary_mount_red_hare	character_equipment
48346100	3k_main_ceo_initial_data_character_historical_wang_fu_stra_unique_ancillaries	3k_main_ceo_category_ancillary_armour	0	3k_main_ancilliary_armour_wang_fu_stra_unique_armour_unique	character_equipment
483523779	3k_main_ceo_initial_data_character_historical_yalu_ancillaries	3k_main_ceo_category_ancillary_accessory	0	3k_main_ancillary_weapon_tribal_recurve_bow_exceptional	character_equipment
484981757	3k_dlc04_ceo_initial_data_character_historical_luo_jun_ancillaries	3k_main_ceo_category_ancillary_weapon	0	3k_main_ancillary_weapon_halberd_exceptional	character_equipment
486542157	3k_main_ceo_initial_data_character_historical_tadun_ancillaries	3k_main_ceo_category_ancillary_weapon	0	3k_main_ancillary_weapon_two_handed_spear_common	character_equipment
48769492	3k_main_ceo_initial_data_character_historical_li_tong_ancillaries	3k_main_ceo_category_ancillary_armour	0	3k_main_ancilliary_armour_li_tong_armour_unique	character_equipment
488957223	3k_main_ceo_initial_data_character_historical_zheng_jiang_ancillaries	3k_main_ceo_category_ancillary_weapon	0	3k_main_ancillary_weapon_axes_of_the_bandit_queen_faction	character_equipment
489378203	3k_dlc04_ceo_initial_data_character_historical_non_deployable_li_song_ancillaries	3k_main_ceo_category_ancillary_weapon	0	3k_main_ancillary_weapon_single_edged_sword_common	character_equipment
490811250	3k_main_ceo_initial_data_character_historical_liu_ye_ancillaries	3k_main_ceo_category_ancillary_mount	0	3k_main_ancillary_mount_black_horse	character_equipment
491461271	3k_main_ceo_initial_data_character_historical_cui_jun_ancillaries	3k_main_ceo_category_ancillary_weapon	0	3k_main_ancillary_weapon_double_edged_sword_common	character_equipment
49170068	3k_main_ceo_initial_data_character_historical_leng_bao_unique_ancillaries	3k_main_ceo_category_ancillary_armour	0	3k_main_ancilliary_armour_leng_bao_unique_armour_unique	character_equipment
492508	3k_main_ceo_initial_data_character_historical_ke_wu_ancillaries	3k_main_ceo_category_ancillary_weapon	0	3k_main_ancillary_weapon_two_handed_spear_common	character_equipment
492862	3k_main_ceo_initial_data_character_historical_lu_qian_ancillaries	3k_main_ceo_category_ancillary_mount	0	3k_main_ancillary_mount_grey_horse	character_equipment
493179229	3k_main_ceo_initial_data_character_historical_xun_yu_ancillaries	3k_main_ceo_category_ancillary_weapon	0	3k_main_ancillary_weapon_single_edged_sword_common	character_equipment
493399354	3k_main_ceo_initial_data_character_historical_lu_su_ancillaries	3k_main_ceo_category_ancillary_weapon	0	3k_main_ancillary_weapon_single_edged_sword_common	character_equipment
493789371	3k_main_ceo_initial_data_character_historical_qu_yi_ancillaries	3k_main_ceo_category_ancillary_mount	0	3k_main_ancillary_mount_white_horse	character_equipment
49608606	3k_main_ceo_initial_data_character_historical_dong_zhao_unique_ancillaries	3k_main_ceo_category_ancillary_mount	0	3k_main_ancillary_mount_black_horse	character_equipment
496806	3k_main_ceo_initial_data_character_historical_jiang_gong_ancillaries	3k_main_ceo_category_ancillary_mount	0	3k_main_ancillary_mount_brown_horse	character_equipment
49710013	3k_main_ceo_initial_data_character_historical_wang_lei_unique_ancillaries	3k_main_ceo_category_ancillary_armour	0	3k_main_ancilliary_armour_wang_lei_unique_armour_unique	character_equipment
498410	3k_main_ceo_initial_data_character_historical_zheng_mao_ancillaries	3k_main_ceo_category_ancillary_weapon	0	3k_main_ancillary_weapon_single_edged_sword_common	character_equipment
498493427	3k_main_ceo_initial_data_character_historical_lei_tong_ancillaries	3k_main_ceo_category_ancillary_mount	0	3k_main_ancillary_mount_red_horse	character_equipment
498549005	3k_mtu_ceo_initial_data_character_historical_lady_dong_bai_ancillaries	3k_main_ceo_category_ancillary_weapon	0	3k_main_ancillary_weapon_single_edged_sword_common	character_equipment
49871921	3k_main_ceo_initial_data_character_historical_gao_pei_unique_ancillaries	3k_main_ceo_category_ancillary_mount	0	3k_main_ancillary_mount_red_horse	character_equipment
499248	3k_main_ceo_initial_data_character_historical_pan_shun_ancillaries	3k_main_ceo_category_ancillary_mount	0	3k_main_ancillary_mount_brown_horse	character_equipment
499498	3k_main_ceo_initial_data_character_historical_dang_lianhua_ancillaries	3k_main_ceo_category_ancillary_weapon	0	3k_main_ancillary_weapon_single_edged_sword_common	character_equipment
50084346	3k_main_ceo_initial_data_character_historical_shi_hui_unique_ancillaries	3k_main_ceo_category_ancillary_mount	0	3k_main_ancillary_mount_white_horse	character_equipment
50108608	3k_main_ceo_initial_data_character_historical_cao_anmin_unique_ancillaries	3k_main_ceo_category_ancillary_armour	0	3k_main_ancilliary_armour_cao_anmin_unique_armour_unique	character_equipment
501941875	3k_main_ceo_initial_data_character_historical_li_su_ancillaries	3k_main_ceo_category_ancillary_armour	0	3k_main_ancilliary_armour_li_su_armour_unique	character_equipment
502154	3k_main_ceo_initial_data_character_historical_ke_ren_ancillaries	3k_main_ceo_category_ancillary_weapon	0	3k_main_ancillary_weapon_double_edged_sword_common	character_equipment
503064	3k_main_ceo_initial_data_character_historical_xu_zhao_ironic_ancillaries	3k_main_ceo_category_ancillary_armour	0	3k_main_ancilliary_armour_xu_zhao_ironic_armour_unique	character_equipment
505345637	3k_dlc06_initial_data_stage_character_ancillaries_historical_nanman_dailaidongzhu	3k_main_ceo_category_ancillary_armour	0	3k_dlc06_ancillary_armour_nanman_dailaidongzhu_unique	character_equipment
50835750	3k_main_ceo_initial_data_character_historical_zhang_ni_unique_ancillaries	3k_main_ceo_category_ancillary_armour	0	3k_main_ancilliary_armour_zhang_ni_unique_armour_unique	character_equipment
50843429	3k_main_ceo_initial_data_character_historical_fei_zhan_unique_ancillaries	3k_main_ceo_category_ancillary_armour	0	3k_main_ancilliary_armour_fei_zhan_unique_armour_unique	character_equipment
51000672	3k_main_ceo_initial_data_character_historical_fu_rong_unique_ironic_ancillaries	3k_main_ceo_category_ancillary_weapon	0	3k_main_ancillary_weapon_two_handed_spear_common	character_equipment
510372	3k_main_ceo_initial_data_character_historical_liu_ba_unique_ironic_ancillaries	3k_main_ceo_category_ancillary_mount	0	3k_main_ancillary_mount_black_horse	character_equipment
510817	3k_main_ceo_initial_data_character_historical_qu_pan_ancillaries	3k_main_ceo_category_ancillary_armour	0	3k_main_ancilliary_armour_qu_pan_armour_unique	character_equipment
511109469	3k_dlc06_initial_data_stage_character_ancillaries_historical_nanman_king_duosi	3k_main_ceo_category_ancillary_armour	0	3k_dlc06_ancillary_armour_nanman_king_duosi_unique	character_equipment
511794671	3k_main_ceo_initial_data_character_historical_pang_ji`_ancillaries	3k_main_ceo_category_ancillary_armour	0	3k_main_ancilliary_armour_pang_ji`_armour_unique	character_equipment
512452917	3k_main_ceo_initial_data_character_historical_Kuitou_ancillaries	3k_main_ceo_category_ancillary_weapon	0	3k_main_ancillary_weapon_double_edged_sword_common	character_equipment
512725877	3k_main_ceo_initial_data_character_historical_li_li_ancillaries	3k_main_ceo_category_ancillary_mount	0	3k_main_ancillary_mount_red_horse	character_equipment
513718562	3k_main_ceo_initial_data_character_generic_fire_ancillaries_02	3k_main_ceo_category_ancillary_mount	0	3k_main_ancillary_mount_red_horse	character_equipment
514395081	3k_main_ceo_initial_data_character_historical_zhang_yan_ancillaries	3k_main_ceo_category_ancillary_mount	0	3k_main_ancillary_mount_brown_horse	character_equipment
515326767	3k_mtu_ceo_initial_data_character_historical_lady_gao_zhulan_ancillaries	3k_main_ceo_category_ancillary_weapon	0	3k_main_ancillary_weapon_double_edged_sword_common	character_equipment
516526716	3k_main_ceo_initial_data_character_historical_gan_ning_ancillaries	3k_main_ceo_category_ancillary_armour	0	3k_main_ancillary_armour_gan_nings_armour_unique	character_equipment
517218	3k_main_ceo_initial_data_character_historical_cai_yang_ancillaries	3k_main_ceo_category_ancillary_armour	0	3k_main_ancilliary_armour_cai_yang_armour_unique	character_equipment
517964942	3k_main_ceo_initial_data_character_historical_syiyan_ancillaries	3k_main_ceo_category_ancillary_weapon	0	3k_main_ancillary_weapon_double_edged_sword_common	character_equipment
518886	3k_main_ceo_initial_data_character_historical_meng_da_ancillaries	3k_main_ceo_category_ancillary_weapon	0	3k_main_ancillary_weapon_two_handed_spear_common	character_equipment
520534	3k_main_ceo_initial_data_character_historical_wu_huan_ytr_ancillaries	3k_main_ceo_category_ancillary_armour	0	3k_main_ancilliary_armour_wu_huan_ytr_armour_unique	character_equipment
52217	3k_main_ceo_initial_data_character_historical_sun_shi_ironic_ancillaries	3k_main_ceo_category_ancillary_weapon	0	3k_main_ancillary_weapon_single_edged_sword_common	character_equipment
522327196	3k_main_ceo_initial_data_character_historical_yue_jin_ancillaries	3k_main_ceo_category_ancillary_accessory	0	3k_main_ancillary_weapon_yue_jin_bow_unique	character_equipment
523011	3k_main_ceo_initial_data_character_historical_zu_lang_ancillaries	3k_main_ceo_category_ancillary_mount	0	3k_main_ancillary_mount_brown_horse	character_equipment
523700	3k_main_ceo_initial_data_character_historical_ouhou_cai_ancillaries	3k_main_ceo_category_ancillary_weapon	0	3k_main_ancillary_weapon_double_edged_sword_common	character_equipment
52376841	3k_main_ceo_initial_data_character_historical_fei_zhan_unique_ancillaries	3k_main_ceo_category_ancillary_mount	0	3k_main_ancillary_mount_red_horse	character_equipment
5246022	3k_main_ceo_initial_data_character_historical_huang_hua_ancillaries	3k_main_ceo_category_ancillary_mount	0	3k_main_ancillary_mount_white_horse	character_equipment
52562454	3k_main_ceo_initial_data_character_historical_Pan_Feng_ancillaries	3k_main_ceo_category_ancillary_mount	0	3k_main_ancillary_mount_red_horse	character_equipment
525994925	3k_main_ceo_initial_data_character_historical_Bao_Sanniang_ancillaries	3k_main_ceo_category_ancillary_weapon	0	3k_main_ancillary_weapon_two_handed_spear_common	character_equipment
528144241	3k_main_ceo_initial_data_character_historical_lady_zhang_xiangyang_ancillaries	3k_main_ceo_category_ancillary_armour	0	3k_main_ancilliary_armour_lady_zhang_xiangyang_armour_unique	character_equipment
528374686	3k_main_ceo_initial_data_character_historical_Sima_Shi_ancillaries	3k_main_ceo_category_ancillary_mount	0	3k_main_ancillary_mount_white_horse	character_equipment
528424	3k_main_ceo_initial_data_character_historical_sun_deng_ancillaries	3k_main_ceo_category_ancillary_weapon	0	3k_main_ancillary_weapon_single_edged_sword_common	character_equipment
528904008	3k_dlc05_ceo_initial_data_character_historical_ji_ling_ancillaries	3k_main_ceo_category_ancillary_armour	0	3k_dlc05_ancilliary_armour_ji_ling_armour_unique	character_equipment
529760870	3k_main_ceo_initial_data_character_historical_Jia_Chong_ancillaries	3k_main_ceo_category_ancillary_weapon	0	3k_main_ancillary_weapon_single_edged_sword_common	character_equipment
529904533	3k_main_ceo_initial_data_character_historical_wang_lang_ancillaries	3k_main_ceo_category_ancillary_armour	0	3k_dlc05_ancilliary_armour_wang_lang_armour_unique	character_equipment
530346	3k_main_ceo_initial_data_character_historical_bian_rang_ironic_ancillaries	3k_main_ceo_category_ancillary_armour	0	3k_main_ancilliary_armour_bian_rang_ironic_armour_unique	character_equipment
530497298	3k_main_ceo_initial_data_character_historical_wang_lanlan_ancillaries	3k_main_ceo_category_ancillary_mount	0	3k_main_ancillary_mount_black_horse	character_equipment
53121375	3k_main_ceo_initial_data_character_historical_han_chong_ancillaries	3k_main_ceo_category_ancillary_mount	0	3k_main_ancillary_mount_brown_horse	character_equipment
531910	3k_main_ceo_initial_data_character_historical_jiang_gan_ancillaries	3k_main_ceo_category_ancillary_armour	0	3k_main_ancilliary_armour_jiang_gan_armour_unique	character_equipment
532175797	3k_mtu_ceo_initial_data_character_historical_liu_shan_anicillaries	3k_main_ceo_category_ancillary_armour	0	3k_mtu_ancillary_armour_liu_shans_armour_unique	character_equipment
532687380	3k_main_ceo_initial_data_character_historical_zhou_ang_ancillaries	3k_main_ceo_category_ancillary_armour	0	3k_main_ancilliary_armour_zhou_ang_armour_unique	character_equipment
532940045	3k_main_ceo_initial_data_character_historical_su_ze_ancillaries	3k_main_ceo_category_ancillary_armour	0	3k_main_ancilliary_armour_su_ze_armour_unique	character_equipment
532962992	3k_main_ceo_initial_data_character_historical_zhang_ying_ancillaries	3k_main_ceo_category_ancillary_mount	0	3k_main_ancillary_mount_brown_horse	character_equipment
533057441	3k_main_ceo_initial_data_character_historical_lady_liu_huimin_ancillaries	3k_main_ceo_category_ancillary_armour	0	3k_main_ancilliary_armour_lady_liu_huimin_armour_unique	character_equipment
5340114	3k_main_ceo_initial_data_character_historical_liu_he_pirate_unique_ancillaries	3k_main_ceo_category_ancillary_armour	0	3k_main_ancilliary_armour_liu_he_pirate_unique_armour_unique	character_equipment
535286	3k_main_ceo_initial_data_character_historical_hou_yin_ancillaries	3k_main_ceo_category_ancillary_weapon	0	3k_main_ancillary_weapon_double_edged_sword_common	character_equipment
535628882	3k_main_ceo_initial_data_character_historical_dong_li_ancillaries	3k_main_ceo_category_ancillary_mount	0	3k_main_ancillary_mount_grey_horse	character_equipment
53569952	3k_main_ceo_initial_data_character_historical_huang_yueying_ancillaries	3k_main_ceo_category_ancillary_weapon	0	3k_main_ancillary_weapon_double_edged_sword_common	character_equipment
53574	3k_main_ceo_initial_data_character_historical_he_qi_ironic_ancillaries	3k_main_ceo_category_ancillary_mount	0	3k_main_ancillary_mount_red_horse	character_equipment
536971676	3k_main_ceo_initial_data_character_historical_liu_ye_ancillaries	3k_main_ceo_category_ancillary_armour	0	3k_main_ancilliary_armour_liu_ye_armour_unique	character_equipment
538253333	3k_main_ceo_initial_data_character_historical_xiao_qiao_ancillaries	3k_main_ceo_category_ancillary_armour	0	3k_dlc05_ancilliary_armour_xiao_qiao_armour_unique	character_equipment
53907866	3k_main_ceo_initial_data_character_historical_shi_xin_unique_ancillaries	3k_main_ceo_category_ancillary_mount	0	3k_main_ancillary_mount_brown_horse	character_equipment
53929964	3k_main_ceo_initial_data_character_historical_nangong_zixiao_unique_ancillaries	3k_main_ceo_category_ancillary_weapon	0	3k_main_ancillary_weapon_two_handed_spear_common	character_equipment
54013046	3k_main_ceo_initial_data_character_historical_yan_xia_unique_ancillaries	3k_main_ceo_category_ancillary_mount	0	3k_main_ancillary_mount_grey_horse	character_equipment
540295318	3k_ytr_ceo_initial_data_character_generic_wood_ancillaries	3k_main_ceo_category_ancillary_armour	0	3k_ytr_ancillary_armour_veteran_medium_yellow_turban_common	character_equipment
54142025	3k_main_ceo_initial_data_character_historical_huan_lin_unique_ancillaries	3k_main_ceo_category_ancillary_weapon	0	3k_main_ancillary_weapon_double_edged_sword_common	character_equipment
541818507	3k_main_ceo_initial_data_character_historical_jue_jiejie_ancillaries	3k_main_ceo_category_ancillary_armour	0	3k_main_ancilliary_armour_jue_jiejie_armour_unique	character_equipment
541936	3k_main_ceo_initial_data_character_historical_lu_fan_ironic_ancillaries	3k_main_ceo_category_ancillary_mount	0	3k_main_ancillary_mount_black_horse	character_equipment
542768	3k_main_ceo_initial_data_character_historical_wen_qin_ironic_ancillaries	3k_main_ceo_category_ancillary_armour	0	3k_main_ancilliary_armour_wen_qin_ironic_armour_unique	character_equipment
542795	3k_main_ceo_initial_data_character_historical_tong_zhi_ancillaries	3k_main_ceo_category_ancillary_weapon	0	3k_main_ancillary_weapon_single_edged_sword_common	character_equipment
542954	3k_main_ceo_initial_data_character_historical_zhu_ran_ancillaries	3k_main_ceo_category_ancillary_armour	0	3k_main_ancilliary_armour_zhu_ran_armour_unique	character_equipment
54456227	3k_main_ceo_initial_data_character_historical_wei_kang_ancillaries	3k_main_ceo_category_ancillary_mount	0	3k_main_ancillary_mount_white_horse	character_equipment
546761241	3k_main_ceo_initial_data_character_historical_qu_yi_ancillaries	3k_main_ceo_category_ancillary_weapon	0	3k_main_ancillary_weapon_single_edged_sword_common	character_equipment
547165686	3k_main_ceo_initial_data_character_historical_wei_you_ancillaries	3k_main_ceo_category_ancillary_mount	0	3k_main_ancillary_mount_black_horse	character_equipment
550421300	3k_mtu_ceo_initial_data_character_historical_lady_fei_ancillaries	3k_main_ceo_category_ancillary_mount	0	3k_main_ancillary_mount_black_horse	character_equipment
550868298	3k_main_ceo_initial_data_character_historical_sun_quan_ancillaries	3k_main_ceo_category_ancillary_weapon	0	3k_main_ancillary_weapon_double_edged_sword_refined	character_equipment
551007	3k_main_ceo_initial_data_character_historical_qu_chuntao_ancillaries	3k_main_ceo_category_ancillary_mount	0	3k_main_ancillary_mount_black_horse	character_equipment
552044396	3k_main_ceo_initial_data_character_historical_Wang_Yuanji_ancillaries	3k_main_ceo_category_ancillary_mount	0	3k_main_ancillary_mount_white_horse	character_equipment
552196	3k_main_ceo_initial_data_character_historical_chen_bai_ironic_ancillaries	3k_main_ceo_category_ancillary_armour	0	3k_main_ancilliary_armour_chen_bai_ironic_armour_unique	character_equipment
552447904	3k_main_ceo_initial_data_character_historical_lady_yang_di_ancillaries	3k_main_ceo_category_ancillary_mount	0	3k_main_ancillary_mount_brown_horse	character_equipment
55369481	3k_main_ceo_initial_data_character_historical_ma_su_unique_ironic_ancillaries	3k_main_ceo_category_ancillary_weapon	0	3k_main_ancillary_weapon_single_edged_sword_common	character_equipment
5537090	3k_main_ceo_initial_data_character_historical_li_hui_van_unique_ancillaries	3k_main_ceo_category_ancillary_mount	0	3k_main_ancillary_mount_red_horse	character_equipment
555886	3k_main_ceo_initial_data_character_historical_kuang_gan_ironic_ancillaries	3k_main_ceo_category_ancillary_armour	0	3k_main_ancilliary_armour_kuang_gan_ironic_armour_unique	character_equipment
555911338	3k_main_ceo_initial_data_character_historical_liu_shuo_ancillaries	3k_main_ceo_category_ancillary_weapon	0	3k_main_ancillary_weapon_two_handed_spear_common	character_equipment
557181	3k_main_ceo_initial_data_character_historical_wei_gu_ironic_ancillaries	3k_main_ceo_category_ancillary_armour	0	3k_main_ancilliary_armour_wei_gu_ironic_armour_unique	character_equipment
557343	3k_main_ceo_initial_data_character_historical_zhou_cang_ancillaries	3k_main_ceo_category_ancillary_mount	0	3k_main_ancillary_mount_brown_horse	character_equipment
558316910	3k_main_ceo_initial_data_character_historical_huang_zhong_ancillaries	3k_dlc05_ceo_category_ancillary_titles	0	3k_dlc05_ancillary_title_general_in_chief	character_equipment
559287780	3k_main_ceo_initial_data_character_historical_huang_anbao_ancillaries	3k_main_ceo_category_ancillary_weapon	0	3k_main_ancillary_weapon_single_edged_sword_common	character_equipment
559545027	3k_main_ceo_initial_data_character_historical_li_ying_ancillaries	3k_main_ceo_category_ancillary_armour	0	3k_main_ancilliary_armour_li_ying_armour_unique	character_equipment
559584391	3k_dlc04_ceo_initial_data_character_historical_non_deployable_duan_gui_ziyin_ancillaries	3k_main_ceo_category_ancillary_armour	0	3k_dlc04_ancillary_armour_non_deployable_armour_red_common	character_equipment
559790173	3k_mtu_ceo_initial_data_character_historical_lady_dong_peishan_ancillaries	3k_main_ceo_category_ancillary_mount	0	3k_main_ancillary_mount_white_horse	character_equipment
56221049	3k_main_ceo_initial_data_character_historical_shi_xie_ancillaries	3k_main_ceo_category_ancillary_accessory	0	3k_main_ancillary_weapon_composite_bow_exceptional	character_equipment
562329042	3k_main_ceo_initial_data_character_historical_tian_yu_ancillaries	3k_main_ceo_category_ancillary_weapon	0	3k_main_ancillary_weapon_two_handed_spear_common	character_equipment
562786743	3k_main_ceo_initial_data_character_historical_Cao_Xing_ancillaries	3k_main_ceo_category_ancillary_weapon	0	3k_main_ancillary_weapon_two_handed_spear_common	character_equipment
563618661	3k_main_ceo_initial_data_character_historical_xianyu_yin_ancillaries	3k_main_ceo_category_ancillary_armour	0	3k_main_ancilliary_armour_xianyu_yin_armour_unique	character_equipment
563959312	3k_main_ceo_initial_data_character_historical_Sima_Shi_ancillaries	3k_main_ceo_category_ancillary_armour	0	3k_main_ancilliary_armour_Sima_Shi_armour_unique	character_equipment
564770142	3k_main_ceo_initial_data_character_historical_ma_tie_ancillaries	3k_main_ceo_category_ancillary_mount	0	3k_main_ancillary_mount_red_horse	character_equipment
566983389	3k_main_ceo_initial_data_character_historical_xu_jing_ancillaries	3k_main_ceo_category_ancillary_armour	0	3k_main_ancilliary_armour_xu_jing_armour_unique	character_equipment
566983685	3k_mtu_ceo_initial_data_character_historical_huang_zu_ancillaries	3k_main_ceo_category_ancillary_mount	0	3k_main_ancillary_mount_brown_horse	character_equipment
567736318	3k_main_ceo_initial_data_character_historical_Hou_Cheng_ancillaries	3k_main_ceo_category_ancillary_mount	0	3k_main_ancillary_mount_brown_horse	character_equipment
568228373	3k_main_ceo_initial_data_character_historical_gujin_ancillaries	3k_main_ceo_category_ancillary_armour	0	3k_main_ancilliary_armour_gujin_armour_unique	character_equipment
568598745	3k_main_ceo_initial_data_character_historical_yang_qianwan_ancillaries	3k_main_ceo_category_ancillary_weapon	0	3k_main_ancillary_weapon_two_handed_spear_common	character_equipment
56895140	3k_main_ceo_initial_data_character_historical_jiang_wan_unique_ancillaries	3k_main_ceo_category_ancillary_armour	0	3k_main_ancilliary_armour_jiang_wan_unique_armour_unique	character_equipment
56988529	3k_main_ceo_initial_data_character_historical_wang_xiang_unique_ironic_ancillaries	3k_main_ceo_category_ancillary_armour	0	3k_main_ancilliary_armour_wang_xiang_unique_ironic_armour_unique	character_equipment
57063903	3k_main_ceo_initial_data_character_historical_linghu_na_unique_ancillaries	3k_main_ceo_category_ancillary_weapon	0	3k_main_ancillary_weapon_single_edged_sword_common	character_equipment
570889566	3k_main_ceo_initial_data_character_historical_yang_qiu_ancillaries	3k_main_ceo_category_ancillary_armour	0	3k_main_ancilliary_armour_yang_qiu_armour_unique	character_equipment
57121562	3k_main_ceo_initial_data_character_historical_zhuge_ke_ancillaries	3k_main_ceo_category_ancillary_weapon	0	3k_main_ancillary_weapon_single_edged_sword_common	character_equipment
571244855	3k_dlc05_ceo_initial_data_character_historical_yan_baihu_ancillaries	3k_main_ceo_category_ancillary_weapon	0	3k_dlc05_ancillary_weapon_white_tigers_claws_faction	character_equipment
572423	3k_main_ceo_initial_data_character_historical_zhu_huan_ironic_ancillaries	3k_main_ceo_category_ancillary_weapon	0	3k_main_ancillary_weapon_single_edged_sword_common	character_equipment
572508013	3k_main_ceo_initial_data_character_historical_zhang_xian_ancillaries	3k_main_ceo_category_ancillary_weapon	0	3k_main_ancillary_weapon_double_edged_sword_common	character_equipment
573394852	3k_main_ceo_initial_data_character_historical_cao_de_ancillaries	3k_main_ceo_category_ancillary_armour	0	3k_main_ancilliary_armour_cao_de_armour_unique	character_equipment
575257515	3k_main_ceo_initial_data_character_historical_huangfu_song_ancillaries	3k_main_ceo_category_ancillary_mount	0	3k_main_ancillary_mount_grey_horse	character_equipment
5753004	3k_main_ceo_initial_data_character_historical_jiang_wan_unique_ancillaries	3k_main_ceo_category_ancillary_weapon	0	3k_main_ancillary_weapon_single_edged_sword_common	character_equipment
576540	3k_main_ceo_initial_data_character_historical_zhu_min_ironic_ancillaries	3k_main_ceo_category_ancillary_armour	0	3k_main_ancilliary_armour_zhu_min_ironic_armour_unique	character_equipment
578419950	ep_ceo_initial_data_character_generic_fire_ancillaries_01	3k_main_ceo_category_ancillary_armour	0	ep_ancillary_armour_heavy_armour_fire_extraordinary	character_equipment
57999600	3k_main_ceo_initial_data_character_historical_ni_xiaode_unique_ancillaries	3k_main_ceo_category_ancillary_weapon	0	3k_main_ancillary_weapon_two_handed_spear_common	character_equipment
57999794	3k_main_ceo_initial_data_character_historical_zhang_min_unique_ancillaries	3k_main_ceo_category_ancillary_armour	0	3k_main_ancilliary_armour_zhang_min_unique_armour_unique	character_equipment
58086855	3k_main_ceo_initial_data_character_historical_fu_rong_unique_ironic_ancillaries	3k_main_ceo_category_ancillary_armour	0	3k_main_ancilliary_armour_fu_rong_unique_ironic_armour_unique	character_equipment
581363	3k_main_ceo_initial_data_character_historical_qu_chuntao_ancillaries	3k_main_ceo_category_ancillary_armour	0	3k_main_ancilliary_armour_qu_chuntao_armour_unique	character_equipment
58247104	3k_main_ceo_initial_data_character_historical_yan_xia_unique_ancillaries	3k_main_ceo_category_ancillary_armour	0	3k_main_ancilliary_armour_yan_xia_unique_armour_unique	character_equipment
582860436	3k_main_ceo_initial_data_character_historical_yang_feng_nw_ancillaries	3k_main_ceo_category_ancillary_armour	0	3k_main_ancilliary_armour_yang_feng_nw_armour_unique	character_equipment
583571	3k_main_ceo_initial_data_character_historical_zhu_ling_ironic_ancillaries	3k_main_ceo_category_ancillary_armour	0	3k_main_ancilliary_armour_zhu_ling_ironic_armour_unique	character_equipment
583675509	3k_main_ceo_initial_data_character_historical_zhao_e_ancillaries	3k_main_ceo_category_ancillary_armour	0	3k_main_ancilliary_armour_zhao_e_armour_unique	character_equipment
58370194	3k_main_ceo_initial_data_character_historical_sheng_dao_unique_ancillaries	3k_main_ceo_category_ancillary_weapon	0	3k_main_ancillary_weapon_single_edged_sword_common	character_equipment
583772042	3k_main_ceo_initial_data_character_historical_ma_xiu_ancillaries	3k_main_ceo_category_ancillary_weapon	0	3k_main_ancillary_weapon_two_handed_spear_common	character_equipment
584308434	ep_ceo_initial_data_character_generic_fire_ancillaries_02	3k_main_ceo_category_ancillary_weapon	0	3k_main_ancillary_weapon_two_handed_spear_common	character_equipment
584539	3k_main_ceo_initial_data_character_historical_guo_xian_ancillaries	3k_main_ceo_category_ancillary_armour	0	3k_main_ancilliary_armour_guo_xian_armour_unique	character_equipment
585053	3k_main_ceo_initial_data_character_historical_jiang_gan_ancillaries	3k_main_ceo_category_ancillary_mount	0	3k_main_ancillary_mount_black_horse	character_equipment
58706747	3k_main_ceo_initial_data_character_historical_ma_zhong_unique_ancillaries	3k_main_ceo_category_ancillary_armour	0	3k_main_ancilliary_armour_ma_zhong_unique_armour_unique	character_equipment
587081	3k_main_ceo_initial_data_character_historical_puyang_lian_ironic_ancillaries	3k_main_ceo_category_ancillary_weapon	0	3k_main_ancillary_weapon_single_edged_sword_common	character_equipment
587513178	3k_main_ceo_initial_data_character_historical_Zhang_Chunhua_ancillaries	3k_main_ceo_category_ancillary_mount	0	3k_main_ancillary_mount_black_horse	character_equipment
587722	3k_main_ceo_initial_data_character_historical_ke_wu_ancillaries	3k_main_ceo_category_ancillary_mount	0	3k_main_ancillary_mount_red_horse	character_equipment
58791769	ep_ceo_initial_data_character_historical_huangfu_shang_ancillaries	3k_main_ceo_category_ancillary_mount	0	3k_main_ancillary_mount_grey_horse	character_equipment
589195704	3k_mtu_ceo_initial_data_character_historical_lady_zhang_jinglan_ancillaries	3k_main_ceo_category_ancillary_mount	0	3k_main_ancillary_mount_black_horse	character_equipment
59029141	3k_main_ceo_initial_data_character_historical_wu_chen_unique_ancillaries	3k_main_ceo_category_ancillary_weapon	0	3k_main_ancillary_weapon_two_handed_spear_common	character_equipment
590436330	3k_main_ceo_initial_data_character_historical_Kebineng_ancillaries	3k_main_ceo_category_ancillary_armour	0	3k_main_ancilliary_armour_Kebineng_armour_unique	character_equipment
590553553	3k_main_ceo_initial_data_character_historical_lady_liu_mengan_ancillaries	3k_main_ceo_category_ancillary_armour	0	3k_ironic_ancilliary_armour_lady_liu_mengan_armour_unique	character_equipment
591326461	3k_mtu_ceo_initial_data_character_historical_lady_wang_liting_ancillaries	3k_main_ceo_category_ancillary_weapon	0	3k_main_ancillary_weapon_double_edged_sword_common	character_equipment
59226722	3k_main_ceo_initial_data_character_historical_liu_xian_unique_ironic_ancillaries	3k_main_ceo_category_ancillary_weapon	0	3k_main_ancillary_weapon_two_handed_spear_common	character_equipment
592645	3k_main_ceo_initial_data_character_historical_zhu_ling_ironic_ancillaries	3k_main_ceo_category_ancillary_weapon	0	3k_main_ancillary_weapon_two_handed_spear_common	character_equipment
593285	3k_main_ceo_initial_data_character_historical_yang_kui_ancillaries	3k_main_ceo_category_ancillary_weapon	0	3k_main_ancillary_weapon_single_edged_sword_common	character_equipment
59332596	3k_main_ceo_initial_data_character_historical_fu_rong_unique_ironic_ancillaries	3k_main_ceo_category_ancillary_mount	0	3k_main_ancillary_mount_red_horse	character_equipment
593406690	3k_main_ceo_initial_data_character_historical_QIianman_ancillaries	3k_main_ceo_category_ancillary_armour	0	3k_main_ancilliary_armour_QIianman_armour_unique	character_equipment
594073014	3k_main_ceo_initial_data_character_historical_zuo_ci_ancillaries	3k_main_ceo_category_ancillary_weapon	0	3k_main_ancillary_weapon_single_edged_sword_common	character_equipment
595240	3k_main_ceo_initial_data_character_historical_han_xuan_ironic_ancillaries	3k_main_ceo_category_ancillary_weapon	0	3k_main_ancillary_weapon_single_edged_sword_common	character_equipment
595270	3k_main_ceo_initial_data_character_historical_wan_bing_ironic_ancillaries	3k_main_ceo_category_ancillary_weapon	0	3k_main_ancillary_weapon_double_edged_sword_common	character_equipment
595769023	3k_main_ceo_initial_data_character_historical_wu_yi_ancillaries	3k_main_ceo_category_ancillary_weapon	0	3k_main_ancillary_weapon_two_handed_spear_common	character_equipment
595823430	3k_main_ceo_initial_data_character_historical_yan_rou_ancillaries	3k_main_ceo_category_ancillary_armour	0	3k_main_ancilliary_armour_yan_rou_armour_unique	character_equipment
59784558	3k_main_ceo_initial_data_character_historical_zhuge_ke_ancillaries	3k_main_ceo_category_ancillary_armour	0	3k_main_ancilliary_armour_zhuge_ke_armour_unique	character_equipment
597923	3k_main_ceo_initial_data_character_historical_yang_kui_ancillaries	3k_main_ceo_category_ancillary_armour	0	3k_main_ancilliary_armour_yang_kui_armour_unique	character_equipment
599048	3k_main_ceo_initial_data_character_historical_yu_fan_ironic_ancillaries	3k_main_ceo_category_ancillary_mount	0	3k_main_ancillary_mount_black_horse	character_equipment
599385	3k_main_ceo_initial_data_character_historical_zu_mao_ancillaries	3k_main_ceo_category_ancillary_armour	0	3k_main_ancilliary_armour_zu_mao_armour_unique	character_equipment
599684	3k_main_ceo_initial_data_character_historical_sun_jiao_ancillaries	3k_main_ceo_category_ancillary_weapon	0	3k_main_ancillary_weapon_single_edged_sword_common	character_equipment
600329	3k_main_ceo_initial_data_character_historical_zhuge_jin_ironic_ancillaries	3k_main_ceo_category_ancillary_mount	0	3k_main_ancillary_mount_black_horse	character_equipment
600458512	3k_main_ceo_initial_data_character_historical_lu_jun_ancillaries	3k_main_ceo_category_ancillary_armour	0	3k_main_ancilliary_armour_lu_jun_armour_unique	character_equipment
600868	3k_main_ceo_initial_data_character_historical_wu_huan_ytr_ancillaries	3k_main_ceo_category_ancillary_weapon	0	3k_main_ancillary_weapon_double_edged_sword_common	character_equipment
601102	3k_main_ceo_initial_data_character_historical_zhuge_dan_ironic_fire_ancillaries	3k_main_ceo_category_ancillary_mount	0	3k_main_ancillary_mount_red_horse	character_equipment
60165834	3k_main_ceo_initial_data_character_historical_yan_yan_ancillaries	3k_main_ceo_category_ancillary_armour	0	3k_ironic_ancilliary_armour_yan_yan_armour_unique	character_equipment
601659323	3k_main_ceo_initial_data_character_historical_huang_gai_ancillaries	3k_main_ceo_category_ancillary_mount	0	3k_main_ancillary_mount_red_stallion	character_equipment
602524447	3k_dlc04_ceo_initial_data_character_historical_non_deployable_zhang_rang_ancillaries	3k_main_ceo_category_ancillary_armour	0	3k_dlc04_ancillary_armour_non_deployable_armour_yellow_common	character_equipment
602757226	3k_dlc04_ceo_initial_data_character_historical_non_deployable_emperor_xian_ancillaries	3k_main_ceo_category_ancillary_weapon	0	3k_dlc07_ancillary_weapon_emperor_xian_weapon_unique	character_equipment
605989293	3k_mtu_ceo_initial_data_character_historical_guan_xing_anicillaries	3k_main_ceo_category_ancillary_mount	0	3k_main_ancillary_mount_brown_horse	character_equipment
607381506	3k_main_ceo_initial_data_character_historical_lei_xu_ancillaries	3k_main_ceo_category_ancillary_weapon	0	3k_main_ancillary_weapon_double_edged_sword_common	character_equipment
60791153	3k_main_ceo_initial_data_character_historical_han_ji_unique_ironic_ancillaries	3k_main_ceo_category_ancillary_weapon	0	3k_main_ancillary_weapon_single_edged_sword_common	character_equipment
607950046	3k_main_ceo_initial_data_character_historical_Song_Xian_ancillaries	3k_main_ceo_category_ancillary_weapon	0	3k_main_ancillary_weapon_double_edged_sword_common	character_equipment
607960	3k_main_ceo_initial_data_character_historical_puyang_lian_ironic_ancillaries	3k_main_ceo_category_ancillary_mount	0	3k_main_ancillary_mount_white_horse	character_equipment
608473048	3k_main_ceo_initial_data_character_historical_sun_qian_ancillaries	3k_main_ceo_category_ancillary_mount	0	3k_main_ancillary_mount_black_horse	character_equipment
608630	3k_main_ceo_initial_data_character_historical_teng_ling_ancillaries	3k_main_ceo_category_ancillary_armour	0	3k_main_ancilliary_armour_teng_ling_armour_unique	character_equipment
608873367	3k_dlc06_initial_data_stage_character_ancillaries_historical_nanman_jinhuansanjie	3k_main_ceo_category_ancillary_armour	0	3k_dlc06_ancillary_armour_nanman_jinhuansanjie_unique	character_equipment
608887609	3k_main_ceo_initial_data_character_historical_cheng_pu_ancillaries	3k_main_ceo_category_ancillary_mount	0	3k_main_ancillary_mount_grey_horse	character_equipment
60974051	3k_main_ceo_initial_data_character_historical_kong_rong_ancillaries	3k_main_ceo_category_ancillary_weapon	0	3k_main_ancillary_weapon_ceremonial_sword_refined	character_equipment
6097447	3k_ytr_ceo_initial_data_character_historical_gong_du_ancillaries	3k_main_ceo_category_ancillary_weapon	0	3k_ytr_ancillary_weapon_2h_ball_mace_refined	character_equipment
609897038	3k_main_ceo_initial_data_character_historical_gogukcheon_ancillaries	3k_main_ceo_category_ancillary_mount	0	3k_main_ancillary_mount_red_horse	character_equipment
610002	3k_main_ceo_initial_data_character_historical_wei_gu_ironic_ancillaries	3k_main_ceo_category_ancillary_mount	0	3k_main_ancillary_mount_red_horse	character_equipment
61200348	3k_main_ceo_initial_data_character_historical_gao_pei_unique_ancillaries	3k_main_ceo_category_ancillary_weapon	0	3k_main_ancillary_weapon_halberd_common	character_equipment
61232252	3k_main_ceo_initial_data_character_historical_yuan_huan_unique_ancillaries	3k_main_ceo_category_ancillary_mount	0	3k_main_ancillary_mount_white_horse	character_equipment
613600652	3k_dlc05_ceo_initial_data_character_historical_lady_mi_ancillaries	3k_main_ceo_category_ancillary_mount	0	3k_main_ancillary_mount_white_horse	character_equipment
613605283	3k_main_ceo_initial_data_character_historical_lu_ji_ancillaries	3k_main_ceo_category_ancillary_weapon	0	3k_main_ancillary_weapon_single_edged_sword_common	character_equipment
613892148	3k_main_ceo_initial_data_character_historical_chen_heng_ancillaries	3k_main_ceo_category_ancillary_mount	0	3k_main_ancillary_mount_grey_horse	character_equipment
613978	3k_main_ceo_initial_data_character_historical_bu_zhi_ironic_ancillaries	3k_main_ceo_category_ancillary_weapon	0	3k_main_ancillary_weapon_two_handed_spear_common	character_equipment
613993540	3k_main_ceo_initial_data_character_historical_cheng_pu_ancillaries	3k_main_ceo_category_ancillary_weapon	0	3k_main_ancillary_weapon_double_edged_sword_common	character_equipment
615194	3k_main_ceo_initial_data_character_historical_chang_xi_ironic_ancillaries	3k_main_ceo_category_ancillary_weapon	0	3k_main_ancillary_weapon_two_handed_spear_common	character_equipment
615409417	3k_main_ceo_initial_data_character_historical_tong_yurui_ancillaries	3k_main_ceo_category_ancillary_mount	0	3k_main_ancillary_mount_black_horse	character_equipment
616345	3k_main_ceo_initial_data_character_historical_gu_yong_ironic_ancillaries	3k_main_ceo_category_ancillary_mount	0	3k_main_ancillary_mount_black_horse	character_equipment
616435224	3k_main_ceo_initial_data_character_historical_zhou_tai_ancillaries	3k_main_ceo_category_ancillary_weapon	0	ironic_ancillary_weapon_zhou_tai_ji_unique	character_equipment
617654	3k_main_ceo_initial_data_character_historical_zu_cui_ancillaries	3k_main_ceo_category_ancillary_armour	0	3k_main_ancilliary_armour_zu_cui_armour_unique	character_equipment
619603533	3k_main_ceo_initial_data_character_historical_Liu_Feng_ancillaries	3k_main_ceo_category_ancillary_armour	0	3k_main_ancilliary_armour_Liu_Feng_armour_unique	character_equipment
619619	3k_main_ceo_initial_data_character_historical_sima_hui_ironic_water_ancillaries	3k_main_ceo_category_ancillary_mount	0	3k_main_ancillary_mount_white_horse	character_equipment
619822873	3k_main_ceo_initial_data_character_historical_taishi_ci_ancillaries	3k_main_ceo_category_ancillary_accessory	0	3k_main_ancillary_weapon_bow_taishi_ci_faction	character_equipment
622183	3k_main_ceo_initial_data_character_historical_zu_ting_ancillaries	3k_main_ceo_category_ancillary_armour	0	3k_main_ancilliary_armour_zu_ting_armour_unique	character_equipment
622306915	3k_main_ceo_initial_data_character_historical_tao_qian_ancillaries	3k_main_ceo_category_ancillary_armour	0	3k_main_ancillary_armour_tao_qians_armour_unique	character_equipment
622872	3k_main_ceo_initial_data_character_historical_xu_shao_ironic_ancillaries	3k_main_ceo_category_ancillary_weapon	0	3k_main_ancillary_weapon_single_edged_sword_common	character_equipment
623218487	3k_dlc04_ceo_initial_data_character_historical_zhang_bao_ancillaries	3k_main_ceo_category_ancillary_armour	0	3k_dlc04_ancillary_armour_zhang_baos_armour_unique	character_equipment
624098	3k_main_ceo_initial_data_character_historical_ling_tong_ironic_ancillaries	3k_main_ceo_category_ancillary_weapon	0	3k_main_ancillary_weapon_two_handed_spear_common	character_equipment
62455099	3k_main_ceo_initial_data_character_historical_yan_lan_unique_ancillaries	3k_main_ceo_category_ancillary_armour	0	3k_main_ancilliary_armour_yan_lan_unique_armour_unique	character_equipment
62465786	3k_main_ceo_initial_data_character_historical_yuan_huan_unique_ancillaries	3k_main_ceo_category_ancillary_weapon	0	3k_main_ancillary_weapon_single_edged_sword_common	character_equipment
62533090	3k_main_ceo_initial_data_character_historical_li_hui_van_unique_ancillaries	3k_main_ceo_category_ancillary_armour	0	3k_main_ancilliary_armour_li_hui_van_unique_armour_unique	character_equipment
626831399	3k_main_ceo_initial_data_character_historical_hua_tuo_ancillaries	3k_main_ceo_category_ancillary_mount	0	3k_main_ancillary_mount_black_horse	character_equipment
627117501	3k_main_ceo_initial_data_character_historical_chen_deng_ancillaries	3k_main_ceo_category_ancillary_weapon	0	3k_main_ancillary_weapon_single_edged_sword_common	character_equipment
627383	3k_main_ceo_initial_data_character_historical_wang_sheng_ancillaries	3k_main_ceo_category_ancillary_armour	0	3k_main_ancilliary_armour_wang_sheng_armour_unique	character_equipment
628639539	3k_dlc04_ceo_initial_data_character_historical_zhang_bao_ancillaries	3k_main_ceo_category_ancillary_mount	0	3k_main_ancillary_mount_brown_horse	character_equipment
62904630	3k_main_ceo_initial_data_character_historical_wang_xian_unique_ancillaries	3k_main_ceo_category_ancillary_weapon	0	3k_main_ancillary_weapon_single_edged_sword_common	character_equipment
630531964	3k_main_ceo_initial_data_character_historical_jia_xu_ancillaries	3k_main_ceo_category_ancillary_armour	0	3k_cp01_ancillary_armour_jia_xus_armour_unique	character_equipment
631246340	3k_main_ceo_initial_data_character_historical_quan_rou_ancillaries	3k_main_ceo_category_ancillary_mount	0	3k_main_ancillary_mount_brown_horse	character_equipment
631650	3k_main_ceo_initial_data_character_historical_han_dang_ancillaries	3k_main_ceo_category_ancillary_mount	0	3k_main_ancillary_mount_red_horse	character_equipment
632536	3k_main_ceo_initial_data_character_historical_zu_cui_ancillaries	3k_main_ceo_category_ancillary_mount	0	3k_main_ancillary_mount_black_horse	character_equipment
634537	3k_main_ceo_initial_data_character_historical_cai_yang_ancillaries	3k_main_ceo_category_ancillary_mount	0	3k_main_ancillary_mount_black_horse	character_equipment
635798650	3k_main_ceo_initial_data_character_historical_bao_xun_ancillaries	3k_main_ceo_category_ancillary_weapon	0	3k_main_ancillary_weapon_single_edged_sword_common	character_equipment
636003118	3k_mtu_ceo_initial_data_character_historical_shen_pei_ancillaries	3k_main_ceo_category_ancillary_mount	0	3k_main_ancillary_mount_brown_horse	character_equipment
638426921	3k_main_ceo_initial_data_character_historical_yang_qiu_ancillaries	3k_main_ceo_category_ancillary_weapon	0	3k_main_ancillary_weapon_halberd_refined	character_equipment
638606648	3k_main_ceo_initial_data_character_historical_tao_qian_ancillaries	3k_main_ceo_category_ancillary_weapon	0	3k_main_ancillary_weapon_ceremonial_sword_refined	character_equipment
638887348	3k_main_ceo_initial_data_character_historical_dou_mao_ancillaries	3k_main_ceo_category_ancillary_weapon	0	3k_main_ancillary_weapon_two_handed_spear_common	character_equipment
638898776	3k_main_ceo_initial_data_character_historical_zuozi_zhangba_ancillaries	3k_main_ceo_category_ancillary_mount	0	3k_main_ancillary_mount_brown_horse	character_equipment
63917439	3k_main_ceo_initial_data_character_historical_deng_zhi_unique_ironic_ancillaries	3k_main_ceo_category_ancillary_mount	0	3k_main_ancillary_mount_red_horse	character_equipment
639446455	3k_main_ceo_initial_data_character_historical_hua_xiong_ancillaries	3k_main_ceo_category_ancillary_mount	0	3k_main_ancillary_mount_red_horse	character_equipment
639619240	ep_ceo_initial_data_stage_character_historical_shi_chao_ancillaries	3k_main_ceo_category_ancillary_armour	0	ep_ancillary_armour_light_armour_metal_unique	character_equipment
639836695	3k_main_ceo_initial_data_character_generic_water_ancillaries_02	3k_main_ceo_category_ancillary_weapon	0	3k_main_ancillary_weapon_single_edged_sword_common	character_equipment
640842021	3k_main_ceo_initial_data_character_historical_li_damu_ancillaries	3k_main_ceo_category_ancillary_mount	0	3k_main_ancillary_mount_brown_horse	character_equipment
6411095	3k_main_ceo_initial_data_character_historical_shi_yi_unique_ancillaries	3k_main_ceo_category_ancillary_armour	0	3k_main_ancilliary_armour_shi_yi_unique_armour_unique	character_equipment
641489889	3k_main_ceo_initial_data_character_historical_lu_su_ancillaries	3k_main_ceo_category_ancillary_armour	0	3k_main_ancilliary_armour_lu_su_armour_unique	character_equipment
64204589	3k_main_ceo_initial_data_character_historical_kong_rong_ancillaries	3k_main_ceo_category_ancillary_armour	0	3k_main_ancillary_armour_kong_rongs_armour_unique	character_equipment
642587	3k_main_ceo_initial_data_character_historical_dang_lianhua_ancillaries	3k_main_ceo_category_ancillary_armour	0	3k_main_ancilliary_armour_dang_lianhua_armour_unique	character_equipment
643345824	3k_main_ceo_initial_data_character_historical_lei_tong_ancillaries	3k_main_ceo_category_ancillary_armour	0	3k_ironic_ancilliary_armour_lei_tong_armour_unique	character_equipment
6437559	ep_ceo_initial_data_stage_character_historical_zhang_fang_ancillaries	3k_main_ceo_category_ancillary_mount	0	3k_main_ancillary_mount_red_horse	character_equipment
643839	3k_main_ceo_initial_data_character_historical_kang_qinmeng_ironic_ancillaries	3k_main_ceo_category_ancillary_mount	0	3k_main_ancillary_mount_white_horse	character_equipment
64462593	3k_main_ceo_initial_data_character_historical_ma_su_unique_ironic_ancillaries	3k_main_ceo_category_ancillary_armour	0	3k_main_ancilliary_armour_ma_su_unique_ironic_armour_unique	character_equipment
644764703	3k_main_ceo_initial_data_character_historical_li_damu_ancillaries	3k_main_ceo_category_ancillary_weapon	0	3k_main_ancillary_weapon_two_handed_spear_common	character_equipment
64515127	3k_main_ceo_initial_data_character_historical_guo_jia_ancillaries	3k_main_ceo_category_ancillary_armour	0	3k_cp01_ancillary_armour_guo_jias_armour_unique	character_equipment
645274	3k_main_ceo_initial_data_character_historical_sun_yi_ancillaries	3k_main_ceo_category_ancillary_armour	0	3k_main_ancilliary_armour_sun_yi_armour_unique	character_equipment
645448	3k_main_ceo_initial_data_character_historical_xie_mi_ironic_ancillaries	3k_main_ceo_category_ancillary_mount	0	3k_main_ancillary_mount_black_horse	character_equipment
64595620	3k_main_ceo_initial_data_character_historical_zhang_min_unique_ancillaries	3k_main_ceo_category_ancillary_mount	0	3k_main_ancillary_mount_black_horse	character_equipment
646198	3k_main_ceo_initial_data_character_historical_wang_su_ironic_ancillaries	3k_main_ceo_category_ancillary_armour	0	3k_main_ancilliary_armour_wang_su_ironic_armour_unique	character_equipment
646330	3k_main_ceo_initial_data_character_historical_pan_juan_ancillaries	3k_main_ceo_category_ancillary_mount	0	3k_main_ancillary_mount_black_horse	character_equipment
646580339	3k_dlc05_ceo_initial_data_character_historical_yan_baihu_ancillaries	3k_main_ceo_category_ancillary_armour	0	3k_dlc05_ancillary_armour_yan_baihus_armour_unique	character_equipment
648791155	3k_main_ceo_initial_data_character_historical_tian_feng_ancillaries	3k_main_ceo_category_ancillary_armour	0	3k_main_ancilliary_armour_tian_feng_armour_unique	character_equipment
65057176	3k_main_ceo_initial_data_character_historical_liu_mao_ancillaries	3k_main_ceo_category_ancillary_weapon	0	3k_main_ancillary_weapon_double_edged_sword_common	character_equipment
6509077	3k_main_ceo_initial_data_character_historical_cheng_bing_unique_ironic_ancillaries	3k_main_ceo_category_ancillary_mount	0	3k_main_ancillary_mount_black_horse	character_equipment
65114026	3k_main_ceo_initial_data_character_historical_ma_zhong_unique_ancillaries	3k_main_ceo_category_ancillary_mount	0	3k_main_ancillary_mount_brown_horse	character_equipment
652230984	3k_main_ceo_initial_data_character_historical_wu_ban_ancillaries	3k_main_ceo_category_ancillary_weapon	0	3k_main_ancillary_weapon_two_handed_spear_common	character_equipment
652398790	3k_dlc04_ceo_initial_data_character_historical_huangfu_song_ancillaries	3k_main_ceo_category_ancillary_accessory	0	3k_dlc04_ancillary_weapon_bow_huangfu_song_unique	character_equipment
652862612	3k_main_ceo_initial_data_character_historical_cao_pi_ancillaries	3k_main_ceo_category_ancillary_armour	0	3k_dlc07_ancillary_armour_cao_pi_armour_unique	character_equipment
65336	3k_main_ceo_initial_data_character_historical_tong_yin_ancillaries	3k_main_ceo_category_ancillary_weapon	0	3k_main_ancillary_weapon_two_handed_spear_common	character_equipment
654610967	3k_mtu_ceo_initial_data_character_historical_liu_shan_anicillaries	3k_main_ceo_category_ancillary_mount	0	3k_main_ancillary_mount_white_horse	character_equipment
655133	3k_main_ceo_initial_data_character_historical_han_dang_ancillaries	3k_main_ceo_category_ancillary_armour	0	3k_main_ancilliary_armour_han_dang_armour_unique	character_equipment
65688741	3k_main_ceo_initial_data_character_historical_liao_hua_ytr_ancillaries	3k_main_ceo_category_ancillary_mount	0	3k_main_ancillary_mount_brown_horse	character_equipment
660803188	3k_main_ceo_initial_data_character_historical_lady_sun_ancillaries	3k_main_ceo_category_ancillary_accessory	0	3k_main_ancillary_weapon_bow_lady_sun_faction	character_equipment
66129983	3k_main_ceo_initial_data_character_historical_ma_liang_unique_ironic_ancillaries	3k_main_ceo_category_ancillary_weapon	0	3k_main_ancillary_weapon_single_edged_sword_common	character_equipment
662109	3k_main_ceo_initial_data_character_historical_meng_da_ancillaries	3k_main_ceo_category_ancillary_armour	0	3k_main_ancilliary_armour_meng_da_armour_unique	character_equipment
662628758	3k_main_ceo_initial_data_character_historical_Mohuba_ancillaries	3k_main_ceo_category_ancillary_armour	0	3k_main_ancilliary_armour_Mohuba_armour_unique	character_equipment
66333673	3k_main_ceo_initial_data_character_historical_tong_jie_unique_ancillaries	3k_main_ceo_category_ancillary_mount	0	3k_main_ancillary_mount_red_horse	character_equipment
664314	3k_main_ceo_initial_data_character_historical_que_xuan_ironic_ancillaries	3k_main_ceo_category_ancillary_weapon	0	3k_main_ancillary_weapon_single_edged_sword_common	character_equipment
665843360	3k_main_ceo_initial_data_character_historical_zhang_yang_ancillaries	3k_main_ceo_category_ancillary_armour	0	3k_main_ancilliary_armour_zhang_yang_armour_unique	character_equipment
666752133	3k_main_ceo_initial_data_character_historical_guo_si_ancillaries	3k_main_ceo_category_ancillary_mount	0	3k_main_ancillary_mount_brown_horse	character_equipment
6669500	3k_main_ceo_initial_data_character_historical_shi_xin_unique_ancillaries	3k_main_ceo_category_ancillary_weapon	0	3k_main_ancillary_weapon_two_handed_spear_common	character_equipment
667255013	3k_main_ceo_initial_data_character_historical_wang_lanlan_ancillaries	3k_main_ceo_category_ancillary_weapon	0	3k_main_ancillary_weapon_single_edged_sword_common	character_equipment
667679050	3k_main_ceo_initial_data_character_historical_yu_minxiang_ancillaries	3k_main_ceo_category_ancillary_mount	0	3k_main_ancillary_mount_white_horse	character_equipment
66879440	3k_main_ceo_initial_data_character_historical_zhang_yi_unique_ancillaries	3k_main_ceo_category_ancillary_weapon	0	3k_main_ancillary_weapon_double_edged_sword_common	character_equipment
670264	3k_main_ceo_initial_data_character_historical_zhuang_zhen_ironic_ancillaries	3k_main_ceo_category_ancillary_weapon	0	3k_main_ancillary_weapon_two_handed_spear_common	character_equipment
670438351	3k_main_ceo_initial_data_character_historical_ze_rong_ancillaries	3k_main_ceo_category_ancillary_weapon	0	3k_main_ancillary_weapon_two_handed_spear_common	character_equipment
672083183	3k_main_ceo_initial_data_character_historical_cheng_yi_ancillaries	3k_main_ceo_category_ancillary_armour	0	3k_main_ancilliary_armour_cheng_yi_armour_unique	character_equipment
67435350	3k_main_ceo_initial_data_character_historical_li_shi_unique_ancillaries	3k_main_ceo_category_ancillary_weapon	0	3k_main_ancillary_weapon_single_edged_sword_common	character_equipment
674424997	3k_main_ceo_initial_data_character_generic_earth_ancillaries_01	3k_main_ceo_category_ancillary_mount	0	3k_main_ancillary_mount_white_horse	character_equipment
674714	3k_main_ceo_initial_data_character_historical_xu_zhao_ironic_ancillaries	3k_main_ceo_category_ancillary_mount	0	3k_main_ancillary_mount_white_horse	character_equipment
675601866	3k_main_ceo_initial_data_character_historical_yan_liang_ancillaries	3k_main_ceo_category_ancillary_armour	0	3k_dlc07_ancillary_armour_yan_liang_armour_unique	character_equipment
67610272	3k_main_ceo_initial_data_character_historical_zhou_xin_ancillaries	3k_main_ceo_category_ancillary_armour	0	3k_main_ancilliary_armour_zhou_xin_armour_unique	character_equipment
676905	3k_main_ceo_initial_data_character_historical_sima_hui_ironic_water_ancillaries	3k_main_ceo_category_ancillary_weapon	0	3k_main_ancillary_weapon_single_edged_sword_common	character_equipment
677046219	3k_main_ceo_initial_data_character_historical_cai_xun_ancillaries	3k_main_ceo_category_ancillary_armour	0	3k_main_ancilliary_armour_cai_xun_armour_unique	character_equipment
677436745	3k_main_ceo_initial_data_character_historical_lu_kang_ancillaries	3k_main_ceo_category_ancillary_mount	0	3k_main_ancillary_mount_brown_horse	character_equipment
678566	3k_main_ceo_initial_data_character_historical_chang_xi_ironic_ancillaries	3k_main_ceo_category_ancillary_armour	0	3k_main_ancilliary_armour_chang_xi_ironic_armour_unique	character_equipment
678814040	3k_dlc04_ceo_initial_data_character_historical_non_deployable_empress_he_ancillaries	3k_main_ceo_category_ancillary_armour	0	3k_dlc04_ancillary_armour_empress_hes_armour_unique	character_equipment
679141350	3k_main_ceo_initial_data_character_historical_chen_chao_ancillaries	3k_main_ceo_category_ancillary_armour	0	3k_ironic_ancilliary_armour_chen_chao_armour_unique	character_equipment
67915650	3k_main_ceo_initial_data_character_historical_hu_mao_ancillaries	3k_main_ceo_category_ancillary_mount	0	3k_main_ancillary_mount_grey_horse	character_equipment
6793803	3k_main_ceo_initial_data_character_historical_lou_gui_ancillaries	3k_main_ceo_category_ancillary_armour	0	3k_main_ancilliary_armour_lou_gui_armour_unique	character_equipment
67947091	3k_main_ceo_initial_data_character_historical_lu_meng_unique_ironic_ancillaries	3k_main_ceo_category_ancillary_armour	0	3k_main_ancilliary_armour_lu_meng_unique_ironic_armour_unique	character_equipment
679614611	3k_main_ceo_initial_data_character_historical_zhang_gong_ancillaries	3k_main_ceo_category_ancillary_weapon	0	3k_main_ancillary_weapon_two_handed_spear_common	character_equipment
681663877	3k_ytr_ceo_initial_data_character_historical_huang_shao_ancillaries	3k_main_ceo_category_ancillary_armour	0	3k_ytr_ancillary_armour_huang_shaos_armour_unique	character_equipment
684754	3k_main_ceo_initial_data_character_historical_shi_huan_ancillaries	3k_main_ceo_category_ancillary_armour	0	3k_main_ancilliary_armour_shi_huan_armour_unique	character_equipment
685510656	3k_main_ceo_initial_data_character_historical_guan_jing_ancillaries	3k_main_ceo_category_ancillary_mount	0	3k_main_ancillary_mount_black_horse	character_equipment
687172892	3k_main_ceo_initial_data_character_historical_beolhyu_ancillaries	3k_main_ceo_category_ancillary_mount	0	3k_main_ancillary_mount_black_horse	character_equipment
687996	3k_main_ceo_initial_data_character_historical_sima_hui_ironic_water_ancillaries	3k_main_ceo_category_ancillary_armour	0	3k_main_ancilliary_armour_sima_hui_ironic_water_armour_unique	character_equipment
688560921	3k_main_ceo_initial_data_character_historical_sima_yi_ancillaries	3k_main_ceo_category_ancillary_armour	0	3k_main_ancillary_armour_sima_yis_armour_unique	character_equipment
68893904	3k_main_ceo_initial_data_character_historical_lai_xun_unique_ancillaries	3k_main_ceo_category_ancillary_armour	0	3k_main_ancilliary_armour_lai_xun_unique_armour_unique	character_equipment
690733	3k_main_ceo_initial_data_character_historical_lu_dai_ancillaries	3k_main_ceo_category_ancillary_weapon	0	3k_main_ancillary_weapon_two_handed_spear_common	character_equipment
691380277	3k_main_ceo_initial_data_character_historical_li_kan_ancillaries	3k_main_ceo_category_ancillary_mount	0	3k_main_ancillary_mount_red_horse	character_equipment
691419	3k_main_ceo_initial_data_character_historical_liu_xun_zitai_ancillaries	3k_main_ceo_category_ancillary_armour	0	3k_main_ancilliary_armour_liu_xun_zitai_armour_unique	character_equipment
691458454	3k_dlc04_ceo_initial_data_character_historical_non_deployable_gao_wang_ancillaries	3k_main_ceo_category_ancillary_armour	0	3k_dlc04_ancillary_armour_non_deployable_armour_red_common	character_equipment
691985874	3k_main_ceo_initial_data_character_historical_Cao_Xing_ancillaries	3k_main_ceo_category_ancillary_armour	0	3k_main_ancilliary_armour_Cao_Xing_armour_unique	character_equipment
692668363	3k_main_ceo_initial_data_character_historical_hou_xuan_ancillaries	3k_main_ceo_category_ancillary_armour	0	3k_main_ancilliary_armour_hou_xuan_armour_unique	character_equipment
693161	3k_main_ceo_initial_data_character_historical_tong_zhi_ancillaries	3k_main_ceo_category_ancillary_armour	0	3k_main_ancilliary_armour_tong_zhi_armour_unique	character_equipment
693261680	3k_main_ceo_initial_data_character_historical_cao_chun_ancillaries	3k_main_ceo_category_ancillary_mount	0	3k_main_ancillary_mount_red_horse	character_equipment
69353111	3k_main_ceo_initial_data_character_historical_wang_shi_unique_ancillaries	3k_main_ceo_category_ancillary_weapon	0	3k_main_ancillary_weapon_two_handed_spear_common	character_equipment
693684674	3k_main_ceo_initial_data_character_historical_lu_fan_ancillaries	3k_main_ceo_category_ancillary_weapon	0	3k_main_ancillary_weapon_single_edged_sword_common	character_equipment
693998322	3k_main_ceo_initial_data_character_historical_Zhong_Hui_ancillaries	3k_main_ceo_category_ancillary_armour	0	3k_main_ancilliary_armour_Zhong_Hui_armour_unique	character_equipment
694105	3k_main_ceo_initial_data_character_historical_zhuang_zhen_ironic_ancillaries	3k_main_ceo_category_ancillary_mount	0	3k_main_ancillary_mount_brown_horse	character_equipment
694289274	ep_ceo_initial_data_character_generic_wood_ancillaries_02	3k_main_ceo_category_ancillary_armour	0	ep_ancillary_armour_heavy_armour_wood_extraordinary	character_equipment
69437736	3k_main_ceo_initial_data_character_historical_yuan_yi_unique_ancillaries	3k_main_ceo_category_ancillary_weapon	0	3k_main_ancillary_weapon_single_edged_sword_common	character_equipment
694759	3k_main_ceo_initial_data_character_historical_liu_ai_ancillaries	3k_main_ceo_category_ancillary_armour	0	3k_main_ancilliary_armour_liu_ai_armour_unique	character_equipment
694928580	3k_main_ceo_initial_data_character_historical_sun_jian_ancillaries	3k_main_ceo_category_ancillary_armour	0	3k_main_ancillary_armour_sun_jians_armour_unique	character_equipment
695178170	3k_main_ceo_initial_data_character_historical_huang_chengyan_ancillaries	3k_main_ceo_category_ancillary_weapon	0	3k_main_ancillary_weapon_single_edged_sword_common	character_equipment
695535351	3k_dlc06_initial_data_stage_character_ancillaries_generic_nanman_earth	3k_main_ceo_category_ancillary_armour	0	3k_dlc06_ancillary_armour_nanman_medium_common	character_equipment
695801774	3k_dlc04_ceo_initial_data_character_historical_luo_jun_ancillaries	3k_main_ceo_category_ancillary_mount	0	3k_main_ancillary_mount_brown_stallion	character_equipment
695921421	3k_main_ceo_initial_data_character_historical_li_xiu_ancillaries	3k_main_ceo_category_ancillary_weapon	0	3k_main_ancillary_weapon_double_edged_sword_common	character_equipment
69686299	3k_main_ceo_initial_data_character_historical_shi_yi_w_ancillaries	3k_main_ceo_category_ancillary_armour	0	3k_main_ancilliary_armour_shi_yi_w_armour_unique	character_equipment
697542571	3k_main_ceo_initial_data_character_historical_chang_xi_ancillaries	3k_main_ceo_category_ancillary_weapon	0	3k_main_ancillary_weapon_two_handed_spear_common	character_equipment
698589398	3k_main_ceo_initial_data_character_historical_cao_cao_ancillaries	3k_main_ceo_category_ancillary_mount	0	3k_main_ancillary_mount_shadow_runner	character_equipment
698809205	3k_main_ceo_initial_data_character_historical_yu_du_ancillaries	3k_main_ceo_category_ancillary_mount	0	3k_main_ancillary_mount_red_horse	character_equipment
700818984	3k_dlc04_ceo_initial_data_character_historical_non_deployable_emperor_ling_ancillaries	3k_main_ceo_category_ancillary_armour	0	3k_dlc04_ancillary_armour_emperor_ling_armour_unique	character_equipment
70130849	3k_main_ceo_initial_data_character_historical_liu_cong_ancillaries	3k_main_ceo_category_ancillary_weapon	0	3k_main_ancillary_weapon_single_edged_sword_common	character_equipment
702335350	3k_main_ceo_initial_data_character_historical_gurudun_ancillaries	3k_main_ceo_category_ancillary_weapon	0	3k_main_ancillary_weapon_two_handed_spear_common	character_equipment
702389715	3k_dlc06_initial_data_stage_character_ancillaries_historical_nanman_mangyachang	3k_main_ceo_category_ancillary_armour	0	3k_dlc06_ancillary_armour_nanman_mangyachang_unique	character_equipment
703045	3k_main_ceo_initial_data_character_historical_lu_fan_ironic_ancillaries	3k_main_ceo_category_ancillary_armour	0	3k_main_ancilliary_armour_lu_fan_ironic_armour_unique	character_equipment
703077252	3k_main_ceo_initial_data_character_historical_zao_zhi_ancillaries	3k_main_ceo_category_ancillary_mount	0	3k_main_ancillary_mount_brown_horse	character_equipment
704322602	3k_main_ceo_initial_data_character_historical_ma_teng_ancillaries	3k_main_ceo_category_ancillary_armour	0	3k_main_ancillary_armour_ma_tengs_armour_unique	character_equipment
705689154	3k_main_ceo_initial_data_character_historical_li_xian_ancillaries	3k_main_ceo_category_ancillary_weapon	0	3k_main_ancillary_weapon_double_edged_sword_common	character_equipment
707285391	3k_main_ceo_initial_data_character_historical_Luo_Tong_ancillaries	3k_main_ceo_category_ancillary_armour	0	3k_main_ancilliary_armour_Luo_Tong_armour_unique	character_equipment
708165	3k_main_ceo_initial_data_character_historical_que_xuan_ironic_ancillaries	3k_main_ceo_category_ancillary_mount	0	3k_main_ancillary_mount_black_horse	character_equipment
709309873	3k_main_ceo_initial_data_character_historical_lady_cai_ancillaries	3k_main_ceo_category_ancillary_weapon	0	3k_main_ancillary_weapon_single_edged_sword_common	character_equipment
709867884	3k_mtu_ceo_initial_data_character_historical_lady_zou_yuan_anicillaries	3k_main_ceo_category_ancillary_armour	0	3k_mtu_ancillary_armour_lady_zou_yuan_armour_unique	character_equipment
710134948	3k_ytr_ceo_initial_data_character_generic_water_ancillaries	3k_main_ceo_category_ancillary_weapon	0	3k_ytr_ancillary_weapon_staff_common	character_equipment
712696	3k_main_ceo_initial_data_character_historical_xu_kun_ironic_ancillaries	3k_main_ceo_category_ancillary_armour	0	3k_main_ancilliary_armour_xu_kun_ironic_armour_unique	character_equipment
712771734	3k_main_ceo_initial_data_character_historical_fan_liyan_ancillaries	3k_main_ceo_category_ancillary_armour	0	3k_main_ancilliary_armour_fan_liyan_armour_unique	character_equipment
714459056	ep_ceo_initial_data_character_generic_earth_ancillaries_01	3k_main_ceo_category_ancillary_armour	0	ep_ancillary_armour_light_armour_earth_extraordinary	character_equipment
715119648	3k_main_ceo_initial_data_character_historical_yuan_shao_ancillaries	3k_main_ceo_category_ancillary_weapon	0	3k_main_ancillary_weapon_double_edged_sword_refined	character_equipment
715518	3k_main_ceo_initial_data_character_historical_ling_cao_ironic_ancillaries	3k_main_ceo_category_ancillary_mount	0	3k_main_ancillary_mount_red_horse	character_equipment
715663	3k_main_ceo_initial_data_character_historical_sun_ben_ancillaries	3k_main_ceo_category_ancillary_weapon	0	3k_main_ancillary_weapon_two_handed_spear_common	character_equipment
716430873	3k_main_ceo_initial_data_character_historical_Chen_Dao_ancillaries	3k_main_ceo_category_ancillary_mount	0	3k_main_ancillary_mount_white_horse	character_equipment
71677100	3k_main_ceo_initial_data_character_historical_cai_xun_ancillaries	3k_main_ceo_category_ancillary_weapon	0	3k_main_ancillary_weapon_single_edged_sword_common	character_equipment
717706513	3k_main_ceo_initial_data_character_historical_Guan_Xing_ancillaries	3k_main_ceo_category_ancillary_armour	0	3k_main_ancilliary_armour_Guan_Xing_armour_unique	character_equipment
719070599	3k_main_ceo_initial_data_character_historical_song_jian_ancillaries	3k_main_ceo_category_ancillary_mount	0	3k_main_ancillary_mount_grey_horse	character_equipment
719735	3k_main_ceo_initial_data_character_historical_pan_juan_ancillaries	3k_main_ceo_category_ancillary_weapon	0	3k_main_ancillary_weapon_single_edged_sword_common	character_equipment
720742392	ep_ceo_initial_data_stage_character_historical_wang_bao_ancillaries	3k_main_ceo_category_ancillary_mount	0	3k_main_ancillary_mount_brown_horse	character_equipment
720845732	ep_ceo_initial_data_stage_character_historical_zhang_fang_ancillaries	3k_main_ceo_category_ancillary_armour	0	ep_ancillary_armour_heavy_armour_fire_unique	character_equipment
721848	3k_main_ceo_initial_data_character_historical_tong_yin_ancillaries	3k_main_ceo_category_ancillary_mount	0	3k_main_ancillary_mount_red_horse	character_equipment
72197197	3k_main_ceo_initial_data_character_historical_xi_zhicai_unique_ancillaries	3k_main_ceo_category_ancillary_weapon	0	3k_main_ancillary_weapon_single_edged_sword_common	character_equipment
72295127	3k_main_ceo_initial_data_character_historical_cao_qinghe_unique_ancillaries	3k_main_ceo_category_ancillary_armour	0	3k_main_ancilliary_armour_cao_qinghe_unique_armour_unique	character_equipment
72400424	3k_main_ceo_initial_data_character_historical_gongsun_du_ancillaries	3k_main_ceo_category_ancillary_weapon	0	3k_main_ancillary_weapon_double_edged_sword_common	character_equipment
724398	3k_main_ceo_initial_data_character_historical_yu_fan_ironic_ancillaries	3k_main_ceo_category_ancillary_weapon	0	3k_main_ancillary_weapon_single_edged_sword_common	character_equipment
7245567	3k_main_ceo_initial_data_character_historical_yang_hong_ancillaries	3k_main_ceo_category_ancillary_weapon	0	3k_main_ancillary_weapon_double_edged_sword_common	character_equipment
725112476	3k_main_ceo_initial_data_character_historical_zang_ba_ancillaries	3k_main_ceo_category_ancillary_mount	0	3k_main_ancillary_mount_brown_horse	character_equipment
72700265	3k_main_ceo_initial_data_character_historical_jueji_ancillaries	3k_main_ceo_category_ancillary_accessory	0	3k_main_ancillary_weapon_tribal_recurve_bow_exceptional	character_equipment
72733727	3k_main_ceo_initial_data_character_historical_huan_zhi_unique_ancillaries	3k_main_ceo_category_ancillary_mount	0	3k_main_ancillary_mount_brown_horse	character_equipment
727897547	3k_mtu_ceo_initial_data_character_historical_huang_zu_ancillaries	3k_main_ceo_category_ancillary_armour	0	3k_mtu_ancillary_armour_huang_zus_armour_unique	character_equipment
728185362	3k_main_ceo_initial_data_character_historical_zhang_heng_ancillaries	3k_main_ceo_category_ancillary_mount	0	3k_main_ancillary_mount_white_horse	character_equipment
728226833	3k_main_ceo_initial_data_character_historical_han_tong_ancillaries	3k_main_ceo_category_ancillary_weapon	0	3k_main_ancillary_weapon_hook_sickle_sabre_common	character_equipment
72839476	3k_main_ceo_initial_data_character_historical_ying_xun_ancillaries	3k_main_ceo_category_ancillary_armour	0	3k_main_ancilliary_armour_ying_xun_armour_unique	character_equipment
730763689	3k_main_ceo_initial_data_character_historical_hao_meng_ancillaries	3k_main_ceo_category_ancillary_weapon	0	3k_main_ancillary_weapon_two_handed_spear_common	character_equipment
73125674	3k_main_ceo_initial_data_character_historical_dong_he_unique_ironic_ancillaries	3k_main_ceo_category_ancillary_weapon	0	3k_main_ancillary_weapon_single_edged_sword_common	character_equipment
732781309	3k_main_ceo_initial_data_character_historical_qu_yi_ancillaries	3k_main_ceo_category_ancillary_accessory	0	3k_main_ancillary_weapon_crossbow_refined	character_equipment
733415	3k_main_ceo_initial_data_character_historical_zu_mao_ancillaries	3k_main_ceo_category_ancillary_mount	0	3k_main_ancillary_mount_brown_horse	character_equipment
734551675	3k_main_ceo_initial_data_character_historical_li_kan_ancillaries	3k_main_ceo_category_ancillary_weapon	0	3k_main_ancillary_weapon_hook_sicle_sabre_refined	character_equipment
735635739	3k_main_ceo_initial_data_character_historical_xianyu_fu_ancillaries	3k_main_ceo_category_ancillary_mount	0	3k_main_ancillary_mount_brown_horse	character_equipment
736205939	3k_main_ceo_initial_data_character_historical_huang_zu_ancillaries	3k_main_ceo_category_ancillary_armour	0	3k_main_ancillary_armour_medium_armour_wood_and_fire_common	character_equipment
738024376	3k_main_ceo_initial_data_character_historical_taishi_ci_ancillaries	3k_main_ceo_category_ancillary_weapon	0	3k_main_ancillary_weapon_single_edged_sword_common	character_equipment
738390	3k_main_ceo_initial_data_character_historical_zu_ting_ancillaries	3k_main_ceo_category_ancillary_mount	0	3k_main_ancillary_mount_brown_horse	character_equipment
739689965	3k_main_ceo_initial_data_character_historical_xin_pi_ancillaries	3k_main_ceo_category_ancillary_weapon	0	3k_main_ancillary_weapon_single_edged_sword_common	character_equipment
73988483	3k_main_ceo_initial_data_character_historical_Zhong_Hui_ancillaries	3k_main_ceo_category_ancillary_mount	0	3k_main_ancillary_mount_white_horse	character_equipment
739892129	3k_main_ceo_initial_data_character_historical_huang_wan_ancillaries	3k_main_ceo_category_ancillary_weapon	0	3k_main_ancillary_weapon_single_edged_sword_common	character_equipment
74044039	3k_main_ceo_initial_data_character_historical_leng_bao_unique_ancillaries	3k_main_ceo_category_ancillary_mount	0	3k_main_ancillary_mount_brown_horse	character_equipment
740526808	3k_main_ceo_initial_data_character_historical_zhao_fan_ancillaries	3k_main_ceo_category_ancillary_mount	0	3k_main_ancillary_mount_black_horse	character_equipment
742423423	ep_ceo_initial_data_stage_character_historical_lu_zhi_ancillaries	3k_main_ceo_category_ancillary_weapon	0	3k_main_ancillary_weapon_single_edged_sword_common	character_equipment
74278380	3k_main_ceo_initial_data_character_historical_zhang_song_unique_ancillaries	3k_main_ceo_category_ancillary_armour	0	3k_main_ancilliary_armour_zhang_song_unique_armour_unique	character_equipment
744321	3k_main_ceo_initial_data_character_historical_pan_shun_ancillaries	3k_main_ceo_category_ancillary_weapon	0	3k_main_ancillary_weapon_two_handed_spear_common	character_equipment
74471831	3k_main_ceo_initial_data_character_historical_liu_gui_unique_ancillaries	3k_main_ceo_category_ancillary_armour	0	3k_main_ancilliary_armour_liu_gui_unique_armour_unique	character_equipment
744820	3k_main_ceo_initial_data_character_historical_sun_shao_sun_ancillaries	3k_main_ceo_category_ancillary_mount	0	3k_main_ancillary_mount_red_horse	character_equipment
74488467	3k_main_ceo_initial_data_character_historical_ling_tong_fix_ancillaries	3k_main_ceo_category_ancillary_mount	0	3k_main_ancillary_mount_brown_horse	character_equipment
745920365	3k_main_ceo_initial_data_character_historical_han_xian_ytr_ancillaries	3k_main_ceo_category_ancillary_armour	0	3k_main_ancilliary_armour_han_xian_ytr_armour_unique	character_equipment
74653326	3k_main_ceo_initial_data_character_historical_huang_chengyan_ancillaries	3k_main_ceo_category_ancillary_armour	0	3k_main_ancilliary_armour_huang_chengyan_armour_unique	character_equipment
74677660	3k_main_ceo_initial_data_character_historical_ying_xun_ancillaries	3k_main_ceo_category_ancillary_weapon	0	3k_main_ancillary_weapon_two_handed_spear_common	character_equipment
74753827	3k_main_ceo_initial_data_character_historical_guo_si_ancillaries	3k_main_ceo_category_ancillary_armour	0	3k_main_ancilliary_armour_guo_si_armour_unique	character_equipment
749135990	ep_ceo_initial_data_character_generic_earth_ancillaries_01	3k_main_ceo_category_ancillary_weapon	0	3k_main_ancillary_weapon_double_edged_sword_common	character_equipment
750445438	3k_main_ceo_initial_data_character_historical_Suli_ancillaries	3k_main_ceo_category_ancillary_mount	0	3k_main_ancillary_mount_xianbei_horse	character_equipment
750755211	3k_main_ceo_initial_data_character_historical_lu_xun_ancillaries	3k_main_ceo_category_ancillary_mount	0	3k_main_ancillary_mount_black_horse	character_equipment
752430	3k_main_ceo_initial_data_character_historical_kan_ze_ironic_ancillaries	3k_main_ceo_category_ancillary_mount	0	3k_main_ancillary_mount_black_horse	character_equipment
753715057	3k_main_ceo_initial_data_character_historical_cao_xiu_ancillaries	3k_main_ceo_category_ancillary_mount	0	3k_main_ancillary_mount_red_horse	character_equipment
7563382	3k_main_ceo_initial_data_character_historical_ma_teng_ancillaries	3k_main_ceo_category_ancillary_mount	0	3k_main_ancillary_mount_red_horse	character_equipment
756533	3k_main_ceo_initial_data_character_historical_zu_mao_ancillaries	3k_main_ceo_category_ancillary_weapon	0	3k_main_ancillary_weapon_two_handed_spear_common	character_equipment
756672506	3k_mtu_ceo_initial_data_character_historical_lady_ma_lanli_ancillaries	3k_main_ceo_category_ancillary_weapon	0	3k_main_ancillary_weapon_double_edged_sword_common	character_equipment
75677088	ep_ceo_initial_data_character_generic_earth_ancillaries_02	3k_main_ceo_category_ancillary_mount	0	3k_main_ancillary_mount_white_horse	character_equipment
757910	3k_main_ceo_initial_data_character_historical_pan_zhang_ironic_ancillaries	3k_main_ceo_category_ancillary_mount	0	3k_main_ancillary_mount_red_horse	character_equipment
758835390	3k_main_ceo_initial_data_character_historical_wu_ban_ancillaries	3k_main_ceo_category_ancillary_mount	0	3k_main_ancillary_mount_red_horse	character_equipment
760007765	3k_main_ceo_initial_data_character_historical_chen_gui_ancillaries	3k_main_ceo_category_ancillary_weapon	0	3k_main_ancillary_weapon_single_edged_sword_common	character_equipment
761491	3k_main_ceo_initial_data_character_historical_chen_zhen_ancillaries	3k_main_ceo_category_ancillary_mount	0	3k_main_ancillary_mount_black_horse	character_equipment
761563863	3k_dlc05_ceo_initial_data_stage_character_historical_cao_xing_ancillaries	3k_main_ceo_category_ancillary_armour	0	3k_main_ancillary_armour_medium_armour_wood_and_fire_common	character_equipment
762057378	3k_mtu_ceo_initial_data_character_historical_lady_gongsun_jinting_ancillaries	3k_main_ceo_category_ancillary_mount	0	3k_main_ancillary_mount_black_horse	character_equipment
762686152	3k_main_ceo_initial_data_character_historical_mike_ancillaries	3k_main_ceo_category_ancillary_armour	0	3k_main_ancilliary_armour_mike_armour_unique	character_equipment
762750418	3k_mtu_ceo_initial_data_character_historical_lady_lu_zheng_ancillaries	3k_main_ceo_category_ancillary_mount	0	3k_main_ancillary_mount_black_horse	character_equipment
763468	3k_main_ceo_initial_data_character_historical_chen_bai_ironic_ancillaries	3k_main_ceo_category_ancillary_weapon	0	3k_main_ancillary_weapon_single_edged_sword_common	character_equipment
7638093	3k_main_ceo_initial_data_character_historical_chen_chao_ancillaries	3k_main_ceo_category_ancillary_weapon	0	3k_main_ancillary_weapon_two_handed_spear_common	character_equipment
764541419	3k_main_ceo_initial_data_character_historical_Kuitou_ancillaries	3k_main_ceo_category_ancillary_armour	0	3k_main_ancilliary_armour_Kuitou_armour_unique	character_equipment
766203894	3k_main_ceo_initial_data_character_historical_yang_feng_ancillaries	3k_main_ceo_category_ancillary_weapon	0	3k_main_ancillary_weapon_two_handed_spear_common	character_equipment
76861780	3k_dlc06_initial_data_stage_character_ancillaries_historical_nanman_xi_ni	3k_main_ceo_category_ancillary_armour	0	3k_dlc06_ancillary_armour_nanman_xi_ni_unique	character_equipment
768847	3k_main_ceo_initial_data_character_historical_zhu_huan_ironic_ancillaries	3k_main_ceo_category_ancillary_armour	0	3k_main_ancilliary_armour_zhu_huan_ironic_armour_unique	character_equipment
768910717	ep_ceo_initial_data_character_generic_water_ancillaries_01	3k_main_ceo_category_ancillary_mount	0	3k_main_ancillary_mount_black_horse	character_equipment
769816690	3k_main_ceo_initial_data_character_historical_Li_Yan_ancillaries	3k_main_ceo_category_ancillary_mount	0	3k_main_ancillary_mount_red_horse	character_equipment
770292	3k_main_ceo_initial_data_character_historical_sun_kuang_ancillaries	3k_main_ceo_category_ancillary_weapon	0	3k_main_ancillary_weapon_single_edged_sword_common	character_equipment
77110603	3k_main_ceo_initial_data_character_historical_xiang_chong_unique_ironic_ancillaries	3k_main_ceo_category_ancillary_mount	0	3k_main_ancillary_mount_red_horse	character_equipment
772262172	3k_main_ceo_initial_data_character_historical_wen_chou_ancillaries	3k_main_ceo_category_ancillary_accessory	0	3k_dlc07_ancillary_weapon_sequencer	character_equipment
772535	3k_main_ceo_initial_data_character_historical_zhu_ran_ancillaries	3k_main_ceo_category_ancillary_weapon	0	3k_main_ancillary_weapon_two_handed_spear_common	character_equipment
773562876	3k_main_ceo_initial_data_character_historical_geng_wu_ancillaries	3k_main_ceo_category_ancillary_weapon	0	3k_main_ancillary_weapon_double_edged_sword_common	character_equipment
774998107	ep_ceo_initial_data_character_generic_metal_ancillaries_01	3k_main_ceo_category_ancillary_mount	0	3k_main_ancillary_mount_grey_horse	character_equipment
77505051	ep_ceo_initial_data_character_generic_fire_ancillaries_02	3k_main_ceo_category_ancillary_mount	0	3k_main_ancillary_mount_red_horse	character_equipment
77532138	3k_main_ceo_initial_data_character_historical_mi_zhu_ancillaries	3k_main_ceo_category_ancillary_armour	0	3k_main_ancillary_armour_strategist_light_armour_water_common	character_equipment
775563911	3k_main_ceo_initial_data_character_historical_yuan_shang_ancillaries	3k_main_ceo_category_ancillary_mount	0	3k_main_ancillary_mount_grey_horse	character_equipment
777626792	3k_dlc04_ceo_initial_data_character_historical_zhang_jue_ancillaries	3k_main_ceo_category_ancillary_weapon	0	3k_dlc04_ancillary_weapon_staff_zhang_jue_unique	character_equipment
77864206	3k_main_ceo_initial_data_character_historical_zhang_song_unique_ancillaries	3k_main_ceo_category_ancillary_weapon	0	3k_main_ancillary_weapon_single_edged_sword_common	character_equipment
779447	3k_main_ceo_initial_data_character_historical_kuang_gan_ironic_ancillaries	3k_main_ceo_category_ancillary_mount	0	3k_main_ancillary_mount_black_horse	character_equipment
779498876	3k_main_ceo_initial_data_character_historical_lei_tong_ancillaries	3k_main_ceo_category_ancillary_weapon	0	3k_main_ancillary_weapon_two_handed_spear_common	character_equipment
779710264	3k_main_ceo_initial_data_character_historical_supuyan_ancillaries	3k_main_ceo_category_ancillary_armour	0	3k_main_ancilliary_armour_supuyan_armour_unique	character_equipment
781300485	3k_main_ceo_initial_data_character_historical_yan_pu_ancillaries	3k_main_ceo_category_ancillary_weapon	0	3k_main_ancillary_weapon_double_edged_sword_common	character_equipment
781499	3k_main_ceo_initial_data_character_historical_wan_bing_ironic_ancillaries	3k_main_ceo_category_ancillary_armour	0	3k_main_ancilliary_armour_wan_bing_ironic_armour_unique	character_equipment
782925008	3k_main_ceo_initial_data_character_historical_cao_shuang_ancillaries	3k_main_ceo_category_ancillary_weapon	0	3k_main_ancillary_weapon_two_handed_spear_exceptional	character_equipment
783067684	3k_main_ceo_initial_data_character_historical_wuyan_ancillaries	3k_main_ceo_category_ancillary_mount	0	3k_main_ancillary_mount_wuhuan_horse	character_equipment
783299817	3k_main_ceo_initial_data_character_historical_guo_yuan_ancillaries	3k_main_ceo_category_ancillary_mount	0	3k_main_ancillary_mount_red_stallion	character_equipment
783869	3k_main_ceo_initial_data_character_historical_pang_degong_ironic_water_ancillaries	3k_main_ceo_category_ancillary_mount	0	3k_main_ancillary_mount_black_horse	character_equipment
785443856	3k_main_ceo_initial_data_character_historical_liu_dan_ancillaries	3k_main_ceo_category_ancillary_armour	0	3k_ironic_ancilliary_armour_liu_dan_armour_unique	character_equipment
78601	3k_main_ceo_initial_data_character_historical_sun_lang_ancillaries	3k_main_ceo_category_ancillary_mount	0	3k_main_ancillary_mount_red_horse	character_equipment
787038	3k_main_ceo_initial_data_character_historical_bu_lianshi_ancillaries	3k_main_ceo_category_ancillary_mount	0	3k_main_ancillary_mount_black_horse	character_equipment
787325856	3k_main_ceo_initial_data_character_historical_liu_dai_ancillaries	3k_main_ceo_category_ancillary_weapon	0	3k_main_ancillary_weapon_single_edged_sword_common	character_equipment
787384154	3k_main_ceo_initial_data_character_historical_wen_chou_ancillaries	3k_main_ceo_category_ancillary_armour	0	3k_dlc07_ancillary_armour_wen_chou_armour_unique	character_equipment
789584008	3k_main_ceo_initial_data_character_historical_Fulohan_ancillaries	3k_main_ceo_category_ancillary_accessory	0	3k_main_ancillary_weapon_tribal_recurve_bow_exceptional	character_equipment
789890	3k_main_ceo_initial_data_character_historical_xu_sheng_ironic_ancillaries	3k_main_ceo_category_ancillary_mount	0	3k_main_ancillary_mount_white_horse	character_equipment
790043215	3k_main_ceo_initial_data_character_historical_chen_jiu_ancillaries	3k_main_ceo_category_ancillary_accessory	0	3k_main_ancillary_weapon_composite_bow_common	character_equipment
790954647	3k_main_ceo_initial_data_character_historical_huang_quan_ancillaries	3k_main_ceo_category_ancillary_armour	0	3k_ironic_ancilliary_armour_huang_quan_armour_unique	character_equipment
791237427	3k_main_ceo_initial_data_character_historical_zang_hong_ancillaries	3k_main_ceo_category_ancillary_weapon	0	3k_main_ancillary_weapon_double_edged_sword_common	character_equipment
792663859	3k_main_ceo_initial_data_character_historical_liu_pan_ancillaries	3k_main_ceo_category_ancillary_mount	0	3k_main_ancillary_mount_white_horse	character_equipment
794292786	3k_main_ceo_initial_data_character_historical_agui_ancillaries	3k_main_ceo_category_ancillary_mount	0	3k_main_ancillary_mount_brown_horse	character_equipment
795230	3k_main_ceo_initial_data_character_historical_you_tu_ancillaries	3k_main_ceo_category_ancillary_armour	0	3k_main_ancilliary_armour_you_tu_armour_unique	character_equipment
795543022	3k_main_ceo_initial_data_character_historical_tuoba_liwei_ancillaries	3k_main_ceo_category_ancillary_mount	0	3k_main_ancillary_mount_xianbei_horse	character_equipment
796215348	3k_main_ceo_initial_data_character_historical_shi_xie_ancillaries	3k_main_ceo_category_ancillary_mount	0	3k_main_ancillary_mount_black_horse	character_equipment
79624514	3k_main_ceo_initial_data_character_historical_zhou_ang_ancillaries	3k_main_ceo_category_ancillary_weapon	0	3k_main_ancillary_weapon_single_edged_sword_common	character_equipment
796289643	3k_main_ceo_initial_data_character_historical_liu_yu_ancillaries	3k_main_ceo_category_ancillary_weapon	0	3k_main_ancillary_weapon_single_edged_sword_common	character_equipment
797203	3k_main_ceo_initial_data_character_historical_sun_hao_ancillaries	3k_main_ceo_category_ancillary_mount	0	3k_main_ancillary_mount_black_horse	character_equipment
797338578	3k_main_ceo_initial_data_character_historical_cheng_yin_ancillaries	3k_main_ceo_category_ancillary_weapon	0	3k_ytr_ancillary_weapon_dual_maces_refined	character_equipment
798366	3k_main_ceo_initial_data_character_historical_lu_dai_ancillaries	3k_main_ceo_category_ancillary_mount	0	3k_main_ancillary_mount_red_horse	character_equipment
799423044	3k_main_ceo_initial_data_character_historical_bi_jieyan_ancillaries	3k_main_ceo_category_ancillary_mount	0	3k_main_ancillary_mount_white_horse	character_equipment
80075295	3k_main_ceo_initial_data_character_historical_shi_huang_sg_ancillaries	3k_main_ceo_category_ancillary_weapon	0	3k_main_ancillary_weapon_single_edged_sword_common	character_equipment
803595	3k_main_ceo_initial_data_character_historical_xu_sheng_ironic_ancillaries	3k_main_ceo_category_ancillary_armour	0	3k_main_ancilliary_armour_xu_sheng_ironic_armour_unique	character_equipment
80371208	3k_ytr_ceo_initial_data_character_historical_pei_yuanshao_ancillaries	3k_main_ceo_category_ancillary_weapon	0	3k_ytr_ancillary_weapon_2h_ball_mace_refined	character_equipment
803806453	3k_main_ceo_initial_data_character_historical_zang_hong_ancillaries	3k_main_ceo_category_ancillary_mount	0	3k_main_ancillary_mount_grey_horse	character_equipment
804220	3k_main_ceo_initial_data_character_historical_zu_lang_ancillaries	3k_main_ceo_category_ancillary_weapon	0	3k_main_ancillary_weapon_two_handed_spear_common	character_equipment
804867	3k_main_ceo_initial_data_character_historical_xu_shao_ironic_ancillaries	3k_main_ceo_category_ancillary_armour	0	3k_main_ancilliary_armour_xu_shao_ironic_armour_unique	character_equipment
80500336	3k_main_ceo_initial_data_character_historical_cheng_bing_unique_ironic_ancillaries	3k_main_ceo_category_ancillary_weapon	0	3k_main_ancillary_weapon_single_edged_sword_common	character_equipment
806473	3k_main_ceo_initial_data_character_historical_wan_bing_ironic_ancillaries	3k_main_ceo_category_ancillary_mount	0	3k_main_ancillary_mount_grey_horse	character_equipment
808197169	3k_main_ceo_initial_data_character_historical_huo_jun_ancillaries	3k_main_ceo_category_ancillary_mount	0	3k_main_ancillary_mount_red_horse	character_equipment
80834489	3k_main_ceo_initial_data_character_historical_pan_jun_unique_ancillaries	3k_main_ceo_category_ancillary_armour	0	3k_main_ancilliary_armour_pan_jun_unique_armour_unique	character_equipment
810048365	3k_main_ceo_initial_data_character_historical_tao_qian_ancillaries	3k_main_ceo_category_ancillary_mount	0	3k_main_ancillary_mount_black_horse	character_equipment
81092884	3k_main_ceo_initial_data_character_historical_nangong_xinyu_unique_ancillaries	3k_main_ceo_category_ancillary_weapon	0	3k_main_ancillary_weapon_single_edged_sword_common	character_equipment
81124540	3k_dlc04_ceo_initial_data_character_historical_he_jin_ancillaries	3k_main_ceo_category_ancillary_weapon	0	3k_main_ancillary_weapon_one_handed_axe_common	character_equipment
811478693	3k_main_ceo_initial_data_character_historical_ma_wan_ancillaries	3k_main_ceo_category_ancillary_armour	0	3k_main_ancilliary_armour_ma_wan_armour_unique	character_equipment
8133282	3k_main_ceo_initial_data_character_historical_wang_xiang_unique_ironic_ancillaries	3k_main_ceo_category_ancillary_weapon	0	3k_main_ancillary_weapon_single_edged_sword_common	character_equipment
81369677	3k_main_ceo_initial_data_character_historical_chen_wu_unique_ancillaries	3k_main_ceo_category_ancillary_weapon	0	3k_main_ancillary_weapon_double_edged_sword_common	character_equipment
814993745	3k_main_ceo_initial_data_character_historical_mi_zhu_ancillaries	3k_main_ceo_category_ancillary_weapon	0	3k_main_ancillary_weapon_single_edged_sword_common	character_equipment
8174499	3k_main_ceo_initial_data_character_historical_ma_zhong_unique_ancillaries	3k_main_ceo_category_ancillary_weapon	0	3k_main_ancillary_weapon_two_handed_spear_common	character_equipment
817503554	3k_main_ceo_initial_data_character_historical_ze_yue_ancillaries	3k_main_ceo_category_ancillary_weapon	0	3k_main_ancillary_weapon_double_edged_sword_common	character_equipment
81826	3k_main_ceo_initial_data_character_historical_sun_kuang_ancillaries	3k_main_ceo_category_ancillary_mount	0	3k_main_ancillary_mount_white_horse	character_equipment
818452148	3k_dlc04_ceo_initial_data_character_historical_non_deployable_han_kui_ancillaries	3k_main_ceo_category_ancillary_weapon	0	3k_main_ancillary_weapon_single_edged_sword_common	character_equipment
81859701	3k_main_ceo_initial_data_character_historical_hua_ji_unique_ancillaries	3k_main_ceo_category_ancillary_weapon	0	3k_main_ancillary_weapon_two_handed_spear_common	character_equipment
81919749	3k_main_ceo_initial_data_character_historical_su_dai_unique_ancillaries	3k_main_ceo_category_ancillary_weapon	0	3k_main_ancillary_weapon_two_handed_spear_common	character_equipment
819567619	3k_main_ceo_initial_data_character_historical_Kebineng_ancillaries	3k_main_ceo_category_ancillary_weapon	0	3k_main_ancillary_weapon_double_edged_sword_common	character_equipment
81981686	3k_main_ceo_initial_data_character_historical_lu_ji_ancillaries	3k_main_ceo_category_ancillary_mount	0	3k_main_ancillary_mount_black_horse	character_equipment
820494940	3k_main_ceo_initial_data_character_historical_syiyan_ancillaries	3k_main_ceo_category_ancillary_mount	0	3k_main_ancillary_mount_grey_horse	character_equipment
821949091	3k_main_ceo_initial_data_character_historical_yan_pu_ancillaries	3k_main_ceo_category_ancillary_armour	0	3k_ironic_ancilliary_armour_yan_pu_armour_unique	character_equipment
8219907	3k_main_ceo_initial_data_character_historical_hua_xiong_ancillaries	3k_main_ceo_category_ancillary_weapon	0	3k_ironic_ancillary_weapon_hua_xiong_glaive_unique	character_equipment
822582054	3k_main_ceo_initial_data_character_generic_fire_ancillaries_01	3k_main_ceo_category_ancillary_weapon	0	3k_main_ancillary_weapon_two_handed_spear_common	character_equipment
824882	3k_main_ceo_initial_data_character_historical_lu_qian_ancillaries	3k_main_ceo_category_ancillary_armour	0	3k_main_ancilliary_armour_lu_qian_armour_unique	character_equipment
825286	3k_main_ceo_initial_data_character_historical_jiang_gan_ancillaries	3k_main_ceo_category_ancillary_weapon	0	3k_main_ancillary_weapon_single_edged_sword_common	character_equipment
826192158	3k_main_ceo_initial_data_character_historical_yan_gang_ancillaries	3k_main_ceo_category_ancillary_mount	0	3k_main_ancillary_mount_red_horse	character_equipment
82673916	3k_main_ceo_initial_data_character_historical_xing_daorong_unique_ironic_ancillaries	3k_main_ceo_category_ancillary_mount	0	3k_main_ancillary_mount_brown_horse	character_equipment
826756443	3k_main_ceo_initial_data_character_historical_yang_ang_ancillaries	3k_main_ceo_category_ancillary_weapon	0	3k_main_ancillary_weapon_two_handed_spear_common	character_equipment
827161	3k_main_ceo_initial_data_character_historical_ke_wu_ancillaries	3k_main_ceo_category_ancillary_armour	0	3k_main_ancilliary_armour_ke_wu_armour_unique	character_equipment
827262385	3k_mtu_ceo_initial_data_character_historical_lady_cai_yan_ancillaries	3k_main_ceo_category_ancillary_weapon	0	3k_main_ancillary_weapon_single_edged_sword_common	character_equipment
827496	3k_main_ceo_initial_data_character_historical_ding_feng_ancillaries	3k_main_ceo_category_ancillary_mount	0	3k_main_ancillary_mount_brown_horse	character_equipment
827581085	3k_main_ceo_initial_data_character_historical_sima_ju_ytr_ancillaries	3k_main_ceo_category_ancillary_mount	0	3k_main_ancillary_mount_grey_horse	character_equipment
828120522	3k_main_ceo_initial_data_character_historical_zhu_jun_ancillaries	3k_main_ceo_category_ancillary_armour	0	3k_main_ancilliary_armour_zhu_jun_armour_unique	character_equipment
829278936	3k_main_ceo_initial_data_character_generic_fire_ancillaries_02	3k_main_ceo_category_ancillary_weapon	0	3k_main_ancillary_weapon_two_handed_spear_common	character_equipment
829927601	3k_main_ceo_initial_data_character_historical_lu_xun_ancillaries	3k_main_ceo_category_ancillary_weapon	0	3k_main_ancillary_weapon_single_edged_sword_common	character_equipment
830622197	3k_main_ceo_initial_data_character_historical_ji_ben_ancillaries	3k_main_ceo_category_ancillary_armour	0	3k_main_ancilliary_armour_ji_ben_armour_unique	character_equipment
830767509	3k_mtu_ceo_initial_data_character_historical_chunyu_qiong_ancillaries	3k_main_ceo_category_ancillary_weapon	0	3k_mtu_ancillary_weapon_phoenix_beak_faction	character_equipment
831130	3k_main_ceo_initial_data_character_historical_wen_qin_ironic_ancillaries	3k_main_ceo_category_ancillary_mount	0	3k_main_ancillary_mount_white_horse	character_equipment
831175786	3k_main_ceo_initial_data_character_historical_gao_shun_ancillaries	3k_main_ceo_category_ancillary_armour	0	3k_dlc05_ancilliary_armour_gao_shun_armour_unique	character_equipment
831440	3k_main_ceo_initial_data_character_historical_fan_yufeng_ancillaries	3k_main_ceo_category_ancillary_armour	0	3k_main_ancilliary_armour_fan_yufeng_armour_unique	character_equipment
831954100	3k_main_ceo_initial_data_character_historical_lu_ju_ancillaries	3k_main_ceo_category_ancillary_weapon	0	3k_main_ancillary_weapon_single_edged_sword_common	character_equipment
83259808	3k_main_ceo_initial_data_character_historical_liu_ba_unique_ironic_ancillaries	3k_main_ceo_category_ancillary_weapon	0	3k_main_ancillary_weapon_single_edged_sword_common	character_equipment
832757682	3k_main_ceo_initial_data_character_historical_tadun_ancillaries	3k_main_ceo_category_ancillary_armour	0	3k_main_ancilliary_armour_tadun_armour_unique	character_equipment
83310675	3k_main_ceo_initial_data_character_historical_zhang_yi_unique_ancillaries	3k_main_ceo_category_ancillary_armour	0	3k_main_ancilliary_armour_zhang_yi_unique_armour_unique	character_equipment
833201664	3k_main_ceo_initial_data_character_historical_zhu_gui_ancillaries	3k_main_ceo_category_ancillary_armour	0	3k_ironic_ancilliary_armour_zhu_gui_armour_unique	character_equipment
83375770	3k_main_ceo_initial_data_character_historical_su_dai_unique_ancillaries	3k_main_ceo_category_ancillary_mount	0	3k_main_ancillary_mount_brown_horse	character_equipment
834513	3k_main_ceo_initial_data_character_historical_puyang_lian_ironic_ancillaries	3k_main_ceo_category_ancillary_armour	0	3k_main_ancilliary_armour_puyang_lian_ironic_armour_unique	character_equipment
834760816	3k_main_ceo_initial_data_character_historical_huanglong_ancillaries	3k_main_ceo_category_ancillary_armour	0	3k_main_ancilliary_armour_huanglong_armour_unique	character_equipment
834797144	3k_main_ceo_initial_data_character_historical_qin_yilu_ancillaries	3k_main_ceo_category_ancillary_mount	0	3k_main_ancillary_mount_red_horse	character_equipment
836564636	3k_main_ceo_initial_data_character_historical_zhang_liao_ancillaries	3k_dlc05_ceo_category_ancillary_titles	0	3k_dlc05_ancillary_title_senior_officer	character_equipment
836621	3k_main_ceo_initial_data_character_historical_ling_tong_ironic_ancillaries	3k_main_ceo_category_ancillary_armour	0	3k_main_ancilliary_armour_ling_tong_ironic_armour_unique	character_equipment
837226007	3k_main_ceo_initial_data_character_generic_water_ancillaries_01	3k_main_ceo_category_ancillary_weapon	0	3k_main_ancillary_weapon_single_edged_sword_common	character_equipment
837369137	3k_main_ceo_initial_data_character_historical_zuo_ci_ancillaries	3k_main_ceo_category_ancillary_armour	0	3k_main_ancilliary_armour_zuo_ci_armour_unique	character_equipment
83874148	3k_main_ceo_initial_data_character_historical_shi_wei_unique_ancillaries	3k_main_ceo_category_ancillary_mount	0	3k_main_ancillary_mount_grey_horse	character_equipment
839395942	3k_main_ceo_initial_data_character_historical_Wang_Yi_ancillaries	3k_main_ceo_category_ancillary_weapon	0	3k_main_ancillary_weapon_single_edged_sword_common	character_equipment
840264516	3k_main_ceo_initial_data_character_historical_gujin_ancillaries	3k_main_ceo_category_ancillary_weapon	0	3k_main_ancillary_weapon_two_handed_spear_common	character_equipment
840988	3k_main_ceo_initial_data_character_historical_bu_lianshi_ancillaries	3k_main_ceo_category_ancillary_armour	0	3k_main_ancilliary_armour_bu_lianshi_armour_unique	character_equipment
841122871	ep_ceo_initial_data_stage_character_historical_sima_ju_ancillaries	3k_main_ceo_category_ancillary_weapon	0	3k_main_ancillary_weapon_double_edged_sword_common	character_equipment
841187872	3k_main_ceo_initial_data_character_historical_lady_liu_ancillaries	3k_main_ceo_category_ancillary_weapon	0	3k_main_ancillary_weapon_single_edged_sword_common	character_equipment
84123335	3k_mtu_ceo_initial_data_character_historical_guan_xing_anicillaries	3k_main_ceo_category_ancillary_armour	0	3k_mtu_ancillary_armour_guan_xings_armour_unique	character_equipment
84124215	3k_main_ceo_initial_data_character_historical_xue_zong_unique_ironic_ancillaries	3k_main_ceo_category_ancillary_weapon	0	3k_main_ancillary_weapon_single_edged_sword_common	character_equipment
841407079	3k_main_ceo_initial_data_character_historical_lady_wu_xian_ancillaries	3k_main_ceo_category_ancillary_mount	0	3k_main_ancillary_mount_black_horse	character_equipment
842332	3k_main_ceo_initial_data_character_historical_zhu_lian_ironic_ancillaries	3k_main_ceo_category_ancillary_mount	0	3k_main_ancillary_mount_grey_horse	character_equipment
84264232	3k_main_ceo_initial_data_character_historical_shi_kuang_unique_ancillaries	3k_main_ceo_category_ancillary_armour	0	3k_main_ancilliary_armour_shi_kuang_unique_armour_unique	character_equipment
84282935	3k_main_ceo_initial_data_character_historical_su_dai_unique_ancillaries	3k_main_ceo_category_ancillary_armour	0	3k_main_ancilliary_armour_su_dai_unique_armour_unique	character_equipment
84396965	3k_main_ceo_initial_data_character_historical_han_ji_unique_ironic_ancillaries	3k_main_ceo_category_ancillary_mount	0	3k_main_ancillary_mount_black_horse	character_equipment
845082459	3k_main_ceo_initial_data_character_historical_lady_zhang_xiangyang_ancillaries	3k_main_ceo_category_ancillary_mount	0	3k_main_ancillary_mount_grey_horse	character_equipment
845552	3k_main_ceo_initial_data_character_historical_guo_xian_ancillaries	3k_main_ceo_category_ancillary_weapon	0	3k_main_ancillary_weapon_double_edged_sword_common	character_equipment
84583689	3k_main_ceo_initial_data_character_historical_zhang_ni_unique_ancillaries	3k_main_ceo_category_ancillary_mount	0	3k_main_ancillary_mount_brown_horse	character_equipment
846297	3k_main_ceo_initial_data_character_historical_cai_yang_ancillaries	3k_main_ceo_category_ancillary_weapon	0	3k_main_ancillary_weapon_single_edged_sword_common	character_equipment
84755938	3k_main_ceo_initial_data_character_historical_liu_du_unique_ironic_ancillaries	3k_main_ceo_category_ancillary_weapon	0	3k_main_ancillary_weapon_single_edged_sword_common	character_equipment
848448303	3k_main_ceo_initial_data_character_historical_yin_li_ancillaries	3k_main_ceo_category_ancillary_armour	0	3k_main_ancilliary_armour_yin_li_armour_unique	character_equipment
849361	3k_main_ceo_initial_data_character_historical_xu_gong_ironic_ancillaries	3k_main_ceo_category_ancillary_mount	0	3k_main_ancillary_mount_red_horse	character_equipment
849515	3k_main_ceo_initial_data_character_historical_zheng_mao_ancillaries	3k_main_ceo_category_ancillary_mount	0	3k_main_ancillary_mount_black_horse	character_equipment
849990467	ep_ceo_initial_data_character_generic_fire_ancillaries_01	3k_main_ceo_category_ancillary_mount	0	3k_main_ancillary_mount_red_horse	character_equipment
851296412	3k_main_ceo_initial_data_character_historical_lian_zhi_ancillaries	3k_main_ceo_category_ancillary_armour	0	3k_main_ancilliary_armour_lian_zhi_armour_unique	character_equipment
851893778	3k_main_ceo_initial_data_character_historical_zhao_e_ancillaries	3k_main_ceo_category_ancillary_weapon	0	3k_main_ancillary_weapon_double_edged_sword_common	character_equipment
852544	3k_main_ceo_initial_data_character_historical_wu_huan_ytr_ancillaries	3k_main_ceo_category_ancillary_mount	0	3k_main_ancillary_mount_grey_horse	character_equipment
853107174	3k_main_ceo_initial_data_character_historical_sun_quan_ancillaries	3k_main_ceo_category_ancillary_armour	0	3k_main_ancillary_armour_sun_quans_armour_unique	character_equipment
853616023	3k_mtu_ceo_initial_data_character_historical_lady_ma_lanli_ancillaries	3k_main_ceo_category_ancillary_accessory	0	3k_mtu_ancillary_weapon_goshawk	character_equipment
854006924	3k_main_ceo_initial_data_character_historical_xu_huang_ancillaries	3k_main_ceo_category_ancillary_armour	0	3k_main_ancillary_armour_xu_huangs_armour_unique	character_equipment
854593116	3k_main_ceo_initial_data_character_historical_dou_mao_ancillaries	3k_main_ceo_category_ancillary_armour	0	3k_main_ancilliary_armour_dou_mao_armour_unique	character_equipment
85530394	3k_main_ceo_initial_data_character_historical_han_lian_ancillaries	3k_main_ceo_category_ancillary_weapon	0	3k_main_ancillary_weapon_single_edged_sword_common	character_equipment
855493359	3k_dlc04_ceo_initial_data_character_historical_huangfu_song_ancillaries	3k_main_ceo_category_ancillary_armour	0	3k_dlc04_ancillary_armour_huangfu_songs_armour_unique	character_equipment
856522622	3k_main_ceo_initial_data_character_historical_du_ji_ancillaries	3k_main_ceo_category_ancillary_weapon	0	3k_main_ancillary_weapon_two_handed_spear_common	character_equipment
856814	3k_main_ceo_initial_data_character_historical_kang_qinmeng_ironic_ancillaries	3k_main_ceo_category_ancillary_weapon	0	3k_main_ancillary_weapon_single_edged_sword_common	character_equipment
858225755	3k_main_ceo_initial_data_character_historical_chen_wen_ancillaries	3k_main_ceo_category_ancillary_armour	0	3k_main_ancilliary_armour_chen_wen_armour_unique	character_equipment
858891	3k_main_ceo_initial_data_character_historical_sun_yu_ancillaries	3k_main_ceo_category_ancillary_mount	0	3k_main_ancillary_mount_grey_horse	character_equipment
858947659	3k_main_ceo_initial_data_character_historical_zhang_chao_ancillaries	3k_main_ceo_category_ancillary_weapon	0	3k_main_ancillary_weapon_double_edged_sword_common	character_equipment
859634214	3k_main_ceo_initial_data_character_historical_gongsun_kang_ancillaries	3k_main_ceo_category_ancillary_weapon	0	3k_main_ancillary_weapon_single_edged_sword_common	character_equipment
860827362	3k_main_ceo_initial_data_character_historical_Sima_Shi_ancillaries	3k_main_ceo_category_ancillary_weapon	0	3k_main_ancillary_weapon_single_edged_sword_common	character_equipment
861200920	3k_main_ceo_initial_data_character_historical_lady_liu_zhang_ancillaries	3k_main_ceo_category_ancillary_mount	0	3k_main_ancillary_mount_black_horse	character_equipment
861919	3k_main_ceo_initial_data_character_historical_xiahou_shang_ancillaries	3k_main_ceo_category_ancillary_mount	0	3k_main_ancillary_mount_red_horse	character_equipment
862163895	3k_main_ceo_initial_data_character_historical_tian_kai_ancillaries	3k_main_ceo_category_ancillary_weapon	0	3k_main_ancillary_weapon_double_edged_sword_common	character_equipment
863530648	3k_main_ceo_initial_data_character_historical_ma_tie_ancillaries	3k_main_ceo_category_ancillary_armour	0	3k_ironic_ancilliary_armour_ma_tie_armour_unique	character_equipment
86401913	3k_main_ceo_initial_data_character_historical_shi_wu_unique_ancillaries	3k_main_ceo_category_ancillary_weapon	0	3k_main_ancillary_weapon_two_handed_spear_common	character_equipment
864325	3k_main_ceo_initial_data_character_historical_jiang_qin_ancillaries	3k_main_ceo_category_ancillary_weapon	0	3k_main_ancillary_weapon_two_handed_spear_common	character_equipment
865219171	3k_main_ceo_initial_data_character_historical_lady_yan_ancillaries	3k_main_ceo_category_ancillary_armour	0	3k_main_ancilliary_armour_lady_yan_armour_unique	character_equipment
865296	3k_main_ceo_initial_data_character_historical_sun_shi_ironic_ancillaries	3k_main_ceo_category_ancillary_armour	0	3k_main_ancilliary_armour_sun_shi_ironic_armour_unique	character_equipment
86538013	3k_main_ceo_initial_data_character_historical_huan_lin_unique_ancillaries	3k_main_ceo_category_ancillary_mount	0	3k_main_ancillary_mount_grey_horse	character_equipment
867465306	3k_dlc06_initial_data_stage_character_ancillaries_generic_nanman_fire	3k_main_ceo_category_ancillary_armour	0	3k_dlc06_ancillary_armour_nanman_medium_common	character_equipment
869306197	3k_main_ceo_initial_data_character_historical_liang_xing_ancillaries	3k_main_ceo_category_ancillary_weapon	0	3k_main_ancillary_weapon_dual_swords_refined	character_equipment
86993636	3k_main_ceo_initial_data_character_historical_jin_xuan_unique_ancillaries	3k_main_ceo_category_ancillary_weapon	0	3k_main_ancillary_weapon_single_edged_sword_common	character_equipment
870606609	ep_ceo_initial_data_character_generic_fire_ancillaries_02	3k_main_ceo_category_ancillary_armour	0	ep_ancillary_armour_medium_armour_fire_extraordinary	character_equipment
8708317	3k_main_ceo_initial_data_character_historical_ganwiego_ancillaries	3k_main_ceo_category_ancillary_mount	0	3k_main_ancillary_mount_red_horse	character_equipment
871503983	3k_main_ceo_initial_data_character_historical_lady_zhen_ancillaries	3k_main_ceo_category_ancillary_armour	0	3k_dlc07_ancillary_armour_lady_zhen_armour_unique	character_equipment
871915275	3k_main_ceo_initial_data_character_historical_sun_shao_ancillaries	3k_main_ceo_category_ancillary_weapon	0	3k_main_ancillary_weapon_double_edged_sword_common	character_equipment
87253186	3k_main_ceo_initial_data_character_historical_cao_qinghe_unique_ancillaries	3k_main_ceo_category_ancillary_weapon	0	3k_main_ancillary_weapon_double_edged_sword_common	character_equipment
873198778	3k_main_ceo_initial_data_character_historical_zhang_fu_ancillaries	3k_main_ceo_category_ancillary_weapon	0	3k_main_ancillary_weapon_halberd_common	character_equipment
87332009	3k_main_ceo_initial_data_character_historical_liu_ba_unique_ironic_ancillaries	3k_main_ceo_category_ancillary_armour	0	3k_main_ancilliary_armour_liu_ba_unique_ironic_armour_unique	character_equipment
873559986	3k_main_ceo_initial_data_character_historical_ma_chao_ancillaries	3k_main_ceo_category_ancillary_weapon	0	3k_mtu_ancillary_weapon_comet_spear	character_equipment
87388080	3k_main_ceo_initial_data_character_historical_deng_xian_unique_ironic_ancillaries	3k_main_ceo_category_ancillary_mount	0	3k_main_ancillary_mount_brown_horse	character_equipment
875139700	3k_main_ceo_initial_data_character_historical_ma_chao_ancillaries	3k_main_ceo_category_ancillary_mount	0	3k_main_ancillary_mount_red_horse	character_equipment
875330	3k_main_ceo_initial_data_character_historical_sun_fu_ancillaries	3k_main_ceo_category_ancillary_weapon	0	3k_main_ancillary_weapon_single_edged_sword_common	character_equipment
87644269	3k_main_ceo_initial_data_character_historical_ma_midi_ancillaries	3k_main_ceo_category_ancillary_armour	0	3k_main_ancilliary_armour_ma_midi_armour_unique	character_equipment
876612	3k_main_ceo_initial_data_character_historical_pan_lin_ancillaries	3k_main_ceo_category_ancillary_armour	0	3k_main_ancilliary_armour_pan_lin_armour_unique	character_equipment
87746584	3k_main_ceo_initial_data_character_historical_zhuge_ke_ancillaries	3k_main_ceo_category_ancillary_mount	0	3k_main_ancillary_mount_white_horse	character_equipment
877637730	3k_main_ceo_initial_data_character_historical_liu_biao_ancillaries	3k_main_ceo_category_ancillary_armour	0	3k_main_ancillary_armour_liu_biaos_armour_unique	character_equipment
877708590	3k_dlc04_ceo_initial_data_character_historical_non_deployable_gao_wang_ancillaries	3k_main_ceo_category_ancillary_mount	0	3k_main_ancillary_mount_grey_horse	character_equipment
878828	3k_main_ceo_initial_data_character_historical_han_xuan_ironic_ancillaries	3k_main_ceo_category_ancillary_armour	0	3k_main_ancilliary_armour_han_xuan_ironic_armour_unique	character_equipment
879592557	3k_main_ceo_initial_data_character_historical_zhang_ren_ancillaries	3k_main_ceo_category_ancillary_armour	0	3k_ironic_ancilliary_armour_zhang_ren_armour_unique	character_equipment
88012972	3k_main_ceo_initial_data_character_historical_chen_jiu_ancillaries	3k_main_ceo_category_ancillary_weapon	0	3k_main_ancillary_weapon_two_handed_spear_common	character_equipment
880928782	3k_main_ceo_initial_data_character_historical_wu_kuang_ancillaries	3k_main_ceo_category_ancillary_weapon	0	3k_main_ancillary_weapon_one_handed_axe_common	character_equipment
881141	3k_main_ceo_initial_data_character_historical_xu_kun_ironic_ancillaries	3k_main_ceo_category_ancillary_weapon	0	3k_main_ancillary_weapon_two_handed_spear_common	character_equipment
881152191	3k_main_ceo_initial_data_character_historical_zhang_miao_ancillaries	3k_main_ceo_category_ancillary_armour	0	3k_main_ancilliary_armour_zhang_miao_armour_unique	character_equipment
881390	3k_main_ceo_initial_data_character_historical_zhu_zhi_ancillaries	3k_main_ceo_category_ancillary_weapon	0	3k_main_ancillary_weapon_double_edged_sword_common	character_equipment
882022752	3k_main_ceo_initial_data_character_historical_hua_tuo_ancillaries	3k_main_ceo_category_ancillary_accessory	0	3k_main_ancillary_accessory_hua_tuos_manual	character_equipment
882118098	3k_main_ceo_initial_data_character_historical_pang_yu_ancillaries	3k_main_ceo_category_ancillary_mount	0	3k_main_ancillary_mount_brown_horse	character_equipment
883295428	3k_main_ceo_initial_data_character_historical_liu_yan_ancillaries	3k_main_ceo_category_ancillary_mount	0	3k_main_ancillary_mount_black_horse	character_equipment
88399643	3k_main_ceo_initial_data_character_historical_dong_zhuo_ancillaries	3k_main_ceo_category_ancillary_armour	0	3k_main_ancillary_armour_dong_zhuos_armour_unique	character_equipment
88524247	3k_main_ceo_initial_data_character_historical_shi_wu_unique_ancillaries	3k_main_ceo_category_ancillary_armour	0	3k_main_ancilliary_armour_shi_wu_unique_armour_unique	character_equipment
885835	3k_main_ceo_initial_data_character_historical_hou_yin_ancillaries	3k_main_ceo_category_ancillary_armour	0	3k_main_ancilliary_armour_hou_yin_armour_unique	character_equipment
886116824	3k_main_ceo_initial_data_character_historical_zhang_miao_ancillaries	3k_main_ceo_category_ancillary_mount	0	3k_main_ancillary_mount_black_horse	character_equipment
887678213	3k_mtu_ceo_initial_data_character_historical_lady_ma_yunlu_ancillaries	3k_main_ceo_category_ancillary_weapon	0	3k_mtu_ancillary_weapon_hidden_flow_faction	character_equipment
888441754	3k_main_ceo_initial_data_character_historical_zhang_wei_ancillaries	3k_main_ceo_category_ancillary_weapon	0	3k_main_ancillary_weapon_single_edged_sword_common	character_equipment
888810945	3k_main_ceo_initial_data_character_historical_zhang_gong_ancillaries	3k_main_ceo_category_ancillary_armour	0	3k_main_ancilliary_armour_zhang_gong_armour_unique	character_equipment
889983022	3k_main_ceo_initial_data_character_historical_agui_ancillaries	3k_main_ceo_category_ancillary_weapon	0	3k_main_ancillary_weapon_two_handed_spear_common	character_equipment
89000132	3k_main_ceo_initial_data_character_historical_wu_chen_unique_ancillaries	3k_main_ceo_category_ancillary_armour	0	3k_main_ancilliary_armour_wu_chen_unique_armour_unique	character_equipment
89135913	3k_main_ceo_initial_data_character_historical_nanlou_ancillaries	3k_main_ceo_category_ancillary_weapon	0	3k_main_ancillary_weapon_two_handed_spear_common	character_equipment
892318	3k_main_ceo_initial_data_character_historical_wang_song_ancillaries	3k_main_ceo_category_ancillary_mount	0	3k_main_ancillary_mount_black_horse	character_equipment
89278604	3k_main_ceo_initial_data_character_historical_ni_xiaode_unique_ancillaries	3k_main_ceo_category_ancillary_mount	0	3k_main_ancillary_mount_red_horse	character_equipment
893160	3k_main_ceo_initial_data_character_historical_guo_xian_ancillaries	3k_main_ceo_category_ancillary_mount	0	3k_main_ancillary_mount_grey_horse	character_equipment
893806855	3k_main_ceo_initial_data_character_historical_tong_yurui_ancillaries	3k_main_ceo_category_ancillary_weapon	0	3k_main_ancillary_weapon_single_edged_sword_common	character_equipment
893923	3k_main_ceo_initial_data_character_historical_xu_kun_ironic_ancillaries	3k_main_ceo_category_ancillary_mount	0	3k_main_ancillary_mount_brown_horse	character_equipment
894856413	3k_main_ceo_initial_data_character_historical_zhang_ying_ancillaries	3k_main_ceo_category_ancillary_armour	0	3k_main_ancilliary_armour_zhang_ying_armour_unique	character_equipment
89680521	3k_main_ceo_initial_data_character_historical_wang_fu_stra_unique_ancillaries	3k_main_ceo_category_ancillary_weapon	0	3k_main_ancillary_weapon_single_edged_sword_common	character_equipment
897036365	3k_main_ceo_initial_data_character_historical_deng_yuan_ancillaries	3k_main_ceo_category_ancillary_weapon	0	3k_main_ancillary_weapon_single_edged_sword_common	character_equipment
89764097	3k_main_ceo_initial_data_character_historical_dong_he_unique_ironic_ancillaries	3k_main_ceo_category_ancillary_armour	0	3k_main_ancilliary_armour_dong_he_unique_ironic_armour_unique	character_equipment
897846295	3k_dlc04_ceo_initial_data_character_historical_non_deployable_sun_zhang_ancillaries	3k_main_ceo_category_ancillary_mount	0	3k_main_ancillary_mount_brown_horse	character_equipment
89861253	3k_main_ceo_initial_data_character_historical_nangong_zixiao_unique_ancillaries	3k_main_ceo_category_ancillary_armour	0	3k_main_ancilliary_armour_nangong_zixiao_unique_armour_unique	character_equipment
89873442	3k_main_ceo_initial_data_character_historical_li_shi_unique_ancillaries	3k_main_ceo_category_ancillary_armour	0	3k_main_ancilliary_armour_li_shi_unique_armour_unique	character_equipment
900972376	3k_main_ceo_initial_data_character_historical_xun_you_ancillaries	3k_main_ceo_category_ancillary_armour	0	3k_dlc06_ancilliary_armour_xun_you_armour_unique	character_equipment
90197301	3k_main_ceo_initial_data_character_historical_shi_yi_unique_ancillaries	3k_main_ceo_category_ancillary_mount	0	3k_main_ancillary_mount_grey_horse	character_equipment
903096807	3k_main_ceo_initial_data_character_historical_zhang_yang_ancillaries	3k_main_ceo_category_ancillary_mount	0	3k_main_ancillary_mount_red_horse	character_equipment
903269	3k_main_ceo_initial_data_character_historical_yang_xiu_ancillaries	3k_main_ceo_category_ancillary_mount	0	3k_main_ancillary_mount_black_horse	character_equipment
904644030	3k_main_ceo_initial_data_character_historical_wen_pin_ancillaries	3k_main_ceo_category_ancillary_armour	0	3k_main_ancilliary_armour_wen_pin_armour_unique	character_equipment
904844317	3k_ytr_ceo_initial_data_character_historical_zhang_kai_ancillaries	3k_main_ceo_category_ancillary_mount	0	3k_main_ancillary_mount_brown_horse	character_equipment
905706913	3k_main_ceo_initial_data_character_historical_Budugen_ancillaries	3k_main_ceo_category_ancillary_weapon	0	3k_main_ancillary_weapon_double_edged_sword_common	character_equipment
905792324	3k_main_ceo_initial_data_character_historical_zhu_gui_ancillaries	3k_main_ceo_category_ancillary_weapon	0	3k_main_ancillary_weapon_double_edged_sword_common	character_equipment
905795971	3k_main_ceo_initial_data_character_historical_xiao_qiao_ancillaries	3k_main_ceo_category_ancillary_mount	0	3k_main_ancillary_mount_black_horse	character_equipment
905842298	3k_main_ceo_initial_data_character_historical_wen_pin_ancillaries	3k_main_ceo_category_ancillary_weapon	0	3k_main_ancillary_weapon_two_handed_spear_common	character_equipment
907086067	3k_main_ceo_initial_data_character_historical_xue_li_ancillaries	3k_main_ceo_category_ancillary_weapon	0	3k_main_ancillary_weapon_double_edged_sword_common	character_equipment
90798619	3k_main_ceo_initial_data_character_historical_cheng_bing_unique_ironic_ancillaries	3k_main_ceo_category_ancillary_armour	0	3k_main_ancilliary_armour_cheng_bing_unique_ironic_armour_unique	character_equipment
908186350	3k_main_ceo_initial_data_character_historical_li_tong_ancillaries	3k_main_ceo_category_ancillary_mount	0	3k_main_ancillary_mount_red_horse	character_equipment
908313950	3k_dlc06_initial_data_stage_character_ancillaries_historical_nanman_lady_zhurong	3k_main_ceo_category_ancillary_accessory	0	3k_dlc06_ancillary_accessory_flying_daggers	character_equipment
908500953	3k_main_ceo_initial_data_character_historical_shi_yi_w_ancillaries	3k_main_ceo_category_ancillary_mount	0	3k_main_ancillary_mount_black_horse	character_equipment
908885	3k_main_ceo_initial_data_character_historical_zu_ting_ancillaries	3k_main_ceo_category_ancillary_weapon	0	3k_main_ancillary_weapon_two_handed_spear_common	character_equipment
90907333	3k_main_ceo_initial_data_character_historical_zhang_min_unique_ancillaries	3k_main_ceo_category_ancillary_weapon	0	3k_main_ancillary_weapon_single_edged_sword_common	character_equipment
909468633	3k_main_ceo_initial_data_character_historical_li_tong_ancillaries	3k_main_ceo_category_ancillary_weapon	0	3k_main_ancillary_weapon_two_handed_spear_common	character_equipment
909612255	3k_main_ceo_initial_data_character_historical_hua_xiong_ancillaries	3k_main_ceo_category_ancillary_armour	0	3k_main_ancilliary_armour_hua_xiong_armour_unique	character_equipment
909798189	3k_main_ceo_initial_data_character_historical_wang_lang_ancillaries	3k_main_ceo_category_ancillary_weapon	0	3k_main_ancillary_weapon_double_edged_sword_common	character_equipment
911042439	3k_main_ceo_initial_data_character_historical_yang_hong_ancillaries	3k_main_ceo_category_ancillary_armour	0	3k_main_ancilliary_armour_yang_hong_armour_unique	character_equipment
91110312	3k_main_ceo_initial_data_character_historical_huangfu_song_ancillaries	3k_main_ceo_category_ancillary_weapon	0	3k_main_ancillary_weapon_double_edged_sword_common	character_equipment
912233120	3k_main_ceo_initial_data_character_historical_taishi_ci_ancillaries	3k_main_ceo_category_ancillary_armour	0	3k_main_ancillary_armour_taishi_cis_armour_unique	character_equipment
912779107	3k_mtu_ceo_initial_data_character_historical_gao_shun_ancillaries	3k_main_ceo_category_ancillary_armour	0	3k_mtu_ancillary_armour_gao_shuns_armour_unique	character_equipment
912989	3k_main_ceo_initial_data_character_historical_zhuge_dan_ironic_fire_ancillaries	3k_main_ceo_category_ancillary_armour	0	3k_main_ancilliary_armour_zhuge_dan_ironic_fire_armour_unique	character_equipment
91320552	3k_main_ceo_initial_data_character_historical_han_lian_ancillaries	3k_main_ceo_category_ancillary_armour	0	3k_main_ancilliary_armour_han_lian_armour_unique	character_equipment
915600773	3k_main_ceo_initial_data_character_generic_wood_ancillaries_01	3k_main_ceo_category_ancillary_armour	0	3k_main_ancillary_armour_medium_armour_wood_and_fire_common	character_equipment
915916515	3k_dlc06_initial_data_stage_character_ancillaries_generic_nanman_water	3k_main_ceo_category_ancillary_weapon	0	3k_dlc06_ancillary_weapon_axe_stone_common	character_equipment
916112584	ep_ceo_initial_data_stage_character_historical_sima_ju_ancillaries	3k_main_ceo_category_ancillary_armour	0	ep_ancillary_armour_light_armour_earth_unique	character_equipment
918163792	3k_dlc04_ceo_initial_data_character_historical_non_deployable_bi_lan_ancillaries	3k_main_ceo_category_ancillary_weapon	0	3k_main_ancillary_weapon_single_edged_sword_common	character_equipment
918600828	3k_main_ceo_initial_data_character_historical_cai_zan_ancillaries	3k_main_ceo_category_ancillary_mount	0	3k_main_ancillary_mount_white_horse	character_equipment
919294364	3k_main_ceo_initial_data_character_historical_yu_jin_ancillaries	3k_main_ceo_category_ancillary_armour	0	3k_dlc07_ancillary_armour_yu_jin_armour_unique	character_equipment
919401	3k_main_ceo_initial_data_character_historical_yang_xiu_ancillaries	3k_main_ceo_category_ancillary_armour	0	3k_main_ancilliary_armour_yang_xiu_armour_unique	character_equipment
91969657	3k_main_ceo_initial_data_character_historical_cao_anmin_unique_ancillaries	3k_main_ceo_category_ancillary_weapon	0	3k_main_ancillary_weapon_single_edged_sword_common	character_equipment
919705052	3k_main_ceo_initial_data_character_historical_Xiahou_Ba_ancillaries	3k_main_ceo_category_ancillary_mount	0	3k_main_ancillary_mount_red_horse	character_equipment
919773	3k_main_ceo_initial_data_character_historical_xiahou_shang_ancillaries	3k_main_ceo_category_ancillary_weapon	0	3k_main_ancillary_weapon_two_handed_spear_common	character_equipment
919979334	3k_main_ceo_initial_data_character_historical_yang_feng_ancillaries	3k_main_ceo_category_ancillary_armour	0	3k_main_ancilliary_armour_yang_feng_armour_unique	character_equipment
920334370	3k_main_ceo_initial_data_character_historical_sima_ju_ytr_ancillaries	3k_main_ceo_category_ancillary_armour	0	3k_main_ancilliary_armour_sima_ju_ytr_armour_unique	character_equipment
920577442	3k_dlc04_ceo_initial_data_character_historical_lu_zhi_ancillaries	3k_main_ceo_category_ancillary_mount	0	3k_main_ancillary_mount_black_horse	character_equipment
92065	3k_main_ceo_initial_data_character_historical_jiang_qin_ancillaries	3k_main_ceo_category_ancillary_mount	0	3k_main_ancillary_mount_red_horse	character_equipment
921206004	3k_main_ceo_initial_data_character_historical_wang_yu_ancillaries	3k_main_ceo_category_ancillary_armour	0	3k_main_ancilliary_armour_wang_yu_armour_unique	character_equipment
921385981	3k_main_ceo_initial_data_character_historical_chen_su_ancillaries	3k_main_ceo_category_ancillary_weapon	0	3k_main_ancillary_weapon_single_edged_sword_common	character_equipment
921704542	3k_main_ceo_initial_data_character_historical_bi_jieyan_ancillaries	3k_main_ceo_category_ancillary_armour	0	3k_ironic_ancilliary_armour_bi_jieyan_armour_unique	character_equipment
926203365	3k_main_ceo_initial_data_character_historical_zhang_lu_ancillaries	3k_main_ceo_category_ancillary_mount	0	3k_main_ancillary_mount_brown_horse	character_equipment
926505596	3k_main_ceo_initial_data_character_historical_Sima_Zhao_ancillaries	3k_main_ceo_category_ancillary_armour	0	3k_main_ancilliary_armour_Sima_Zhao_armour_unique	character_equipment
928336423	3k_main_ceo_initial_data_character_historical_zhou_yu_ancillaries	3k_main_ceo_category_ancillary_weapon	0	3k_main_ancillary_weapon_ceremonial_sword_refined	character_equipment
930219164	3k_main_ceo_initial_data_character_historical_Jia_Chong_ancillaries	3k_main_ceo_category_ancillary_mount	0	3k_main_ancillary_mount_black_horse	character_equipment
93226146	3k_main_ceo_initial_data_character_historical_liu_du_unique_ironic_ancillaries	3k_main_ceo_category_ancillary_armour	0	3k_main_ancilliary_armour_liu_du_unique_ironic_armour_unique	character_equipment
932521	3k_main_ceo_initial_data_character_historical_li_shu_ancillaries	3k_main_ceo_category_ancillary_mount	0	3k_main_ancillary_mount_black_horse	character_equipment
93421858	3k_main_ceo_initial_data_character_historical_deng_xian_unique_ironic_ancillaries	3k_main_ceo_category_ancillary_armour	0	3k_main_ancilliary_armour_deng_xian_unique_ironic_armour_unique	character_equipment
934939883	3k_main_ceo_initial_data_character_historical_li_kan_ancillaries	3k_main_ceo_category_ancillary_armour	0	3k_main_ancilliary_armour_li_kan_armour_unique	character_equipment
93572913	3k_ytr_ceo_initial_data_character_historical_gong_du_ancillaries	3k_main_ceo_category_ancillary_mount	0	3k_main_ancillary_mount_brown_horse	character_equipment
935855400	3k_main_ceo_initial_data_character_historical_wang_fangyue_ancillaries	3k_main_ceo_category_ancillary_weapon	0	3k_main_ancillary_weapon_single_edged_sword_common	character_equipment
93598298	3k_main_ceo_initial_data_character_historical_ganwiego_ancillaries	3k_main_ceo_category_ancillary_armour	0	3k_main_ancilliary_armour_ganwiego_armour_unique	character_equipment
936285	3k_main_ceo_initial_data_character_historical_sun_lang_ancillaries	3k_main_ceo_category_ancillary_armour	0	3k_main_ancilliary_armour_sun_lang_armour_unique	character_equipment
936346448	3k_main_ceo_initial_data_character_historical_xin_ping_ancillaries	3k_main_ceo_category_ancillary_weapon	0	3k_main_ancillary_weapon_hook_sickle_sabre_common	character_equipment
93682949	3k_main_ceo_initial_data_character_historical_ma_liang_unique_ironic_ancillaries	3k_main_ceo_category_ancillary_mount	0	3k_main_ancillary_mount_black_horse	character_equipment
937703	3k_main_ceo_initial_data_character_historical_xie_mi_ironic_ancillaries	3k_main_ceo_category_ancillary_weapon	0	3k_main_ancillary_weapon_single_edged_sword_common	character_equipment
93791697	3k_main_ceo_initial_data_character_historical_ni_xiaode_unique_ancillaries	3k_main_ceo_category_ancillary_armour	0	3k_main_ancilliary_armour_ni_xiaode_unique_armour_unique	character_equipment
93818729	3k_main_ceo_initial_data_character_historical_jiang_wan_unique_ancillaries	3k_main_ceo_category_ancillary_mount	0	3k_main_ancillary_mount_white_horse	character_equipment
938190787	3k_main_ceo_initial_data_character_historical_wang_lang_ancillaries	3k_main_ceo_category_ancillary_mount	0	3k_main_ancillary_mount_white_horse	character_equipment
938232496	3k_main_ceo_initial_data_character_historical_niu_fu_ancillaries	3k_main_ceo_category_ancillary_mount	0	3k_main_ancillary_mount_red_horse	character_equipment
93910015	3k_main_ceo_initial_data_character_historical_yong_kai_unique_ancillaries	3k_main_ceo_category_ancillary_weapon	0	3k_main_ancillary_weapon_two_handed_spear_common	character_equipment
939372639	3k_main_ceo_initial_data_character_historical_liu_yan_ancillaries	3k_main_ceo_category_ancillary_armour	0	3k_dlc07_ancillary_armour_liu_yan_armour_unique	character_equipment
939484660	3k_main_ceo_initial_data_character_historical_wang_hong_ancillaries	3k_main_ceo_category_ancillary_armour	0	3k_main_ancilliary_armour_wang_hong_armour_unique	character_equipment
939765781	3k_main_ceo_initial_data_character_historical_fan_liyan_ancillaries	3k_main_ceo_category_ancillary_weapon	0	3k_main_ancillary_weapon_double_edged_sword_common	character_equipment
940059	3k_main_ceo_initial_data_character_historical_jiang_gong_ancillaries	3k_main_ceo_category_ancillary_armour	0	3k_main_ancilliary_armour_jiang_gong_armour_unique	character_equipment
94011866	3k_main_ceo_initial_data_character_historical_kuai_liang_ancillaries	3k_main_ceo_category_ancillary_weapon	0	3k_main_ancillary_weapon_single_edged_sword_common	character_equipment
941865	3k_main_ceo_initial_data_character_historical_ouhou_cai_ancillaries	3k_main_ceo_category_ancillary_mount	0	3k_main_ancillary_mount_grey_horse	character_equipment
94189509	3k_main_ceo_initial_data_character_historical_yong_kai_unique_ancillaries	3k_main_ceo_category_ancillary_mount	0	3k_main_ancillary_mount_brown_horse	character_equipment
94288812	3k_main_ceo_initial_data_character_historical_yuan_shang_ancillaries	3k_main_ceo_category_ancillary_weapon	0	3k_main_ancillary_weapon_double_edged_sword_common	character_equipment
943036058	ep_ceo_initial_data_stage_character_historical_cao_huan_ancillaries	3k_main_ceo_category_ancillary_mount	0	3k_main_ancillary_mount_white_horse	character_equipment
94387028	3k_main_ceo_initial_data_character_historical_wang_xian_unique_ancillaries	3k_main_ceo_category_ancillary_mount	0	3k_main_ancillary_mount_black_horse	character_equipment
94417967	3k_main_ceo_initial_data_character_historical_ma_liang_unique_ironic_ancillaries	3k_main_ceo_category_ancillary_armour	0	3k_main_ancilliary_armour_ma_liang_unique_ironic_armour_unique	character_equipment
945229212	3k_mtu_ceo_initial_data_character_historical_lady_wu_minyu_ancillaries	3k_main_ceo_category_ancillary_weapon	0	3k_main_ancillary_weapon_double_edged_sword_common	character_equipment
945448	3k_main_ceo_initial_data_character_historical_pan_shun_ancillaries	3k_main_ceo_category_ancillary_armour	0	3k_main_ancilliary_armour_pan_shun_armour_unique	character_equipment
94549675	3k_main_ceo_initial_data_character_historical_cao_de_ancillaries	3k_main_ceo_category_ancillary_weapon	0	3k_main_ancillary_weapon_single_edged_sword_common	character_equipment
947710	3k_main_ceo_initial_data_character_historical_pan_juan_ancillaries	3k_main_ceo_category_ancillary_armour	0	3k_main_ancilliary_armour_pan_juan_armour_unique	character_equipment
94772	3k_main_ceo_initial_data_character_historical_zhu_huan_ironic_ancillaries	3k_main_ceo_category_ancillary_mount	0	3k_main_ancillary_mount_white_horse	character_equipment
95064033	3k_dlc05_ceo_initial_data_character_historical_li_jue_ancillaries	3k_main_ceo_category_ancillary_weapon	0	3k_main_ancillary_weapon_two_handed_spear_common	character_equipment
954721	3k_main_ceo_initial_data_character_historical_bian_rang_ironic_ancillaries	3k_main_ceo_category_ancillary_mount	0	3k_main_ancillary_mount_black_horse	character_equipment
95508343	3k_main_ceo_initial_data_character_historical_wen_chou_ancillaries	3k_main_ceo_category_ancillary_mount	0	3k_main_ancillary_mount_brown_horse	character_equipment
956121	3k_main_ceo_initial_data_character_historical_zheng_mao_ancillaries	3k_main_ceo_category_ancillary_armour	0	3k_main_ancilliary_armour_zheng_mao_armour_unique	character_equipment
9563765	3k_main_ceo_initial_data_character_historical_shi_hui_unique_ancillaries	3k_main_ceo_category_ancillary_armour	0	3k_main_ancilliary_armour_shi_hui_unique_armour_unique	character_equipment
957461051	3k_main_ceo_initial_data_character_historical_guo_jia_ancillaries	3k_main_ceo_category_ancillary_mount	0	3k_main_ancillary_mount_black_horse	character_equipment
958275	3k_main_ceo_initial_data_character_historical_huanglong_luo_ironic_ancillaries	3k_main_ceo_category_ancillary_mount	0	3k_main_ancillary_mount_red_horse	character_equipment
958365	3k_main_ceo_initial_data_character_historical_mao_jie_ancillaries	3k_main_ceo_category_ancillary_mount	0	3k_main_ancillary_mount_black_horse	character_equipment
958530531	3k_main_ceo_initial_data_character_historical_lu_jun_ancillaries	3k_main_ceo_category_ancillary_mount	0	3k_main_ancillary_mount_white_horse	character_equipment
959113	3k_main_ceo_initial_data_character_historical_you_tu_ancillaries	3k_main_ceo_category_ancillary_mount	0	3k_main_ancillary_mount_brown_horse	character_equipment
959496425	3k_main_ceo_initial_data_character_historical_zuozi_zhangba_ancillaries	3k_main_ceo_category_ancillary_weapon	0	3k_main_ancillary_weapon_two_handed_spear_common	character_equipment
961507360	3k_main_ceo_initial_data_character_historical_bao_xun_ancillaries	3k_main_ceo_category_ancillary_mount	0	3k_main_ancillary_mount_black_horse	character_equipment
961600	3k_main_ceo_initial_data_character_historical_li_shu_ancillaries	3k_main_ceo_category_ancillary_armour	0	3k_main_ancilliary_armour_li_shu_armour_unique	character_equipment
963057292	3k_main_ceo_initial_data_character_historical_cai_yan_m_ancillaries	3k_main_ceo_category_ancillary_mount	0	3k_main_ancillary_mount_black_horse	character_equipment
964564698	3k_main_ceo_initial_data_character_historical_gongsun_yue_ancillaries	3k_main_ceo_category_ancillary_mount	0	3k_main_ancillary_mount_red_horse	character_equipment
96463649	3k_main_ceo_initial_data_character_historical_zhu_fu_unique_ancillaries	3k_main_ceo_category_ancillary_mount	0	3k_main_ancillary_mount_black_horse	character_equipment
96467783	3k_main_ceo_initial_data_character_historical_fei_yi_title_ancillaries	3k_main_ceo_category_ancillary_weapon	0	3k_main_ancillary_weapon_single_edged_sword_common	character_equipment
964894172	3k_main_ceo_initial_data_character_historical_li_xiu_ancillaries	3k_main_ceo_category_ancillary_mount	0	3k_main_ancillary_mount_black_horse	character_equipment
965419028	3k_main_ceo_initial_data_character_historical_huchuquan_ancillaries	3k_main_ceo_category_ancillary_accessory	0	3k_main_ancillary_weapon_tribal_recurve_bow_exceptional	character_equipment
965633999	3k_main_ceo_initial_data_character_historical_lu_ji_ancillaries	3k_main_ceo_category_ancillary_armour	0	3k_main_ancilliary_armour_lu_ji_armour_unique	character_equipment
965916703	3k_mtu_ceo_initial_data_character_historical_lady_diao_chan_ancillaries	3k_main_ceo_category_ancillary_armour	0	3k_mtu_ancillary_armour_lady_diao_chans_armour_unique	character_equipment
966741	3k_main_ceo_initial_data_character_historical_tong_yin_ancillaries	3k_main_ceo_category_ancillary_armour	0	3k_main_ancilliary_armour_tong_yin_armour_unique	character_equipment
966883161	3k_main_ceo_initial_data_character_historical_cui_lie_ancillaries	3k_main_ceo_category_ancillary_weapon	0	3k_main_ancillary_weapon_two_handed_spear_common	character_equipment
967879895	3k_main_ceo_initial_data_character_historical_li_su_ancillaries	3k_main_ceo_category_ancillary_weapon	0	3k_main_ancillary_weapon_two_handed_spear_common	character_equipment
96821114	3k_main_ceo_initial_data_character_historical_liu_mao_ancillaries	3k_main_ceo_category_ancillary_armour	0	3k_ironic_ancilliary_armour_liu_mao_armour_unique	character_equipment
968349676	3k_main_ceo_initial_data_character_historical_Wang_Yuanji_ancillaries	3k_main_ceo_category_ancillary_armour	0	3k_main_ancilliary_armour_Wang_Yuanji_armour_unique	character_equipment
969783	3k_main_ceo_initial_data_character_historical_kan_ze_ironic_ancillaries	3k_main_ceo_category_ancillary_weapon	0	3k_main_ancillary_weapon_single_edged_sword_common	character_equipment
971048808	3k_main_ceo_initial_data_character_historical_lu_bu_ancillaries	3k_main_ceo_category_ancillary_weapon	0	3k_main_ancillary_weapon_trident_halberd_faction	character_equipment
97113374	3k_main_ceo_initial_data_character_historical_jin_xuan_unique_ancillaries	3k_main_ceo_category_ancillary_armour	0	3k_main_ancilliary_armour_jin_xuan_unique_armour_unique	character_equipment
971625354	3k_main_ceo_initial_data_character_historical_cao_song_ancillaries	3k_main_ceo_category_ancillary_mount	0	3k_main_ancillary_mount_white_horse	character_equipment
972693	3k_main_ceo_initial_data_character_historical_zhu_min_ironic_ancillaries	3k_main_ceo_category_ancillary_mount	0	3k_main_ancillary_mount_white_horse	character_equipment
973364555	3k_main_ceo_initial_data_character_historical_liu_xun_ancillaries	3k_main_ceo_category_ancillary_mount	0	3k_main_ancillary_mount_red_horse	character_equipment
974578843	3k_main_ceo_initial_data_character_historical_wei_huang_ancillaries	3k_main_ceo_category_ancillary_mount	0	3k_main_ancillary_mount_brown_horse	character_equipment
974652	3k_main_ceo_initial_data_character_historical_pan_zhang_ironic_ancillaries	3k_main_ceo_category_ancillary_armour	0	3k_main_ancilliary_armour_pan_zhang_ironic_armour_unique	character_equipment
974815958	ep_ceo_initial_data_character_generic_fire_ancillaries_01	3k_main_ceo_category_ancillary_weapon	0	3k_main_ancillary_weapon_two_handed_spear_common	character_equipment
975079430	3k_main_ceo_initial_data_character_historical_gongsun_gong_ancillaries	3k_main_ceo_category_ancillary_armour	0	3k_main_ancilliary_armour_gongsun_gong_armour_unique	character_equipment
976708707	3k_main_ceo_initial_data_character_historical_Pan_Feng_ancillaries	3k_main_ceo_category_ancillary_armour	0	3k_main_ancilliary_armour_Pan_Feng_armour_unique	character_equipment
977694	3k_main_ceo_initial_data_character_historical_xiahou_shang_ancillaries	3k_main_ceo_category_ancillary_armour	0	3k_main_ancilliary_armour_xiahou_shang_armour_unique	character_equipment
978245	3k_main_ceo_initial_data_character_historical_chang_xi_ironic_ancillaries	3k_main_ceo_category_ancillary_mount	0	3k_main_ancillary_mount_red_horse	character_equipment
97847927	3k_main_ceo_initial_data_character_historical_xing_daorong_unique_ironic_ancillaries	3k_main_ceo_category_ancillary_armour	0	3k_main_ancilliary_armour_xing_daorong_unique_ironic_armour_unique	character_equipment
97886183	3k_main_ceo_initial_data_character_historical_cao_anmin_unique_ancillaries	3k_main_ceo_category_ancillary_mount	0	3k_main_ancillary_mount_black_horse	character_equipment
980289988	3k_ytr_ceo_initial_data_character_historical_zhang_kai_ancillaries	3k_main_ceo_category_ancillary_weapon	0	3k_main_ancillary_weapon_halberd_refined	character_equipment
980552107	3k_main_ceo_initial_data_character_historical_tao_ying_ancillaries	3k_main_ceo_category_ancillary_weapon	0	3k_main_ancillary_weapon_two_handed_spear_common	character_equipment
980950344	3k_main_ceo_initial_data_character_historical_ze_bu_ancillaries	3k_main_ceo_category_ancillary_weapon	0	3k_main_ancillary_weapon_two_handed_spear_common	character_equipment
9811939	3k_main_ceo_initial_data_character_historical_liu_xun_ancillaries	3k_main_ceo_category_ancillary_mount	0	3k_main_ancillary_mount_grey_horse	character_equipment
981357110	3k_main_ceo_initial_data_character_historical_zhang_wei_ancillaries	3k_main_ceo_category_ancillary_mount	0	3k_main_ancillary_mount_white_horse	character_equipment
982140483	3k_main_ceo_initial_data_character_historical_cang_qinting_ancillaries	3k_main_ceo_category_ancillary_armour	0	3k_main_ancilliary_armour_cang_qinting_armour_unique	character_equipment
982930864	3k_main_ceo_initial_data_character_historical_cao_shuang_ancillaries	3k_main_ceo_category_ancillary_mount	0	3k_main_ancillary_mount_brown_horse	character_equipment
98359660	3k_main_ceo_initial_data_character_historical_lu_meng_unique_ironic_ancillaries	3k_main_ceo_category_ancillary_mount	0	3k_main_ancillary_mount_grey_horse	character_equipment
98465739	3k_main_ceo_initial_data_character_historical_zhang_xiu_ancillaries	3k_main_ceo_category_ancillary_mount	0	3k_main_ancillary_mount_red_horse	character_equipment
984801352	3k_main_ceo_initial_data_character_historical_zhang_heng_ancillaries	3k_main_ceo_category_ancillary_weapon	0	3k_main_ancillary_weapon_sword_and_shield_refined	character_equipment
98563897	3k_main_ceo_initial_data_character_historical_fei_yi_title_ancillaries	3k_main_ceo_category_ancillary_mount	0	3k_main_ancillary_mount_white_horse	character_equipment
987448847	3k_main_ceo_initial_data_character_historical_liu_qi_ancillaries	3k_main_ceo_category_ancillary_weapon	0	3k_main_ancillary_weapon_two_handed_spear_common	character_equipment
988002	3k_main_ceo_initial_data_character_historical_sun_lang_ancillaries	3k_main_ceo_category_ancillary_weapon	0	3k_main_ancillary_weapon_two_handed_spear_common	character_equipment
988229580	3k_mtu_ceo_initial_data_character_historical_lady_guan_yinping_anicillaries	3k_main_ceo_category_ancillary_armour	0	3k_mtu_ancillary_armour_lady_guan_yinpings_armour_unique	character_equipment
989114117	3k_main_ceo_initial_data_character_historical_zhang_xian_ancillaries	3k_main_ceo_category_ancillary_mount	0	3k_main_ancillary_mount_grey_horse	character_equipment
990209	3k_main_ceo_initial_data_character_historical_Sima_Zhao_ancillaries	3k_main_ceo_category_ancillary_weapon	0	3k_main_ancillary_weapon_single_edged_sword_common	character_equipment
991926385	3k_main_ceo_initial_data_character_historical_zong_cheng_ancillaries	3k_main_ceo_category_ancillary_armour	0	3k_main_ancilliary_armour_zong_cheng_armour_unique	character_equipment
992198	3k_main_ceo_initial_data_character_historical_wang_su_ironic_ancillaries	3k_main_ceo_category_ancillary_mount	0	3k_main_ancillary_mount_black_horse	character_equipment
99227989	3k_main_ceo_initial_data_character_historical_zou_lin_unique_ancillaries	3k_main_ceo_category_ancillary_weapon	0	3k_main_ancillary_weapon_single_edged_sword_common	character_equipment
992428478	3k_main_ceo_initial_data_character_historical_cao_ang_ancillaries	3k_main_ceo_category_ancillary_weapon	0	3k_main_ancillary_weapon_two_handed_spear_common	character_equipment
992483146	3k_main_ceo_initial_data_character_historical_gujin_ancillaries	3k_main_ceo_category_ancillary_mount	0	3k_main_ancillary_mount_wuhuan_horse	character_equipment
992683863	3k_main_ceo_initial_data_character_historical_cao_song_ancillaries	3k_main_ceo_category_ancillary_armour	0	3k_main_ancilliary_armour_cao_song_armour_unique	character_equipment
99275375	3k_main_ceo_initial_data_character_historical_deng_zhi_unique_ironic_ancillaries	3k_main_ceo_category_ancillary_weapon	0	3k_main_ancillary_weapon_two_handed_spear_common	character_equipment
992843175	3k_main_ceo_initial_data_character_historical_lady_yang_di_ancillaries	3k_main_ceo_category_ancillary_weapon	0	3k_main_ancillary_weapon_two_handed_spear_common	character_equipment
995136424	3k_main_ceo_initial_data_character_historical_Liu_Shan_ancillaries	3k_main_ceo_category_ancillary_weapon	0	3k_main_ancillary_weapon_single_edged_sword_common	character_equipment
995375774	3k_main_ceo_initial_data_character_historical_tuoba_liwei_ancillaries	3k_main_ceo_category_ancillary_armour	0	3k_main_ancilliary_armour_tuoba_liwei_armour_unique	character_equipment
995705154	3k_mtu_ceo_initial_data_character_historical_lady_trieu_ancillaries	3k_main_ceo_category_ancillary_armour	0	3k_mtu_ancillary_armour_lady_trieus_armour_unique	character_equipment
995820743	3k_main_ceo_initial_data_character_historical_kong_zhou_ancillaries	3k_main_ceo_category_ancillary_weapon	0	3k_main_ancillary_weapon_single_edged_sword_common	character_equipment
99603	3k_main_ceo_initial_data_character_historical_sun_yi_ancillaries	3k_main_ceo_category_ancillary_weapon	0	3k_main_ancillary_weapon_two_handed_spear_common	character_equipment
997239	3k_main_ceo_initial_data_character_historical_mao_jie_ancillaries	3k_main_ceo_category_ancillary_armour	0	3k_main_ancilliary_armour_mao_jie_armour_unique	character_equipment
998184827	3k_main_ceo_initial_data_character_historical_wang_fangyue_ancillaries	3k_main_ceo_category_ancillary_armour	0	3k_main_ancilliary_armour_wang_fangyue_armour_unique	character_equipment
998212627	3k_main_ceo_initial_data_character_historical_zhu_hao_ancillaries	3k_main_ceo_category_ancillary_mount	0	3k_main_ancillary_mount_red_horse	character_equipment
99866680	3k_main_ceo_initial_data_character_historical_liu_gui_unique_ancillaries	3k_main_ceo_category_ancillary_weapon	0	3k_main_ancillary_weapon_two_handed_spear_common	character_equipment
998851856	3k_main_ceo_initial_data_character_historical_huchuquan_ancillaries	3k_main_ceo_category_ancillary_mount	0	3k_main_ancillary_mount_xiongnu_horse	character_equipment
999288858	3k_main_ceo_initial_data_character_historical_zhang_yanyan_ancillaries	3k_main_ceo_category_ancillary_armour	0	3k_main_ancilliary_armour_zhang_yanyan_armour_unique	character_equipment
99955179	3k_ytr_ceo_initial_data_character_historical_he_yi_ancillaries	3k_main_ceo_category_ancillary_armour	0	3k_ytr_ancillary_armour_he_yis_armour_unique	character_equipment
